[2025-10-29T15:15:57.961+0000] {processor.py:161} INFO - Started process (PID=188) to work on /opt/airflow/dags/data_ingestion.py
[2025-10-29T15:15:57.963+0000] {processor.py:830} INFO - Processing file /opt/airflow/dags/data_ingestion.py for tasks to queue
[2025-10-29T15:15:57.967+0000] {logging_mixin.py:188} INFO - [2025-10-29T15:15:57.967+0000] {dagbag.py:545} INFO - Filling up the DagBag from /opt/airflow/dags/data_ingestion.py
[2025-10-29T15:16:00.475+0000] {processor.py:840} INFO - DAG(s) 'police_data_ingestion' retrieved from /opt/airflow/dags/data_ingestion.py
[2025-10-29T15:16:00.921+0000] {logging_mixin.py:188} INFO - [2025-10-29T15:16:00.920+0000] {override.py:1829} INFO - Created Permission View: can read on DAG:police_data_ingestion
[2025-10-29T15:16:01.258+0000] {logging_mixin.py:188} INFO - [2025-10-29T15:16:01.257+0000] {override.py:1829} INFO - Created Permission View: can edit on DAG:police_data_ingestion
[2025-10-29T15:16:01.273+0000] {logging_mixin.py:188} INFO - [2025-10-29T15:16:01.272+0000] {override.py:1829} INFO - Created Permission View: can delete on DAG:police_data_ingestion
[2025-10-29T15:16:01.274+0000] {logging_mixin.py:188} INFO - [2025-10-29T15:16:01.274+0000] {dag.py:3096} INFO - Sync 1 DAGs
[2025-10-29T15:16:01.296+0000] {logging_mixin.py:188} INFO - [2025-10-29T15:16:01.295+0000] {dag.py:3118} INFO - Creating ORM DAG for police_data_ingestion
[2025-10-29T15:16:01.314+0000] {logging_mixin.py:188} INFO - [2025-10-29T15:16:01.314+0000] {dag.py:3954} INFO - Setting next_dagrun for police_data_ingestion to 2025-11-01 00:00:00+00:00, run_after=2025-12-01 00:00:00+00:00
[2025-10-29T15:16:01.352+0000] {processor.py:183} INFO - Processing /opt/airflow/dags/data_ingestion.py took 3.405 seconds
[2025-10-29T15:16:31.739+0000] {processor.py:161} INFO - Started process (PID=200) to work on /opt/airflow/dags/data_ingestion.py
[2025-10-29T15:16:31.741+0000] {processor.py:830} INFO - Processing file /opt/airflow/dags/data_ingestion.py for tasks to queue
[2025-10-29T15:16:31.744+0000] {logging_mixin.py:188} INFO - [2025-10-29T15:16:31.744+0000] {dagbag.py:545} INFO - Filling up the DagBag from /opt/airflow/dags/data_ingestion.py
[2025-10-29T15:16:32.183+0000] {processor.py:840} INFO - DAG(s) 'police_data_ingestion' retrieved from /opt/airflow/dags/data_ingestion.py
[2025-10-29T15:16:32.227+0000] {logging_mixin.py:188} INFO - [2025-10-29T15:16:32.227+0000] {dag.py:3096} INFO - Sync 1 DAGs
[2025-10-29T15:16:32.256+0000] {logging_mixin.py:188} INFO - [2025-10-29T15:16:32.256+0000] {dag.py:3954} INFO - Setting next_dagrun for police_data_ingestion to 2025-11-01 00:00:00+00:00, run_after=2025-12-01 00:00:00+00:00
[2025-10-29T15:16:32.281+0000] {processor.py:183} INFO - Processing /opt/airflow/dags/data_ingestion.py took 0.550 seconds
[2025-10-29T15:17:02.854+0000] {processor.py:161} INFO - Started process (PID=212) to work on /opt/airflow/dags/data_ingestion.py
[2025-10-29T15:17:02.855+0000] {processor.py:830} INFO - Processing file /opt/airflow/dags/data_ingestion.py for tasks to queue
[2025-10-29T15:17:02.858+0000] {logging_mixin.py:188} INFO - [2025-10-29T15:17:02.857+0000] {dagbag.py:545} INFO - Filling up the DagBag from /opt/airflow/dags/data_ingestion.py
[2025-10-29T15:17:03.283+0000] {processor.py:840} INFO - DAG(s) 'police_data_ingestion' retrieved from /opt/airflow/dags/data_ingestion.py
[2025-10-29T15:17:03.325+0000] {logging_mixin.py:188} INFO - [2025-10-29T15:17:03.325+0000] {dag.py:3096} INFO - Sync 1 DAGs
[2025-10-29T15:17:03.353+0000] {logging_mixin.py:188} INFO - [2025-10-29T15:17:03.353+0000] {dag.py:3954} INFO - Setting next_dagrun for police_data_ingestion to 2025-11-01 00:00:00+00:00, run_after=2025-12-01 00:00:00+00:00
[2025-10-29T15:17:03.377+0000] {processor.py:183} INFO - Processing /opt/airflow/dags/data_ingestion.py took 0.531 seconds
[2025-10-29T15:17:33.847+0000] {processor.py:161} INFO - Started process (PID=224) to work on /opt/airflow/dags/data_ingestion.py
[2025-10-29T15:17:33.849+0000] {processor.py:830} INFO - Processing file /opt/airflow/dags/data_ingestion.py for tasks to queue
[2025-10-29T15:17:33.851+0000] {logging_mixin.py:188} INFO - [2025-10-29T15:17:33.851+0000] {dagbag.py:545} INFO - Filling up the DagBag from /opt/airflow/dags/data_ingestion.py
[2025-10-29T15:17:34.274+0000] {processor.py:840} INFO - DAG(s) 'police_data_ingestion' retrieved from /opt/airflow/dags/data_ingestion.py
[2025-10-29T15:17:34.317+0000] {logging_mixin.py:188} INFO - [2025-10-29T15:17:34.317+0000] {dag.py:3096} INFO - Sync 1 DAGs
[2025-10-29T15:17:34.347+0000] {logging_mixin.py:188} INFO - [2025-10-29T15:17:34.346+0000] {dag.py:3954} INFO - Setting next_dagrun for police_data_ingestion to 2025-11-01 00:00:00+00:00, run_after=2025-12-01 00:00:00+00:00
[2025-10-29T15:17:34.370+0000] {processor.py:183} INFO - Processing /opt/airflow/dags/data_ingestion.py took 0.530 seconds
[2025-10-29T15:18:04.902+0000] {processor.py:161} INFO - Started process (PID=236) to work on /opt/airflow/dags/data_ingestion.py
[2025-10-29T15:18:04.903+0000] {processor.py:830} INFO - Processing file /opt/airflow/dags/data_ingestion.py for tasks to queue
[2025-10-29T15:18:04.907+0000] {logging_mixin.py:188} INFO - [2025-10-29T15:18:04.906+0000] {dagbag.py:545} INFO - Filling up the DagBag from /opt/airflow/dags/data_ingestion.py
[2025-10-29T15:18:05.321+0000] {processor.py:840} INFO - DAG(s) 'police_data_ingestion' retrieved from /opt/airflow/dags/data_ingestion.py
[2025-10-29T15:18:05.363+0000] {logging_mixin.py:188} INFO - [2025-10-29T15:18:05.363+0000] {dag.py:3096} INFO - Sync 1 DAGs
[2025-10-29T15:18:05.596+0000] {logging_mixin.py:188} INFO - [2025-10-29T15:18:05.596+0000] {dag.py:3954} INFO - Setting next_dagrun for police_data_ingestion to 2025-11-01 00:00:00+00:00, run_after=2025-12-01 00:00:00+00:00
[2025-10-29T15:18:05.629+0000] {processor.py:183} INFO - Processing /opt/airflow/dags/data_ingestion.py took 0.736 seconds
[2025-10-29T15:18:36.163+0000] {processor.py:161} INFO - Started process (PID=248) to work on /opt/airflow/dags/data_ingestion.py
[2025-10-29T15:18:36.164+0000] {processor.py:830} INFO - Processing file /opt/airflow/dags/data_ingestion.py for tasks to queue
[2025-10-29T15:18:36.166+0000] {logging_mixin.py:188} INFO - [2025-10-29T15:18:36.166+0000] {dagbag.py:545} INFO - Filling up the DagBag from /opt/airflow/dags/data_ingestion.py
[2025-10-29T15:18:36.618+0000] {processor.py:840} INFO - DAG(s) 'police_data_ingestion' retrieved from /opt/airflow/dags/data_ingestion.py
[2025-10-29T15:18:36.671+0000] {logging_mixin.py:188} INFO - [2025-10-29T15:18:36.670+0000] {dag.py:3096} INFO - Sync 1 DAGs
[2025-10-29T15:18:36.907+0000] {logging_mixin.py:188} INFO - [2025-10-29T15:18:36.906+0000] {dag.py:3954} INFO - Setting next_dagrun for police_data_ingestion to 2025-11-01 00:00:00+00:00, run_after=2025-12-01 00:00:00+00:00
[2025-10-29T15:18:36.936+0000] {processor.py:183} INFO - Processing /opt/airflow/dags/data_ingestion.py took 0.781 seconds
[2025-10-29T15:19:07.444+0000] {processor.py:161} INFO - Started process (PID=260) to work on /opt/airflow/dags/data_ingestion.py
[2025-10-29T15:19:07.446+0000] {processor.py:830} INFO - Processing file /opt/airflow/dags/data_ingestion.py for tasks to queue
[2025-10-29T15:19:07.449+0000] {logging_mixin.py:188} INFO - [2025-10-29T15:19:07.448+0000] {dagbag.py:545} INFO - Filling up the DagBag from /opt/airflow/dags/data_ingestion.py
[2025-10-29T15:19:07.856+0000] {processor.py:840} INFO - DAG(s) 'police_data_ingestion' retrieved from /opt/airflow/dags/data_ingestion.py
[2025-10-29T15:19:07.901+0000] {logging_mixin.py:188} INFO - [2025-10-29T15:19:07.901+0000] {dag.py:3096} INFO - Sync 1 DAGs
[2025-10-29T15:19:07.930+0000] {logging_mixin.py:188} INFO - [2025-10-29T15:19:07.930+0000] {dag.py:3954} INFO - Setting next_dagrun for police_data_ingestion to 2025-11-01 00:00:00+00:00, run_after=2025-12-01 00:00:00+00:00
[2025-10-29T15:19:07.956+0000] {processor.py:183} INFO - Processing /opt/airflow/dags/data_ingestion.py took 0.519 seconds
[2025-10-29T15:19:38.378+0000] {processor.py:161} INFO - Started process (PID=272) to work on /opt/airflow/dags/data_ingestion.py
[2025-10-29T15:19:38.380+0000] {processor.py:830} INFO - Processing file /opt/airflow/dags/data_ingestion.py for tasks to queue
[2025-10-29T15:19:38.383+0000] {logging_mixin.py:188} INFO - [2025-10-29T15:19:38.382+0000] {dagbag.py:545} INFO - Filling up the DagBag from /opt/airflow/dags/data_ingestion.py
[2025-10-29T15:19:38.857+0000] {processor.py:840} INFO - DAG(s) 'police_data_ingestion' retrieved from /opt/airflow/dags/data_ingestion.py
[2025-10-29T15:19:38.912+0000] {logging_mixin.py:188} INFO - [2025-10-29T15:19:38.911+0000] {dag.py:3096} INFO - Sync 1 DAGs
[2025-10-29T15:19:38.959+0000] {logging_mixin.py:188} INFO - [2025-10-29T15:19:38.959+0000] {dag.py:3954} INFO - Setting next_dagrun for police_data_ingestion to 2025-11-01 00:00:00+00:00, run_after=2025-12-01 00:00:00+00:00
[2025-10-29T15:19:38.996+0000] {processor.py:183} INFO - Processing /opt/airflow/dags/data_ingestion.py took 0.626 seconds
[2025-10-29T15:20:09.479+0000] {processor.py:161} INFO - Started process (PID=284) to work on /opt/airflow/dags/data_ingestion.py
[2025-10-29T15:20:09.481+0000] {processor.py:830} INFO - Processing file /opt/airflow/dags/data_ingestion.py for tasks to queue
[2025-10-29T15:20:09.483+0000] {logging_mixin.py:188} INFO - [2025-10-29T15:20:09.483+0000] {dagbag.py:545} INFO - Filling up the DagBag from /opt/airflow/dags/data_ingestion.py
[2025-10-29T15:20:10.012+0000] {processor.py:840} INFO - DAG(s) 'police_data_ingestion' retrieved from /opt/airflow/dags/data_ingestion.py
[2025-10-29T15:20:10.054+0000] {logging_mixin.py:188} INFO - [2025-10-29T15:20:10.054+0000] {dag.py:3096} INFO - Sync 1 DAGs
[2025-10-29T15:20:10.085+0000] {logging_mixin.py:188} INFO - [2025-10-29T15:20:10.085+0000] {dag.py:3954} INFO - Setting next_dagrun for police_data_ingestion to 2025-11-01 00:00:00+00:00, run_after=2025-12-01 00:00:00+00:00
[2025-10-29T15:20:10.364+0000] {processor.py:183} INFO - Processing /opt/airflow/dags/data_ingestion.py took 0.893 seconds
[2025-10-29T15:20:40.929+0000] {processor.py:161} INFO - Started process (PID=296) to work on /opt/airflow/dags/data_ingestion.py
[2025-10-29T15:20:40.931+0000] {processor.py:830} INFO - Processing file /opt/airflow/dags/data_ingestion.py for tasks to queue
[2025-10-29T15:20:40.933+0000] {logging_mixin.py:188} INFO - [2025-10-29T15:20:40.933+0000] {dagbag.py:545} INFO - Filling up the DagBag from /opt/airflow/dags/data_ingestion.py
[2025-10-29T15:20:41.383+0000] {processor.py:840} INFO - DAG(s) 'police_data_ingestion' retrieved from /opt/airflow/dags/data_ingestion.py
[2025-10-29T15:20:41.426+0000] {logging_mixin.py:188} INFO - [2025-10-29T15:20:41.425+0000] {dag.py:3096} INFO - Sync 1 DAGs
[2025-10-29T15:20:41.673+0000] {logging_mixin.py:188} INFO - [2025-10-29T15:20:41.673+0000] {dag.py:3954} INFO - Setting next_dagrun for police_data_ingestion to 2025-11-01 00:00:00+00:00, run_after=2025-12-01 00:00:00+00:00
[2025-10-29T15:20:41.703+0000] {processor.py:183} INFO - Processing /opt/airflow/dags/data_ingestion.py took 0.781 seconds
[2025-10-29T15:21:12.275+0000] {processor.py:161} INFO - Started process (PID=308) to work on /opt/airflow/dags/data_ingestion.py
[2025-10-29T15:21:12.277+0000] {processor.py:830} INFO - Processing file /opt/airflow/dags/data_ingestion.py for tasks to queue
[2025-10-29T15:21:12.279+0000] {logging_mixin.py:188} INFO - [2025-10-29T15:21:12.279+0000] {dagbag.py:545} INFO - Filling up the DagBag from /opt/airflow/dags/data_ingestion.py
[2025-10-29T15:21:12.727+0000] {processor.py:840} INFO - DAG(s) 'police_data_ingestion' retrieved from /opt/airflow/dags/data_ingestion.py
[2025-10-29T15:21:12.773+0000] {logging_mixin.py:188} INFO - [2025-10-29T15:21:12.772+0000] {dag.py:3096} INFO - Sync 1 DAGs
[2025-10-29T15:21:12.807+0000] {logging_mixin.py:188} INFO - [2025-10-29T15:21:12.806+0000] {dag.py:3954} INFO - Setting next_dagrun for police_data_ingestion to 2025-11-01 00:00:00+00:00, run_after=2025-12-01 00:00:00+00:00
[2025-10-29T15:21:12.833+0000] {processor.py:183} INFO - Processing /opt/airflow/dags/data_ingestion.py took 0.565 seconds
[2025-10-29T15:21:43.359+0000] {processor.py:161} INFO - Started process (PID=320) to work on /opt/airflow/dags/data_ingestion.py
[2025-10-29T15:21:43.361+0000] {processor.py:830} INFO - Processing file /opt/airflow/dags/data_ingestion.py for tasks to queue
[2025-10-29T15:21:43.363+0000] {logging_mixin.py:188} INFO - [2025-10-29T15:21:43.362+0000] {dagbag.py:545} INFO - Filling up the DagBag from /opt/airflow/dags/data_ingestion.py
[2025-10-29T15:21:43.812+0000] {processor.py:840} INFO - DAG(s) 'police_data_ingestion' retrieved from /opt/airflow/dags/data_ingestion.py
[2025-10-29T15:21:43.854+0000] {logging_mixin.py:188} INFO - [2025-10-29T15:21:43.853+0000] {dag.py:3096} INFO - Sync 1 DAGs
[2025-10-29T15:21:43.882+0000] {logging_mixin.py:188} INFO - [2025-10-29T15:21:43.881+0000] {dag.py:3954} INFO - Setting next_dagrun for police_data_ingestion to 2025-11-01 00:00:00+00:00, run_after=2025-12-01 00:00:00+00:00
[2025-10-29T15:21:43.909+0000] {processor.py:183} INFO - Processing /opt/airflow/dags/data_ingestion.py took 0.557 seconds
[2025-10-29T15:22:14.322+0000] {processor.py:161} INFO - Started process (PID=332) to work on /opt/airflow/dags/data_ingestion.py
[2025-10-29T15:22:14.324+0000] {processor.py:830} INFO - Processing file /opt/airflow/dags/data_ingestion.py for tasks to queue
[2025-10-29T15:22:14.333+0000] {logging_mixin.py:188} INFO - [2025-10-29T15:22:14.331+0000] {dagbag.py:545} INFO - Filling up the DagBag from /opt/airflow/dags/data_ingestion.py
[2025-10-29T15:22:14.841+0000] {processor.py:840} INFO - DAG(s) 'police_data_ingestion' retrieved from /opt/airflow/dags/data_ingestion.py
[2025-10-29T15:22:14.883+0000] {logging_mixin.py:188} INFO - [2025-10-29T15:22:14.882+0000] {dag.py:3096} INFO - Sync 1 DAGs
[2025-10-29T15:22:14.911+0000] {logging_mixin.py:188} INFO - [2025-10-29T15:22:14.911+0000] {dag.py:3954} INFO - Setting next_dagrun for police_data_ingestion to 2025-11-01 00:00:00+00:00, run_after=2025-12-01 00:00:00+00:00
[2025-10-29T15:22:14.938+0000] {processor.py:183} INFO - Processing /opt/airflow/dags/data_ingestion.py took 0.631 seconds
[2025-10-29T15:22:45.380+0000] {processor.py:161} INFO - Started process (PID=344) to work on /opt/airflow/dags/data_ingestion.py
[2025-10-29T15:22:45.382+0000] {processor.py:830} INFO - Processing file /opt/airflow/dags/data_ingestion.py for tasks to queue
[2025-10-29T15:22:45.385+0000] {logging_mixin.py:188} INFO - [2025-10-29T15:22:45.384+0000] {dagbag.py:545} INFO - Filling up the DagBag from /opt/airflow/dags/data_ingestion.py
[2025-10-29T15:22:45.888+0000] {processor.py:840} INFO - DAG(s) 'police_data_ingestion' retrieved from /opt/airflow/dags/data_ingestion.py
[2025-10-29T15:22:45.929+0000] {logging_mixin.py:188} INFO - [2025-10-29T15:22:45.929+0000] {dag.py:3096} INFO - Sync 1 DAGs
[2025-10-29T15:22:46.192+0000] {logging_mixin.py:188} INFO - [2025-10-29T15:22:46.192+0000] {dag.py:3954} INFO - Setting next_dagrun for police_data_ingestion to 2025-11-01 00:00:00+00:00, run_after=2025-12-01 00:00:00+00:00
[2025-10-29T15:22:46.228+0000] {processor.py:183} INFO - Processing /opt/airflow/dags/data_ingestion.py took 0.861 seconds
[2025-10-29T15:23:16.668+0000] {processor.py:161} INFO - Started process (PID=356) to work on /opt/airflow/dags/data_ingestion.py
[2025-10-29T15:23:16.669+0000] {processor.py:830} INFO - Processing file /opt/airflow/dags/data_ingestion.py for tasks to queue
[2025-10-29T15:23:16.672+0000] {logging_mixin.py:188} INFO - [2025-10-29T15:23:16.672+0000] {dagbag.py:545} INFO - Filling up the DagBag from /opt/airflow/dags/data_ingestion.py
[2025-10-29T15:23:17.217+0000] {processor.py:840} INFO - DAG(s) 'police_data_ingestion' retrieved from /opt/airflow/dags/data_ingestion.py
[2025-10-29T15:23:17.264+0000] {logging_mixin.py:188} INFO - [2025-10-29T15:23:17.263+0000] {dag.py:3096} INFO - Sync 1 DAGs
[2025-10-29T15:23:17.521+0000] {logging_mixin.py:188} INFO - [2025-10-29T15:23:17.521+0000] {dag.py:3954} INFO - Setting next_dagrun for police_data_ingestion to 2025-11-01 00:00:00+00:00, run_after=2025-12-01 00:00:00+00:00
[2025-10-29T15:23:17.554+0000] {processor.py:183} INFO - Processing /opt/airflow/dags/data_ingestion.py took 0.894 seconds
[2025-10-29T15:23:48.090+0000] {processor.py:161} INFO - Started process (PID=368) to work on /opt/airflow/dags/data_ingestion.py
[2025-10-29T15:23:48.092+0000] {processor.py:830} INFO - Processing file /opt/airflow/dags/data_ingestion.py for tasks to queue
[2025-10-29T15:23:48.094+0000] {logging_mixin.py:188} INFO - [2025-10-29T15:23:48.094+0000] {dagbag.py:545} INFO - Filling up the DagBag from /opt/airflow/dags/data_ingestion.py
[2025-10-29T15:23:48.496+0000] {processor.py:840} INFO - DAG(s) 'police_data_ingestion' retrieved from /opt/airflow/dags/data_ingestion.py
[2025-10-29T15:23:48.539+0000] {logging_mixin.py:188} INFO - [2025-10-29T15:23:48.538+0000] {dag.py:3096} INFO - Sync 1 DAGs
[2025-10-29T15:23:48.566+0000] {logging_mixin.py:188} INFO - [2025-10-29T15:23:48.566+0000] {dag.py:3954} INFO - Setting next_dagrun for police_data_ingestion to 2025-11-01 00:00:00+00:00, run_after=2025-12-01 00:00:00+00:00
[2025-10-29T15:23:48.592+0000] {processor.py:183} INFO - Processing /opt/airflow/dags/data_ingestion.py took 0.510 seconds
[2025-10-29T15:24:19.094+0000] {processor.py:161} INFO - Started process (PID=380) to work on /opt/airflow/dags/data_ingestion.py
[2025-10-29T15:24:19.096+0000] {processor.py:830} INFO - Processing file /opt/airflow/dags/data_ingestion.py for tasks to queue
[2025-10-29T15:24:19.099+0000] {logging_mixin.py:188} INFO - [2025-10-29T15:24:19.098+0000] {dagbag.py:545} INFO - Filling up the DagBag from /opt/airflow/dags/data_ingestion.py
[2025-10-29T15:24:19.491+0000] {processor.py:840} INFO - DAG(s) 'police_data_ingestion' retrieved from /opt/airflow/dags/data_ingestion.py
[2025-10-29T15:24:19.530+0000] {logging_mixin.py:188} INFO - [2025-10-29T15:24:19.529+0000] {dag.py:3096} INFO - Sync 1 DAGs
[2025-10-29T15:24:19.558+0000] {logging_mixin.py:188} INFO - [2025-10-29T15:24:19.558+0000] {dag.py:3954} INFO - Setting next_dagrun for police_data_ingestion to 2025-11-01 00:00:00+00:00, run_after=2025-12-01 00:00:00+00:00
[2025-10-29T15:24:19.583+0000] {processor.py:183} INFO - Processing /opt/airflow/dags/data_ingestion.py took 0.497 seconds
[2025-10-29T15:24:50.131+0000] {processor.py:161} INFO - Started process (PID=392) to work on /opt/airflow/dags/data_ingestion.py
[2025-10-29T15:24:50.134+0000] {processor.py:830} INFO - Processing file /opt/airflow/dags/data_ingestion.py for tasks to queue
[2025-10-29T15:24:50.139+0000] {logging_mixin.py:188} INFO - [2025-10-29T15:24:50.138+0000] {dagbag.py:545} INFO - Filling up the DagBag from /opt/airflow/dags/data_ingestion.py
[2025-10-29T15:24:50.641+0000] {processor.py:840} INFO - DAG(s) 'police_data_ingestion' retrieved from /opt/airflow/dags/data_ingestion.py
[2025-10-29T15:24:50.682+0000] {logging_mixin.py:188} INFO - [2025-10-29T15:24:50.682+0000] {dag.py:3096} INFO - Sync 1 DAGs
[2025-10-29T15:24:50.714+0000] {logging_mixin.py:188} INFO - [2025-10-29T15:24:50.714+0000] {dag.py:3954} INFO - Setting next_dagrun for police_data_ingestion to 2025-11-01 00:00:00+00:00, run_after=2025-12-01 00:00:00+00:00
[2025-10-29T15:24:50.987+0000] {processor.py:183} INFO - Processing /opt/airflow/dags/data_ingestion.py took 0.869 seconds
[2025-10-29T15:25:21.475+0000] {processor.py:161} INFO - Started process (PID=404) to work on /opt/airflow/dags/data_ingestion.py
[2025-10-29T15:25:21.476+0000] {processor.py:830} INFO - Processing file /opt/airflow/dags/data_ingestion.py for tasks to queue
[2025-10-29T15:25:21.479+0000] {logging_mixin.py:188} INFO - [2025-10-29T15:25:21.478+0000] {dagbag.py:545} INFO - Filling up the DagBag from /opt/airflow/dags/data_ingestion.py
[2025-10-29T15:25:21.918+0000] {processor.py:840} INFO - DAG(s) 'police_data_ingestion' retrieved from /opt/airflow/dags/data_ingestion.py
[2025-10-29T15:25:21.958+0000] {logging_mixin.py:188} INFO - [2025-10-29T15:25:21.958+0000] {dag.py:3096} INFO - Sync 1 DAGs
[2025-10-29T15:25:22.209+0000] {logging_mixin.py:188} INFO - [2025-10-29T15:25:22.208+0000] {dag.py:3954} INFO - Setting next_dagrun for police_data_ingestion to 2025-11-01 00:00:00+00:00, run_after=2025-12-01 00:00:00+00:00
[2025-10-29T15:25:22.237+0000] {processor.py:183} INFO - Processing /opt/airflow/dags/data_ingestion.py took 0.771 seconds
[2025-10-29T15:25:52.702+0000] {processor.py:161} INFO - Started process (PID=416) to work on /opt/airflow/dags/data_ingestion.py
[2025-10-29T15:25:52.703+0000] {processor.py:830} INFO - Processing file /opt/airflow/dags/data_ingestion.py for tasks to queue
[2025-10-29T15:25:52.705+0000] {logging_mixin.py:188} INFO - [2025-10-29T15:25:52.705+0000] {dagbag.py:545} INFO - Filling up the DagBag from /opt/airflow/dags/data_ingestion.py
[2025-10-29T15:25:53.125+0000] {processor.py:840} INFO - DAG(s) 'police_data_ingestion' retrieved from /opt/airflow/dags/data_ingestion.py
[2025-10-29T15:25:53.420+0000] {logging_mixin.py:188} INFO - [2025-10-29T15:25:53.420+0000] {dag.py:3096} INFO - Sync 1 DAGs
[2025-10-29T15:25:53.452+0000] {logging_mixin.py:188} INFO - [2025-10-29T15:25:53.452+0000] {dag.py:3954} INFO - Setting next_dagrun for police_data_ingestion to 2025-11-01 00:00:00+00:00, run_after=2025-12-01 00:00:00+00:00
[2025-10-29T15:25:53.479+0000] {processor.py:183} INFO - Processing /opt/airflow/dags/data_ingestion.py took 0.785 seconds
[2025-10-29T15:26:24.075+0000] {processor.py:161} INFO - Started process (PID=428) to work on /opt/airflow/dags/data_ingestion.py
[2025-10-29T15:26:24.076+0000] {processor.py:830} INFO - Processing file /opt/airflow/dags/data_ingestion.py for tasks to queue
[2025-10-29T15:26:24.079+0000] {logging_mixin.py:188} INFO - [2025-10-29T15:26:24.079+0000] {dagbag.py:545} INFO - Filling up the DagBag from /opt/airflow/dags/data_ingestion.py
[2025-10-29T15:26:24.542+0000] {processor.py:840} INFO - DAG(s) 'police_data_ingestion' retrieved from /opt/airflow/dags/data_ingestion.py
[2025-10-29T15:26:24.583+0000] {logging_mixin.py:188} INFO - [2025-10-29T15:26:24.583+0000] {dag.py:3096} INFO - Sync 1 DAGs
[2025-10-29T15:26:24.611+0000] {logging_mixin.py:188} INFO - [2025-10-29T15:26:24.611+0000] {dag.py:3954} INFO - Setting next_dagrun for police_data_ingestion to 2025-11-01 00:00:00+00:00, run_after=2025-12-01 00:00:00+00:00
[2025-10-29T15:26:24.636+0000] {processor.py:183} INFO - Processing /opt/airflow/dags/data_ingestion.py took 0.569 seconds
[2025-10-29T15:26:55.082+0000] {processor.py:161} INFO - Started process (PID=440) to work on /opt/airflow/dags/data_ingestion.py
[2025-10-29T15:26:55.083+0000] {processor.py:830} INFO - Processing file /opt/airflow/dags/data_ingestion.py for tasks to queue
[2025-10-29T15:26:55.085+0000] {logging_mixin.py:188} INFO - [2025-10-29T15:26:55.085+0000] {dagbag.py:545} INFO - Filling up the DagBag from /opt/airflow/dags/data_ingestion.py
[2025-10-29T15:26:55.471+0000] {processor.py:840} INFO - DAG(s) 'police_data_ingestion' retrieved from /opt/airflow/dags/data_ingestion.py
[2025-10-29T15:26:55.508+0000] {logging_mixin.py:188} INFO - [2025-10-29T15:26:55.508+0000] {dag.py:3096} INFO - Sync 1 DAGs
[2025-10-29T15:26:55.534+0000] {logging_mixin.py:188} INFO - [2025-10-29T15:26:55.534+0000] {dag.py:3954} INFO - Setting next_dagrun for police_data_ingestion to 2025-11-01 00:00:00+00:00, run_after=2025-12-01 00:00:00+00:00
[2025-10-29T15:26:55.566+0000] {processor.py:183} INFO - Processing /opt/airflow/dags/data_ingestion.py took 0.492 seconds
[2025-10-29T15:27:26.036+0000] {processor.py:161} INFO - Started process (PID=452) to work on /opt/airflow/dags/data_ingestion.py
[2025-10-29T15:27:26.039+0000] {processor.py:830} INFO - Processing file /opt/airflow/dags/data_ingestion.py for tasks to queue
[2025-10-29T15:27:26.044+0000] {logging_mixin.py:188} INFO - [2025-10-29T15:27:26.043+0000] {dagbag.py:545} INFO - Filling up the DagBag from /opt/airflow/dags/data_ingestion.py
[2025-10-29T15:27:26.595+0000] {processor.py:840} INFO - DAG(s) 'police_data_ingestion' retrieved from /opt/airflow/dags/data_ingestion.py
[2025-10-29T15:27:26.677+0000] {logging_mixin.py:188} INFO - [2025-10-29T15:27:26.676+0000] {dag.py:3096} INFO - Sync 1 DAGs
[2025-10-29T15:27:27.006+0000] {logging_mixin.py:188} INFO - [2025-10-29T15:27:27.006+0000] {dag.py:3954} INFO - Setting next_dagrun for police_data_ingestion to 2025-11-01 00:00:00+00:00, run_after=2025-12-01 00:00:00+00:00
[2025-10-29T15:27:27.041+0000] {processor.py:183} INFO - Processing /opt/airflow/dags/data_ingestion.py took 1.018 seconds
[2025-10-29T15:27:57.527+0000] {processor.py:161} INFO - Started process (PID=464) to work on /opt/airflow/dags/data_ingestion.py
[2025-10-29T15:27:57.528+0000] {processor.py:830} INFO - Processing file /opt/airflow/dags/data_ingestion.py for tasks to queue
[2025-10-29T15:27:57.532+0000] {logging_mixin.py:188} INFO - [2025-10-29T15:27:57.532+0000] {dagbag.py:545} INFO - Filling up the DagBag from /opt/airflow/dags/data_ingestion.py
[2025-10-29T15:27:58.013+0000] {processor.py:840} INFO - DAG(s) 'police_data_ingestion' retrieved from /opt/airflow/dags/data_ingestion.py
[2025-10-29T15:27:58.249+0000] {logging_mixin.py:188} INFO - [2025-10-29T15:27:58.249+0000] {dag.py:3096} INFO - Sync 1 DAGs
[2025-10-29T15:27:58.280+0000] {logging_mixin.py:188} INFO - [2025-10-29T15:27:58.280+0000] {dag.py:3954} INFO - Setting next_dagrun for police_data_ingestion to 2025-11-01 00:00:00+00:00, run_after=2025-12-01 00:00:00+00:00
[2025-10-29T15:27:58.308+0000] {processor.py:183} INFO - Processing /opt/airflow/dags/data_ingestion.py took 0.793 seconds
[2025-10-29T15:28:28.771+0000] {processor.py:161} INFO - Started process (PID=476) to work on /opt/airflow/dags/data_ingestion.py
[2025-10-29T15:28:28.773+0000] {processor.py:830} INFO - Processing file /opt/airflow/dags/data_ingestion.py for tasks to queue
[2025-10-29T15:28:28.776+0000] {logging_mixin.py:188} INFO - [2025-10-29T15:28:28.776+0000] {dagbag.py:545} INFO - Filling up the DagBag from /opt/airflow/dags/data_ingestion.py
[2025-10-29T15:28:29.217+0000] {processor.py:840} INFO - DAG(s) 'police_data_ingestion' retrieved from /opt/airflow/dags/data_ingestion.py
[2025-10-29T15:28:29.262+0000] {logging_mixin.py:188} INFO - [2025-10-29T15:28:29.262+0000] {dag.py:3096} INFO - Sync 1 DAGs
[2025-10-29T15:28:29.290+0000] {logging_mixin.py:188} INFO - [2025-10-29T15:28:29.290+0000] {dag.py:3954} INFO - Setting next_dagrun for police_data_ingestion to 2025-11-01 00:00:00+00:00, run_after=2025-12-01 00:00:00+00:00
[2025-10-29T15:28:29.313+0000] {processor.py:183} INFO - Processing /opt/airflow/dags/data_ingestion.py took 0.549 seconds
[2025-10-29T15:28:59.903+0000] {processor.py:161} INFO - Started process (PID=488) to work on /opt/airflow/dags/data_ingestion.py
[2025-10-29T15:28:59.904+0000] {processor.py:830} INFO - Processing file /opt/airflow/dags/data_ingestion.py for tasks to queue
[2025-10-29T15:28:59.907+0000] {logging_mixin.py:188} INFO - [2025-10-29T15:28:59.906+0000] {dagbag.py:545} INFO - Filling up the DagBag from /opt/airflow/dags/data_ingestion.py
[2025-10-29T15:29:00.306+0000] {processor.py:840} INFO - DAG(s) 'police_data_ingestion' retrieved from /opt/airflow/dags/data_ingestion.py
[2025-10-29T15:29:00.343+0000] {logging_mixin.py:188} INFO - [2025-10-29T15:29:00.343+0000] {dag.py:3096} INFO - Sync 1 DAGs
[2025-10-29T15:29:00.368+0000] {logging_mixin.py:188} INFO - [2025-10-29T15:29:00.367+0000] {dag.py:3954} INFO - Setting next_dagrun for police_data_ingestion to 2025-11-01 00:00:00+00:00, run_after=2025-12-01 00:00:00+00:00
[2025-10-29T15:29:00.393+0000] {processor.py:183} INFO - Processing /opt/airflow/dags/data_ingestion.py took 0.497 seconds
[2025-10-29T15:29:30.945+0000] {processor.py:161} INFO - Started process (PID=500) to work on /opt/airflow/dags/data_ingestion.py
[2025-10-29T15:29:30.946+0000] {processor.py:830} INFO - Processing file /opt/airflow/dags/data_ingestion.py for tasks to queue
[2025-10-29T15:29:30.948+0000] {logging_mixin.py:188} INFO - [2025-10-29T15:29:30.948+0000] {dagbag.py:545} INFO - Filling up the DagBag from /opt/airflow/dags/data_ingestion.py
[2025-10-29T15:29:31.373+0000] {processor.py:840} INFO - DAG(s) 'police_data_ingestion' retrieved from /opt/airflow/dags/data_ingestion.py
[2025-10-29T15:29:31.414+0000] {logging_mixin.py:188} INFO - [2025-10-29T15:29:31.414+0000] {dag.py:3096} INFO - Sync 1 DAGs
[2025-10-29T15:29:31.660+0000] {logging_mixin.py:188} INFO - [2025-10-29T15:29:31.660+0000] {dag.py:3954} INFO - Setting next_dagrun for police_data_ingestion to 2025-11-01 00:00:00+00:00, run_after=2025-12-01 00:00:00+00:00
[2025-10-29T15:29:31.691+0000] {processor.py:183} INFO - Processing /opt/airflow/dags/data_ingestion.py took 0.754 seconds
[2025-10-29T15:30:02.265+0000] {processor.py:161} INFO - Started process (PID=512) to work on /opt/airflow/dags/data_ingestion.py
[2025-10-29T15:30:02.267+0000] {processor.py:830} INFO - Processing file /opt/airflow/dags/data_ingestion.py for tasks to queue
[2025-10-29T15:30:02.270+0000] {logging_mixin.py:188} INFO - [2025-10-29T15:30:02.270+0000] {dagbag.py:545} INFO - Filling up the DagBag from /opt/airflow/dags/data_ingestion.py
[2025-10-29T15:30:02.731+0000] {processor.py:840} INFO - DAG(s) 'police_data_ingestion' retrieved from /opt/airflow/dags/data_ingestion.py
[2025-10-29T15:30:02.787+0000] {logging_mixin.py:188} INFO - [2025-10-29T15:30:02.786+0000] {dag.py:3096} INFO - Sync 1 DAGs
[2025-10-29T15:30:03.069+0000] {logging_mixin.py:188} INFO - [2025-10-29T15:30:03.068+0000] {dag.py:3954} INFO - Setting next_dagrun for police_data_ingestion to 2025-11-01 00:00:00+00:00, run_after=2025-12-01 00:00:00+00:00
[2025-10-29T15:30:03.101+0000] {processor.py:183} INFO - Processing /opt/airflow/dags/data_ingestion.py took 0.848 seconds
[2025-10-29T15:30:33.623+0000] {processor.py:161} INFO - Started process (PID=524) to work on /opt/airflow/dags/data_ingestion.py
[2025-10-29T15:30:33.624+0000] {processor.py:830} INFO - Processing file /opt/airflow/dags/data_ingestion.py for tasks to queue
[2025-10-29T15:30:33.627+0000] {logging_mixin.py:188} INFO - [2025-10-29T15:30:33.626+0000] {dagbag.py:545} INFO - Filling up the DagBag from /opt/airflow/dags/data_ingestion.py
[2025-10-29T15:30:34.054+0000] {processor.py:840} INFO - DAG(s) 'police_data_ingestion' retrieved from /opt/airflow/dags/data_ingestion.py
[2025-10-29T15:30:34.347+0000] {logging_mixin.py:188} INFO - [2025-10-29T15:30:34.346+0000] {dag.py:3096} INFO - Sync 1 DAGs
[2025-10-29T15:30:34.372+0000] {logging_mixin.py:188} INFO - [2025-10-29T15:30:34.372+0000] {dag.py:3954} INFO - Setting next_dagrun for police_data_ingestion to 2025-11-01 00:00:00+00:00, run_after=2025-12-01 00:00:00+00:00
[2025-10-29T15:30:34.399+0000] {processor.py:183} INFO - Processing /opt/airflow/dags/data_ingestion.py took 0.784 seconds
[2025-10-29T15:31:04.681+0000] {processor.py:161} INFO - Started process (PID=536) to work on /opt/airflow/dags/data_ingestion.py
[2025-10-29T15:31:04.682+0000] {processor.py:830} INFO - Processing file /opt/airflow/dags/data_ingestion.py for tasks to queue
[2025-10-29T15:31:04.685+0000] {logging_mixin.py:188} INFO - [2025-10-29T15:31:04.684+0000] {dagbag.py:545} INFO - Filling up the DagBag from /opt/airflow/dags/data_ingestion.py
[2025-10-29T15:31:05.182+0000] {processor.py:840} INFO - DAG(s) 'police_data_ingestion' retrieved from /opt/airflow/dags/data_ingestion.py
[2025-10-29T15:31:05.238+0000] {logging_mixin.py:188} INFO - [2025-10-29T15:31:05.237+0000] {dag.py:3096} INFO - Sync 1 DAGs
[2025-10-29T15:31:05.270+0000] {logging_mixin.py:188} INFO - [2025-10-29T15:31:05.269+0000] {dag.py:3954} INFO - Setting next_dagrun for police_data_ingestion to 2025-11-01 00:00:00+00:00, run_after=2025-12-01 00:00:00+00:00
[2025-10-29T15:31:05.309+0000] {processor.py:183} INFO - Processing /opt/airflow/dags/data_ingestion.py took 0.636 seconds
[2025-10-29T15:31:35.777+0000] {processor.py:161} INFO - Started process (PID=548) to work on /opt/airflow/dags/data_ingestion.py
[2025-10-29T15:31:35.779+0000] {processor.py:830} INFO - Processing file /opt/airflow/dags/data_ingestion.py for tasks to queue
[2025-10-29T15:31:35.782+0000] {logging_mixin.py:188} INFO - [2025-10-29T15:31:35.781+0000] {dagbag.py:545} INFO - Filling up the DagBag from /opt/airflow/dags/data_ingestion.py
[2025-10-29T15:31:36.255+0000] {processor.py:840} INFO - DAG(s) 'police_data_ingestion' retrieved from /opt/airflow/dags/data_ingestion.py
[2025-10-29T15:31:36.302+0000] {logging_mixin.py:188} INFO - [2025-10-29T15:31:36.301+0000] {dag.py:3096} INFO - Sync 1 DAGs
[2025-10-29T15:31:36.558+0000] {logging_mixin.py:188} INFO - [2025-10-29T15:31:36.557+0000] {dag.py:3954} INFO - Setting next_dagrun for police_data_ingestion to 2025-11-01 00:00:00+00:00, run_after=2025-12-01 00:00:00+00:00
[2025-10-29T15:31:36.599+0000] {processor.py:183} INFO - Processing /opt/airflow/dags/data_ingestion.py took 0.831 seconds
[2025-10-29T15:32:07.062+0000] {processor.py:161} INFO - Started process (PID=560) to work on /opt/airflow/dags/data_ingestion.py
[2025-10-29T15:32:07.063+0000] {processor.py:830} INFO - Processing file /opt/airflow/dags/data_ingestion.py for tasks to queue
[2025-10-29T15:32:07.066+0000] {logging_mixin.py:188} INFO - [2025-10-29T15:32:07.066+0000] {dagbag.py:545} INFO - Filling up the DagBag from /opt/airflow/dags/data_ingestion.py
[2025-10-29T15:32:07.458+0000] {processor.py:840} INFO - DAG(s) 'police_data_ingestion' retrieved from /opt/airflow/dags/data_ingestion.py
[2025-10-29T15:32:07.503+0000] {logging_mixin.py:188} INFO - [2025-10-29T15:32:07.503+0000] {dag.py:3096} INFO - Sync 1 DAGs
[2025-10-29T15:32:07.742+0000] {logging_mixin.py:188} INFO - [2025-10-29T15:32:07.741+0000] {dag.py:3954} INFO - Setting next_dagrun for police_data_ingestion to 2025-11-01 00:00:00+00:00, run_after=2025-12-01 00:00:00+00:00
[2025-10-29T15:32:07.771+0000] {processor.py:183} INFO - Processing /opt/airflow/dags/data_ingestion.py took 0.717 seconds
[2025-10-29T15:32:38.219+0000] {processor.py:161} INFO - Started process (PID=572) to work on /opt/airflow/dags/data_ingestion.py
[2025-10-29T15:32:38.221+0000] {processor.py:830} INFO - Processing file /opt/airflow/dags/data_ingestion.py for tasks to queue
[2025-10-29T15:32:38.226+0000] {logging_mixin.py:188} INFO - [2025-10-29T15:32:38.225+0000] {dagbag.py:545} INFO - Filling up the DagBag from /opt/airflow/dags/data_ingestion.py
[2025-10-29T15:32:38.663+0000] {processor.py:840} INFO - DAG(s) 'police_data_ingestion' retrieved from /opt/airflow/dags/data_ingestion.py
[2025-10-29T15:32:38.944+0000] {logging_mixin.py:188} INFO - [2025-10-29T15:32:38.943+0000] {dag.py:3096} INFO - Sync 1 DAGs
[2025-10-29T15:32:38.973+0000] {logging_mixin.py:188} INFO - [2025-10-29T15:32:38.973+0000] {dag.py:3954} INFO - Setting next_dagrun for police_data_ingestion to 2025-11-01 00:00:00+00:00, run_after=2025-12-01 00:00:00+00:00
[2025-10-29T15:32:38.998+0000] {processor.py:183} INFO - Processing /opt/airflow/dags/data_ingestion.py took 0.789 seconds
[2025-10-29T15:33:09.483+0000] {processor.py:161} INFO - Started process (PID=584) to work on /opt/airflow/dags/data_ingestion.py
[2025-10-29T15:33:09.485+0000] {processor.py:830} INFO - Processing file /opt/airflow/dags/data_ingestion.py for tasks to queue
[2025-10-29T15:33:09.487+0000] {logging_mixin.py:188} INFO - [2025-10-29T15:33:09.487+0000] {dagbag.py:545} INFO - Filling up the DagBag from /opt/airflow/dags/data_ingestion.py
[2025-10-29T15:33:09.882+0000] {processor.py:840} INFO - DAG(s) 'police_data_ingestion' retrieved from /opt/airflow/dags/data_ingestion.py
[2025-10-29T15:33:09.919+0000] {logging_mixin.py:188} INFO - [2025-10-29T15:33:09.919+0000] {dag.py:3096} INFO - Sync 1 DAGs
[2025-10-29T15:33:09.948+0000] {logging_mixin.py:188} INFO - [2025-10-29T15:33:09.948+0000] {dag.py:3954} INFO - Setting next_dagrun for police_data_ingestion to 2025-11-01 00:00:00+00:00, run_after=2025-12-01 00:00:00+00:00
[2025-10-29T15:33:09.980+0000] {processor.py:183} INFO - Processing /opt/airflow/dags/data_ingestion.py took 0.505 seconds
[2025-10-29T15:33:40.462+0000] {processor.py:161} INFO - Started process (PID=596) to work on /opt/airflow/dags/data_ingestion.py
[2025-10-29T15:33:40.463+0000] {processor.py:830} INFO - Processing file /opt/airflow/dags/data_ingestion.py for tasks to queue
[2025-10-29T15:33:40.466+0000] {logging_mixin.py:188} INFO - [2025-10-29T15:33:40.466+0000] {dagbag.py:545} INFO - Filling up the DagBag from /opt/airflow/dags/data_ingestion.py
[2025-10-29T15:33:40.874+0000] {processor.py:840} INFO - DAG(s) 'police_data_ingestion' retrieved from /opt/airflow/dags/data_ingestion.py
[2025-10-29T15:33:40.911+0000] {logging_mixin.py:188} INFO - [2025-10-29T15:33:40.911+0000] {dag.py:3096} INFO - Sync 1 DAGs
[2025-10-29T15:33:40.940+0000] {logging_mixin.py:188} INFO - [2025-10-29T15:33:40.939+0000] {dag.py:3954} INFO - Setting next_dagrun for police_data_ingestion to 2025-11-01 00:00:00+00:00, run_after=2025-12-01 00:00:00+00:00
[2025-10-29T15:33:41.281+0000] {processor.py:183} INFO - Processing /opt/airflow/dags/data_ingestion.py took 0.827 seconds
[2025-10-29T15:34:11.677+0000] {processor.py:161} INFO - Started process (PID=608) to work on /opt/airflow/dags/data_ingestion.py
[2025-10-29T15:34:11.679+0000] {processor.py:830} INFO - Processing file /opt/airflow/dags/data_ingestion.py for tasks to queue
[2025-10-29T15:34:11.681+0000] {logging_mixin.py:188} INFO - [2025-10-29T15:34:11.681+0000] {dagbag.py:545} INFO - Filling up the DagBag from /opt/airflow/dags/data_ingestion.py
[2025-10-29T15:34:12.195+0000] {processor.py:840} INFO - DAG(s) 'police_data_ingestion' retrieved from /opt/airflow/dags/data_ingestion.py
[2025-10-29T15:34:12.235+0000] {logging_mixin.py:188} INFO - [2025-10-29T15:34:12.234+0000] {dag.py:3096} INFO - Sync 1 DAGs
[2025-10-29T15:34:12.471+0000] {logging_mixin.py:188} INFO - [2025-10-29T15:34:12.470+0000] {dag.py:3954} INFO - Setting next_dagrun for police_data_ingestion to 2025-11-01 00:00:00+00:00, run_after=2025-12-01 00:00:00+00:00
[2025-10-29T15:34:12.500+0000] {processor.py:183} INFO - Processing /opt/airflow/dags/data_ingestion.py took 0.830 seconds
[2025-10-29T15:34:43.076+0000] {processor.py:161} INFO - Started process (PID=620) to work on /opt/airflow/dags/data_ingestion.py
[2025-10-29T15:34:43.078+0000] {processor.py:830} INFO - Processing file /opt/airflow/dags/data_ingestion.py for tasks to queue
[2025-10-29T15:34:43.080+0000] {logging_mixin.py:188} INFO - [2025-10-29T15:34:43.080+0000] {dagbag.py:545} INFO - Filling up the DagBag from /opt/airflow/dags/data_ingestion.py
[2025-10-29T15:34:43.473+0000] {processor.py:840} INFO - DAG(s) 'police_data_ingestion' retrieved from /opt/airflow/dags/data_ingestion.py
[2025-10-29T15:34:43.810+0000] {logging_mixin.py:188} INFO - [2025-10-29T15:34:43.809+0000] {dag.py:3096} INFO - Sync 1 DAGs
[2025-10-29T15:34:43.875+0000] {logging_mixin.py:188} INFO - [2025-10-29T15:34:43.875+0000] {dag.py:3954} INFO - Setting next_dagrun for police_data_ingestion to 2025-11-01 00:00:00+00:00, run_after=2025-12-01 00:00:00+00:00
[2025-10-29T15:34:43.913+0000] {processor.py:183} INFO - Processing /opt/airflow/dags/data_ingestion.py took 0.845 seconds
[2025-10-29T15:35:14.497+0000] {processor.py:161} INFO - Started process (PID=632) to work on /opt/airflow/dags/data_ingestion.py
[2025-10-29T15:35:14.498+0000] {processor.py:830} INFO - Processing file /opt/airflow/dags/data_ingestion.py for tasks to queue
[2025-10-29T15:35:14.500+0000] {logging_mixin.py:188} INFO - [2025-10-29T15:35:14.500+0000] {dagbag.py:545} INFO - Filling up the DagBag from /opt/airflow/dags/data_ingestion.py
[2025-10-29T15:35:14.894+0000] {processor.py:840} INFO - DAG(s) 'police_data_ingestion' retrieved from /opt/airflow/dags/data_ingestion.py
[2025-10-29T15:35:15.156+0000] {logging_mixin.py:188} INFO - [2025-10-29T15:35:15.155+0000] {dag.py:3096} INFO - Sync 1 DAGs
[2025-10-29T15:35:15.181+0000] {logging_mixin.py:188} INFO - [2025-10-29T15:35:15.181+0000] {dag.py:3954} INFO - Setting next_dagrun for police_data_ingestion to 2025-11-01 00:00:00+00:00, run_after=2025-12-01 00:00:00+00:00
[2025-10-29T15:35:15.205+0000] {processor.py:183} INFO - Processing /opt/airflow/dags/data_ingestion.py took 0.716 seconds
[2025-10-29T15:35:45.707+0000] {processor.py:161} INFO - Started process (PID=644) to work on /opt/airflow/dags/data_ingestion.py
[2025-10-29T15:35:45.708+0000] {processor.py:830} INFO - Processing file /opt/airflow/dags/data_ingestion.py for tasks to queue
[2025-10-29T15:35:45.711+0000] {logging_mixin.py:188} INFO - [2025-10-29T15:35:45.711+0000] {dagbag.py:545} INFO - Filling up the DagBag from /opt/airflow/dags/data_ingestion.py
[2025-10-29T15:35:46.092+0000] {processor.py:840} INFO - DAG(s) 'police_data_ingestion' retrieved from /opt/airflow/dags/data_ingestion.py
[2025-10-29T15:35:46.134+0000] {logging_mixin.py:188} INFO - [2025-10-29T15:35:46.134+0000] {dag.py:3096} INFO - Sync 1 DAGs
[2025-10-29T15:35:46.163+0000] {logging_mixin.py:188} INFO - [2025-10-29T15:35:46.163+0000] {dag.py:3954} INFO - Setting next_dagrun for police_data_ingestion to 2025-11-01 00:00:00+00:00, run_after=2025-12-01 00:00:00+00:00
[2025-10-29T15:35:46.190+0000] {processor.py:183} INFO - Processing /opt/airflow/dags/data_ingestion.py took 0.491 seconds
[2025-10-29T15:36:16.808+0000] {processor.py:161} INFO - Started process (PID=656) to work on /opt/airflow/dags/data_ingestion.py
[2025-10-29T15:36:16.809+0000] {processor.py:830} INFO - Processing file /opt/airflow/dags/data_ingestion.py for tasks to queue
[2025-10-29T15:36:16.812+0000] {logging_mixin.py:188} INFO - [2025-10-29T15:36:16.811+0000] {dagbag.py:545} INFO - Filling up the DagBag from /opt/airflow/dags/data_ingestion.py
[2025-10-29T15:36:17.210+0000] {processor.py:840} INFO - DAG(s) 'police_data_ingestion' retrieved from /opt/airflow/dags/data_ingestion.py
[2025-10-29T15:36:17.270+0000] {logging_mixin.py:188} INFO - [2025-10-29T15:36:17.269+0000] {dag.py:3096} INFO - Sync 1 DAGs
[2025-10-29T15:36:17.541+0000] {logging_mixin.py:188} INFO - [2025-10-29T15:36:17.540+0000] {dag.py:3954} INFO - Setting next_dagrun for police_data_ingestion to 2025-11-01 00:00:00+00:00, run_after=2025-12-01 00:00:00+00:00
[2025-10-29T15:36:17.567+0000] {processor.py:183} INFO - Processing /opt/airflow/dags/data_ingestion.py took 0.768 seconds
[2025-10-29T15:36:48.009+0000] {processor.py:161} INFO - Started process (PID=668) to work on /opt/airflow/dags/data_ingestion.py
[2025-10-29T15:36:48.011+0000] {processor.py:830} INFO - Processing file /opt/airflow/dags/data_ingestion.py for tasks to queue
[2025-10-29T15:36:48.013+0000] {logging_mixin.py:188} INFO - [2025-10-29T15:36:48.013+0000] {dagbag.py:545} INFO - Filling up the DagBag from /opt/airflow/dags/data_ingestion.py
[2025-10-29T15:36:48.485+0000] {processor.py:840} INFO - DAG(s) 'police_data_ingestion' retrieved from /opt/airflow/dags/data_ingestion.py
[2025-10-29T15:36:48.765+0000] {logging_mixin.py:188} INFO - [2025-10-29T15:36:48.764+0000] {dag.py:3096} INFO - Sync 1 DAGs
[2025-10-29T15:36:48.807+0000] {logging_mixin.py:188} INFO - [2025-10-29T15:36:48.807+0000] {dag.py:3954} INFO - Setting next_dagrun for police_data_ingestion to 2025-11-01 00:00:00+00:00, run_after=2025-12-01 00:00:00+00:00
[2025-10-29T15:36:48.834+0000] {processor.py:183} INFO - Processing /opt/airflow/dags/data_ingestion.py took 0.833 seconds
[2025-10-29T15:37:19.309+0000] {processor.py:161} INFO - Started process (PID=680) to work on /opt/airflow/dags/data_ingestion.py
[2025-10-29T15:37:19.311+0000] {processor.py:830} INFO - Processing file /opt/airflow/dags/data_ingestion.py for tasks to queue
[2025-10-29T15:37:19.314+0000] {logging_mixin.py:188} INFO - [2025-10-29T15:37:19.313+0000] {dagbag.py:545} INFO - Filling up the DagBag from /opt/airflow/dags/data_ingestion.py
[2025-10-29T15:37:19.750+0000] {processor.py:840} INFO - DAG(s) 'police_data_ingestion' retrieved from /opt/airflow/dags/data_ingestion.py
[2025-10-29T15:37:20.115+0000] {logging_mixin.py:188} INFO - [2025-10-29T15:37:20.114+0000] {dag.py:3096} INFO - Sync 1 DAGs
[2025-10-29T15:37:20.212+0000] {logging_mixin.py:188} INFO - [2025-10-29T15:37:20.211+0000] {dag.py:3954} INFO - Setting next_dagrun for police_data_ingestion to 2025-11-01 00:00:00+00:00, run_after=2025-12-01 00:00:00+00:00
[2025-10-29T15:37:20.274+0000] {processor.py:183} INFO - Processing /opt/airflow/dags/data_ingestion.py took 0.973 seconds
[2025-10-29T15:37:50.797+0000] {processor.py:161} INFO - Started process (PID=695) to work on /opt/airflow/dags/data_ingestion.py
[2025-10-29T15:37:50.799+0000] {processor.py:830} INFO - Processing file /opt/airflow/dags/data_ingestion.py for tasks to queue
[2025-10-29T15:37:50.806+0000] {logging_mixin.py:188} INFO - [2025-10-29T15:37:50.804+0000] {dagbag.py:545} INFO - Filling up the DagBag from /opt/airflow/dags/data_ingestion.py
[2025-10-29T15:37:52.053+0000] {processor.py:840} INFO - DAG(s) 'police_data_ingestion' retrieved from /opt/airflow/dags/data_ingestion.py
[2025-10-29T15:37:52.133+0000] {logging_mixin.py:188} INFO - [2025-10-29T15:37:52.132+0000] {dag.py:3096} INFO - Sync 1 DAGs
[2025-10-29T15:37:52.288+0000] {processor.py:183} INFO - Processing /opt/airflow/dags/data_ingestion.py took 1.505 seconds
[2025-10-29T15:38:23.109+0000] {processor.py:161} INFO - Started process (PID=707) to work on /opt/airflow/dags/data_ingestion.py
[2025-10-29T15:38:23.111+0000] {processor.py:830} INFO - Processing file /opt/airflow/dags/data_ingestion.py for tasks to queue
[2025-10-29T15:38:23.115+0000] {logging_mixin.py:188} INFO - [2025-10-29T15:38:23.114+0000] {dagbag.py:545} INFO - Filling up the DagBag from /opt/airflow/dags/data_ingestion.py
[2025-10-29T15:38:23.928+0000] {processor.py:840} INFO - DAG(s) 'police_data_ingestion' retrieved from /opt/airflow/dags/data_ingestion.py
[2025-10-29T15:38:24.001+0000] {logging_mixin.py:188} INFO - [2025-10-29T15:38:24.000+0000] {dag.py:3096} INFO - Sync 1 DAGs
[2025-10-29T15:38:24.536+0000] {processor.py:183} INFO - Processing /opt/airflow/dags/data_ingestion.py took 1.439 seconds
[2025-10-29T15:38:54.892+0000] {processor.py:161} INFO - Started process (PID=719) to work on /opt/airflow/dags/data_ingestion.py
[2025-10-29T15:38:54.893+0000] {processor.py:830} INFO - Processing file /opt/airflow/dags/data_ingestion.py for tasks to queue
[2025-10-29T15:38:54.895+0000] {logging_mixin.py:188} INFO - [2025-10-29T15:38:54.895+0000] {dagbag.py:545} INFO - Filling up the DagBag from /opt/airflow/dags/data_ingestion.py
[2025-10-29T15:38:55.476+0000] {processor.py:840} INFO - DAG(s) 'police_data_ingestion' retrieved from /opt/airflow/dags/data_ingestion.py
[2025-10-29T15:38:55.816+0000] {logging_mixin.py:188} INFO - [2025-10-29T15:38:55.816+0000] {dag.py:3096} INFO - Sync 1 DAGs
[2025-10-29T15:38:55.879+0000] {processor.py:183} INFO - Processing /opt/airflow/dags/data_ingestion.py took 0.996 seconds
[2025-10-29T15:39:26.475+0000] {processor.py:161} INFO - Started process (PID=731) to work on /opt/airflow/dags/data_ingestion.py
[2025-10-29T15:39:26.478+0000] {processor.py:830} INFO - Processing file /opt/airflow/dags/data_ingestion.py for tasks to queue
[2025-10-29T15:39:26.483+0000] {logging_mixin.py:188} INFO - [2025-10-29T15:39:26.482+0000] {dagbag.py:545} INFO - Filling up the DagBag from /opt/airflow/dags/data_ingestion.py
[2025-10-29T15:39:27.786+0000] {processor.py:840} INFO - DAG(s) 'police_data_ingestion' retrieved from /opt/airflow/dags/data_ingestion.py
[2025-10-29T15:39:28.655+0000] {logging_mixin.py:188} INFO - [2025-10-29T15:39:28.655+0000] {dag.py:3096} INFO - Sync 1 DAGs
[2025-10-29T15:39:28.799+0000] {processor.py:183} INFO - Processing /opt/airflow/dags/data_ingestion.py took 2.340 seconds
[2025-10-29T15:39:59.201+0000] {processor.py:161} INFO - Started process (PID=743) to work on /opt/airflow/dags/data_ingestion.py
[2025-10-29T15:39:59.203+0000] {processor.py:830} INFO - Processing file /opt/airflow/dags/data_ingestion.py for tasks to queue
[2025-10-29T15:39:59.208+0000] {logging_mixin.py:188} INFO - [2025-10-29T15:39:59.208+0000] {dagbag.py:545} INFO - Filling up the DagBag from /opt/airflow/dags/data_ingestion.py
[2025-10-29T15:40:00.110+0000] {processor.py:840} INFO - DAG(s) 'police_data_ingestion' retrieved from /opt/airflow/dags/data_ingestion.py
[2025-10-29T15:40:00.184+0000] {logging_mixin.py:188} INFO - [2025-10-29T15:40:00.184+0000] {dag.py:3096} INFO - Sync 1 DAGs
[2025-10-29T15:40:00.289+0000] {processor.py:183} INFO - Processing /opt/airflow/dags/data_ingestion.py took 1.099 seconds
[2025-10-29T15:40:30.712+0000] {processor.py:161} INFO - Started process (PID=755) to work on /opt/airflow/dags/data_ingestion.py
[2025-10-29T15:40:30.715+0000] {processor.py:830} INFO - Processing file /opt/airflow/dags/data_ingestion.py for tasks to queue
[2025-10-29T15:40:30.720+0000] {logging_mixin.py:188} INFO - [2025-10-29T15:40:30.719+0000] {dagbag.py:545} INFO - Filling up the DagBag from /opt/airflow/dags/data_ingestion.py
[2025-10-29T15:40:31.475+0000] {processor.py:840} INFO - DAG(s) 'police_data_ingestion' retrieved from /opt/airflow/dags/data_ingestion.py
[2025-10-29T15:40:31.542+0000] {logging_mixin.py:188} INFO - [2025-10-29T15:40:31.542+0000] {dag.py:3096} INFO - Sync 1 DAGs
[2025-10-29T15:40:31.944+0000] {processor.py:183} INFO - Processing /opt/airflow/dags/data_ingestion.py took 1.251 seconds
[2025-10-29T15:41:02.613+0000] {processor.py:161} INFO - Started process (PID=767) to work on /opt/airflow/dags/data_ingestion.py
[2025-10-29T15:41:02.616+0000] {processor.py:830} INFO - Processing file /opt/airflow/dags/data_ingestion.py for tasks to queue
[2025-10-29T15:41:02.622+0000] {logging_mixin.py:188} INFO - [2025-10-29T15:41:02.621+0000] {dagbag.py:545} INFO - Filling up the DagBag from /opt/airflow/dags/data_ingestion.py
[2025-10-29T15:41:03.874+0000] {processor.py:840} INFO - DAG(s) 'police_data_ingestion' retrieved from /opt/airflow/dags/data_ingestion.py
[2025-10-29T15:41:04.481+0000] {logging_mixin.py:188} INFO - [2025-10-29T15:41:04.479+0000] {dag.py:3096} INFO - Sync 1 DAGs
[2025-10-29T15:41:04.634+0000] {processor.py:183} INFO - Processing /opt/airflow/dags/data_ingestion.py took 2.047 seconds
[2025-10-29T15:41:35.021+0000] {processor.py:161} INFO - Started process (PID=779) to work on /opt/airflow/dags/data_ingestion.py
[2025-10-29T15:41:35.023+0000] {processor.py:830} INFO - Processing file /opt/airflow/dags/data_ingestion.py for tasks to queue
[2025-10-29T15:41:35.027+0000] {logging_mixin.py:188} INFO - [2025-10-29T15:41:35.026+0000] {dagbag.py:545} INFO - Filling up the DagBag from /opt/airflow/dags/data_ingestion.py
[2025-10-29T15:41:35.624+0000] {processor.py:840} INFO - DAG(s) 'police_data_ingestion' retrieved from /opt/airflow/dags/data_ingestion.py
[2025-10-29T15:41:36.010+0000] {logging_mixin.py:188} INFO - [2025-10-29T15:41:36.009+0000] {dag.py:3096} INFO - Sync 1 DAGs
[2025-10-29T15:41:36.077+0000] {processor.py:183} INFO - Processing /opt/airflow/dags/data_ingestion.py took 1.067 seconds
[2025-10-29T15:42:06.428+0000] {processor.py:161} INFO - Started process (PID=791) to work on /opt/airflow/dags/data_ingestion.py
[2025-10-29T15:42:06.430+0000] {processor.py:830} INFO - Processing file /opt/airflow/dags/data_ingestion.py for tasks to queue
[2025-10-29T15:42:06.433+0000] {logging_mixin.py:188} INFO - [2025-10-29T15:42:06.432+0000] {dagbag.py:545} INFO - Filling up the DagBag from /opt/airflow/dags/data_ingestion.py
[2025-10-29T15:42:07.158+0000] {processor.py:840} INFO - DAG(s) 'police_data_ingestion' retrieved from /opt/airflow/dags/data_ingestion.py
[2025-10-29T15:42:07.228+0000] {logging_mixin.py:188} INFO - [2025-10-29T15:42:07.228+0000] {dag.py:3096} INFO - Sync 1 DAGs
[2025-10-29T15:42:07.321+0000] {processor.py:183} INFO - Processing /opt/airflow/dags/data_ingestion.py took 0.903 seconds
[2025-10-29T15:42:38.051+0000] {processor.py:161} INFO - Started process (PID=803) to work on /opt/airflow/dags/data_ingestion.py
[2025-10-29T15:42:38.064+0000] {processor.py:830} INFO - Processing file /opt/airflow/dags/data_ingestion.py for tasks to queue
[2025-10-29T15:42:38.090+0000] {logging_mixin.py:188} INFO - [2025-10-29T15:42:38.086+0000] {dagbag.py:545} INFO - Filling up the DagBag from /opt/airflow/dags/data_ingestion.py
[2025-10-29T15:42:42.071+0000] {processor.py:840} INFO - DAG(s) 'police_data_ingestion' retrieved from /opt/airflow/dags/data_ingestion.py
[2025-10-29T15:42:42.369+0000] {logging_mixin.py:188} INFO - [2025-10-29T15:42:42.367+0000] {dag.py:3096} INFO - Sync 1 DAGs
[2025-10-29T15:42:44.050+0000] {processor.py:183} INFO - Processing /opt/airflow/dags/data_ingestion.py took 6.126 seconds
[2025-10-29T15:43:14.519+0000] {processor.py:161} INFO - Started process (PID=815) to work on /opt/airflow/dags/data_ingestion.py
[2025-10-29T15:43:14.522+0000] {processor.py:830} INFO - Processing file /opt/airflow/dags/data_ingestion.py for tasks to queue
[2025-10-29T15:43:14.530+0000] {logging_mixin.py:188} INFO - [2025-10-29T15:43:14.529+0000] {dagbag.py:545} INFO - Filling up the DagBag from /opt/airflow/dags/data_ingestion.py
[2025-10-29T15:43:15.534+0000] {processor.py:840} INFO - DAG(s) 'police_data_ingestion' retrieved from /opt/airflow/dags/data_ingestion.py
[2025-10-29T15:43:16.199+0000] {logging_mixin.py:188} INFO - [2025-10-29T15:43:16.197+0000] {dag.py:3096} INFO - Sync 1 DAGs
[2025-10-29T15:43:16.306+0000] {processor.py:183} INFO - Processing /opt/airflow/dags/data_ingestion.py took 1.816 seconds
[2025-10-29T15:43:46.786+0000] {processor.py:161} INFO - Started process (PID=827) to work on /opt/airflow/dags/data_ingestion.py
[2025-10-29T15:43:46.788+0000] {processor.py:830} INFO - Processing file /opt/airflow/dags/data_ingestion.py for tasks to queue
[2025-10-29T15:43:46.793+0000] {logging_mixin.py:188} INFO - [2025-10-29T15:43:46.792+0000] {dagbag.py:545} INFO - Filling up the DagBag from /opt/airflow/dags/data_ingestion.py
[2025-10-29T15:43:47.574+0000] {processor.py:840} INFO - DAG(s) 'police_data_ingestion' retrieved from /opt/airflow/dags/data_ingestion.py
[2025-10-29T15:43:48.090+0000] {logging_mixin.py:188} INFO - [2025-10-29T15:43:48.089+0000] {dag.py:3096} INFO - Sync 1 DAGs
[2025-10-29T15:43:48.162+0000] {processor.py:183} INFO - Processing /opt/airflow/dags/data_ingestion.py took 1.392 seconds
[2025-10-29T15:44:18.532+0000] {processor.py:161} INFO - Started process (PID=839) to work on /opt/airflow/dags/data_ingestion.py
[2025-10-29T15:44:18.534+0000] {processor.py:830} INFO - Processing file /opt/airflow/dags/data_ingestion.py for tasks to queue
[2025-10-29T15:44:18.538+0000] {logging_mixin.py:188} INFO - [2025-10-29T15:44:18.537+0000] {dagbag.py:545} INFO - Filling up the DagBag from /opt/airflow/dags/data_ingestion.py
[2025-10-29T15:44:21.254+0000] {processor.py:840} INFO - DAG(s) 'police_data_ingestion' retrieved from /opt/airflow/dags/data_ingestion.py
[2025-10-29T15:44:21.406+0000] {logging_mixin.py:188} INFO - [2025-10-29T15:44:21.405+0000] {dag.py:3096} INFO - Sync 1 DAGs
[2025-10-29T15:44:21.575+0000] {processor.py:183} INFO - Processing /opt/airflow/dags/data_ingestion.py took 3.072 seconds
[2025-10-29T15:44:51.990+0000] {processor.py:161} INFO - Started process (PID=851) to work on /opt/airflow/dags/data_ingestion.py
[2025-10-29T15:44:51.996+0000] {processor.py:830} INFO - Processing file /opt/airflow/dags/data_ingestion.py for tasks to queue
[2025-10-29T15:44:51.999+0000] {logging_mixin.py:188} INFO - [2025-10-29T15:44:51.999+0000] {dagbag.py:545} INFO - Filling up the DagBag from /opt/airflow/dags/data_ingestion.py
[2025-10-29T15:44:52.691+0000] {processor.py:840} INFO - DAG(s) 'police_data_ingestion' retrieved from /opt/airflow/dags/data_ingestion.py
[2025-10-29T15:44:52.772+0000] {logging_mixin.py:188} INFO - [2025-10-29T15:44:52.772+0000] {dag.py:3096} INFO - Sync 1 DAGs
[2025-10-29T15:44:53.284+0000] {processor.py:183} INFO - Processing /opt/airflow/dags/data_ingestion.py took 1.337 seconds
[2025-10-29T15:45:23.691+0000] {processor.py:161} INFO - Started process (PID=863) to work on /opt/airflow/dags/data_ingestion.py
[2025-10-29T15:45:23.694+0000] {processor.py:830} INFO - Processing file /opt/airflow/dags/data_ingestion.py for tasks to queue
[2025-10-29T15:45:23.699+0000] {logging_mixin.py:188} INFO - [2025-10-29T15:45:23.698+0000] {dagbag.py:545} INFO - Filling up the DagBag from /opt/airflow/dags/data_ingestion.py
[2025-10-29T15:45:24.872+0000] {processor.py:840} INFO - DAG(s) 'police_data_ingestion' retrieved from /opt/airflow/dags/data_ingestion.py
[2025-10-29T15:45:26.241+0000] {logging_mixin.py:188} INFO - [2025-10-29T15:45:26.239+0000] {dag.py:3096} INFO - Sync 1 DAGs
[2025-10-29T15:45:26.363+0000] {processor.py:183} INFO - Processing /opt/airflow/dags/data_ingestion.py took 2.694 seconds
[2025-10-29T15:45:56.730+0000] {processor.py:161} INFO - Started process (PID=875) to work on /opt/airflow/dags/data_ingestion.py
[2025-10-29T15:45:56.733+0000] {processor.py:830} INFO - Processing file /opt/airflow/dags/data_ingestion.py for tasks to queue
[2025-10-29T15:45:56.739+0000] {logging_mixin.py:188} INFO - [2025-10-29T15:45:56.738+0000] {dagbag.py:545} INFO - Filling up the DagBag from /opt/airflow/dags/data_ingestion.py
[2025-10-29T15:45:57.453+0000] {processor.py:840} INFO - DAG(s) 'police_data_ingestion' retrieved from /opt/airflow/dags/data_ingestion.py
[2025-10-29T15:45:58.208+0000] {logging_mixin.py:188} INFO - [2025-10-29T15:45:58.208+0000] {dag.py:3096} INFO - Sync 1 DAGs
[2025-10-29T15:45:58.265+0000] {processor.py:183} INFO - Processing /opt/airflow/dags/data_ingestion.py took 1.556 seconds
[2025-10-29T15:46:28.798+0000] {processor.py:161} INFO - Started process (PID=887) to work on /opt/airflow/dags/data_ingestion.py
[2025-10-29T15:46:28.800+0000] {processor.py:830} INFO - Processing file /opt/airflow/dags/data_ingestion.py for tasks to queue
[2025-10-29T15:46:28.813+0000] {logging_mixin.py:188} INFO - [2025-10-29T15:46:28.812+0000] {dagbag.py:545} INFO - Filling up the DagBag from /opt/airflow/dags/data_ingestion.py
[2025-10-29T15:46:30.945+0000] {processor.py:840} INFO - DAG(s) 'police_data_ingestion' retrieved from /opt/airflow/dags/data_ingestion.py
[2025-10-29T15:46:31.059+0000] {logging_mixin.py:188} INFO - [2025-10-29T15:46:31.058+0000] {dag.py:3096} INFO - Sync 1 DAGs
[2025-10-29T15:46:31.206+0000] {processor.py:183} INFO - Processing /opt/airflow/dags/data_ingestion.py took 2.433 seconds
[2025-10-29T15:47:01.855+0000] {processor.py:161} INFO - Started process (PID=899) to work on /opt/airflow/dags/data_ingestion.py
[2025-10-29T15:47:01.865+0000] {processor.py:830} INFO - Processing file /opt/airflow/dags/data_ingestion.py for tasks to queue
[2025-10-29T15:47:01.891+0000] {logging_mixin.py:188} INFO - [2025-10-29T15:47:01.889+0000] {dagbag.py:545} INFO - Filling up the DagBag from /opt/airflow/dags/data_ingestion.py
[2025-10-29T15:47:03.351+0000] {processor.py:840} INFO - DAG(s) 'police_data_ingestion' retrieved from /opt/airflow/dags/data_ingestion.py
[2025-10-29T15:47:03.603+0000] {logging_mixin.py:188} INFO - [2025-10-29T15:47:03.602+0000] {dag.py:3096} INFO - Sync 1 DAGs
[2025-10-29T15:47:06.511+0000] {processor.py:183} INFO - Processing /opt/airflow/dags/data_ingestion.py took 4.728 seconds
[2025-10-29T15:47:36.938+0000] {processor.py:161} INFO - Started process (PID=911) to work on /opt/airflow/dags/data_ingestion.py
[2025-10-29T15:47:36.940+0000] {processor.py:830} INFO - Processing file /opt/airflow/dags/data_ingestion.py for tasks to queue
[2025-10-29T15:47:36.943+0000] {logging_mixin.py:188} INFO - [2025-10-29T15:47:36.943+0000] {dagbag.py:545} INFO - Filling up the DagBag from /opt/airflow/dags/data_ingestion.py
[2025-10-29T15:47:37.535+0000] {processor.py:840} INFO - DAG(s) 'police_data_ingestion' retrieved from /opt/airflow/dags/data_ingestion.py
[2025-10-29T15:47:37.782+0000] {logging_mixin.py:188} INFO - [2025-10-29T15:47:37.781+0000] {dag.py:3096} INFO - Sync 1 DAGs
[2025-10-29T15:47:37.824+0000] {logging_mixin.py:188} INFO - [2025-10-29T15:47:37.824+0000] {dag.py:3954} INFO - Setting next_dagrun for police_data_ingestion to 2025-11-01 00:00:00+00:00, run_after=2025-12-01 00:00:00+00:00
[2025-10-29T15:47:37.853+0000] {processor.py:183} INFO - Processing /opt/airflow/dags/data_ingestion.py took 0.923 seconds
[2025-10-29T15:48:08.354+0000] {processor.py:161} INFO - Started process (PID=923) to work on /opt/airflow/dags/data_ingestion.py
[2025-10-29T15:48:08.356+0000] {processor.py:830} INFO - Processing file /opt/airflow/dags/data_ingestion.py for tasks to queue
[2025-10-29T15:48:08.361+0000] {logging_mixin.py:188} INFO - [2025-10-29T15:48:08.360+0000] {dagbag.py:545} INFO - Filling up the DagBag from /opt/airflow/dags/data_ingestion.py
[2025-10-29T15:48:08.886+0000] {processor.py:840} INFO - DAG(s) 'police_data_ingestion' retrieved from /opt/airflow/dags/data_ingestion.py
[2025-10-29T15:48:09.176+0000] {logging_mixin.py:188} INFO - [2025-10-29T15:48:09.176+0000] {dag.py:3096} INFO - Sync 1 DAGs
[2025-10-29T15:48:09.210+0000] {logging_mixin.py:188} INFO - [2025-10-29T15:48:09.210+0000] {dag.py:3954} INFO - Setting next_dagrun for police_data_ingestion to 2025-11-01 00:00:00+00:00, run_after=2025-12-01 00:00:00+00:00
[2025-10-29T15:48:09.235+0000] {processor.py:183} INFO - Processing /opt/airflow/dags/data_ingestion.py took 0.894 seconds
[2025-10-29T15:48:39.779+0000] {processor.py:161} INFO - Started process (PID=935) to work on /opt/airflow/dags/data_ingestion.py
[2025-10-29T15:48:39.780+0000] {processor.py:830} INFO - Processing file /opt/airflow/dags/data_ingestion.py for tasks to queue
[2025-10-29T15:48:39.783+0000] {logging_mixin.py:188} INFO - [2025-10-29T15:48:39.782+0000] {dagbag.py:545} INFO - Filling up the DagBag from /opt/airflow/dags/data_ingestion.py
[2025-10-29T15:48:40.386+0000] {processor.py:840} INFO - DAG(s) 'police_data_ingestion' retrieved from /opt/airflow/dags/data_ingestion.py
[2025-10-29T15:48:40.427+0000] {logging_mixin.py:188} INFO - [2025-10-29T15:48:40.427+0000] {dag.py:3096} INFO - Sync 1 DAGs
[2025-10-29T15:48:40.451+0000] {logging_mixin.py:188} INFO - [2025-10-29T15:48:40.450+0000] {dag.py:3954} INFO - Setting next_dagrun for police_data_ingestion to 2025-11-01 00:00:00+00:00, run_after=2025-12-01 00:00:00+00:00
[2025-10-29T15:48:40.476+0000] {processor.py:183} INFO - Processing /opt/airflow/dags/data_ingestion.py took 0.705 seconds
[2025-10-29T15:49:10.969+0000] {processor.py:161} INFO - Started process (PID=947) to work on /opt/airflow/dags/data_ingestion.py
[2025-10-29T15:49:10.971+0000] {processor.py:830} INFO - Processing file /opt/airflow/dags/data_ingestion.py for tasks to queue
[2025-10-29T15:49:10.973+0000] {logging_mixin.py:188} INFO - [2025-10-29T15:49:10.973+0000] {dagbag.py:545} INFO - Filling up the DagBag from /opt/airflow/dags/data_ingestion.py
[2025-10-29T15:49:11.437+0000] {processor.py:840} INFO - DAG(s) 'police_data_ingestion' retrieved from /opt/airflow/dags/data_ingestion.py
[2025-10-29T15:49:11.510+0000] {logging_mixin.py:188} INFO - [2025-10-29T15:49:11.509+0000] {dag.py:3096} INFO - Sync 1 DAGs
[2025-10-29T15:49:11.815+0000] {logging_mixin.py:188} INFO - [2025-10-29T15:49:11.814+0000] {dag.py:3954} INFO - Setting next_dagrun for police_data_ingestion to 2025-11-01 00:00:00+00:00, run_after=2025-12-01 00:00:00+00:00
[2025-10-29T15:49:11.846+0000] {processor.py:183} INFO - Processing /opt/airflow/dags/data_ingestion.py took 0.886 seconds
[2025-10-29T15:49:42.269+0000] {processor.py:161} INFO - Started process (PID=959) to work on /opt/airflow/dags/data_ingestion.py
[2025-10-29T15:49:42.271+0000] {processor.py:830} INFO - Processing file /opt/airflow/dags/data_ingestion.py for tasks to queue
[2025-10-29T15:49:42.275+0000] {logging_mixin.py:188} INFO - [2025-10-29T15:49:42.274+0000] {dagbag.py:545} INFO - Filling up the DagBag from /opt/airflow/dags/data_ingestion.py
[2025-10-29T15:49:42.744+0000] {processor.py:840} INFO - DAG(s) 'police_data_ingestion' retrieved from /opt/airflow/dags/data_ingestion.py
[2025-10-29T15:49:43.043+0000] {logging_mixin.py:188} INFO - [2025-10-29T15:49:43.042+0000] {dag.py:3096} INFO - Sync 1 DAGs
[2025-10-29T15:49:43.089+0000] {logging_mixin.py:188} INFO - [2025-10-29T15:49:43.088+0000] {dag.py:3954} INFO - Setting next_dagrun for police_data_ingestion to 2025-11-01 00:00:00+00:00, run_after=2025-12-01 00:00:00+00:00
[2025-10-29T15:49:43.119+0000] {processor.py:183} INFO - Processing /opt/airflow/dags/data_ingestion.py took 0.859 seconds
[2025-10-29T15:50:13.541+0000] {processor.py:161} INFO - Started process (PID=971) to work on /opt/airflow/dags/data_ingestion.py
[2025-10-29T15:50:13.542+0000] {processor.py:830} INFO - Processing file /opt/airflow/dags/data_ingestion.py for tasks to queue
[2025-10-29T15:50:13.546+0000] {logging_mixin.py:188} INFO - [2025-10-29T15:50:13.545+0000] {dagbag.py:545} INFO - Filling up the DagBag from /opt/airflow/dags/data_ingestion.py
[2025-10-29T15:50:14.021+0000] {processor.py:840} INFO - DAG(s) 'police_data_ingestion' retrieved from /opt/airflow/dags/data_ingestion.py
[2025-10-29T15:50:14.338+0000] {logging_mixin.py:188} INFO - [2025-10-29T15:50:14.338+0000] {dag.py:3096} INFO - Sync 1 DAGs
[2025-10-29T15:50:14.363+0000] {logging_mixin.py:188} INFO - [2025-10-29T15:50:14.363+0000] {dag.py:3954} INFO - Setting next_dagrun for police_data_ingestion to 2025-11-01 00:00:00+00:00, run_after=2025-12-01 00:00:00+00:00
[2025-10-29T15:50:14.388+0000] {processor.py:183} INFO - Processing /opt/airflow/dags/data_ingestion.py took 0.857 seconds
[2025-10-29T15:50:44.806+0000] {processor.py:161} INFO - Started process (PID=993) to work on /opt/airflow/dags/data_ingestion.py
[2025-10-29T15:50:44.808+0000] {processor.py:830} INFO - Processing file /opt/airflow/dags/data_ingestion.py for tasks to queue
[2025-10-29T15:50:44.812+0000] {logging_mixin.py:188} INFO - [2025-10-29T15:50:44.812+0000] {dagbag.py:545} INFO - Filling up the DagBag from /opt/airflow/dags/data_ingestion.py
[2025-10-29T15:50:45.823+0000] {processor.py:840} INFO - DAG(s) 'police_data_ingestion' retrieved from /opt/airflow/dags/data_ingestion.py
[2025-10-29T15:50:45.879+0000] {logging_mixin.py:188} INFO - [2025-10-29T15:50:45.879+0000] {dag.py:3096} INFO - Sync 1 DAGs
[2025-10-29T15:50:45.933+0000] {logging_mixin.py:188} INFO - [2025-10-29T15:50:45.932+0000] {dag.py:3954} INFO - Setting next_dagrun for police_data_ingestion to 2025-11-01 00:00:00+00:00, run_after=2025-12-01 00:00:00+00:00
[2025-10-29T15:50:45.971+0000] {processor.py:183} INFO - Processing /opt/airflow/dags/data_ingestion.py took 1.177 seconds
[2025-10-29T15:51:16.487+0000] {processor.py:161} INFO - Started process (PID=1007) to work on /opt/airflow/dags/data_ingestion.py
[2025-10-29T15:51:16.489+0000] {processor.py:830} INFO - Processing file /opt/airflow/dags/data_ingestion.py for tasks to queue
[2025-10-29T15:51:16.492+0000] {logging_mixin.py:188} INFO - [2025-10-29T15:51:16.491+0000] {dagbag.py:545} INFO - Filling up the DagBag from /opt/airflow/dags/data_ingestion.py
[2025-10-29T15:51:16.925+0000] {processor.py:840} INFO - DAG(s) 'police_data_ingestion' retrieved from /opt/airflow/dags/data_ingestion.py
[2025-10-29T15:51:16.962+0000] {logging_mixin.py:188} INFO - [2025-10-29T15:51:16.962+0000] {dag.py:3096} INFO - Sync 1 DAGs
[2025-10-29T15:51:17.174+0000] {logging_mixin.py:188} INFO - [2025-10-29T15:51:17.173+0000] {dag.py:3954} INFO - Setting next_dagrun for police_data_ingestion to 2025-11-01 00:00:00+00:00, run_after=2025-12-01 00:00:00+00:00
[2025-10-29T15:51:17.202+0000] {processor.py:183} INFO - Processing /opt/airflow/dags/data_ingestion.py took 0.722 seconds
[2025-10-29T15:51:47.689+0000] {processor.py:161} INFO - Started process (PID=1019) to work on /opt/airflow/dags/data_ingestion.py
[2025-10-29T15:51:47.690+0000] {processor.py:830} INFO - Processing file /opt/airflow/dags/data_ingestion.py for tasks to queue
[2025-10-29T15:51:47.693+0000] {logging_mixin.py:188} INFO - [2025-10-29T15:51:47.692+0000] {dagbag.py:545} INFO - Filling up the DagBag from /opt/airflow/dags/data_ingestion.py
[2025-10-29T15:51:48.099+0000] {processor.py:840} INFO - DAG(s) 'police_data_ingestion' retrieved from /opt/airflow/dags/data_ingestion.py
[2025-10-29T15:51:48.318+0000] {logging_mixin.py:188} INFO - [2025-10-29T15:51:48.318+0000] {dag.py:3096} INFO - Sync 1 DAGs
[2025-10-29T15:51:48.347+0000] {logging_mixin.py:188} INFO - [2025-10-29T15:51:48.347+0000] {dag.py:3954} INFO - Setting next_dagrun for police_data_ingestion to 2025-11-01 00:00:00+00:00, run_after=2025-12-01 00:00:00+00:00
[2025-10-29T15:51:48.378+0000] {processor.py:183} INFO - Processing /opt/airflow/dags/data_ingestion.py took 0.697 seconds
[2025-10-29T15:52:18.853+0000] {processor.py:161} INFO - Started process (PID=1031) to work on /opt/airflow/dags/data_ingestion.py
[2025-10-29T15:52:18.855+0000] {processor.py:830} INFO - Processing file /opt/airflow/dags/data_ingestion.py for tasks to queue
[2025-10-29T15:52:18.857+0000] {logging_mixin.py:188} INFO - [2025-10-29T15:52:18.857+0000] {dagbag.py:545} INFO - Filling up the DagBag from /opt/airflow/dags/data_ingestion.py
[2025-10-29T15:52:19.265+0000] {processor.py:840} INFO - DAG(s) 'police_data_ingestion' retrieved from /opt/airflow/dags/data_ingestion.py
[2025-10-29T15:52:19.519+0000] {logging_mixin.py:188} INFO - [2025-10-29T15:52:19.519+0000] {dag.py:3096} INFO - Sync 1 DAGs
[2025-10-29T15:52:19.542+0000] {logging_mixin.py:188} INFO - [2025-10-29T15:52:19.542+0000] {dag.py:3954} INFO - Setting next_dagrun for police_data_ingestion to 2025-11-01 00:00:00+00:00, run_after=2025-12-01 00:00:00+00:00
[2025-10-29T15:52:19.565+0000] {processor.py:183} INFO - Processing /opt/airflow/dags/data_ingestion.py took 0.720 seconds
[2025-10-29T15:52:50.119+0000] {processor.py:161} INFO - Started process (PID=1043) to work on /opt/airflow/dags/data_ingestion.py
[2025-10-29T15:52:50.120+0000] {processor.py:830} INFO - Processing file /opt/airflow/dags/data_ingestion.py for tasks to queue
[2025-10-29T15:52:50.124+0000] {logging_mixin.py:188} INFO - [2025-10-29T15:52:50.123+0000] {dagbag.py:545} INFO - Filling up the DagBag from /opt/airflow/dags/data_ingestion.py
[2025-10-29T15:52:50.725+0000] {processor.py:840} INFO - DAG(s) 'police_data_ingestion' retrieved from /opt/airflow/dags/data_ingestion.py
[2025-10-29T15:52:50.766+0000] {logging_mixin.py:188} INFO - [2025-10-29T15:52:50.765+0000] {dag.py:3096} INFO - Sync 1 DAGs
[2025-10-29T15:52:50.791+0000] {logging_mixin.py:188} INFO - [2025-10-29T15:52:50.791+0000] {dag.py:3954} INFO - Setting next_dagrun for police_data_ingestion to 2025-11-01 00:00:00+00:00, run_after=2025-12-01 00:00:00+00:00
[2025-10-29T15:52:50.817+0000] {processor.py:183} INFO - Processing /opt/airflow/dags/data_ingestion.py took 0.706 seconds
[2025-10-29T15:53:21.283+0000] {processor.py:161} INFO - Started process (PID=1055) to work on /opt/airflow/dags/data_ingestion.py
[2025-10-29T15:53:21.284+0000] {processor.py:830} INFO - Processing file /opt/airflow/dags/data_ingestion.py for tasks to queue
[2025-10-29T15:53:21.287+0000] {logging_mixin.py:188} INFO - [2025-10-29T15:53:21.287+0000] {dagbag.py:545} INFO - Filling up the DagBag from /opt/airflow/dags/data_ingestion.py
[2025-10-29T15:53:21.737+0000] {processor.py:840} INFO - DAG(s) 'police_data_ingestion' retrieved from /opt/airflow/dags/data_ingestion.py
[2025-10-29T15:53:21.783+0000] {logging_mixin.py:188} INFO - [2025-10-29T15:53:21.783+0000] {dag.py:3096} INFO - Sync 1 DAGs
[2025-10-29T15:53:22.077+0000] {logging_mixin.py:188} INFO - [2025-10-29T15:53:22.076+0000] {dag.py:3954} INFO - Setting next_dagrun for police_data_ingestion to 2025-11-01 00:00:00+00:00, run_after=2025-12-01 00:00:00+00:00
[2025-10-29T15:53:22.113+0000] {processor.py:183} INFO - Processing /opt/airflow/dags/data_ingestion.py took 0.838 seconds
[2025-10-29T15:53:52.559+0000] {processor.py:161} INFO - Started process (PID=1067) to work on /opt/airflow/dags/data_ingestion.py
[2025-10-29T15:53:52.560+0000] {processor.py:830} INFO - Processing file /opt/airflow/dags/data_ingestion.py for tasks to queue
[2025-10-29T15:53:52.563+0000] {logging_mixin.py:188} INFO - [2025-10-29T15:53:52.562+0000] {dagbag.py:545} INFO - Filling up the DagBag from /opt/airflow/dags/data_ingestion.py
[2025-10-29T15:53:53.021+0000] {processor.py:840} INFO - DAG(s) 'police_data_ingestion' retrieved from /opt/airflow/dags/data_ingestion.py
[2025-10-29T15:53:53.318+0000] {logging_mixin.py:188} INFO - [2025-10-29T15:53:53.317+0000] {dag.py:3096} INFO - Sync 1 DAGs
[2025-10-29T15:53:53.356+0000] {logging_mixin.py:188} INFO - [2025-10-29T15:53:53.356+0000] {dag.py:3954} INFO - Setting next_dagrun for police_data_ingestion to 2025-11-01 00:00:00+00:00, run_after=2025-12-01 00:00:00+00:00
[2025-10-29T15:53:53.487+0000] {processor.py:183} INFO - Processing /opt/airflow/dags/data_ingestion.py took 0.936 seconds
[2025-10-29T15:54:23.994+0000] {processor.py:161} INFO - Started process (PID=1079) to work on /opt/airflow/dags/data_ingestion.py
[2025-10-29T15:54:23.996+0000] {processor.py:830} INFO - Processing file /opt/airflow/dags/data_ingestion.py for tasks to queue
[2025-10-29T15:54:24.000+0000] {logging_mixin.py:188} INFO - [2025-10-29T15:54:23.999+0000] {dagbag.py:545} INFO - Filling up the DagBag from /opt/airflow/dags/data_ingestion.py
[2025-10-29T15:54:24.541+0000] {processor.py:840} INFO - DAG(s) 'police_data_ingestion' retrieved from /opt/airflow/dags/data_ingestion.py
[2025-10-29T15:54:24.822+0000] {logging_mixin.py:188} INFO - [2025-10-29T15:54:24.821+0000] {dag.py:3096} INFO - Sync 1 DAGs
[2025-10-29T15:54:24.848+0000] {logging_mixin.py:188} INFO - [2025-10-29T15:54:24.848+0000] {dag.py:3954} INFO - Setting next_dagrun for police_data_ingestion to 2025-11-01 00:00:00+00:00, run_after=2025-12-01 00:00:00+00:00
[2025-10-29T15:54:24.874+0000] {processor.py:183} INFO - Processing /opt/airflow/dags/data_ingestion.py took 0.893 seconds
[2025-10-29T15:54:55.233+0000] {processor.py:161} INFO - Started process (PID=1091) to work on /opt/airflow/dags/data_ingestion.py
[2025-10-29T15:54:55.235+0000] {processor.py:830} INFO - Processing file /opt/airflow/dags/data_ingestion.py for tasks to queue
[2025-10-29T15:54:55.238+0000] {logging_mixin.py:188} INFO - [2025-10-29T15:54:55.237+0000] {dagbag.py:545} INFO - Filling up the DagBag from /opt/airflow/dags/data_ingestion.py
[2025-10-29T15:54:55.917+0000] {processor.py:840} INFO - DAG(s) 'police_data_ingestion' retrieved from /opt/airflow/dags/data_ingestion.py
[2025-10-29T15:54:55.963+0000] {logging_mixin.py:188} INFO - [2025-10-29T15:54:55.963+0000] {dag.py:3096} INFO - Sync 1 DAGs
[2025-10-29T15:54:55.995+0000] {logging_mixin.py:188} INFO - [2025-10-29T15:54:55.994+0000] {dag.py:3954} INFO - Setting next_dagrun for police_data_ingestion to 2025-11-01 00:00:00+00:00, run_after=2025-12-01 00:00:00+00:00
[2025-10-29T15:54:56.029+0000] {processor.py:183} INFO - Processing /opt/airflow/dags/data_ingestion.py took 0.805 seconds
[2025-10-29T15:55:26.528+0000] {processor.py:161} INFO - Started process (PID=1103) to work on /opt/airflow/dags/data_ingestion.py
[2025-10-29T15:55:26.529+0000] {processor.py:830} INFO - Processing file /opt/airflow/dags/data_ingestion.py for tasks to queue
[2025-10-29T15:55:26.532+0000] {logging_mixin.py:188} INFO - [2025-10-29T15:55:26.531+0000] {dagbag.py:545} INFO - Filling up the DagBag from /opt/airflow/dags/data_ingestion.py
[2025-10-29T15:55:27.208+0000] {processor.py:840} INFO - DAG(s) 'police_data_ingestion' retrieved from /opt/airflow/dags/data_ingestion.py
[2025-10-29T15:55:27.260+0000] {logging_mixin.py:188} INFO - [2025-10-29T15:55:27.259+0000] {dag.py:3096} INFO - Sync 1 DAGs
[2025-10-29T15:55:27.290+0000] {logging_mixin.py:188} INFO - [2025-10-29T15:55:27.290+0000] {dag.py:3954} INFO - Setting next_dagrun for police_data_ingestion to 2025-11-01 00:00:00+00:00, run_after=2025-12-01 00:00:00+00:00
[2025-10-29T15:55:27.317+0000] {processor.py:183} INFO - Processing /opt/airflow/dags/data_ingestion.py took 0.796 seconds
[2025-10-29T15:55:57.824+0000] {processor.py:161} INFO - Started process (PID=1115) to work on /opt/airflow/dags/data_ingestion.py
[2025-10-29T15:55:57.826+0000] {processor.py:830} INFO - Processing file /opt/airflow/dags/data_ingestion.py for tasks to queue
[2025-10-29T15:55:57.829+0000] {logging_mixin.py:188} INFO - [2025-10-29T15:55:57.828+0000] {dagbag.py:545} INFO - Filling up the DagBag from /opt/airflow/dags/data_ingestion.py
[2025-10-29T15:55:58.297+0000] {processor.py:840} INFO - DAG(s) 'police_data_ingestion' retrieved from /opt/airflow/dags/data_ingestion.py
[2025-10-29T15:55:58.338+0000] {logging_mixin.py:188} INFO - [2025-10-29T15:55:58.337+0000] {dag.py:3096} INFO - Sync 1 DAGs
[2025-10-29T15:55:58.621+0000] {logging_mixin.py:188} INFO - [2025-10-29T15:55:58.621+0000] {dag.py:3954} INFO - Setting next_dagrun for police_data_ingestion to 2025-11-01 00:00:00+00:00, run_after=2025-12-01 00:00:00+00:00
[2025-10-29T15:55:58.654+0000] {processor.py:183} INFO - Processing /opt/airflow/dags/data_ingestion.py took 0.839 seconds
[2025-10-29T15:56:29.136+0000] {processor.py:161} INFO - Started process (PID=1127) to work on /opt/airflow/dags/data_ingestion.py
[2025-10-29T15:56:29.138+0000] {processor.py:830} INFO - Processing file /opt/airflow/dags/data_ingestion.py for tasks to queue
[2025-10-29T15:56:29.140+0000] {logging_mixin.py:188} INFO - [2025-10-29T15:56:29.140+0000] {dagbag.py:545} INFO - Filling up the DagBag from /opt/airflow/dags/data_ingestion.py
[2025-10-29T15:56:29.547+0000] {processor.py:840} INFO - DAG(s) 'police_data_ingestion' retrieved from /opt/airflow/dags/data_ingestion.py
[2025-10-29T15:56:29.816+0000] {logging_mixin.py:188} INFO - [2025-10-29T15:56:29.815+0000] {dag.py:3096} INFO - Sync 1 DAGs
[2025-10-29T15:56:29.844+0000] {logging_mixin.py:188} INFO - [2025-10-29T15:56:29.844+0000] {dag.py:3954} INFO - Setting next_dagrun for police_data_ingestion to 2025-11-01 00:00:00+00:00, run_after=2025-12-01 00:00:00+00:00
[2025-10-29T15:56:29.869+0000] {processor.py:183} INFO - Processing /opt/airflow/dags/data_ingestion.py took 0.742 seconds
[2025-10-29T15:57:00.462+0000] {processor.py:161} INFO - Started process (PID=1139) to work on /opt/airflow/dags/data_ingestion.py
[2025-10-29T15:57:00.463+0000] {processor.py:830} INFO - Processing file /opt/airflow/dags/data_ingestion.py for tasks to queue
[2025-10-29T15:57:00.466+0000] {logging_mixin.py:188} INFO - [2025-10-29T15:57:00.465+0000] {dagbag.py:545} INFO - Filling up the DagBag from /opt/airflow/dags/data_ingestion.py
[2025-10-29T15:57:01.251+0000] {processor.py:840} INFO - DAG(s) 'police_data_ingestion' retrieved from /opt/airflow/dags/data_ingestion.py
[2025-10-29T15:57:01.330+0000] {logging_mixin.py:188} INFO - [2025-10-29T15:57:01.329+0000] {dag.py:3096} INFO - Sync 1 DAGs
[2025-10-29T15:57:01.368+0000] {logging_mixin.py:188} INFO - [2025-10-29T15:57:01.368+0000] {dag.py:3954} INFO - Setting next_dagrun for police_data_ingestion to 2025-11-01 00:00:00+00:00, run_after=2025-12-01 00:00:00+00:00
[2025-10-29T15:57:01.392+0000] {processor.py:183} INFO - Processing /opt/airflow/dags/data_ingestion.py took 0.938 seconds
[2025-10-29T15:57:31.807+0000] {processor.py:161} INFO - Started process (PID=1151) to work on /opt/airflow/dags/data_ingestion.py
[2025-10-29T15:57:31.808+0000] {processor.py:830} INFO - Processing file /opt/airflow/dags/data_ingestion.py for tasks to queue
[2025-10-29T15:57:31.812+0000] {logging_mixin.py:188} INFO - [2025-10-29T15:57:31.811+0000] {dagbag.py:545} INFO - Filling up the DagBag from /opt/airflow/dags/data_ingestion.py
[2025-10-29T15:57:32.635+0000] {processor.py:840} INFO - DAG(s) 'police_data_ingestion' retrieved from /opt/airflow/dags/data_ingestion.py
[2025-10-29T15:57:32.684+0000] {logging_mixin.py:188} INFO - [2025-10-29T15:57:32.683+0000] {dag.py:3096} INFO - Sync 1 DAGs
[2025-10-29T15:57:32.724+0000] {logging_mixin.py:188} INFO - [2025-10-29T15:57:32.724+0000] {dag.py:3954} INFO - Setting next_dagrun for police_data_ingestion to 2025-11-01 00:00:00+00:00, run_after=2025-12-01 00:00:00+00:00
[2025-10-29T15:57:32.752+0000] {processor.py:183} INFO - Processing /opt/airflow/dags/data_ingestion.py took 0.955 seconds
[2025-10-29T15:58:03.090+0000] {processor.py:161} INFO - Started process (PID=1163) to work on /opt/airflow/dags/data_ingestion.py
[2025-10-29T15:58:03.091+0000] {processor.py:830} INFO - Processing file /opt/airflow/dags/data_ingestion.py for tasks to queue
[2025-10-29T15:58:03.094+0000] {logging_mixin.py:188} INFO - [2025-10-29T15:58:03.093+0000] {dagbag.py:545} INFO - Filling up the DagBag from /opt/airflow/dags/data_ingestion.py
[2025-10-29T15:58:03.499+0000] {processor.py:840} INFO - DAG(s) 'police_data_ingestion' retrieved from /opt/airflow/dags/data_ingestion.py
[2025-10-29T15:58:03.537+0000] {logging_mixin.py:188} INFO - [2025-10-29T15:58:03.536+0000] {dag.py:3096} INFO - Sync 1 DAGs
[2025-10-29T15:58:03.778+0000] {logging_mixin.py:188} INFO - [2025-10-29T15:58:03.778+0000] {dag.py:3954} INFO - Setting next_dagrun for police_data_ingestion to 2025-11-01 00:00:00+00:00, run_after=2025-12-01 00:00:00+00:00
[2025-10-29T15:58:03.806+0000] {processor.py:183} INFO - Processing /opt/airflow/dags/data_ingestion.py took 0.724 seconds
[2025-10-29T15:58:34.403+0000] {processor.py:161} INFO - Started process (PID=1175) to work on /opt/airflow/dags/data_ingestion.py
[2025-10-29T15:58:34.404+0000] {processor.py:830} INFO - Processing file /opt/airflow/dags/data_ingestion.py for tasks to queue
[2025-10-29T15:58:34.407+0000] {logging_mixin.py:188} INFO - [2025-10-29T15:58:34.406+0000] {dagbag.py:545} INFO - Filling up the DagBag from /opt/airflow/dags/data_ingestion.py
[2025-10-29T15:58:34.805+0000] {processor.py:840} INFO - DAG(s) 'police_data_ingestion' retrieved from /opt/airflow/dags/data_ingestion.py
[2025-10-29T15:58:35.091+0000] {logging_mixin.py:188} INFO - [2025-10-29T15:58:35.090+0000] {dag.py:3096} INFO - Sync 1 DAGs
[2025-10-29T15:58:35.116+0000] {logging_mixin.py:188} INFO - [2025-10-29T15:58:35.116+0000] {dag.py:3954} INFO - Setting next_dagrun for police_data_ingestion to 2025-11-01 00:00:00+00:00, run_after=2025-12-01 00:00:00+00:00
[2025-10-29T15:58:35.147+0000] {processor.py:183} INFO - Processing /opt/airflow/dags/data_ingestion.py took 0.752 seconds
[2025-10-29T15:59:05.798+0000] {processor.py:161} INFO - Started process (PID=1187) to work on /opt/airflow/dags/data_ingestion.py
[2025-10-29T15:59:05.799+0000] {processor.py:830} INFO - Processing file /opt/airflow/dags/data_ingestion.py for tasks to queue
[2025-10-29T15:59:05.802+0000] {logging_mixin.py:188} INFO - [2025-10-29T15:59:05.801+0000] {dagbag.py:545} INFO - Filling up the DagBag from /opt/airflow/dags/data_ingestion.py
[2025-10-29T15:59:06.449+0000] {processor.py:840} INFO - DAG(s) 'police_data_ingestion' retrieved from /opt/airflow/dags/data_ingestion.py
[2025-10-29T15:59:06.495+0000] {logging_mixin.py:188} INFO - [2025-10-29T15:59:06.495+0000] {dag.py:3096} INFO - Sync 1 DAGs
[2025-10-29T15:59:06.523+0000] {logging_mixin.py:188} INFO - [2025-10-29T15:59:06.523+0000] {dag.py:3954} INFO - Setting next_dagrun for police_data_ingestion to 2025-11-01 00:00:00+00:00, run_after=2025-12-01 00:00:00+00:00
[2025-10-29T15:59:06.548+0000] {processor.py:183} INFO - Processing /opt/airflow/dags/data_ingestion.py took 0.760 seconds
[2025-10-29T15:59:37.025+0000] {processor.py:161} INFO - Started process (PID=1199) to work on /opt/airflow/dags/data_ingestion.py
[2025-10-29T15:59:37.026+0000] {processor.py:830} INFO - Processing file /opt/airflow/dags/data_ingestion.py for tasks to queue
[2025-10-29T15:59:37.030+0000] {logging_mixin.py:188} INFO - [2025-10-29T15:59:37.029+0000] {dagbag.py:545} INFO - Filling up the DagBag from /opt/airflow/dags/data_ingestion.py
[2025-10-29T15:59:37.685+0000] {processor.py:840} INFO - DAG(s) 'police_data_ingestion' retrieved from /opt/airflow/dags/data_ingestion.py
[2025-10-29T15:59:37.725+0000] {logging_mixin.py:188} INFO - [2025-10-29T15:59:37.724+0000] {dag.py:3096} INFO - Sync 1 DAGs
[2025-10-29T15:59:37.749+0000] {logging_mixin.py:188} INFO - [2025-10-29T15:59:37.749+0000] {dag.py:3954} INFO - Setting next_dagrun for police_data_ingestion to 2025-11-01 00:00:00+00:00, run_after=2025-12-01 00:00:00+00:00
[2025-10-29T15:59:37.778+0000] {processor.py:183} INFO - Processing /opt/airflow/dags/data_ingestion.py took 0.762 seconds
[2025-10-29T16:00:08.236+0000] {processor.py:161} INFO - Started process (PID=1211) to work on /opt/airflow/dags/data_ingestion.py
[2025-10-29T16:00:08.238+0000] {processor.py:830} INFO - Processing file /opt/airflow/dags/data_ingestion.py for tasks to queue
[2025-10-29T16:00:08.242+0000] {logging_mixin.py:188} INFO - [2025-10-29T16:00:08.241+0000] {dagbag.py:545} INFO - Filling up the DagBag from /opt/airflow/dags/data_ingestion.py
[2025-10-29T16:00:08.793+0000] {processor.py:840} INFO - DAG(s) 'police_data_ingestion' retrieved from /opt/airflow/dags/data_ingestion.py
[2025-10-29T16:00:08.845+0000] {logging_mixin.py:188} INFO - [2025-10-29T16:00:08.844+0000] {dag.py:3096} INFO - Sync 1 DAGs
[2025-10-29T16:00:09.215+0000] {logging_mixin.py:188} INFO - [2025-10-29T16:00:09.215+0000] {dag.py:3954} INFO - Setting next_dagrun for police_data_ingestion to 2025-11-01 00:00:00+00:00, run_after=2025-12-01 00:00:00+00:00
[2025-10-29T16:00:09.243+0000] {processor.py:183} INFO - Processing /opt/airflow/dags/data_ingestion.py took 1.019 seconds
[2025-10-29T16:00:39.690+0000] {processor.py:161} INFO - Started process (PID=1223) to work on /opt/airflow/dags/data_ingestion.py
[2025-10-29T16:00:39.692+0000] {processor.py:830} INFO - Processing file /opt/airflow/dags/data_ingestion.py for tasks to queue
[2025-10-29T16:00:39.696+0000] {logging_mixin.py:188} INFO - [2025-10-29T16:00:39.695+0000] {dagbag.py:545} INFO - Filling up the DagBag from /opt/airflow/dags/data_ingestion.py
[2025-10-29T16:00:40.162+0000] {processor.py:840} INFO - DAG(s) 'police_data_ingestion' retrieved from /opt/airflow/dags/data_ingestion.py
[2025-10-29T16:00:40.453+0000] {logging_mixin.py:188} INFO - [2025-10-29T16:00:40.453+0000] {dag.py:3096} INFO - Sync 1 DAGs
[2025-10-29T16:00:40.486+0000] {logging_mixin.py:188} INFO - [2025-10-29T16:00:40.486+0000] {dag.py:3954} INFO - Setting next_dagrun for police_data_ingestion to 2025-11-01 00:00:00+00:00, run_after=2025-12-01 00:00:00+00:00
[2025-10-29T16:00:40.516+0000] {processor.py:183} INFO - Processing /opt/airflow/dags/data_ingestion.py took 0.837 seconds
[2025-10-29T16:01:11.193+0000] {processor.py:161} INFO - Started process (PID=1235) to work on /opt/airflow/dags/data_ingestion.py
[2025-10-29T16:01:11.206+0000] {processor.py:830} INFO - Processing file /opt/airflow/dags/data_ingestion.py for tasks to queue
[2025-10-29T16:01:11.213+0000] {logging_mixin.py:188} INFO - [2025-10-29T16:01:11.212+0000] {dagbag.py:545} INFO - Filling up the DagBag from /opt/airflow/dags/data_ingestion.py
[2025-10-29T16:01:12.045+0000] {processor.py:840} INFO - DAG(s) 'police_data_ingestion' retrieved from /opt/airflow/dags/data_ingestion.py
[2025-10-29T16:01:12.092+0000] {logging_mixin.py:188} INFO - [2025-10-29T16:01:12.092+0000] {dag.py:3096} INFO - Sync 1 DAGs
[2025-10-29T16:01:12.115+0000] {logging_mixin.py:188} INFO - [2025-10-29T16:01:12.115+0000] {dag.py:3954} INFO - Setting next_dagrun for police_data_ingestion to 2025-11-01 00:00:00+00:00, run_after=2025-12-01 00:00:00+00:00
[2025-10-29T16:01:12.138+0000] {processor.py:183} INFO - Processing /opt/airflow/dags/data_ingestion.py took 1.002 seconds
[2025-10-29T16:01:42.705+0000] {processor.py:161} INFO - Started process (PID=1247) to work on /opt/airflow/dags/data_ingestion.py
[2025-10-29T16:01:42.707+0000] {processor.py:830} INFO - Processing file /opt/airflow/dags/data_ingestion.py for tasks to queue
[2025-10-29T16:01:42.710+0000] {logging_mixin.py:188} INFO - [2025-10-29T16:01:42.710+0000] {dagbag.py:545} INFO - Filling up the DagBag from /opt/airflow/dags/data_ingestion.py
[2025-10-29T16:01:43.359+0000] {processor.py:840} INFO - DAG(s) 'police_data_ingestion' retrieved from /opt/airflow/dags/data_ingestion.py
[2025-10-29T16:01:43.399+0000] {logging_mixin.py:188} INFO - [2025-10-29T16:01:43.399+0000] {dag.py:3096} INFO - Sync 1 DAGs
[2025-10-29T16:01:43.423+0000] {logging_mixin.py:188} INFO - [2025-10-29T16:01:43.423+0000] {dag.py:3954} INFO - Setting next_dagrun for police_data_ingestion to 2025-11-01 00:00:00+00:00, run_after=2025-12-01 00:00:00+00:00
[2025-10-29T16:01:43.448+0000] {processor.py:183} INFO - Processing /opt/airflow/dags/data_ingestion.py took 0.752 seconds
[2025-10-29T16:02:13.941+0000] {processor.py:161} INFO - Started process (PID=1259) to work on /opt/airflow/dags/data_ingestion.py
[2025-10-29T16:02:13.942+0000] {processor.py:830} INFO - Processing file /opt/airflow/dags/data_ingestion.py for tasks to queue
[2025-10-29T16:02:13.945+0000] {logging_mixin.py:188} INFO - [2025-10-29T16:02:13.944+0000] {dagbag.py:545} INFO - Filling up the DagBag from /opt/airflow/dags/data_ingestion.py
[2025-10-29T16:02:14.595+0000] {processor.py:840} INFO - DAG(s) 'police_data_ingestion' retrieved from /opt/airflow/dags/data_ingestion.py
[2025-10-29T16:02:14.637+0000] {logging_mixin.py:188} INFO - [2025-10-29T16:02:14.636+0000] {dag.py:3096} INFO - Sync 1 DAGs
[2025-10-29T16:02:14.662+0000] {logging_mixin.py:188} INFO - [2025-10-29T16:02:14.662+0000] {dag.py:3954} INFO - Setting next_dagrun for police_data_ingestion to 2025-11-01 00:00:00+00:00, run_after=2025-12-01 00:00:00+00:00
[2025-10-29T16:02:14.692+0000] {processor.py:183} INFO - Processing /opt/airflow/dags/data_ingestion.py took 0.759 seconds
[2025-10-29T16:02:45.005+0000] {processor.py:161} INFO - Started process (PID=1271) to work on /opt/airflow/dags/data_ingestion.py
[2025-10-29T16:02:45.007+0000] {processor.py:830} INFO - Processing file /opt/airflow/dags/data_ingestion.py for tasks to queue
[2025-10-29T16:02:45.010+0000] {logging_mixin.py:188} INFO - [2025-10-29T16:02:45.009+0000] {dagbag.py:545} INFO - Filling up the DagBag from /opt/airflow/dags/data_ingestion.py
[2025-10-29T16:02:45.715+0000] {processor.py:840} INFO - DAG(s) 'police_data_ingestion' retrieved from /opt/airflow/dags/data_ingestion.py
[2025-10-29T16:02:45.750+0000] {logging_mixin.py:188} INFO - [2025-10-29T16:02:45.750+0000] {dag.py:3096} INFO - Sync 1 DAGs
[2025-10-29T16:02:45.776+0000] {logging_mixin.py:188} INFO - [2025-10-29T16:02:45.776+0000] {dag.py:3954} INFO - Setting next_dagrun for police_data_ingestion to 2025-11-01 00:00:00+00:00, run_after=2025-12-01 00:00:00+00:00
[2025-10-29T16:02:45.800+0000] {processor.py:183} INFO - Processing /opt/airflow/dags/data_ingestion.py took 0.803 seconds
[2025-10-29T16:03:16.113+0000] {processor.py:161} INFO - Started process (PID=1283) to work on /opt/airflow/dags/data_ingestion.py
[2025-10-29T16:03:16.115+0000] {processor.py:830} INFO - Processing file /opt/airflow/dags/data_ingestion.py for tasks to queue
[2025-10-29T16:03:16.118+0000] {logging_mixin.py:188} INFO - [2025-10-29T16:03:16.117+0000] {dagbag.py:545} INFO - Filling up the DagBag from /opt/airflow/dags/data_ingestion.py
[2025-10-29T16:03:16.562+0000] {processor.py:840} INFO - DAG(s) 'police_data_ingestion' retrieved from /opt/airflow/dags/data_ingestion.py
[2025-10-29T16:03:16.839+0000] {logging_mixin.py:188} INFO - [2025-10-29T16:03:16.838+0000] {dag.py:3096} INFO - Sync 1 DAGs
[2025-10-29T16:03:16.869+0000] {logging_mixin.py:188} INFO - [2025-10-29T16:03:16.868+0000] {dag.py:3954} INFO - Setting next_dagrun for police_data_ingestion to 2025-11-01 00:00:00+00:00, run_after=2025-12-01 00:00:00+00:00
[2025-10-29T16:03:16.896+0000] {processor.py:183} INFO - Processing /opt/airflow/dags/data_ingestion.py took 0.791 seconds
[2025-10-29T16:03:47.401+0000] {processor.py:161} INFO - Started process (PID=1295) to work on /opt/airflow/dags/data_ingestion.py
[2025-10-29T16:03:47.402+0000] {processor.py:830} INFO - Processing file /opt/airflow/dags/data_ingestion.py for tasks to queue
[2025-10-29T16:03:47.405+0000] {logging_mixin.py:188} INFO - [2025-10-29T16:03:47.404+0000] {dagbag.py:545} INFO - Filling up the DagBag from /opt/airflow/dags/data_ingestion.py
[2025-10-29T16:03:48.108+0000] {processor.py:840} INFO - DAG(s) 'police_data_ingestion' retrieved from /opt/airflow/dags/data_ingestion.py
[2025-10-29T16:03:48.154+0000] {logging_mixin.py:188} INFO - [2025-10-29T16:03:48.154+0000] {dag.py:3096} INFO - Sync 1 DAGs
[2025-10-29T16:03:48.179+0000] {logging_mixin.py:188} INFO - [2025-10-29T16:03:48.179+0000] {dag.py:3954} INFO - Setting next_dagrun for police_data_ingestion to 2025-11-01 00:00:00+00:00, run_after=2025-12-01 00:00:00+00:00
[2025-10-29T16:03:48.202+0000] {processor.py:183} INFO - Processing /opt/airflow/dags/data_ingestion.py took 0.809 seconds
[2025-10-29T16:04:18.719+0000] {processor.py:161} INFO - Started process (PID=1307) to work on /opt/airflow/dags/data_ingestion.py
[2025-10-29T16:04:18.721+0000] {processor.py:830} INFO - Processing file /opt/airflow/dags/data_ingestion.py for tasks to queue
[2025-10-29T16:04:18.723+0000] {logging_mixin.py:188} INFO - [2025-10-29T16:04:18.723+0000] {dagbag.py:545} INFO - Filling up the DagBag from /opt/airflow/dags/data_ingestion.py
[2025-10-29T16:04:19.359+0000] {processor.py:840} INFO - DAG(s) 'police_data_ingestion' retrieved from /opt/airflow/dags/data_ingestion.py
[2025-10-29T16:04:19.394+0000] {logging_mixin.py:188} INFO - [2025-10-29T16:04:19.393+0000] {dag.py:3096} INFO - Sync 1 DAGs
[2025-10-29T16:04:19.418+0000] {logging_mixin.py:188} INFO - [2025-10-29T16:04:19.418+0000] {dag.py:3954} INFO - Setting next_dagrun for police_data_ingestion to 2025-11-01 00:00:00+00:00, run_after=2025-12-01 00:00:00+00:00
[2025-10-29T16:04:19.442+0000] {processor.py:183} INFO - Processing /opt/airflow/dags/data_ingestion.py took 0.731 seconds
[2025-10-29T16:04:50.067+0000] {processor.py:161} INFO - Started process (PID=1319) to work on /opt/airflow/dags/data_ingestion.py
[2025-10-29T16:04:50.071+0000] {processor.py:830} INFO - Processing file /opt/airflow/dags/data_ingestion.py for tasks to queue
[2025-10-29T16:04:50.074+0000] {logging_mixin.py:188} INFO - [2025-10-29T16:04:50.073+0000] {dagbag.py:545} INFO - Filling up the DagBag from /opt/airflow/dags/data_ingestion.py
[2025-10-29T16:04:50.811+0000] {processor.py:840} INFO - DAG(s) 'police_data_ingestion' retrieved from /opt/airflow/dags/data_ingestion.py
[2025-10-29T16:04:50.866+0000] {logging_mixin.py:188} INFO - [2025-10-29T16:04:50.865+0000] {dag.py:3096} INFO - Sync 1 DAGs
[2025-10-29T16:04:50.897+0000] {logging_mixin.py:188} INFO - [2025-10-29T16:04:50.896+0000] {dag.py:3954} INFO - Setting next_dagrun for police_data_ingestion to 2025-11-01 00:00:00+00:00, run_after=2025-12-01 00:00:00+00:00
[2025-10-29T16:04:50.924+0000] {processor.py:183} INFO - Processing /opt/airflow/dags/data_ingestion.py took 0.869 seconds
[2025-10-29T16:05:21.314+0000] {processor.py:161} INFO - Started process (PID=1331) to work on /opt/airflow/dags/data_ingestion.py
[2025-10-29T16:05:21.316+0000] {processor.py:830} INFO - Processing file /opt/airflow/dags/data_ingestion.py for tasks to queue
[2025-10-29T16:05:21.320+0000] {logging_mixin.py:188} INFO - [2025-10-29T16:05:21.319+0000] {dagbag.py:545} INFO - Filling up the DagBag from /opt/airflow/dags/data_ingestion.py
[2025-10-29T16:05:21.768+0000] {processor.py:840} INFO - DAG(s) 'police_data_ingestion' retrieved from /opt/airflow/dags/data_ingestion.py
[2025-10-29T16:05:22.046+0000] {logging_mixin.py:188} INFO - [2025-10-29T16:05:22.045+0000] {dag.py:3096} INFO - Sync 1 DAGs
[2025-10-29T16:05:22.074+0000] {logging_mixin.py:188} INFO - [2025-10-29T16:05:22.074+0000] {dag.py:3954} INFO - Setting next_dagrun for police_data_ingestion to 2025-11-01 00:00:00+00:00, run_after=2025-12-01 00:00:00+00:00
[2025-10-29T16:05:22.103+0000] {processor.py:183} INFO - Processing /opt/airflow/dags/data_ingestion.py took 0.797 seconds
[2025-10-29T16:05:52.620+0000] {processor.py:161} INFO - Started process (PID=1343) to work on /opt/airflow/dags/data_ingestion.py
[2025-10-29T16:05:52.621+0000] {processor.py:830} INFO - Processing file /opt/airflow/dags/data_ingestion.py for tasks to queue
[2025-10-29T16:05:52.624+0000] {logging_mixin.py:188} INFO - [2025-10-29T16:05:52.624+0000] {dagbag.py:545} INFO - Filling up the DagBag from /opt/airflow/dags/data_ingestion.py
[2025-10-29T16:05:53.300+0000] {processor.py:840} INFO - DAG(s) 'police_data_ingestion' retrieved from /opt/airflow/dags/data_ingestion.py
[2025-10-29T16:05:53.344+0000] {logging_mixin.py:188} INFO - [2025-10-29T16:05:53.343+0000] {dag.py:3096} INFO - Sync 1 DAGs
[2025-10-29T16:05:53.372+0000] {logging_mixin.py:188} INFO - [2025-10-29T16:05:53.372+0000] {dag.py:3954} INFO - Setting next_dagrun for police_data_ingestion to 2025-11-01 00:00:00+00:00, run_after=2025-12-01 00:00:00+00:00
[2025-10-29T16:05:53.398+0000] {processor.py:183} INFO - Processing /opt/airflow/dags/data_ingestion.py took 0.787 seconds
[2025-10-29T16:06:23.919+0000] {processor.py:161} INFO - Started process (PID=1355) to work on /opt/airflow/dags/data_ingestion.py
[2025-10-29T16:06:23.920+0000] {processor.py:830} INFO - Processing file /opt/airflow/dags/data_ingestion.py for tasks to queue
[2025-10-29T16:06:23.923+0000] {logging_mixin.py:188} INFO - [2025-10-29T16:06:23.922+0000] {dagbag.py:545} INFO - Filling up the DagBag from /opt/airflow/dags/data_ingestion.py
[2025-10-29T16:06:24.648+0000] {processor.py:840} INFO - DAG(s) 'police_data_ingestion' retrieved from /opt/airflow/dags/data_ingestion.py
[2025-10-29T16:06:24.690+0000] {logging_mixin.py:188} INFO - [2025-10-29T16:06:24.690+0000] {dag.py:3096} INFO - Sync 1 DAGs
[2025-10-29T16:06:24.716+0000] {logging_mixin.py:188} INFO - [2025-10-29T16:06:24.716+0000] {dag.py:3954} INFO - Setting next_dagrun for police_data_ingestion to 2025-11-01 00:00:00+00:00, run_after=2025-12-01 00:00:00+00:00
[2025-10-29T16:06:24.741+0000] {processor.py:183} INFO - Processing /opt/airflow/dags/data_ingestion.py took 0.830 seconds
[2025-10-29T16:06:55.180+0000] {processor.py:161} INFO - Started process (PID=1367) to work on /opt/airflow/dags/data_ingestion.py
[2025-10-29T16:06:55.182+0000] {processor.py:830} INFO - Processing file /opt/airflow/dags/data_ingestion.py for tasks to queue
[2025-10-29T16:06:55.185+0000] {logging_mixin.py:188} INFO - [2025-10-29T16:06:55.184+0000] {dagbag.py:545} INFO - Filling up the DagBag from /opt/airflow/dags/data_ingestion.py
[2025-10-29T16:06:55.798+0000] {processor.py:840} INFO - DAG(s) 'police_data_ingestion' retrieved from /opt/airflow/dags/data_ingestion.py
[2025-10-29T16:06:55.838+0000] {logging_mixin.py:188} INFO - [2025-10-29T16:06:55.837+0000] {dag.py:3096} INFO - Sync 1 DAGs
[2025-10-29T16:06:55.867+0000] {logging_mixin.py:188} INFO - [2025-10-29T16:06:55.867+0000] {dag.py:3954} INFO - Setting next_dagrun for police_data_ingestion to 2025-11-01 00:00:00+00:00, run_after=2025-12-01 00:00:00+00:00
[2025-10-29T16:06:55.891+0000] {processor.py:183} INFO - Processing /opt/airflow/dags/data_ingestion.py took 0.719 seconds
[2025-10-29T16:07:26.445+0000] {processor.py:161} INFO - Started process (PID=1379) to work on /opt/airflow/dags/data_ingestion.py
[2025-10-29T16:07:26.446+0000] {processor.py:830} INFO - Processing file /opt/airflow/dags/data_ingestion.py for tasks to queue
[2025-10-29T16:07:26.449+0000] {logging_mixin.py:188} INFO - [2025-10-29T16:07:26.448+0000] {dagbag.py:545} INFO - Filling up the DagBag from /opt/airflow/dags/data_ingestion.py
[2025-10-29T16:07:26.847+0000] {processor.py:840} INFO - DAG(s) 'police_data_ingestion' retrieved from /opt/airflow/dags/data_ingestion.py
[2025-10-29T16:07:27.123+0000] {logging_mixin.py:188} INFO - [2025-10-29T16:07:27.122+0000] {dag.py:3096} INFO - Sync 1 DAGs
[2025-10-29T16:07:27.148+0000] {logging_mixin.py:188} INFO - [2025-10-29T16:07:27.147+0000] {dag.py:3954} INFO - Setting next_dagrun for police_data_ingestion to 2025-11-01 00:00:00+00:00, run_after=2025-12-01 00:00:00+00:00
[2025-10-29T16:07:27.171+0000] {processor.py:183} INFO - Processing /opt/airflow/dags/data_ingestion.py took 0.734 seconds
[2025-10-29T16:07:57.650+0000] {processor.py:161} INFO - Started process (PID=1391) to work on /opt/airflow/dags/data_ingestion.py
[2025-10-29T16:07:57.651+0000] {processor.py:830} INFO - Processing file /opt/airflow/dags/data_ingestion.py for tasks to queue
[2025-10-29T16:07:57.654+0000] {logging_mixin.py:188} INFO - [2025-10-29T16:07:57.653+0000] {dagbag.py:545} INFO - Filling up the DagBag from /opt/airflow/dags/data_ingestion.py
[2025-10-29T16:07:58.325+0000] {processor.py:840} INFO - DAG(s) 'police_data_ingestion' retrieved from /opt/airflow/dags/data_ingestion.py
[2025-10-29T16:07:58.365+0000] {logging_mixin.py:188} INFO - [2025-10-29T16:07:58.365+0000] {dag.py:3096} INFO - Sync 1 DAGs
[2025-10-29T16:07:58.390+0000] {logging_mixin.py:188} INFO - [2025-10-29T16:07:58.390+0000] {dag.py:3954} INFO - Setting next_dagrun for police_data_ingestion to 2025-11-01 00:00:00+00:00, run_after=2025-12-01 00:00:00+00:00
[2025-10-29T16:07:58.421+0000] {processor.py:183} INFO - Processing /opt/airflow/dags/data_ingestion.py took 0.779 seconds
[2025-10-29T16:08:28.852+0000] {processor.py:161} INFO - Started process (PID=1403) to work on /opt/airflow/dags/data_ingestion.py
[2025-10-29T16:08:28.854+0000] {processor.py:830} INFO - Processing file /opt/airflow/dags/data_ingestion.py for tasks to queue
[2025-10-29T16:08:28.856+0000] {logging_mixin.py:188} INFO - [2025-10-29T16:08:28.856+0000] {dagbag.py:545} INFO - Filling up the DagBag from /opt/airflow/dags/data_ingestion.py
[2025-10-29T16:08:29.689+0000] {processor.py:840} INFO - DAG(s) 'police_data_ingestion' retrieved from /opt/airflow/dags/data_ingestion.py
[2025-10-29T16:08:29.725+0000] {logging_mixin.py:188} INFO - [2025-10-29T16:08:29.725+0000] {dag.py:3096} INFO - Sync 1 DAGs
[2025-10-29T16:08:29.753+0000] {logging_mixin.py:188} INFO - [2025-10-29T16:08:29.753+0000] {dag.py:3954} INFO - Setting next_dagrun for police_data_ingestion to 2025-11-01 00:00:00+00:00, run_after=2025-12-01 00:00:00+00:00
[2025-10-29T16:08:29.779+0000] {processor.py:183} INFO - Processing /opt/airflow/dags/data_ingestion.py took 0.935 seconds
[2025-10-29T16:09:00.166+0000] {processor.py:161} INFO - Started process (PID=1415) to work on /opt/airflow/dags/data_ingestion.py
[2025-10-29T16:09:00.167+0000] {processor.py:830} INFO - Processing file /opt/airflow/dags/data_ingestion.py for tasks to queue
[2025-10-29T16:09:00.170+0000] {logging_mixin.py:188} INFO - [2025-10-29T16:09:00.170+0000] {dagbag.py:545} INFO - Filling up the DagBag from /opt/airflow/dags/data_ingestion.py
[2025-10-29T16:09:00.759+0000] {processor.py:840} INFO - DAG(s) 'police_data_ingestion' retrieved from /opt/airflow/dags/data_ingestion.py
[2025-10-29T16:09:00.792+0000] {logging_mixin.py:188} INFO - [2025-10-29T16:09:00.792+0000] {dag.py:3096} INFO - Sync 1 DAGs
[2025-10-29T16:09:00.817+0000] {logging_mixin.py:188} INFO - [2025-10-29T16:09:00.817+0000] {dag.py:3954} INFO - Setting next_dagrun for police_data_ingestion to 2025-11-01 00:00:00+00:00, run_after=2025-12-01 00:00:00+00:00
[2025-10-29T16:09:00.842+0000] {processor.py:183} INFO - Processing /opt/airflow/dags/data_ingestion.py took 0.684 seconds
[2025-10-29T16:09:31.342+0000] {processor.py:161} INFO - Started process (PID=1427) to work on /opt/airflow/dags/data_ingestion.py
[2025-10-29T16:09:31.343+0000] {processor.py:830} INFO - Processing file /opt/airflow/dags/data_ingestion.py for tasks to queue
[2025-10-29T16:09:31.346+0000] {logging_mixin.py:188} INFO - [2025-10-29T16:09:31.345+0000] {dagbag.py:545} INFO - Filling up the DagBag from /opt/airflow/dags/data_ingestion.py
[2025-10-29T16:09:32.132+0000] {processor.py:840} INFO - DAG(s) 'police_data_ingestion' retrieved from /opt/airflow/dags/data_ingestion.py
[2025-10-29T16:09:32.173+0000] {logging_mixin.py:188} INFO - [2025-10-29T16:09:32.173+0000] {dag.py:3096} INFO - Sync 1 DAGs
[2025-10-29T16:09:32.198+0000] {logging_mixin.py:188} INFO - [2025-10-29T16:09:32.198+0000] {dag.py:3954} INFO - Setting next_dagrun for police_data_ingestion to 2025-11-01 00:00:00+00:00, run_after=2025-12-01 00:00:00+00:00
[2025-10-29T16:09:32.222+0000] {processor.py:183} INFO - Processing /opt/airflow/dags/data_ingestion.py took 0.887 seconds
[2025-10-29T16:10:02.675+0000] {processor.py:161} INFO - Started process (PID=1439) to work on /opt/airflow/dags/data_ingestion.py
[2025-10-29T16:10:02.676+0000] {processor.py:830} INFO - Processing file /opt/airflow/dags/data_ingestion.py for tasks to queue
[2025-10-29T16:10:02.681+0000] {logging_mixin.py:188} INFO - [2025-10-29T16:10:02.680+0000] {dagbag.py:545} INFO - Filling up the DagBag from /opt/airflow/dags/data_ingestion.py
[2025-10-29T16:10:03.327+0000] {processor.py:840} INFO - DAG(s) 'police_data_ingestion' retrieved from /opt/airflow/dags/data_ingestion.py
[2025-10-29T16:10:03.371+0000] {logging_mixin.py:188} INFO - [2025-10-29T16:10:03.371+0000] {dag.py:3096} INFO - Sync 1 DAGs
[2025-10-29T16:10:03.394+0000] {logging_mixin.py:188} INFO - [2025-10-29T16:10:03.394+0000] {dag.py:3954} INFO - Setting next_dagrun for police_data_ingestion to 2025-11-01 00:00:00+00:00, run_after=2025-12-01 00:00:00+00:00
[2025-10-29T16:10:03.418+0000] {processor.py:183} INFO - Processing /opt/airflow/dags/data_ingestion.py took 0.753 seconds
[2025-10-29T16:10:33.874+0000] {processor.py:161} INFO - Started process (PID=1451) to work on /opt/airflow/dags/data_ingestion.py
[2025-10-29T16:10:33.875+0000] {processor.py:830} INFO - Processing file /opt/airflow/dags/data_ingestion.py for tasks to queue
[2025-10-29T16:10:33.877+0000] {logging_mixin.py:188} INFO - [2025-10-29T16:10:33.877+0000] {dagbag.py:545} INFO - Filling up the DagBag from /opt/airflow/dags/data_ingestion.py
[2025-10-29T16:10:34.510+0000] {processor.py:840} INFO - DAG(s) 'police_data_ingestion' retrieved from /opt/airflow/dags/data_ingestion.py
[2025-10-29T16:10:34.549+0000] {logging_mixin.py:188} INFO - [2025-10-29T16:10:34.548+0000] {dag.py:3096} INFO - Sync 1 DAGs
[2025-10-29T16:10:34.571+0000] {logging_mixin.py:188} INFO - [2025-10-29T16:10:34.571+0000] {dag.py:3954} INFO - Setting next_dagrun for police_data_ingestion to 2025-11-01 00:00:00+00:00, run_after=2025-12-01 00:00:00+00:00
[2025-10-29T16:10:34.596+0000] {processor.py:183} INFO - Processing /opt/airflow/dags/data_ingestion.py took 0.730 seconds
[2025-10-29T16:11:05.080+0000] {processor.py:161} INFO - Started process (PID=1463) to work on /opt/airflow/dags/data_ingestion.py
[2025-10-29T16:11:05.083+0000] {processor.py:830} INFO - Processing file /opt/airflow/dags/data_ingestion.py for tasks to queue
[2025-10-29T16:11:05.088+0000] {logging_mixin.py:188} INFO - [2025-10-29T16:11:05.087+0000] {dagbag.py:545} INFO - Filling up the DagBag from /opt/airflow/dags/data_ingestion.py
[2025-10-29T16:11:05.864+0000] {processor.py:840} INFO - DAG(s) 'police_data_ingestion' retrieved from /opt/airflow/dags/data_ingestion.py
[2025-10-29T16:11:05.903+0000] {logging_mixin.py:188} INFO - [2025-10-29T16:11:05.903+0000] {dag.py:3096} INFO - Sync 1 DAGs
[2025-10-29T16:11:05.932+0000] {logging_mixin.py:188} INFO - [2025-10-29T16:11:05.931+0000] {dag.py:3954} INFO - Setting next_dagrun for police_data_ingestion to 2025-11-01 00:00:00+00:00, run_after=2025-12-01 00:00:00+00:00
[2025-10-29T16:11:05.961+0000] {processor.py:183} INFO - Processing /opt/airflow/dags/data_ingestion.py took 0.898 seconds
[2025-10-29T16:11:36.438+0000] {processor.py:161} INFO - Started process (PID=1475) to work on /opt/airflow/dags/data_ingestion.py
[2025-10-29T16:11:36.440+0000] {processor.py:830} INFO - Processing file /opt/airflow/dags/data_ingestion.py for tasks to queue
[2025-10-29T16:11:36.442+0000] {logging_mixin.py:188} INFO - [2025-10-29T16:11:36.442+0000] {dagbag.py:545} INFO - Filling up the DagBag from /opt/airflow/dags/data_ingestion.py
[2025-10-29T16:11:37.093+0000] {processor.py:840} INFO - DAG(s) 'police_data_ingestion' retrieved from /opt/airflow/dags/data_ingestion.py
[2025-10-29T16:11:37.129+0000] {logging_mixin.py:188} INFO - [2025-10-29T16:11:37.128+0000] {dag.py:3096} INFO - Sync 1 DAGs
[2025-10-29T16:11:37.152+0000] {logging_mixin.py:188} INFO - [2025-10-29T16:11:37.151+0000] {dag.py:3954} INFO - Setting next_dagrun for police_data_ingestion to 2025-11-01 00:00:00+00:00, run_after=2025-12-01 00:00:00+00:00
[2025-10-29T16:11:37.174+0000] {processor.py:183} INFO - Processing /opt/airflow/dags/data_ingestion.py took 0.744 seconds
[2025-10-29T16:12:07.688+0000] {processor.py:161} INFO - Started process (PID=1487) to work on /opt/airflow/dags/data_ingestion.py
[2025-10-29T16:12:07.690+0000] {processor.py:830} INFO - Processing file /opt/airflow/dags/data_ingestion.py for tasks to queue
[2025-10-29T16:12:07.693+0000] {logging_mixin.py:188} INFO - [2025-10-29T16:12:07.692+0000] {dagbag.py:545} INFO - Filling up the DagBag from /opt/airflow/dags/data_ingestion.py
[2025-10-29T16:12:08.345+0000] {processor.py:840} INFO - DAG(s) 'police_data_ingestion' retrieved from /opt/airflow/dags/data_ingestion.py
[2025-10-29T16:12:08.384+0000] {logging_mixin.py:188} INFO - [2025-10-29T16:12:08.383+0000] {dag.py:3096} INFO - Sync 1 DAGs
[2025-10-29T16:12:08.406+0000] {logging_mixin.py:188} INFO - [2025-10-29T16:12:08.406+0000] {dag.py:3954} INFO - Setting next_dagrun for police_data_ingestion to 2025-11-01 00:00:00+00:00, run_after=2025-12-01 00:00:00+00:00
[2025-10-29T16:12:08.429+0000] {processor.py:183} INFO - Processing /opt/airflow/dags/data_ingestion.py took 0.748 seconds
[2025-10-29T16:12:38.935+0000] {processor.py:161} INFO - Started process (PID=1499) to work on /opt/airflow/dags/data_ingestion.py
[2025-10-29T16:12:38.936+0000] {processor.py:830} INFO - Processing file /opt/airflow/dags/data_ingestion.py for tasks to queue
[2025-10-29T16:12:38.939+0000] {logging_mixin.py:188} INFO - [2025-10-29T16:12:38.939+0000] {dagbag.py:545} INFO - Filling up the DagBag from /opt/airflow/dags/data_ingestion.py
[2025-10-29T16:12:39.648+0000] {processor.py:840} INFO - DAG(s) 'police_data_ingestion' retrieved from /opt/airflow/dags/data_ingestion.py
[2025-10-29T16:12:39.794+0000] {logging_mixin.py:188} INFO - [2025-10-29T16:12:39.793+0000] {dag.py:3096} INFO - Sync 1 DAGs
[2025-10-29T16:12:39.894+0000] {logging_mixin.py:188} INFO - [2025-10-29T16:12:39.893+0000] {dag.py:3954} INFO - Setting next_dagrun for police_data_ingestion to 2025-11-01 00:00:00+00:00, run_after=2025-12-01 00:00:00+00:00
[2025-10-29T16:12:39.968+0000] {processor.py:183} INFO - Processing /opt/airflow/dags/data_ingestion.py took 1.042 seconds
[2025-10-29T16:13:10.386+0000] {processor.py:161} INFO - Started process (PID=1511) to work on /opt/airflow/dags/data_ingestion.py
[2025-10-29T16:13:10.387+0000] {processor.py:830} INFO - Processing file /opt/airflow/dags/data_ingestion.py for tasks to queue
[2025-10-29T16:13:10.390+0000] {logging_mixin.py:188} INFO - [2025-10-29T16:13:10.389+0000] {dagbag.py:545} INFO - Filling up the DagBag from /opt/airflow/dags/data_ingestion.py
[2025-10-29T16:13:11.123+0000] {processor.py:840} INFO - DAG(s) 'police_data_ingestion' retrieved from /opt/airflow/dags/data_ingestion.py
[2025-10-29T16:13:11.173+0000] {logging_mixin.py:188} INFO - [2025-10-29T16:13:11.173+0000] {dag.py:3096} INFO - Sync 1 DAGs
[2025-10-29T16:13:11.202+0000] {logging_mixin.py:188} INFO - [2025-10-29T16:13:11.202+0000] {dag.py:3954} INFO - Setting next_dagrun for police_data_ingestion to 2025-11-01 00:00:00+00:00, run_after=2025-12-01 00:00:00+00:00
[2025-10-29T16:13:11.227+0000] {processor.py:183} INFO - Processing /opt/airflow/dags/data_ingestion.py took 0.853 seconds
[2025-10-29T16:13:41.696+0000] {processor.py:161} INFO - Started process (PID=1523) to work on /opt/airflow/dags/data_ingestion.py
[2025-10-29T16:13:41.698+0000] {processor.py:830} INFO - Processing file /opt/airflow/dags/data_ingestion.py for tasks to queue
[2025-10-29T16:13:41.701+0000] {logging_mixin.py:188} INFO - [2025-10-29T16:13:41.701+0000] {dagbag.py:545} INFO - Filling up the DagBag from /opt/airflow/dags/data_ingestion.py
[2025-10-29T16:13:42.527+0000] {processor.py:840} INFO - DAG(s) 'police_data_ingestion' retrieved from /opt/airflow/dags/data_ingestion.py
[2025-10-29T16:13:42.566+0000] {logging_mixin.py:188} INFO - [2025-10-29T16:13:42.565+0000] {dag.py:3096} INFO - Sync 1 DAGs
[2025-10-29T16:13:42.590+0000] {logging_mixin.py:188} INFO - [2025-10-29T16:13:42.590+0000] {dag.py:3954} INFO - Setting next_dagrun for police_data_ingestion to 2025-11-01 00:00:00+00:00, run_after=2025-12-01 00:00:00+00:00
[2025-10-29T16:13:42.618+0000] {processor.py:183} INFO - Processing /opt/airflow/dags/data_ingestion.py took 0.931 seconds
[2025-10-29T16:14:13.024+0000] {processor.py:161} INFO - Started process (PID=1535) to work on /opt/airflow/dags/data_ingestion.py
[2025-10-29T16:14:13.025+0000] {processor.py:830} INFO - Processing file /opt/airflow/dags/data_ingestion.py for tasks to queue
[2025-10-29T16:14:13.028+0000] {logging_mixin.py:188} INFO - [2025-10-29T16:14:13.027+0000] {dagbag.py:545} INFO - Filling up the DagBag from /opt/airflow/dags/data_ingestion.py
[2025-10-29T16:14:13.620+0000] {processor.py:840} INFO - DAG(s) 'police_data_ingestion' retrieved from /opt/airflow/dags/data_ingestion.py
[2025-10-29T16:14:13.655+0000] {logging_mixin.py:188} INFO - [2025-10-29T16:14:13.654+0000] {dag.py:3096} INFO - Sync 1 DAGs
[2025-10-29T16:14:13.678+0000] {logging_mixin.py:188} INFO - [2025-10-29T16:14:13.678+0000] {dag.py:3954} INFO - Setting next_dagrun for police_data_ingestion to 2025-11-01 00:00:00+00:00, run_after=2025-12-01 00:00:00+00:00
[2025-10-29T16:14:13.704+0000] {processor.py:183} INFO - Processing /opt/airflow/dags/data_ingestion.py took 0.690 seconds
[2025-10-29T16:14:44.068+0000] {processor.py:161} INFO - Started process (PID=1547) to work on /opt/airflow/dags/data_ingestion.py
[2025-10-29T16:14:44.070+0000] {processor.py:830} INFO - Processing file /opt/airflow/dags/data_ingestion.py for tasks to queue
[2025-10-29T16:14:44.073+0000] {logging_mixin.py:188} INFO - [2025-10-29T16:14:44.072+0000] {dagbag.py:545} INFO - Filling up the DagBag from /opt/airflow/dags/data_ingestion.py
[2025-10-29T16:14:44.750+0000] {processor.py:840} INFO - DAG(s) 'police_data_ingestion' retrieved from /opt/airflow/dags/data_ingestion.py
[2025-10-29T16:14:44.798+0000] {logging_mixin.py:188} INFO - [2025-10-29T16:14:44.797+0000] {dag.py:3096} INFO - Sync 1 DAGs
[2025-10-29T16:14:44.830+0000] {logging_mixin.py:188} INFO - [2025-10-29T16:14:44.829+0000] {dag.py:3954} INFO - Setting next_dagrun for police_data_ingestion to 2025-11-01 00:00:00+00:00, run_after=2025-12-01 00:00:00+00:00
[2025-10-29T16:14:44.861+0000] {processor.py:183} INFO - Processing /opt/airflow/dags/data_ingestion.py took 0.801 seconds
[2025-10-29T16:15:15.226+0000] {processor.py:161} INFO - Started process (PID=1559) to work on /opt/airflow/dags/data_ingestion.py
[2025-10-29T16:15:15.227+0000] {processor.py:830} INFO - Processing file /opt/airflow/dags/data_ingestion.py for tasks to queue
[2025-10-29T16:15:15.231+0000] {logging_mixin.py:188} INFO - [2025-10-29T16:15:15.230+0000] {dagbag.py:545} INFO - Filling up the DagBag from /opt/airflow/dags/data_ingestion.py
[2025-10-29T16:15:15.912+0000] {processor.py:840} INFO - DAG(s) 'police_data_ingestion' retrieved from /opt/airflow/dags/data_ingestion.py
[2025-10-29T16:15:15.945+0000] {logging_mixin.py:188} INFO - [2025-10-29T16:15:15.945+0000] {dag.py:3096} INFO - Sync 1 DAGs
[2025-10-29T16:15:15.969+0000] {logging_mixin.py:188} INFO - [2025-10-29T16:15:15.969+0000] {dag.py:3954} INFO - Setting next_dagrun for police_data_ingestion to 2025-11-01 00:00:00+00:00, run_after=2025-12-01 00:00:00+00:00
[2025-10-29T16:15:15.999+0000] {processor.py:183} INFO - Processing /opt/airflow/dags/data_ingestion.py took 0.785 seconds
[2025-10-29T16:15:46.411+0000] {processor.py:161} INFO - Started process (PID=1571) to work on /opt/airflow/dags/data_ingestion.py
[2025-10-29T16:15:46.412+0000] {processor.py:830} INFO - Processing file /opt/airflow/dags/data_ingestion.py for tasks to queue
[2025-10-29T16:15:46.415+0000] {logging_mixin.py:188} INFO - [2025-10-29T16:15:46.414+0000] {dagbag.py:545} INFO - Filling up the DagBag from /opt/airflow/dags/data_ingestion.py
[2025-10-29T16:15:47.102+0000] {processor.py:840} INFO - DAG(s) 'police_data_ingestion' retrieved from /opt/airflow/dags/data_ingestion.py
[2025-10-29T16:15:47.135+0000] {logging_mixin.py:188} INFO - [2025-10-29T16:15:47.135+0000] {dag.py:3096} INFO - Sync 1 DAGs
[2025-10-29T16:15:47.157+0000] {logging_mixin.py:188} INFO - [2025-10-29T16:15:47.157+0000] {dag.py:3954} INFO - Setting next_dagrun for police_data_ingestion to 2025-11-01 00:00:00+00:00, run_after=2025-12-01 00:00:00+00:00
[2025-10-29T16:15:47.178+0000] {processor.py:183} INFO - Processing /opt/airflow/dags/data_ingestion.py took 0.775 seconds
[2025-10-29T16:16:17.694+0000] {processor.py:161} INFO - Started process (PID=1583) to work on /opt/airflow/dags/data_ingestion.py
[2025-10-29T16:16:17.695+0000] {processor.py:830} INFO - Processing file /opt/airflow/dags/data_ingestion.py for tasks to queue
[2025-10-29T16:16:17.698+0000] {logging_mixin.py:188} INFO - [2025-10-29T16:16:17.698+0000] {dagbag.py:545} INFO - Filling up the DagBag from /opt/airflow/dags/data_ingestion.py
[2025-10-29T16:16:18.487+0000] {processor.py:840} INFO - DAG(s) 'police_data_ingestion' retrieved from /opt/airflow/dags/data_ingestion.py
[2025-10-29T16:16:18.542+0000] {logging_mixin.py:188} INFO - [2025-10-29T16:16:18.541+0000] {dag.py:3096} INFO - Sync 1 DAGs
[2025-10-29T16:16:18.576+0000] {logging_mixin.py:188} INFO - [2025-10-29T16:16:18.576+0000] {dag.py:3954} INFO - Setting next_dagrun for police_data_ingestion to 2025-11-01 00:00:00+00:00, run_after=2025-12-01 00:00:00+00:00
[2025-10-29T16:16:18.599+0000] {processor.py:183} INFO - Processing /opt/airflow/dags/data_ingestion.py took 0.913 seconds
[2025-10-29T16:16:49.047+0000] {processor.py:161} INFO - Started process (PID=1595) to work on /opt/airflow/dags/data_ingestion.py
[2025-10-29T16:16:49.048+0000] {processor.py:830} INFO - Processing file /opt/airflow/dags/data_ingestion.py for tasks to queue
[2025-10-29T16:16:49.051+0000] {logging_mixin.py:188} INFO - [2025-10-29T16:16:49.050+0000] {dagbag.py:545} INFO - Filling up the DagBag from /opt/airflow/dags/data_ingestion.py
[2025-10-29T16:16:49.784+0000] {processor.py:840} INFO - DAG(s) 'police_data_ingestion' retrieved from /opt/airflow/dags/data_ingestion.py
[2025-10-29T16:16:49.820+0000] {logging_mixin.py:188} INFO - [2025-10-29T16:16:49.819+0000] {dag.py:3096} INFO - Sync 1 DAGs
[2025-10-29T16:16:49.844+0000] {logging_mixin.py:188} INFO - [2025-10-29T16:16:49.844+0000] {dag.py:3954} INFO - Setting next_dagrun for police_data_ingestion to 2025-11-01 00:00:00+00:00, run_after=2025-12-01 00:00:00+00:00
[2025-10-29T16:16:49.867+0000] {processor.py:183} INFO - Processing /opt/airflow/dags/data_ingestion.py took 0.832 seconds
[2025-10-29T16:17:20.290+0000] {processor.py:161} INFO - Started process (PID=1607) to work on /opt/airflow/dags/data_ingestion.py
[2025-10-29T16:17:20.291+0000] {processor.py:830} INFO - Processing file /opt/airflow/dags/data_ingestion.py for tasks to queue
[2025-10-29T16:17:20.293+0000] {logging_mixin.py:188} INFO - [2025-10-29T16:17:20.293+0000] {dagbag.py:545} INFO - Filling up the DagBag from /opt/airflow/dags/data_ingestion.py
[2025-10-29T16:17:21.140+0000] {processor.py:840} INFO - DAG(s) 'police_data_ingestion' retrieved from /opt/airflow/dags/data_ingestion.py
[2025-10-29T16:17:21.179+0000] {logging_mixin.py:188} INFO - [2025-10-29T16:17:21.178+0000] {dag.py:3096} INFO - Sync 1 DAGs
[2025-10-29T16:17:21.210+0000] {logging_mixin.py:188} INFO - [2025-10-29T16:17:21.210+0000] {dag.py:3954} INFO - Setting next_dagrun for police_data_ingestion to 2025-11-01 00:00:00+00:00, run_after=2025-12-01 00:00:00+00:00
[2025-10-29T16:17:21.235+0000] {processor.py:183} INFO - Processing /opt/airflow/dags/data_ingestion.py took 0.953 seconds
[2025-10-29T16:17:51.607+0000] {processor.py:161} INFO - Started process (PID=1619) to work on /opt/airflow/dags/data_ingestion.py
[2025-10-29T16:17:51.609+0000] {processor.py:830} INFO - Processing file /opt/airflow/dags/data_ingestion.py for tasks to queue
[2025-10-29T16:17:51.611+0000] {logging_mixin.py:188} INFO - [2025-10-29T16:17:51.611+0000] {dagbag.py:545} INFO - Filling up the DagBag from /opt/airflow/dags/data_ingestion.py
[2025-10-29T16:17:52.273+0000] {processor.py:840} INFO - DAG(s) 'police_data_ingestion' retrieved from /opt/airflow/dags/data_ingestion.py
[2025-10-29T16:17:52.309+0000] {logging_mixin.py:188} INFO - [2025-10-29T16:17:52.308+0000] {dag.py:3096} INFO - Sync 1 DAGs
[2025-10-29T16:17:52.333+0000] {logging_mixin.py:188} INFO - [2025-10-29T16:17:52.333+0000] {dag.py:3954} INFO - Setting next_dagrun for police_data_ingestion to 2025-11-01 00:00:00+00:00, run_after=2025-12-01 00:00:00+00:00
[2025-10-29T16:17:52.355+0000] {processor.py:183} INFO - Processing /opt/airflow/dags/data_ingestion.py took 0.758 seconds
[2025-10-29T16:18:22.755+0000] {processor.py:161} INFO - Started process (PID=1631) to work on /opt/airflow/dags/data_ingestion.py
[2025-10-29T16:18:22.757+0000] {processor.py:830} INFO - Processing file /opt/airflow/dags/data_ingestion.py for tasks to queue
[2025-10-29T16:18:22.759+0000] {logging_mixin.py:188} INFO - [2025-10-29T16:18:22.759+0000] {dagbag.py:545} INFO - Filling up the DagBag from /opt/airflow/dags/data_ingestion.py
[2025-10-29T16:18:23.429+0000] {processor.py:840} INFO - DAG(s) 'police_data_ingestion' retrieved from /opt/airflow/dags/data_ingestion.py
[2025-10-29T16:18:23.465+0000] {logging_mixin.py:188} INFO - [2025-10-29T16:18:23.464+0000] {dag.py:3096} INFO - Sync 1 DAGs
[2025-10-29T16:18:23.488+0000] {logging_mixin.py:188} INFO - [2025-10-29T16:18:23.488+0000] {dag.py:3954} INFO - Setting next_dagrun for police_data_ingestion to 2025-11-01 00:00:00+00:00, run_after=2025-12-01 00:00:00+00:00
[2025-10-29T16:18:23.512+0000] {processor.py:183} INFO - Processing /opt/airflow/dags/data_ingestion.py took 0.765 seconds
[2025-10-29T16:18:53.953+0000] {processor.py:161} INFO - Started process (PID=1643) to work on /opt/airflow/dags/data_ingestion.py
[2025-10-29T16:18:53.954+0000] {processor.py:830} INFO - Processing file /opt/airflow/dags/data_ingestion.py for tasks to queue
[2025-10-29T16:18:53.957+0000] {logging_mixin.py:188} INFO - [2025-10-29T16:18:53.956+0000] {dagbag.py:545} INFO - Filling up the DagBag from /opt/airflow/dags/data_ingestion.py
[2025-10-29T16:18:54.609+0000] {processor.py:840} INFO - DAG(s) 'police_data_ingestion' retrieved from /opt/airflow/dags/data_ingestion.py
[2025-10-29T16:18:54.642+0000] {logging_mixin.py:188} INFO - [2025-10-29T16:18:54.642+0000] {dag.py:3096} INFO - Sync 1 DAGs
[2025-10-29T16:18:54.665+0000] {logging_mixin.py:188} INFO - [2025-10-29T16:18:54.665+0000] {dag.py:3954} INFO - Setting next_dagrun for police_data_ingestion to 2025-11-01 00:00:00+00:00, run_after=2025-12-01 00:00:00+00:00
[2025-10-29T16:18:54.689+0000] {processor.py:183} INFO - Processing /opt/airflow/dags/data_ingestion.py took 0.744 seconds
[2025-10-29T16:19:25.037+0000] {processor.py:161} INFO - Started process (PID=1655) to work on /opt/airflow/dags/data_ingestion.py
[2025-10-29T16:19:25.039+0000] {processor.py:830} INFO - Processing file /opt/airflow/dags/data_ingestion.py for tasks to queue
[2025-10-29T16:19:25.042+0000] {logging_mixin.py:188} INFO - [2025-10-29T16:19:25.041+0000] {dagbag.py:545} INFO - Filling up the DagBag from /opt/airflow/dags/data_ingestion.py
[2025-10-29T16:19:25.836+0000] {processor.py:840} INFO - DAG(s) 'police_data_ingestion' retrieved from /opt/airflow/dags/data_ingestion.py
[2025-10-29T16:19:25.879+0000] {logging_mixin.py:188} INFO - [2025-10-29T16:19:25.878+0000] {dag.py:3096} INFO - Sync 1 DAGs
[2025-10-29T16:19:25.919+0000] {logging_mixin.py:188} INFO - [2025-10-29T16:19:25.919+0000] {dag.py:3954} INFO - Setting next_dagrun for police_data_ingestion to 2025-11-01 00:00:00+00:00, run_after=2025-12-01 00:00:00+00:00
[2025-10-29T16:19:25.948+0000] {processor.py:183} INFO - Processing /opt/airflow/dags/data_ingestion.py took 0.920 seconds
[2025-10-29T16:19:56.343+0000] {processor.py:161} INFO - Started process (PID=1667) to work on /opt/airflow/dags/data_ingestion.py
[2025-10-29T16:19:56.344+0000] {processor.py:830} INFO - Processing file /opt/airflow/dags/data_ingestion.py for tasks to queue
[2025-10-29T16:19:56.347+0000] {logging_mixin.py:188} INFO - [2025-10-29T16:19:56.346+0000] {dagbag.py:545} INFO - Filling up the DagBag from /opt/airflow/dags/data_ingestion.py
[2025-10-29T16:19:56.966+0000] {processor.py:840} INFO - DAG(s) 'police_data_ingestion' retrieved from /opt/airflow/dags/data_ingestion.py
[2025-10-29T16:19:57.014+0000] {logging_mixin.py:188} INFO - [2025-10-29T16:19:57.013+0000] {dag.py:3096} INFO - Sync 1 DAGs
[2025-10-29T16:19:57.047+0000] {logging_mixin.py:188} INFO - [2025-10-29T16:19:57.047+0000] {dag.py:3954} INFO - Setting next_dagrun for police_data_ingestion to 2025-11-01 00:00:00+00:00, run_after=2025-12-01 00:00:00+00:00
[2025-10-29T16:19:57.084+0000] {processor.py:183} INFO - Processing /opt/airflow/dags/data_ingestion.py took 0.749 seconds
[2025-10-29T16:20:27.575+0000] {processor.py:161} INFO - Started process (PID=1679) to work on /opt/airflow/dags/data_ingestion.py
[2025-10-29T16:20:27.576+0000] {processor.py:830} INFO - Processing file /opt/airflow/dags/data_ingestion.py for tasks to queue
[2025-10-29T16:20:27.579+0000] {logging_mixin.py:188} INFO - [2025-10-29T16:20:27.578+0000] {dagbag.py:545} INFO - Filling up the DagBag from /opt/airflow/dags/data_ingestion.py
[2025-10-29T16:20:28.238+0000] {processor.py:840} INFO - DAG(s) 'police_data_ingestion' retrieved from /opt/airflow/dags/data_ingestion.py
[2025-10-29T16:20:28.277+0000] {logging_mixin.py:188} INFO - [2025-10-29T16:20:28.276+0000] {dag.py:3096} INFO - Sync 1 DAGs
[2025-10-29T16:20:28.311+0000] {logging_mixin.py:188} INFO - [2025-10-29T16:20:28.310+0000] {dag.py:3954} INFO - Setting next_dagrun for police_data_ingestion to 2025-11-01 00:00:00+00:00, run_after=2025-12-01 00:00:00+00:00
[2025-10-29T16:20:28.342+0000] {processor.py:183} INFO - Processing /opt/airflow/dags/data_ingestion.py took 0.775 seconds
[2025-10-29T16:20:58.845+0000] {processor.py:161} INFO - Started process (PID=1691) to work on /opt/airflow/dags/data_ingestion.py
[2025-10-29T16:20:58.847+0000] {processor.py:830} INFO - Processing file /opt/airflow/dags/data_ingestion.py for tasks to queue
[2025-10-29T16:20:58.849+0000] {logging_mixin.py:188} INFO - [2025-10-29T16:20:58.849+0000] {dagbag.py:545} INFO - Filling up the DagBag from /opt/airflow/dags/data_ingestion.py
[2025-10-29T16:20:59.476+0000] {processor.py:840} INFO - DAG(s) 'police_data_ingestion' retrieved from /opt/airflow/dags/data_ingestion.py
[2025-10-29T16:20:59.511+0000] {logging_mixin.py:188} INFO - [2025-10-29T16:20:59.510+0000] {dag.py:3096} INFO - Sync 1 DAGs
[2025-10-29T16:20:59.533+0000] {logging_mixin.py:188} INFO - [2025-10-29T16:20:59.533+0000] {dag.py:3954} INFO - Setting next_dagrun for police_data_ingestion to 2025-11-01 00:00:00+00:00, run_after=2025-12-01 00:00:00+00:00
[2025-10-29T16:20:59.558+0000] {processor.py:183} INFO - Processing /opt/airflow/dags/data_ingestion.py took 0.720 seconds
[2025-10-29T16:21:30.104+0000] {processor.py:161} INFO - Started process (PID=1703) to work on /opt/airflow/dags/data_ingestion.py
[2025-10-29T16:21:30.106+0000] {processor.py:830} INFO - Processing file /opt/airflow/dags/data_ingestion.py for tasks to queue
[2025-10-29T16:21:30.109+0000] {logging_mixin.py:188} INFO - [2025-10-29T16:21:30.108+0000] {dagbag.py:545} INFO - Filling up the DagBag from /opt/airflow/dags/data_ingestion.py
[2025-10-29T16:21:30.733+0000] {processor.py:840} INFO - DAG(s) 'police_data_ingestion' retrieved from /opt/airflow/dags/data_ingestion.py
[2025-10-29T16:21:30.766+0000] {logging_mixin.py:188} INFO - [2025-10-29T16:21:30.766+0000] {dag.py:3096} INFO - Sync 1 DAGs
[2025-10-29T16:21:30.790+0000] {logging_mixin.py:188} INFO - [2025-10-29T16:21:30.790+0000] {dag.py:3954} INFO - Setting next_dagrun for police_data_ingestion to 2025-11-01 00:00:00+00:00, run_after=2025-12-01 00:00:00+00:00
[2025-10-29T16:21:30.813+0000] {processor.py:183} INFO - Processing /opt/airflow/dags/data_ingestion.py took 0.718 seconds
[2025-10-29T16:22:01.289+0000] {processor.py:161} INFO - Started process (PID=1715) to work on /opt/airflow/dags/data_ingestion.py
[2025-10-29T16:22:01.291+0000] {processor.py:830} INFO - Processing file /opt/airflow/dags/data_ingestion.py for tasks to queue
[2025-10-29T16:22:01.294+0000] {logging_mixin.py:188} INFO - [2025-10-29T16:22:01.293+0000] {dagbag.py:545} INFO - Filling up the DagBag from /opt/airflow/dags/data_ingestion.py
[2025-10-29T16:22:01.916+0000] {processor.py:840} INFO - DAG(s) 'police_data_ingestion' retrieved from /opt/airflow/dags/data_ingestion.py
[2025-10-29T16:22:01.954+0000] {logging_mixin.py:188} INFO - [2025-10-29T16:22:01.954+0000] {dag.py:3096} INFO - Sync 1 DAGs
[2025-10-29T16:22:01.978+0000] {logging_mixin.py:188} INFO - [2025-10-29T16:22:01.978+0000] {dag.py:3954} INFO - Setting next_dagrun for police_data_ingestion to 2025-11-01 00:00:00+00:00, run_after=2025-12-01 00:00:00+00:00
[2025-10-29T16:22:02.004+0000] {processor.py:183} INFO - Processing /opt/airflow/dags/data_ingestion.py took 0.727 seconds
[2025-10-29T16:22:32.487+0000] {processor.py:161} INFO - Started process (PID=1727) to work on /opt/airflow/dags/data_ingestion.py
[2025-10-29T16:22:32.488+0000] {processor.py:830} INFO - Processing file /opt/airflow/dags/data_ingestion.py for tasks to queue
[2025-10-29T16:22:32.491+0000] {logging_mixin.py:188} INFO - [2025-10-29T16:22:32.490+0000] {dagbag.py:545} INFO - Filling up the DagBag from /opt/airflow/dags/data_ingestion.py
[2025-10-29T16:22:33.110+0000] {processor.py:840} INFO - DAG(s) 'police_data_ingestion' retrieved from /opt/airflow/dags/data_ingestion.py
[2025-10-29T16:22:33.146+0000] {logging_mixin.py:188} INFO - [2025-10-29T16:22:33.145+0000] {dag.py:3096} INFO - Sync 1 DAGs
[2025-10-29T16:22:33.169+0000] {logging_mixin.py:188} INFO - [2025-10-29T16:22:33.169+0000] {dag.py:3954} INFO - Setting next_dagrun for police_data_ingestion to 2025-11-01 00:00:00+00:00, run_after=2025-12-01 00:00:00+00:00
[2025-10-29T16:22:33.192+0000] {processor.py:183} INFO - Processing /opt/airflow/dags/data_ingestion.py took 0.713 seconds
[2025-10-29T16:23:03.634+0000] {processor.py:161} INFO - Started process (PID=1739) to work on /opt/airflow/dags/data_ingestion.py
[2025-10-29T16:23:03.636+0000] {processor.py:830} INFO - Processing file /opt/airflow/dags/data_ingestion.py for tasks to queue
[2025-10-29T16:23:03.638+0000] {logging_mixin.py:188} INFO - [2025-10-29T16:23:03.638+0000] {dagbag.py:545} INFO - Filling up the DagBag from /opt/airflow/dags/data_ingestion.py
[2025-10-29T16:23:04.264+0000] {processor.py:840} INFO - DAG(s) 'police_data_ingestion' retrieved from /opt/airflow/dags/data_ingestion.py
[2025-10-29T16:23:04.298+0000] {logging_mixin.py:188} INFO - [2025-10-29T16:23:04.298+0000] {dag.py:3096} INFO - Sync 1 DAGs
[2025-10-29T16:23:04.322+0000] {logging_mixin.py:188} INFO - [2025-10-29T16:23:04.321+0000] {dag.py:3954} INFO - Setting next_dagrun for police_data_ingestion to 2025-11-01 00:00:00+00:00, run_after=2025-12-01 00:00:00+00:00
[2025-10-29T16:23:04.347+0000] {processor.py:183} INFO - Processing /opt/airflow/dags/data_ingestion.py took 0.720 seconds
[2025-10-29T16:23:34.839+0000] {processor.py:161} INFO - Started process (PID=1751) to work on /opt/airflow/dags/data_ingestion.py
[2025-10-29T16:23:34.841+0000] {processor.py:830} INFO - Processing file /opt/airflow/dags/data_ingestion.py for tasks to queue
[2025-10-29T16:23:34.843+0000] {logging_mixin.py:188} INFO - [2025-10-29T16:23:34.843+0000] {dagbag.py:545} INFO - Filling up the DagBag from /opt/airflow/dags/data_ingestion.py
[2025-10-29T16:23:35.488+0000] {processor.py:840} INFO - DAG(s) 'police_data_ingestion' retrieved from /opt/airflow/dags/data_ingestion.py
[2025-10-29T16:23:35.523+0000] {logging_mixin.py:188} INFO - [2025-10-29T16:23:35.522+0000] {dag.py:3096} INFO - Sync 1 DAGs
[2025-10-29T16:23:35.548+0000] {logging_mixin.py:188} INFO - [2025-10-29T16:23:35.548+0000] {dag.py:3954} INFO - Setting next_dagrun for police_data_ingestion to 2025-11-01 00:00:00+00:00, run_after=2025-12-01 00:00:00+00:00
[2025-10-29T16:23:35.572+0000] {processor.py:183} INFO - Processing /opt/airflow/dags/data_ingestion.py took 0.740 seconds
[2025-10-29T16:24:05.987+0000] {processor.py:161} INFO - Started process (PID=1763) to work on /opt/airflow/dags/data_ingestion.py
[2025-10-29T16:24:05.989+0000] {processor.py:830} INFO - Processing file /opt/airflow/dags/data_ingestion.py for tasks to queue
[2025-10-29T16:24:05.992+0000] {logging_mixin.py:188} INFO - [2025-10-29T16:24:05.991+0000] {dagbag.py:545} INFO - Filling up the DagBag from /opt/airflow/dags/data_ingestion.py
[2025-10-29T16:24:06.735+0000] {processor.py:840} INFO - DAG(s) 'police_data_ingestion' retrieved from /opt/airflow/dags/data_ingestion.py
[2025-10-29T16:24:06.808+0000] {logging_mixin.py:188} INFO - [2025-10-29T16:24:06.808+0000] {dag.py:3096} INFO - Sync 1 DAGs
[2025-10-29T16:24:06.848+0000] {logging_mixin.py:188} INFO - [2025-10-29T16:24:06.847+0000] {dag.py:3954} INFO - Setting next_dagrun for police_data_ingestion to 2025-11-01 00:00:00+00:00, run_after=2025-12-01 00:00:00+00:00
[2025-10-29T16:24:06.872+0000] {processor.py:183} INFO - Processing /opt/airflow/dags/data_ingestion.py took 0.893 seconds
[2025-10-29T16:24:37.340+0000] {processor.py:161} INFO - Started process (PID=1775) to work on /opt/airflow/dags/data_ingestion.py
[2025-10-29T16:24:37.341+0000] {processor.py:830} INFO - Processing file /opt/airflow/dags/data_ingestion.py for tasks to queue
[2025-10-29T16:24:37.345+0000] {logging_mixin.py:188} INFO - [2025-10-29T16:24:37.344+0000] {dagbag.py:545} INFO - Filling up the DagBag from /opt/airflow/dags/data_ingestion.py
[2025-10-29T16:24:38.106+0000] {processor.py:840} INFO - DAG(s) 'police_data_ingestion' retrieved from /opt/airflow/dags/data_ingestion.py
[2025-10-29T16:24:38.146+0000] {logging_mixin.py:188} INFO - [2025-10-29T16:24:38.145+0000] {dag.py:3096} INFO - Sync 1 DAGs
[2025-10-29T16:24:38.172+0000] {logging_mixin.py:188} INFO - [2025-10-29T16:24:38.172+0000] {dag.py:3954} INFO - Setting next_dagrun for police_data_ingestion to 2025-11-01 00:00:00+00:00, run_after=2025-12-01 00:00:00+00:00
[2025-10-29T16:24:38.198+0000] {processor.py:183} INFO - Processing /opt/airflow/dags/data_ingestion.py took 0.869 seconds
[2025-10-29T16:25:08.654+0000] {processor.py:161} INFO - Started process (PID=1787) to work on /opt/airflow/dags/data_ingestion.py
[2025-10-29T16:25:08.655+0000] {processor.py:830} INFO - Processing file /opt/airflow/dags/data_ingestion.py for tasks to queue
[2025-10-29T16:25:08.659+0000] {logging_mixin.py:188} INFO - [2025-10-29T16:25:08.658+0000] {dagbag.py:545} INFO - Filling up the DagBag from /opt/airflow/dags/data_ingestion.py
[2025-10-29T16:25:09.450+0000] {processor.py:840} INFO - DAG(s) 'police_data_ingestion' retrieved from /opt/airflow/dags/data_ingestion.py
[2025-10-29T16:25:09.496+0000] {logging_mixin.py:188} INFO - [2025-10-29T16:25:09.496+0000] {dag.py:3096} INFO - Sync 1 DAGs
[2025-10-29T16:25:09.531+0000] {logging_mixin.py:188} INFO - [2025-10-29T16:25:09.531+0000] {dag.py:3954} INFO - Setting next_dagrun for police_data_ingestion to 2025-11-01 00:00:00+00:00, run_after=2025-12-01 00:00:00+00:00
[2025-10-29T16:25:09.560+0000] {processor.py:183} INFO - Processing /opt/airflow/dags/data_ingestion.py took 0.914 seconds
[2025-10-29T16:25:40.015+0000] {processor.py:161} INFO - Started process (PID=1799) to work on /opt/airflow/dags/data_ingestion.py
[2025-10-29T16:25:40.017+0000] {processor.py:830} INFO - Processing file /opt/airflow/dags/data_ingestion.py for tasks to queue
[2025-10-29T16:25:40.019+0000] {logging_mixin.py:188} INFO - [2025-10-29T16:25:40.019+0000] {dagbag.py:545} INFO - Filling up the DagBag from /opt/airflow/dags/data_ingestion.py
[2025-10-29T16:25:40.674+0000] {processor.py:840} INFO - DAG(s) 'police_data_ingestion' retrieved from /opt/airflow/dags/data_ingestion.py
[2025-10-29T16:25:40.720+0000] {logging_mixin.py:188} INFO - [2025-10-29T16:25:40.719+0000] {dag.py:3096} INFO - Sync 1 DAGs
[2025-10-29T16:25:40.742+0000] {logging_mixin.py:188} INFO - [2025-10-29T16:25:40.741+0000] {dag.py:3954} INFO - Setting next_dagrun for police_data_ingestion to 2025-11-01 00:00:00+00:00, run_after=2025-12-01 00:00:00+00:00
[2025-10-29T16:25:40.763+0000] {processor.py:183} INFO - Processing /opt/airflow/dags/data_ingestion.py took 0.755 seconds
[2025-10-29T16:26:11.203+0000] {processor.py:161} INFO - Started process (PID=1811) to work on /opt/airflow/dags/data_ingestion.py
[2025-10-29T16:26:11.204+0000] {processor.py:830} INFO - Processing file /opt/airflow/dags/data_ingestion.py for tasks to queue
[2025-10-29T16:26:11.207+0000] {logging_mixin.py:188} INFO - [2025-10-29T16:26:11.206+0000] {dagbag.py:545} INFO - Filling up the DagBag from /opt/airflow/dags/data_ingestion.py
[2025-10-29T16:26:11.989+0000] {processor.py:840} INFO - DAG(s) 'police_data_ingestion' retrieved from /opt/airflow/dags/data_ingestion.py
[2025-10-29T16:26:12.033+0000] {logging_mixin.py:188} INFO - [2025-10-29T16:26:12.032+0000] {dag.py:3096} INFO - Sync 1 DAGs
[2025-10-29T16:26:12.065+0000] {logging_mixin.py:188} INFO - [2025-10-29T16:26:12.064+0000] {dag.py:3954} INFO - Setting next_dagrun for police_data_ingestion to 2025-11-01 00:00:00+00:00, run_after=2025-12-01 00:00:00+00:00
[2025-10-29T16:26:12.097+0000] {processor.py:183} INFO - Processing /opt/airflow/dags/data_ingestion.py took 0.902 seconds
[2025-10-29T16:26:42.572+0000] {processor.py:161} INFO - Started process (PID=1823) to work on /opt/airflow/dags/data_ingestion.py
[2025-10-29T16:26:42.574+0000] {processor.py:830} INFO - Processing file /opt/airflow/dags/data_ingestion.py for tasks to queue
[2025-10-29T16:26:42.576+0000] {logging_mixin.py:188} INFO - [2025-10-29T16:26:42.576+0000] {dagbag.py:545} INFO - Filling up the DagBag from /opt/airflow/dags/data_ingestion.py
[2025-10-29T16:26:43.242+0000] {processor.py:840} INFO - DAG(s) 'police_data_ingestion' retrieved from /opt/airflow/dags/data_ingestion.py
[2025-10-29T16:26:43.278+0000] {logging_mixin.py:188} INFO - [2025-10-29T16:26:43.278+0000] {dag.py:3096} INFO - Sync 1 DAGs
[2025-10-29T16:26:43.303+0000] {logging_mixin.py:188} INFO - [2025-10-29T16:26:43.302+0000] {dag.py:3954} INFO - Setting next_dagrun for police_data_ingestion to 2025-11-01 00:00:00+00:00, run_after=2025-12-01 00:00:00+00:00
[2025-10-29T16:26:43.327+0000] {processor.py:183} INFO - Processing /opt/airflow/dags/data_ingestion.py took 0.762 seconds
[2025-10-29T16:27:13.790+0000] {processor.py:161} INFO - Started process (PID=1835) to work on /opt/airflow/dags/data_ingestion.py
[2025-10-29T16:27:13.792+0000] {processor.py:830} INFO - Processing file /opt/airflow/dags/data_ingestion.py for tasks to queue
[2025-10-29T16:27:13.795+0000] {logging_mixin.py:188} INFO - [2025-10-29T16:27:13.795+0000] {dagbag.py:545} INFO - Filling up the DagBag from /opt/airflow/dags/data_ingestion.py
[2025-10-29T16:27:14.455+0000] {processor.py:840} INFO - DAG(s) 'police_data_ingestion' retrieved from /opt/airflow/dags/data_ingestion.py
[2025-10-29T16:27:14.491+0000] {logging_mixin.py:188} INFO - [2025-10-29T16:27:14.490+0000] {dag.py:3096} INFO - Sync 1 DAGs
[2025-10-29T16:27:14.513+0000] {logging_mixin.py:188} INFO - [2025-10-29T16:27:14.513+0000] {dag.py:3954} INFO - Setting next_dagrun for police_data_ingestion to 2025-11-01 00:00:00+00:00, run_after=2025-12-01 00:00:00+00:00
[2025-10-29T16:27:14.540+0000] {processor.py:183} INFO - Processing /opt/airflow/dags/data_ingestion.py took 0.758 seconds
[2025-10-29T16:27:45.146+0000] {processor.py:161} INFO - Started process (PID=1847) to work on /opt/airflow/dags/data_ingestion.py
[2025-10-29T16:27:45.148+0000] {processor.py:830} INFO - Processing file /opt/airflow/dags/data_ingestion.py for tasks to queue
[2025-10-29T16:27:45.151+0000] {logging_mixin.py:188} INFO - [2025-10-29T16:27:45.150+0000] {dagbag.py:545} INFO - Filling up the DagBag from /opt/airflow/dags/data_ingestion.py
[2025-10-29T16:27:45.780+0000] {processor.py:840} INFO - DAG(s) 'police_data_ingestion' retrieved from /opt/airflow/dags/data_ingestion.py
[2025-10-29T16:27:45.814+0000] {logging_mixin.py:188} INFO - [2025-10-29T16:27:45.814+0000] {dag.py:3096} INFO - Sync 1 DAGs
[2025-10-29T16:27:45.837+0000] {logging_mixin.py:188} INFO - [2025-10-29T16:27:45.837+0000] {dag.py:3954} INFO - Setting next_dagrun for police_data_ingestion to 2025-11-01 00:00:00+00:00, run_after=2025-12-01 00:00:00+00:00
[2025-10-29T16:27:45.867+0000] {processor.py:183} INFO - Processing /opt/airflow/dags/data_ingestion.py took 0.729 seconds
[2025-10-29T16:28:16.368+0000] {processor.py:161} INFO - Started process (PID=1859) to work on /opt/airflow/dags/data_ingestion.py
[2025-10-29T16:28:16.370+0000] {processor.py:830} INFO - Processing file /opt/airflow/dags/data_ingestion.py for tasks to queue
[2025-10-29T16:28:16.372+0000] {logging_mixin.py:188} INFO - [2025-10-29T16:28:16.372+0000] {dagbag.py:545} INFO - Filling up the DagBag from /opt/airflow/dags/data_ingestion.py
[2025-10-29T16:28:17.204+0000] {processor.py:840} INFO - DAG(s) 'police_data_ingestion' retrieved from /opt/airflow/dags/data_ingestion.py
[2025-10-29T16:28:17.239+0000] {logging_mixin.py:188} INFO - [2025-10-29T16:28:17.238+0000] {dag.py:3096} INFO - Sync 1 DAGs
[2025-10-29T16:28:17.263+0000] {logging_mixin.py:188} INFO - [2025-10-29T16:28:17.263+0000] {dag.py:3954} INFO - Setting next_dagrun for police_data_ingestion to 2025-11-01 00:00:00+00:00, run_after=2025-12-01 00:00:00+00:00
[2025-10-29T16:28:17.286+0000] {processor.py:183} INFO - Processing /opt/airflow/dags/data_ingestion.py took 0.928 seconds
[2025-10-29T16:28:47.812+0000] {processor.py:161} INFO - Started process (PID=1871) to work on /opt/airflow/dags/data_ingestion.py
[2025-10-29T16:28:47.813+0000] {processor.py:830} INFO - Processing file /opt/airflow/dags/data_ingestion.py for tasks to queue
[2025-10-29T16:28:47.816+0000] {logging_mixin.py:188} INFO - [2025-10-29T16:28:47.816+0000] {dagbag.py:545} INFO - Filling up the DagBag from /opt/airflow/dags/data_ingestion.py
[2025-10-29T16:28:48.712+0000] {processor.py:840} INFO - DAG(s) 'police_data_ingestion' retrieved from /opt/airflow/dags/data_ingestion.py
[2025-10-29T16:28:48.761+0000] {logging_mixin.py:188} INFO - [2025-10-29T16:28:48.760+0000] {dag.py:3096} INFO - Sync 1 DAGs
[2025-10-29T16:28:48.788+0000] {logging_mixin.py:188} INFO - [2025-10-29T16:28:48.787+0000] {dag.py:3954} INFO - Setting next_dagrun for police_data_ingestion to 2025-11-01 00:00:00+00:00, run_after=2025-12-01 00:00:00+00:00
[2025-10-29T16:28:48.810+0000] {processor.py:183} INFO - Processing /opt/airflow/dags/data_ingestion.py took 1.007 seconds
[2025-10-29T16:29:19.298+0000] {processor.py:161} INFO - Started process (PID=1883) to work on /opt/airflow/dags/data_ingestion.py
[2025-10-29T16:29:19.299+0000] {processor.py:830} INFO - Processing file /opt/airflow/dags/data_ingestion.py for tasks to queue
[2025-10-29T16:29:19.302+0000] {logging_mixin.py:188} INFO - [2025-10-29T16:29:19.301+0000] {dagbag.py:545} INFO - Filling up the DagBag from /opt/airflow/dags/data_ingestion.py
[2025-10-29T16:29:20.065+0000] {processor.py:840} INFO - DAG(s) 'police_data_ingestion' retrieved from /opt/airflow/dags/data_ingestion.py
[2025-10-29T16:29:20.100+0000] {logging_mixin.py:188} INFO - [2025-10-29T16:29:20.099+0000] {dag.py:3096} INFO - Sync 1 DAGs
[2025-10-29T16:29:20.124+0000] {logging_mixin.py:188} INFO - [2025-10-29T16:29:20.124+0000] {dag.py:3954} INFO - Setting next_dagrun for police_data_ingestion to 2025-11-01 00:00:00+00:00, run_after=2025-12-01 00:00:00+00:00
[2025-10-29T16:29:20.156+0000] {processor.py:183} INFO - Processing /opt/airflow/dags/data_ingestion.py took 0.869 seconds
[2025-10-29T16:29:50.611+0000] {processor.py:161} INFO - Started process (PID=1895) to work on /opt/airflow/dags/data_ingestion.py
[2025-10-29T16:29:50.612+0000] {processor.py:830} INFO - Processing file /opt/airflow/dags/data_ingestion.py for tasks to queue
[2025-10-29T16:29:50.615+0000] {logging_mixin.py:188} INFO - [2025-10-29T16:29:50.614+0000] {dagbag.py:545} INFO - Filling up the DagBag from /opt/airflow/dags/data_ingestion.py
[2025-10-29T16:29:51.303+0000] {processor.py:840} INFO - DAG(s) 'police_data_ingestion' retrieved from /opt/airflow/dags/data_ingestion.py
[2025-10-29T16:29:51.345+0000] {logging_mixin.py:188} INFO - [2025-10-29T16:29:51.345+0000] {dag.py:3096} INFO - Sync 1 DAGs
[2025-10-29T16:29:51.375+0000] {logging_mixin.py:188} INFO - [2025-10-29T16:29:51.374+0000] {dag.py:3954} INFO - Setting next_dagrun for police_data_ingestion to 2025-11-01 00:00:00+00:00, run_after=2025-12-01 00:00:00+00:00
[2025-10-29T16:29:51.403+0000] {processor.py:183} INFO - Processing /opt/airflow/dags/data_ingestion.py took 0.800 seconds
[2025-10-29T16:30:21.887+0000] {processor.py:161} INFO - Started process (PID=1907) to work on /opt/airflow/dags/data_ingestion.py
[2025-10-29T16:30:21.889+0000] {processor.py:830} INFO - Processing file /opt/airflow/dags/data_ingestion.py for tasks to queue
[2025-10-29T16:30:21.891+0000] {logging_mixin.py:188} INFO - [2025-10-29T16:30:21.890+0000] {dagbag.py:545} INFO - Filling up the DagBag from /opt/airflow/dags/data_ingestion.py
[2025-10-29T16:30:22.523+0000] {processor.py:840} INFO - DAG(s) 'police_data_ingestion' retrieved from /opt/airflow/dags/data_ingestion.py
[2025-10-29T16:30:22.561+0000] {logging_mixin.py:188} INFO - [2025-10-29T16:30:22.560+0000] {dag.py:3096} INFO - Sync 1 DAGs
[2025-10-29T16:30:22.610+0000] {logging_mixin.py:188} INFO - [2025-10-29T16:30:22.609+0000] {dag.py:3954} INFO - Setting next_dagrun for police_data_ingestion to 2025-11-01 00:00:00+00:00, run_after=2025-12-01 00:00:00+00:00
[2025-10-29T16:30:22.646+0000] {processor.py:183} INFO - Processing /opt/airflow/dags/data_ingestion.py took 0.767 seconds
[2025-10-29T16:30:53.025+0000] {processor.py:161} INFO - Started process (PID=1919) to work on /opt/airflow/dags/data_ingestion.py
[2025-10-29T16:30:53.027+0000] {processor.py:830} INFO - Processing file /opt/airflow/dags/data_ingestion.py for tasks to queue
[2025-10-29T16:30:53.030+0000] {logging_mixin.py:188} INFO - [2025-10-29T16:30:53.029+0000] {dagbag.py:545} INFO - Filling up the DagBag from /opt/airflow/dags/data_ingestion.py
[2025-10-29T16:30:53.763+0000] {processor.py:840} INFO - DAG(s) 'police_data_ingestion' retrieved from /opt/airflow/dags/data_ingestion.py
[2025-10-29T16:30:53.800+0000] {logging_mixin.py:188} INFO - [2025-10-29T16:30:53.799+0000] {dag.py:3096} INFO - Sync 1 DAGs
[2025-10-29T16:30:53.829+0000] {logging_mixin.py:188} INFO - [2025-10-29T16:30:53.828+0000] {dag.py:3954} INFO - Setting next_dagrun for police_data_ingestion to 2025-11-01 00:00:00+00:00, run_after=2025-12-01 00:00:00+00:00
[2025-10-29T16:30:53.860+0000] {processor.py:183} INFO - Processing /opt/airflow/dags/data_ingestion.py took 0.844 seconds
[2025-10-29T16:31:24.345+0000] {processor.py:161} INFO - Started process (PID=1931) to work on /opt/airflow/dags/data_ingestion.py
[2025-10-29T16:31:24.346+0000] {processor.py:830} INFO - Processing file /opt/airflow/dags/data_ingestion.py for tasks to queue
[2025-10-29T16:31:24.349+0000] {logging_mixin.py:188} INFO - [2025-10-29T16:31:24.349+0000] {dagbag.py:545} INFO - Filling up the DagBag from /opt/airflow/dags/data_ingestion.py
[2025-10-29T16:31:24.997+0000] {processor.py:840} INFO - DAG(s) 'police_data_ingestion' retrieved from /opt/airflow/dags/data_ingestion.py
[2025-10-29T16:31:25.036+0000] {logging_mixin.py:188} INFO - [2025-10-29T16:31:25.036+0000] {dag.py:3096} INFO - Sync 1 DAGs
[2025-10-29T16:31:25.059+0000] {logging_mixin.py:188} INFO - [2025-10-29T16:31:25.059+0000] {dag.py:3954} INFO - Setting next_dagrun for police_data_ingestion to 2025-11-01 00:00:00+00:00, run_after=2025-12-01 00:00:00+00:00
[2025-10-29T16:31:25.084+0000] {processor.py:183} INFO - Processing /opt/airflow/dags/data_ingestion.py took 0.750 seconds
[2025-10-29T16:31:55.663+0000] {processor.py:161} INFO - Started process (PID=1943) to work on /opt/airflow/dags/data_ingestion.py
[2025-10-29T16:31:55.664+0000] {processor.py:830} INFO - Processing file /opt/airflow/dags/data_ingestion.py for tasks to queue
[2025-10-29T16:31:55.667+0000] {logging_mixin.py:188} INFO - [2025-10-29T16:31:55.667+0000] {dagbag.py:545} INFO - Filling up the DagBag from /opt/airflow/dags/data_ingestion.py
[2025-10-29T16:31:56.571+0000] {processor.py:840} INFO - DAG(s) 'police_data_ingestion' retrieved from /opt/airflow/dags/data_ingestion.py
[2025-10-29T16:31:56.610+0000] {logging_mixin.py:188} INFO - [2025-10-29T16:31:56.609+0000] {dag.py:3096} INFO - Sync 1 DAGs
[2025-10-29T16:31:56.634+0000] {logging_mixin.py:188} INFO - [2025-10-29T16:31:56.633+0000] {dag.py:3954} INFO - Setting next_dagrun for police_data_ingestion to 2025-11-01 00:00:00+00:00, run_after=2025-12-01 00:00:00+00:00
[2025-10-29T16:31:56.669+0000] {processor.py:183} INFO - Processing /opt/airflow/dags/data_ingestion.py took 1.015 seconds
[2025-10-29T16:32:27.132+0000] {processor.py:161} INFO - Started process (PID=1955) to work on /opt/airflow/dags/data_ingestion.py
[2025-10-29T16:32:27.149+0000] {processor.py:830} INFO - Processing file /opt/airflow/dags/data_ingestion.py for tasks to queue
[2025-10-29T16:32:27.153+0000] {logging_mixin.py:188} INFO - [2025-10-29T16:32:27.153+0000] {dagbag.py:545} INFO - Filling up the DagBag from /opt/airflow/dags/data_ingestion.py
[2025-10-29T16:32:27.834+0000] {processor.py:840} INFO - DAG(s) 'police_data_ingestion' retrieved from /opt/airflow/dags/data_ingestion.py
[2025-10-29T16:32:27.869+0000] {logging_mixin.py:188} INFO - [2025-10-29T16:32:27.868+0000] {dag.py:3096} INFO - Sync 1 DAGs
[2025-10-29T16:32:27.893+0000] {logging_mixin.py:188} INFO - [2025-10-29T16:32:27.893+0000] {dag.py:3954} INFO - Setting next_dagrun for police_data_ingestion to 2025-11-01 00:00:00+00:00, run_after=2025-12-01 00:00:00+00:00
[2025-10-29T16:32:27.927+0000] {processor.py:183} INFO - Processing /opt/airflow/dags/data_ingestion.py took 0.820 seconds
[2025-10-29T16:32:58.341+0000] {processor.py:161} INFO - Started process (PID=1967) to work on /opt/airflow/dags/data_ingestion.py
[2025-10-29T16:32:58.343+0000] {processor.py:830} INFO - Processing file /opt/airflow/dags/data_ingestion.py for tasks to queue
[2025-10-29T16:32:58.345+0000] {logging_mixin.py:188} INFO - [2025-10-29T16:32:58.345+0000] {dagbag.py:545} INFO - Filling up the DagBag from /opt/airflow/dags/data_ingestion.py
[2025-10-29T16:32:59.132+0000] {processor.py:840} INFO - DAG(s) 'police_data_ingestion' retrieved from /opt/airflow/dags/data_ingestion.py
[2025-10-29T16:32:59.167+0000] {logging_mixin.py:188} INFO - [2025-10-29T16:32:59.166+0000] {dag.py:3096} INFO - Sync 1 DAGs
[2025-10-29T16:32:59.204+0000] {logging_mixin.py:188} INFO - [2025-10-29T16:32:59.204+0000] {dag.py:3954} INFO - Setting next_dagrun for police_data_ingestion to 2025-11-01 00:00:00+00:00, run_after=2025-12-01 00:00:00+00:00
[2025-10-29T16:32:59.229+0000] {processor.py:183} INFO - Processing /opt/airflow/dags/data_ingestion.py took 0.896 seconds
[2025-10-29T16:33:29.653+0000] {processor.py:161} INFO - Started process (PID=1979) to work on /opt/airflow/dags/data_ingestion.py
[2025-10-29T16:33:29.655+0000] {processor.py:830} INFO - Processing file /opt/airflow/dags/data_ingestion.py for tasks to queue
[2025-10-29T16:33:29.657+0000] {logging_mixin.py:188} INFO - [2025-10-29T16:33:29.657+0000] {dagbag.py:545} INFO - Filling up the DagBag from /opt/airflow/dags/data_ingestion.py
[2025-10-29T16:33:30.286+0000] {processor.py:840} INFO - DAG(s) 'police_data_ingestion' retrieved from /opt/airflow/dags/data_ingestion.py
[2025-10-29T16:33:30.328+0000] {logging_mixin.py:188} INFO - [2025-10-29T16:33:30.328+0000] {dag.py:3096} INFO - Sync 1 DAGs
[2025-10-29T16:33:30.354+0000] {logging_mixin.py:188} INFO - [2025-10-29T16:33:30.354+0000] {dag.py:3954} INFO - Setting next_dagrun for police_data_ingestion to 2025-11-01 00:00:00+00:00, run_after=2025-12-01 00:00:00+00:00
[2025-10-29T16:33:30.381+0000] {processor.py:183} INFO - Processing /opt/airflow/dags/data_ingestion.py took 0.735 seconds
[2025-10-29T16:34:00.817+0000] {processor.py:161} INFO - Started process (PID=1991) to work on /opt/airflow/dags/data_ingestion.py
[2025-10-29T16:34:00.818+0000] {processor.py:830} INFO - Processing file /opt/airflow/dags/data_ingestion.py for tasks to queue
[2025-10-29T16:34:00.821+0000] {logging_mixin.py:188} INFO - [2025-10-29T16:34:00.821+0000] {dagbag.py:545} INFO - Filling up the DagBag from /opt/airflow/dags/data_ingestion.py
[2025-10-29T16:34:01.472+0000] {processor.py:840} INFO - DAG(s) 'police_data_ingestion' retrieved from /opt/airflow/dags/data_ingestion.py
[2025-10-29T16:34:01.512+0000] {logging_mixin.py:188} INFO - [2025-10-29T16:34:01.512+0000] {dag.py:3096} INFO - Sync 1 DAGs
[2025-10-29T16:34:01.541+0000] {logging_mixin.py:188} INFO - [2025-10-29T16:34:01.541+0000] {dag.py:3954} INFO - Setting next_dagrun for police_data_ingestion to 2025-11-01 00:00:00+00:00, run_after=2025-12-01 00:00:00+00:00
[2025-10-29T16:34:01.567+0000] {processor.py:183} INFO - Processing /opt/airflow/dags/data_ingestion.py took 0.758 seconds
[2025-10-29T16:34:31.967+0000] {processor.py:161} INFO - Started process (PID=2003) to work on /opt/airflow/dags/data_ingestion.py
[2025-10-29T16:34:31.969+0000] {processor.py:830} INFO - Processing file /opt/airflow/dags/data_ingestion.py for tasks to queue
[2025-10-29T16:34:31.971+0000] {logging_mixin.py:188} INFO - [2025-10-29T16:34:31.971+0000] {dagbag.py:545} INFO - Filling up the DagBag from /opt/airflow/dags/data_ingestion.py
[2025-10-29T16:34:32.611+0000] {processor.py:840} INFO - DAG(s) 'police_data_ingestion' retrieved from /opt/airflow/dags/data_ingestion.py
[2025-10-29T16:34:32.645+0000] {logging_mixin.py:188} INFO - [2025-10-29T16:34:32.645+0000] {dag.py:3096} INFO - Sync 1 DAGs
[2025-10-29T16:34:32.669+0000] {logging_mixin.py:188} INFO - [2025-10-29T16:34:32.669+0000] {dag.py:3954} INFO - Setting next_dagrun for police_data_ingestion to 2025-11-01 00:00:00+00:00, run_after=2025-12-01 00:00:00+00:00
[2025-10-29T16:34:32.693+0000] {processor.py:183} INFO - Processing /opt/airflow/dags/data_ingestion.py took 0.734 seconds
[2025-10-29T16:35:03.171+0000] {processor.py:161} INFO - Started process (PID=2015) to work on /opt/airflow/dags/data_ingestion.py
[2025-10-29T16:35:03.173+0000] {processor.py:830} INFO - Processing file /opt/airflow/dags/data_ingestion.py for tasks to queue
[2025-10-29T16:35:03.175+0000] {logging_mixin.py:188} INFO - [2025-10-29T16:35:03.175+0000] {dagbag.py:545} INFO - Filling up the DagBag from /opt/airflow/dags/data_ingestion.py
[2025-10-29T16:35:03.880+0000] {processor.py:840} INFO - DAG(s) 'police_data_ingestion' retrieved from /opt/airflow/dags/data_ingestion.py
[2025-10-29T16:35:03.916+0000] {logging_mixin.py:188} INFO - [2025-10-29T16:35:03.915+0000] {dag.py:3096} INFO - Sync 1 DAGs
[2025-10-29T16:35:03.941+0000] {logging_mixin.py:188} INFO - [2025-10-29T16:35:03.940+0000] {dag.py:3954} INFO - Setting next_dagrun for police_data_ingestion to 2025-11-01 00:00:00+00:00, run_after=2025-12-01 00:00:00+00:00
[2025-10-29T16:35:03.965+0000] {processor.py:183} INFO - Processing /opt/airflow/dags/data_ingestion.py took 0.803 seconds
[2025-10-29T16:35:34.360+0000] {processor.py:161} INFO - Started process (PID=2027) to work on /opt/airflow/dags/data_ingestion.py
[2025-10-29T16:35:34.362+0000] {processor.py:830} INFO - Processing file /opt/airflow/dags/data_ingestion.py for tasks to queue
[2025-10-29T16:35:34.364+0000] {logging_mixin.py:188} INFO - [2025-10-29T16:35:34.364+0000] {dagbag.py:545} INFO - Filling up the DagBag from /opt/airflow/dags/data_ingestion.py
[2025-10-29T16:35:35.001+0000] {processor.py:840} INFO - DAG(s) 'police_data_ingestion' retrieved from /opt/airflow/dags/data_ingestion.py
[2025-10-29T16:35:35.045+0000] {logging_mixin.py:188} INFO - [2025-10-29T16:35:35.045+0000] {dag.py:3096} INFO - Sync 1 DAGs
[2025-10-29T16:35:35.071+0000] {logging_mixin.py:188} INFO - [2025-10-29T16:35:35.071+0000] {dag.py:3954} INFO - Setting next_dagrun for police_data_ingestion to 2025-11-01 00:00:00+00:00, run_after=2025-12-01 00:00:00+00:00
[2025-10-29T16:35:35.097+0000] {processor.py:183} INFO - Processing /opt/airflow/dags/data_ingestion.py took 0.744 seconds
[2025-10-29T16:36:05.647+0000] {processor.py:161} INFO - Started process (PID=2039) to work on /opt/airflow/dags/data_ingestion.py
[2025-10-29T16:36:05.648+0000] {processor.py:830} INFO - Processing file /opt/airflow/dags/data_ingestion.py for tasks to queue
[2025-10-29T16:36:05.651+0000] {logging_mixin.py:188} INFO - [2025-10-29T16:36:05.651+0000] {dagbag.py:545} INFO - Filling up the DagBag from /opt/airflow/dags/data_ingestion.py
[2025-10-29T16:36:06.267+0000] {processor.py:840} INFO - DAG(s) 'police_data_ingestion' retrieved from /opt/airflow/dags/data_ingestion.py
[2025-10-29T16:36:06.302+0000] {logging_mixin.py:188} INFO - [2025-10-29T16:36:06.302+0000] {dag.py:3096} INFO - Sync 1 DAGs
[2025-10-29T16:36:06.326+0000] {logging_mixin.py:188} INFO - [2025-10-29T16:36:06.326+0000] {dag.py:3954} INFO - Setting next_dagrun for police_data_ingestion to 2025-11-01 00:00:00+00:00, run_after=2025-12-01 00:00:00+00:00
[2025-10-29T16:36:06.349+0000] {processor.py:183} INFO - Processing /opt/airflow/dags/data_ingestion.py took 0.712 seconds
[2025-10-29T16:36:36.797+0000] {processor.py:161} INFO - Started process (PID=2051) to work on /opt/airflow/dags/data_ingestion.py
[2025-10-29T16:36:36.798+0000] {processor.py:830} INFO - Processing file /opt/airflow/dags/data_ingestion.py for tasks to queue
[2025-10-29T16:36:36.801+0000] {logging_mixin.py:188} INFO - [2025-10-29T16:36:36.800+0000] {dagbag.py:545} INFO - Filling up the DagBag from /opt/airflow/dags/data_ingestion.py
[2025-10-29T16:36:37.477+0000] {processor.py:840} INFO - DAG(s) 'police_data_ingestion' retrieved from /opt/airflow/dags/data_ingestion.py
[2025-10-29T16:36:37.510+0000] {logging_mixin.py:188} INFO - [2025-10-29T16:36:37.509+0000] {dag.py:3096} INFO - Sync 1 DAGs
[2025-10-29T16:36:37.540+0000] {logging_mixin.py:188} INFO - [2025-10-29T16:36:37.540+0000] {dag.py:3954} INFO - Setting next_dagrun for police_data_ingestion to 2025-11-01 00:00:00+00:00, run_after=2025-12-01 00:00:00+00:00
[2025-10-29T16:36:37.570+0000] {processor.py:183} INFO - Processing /opt/airflow/dags/data_ingestion.py took 0.781 seconds
[2025-10-29T16:37:08.080+0000] {processor.py:161} INFO - Started process (PID=2063) to work on /opt/airflow/dags/data_ingestion.py
[2025-10-29T16:37:08.082+0000] {processor.py:830} INFO - Processing file /opt/airflow/dags/data_ingestion.py for tasks to queue
[2025-10-29T16:37:08.085+0000] {logging_mixin.py:188} INFO - [2025-10-29T16:37:08.084+0000] {dagbag.py:545} INFO - Filling up the DagBag from /opt/airflow/dags/data_ingestion.py
[2025-10-29T16:37:08.753+0000] {processor.py:840} INFO - DAG(s) 'police_data_ingestion' retrieved from /opt/airflow/dags/data_ingestion.py
[2025-10-29T16:37:08.786+0000] {logging_mixin.py:188} INFO - [2025-10-29T16:37:08.786+0000] {dag.py:3096} INFO - Sync 1 DAGs
[2025-10-29T16:37:08.811+0000] {logging_mixin.py:188} INFO - [2025-10-29T16:37:08.811+0000] {dag.py:3954} INFO - Setting next_dagrun for police_data_ingestion to 2025-11-01 00:00:00+00:00, run_after=2025-12-01 00:00:00+00:00
[2025-10-29T16:37:08.839+0000] {processor.py:183} INFO - Processing /opt/airflow/dags/data_ingestion.py took 0.767 seconds
[2025-10-29T16:37:39.307+0000] {processor.py:161} INFO - Started process (PID=2075) to work on /opt/airflow/dags/data_ingestion.py
[2025-10-29T16:37:39.308+0000] {processor.py:830} INFO - Processing file /opt/airflow/dags/data_ingestion.py for tasks to queue
[2025-10-29T16:37:39.311+0000] {logging_mixin.py:188} INFO - [2025-10-29T16:37:39.311+0000] {dagbag.py:545} INFO - Filling up the DagBag from /opt/airflow/dags/data_ingestion.py
[2025-10-29T16:37:39.984+0000] {processor.py:840} INFO - DAG(s) 'police_data_ingestion' retrieved from /opt/airflow/dags/data_ingestion.py
[2025-10-29T16:37:40.022+0000] {logging_mixin.py:188} INFO - [2025-10-29T16:37:40.022+0000] {dag.py:3096} INFO - Sync 1 DAGs
[2025-10-29T16:37:40.046+0000] {logging_mixin.py:188} INFO - [2025-10-29T16:37:40.046+0000] {dag.py:3954} INFO - Setting next_dagrun for police_data_ingestion to 2025-11-01 00:00:00+00:00, run_after=2025-12-01 00:00:00+00:00
[2025-10-29T16:37:40.069+0000] {processor.py:183} INFO - Processing /opt/airflow/dags/data_ingestion.py took 0.770 seconds
[2025-10-29T16:38:10.584+0000] {processor.py:161} INFO - Started process (PID=2087) to work on /opt/airflow/dags/data_ingestion.py
[2025-10-29T16:38:10.586+0000] {processor.py:830} INFO - Processing file /opt/airflow/dags/data_ingestion.py for tasks to queue
[2025-10-29T16:38:10.588+0000] {logging_mixin.py:188} INFO - [2025-10-29T16:38:10.588+0000] {dagbag.py:545} INFO - Filling up the DagBag from /opt/airflow/dags/data_ingestion.py
[2025-10-29T16:38:11.251+0000] {processor.py:840} INFO - DAG(s) 'police_data_ingestion' retrieved from /opt/airflow/dags/data_ingestion.py
[2025-10-29T16:38:11.286+0000] {logging_mixin.py:188} INFO - [2025-10-29T16:38:11.285+0000] {dag.py:3096} INFO - Sync 1 DAGs
[2025-10-29T16:38:11.311+0000] {logging_mixin.py:188} INFO - [2025-10-29T16:38:11.310+0000] {dag.py:3954} INFO - Setting next_dagrun for police_data_ingestion to 2025-11-01 00:00:00+00:00, run_after=2025-12-01 00:00:00+00:00
[2025-10-29T16:38:11.335+0000] {processor.py:183} INFO - Processing /opt/airflow/dags/data_ingestion.py took 0.759 seconds
[2025-10-29T16:38:41.856+0000] {processor.py:161} INFO - Started process (PID=2099) to work on /opt/airflow/dags/data_ingestion.py
[2025-10-29T16:38:41.858+0000] {processor.py:830} INFO - Processing file /opt/airflow/dags/data_ingestion.py for tasks to queue
[2025-10-29T16:38:41.860+0000] {logging_mixin.py:188} INFO - [2025-10-29T16:38:41.860+0000] {dagbag.py:545} INFO - Filling up the DagBag from /opt/airflow/dags/data_ingestion.py
[2025-10-29T16:38:42.543+0000] {processor.py:840} INFO - DAG(s) 'police_data_ingestion' retrieved from /opt/airflow/dags/data_ingestion.py
[2025-10-29T16:38:42.582+0000] {logging_mixin.py:188} INFO - [2025-10-29T16:38:42.581+0000] {dag.py:3096} INFO - Sync 1 DAGs
[2025-10-29T16:38:42.612+0000] {logging_mixin.py:188} INFO - [2025-10-29T16:38:42.612+0000] {dag.py:3954} INFO - Setting next_dagrun for police_data_ingestion to 2025-11-01 00:00:00+00:00, run_after=2025-12-01 00:00:00+00:00
[2025-10-29T16:38:42.648+0000] {processor.py:183} INFO - Processing /opt/airflow/dags/data_ingestion.py took 0.800 seconds
[2025-10-29T16:39:13.094+0000] {processor.py:161} INFO - Started process (PID=2111) to work on /opt/airflow/dags/data_ingestion.py
[2025-10-29T16:39:13.095+0000] {processor.py:830} INFO - Processing file /opt/airflow/dags/data_ingestion.py for tasks to queue
[2025-10-29T16:39:13.099+0000] {logging_mixin.py:188} INFO - [2025-10-29T16:39:13.098+0000] {dagbag.py:545} INFO - Filling up the DagBag from /opt/airflow/dags/data_ingestion.py
[2025-10-29T16:39:13.761+0000] {processor.py:840} INFO - DAG(s) 'police_data_ingestion' retrieved from /opt/airflow/dags/data_ingestion.py
[2025-10-29T16:39:13.796+0000] {logging_mixin.py:188} INFO - [2025-10-29T16:39:13.796+0000] {dag.py:3096} INFO - Sync 1 DAGs
[2025-10-29T16:39:13.822+0000] {logging_mixin.py:188} INFO - [2025-10-29T16:39:13.821+0000] {dag.py:3954} INFO - Setting next_dagrun for police_data_ingestion to 2025-11-01 00:00:00+00:00, run_after=2025-12-01 00:00:00+00:00
[2025-10-29T16:39:13.845+0000] {processor.py:183} INFO - Processing /opt/airflow/dags/data_ingestion.py took 0.760 seconds
[2025-10-29T16:39:44.286+0000] {processor.py:161} INFO - Started process (PID=2123) to work on /opt/airflow/dags/data_ingestion.py
[2025-10-29T16:39:44.288+0000] {processor.py:830} INFO - Processing file /opt/airflow/dags/data_ingestion.py for tasks to queue
[2025-10-29T16:39:44.290+0000] {logging_mixin.py:188} INFO - [2025-10-29T16:39:44.290+0000] {dagbag.py:545} INFO - Filling up the DagBag from /opt/airflow/dags/data_ingestion.py
[2025-10-29T16:39:44.899+0000] {processor.py:840} INFO - DAG(s) 'police_data_ingestion' retrieved from /opt/airflow/dags/data_ingestion.py
[2025-10-29T16:39:44.933+0000] {logging_mixin.py:188} INFO - [2025-10-29T16:39:44.932+0000] {dag.py:3096} INFO - Sync 1 DAGs
[2025-10-29T16:39:44.960+0000] {logging_mixin.py:188} INFO - [2025-10-29T16:39:44.959+0000] {dag.py:3954} INFO - Setting next_dagrun for police_data_ingestion to 2025-11-01 00:00:00+00:00, run_after=2025-12-01 00:00:00+00:00
[2025-10-29T16:39:44.984+0000] {processor.py:183} INFO - Processing /opt/airflow/dags/data_ingestion.py took 0.706 seconds
[2025-10-29T16:40:15.482+0000] {processor.py:161} INFO - Started process (PID=2135) to work on /opt/airflow/dags/data_ingestion.py
[2025-10-29T16:40:15.483+0000] {processor.py:830} INFO - Processing file /opt/airflow/dags/data_ingestion.py for tasks to queue
[2025-10-29T16:40:15.486+0000] {logging_mixin.py:188} INFO - [2025-10-29T16:40:15.486+0000] {dagbag.py:545} INFO - Filling up the DagBag from /opt/airflow/dags/data_ingestion.py
[2025-10-29T16:40:16.073+0000] {processor.py:840} INFO - DAG(s) 'police_data_ingestion' retrieved from /opt/airflow/dags/data_ingestion.py
[2025-10-29T16:40:16.110+0000] {logging_mixin.py:188} INFO - [2025-10-29T16:40:16.109+0000] {dag.py:3096} INFO - Sync 1 DAGs
[2025-10-29T16:40:16.133+0000] {logging_mixin.py:188} INFO - [2025-10-29T16:40:16.132+0000] {dag.py:3954} INFO - Setting next_dagrun for police_data_ingestion to 2025-11-01 00:00:00+00:00, run_after=2025-12-01 00:00:00+00:00
[2025-10-29T16:40:16.157+0000] {processor.py:183} INFO - Processing /opt/airflow/dags/data_ingestion.py took 0.683 seconds
[2025-10-29T16:40:46.655+0000] {processor.py:161} INFO - Started process (PID=2147) to work on /opt/airflow/dags/data_ingestion.py
[2025-10-29T16:40:46.656+0000] {processor.py:830} INFO - Processing file /opt/airflow/dags/data_ingestion.py for tasks to queue
[2025-10-29T16:40:46.659+0000] {logging_mixin.py:188} INFO - [2025-10-29T16:40:46.659+0000] {dagbag.py:545} INFO - Filling up the DagBag from /opt/airflow/dags/data_ingestion.py
[2025-10-29T16:40:47.359+0000] {processor.py:840} INFO - DAG(s) 'police_data_ingestion' retrieved from /opt/airflow/dags/data_ingestion.py
[2025-10-29T16:40:47.395+0000] {logging_mixin.py:188} INFO - [2025-10-29T16:40:47.394+0000] {dag.py:3096} INFO - Sync 1 DAGs
[2025-10-29T16:40:47.436+0000] {logging_mixin.py:188} INFO - [2025-10-29T16:40:47.435+0000] {dag.py:3954} INFO - Setting next_dagrun for police_data_ingestion to 2025-11-01 00:00:00+00:00, run_after=2025-12-01 00:00:00+00:00
[2025-10-29T16:40:47.471+0000] {processor.py:183} INFO - Processing /opt/airflow/dags/data_ingestion.py took 0.825 seconds
[2025-10-29T16:41:17.997+0000] {processor.py:161} INFO - Started process (PID=2159) to work on /opt/airflow/dags/data_ingestion.py
[2025-10-29T16:41:17.998+0000] {processor.py:830} INFO - Processing file /opt/airflow/dags/data_ingestion.py for tasks to queue
[2025-10-29T16:41:18.005+0000] {logging_mixin.py:188} INFO - [2025-10-29T16:41:18.004+0000] {dagbag.py:545} INFO - Filling up the DagBag from /opt/airflow/dags/data_ingestion.py
[2025-10-29T16:41:18.627+0000] {processor.py:840} INFO - DAG(s) 'police_data_ingestion' retrieved from /opt/airflow/dags/data_ingestion.py
[2025-10-29T16:41:18.663+0000] {logging_mixin.py:188} INFO - [2025-10-29T16:41:18.662+0000] {dag.py:3096} INFO - Sync 1 DAGs
[2025-10-29T16:41:18.686+0000] {logging_mixin.py:188} INFO - [2025-10-29T16:41:18.686+0000] {dag.py:3954} INFO - Setting next_dagrun for police_data_ingestion to 2025-11-01 00:00:00+00:00, run_after=2025-12-01 00:00:00+00:00
[2025-10-29T16:41:18.708+0000] {processor.py:183} INFO - Processing /opt/airflow/dags/data_ingestion.py took 0.719 seconds
[2025-10-29T16:41:49.200+0000] {processor.py:161} INFO - Started process (PID=2171) to work on /opt/airflow/dags/data_ingestion.py
[2025-10-29T16:41:49.201+0000] {processor.py:830} INFO - Processing file /opt/airflow/dags/data_ingestion.py for tasks to queue
[2025-10-29T16:41:49.204+0000] {logging_mixin.py:188} INFO - [2025-10-29T16:41:49.204+0000] {dagbag.py:545} INFO - Filling up the DagBag from /opt/airflow/dags/data_ingestion.py
[2025-10-29T16:41:49.870+0000] {processor.py:840} INFO - DAG(s) 'police_data_ingestion' retrieved from /opt/airflow/dags/data_ingestion.py
[2025-10-29T16:41:49.907+0000] {logging_mixin.py:188} INFO - [2025-10-29T16:41:49.907+0000] {dag.py:3096} INFO - Sync 1 DAGs
[2025-10-29T16:41:49.933+0000] {logging_mixin.py:188} INFO - [2025-10-29T16:41:49.933+0000] {dag.py:3954} INFO - Setting next_dagrun for police_data_ingestion to 2025-11-01 00:00:00+00:00, run_after=2025-12-01 00:00:00+00:00
[2025-10-29T16:41:49.959+0000] {processor.py:183} INFO - Processing /opt/airflow/dags/data_ingestion.py took 0.767 seconds
[2025-10-29T16:42:20.450+0000] {processor.py:161} INFO - Started process (PID=2183) to work on /opt/airflow/dags/data_ingestion.py
[2025-10-29T16:42:20.451+0000] {processor.py:830} INFO - Processing file /opt/airflow/dags/data_ingestion.py for tasks to queue
[2025-10-29T16:42:20.454+0000] {logging_mixin.py:188} INFO - [2025-10-29T16:42:20.453+0000] {dagbag.py:545} INFO - Filling up the DagBag from /opt/airflow/dags/data_ingestion.py
[2025-10-29T16:42:21.074+0000] {processor.py:840} INFO - DAG(s) 'police_data_ingestion' retrieved from /opt/airflow/dags/data_ingestion.py
[2025-10-29T16:42:21.114+0000] {logging_mixin.py:188} INFO - [2025-10-29T16:42:21.114+0000] {dag.py:3096} INFO - Sync 1 DAGs
[2025-10-29T16:42:21.138+0000] {logging_mixin.py:188} INFO - [2025-10-29T16:42:21.137+0000] {dag.py:3954} INFO - Setting next_dagrun for police_data_ingestion to 2025-11-01 00:00:00+00:00, run_after=2025-12-01 00:00:00+00:00
[2025-10-29T16:42:21.160+0000] {processor.py:183} INFO - Processing /opt/airflow/dags/data_ingestion.py took 0.719 seconds
[2025-10-29T16:42:51.605+0000] {processor.py:161} INFO - Started process (PID=2195) to work on /opt/airflow/dags/data_ingestion.py
[2025-10-29T16:42:51.606+0000] {processor.py:830} INFO - Processing file /opt/airflow/dags/data_ingestion.py for tasks to queue
[2025-10-29T16:42:51.609+0000] {logging_mixin.py:188} INFO - [2025-10-29T16:42:51.609+0000] {dagbag.py:545} INFO - Filling up the DagBag from /opt/airflow/dags/data_ingestion.py
[2025-10-29T16:42:52.191+0000] {processor.py:840} INFO - DAG(s) 'police_data_ingestion' retrieved from /opt/airflow/dags/data_ingestion.py
[2025-10-29T16:42:52.223+0000] {logging_mixin.py:188} INFO - [2025-10-29T16:42:52.222+0000] {dag.py:3096} INFO - Sync 1 DAGs
[2025-10-29T16:42:52.244+0000] {logging_mixin.py:188} INFO - [2025-10-29T16:42:52.244+0000] {dag.py:3954} INFO - Setting next_dagrun for police_data_ingestion to 2025-11-01 00:00:00+00:00, run_after=2025-12-01 00:00:00+00:00
[2025-10-29T16:42:52.268+0000] {processor.py:183} INFO - Processing /opt/airflow/dags/data_ingestion.py took 0.671 seconds
[2025-10-29T16:43:22.832+0000] {processor.py:161} INFO - Started process (PID=2207) to work on /opt/airflow/dags/data_ingestion.py
[2025-10-29T16:43:22.834+0000] {processor.py:830} INFO - Processing file /opt/airflow/dags/data_ingestion.py for tasks to queue
[2025-10-29T16:43:22.837+0000] {logging_mixin.py:188} INFO - [2025-10-29T16:43:22.837+0000] {dagbag.py:545} INFO - Filling up the DagBag from /opt/airflow/dags/data_ingestion.py
[2025-10-29T16:43:23.502+0000] {processor.py:840} INFO - DAG(s) 'police_data_ingestion' retrieved from /opt/airflow/dags/data_ingestion.py
[2025-10-29T16:43:23.538+0000] {logging_mixin.py:188} INFO - [2025-10-29T16:43:23.538+0000] {dag.py:3096} INFO - Sync 1 DAGs
[2025-10-29T16:43:23.563+0000] {logging_mixin.py:188} INFO - [2025-10-29T16:43:23.563+0000] {dag.py:3954} INFO - Setting next_dagrun for police_data_ingestion to 2025-11-01 00:00:00+00:00, run_after=2025-12-01 00:00:00+00:00
[2025-10-29T16:43:23.587+0000] {processor.py:183} INFO - Processing /opt/airflow/dags/data_ingestion.py took 0.764 seconds
[2025-10-29T16:43:54.062+0000] {processor.py:161} INFO - Started process (PID=2219) to work on /opt/airflow/dags/data_ingestion.py
[2025-10-29T16:43:54.066+0000] {processor.py:830} INFO - Processing file /opt/airflow/dags/data_ingestion.py for tasks to queue
[2025-10-29T16:43:54.070+0000] {logging_mixin.py:188} INFO - [2025-10-29T16:43:54.069+0000] {dagbag.py:545} INFO - Filling up the DagBag from /opt/airflow/dags/data_ingestion.py
[2025-10-29T16:43:54.658+0000] {processor.py:840} INFO - DAG(s) 'police_data_ingestion' retrieved from /opt/airflow/dags/data_ingestion.py
[2025-10-29T16:43:54.692+0000] {logging_mixin.py:188} INFO - [2025-10-29T16:43:54.691+0000] {dag.py:3096} INFO - Sync 1 DAGs
[2025-10-29T16:43:54.716+0000] {logging_mixin.py:188} INFO - [2025-10-29T16:43:54.716+0000] {dag.py:3954} INFO - Setting next_dagrun for police_data_ingestion to 2025-11-01 00:00:00+00:00, run_after=2025-12-01 00:00:00+00:00
[2025-10-29T16:43:54.740+0000] {processor.py:183} INFO - Processing /opt/airflow/dags/data_ingestion.py took 0.686 seconds
[2025-10-29T16:44:25.166+0000] {processor.py:161} INFO - Started process (PID=2231) to work on /opt/airflow/dags/data_ingestion.py
[2025-10-29T16:44:25.168+0000] {processor.py:830} INFO - Processing file /opt/airflow/dags/data_ingestion.py for tasks to queue
[2025-10-29T16:44:25.170+0000] {logging_mixin.py:188} INFO - [2025-10-29T16:44:25.170+0000] {dagbag.py:545} INFO - Filling up the DagBag from /opt/airflow/dags/data_ingestion.py
[2025-10-29T16:44:25.800+0000] {processor.py:840} INFO - DAG(s) 'police_data_ingestion' retrieved from /opt/airflow/dags/data_ingestion.py
[2025-10-29T16:44:25.840+0000] {logging_mixin.py:188} INFO - [2025-10-29T16:44:25.839+0000] {dag.py:3096} INFO - Sync 1 DAGs
[2025-10-29T16:44:25.867+0000] {logging_mixin.py:188} INFO - [2025-10-29T16:44:25.867+0000] {dag.py:3954} INFO - Setting next_dagrun for police_data_ingestion to 2025-11-01 00:00:00+00:00, run_after=2025-12-01 00:00:00+00:00
[2025-10-29T16:44:25.894+0000] {processor.py:183} INFO - Processing /opt/airflow/dags/data_ingestion.py took 0.735 seconds
[2025-10-29T16:44:56.407+0000] {processor.py:161} INFO - Started process (PID=2243) to work on /opt/airflow/dags/data_ingestion.py
[2025-10-29T16:44:56.408+0000] {processor.py:830} INFO - Processing file /opt/airflow/dags/data_ingestion.py for tasks to queue
[2025-10-29T16:44:56.412+0000] {logging_mixin.py:188} INFO - [2025-10-29T16:44:56.412+0000] {dagbag.py:545} INFO - Filling up the DagBag from /opt/airflow/dags/data_ingestion.py
[2025-10-29T16:44:57.098+0000] {processor.py:840} INFO - DAG(s) 'police_data_ingestion' retrieved from /opt/airflow/dags/data_ingestion.py
[2025-10-29T16:44:57.137+0000] {logging_mixin.py:188} INFO - [2025-10-29T16:44:57.136+0000] {dag.py:3096} INFO - Sync 1 DAGs
[2025-10-29T16:44:57.167+0000] {logging_mixin.py:188} INFO - [2025-10-29T16:44:57.167+0000] {dag.py:3954} INFO - Setting next_dagrun for police_data_ingestion to 2025-11-01 00:00:00+00:00, run_after=2025-12-01 00:00:00+00:00
[2025-10-29T16:44:57.194+0000] {processor.py:183} INFO - Processing /opt/airflow/dags/data_ingestion.py took 0.800 seconds
[2025-10-29T16:45:27.693+0000] {processor.py:161} INFO - Started process (PID=2255) to work on /opt/airflow/dags/data_ingestion.py
[2025-10-29T16:45:27.694+0000] {processor.py:830} INFO - Processing file /opt/airflow/dags/data_ingestion.py for tasks to queue
[2025-10-29T16:45:27.697+0000] {logging_mixin.py:188} INFO - [2025-10-29T16:45:27.696+0000] {dagbag.py:545} INFO - Filling up the DagBag from /opt/airflow/dags/data_ingestion.py
[2025-10-29T16:45:28.370+0000] {processor.py:840} INFO - DAG(s) 'police_data_ingestion' retrieved from /opt/airflow/dags/data_ingestion.py
[2025-10-29T16:45:28.402+0000] {logging_mixin.py:188} INFO - [2025-10-29T16:45:28.402+0000] {dag.py:3096} INFO - Sync 1 DAGs
[2025-10-29T16:45:28.427+0000] {logging_mixin.py:188} INFO - [2025-10-29T16:45:28.426+0000] {dag.py:3954} INFO - Setting next_dagrun for police_data_ingestion to 2025-11-01 00:00:00+00:00, run_after=2025-12-01 00:00:00+00:00
[2025-10-29T16:45:28.451+0000] {processor.py:183} INFO - Processing /opt/airflow/dags/data_ingestion.py took 0.766 seconds
[2025-10-29T16:45:58.929+0000] {processor.py:161} INFO - Started process (PID=2267) to work on /opt/airflow/dags/data_ingestion.py
[2025-10-29T16:45:58.931+0000] {processor.py:830} INFO - Processing file /opt/airflow/dags/data_ingestion.py for tasks to queue
[2025-10-29T16:45:58.933+0000] {logging_mixin.py:188} INFO - [2025-10-29T16:45:58.933+0000] {dagbag.py:545} INFO - Filling up the DagBag from /opt/airflow/dags/data_ingestion.py
[2025-10-29T16:45:59.579+0000] {processor.py:840} INFO - DAG(s) 'police_data_ingestion' retrieved from /opt/airflow/dags/data_ingestion.py
[2025-10-29T16:45:59.628+0000] {logging_mixin.py:188} INFO - [2025-10-29T16:45:59.627+0000] {dag.py:3096} INFO - Sync 1 DAGs
[2025-10-29T16:45:59.653+0000] {logging_mixin.py:188} INFO - [2025-10-29T16:45:59.653+0000] {dag.py:3954} INFO - Setting next_dagrun for police_data_ingestion to 2025-11-01 00:00:00+00:00, run_after=2025-12-01 00:00:00+00:00
[2025-10-29T16:45:59.677+0000] {processor.py:183} INFO - Processing /opt/airflow/dags/data_ingestion.py took 0.756 seconds
[2025-10-29T16:46:30.154+0000] {processor.py:161} INFO - Started process (PID=2279) to work on /opt/airflow/dags/data_ingestion.py
[2025-10-29T16:46:30.155+0000] {processor.py:830} INFO - Processing file /opt/airflow/dags/data_ingestion.py for tasks to queue
[2025-10-29T16:46:30.158+0000] {logging_mixin.py:188} INFO - [2025-10-29T16:46:30.158+0000] {dagbag.py:545} INFO - Filling up the DagBag from /opt/airflow/dags/data_ingestion.py
[2025-10-29T16:46:30.805+0000] {processor.py:840} INFO - DAG(s) 'police_data_ingestion' retrieved from /opt/airflow/dags/data_ingestion.py
[2025-10-29T16:46:30.839+0000] {logging_mixin.py:188} INFO - [2025-10-29T16:46:30.838+0000] {dag.py:3096} INFO - Sync 1 DAGs
[2025-10-29T16:46:30.862+0000] {logging_mixin.py:188} INFO - [2025-10-29T16:46:30.862+0000] {dag.py:3954} INFO - Setting next_dagrun for police_data_ingestion to 2025-11-01 00:00:00+00:00, run_after=2025-12-01 00:00:00+00:00
[2025-10-29T16:46:30.887+0000] {processor.py:183} INFO - Processing /opt/airflow/dags/data_ingestion.py took 0.741 seconds
[2025-10-29T16:47:01.452+0000] {processor.py:161} INFO - Started process (PID=2291) to work on /opt/airflow/dags/data_ingestion.py
[2025-10-29T16:47:01.453+0000] {processor.py:830} INFO - Processing file /opt/airflow/dags/data_ingestion.py for tasks to queue
[2025-10-29T16:47:01.457+0000] {logging_mixin.py:188} INFO - [2025-10-29T16:47:01.457+0000] {dagbag.py:545} INFO - Filling up the DagBag from /opt/airflow/dags/data_ingestion.py
[2025-10-29T16:47:02.253+0000] {processor.py:840} INFO - DAG(s) 'police_data_ingestion' retrieved from /opt/airflow/dags/data_ingestion.py
[2025-10-29T16:47:02.294+0000] {logging_mixin.py:188} INFO - [2025-10-29T16:47:02.294+0000] {dag.py:3096} INFO - Sync 1 DAGs
[2025-10-29T16:47:02.317+0000] {logging_mixin.py:188} INFO - [2025-10-29T16:47:02.317+0000] {dag.py:3954} INFO - Setting next_dagrun for police_data_ingestion to 2025-11-01 00:00:00+00:00, run_after=2025-12-01 00:00:00+00:00
[2025-10-29T16:47:02.342+0000] {processor.py:183} INFO - Processing /opt/airflow/dags/data_ingestion.py took 0.900 seconds
[2025-10-29T16:47:32.810+0000] {processor.py:161} INFO - Started process (PID=2303) to work on /opt/airflow/dags/data_ingestion.py
[2025-10-29T16:47:32.811+0000] {processor.py:830} INFO - Processing file /opt/airflow/dags/data_ingestion.py for tasks to queue
[2025-10-29T16:47:32.814+0000] {logging_mixin.py:188} INFO - [2025-10-29T16:47:32.813+0000] {dagbag.py:545} INFO - Filling up the DagBag from /opt/airflow/dags/data_ingestion.py
[2025-10-29T16:47:33.428+0000] {processor.py:840} INFO - DAG(s) 'police_data_ingestion' retrieved from /opt/airflow/dags/data_ingestion.py
[2025-10-29T16:47:33.460+0000] {logging_mixin.py:188} INFO - [2025-10-29T16:47:33.460+0000] {dag.py:3096} INFO - Sync 1 DAGs
[2025-10-29T16:47:33.483+0000] {logging_mixin.py:188} INFO - [2025-10-29T16:47:33.483+0000] {dag.py:3954} INFO - Setting next_dagrun for police_data_ingestion to 2025-11-01 00:00:00+00:00, run_after=2025-12-01 00:00:00+00:00
[2025-10-29T16:47:33.511+0000] {processor.py:183} INFO - Processing /opt/airflow/dags/data_ingestion.py took 0.711 seconds
[2025-10-29T16:48:03.977+0000] {processor.py:161} INFO - Started process (PID=2315) to work on /opt/airflow/dags/data_ingestion.py
[2025-10-29T16:48:03.978+0000] {processor.py:830} INFO - Processing file /opt/airflow/dags/data_ingestion.py for tasks to queue
[2025-10-29T16:48:03.981+0000] {logging_mixin.py:188} INFO - [2025-10-29T16:48:03.981+0000] {dagbag.py:545} INFO - Filling up the DagBag from /opt/airflow/dags/data_ingestion.py
[2025-10-29T16:48:04.592+0000] {processor.py:840} INFO - DAG(s) 'police_data_ingestion' retrieved from /opt/airflow/dags/data_ingestion.py
[2025-10-29T16:48:04.627+0000] {logging_mixin.py:188} INFO - [2025-10-29T16:48:04.627+0000] {dag.py:3096} INFO - Sync 1 DAGs
[2025-10-29T16:48:04.652+0000] {logging_mixin.py:188} INFO - [2025-10-29T16:48:04.652+0000] {dag.py:3954} INFO - Setting next_dagrun for police_data_ingestion to 2025-11-01 00:00:00+00:00, run_after=2025-12-01 00:00:00+00:00
[2025-10-29T16:48:04.677+0000] {processor.py:183} INFO - Processing /opt/airflow/dags/data_ingestion.py took 0.709 seconds
[2025-10-29T16:48:35.188+0000] {processor.py:161} INFO - Started process (PID=2327) to work on /opt/airflow/dags/data_ingestion.py
[2025-10-29T16:48:35.190+0000] {processor.py:830} INFO - Processing file /opt/airflow/dags/data_ingestion.py for tasks to queue
[2025-10-29T16:48:35.193+0000] {logging_mixin.py:188} INFO - [2025-10-29T16:48:35.192+0000] {dagbag.py:545} INFO - Filling up the DagBag from /opt/airflow/dags/data_ingestion.py
[2025-10-29T16:48:36.038+0000] {processor.py:840} INFO - DAG(s) 'police_data_ingestion' retrieved from /opt/airflow/dags/data_ingestion.py
[2025-10-29T16:48:36.086+0000] {logging_mixin.py:188} INFO - [2025-10-29T16:48:36.085+0000] {dag.py:3096} INFO - Sync 1 DAGs
[2025-10-29T16:48:36.113+0000] {logging_mixin.py:188} INFO - [2025-10-29T16:48:36.112+0000] {dag.py:3954} INFO - Setting next_dagrun for police_data_ingestion to 2025-11-01 00:00:00+00:00, run_after=2025-12-01 00:00:00+00:00
[2025-10-29T16:48:36.146+0000] {processor.py:183} INFO - Processing /opt/airflow/dags/data_ingestion.py took 0.966 seconds
[2025-10-29T16:49:06.647+0000] {processor.py:161} INFO - Started process (PID=2339) to work on /opt/airflow/dags/data_ingestion.py
[2025-10-29T16:49:06.648+0000] {processor.py:830} INFO - Processing file /opt/airflow/dags/data_ingestion.py for tasks to queue
[2025-10-29T16:49:06.651+0000] {logging_mixin.py:188} INFO - [2025-10-29T16:49:06.651+0000] {dagbag.py:545} INFO - Filling up the DagBag from /opt/airflow/dags/data_ingestion.py
[2025-10-29T16:49:07.310+0000] {processor.py:840} INFO - DAG(s) 'police_data_ingestion' retrieved from /opt/airflow/dags/data_ingestion.py
[2025-10-29T16:49:07.350+0000] {logging_mixin.py:188} INFO - [2025-10-29T16:49:07.350+0000] {dag.py:3096} INFO - Sync 1 DAGs
[2025-10-29T16:49:07.374+0000] {logging_mixin.py:188} INFO - [2025-10-29T16:49:07.373+0000] {dag.py:3954} INFO - Setting next_dagrun for police_data_ingestion to 2025-11-01 00:00:00+00:00, run_after=2025-12-01 00:00:00+00:00
[2025-10-29T16:49:07.397+0000] {processor.py:183} INFO - Processing /opt/airflow/dags/data_ingestion.py took 0.759 seconds
[2025-10-29T16:49:37.892+0000] {processor.py:161} INFO - Started process (PID=2351) to work on /opt/airflow/dags/data_ingestion.py
[2025-10-29T16:49:37.894+0000] {processor.py:830} INFO - Processing file /opt/airflow/dags/data_ingestion.py for tasks to queue
[2025-10-29T16:49:37.897+0000] {logging_mixin.py:188} INFO - [2025-10-29T16:49:37.896+0000] {dagbag.py:545} INFO - Filling up the DagBag from /opt/airflow/dags/data_ingestion.py
[2025-10-29T16:49:38.629+0000] {processor.py:840} INFO - DAG(s) 'police_data_ingestion' retrieved from /opt/airflow/dags/data_ingestion.py
[2025-10-29T16:49:38.662+0000] {logging_mixin.py:188} INFO - [2025-10-29T16:49:38.661+0000] {dag.py:3096} INFO - Sync 1 DAGs
[2025-10-29T16:49:38.684+0000] {logging_mixin.py:188} INFO - [2025-10-29T16:49:38.684+0000] {dag.py:3954} INFO - Setting next_dagrun for police_data_ingestion to 2025-11-01 00:00:00+00:00, run_after=2025-12-01 00:00:00+00:00
[2025-10-29T16:49:38.707+0000] {processor.py:183} INFO - Processing /opt/airflow/dags/data_ingestion.py took 0.822 seconds
[2025-10-29T16:50:09.200+0000] {processor.py:161} INFO - Started process (PID=2363) to work on /opt/airflow/dags/data_ingestion.py
[2025-10-29T16:50:09.201+0000] {processor.py:830} INFO - Processing file /opt/airflow/dags/data_ingestion.py for tasks to queue
[2025-10-29T16:50:09.204+0000] {logging_mixin.py:188} INFO - [2025-10-29T16:50:09.204+0000] {dagbag.py:545} INFO - Filling up the DagBag from /opt/airflow/dags/data_ingestion.py
[2025-10-29T16:50:09.941+0000] {processor.py:840} INFO - DAG(s) 'police_data_ingestion' retrieved from /opt/airflow/dags/data_ingestion.py
[2025-10-29T16:50:09.978+0000] {logging_mixin.py:188} INFO - [2025-10-29T16:50:09.977+0000] {dag.py:3096} INFO - Sync 1 DAGs
[2025-10-29T16:50:10.011+0000] {logging_mixin.py:188} INFO - [2025-10-29T16:50:10.011+0000] {dag.py:3954} INFO - Setting next_dagrun for police_data_ingestion to 2025-11-01 00:00:00+00:00, run_after=2025-12-01 00:00:00+00:00
[2025-10-29T16:50:10.042+0000] {processor.py:183} INFO - Processing /opt/airflow/dags/data_ingestion.py took 0.851 seconds
[2025-10-29T16:50:40.608+0000] {processor.py:161} INFO - Started process (PID=2375) to work on /opt/airflow/dags/data_ingestion.py
[2025-10-29T16:50:40.610+0000] {processor.py:830} INFO - Processing file /opt/airflow/dags/data_ingestion.py for tasks to queue
[2025-10-29T16:50:40.612+0000] {logging_mixin.py:188} INFO - [2025-10-29T16:50:40.612+0000] {dagbag.py:545} INFO - Filling up the DagBag from /opt/airflow/dags/data_ingestion.py
[2025-10-29T16:50:41.204+0000] {processor.py:840} INFO - DAG(s) 'police_data_ingestion' retrieved from /opt/airflow/dags/data_ingestion.py
[2025-10-29T16:50:41.237+0000] {logging_mixin.py:188} INFO - [2025-10-29T16:50:41.237+0000] {dag.py:3096} INFO - Sync 1 DAGs
[2025-10-29T16:50:41.264+0000] {logging_mixin.py:188} INFO - [2025-10-29T16:50:41.263+0000] {dag.py:3954} INFO - Setting next_dagrun for police_data_ingestion to 2025-11-01 00:00:00+00:00, run_after=2025-12-01 00:00:00+00:00
[2025-10-29T16:50:41.287+0000] {processor.py:183} INFO - Processing /opt/airflow/dags/data_ingestion.py took 0.686 seconds
[2025-10-29T16:51:11.742+0000] {processor.py:161} INFO - Started process (PID=2387) to work on /opt/airflow/dags/data_ingestion.py
[2025-10-29T16:51:11.743+0000] {processor.py:830} INFO - Processing file /opt/airflow/dags/data_ingestion.py for tasks to queue
[2025-10-29T16:51:11.746+0000] {logging_mixin.py:188} INFO - [2025-10-29T16:51:11.745+0000] {dagbag.py:545} INFO - Filling up the DagBag from /opt/airflow/dags/data_ingestion.py
[2025-10-29T16:51:12.425+0000] {processor.py:840} INFO - DAG(s) 'police_data_ingestion' retrieved from /opt/airflow/dags/data_ingestion.py
[2025-10-29T16:51:12.459+0000] {logging_mixin.py:188} INFO - [2025-10-29T16:51:12.459+0000] {dag.py:3096} INFO - Sync 1 DAGs
[2025-10-29T16:51:12.484+0000] {logging_mixin.py:188} INFO - [2025-10-29T16:51:12.484+0000] {dag.py:3954} INFO - Setting next_dagrun for police_data_ingestion to 2025-11-01 00:00:00+00:00, run_after=2025-12-01 00:00:00+00:00
[2025-10-29T16:51:12.510+0000] {processor.py:183} INFO - Processing /opt/airflow/dags/data_ingestion.py took 0.777 seconds
[2025-10-29T16:51:42.918+0000] {processor.py:161} INFO - Started process (PID=2399) to work on /opt/airflow/dags/data_ingestion.py
[2025-10-29T16:51:42.920+0000] {processor.py:830} INFO - Processing file /opt/airflow/dags/data_ingestion.py for tasks to queue
[2025-10-29T16:51:42.924+0000] {logging_mixin.py:188} INFO - [2025-10-29T16:51:42.923+0000] {dagbag.py:545} INFO - Filling up the DagBag from /opt/airflow/dags/data_ingestion.py
[2025-10-29T16:51:43.664+0000] {processor.py:840} INFO - DAG(s) 'police_data_ingestion' retrieved from /opt/airflow/dags/data_ingestion.py
[2025-10-29T16:51:43.697+0000] {logging_mixin.py:188} INFO - [2025-10-29T16:51:43.697+0000] {dag.py:3096} INFO - Sync 1 DAGs
[2025-10-29T16:51:43.724+0000] {logging_mixin.py:188} INFO - [2025-10-29T16:51:43.724+0000] {dag.py:3954} INFO - Setting next_dagrun for police_data_ingestion to 2025-11-01 00:00:00+00:00, run_after=2025-12-01 00:00:00+00:00
[2025-10-29T16:51:43.756+0000] {processor.py:183} INFO - Processing /opt/airflow/dags/data_ingestion.py took 0.846 seconds
[2025-10-29T16:52:14.204+0000] {processor.py:161} INFO - Started process (PID=2411) to work on /opt/airflow/dags/data_ingestion.py
[2025-10-29T16:52:14.205+0000] {processor.py:830} INFO - Processing file /opt/airflow/dags/data_ingestion.py for tasks to queue
[2025-10-29T16:52:14.208+0000] {logging_mixin.py:188} INFO - [2025-10-29T16:52:14.208+0000] {dagbag.py:545} INFO - Filling up the DagBag from /opt/airflow/dags/data_ingestion.py
[2025-10-29T16:52:14.953+0000] {processor.py:840} INFO - DAG(s) 'police_data_ingestion' retrieved from /opt/airflow/dags/data_ingestion.py
[2025-10-29T16:52:14.987+0000] {logging_mixin.py:188} INFO - [2025-10-29T16:52:14.987+0000] {dag.py:3096} INFO - Sync 1 DAGs
[2025-10-29T16:52:15.019+0000] {logging_mixin.py:188} INFO - [2025-10-29T16:52:15.019+0000] {dag.py:3954} INFO - Setting next_dagrun for police_data_ingestion to 2025-11-01 00:00:00+00:00, run_after=2025-12-01 00:00:00+00:00
[2025-10-29T16:52:15.043+0000] {processor.py:183} INFO - Processing /opt/airflow/dags/data_ingestion.py took 0.849 seconds
[2025-10-29T16:52:45.560+0000] {processor.py:161} INFO - Started process (PID=2423) to work on /opt/airflow/dags/data_ingestion.py
[2025-10-29T16:52:45.561+0000] {processor.py:830} INFO - Processing file /opt/airflow/dags/data_ingestion.py for tasks to queue
[2025-10-29T16:52:45.564+0000] {logging_mixin.py:188} INFO - [2025-10-29T16:52:45.563+0000] {dagbag.py:545} INFO - Filling up the DagBag from /opt/airflow/dags/data_ingestion.py
[2025-10-29T16:52:46.151+0000] {processor.py:840} INFO - DAG(s) 'police_data_ingestion' retrieved from /opt/airflow/dags/data_ingestion.py
[2025-10-29T16:52:46.186+0000] {logging_mixin.py:188} INFO - [2025-10-29T16:52:46.185+0000] {dag.py:3096} INFO - Sync 1 DAGs
[2025-10-29T16:52:46.212+0000] {logging_mixin.py:188} INFO - [2025-10-29T16:52:46.211+0000] {dag.py:3954} INFO - Setting next_dagrun for police_data_ingestion to 2025-11-01 00:00:00+00:00, run_after=2025-12-01 00:00:00+00:00
[2025-10-29T16:52:46.235+0000] {processor.py:183} INFO - Processing /opt/airflow/dags/data_ingestion.py took 0.683 seconds
[2025-10-29T16:53:16.679+0000] {processor.py:161} INFO - Started process (PID=2435) to work on /opt/airflow/dags/data_ingestion.py
[2025-10-29T16:53:16.680+0000] {processor.py:830} INFO - Processing file /opt/airflow/dags/data_ingestion.py for tasks to queue
[2025-10-29T16:53:16.683+0000] {logging_mixin.py:188} INFO - [2025-10-29T16:53:16.682+0000] {dagbag.py:545} INFO - Filling up the DagBag from /opt/airflow/dags/data_ingestion.py
[2025-10-29T16:53:17.302+0000] {processor.py:840} INFO - DAG(s) 'police_data_ingestion' retrieved from /opt/airflow/dags/data_ingestion.py
[2025-10-29T16:53:17.337+0000] {logging_mixin.py:188} INFO - [2025-10-29T16:53:17.336+0000] {dag.py:3096} INFO - Sync 1 DAGs
[2025-10-29T16:53:17.366+0000] {logging_mixin.py:188} INFO - [2025-10-29T16:53:17.366+0000] {dag.py:3954} INFO - Setting next_dagrun for police_data_ingestion to 2025-11-01 00:00:00+00:00, run_after=2025-12-01 00:00:00+00:00
[2025-10-29T16:53:17.393+0000] {processor.py:183} INFO - Processing /opt/airflow/dags/data_ingestion.py took 0.722 seconds
[2025-10-29T16:53:47.954+0000] {processor.py:161} INFO - Started process (PID=2447) to work on /opt/airflow/dags/data_ingestion.py
[2025-10-29T16:53:47.957+0000] {processor.py:830} INFO - Processing file /opt/airflow/dags/data_ingestion.py for tasks to queue
[2025-10-29T16:53:47.962+0000] {logging_mixin.py:188} INFO - [2025-10-29T16:53:47.961+0000] {dagbag.py:545} INFO - Filling up the DagBag from /opt/airflow/dags/data_ingestion.py
[2025-10-29T16:53:48.608+0000] {processor.py:840} INFO - DAG(s) 'police_data_ingestion' retrieved from /opt/airflow/dags/data_ingestion.py
[2025-10-29T16:53:48.642+0000] {logging_mixin.py:188} INFO - [2025-10-29T16:53:48.641+0000] {dag.py:3096} INFO - Sync 1 DAGs
[2025-10-29T16:53:48.666+0000] {logging_mixin.py:188} INFO - [2025-10-29T16:53:48.666+0000] {dag.py:3954} INFO - Setting next_dagrun for police_data_ingestion to 2025-11-01 00:00:00+00:00, run_after=2025-12-01 00:00:00+00:00
[2025-10-29T16:53:48.690+0000] {processor.py:183} INFO - Processing /opt/airflow/dags/data_ingestion.py took 0.753 seconds
[2025-10-29T16:54:19.132+0000] {processor.py:161} INFO - Started process (PID=2459) to work on /opt/airflow/dags/data_ingestion.py
[2025-10-29T16:54:19.135+0000] {processor.py:830} INFO - Processing file /opt/airflow/dags/data_ingestion.py for tasks to queue
[2025-10-29T16:54:19.138+0000] {logging_mixin.py:188} INFO - [2025-10-29T16:54:19.138+0000] {dagbag.py:545} INFO - Filling up the DagBag from /opt/airflow/dags/data_ingestion.py
[2025-10-29T16:54:19.900+0000] {processor.py:840} INFO - DAG(s) 'police_data_ingestion' retrieved from /opt/airflow/dags/data_ingestion.py
[2025-10-29T16:54:19.935+0000] {logging_mixin.py:188} INFO - [2025-10-29T16:54:19.935+0000] {dag.py:3096} INFO - Sync 1 DAGs
[2025-10-29T16:54:19.959+0000] {logging_mixin.py:188} INFO - [2025-10-29T16:54:19.959+0000] {dag.py:3954} INFO - Setting next_dagrun for police_data_ingestion to 2025-11-01 00:00:00+00:00, run_after=2025-12-01 00:00:00+00:00
[2025-10-29T16:54:19.986+0000] {processor.py:183} INFO - Processing /opt/airflow/dags/data_ingestion.py took 0.870 seconds
[2025-10-29T16:54:50.461+0000] {processor.py:161} INFO - Started process (PID=2471) to work on /opt/airflow/dags/data_ingestion.py
[2025-10-29T16:54:50.462+0000] {processor.py:830} INFO - Processing file /opt/airflow/dags/data_ingestion.py for tasks to queue
[2025-10-29T16:54:50.467+0000] {logging_mixin.py:188} INFO - [2025-10-29T16:54:50.466+0000] {dagbag.py:545} INFO - Filling up the DagBag from /opt/airflow/dags/data_ingestion.py
[2025-10-29T16:54:51.216+0000] {processor.py:840} INFO - DAG(s) 'police_data_ingestion' retrieved from /opt/airflow/dags/data_ingestion.py
[2025-10-29T16:54:51.254+0000] {logging_mixin.py:188} INFO - [2025-10-29T16:54:51.253+0000] {dag.py:3096} INFO - Sync 1 DAGs
[2025-10-29T16:54:51.282+0000] {logging_mixin.py:188} INFO - [2025-10-29T16:54:51.282+0000] {dag.py:3954} INFO - Setting next_dagrun for police_data_ingestion to 2025-11-01 00:00:00+00:00, run_after=2025-12-01 00:00:00+00:00
[2025-10-29T16:54:51.312+0000] {processor.py:183} INFO - Processing /opt/airflow/dags/data_ingestion.py took 0.860 seconds
[2025-10-29T16:55:21.758+0000] {processor.py:161} INFO - Started process (PID=2483) to work on /opt/airflow/dags/data_ingestion.py
[2025-10-29T16:55:21.759+0000] {processor.py:830} INFO - Processing file /opt/airflow/dags/data_ingestion.py for tasks to queue
[2025-10-29T16:55:21.763+0000] {logging_mixin.py:188} INFO - [2025-10-29T16:55:21.763+0000] {dagbag.py:545} INFO - Filling up the DagBag from /opt/airflow/dags/data_ingestion.py
[2025-10-29T16:55:22.508+0000] {processor.py:840} INFO - DAG(s) 'police_data_ingestion' retrieved from /opt/airflow/dags/data_ingestion.py
[2025-10-29T16:55:22.542+0000] {logging_mixin.py:188} INFO - [2025-10-29T16:55:22.542+0000] {dag.py:3096} INFO - Sync 1 DAGs
[2025-10-29T16:55:22.569+0000] {logging_mixin.py:188} INFO - [2025-10-29T16:55:22.568+0000] {dag.py:3954} INFO - Setting next_dagrun for police_data_ingestion to 2025-11-01 00:00:00+00:00, run_after=2025-12-01 00:00:00+00:00
[2025-10-29T16:55:22.596+0000] {processor.py:183} INFO - Processing /opt/airflow/dags/data_ingestion.py took 0.847 seconds
[2025-10-29T16:55:53.020+0000] {processor.py:161} INFO - Started process (PID=2495) to work on /opt/airflow/dags/data_ingestion.py
[2025-10-29T16:55:53.021+0000] {processor.py:830} INFO - Processing file /opt/airflow/dags/data_ingestion.py for tasks to queue
[2025-10-29T16:55:53.025+0000] {logging_mixin.py:188} INFO - [2025-10-29T16:55:53.024+0000] {dagbag.py:545} INFO - Filling up the DagBag from /opt/airflow/dags/data_ingestion.py
[2025-10-29T16:55:53.844+0000] {processor.py:840} INFO - DAG(s) 'police_data_ingestion' retrieved from /opt/airflow/dags/data_ingestion.py
[2025-10-29T16:55:53.888+0000] {logging_mixin.py:188} INFO - [2025-10-29T16:55:53.888+0000] {dag.py:3096} INFO - Sync 1 DAGs
[2025-10-29T16:55:53.928+0000] {logging_mixin.py:188} INFO - [2025-10-29T16:55:53.928+0000] {dag.py:3954} INFO - Setting next_dagrun for police_data_ingestion to 2025-11-01 00:00:00+00:00, run_after=2025-12-01 00:00:00+00:00
[2025-10-29T16:55:53.954+0000] {processor.py:183} INFO - Processing /opt/airflow/dags/data_ingestion.py took 0.943 seconds
[2025-10-29T16:56:24.507+0000] {processor.py:161} INFO - Started process (PID=2507) to work on /opt/airflow/dags/data_ingestion.py
[2025-10-29T16:56:24.508+0000] {processor.py:830} INFO - Processing file /opt/airflow/dags/data_ingestion.py for tasks to queue
[2025-10-29T16:56:24.510+0000] {logging_mixin.py:188} INFO - [2025-10-29T16:56:24.510+0000] {dagbag.py:545} INFO - Filling up the DagBag from /opt/airflow/dags/data_ingestion.py
[2025-10-29T16:56:25.214+0000] {processor.py:840} INFO - DAG(s) 'police_data_ingestion' retrieved from /opt/airflow/dags/data_ingestion.py
[2025-10-29T16:56:25.247+0000] {logging_mixin.py:188} INFO - [2025-10-29T16:56:25.246+0000] {dag.py:3096} INFO - Sync 1 DAGs
[2025-10-29T16:56:25.273+0000] {logging_mixin.py:188} INFO - [2025-10-29T16:56:25.272+0000] {dag.py:3954} INFO - Setting next_dagrun for police_data_ingestion to 2025-11-01 00:00:00+00:00, run_after=2025-12-01 00:00:00+00:00
[2025-10-29T16:56:25.295+0000] {processor.py:183} INFO - Processing /opt/airflow/dags/data_ingestion.py took 0.799 seconds
[2025-10-29T16:56:55.748+0000] {processor.py:161} INFO - Started process (PID=2519) to work on /opt/airflow/dags/data_ingestion.py
[2025-10-29T16:56:55.749+0000] {processor.py:830} INFO - Processing file /opt/airflow/dags/data_ingestion.py for tasks to queue
[2025-10-29T16:56:55.752+0000] {logging_mixin.py:188} INFO - [2025-10-29T16:56:55.751+0000] {dagbag.py:545} INFO - Filling up the DagBag from /opt/airflow/dags/data_ingestion.py
[2025-10-29T16:56:56.415+0000] {processor.py:840} INFO - DAG(s) 'police_data_ingestion' retrieved from /opt/airflow/dags/data_ingestion.py
[2025-10-29T16:56:56.453+0000] {logging_mixin.py:188} INFO - [2025-10-29T16:56:56.452+0000] {dag.py:3096} INFO - Sync 1 DAGs
[2025-10-29T16:56:56.498+0000] {logging_mixin.py:188} INFO - [2025-10-29T16:56:56.498+0000] {dag.py:3954} INFO - Setting next_dagrun for police_data_ingestion to 2025-11-01 00:00:00+00:00, run_after=2025-12-01 00:00:00+00:00
[2025-10-29T16:56:56.535+0000] {processor.py:183} INFO - Processing /opt/airflow/dags/data_ingestion.py took 0.796 seconds
[2025-10-29T16:57:26.932+0000] {processor.py:161} INFO - Started process (PID=2531) to work on /opt/airflow/dags/data_ingestion.py
[2025-10-29T16:57:26.934+0000] {processor.py:830} INFO - Processing file /opt/airflow/dags/data_ingestion.py for tasks to queue
[2025-10-29T16:57:26.936+0000] {logging_mixin.py:188} INFO - [2025-10-29T16:57:26.936+0000] {dagbag.py:545} INFO - Filling up the DagBag from /opt/airflow/dags/data_ingestion.py
[2025-10-29T16:57:27.673+0000] {processor.py:840} INFO - DAG(s) 'police_data_ingestion' retrieved from /opt/airflow/dags/data_ingestion.py
[2025-10-29T16:57:27.715+0000] {logging_mixin.py:188} INFO - [2025-10-29T16:57:27.714+0000] {dag.py:3096} INFO - Sync 1 DAGs
[2025-10-29T16:57:27.744+0000] {logging_mixin.py:188} INFO - [2025-10-29T16:57:27.744+0000] {dag.py:3954} INFO - Setting next_dagrun for police_data_ingestion to 2025-11-01 00:00:00+00:00, run_after=2025-12-01 00:00:00+00:00
[2025-10-29T16:57:27.771+0000] {processor.py:183} INFO - Processing /opt/airflow/dags/data_ingestion.py took 0.847 seconds
[2025-10-29T16:57:58.363+0000] {processor.py:161} INFO - Started process (PID=2543) to work on /opt/airflow/dags/data_ingestion.py
[2025-10-29T16:57:58.368+0000] {processor.py:830} INFO - Processing file /opt/airflow/dags/data_ingestion.py for tasks to queue
[2025-10-29T16:57:58.371+0000] {logging_mixin.py:188} INFO - [2025-10-29T16:57:58.371+0000] {dagbag.py:545} INFO - Filling up the DagBag from /opt/airflow/dags/data_ingestion.py
[2025-10-29T16:57:59.010+0000] {processor.py:840} INFO - DAG(s) 'police_data_ingestion' retrieved from /opt/airflow/dags/data_ingestion.py
[2025-10-29T16:57:59.047+0000] {logging_mixin.py:188} INFO - [2025-10-29T16:57:59.046+0000] {dag.py:3096} INFO - Sync 1 DAGs
[2025-10-29T16:57:59.069+0000] {logging_mixin.py:188} INFO - [2025-10-29T16:57:59.069+0000] {dag.py:3954} INFO - Setting next_dagrun for police_data_ingestion to 2025-11-01 00:00:00+00:00, run_after=2025-12-01 00:00:00+00:00
[2025-10-29T16:57:59.095+0000] {processor.py:183} INFO - Processing /opt/airflow/dags/data_ingestion.py took 0.747 seconds
[2025-10-29T16:58:29.561+0000] {processor.py:161} INFO - Started process (PID=2555) to work on /opt/airflow/dags/data_ingestion.py
[2025-10-29T16:58:29.562+0000] {processor.py:830} INFO - Processing file /opt/airflow/dags/data_ingestion.py for tasks to queue
[2025-10-29T16:58:29.565+0000] {logging_mixin.py:188} INFO - [2025-10-29T16:58:29.564+0000] {dagbag.py:545} INFO - Filling up the DagBag from /opt/airflow/dags/data_ingestion.py
[2025-10-29T16:58:30.177+0000] {processor.py:840} INFO - DAG(s) 'police_data_ingestion' retrieved from /opt/airflow/dags/data_ingestion.py
[2025-10-29T16:58:30.209+0000] {logging_mixin.py:188} INFO - [2025-10-29T16:58:30.209+0000] {dag.py:3096} INFO - Sync 1 DAGs
[2025-10-29T16:58:30.231+0000] {logging_mixin.py:188} INFO - [2025-10-29T16:58:30.231+0000] {dag.py:3954} INFO - Setting next_dagrun for police_data_ingestion to 2025-11-01 00:00:00+00:00, run_after=2025-12-01 00:00:00+00:00
[2025-10-29T16:58:30.254+0000] {processor.py:183} INFO - Processing /opt/airflow/dags/data_ingestion.py took 0.701 seconds
[2025-10-29T16:59:00.766+0000] {processor.py:161} INFO - Started process (PID=2567) to work on /opt/airflow/dags/data_ingestion.py
[2025-10-29T16:59:00.767+0000] {processor.py:830} INFO - Processing file /opt/airflow/dags/data_ingestion.py for tasks to queue
[2025-10-29T16:59:00.770+0000] {logging_mixin.py:188} INFO - [2025-10-29T16:59:00.769+0000] {dagbag.py:545} INFO - Filling up the DagBag from /opt/airflow/dags/data_ingestion.py
[2025-10-29T16:59:01.390+0000] {processor.py:840} INFO - DAG(s) 'police_data_ingestion' retrieved from /opt/airflow/dags/data_ingestion.py
[2025-10-29T16:59:01.423+0000] {logging_mixin.py:188} INFO - [2025-10-29T16:59:01.422+0000] {dag.py:3096} INFO - Sync 1 DAGs
[2025-10-29T16:59:01.447+0000] {logging_mixin.py:188} INFO - [2025-10-29T16:59:01.447+0000] {dag.py:3954} INFO - Setting next_dagrun for police_data_ingestion to 2025-11-01 00:00:00+00:00, run_after=2025-12-01 00:00:00+00:00
[2025-10-29T16:59:01.471+0000] {processor.py:183} INFO - Processing /opt/airflow/dags/data_ingestion.py took 0.715 seconds
[2025-10-29T16:59:31.938+0000] {processor.py:161} INFO - Started process (PID=2579) to work on /opt/airflow/dags/data_ingestion.py
[2025-10-29T16:59:31.940+0000] {processor.py:830} INFO - Processing file /opt/airflow/dags/data_ingestion.py for tasks to queue
[2025-10-29T16:59:31.942+0000] {logging_mixin.py:188} INFO - [2025-10-29T16:59:31.942+0000] {dagbag.py:545} INFO - Filling up the DagBag from /opt/airflow/dags/data_ingestion.py
[2025-10-29T16:59:32.543+0000] {processor.py:840} INFO - DAG(s) 'police_data_ingestion' retrieved from /opt/airflow/dags/data_ingestion.py
[2025-10-29T16:59:32.579+0000] {logging_mixin.py:188} INFO - [2025-10-29T16:59:32.578+0000] {dag.py:3096} INFO - Sync 1 DAGs
[2025-10-29T16:59:32.603+0000] {logging_mixin.py:188} INFO - [2025-10-29T16:59:32.603+0000] {dag.py:3954} INFO - Setting next_dagrun for police_data_ingestion to 2025-11-01 00:00:00+00:00, run_after=2025-12-01 00:00:00+00:00
[2025-10-29T16:59:32.625+0000] {processor.py:183} INFO - Processing /opt/airflow/dags/data_ingestion.py took 0.695 seconds
[2025-10-29T17:00:03.173+0000] {processor.py:161} INFO - Started process (PID=2591) to work on /opt/airflow/dags/data_ingestion.py
[2025-10-29T17:00:03.174+0000] {processor.py:830} INFO - Processing file /opt/airflow/dags/data_ingestion.py for tasks to queue
[2025-10-29T17:00:03.177+0000] {logging_mixin.py:188} INFO - [2025-10-29T17:00:03.176+0000] {dagbag.py:545} INFO - Filling up the DagBag from /opt/airflow/dags/data_ingestion.py
[2025-10-29T17:00:03.774+0000] {processor.py:840} INFO - DAG(s) 'police_data_ingestion' retrieved from /opt/airflow/dags/data_ingestion.py
[2025-10-29T17:00:03.823+0000] {logging_mixin.py:188} INFO - [2025-10-29T17:00:03.823+0000] {dag.py:3096} INFO - Sync 1 DAGs
[2025-10-29T17:00:03.847+0000] {logging_mixin.py:188} INFO - [2025-10-29T17:00:03.847+0000] {dag.py:3954} INFO - Setting next_dagrun for police_data_ingestion to 2025-11-01 00:00:00+00:00, run_after=2025-12-01 00:00:00+00:00
[2025-10-29T17:00:03.871+0000] {processor.py:183} INFO - Processing /opt/airflow/dags/data_ingestion.py took 0.706 seconds
[2025-10-29T17:00:34.268+0000] {processor.py:161} INFO - Started process (PID=2603) to work on /opt/airflow/dags/data_ingestion.py
[2025-10-29T17:00:34.270+0000] {processor.py:830} INFO - Processing file /opt/airflow/dags/data_ingestion.py for tasks to queue
[2025-10-29T17:00:34.272+0000] {logging_mixin.py:188} INFO - [2025-10-29T17:00:34.272+0000] {dagbag.py:545} INFO - Filling up the DagBag from /opt/airflow/dags/data_ingestion.py
[2025-10-29T17:00:34.958+0000] {processor.py:840} INFO - DAG(s) 'police_data_ingestion' retrieved from /opt/airflow/dags/data_ingestion.py
[2025-10-29T17:00:34.999+0000] {logging_mixin.py:188} INFO - [2025-10-29T17:00:34.998+0000] {dag.py:3096} INFO - Sync 1 DAGs
[2025-10-29T17:00:35.035+0000] {logging_mixin.py:188} INFO - [2025-10-29T17:00:35.035+0000] {dag.py:3954} INFO - Setting next_dagrun for police_data_ingestion to 2025-11-01 00:00:00+00:00, run_after=2025-12-01 00:00:00+00:00
[2025-10-29T17:00:35.061+0000] {processor.py:183} INFO - Processing /opt/airflow/dags/data_ingestion.py took 0.803 seconds
[2025-10-29T17:01:05.431+0000] {processor.py:161} INFO - Started process (PID=2615) to work on /opt/airflow/dags/data_ingestion.py
[2025-10-29T17:01:05.433+0000] {processor.py:830} INFO - Processing file /opt/airflow/dags/data_ingestion.py for tasks to queue
[2025-10-29T17:01:05.435+0000] {logging_mixin.py:188} INFO - [2025-10-29T17:01:05.435+0000] {dagbag.py:545} INFO - Filling up the DagBag from /opt/airflow/dags/data_ingestion.py
[2025-10-29T17:01:06.033+0000] {processor.py:840} INFO - DAG(s) 'police_data_ingestion' retrieved from /opt/airflow/dags/data_ingestion.py
[2025-10-29T17:01:06.069+0000] {logging_mixin.py:188} INFO - [2025-10-29T17:01:06.068+0000] {dag.py:3096} INFO - Sync 1 DAGs
[2025-10-29T17:01:06.095+0000] {logging_mixin.py:188} INFO - [2025-10-29T17:01:06.095+0000] {dag.py:3954} INFO - Setting next_dagrun for police_data_ingestion to 2025-11-01 00:00:00+00:00, run_after=2025-12-01 00:00:00+00:00
[2025-10-29T17:01:06.119+0000] {processor.py:183} INFO - Processing /opt/airflow/dags/data_ingestion.py took 0.696 seconds
[2025-10-29T17:01:36.724+0000] {processor.py:161} INFO - Started process (PID=2627) to work on /opt/airflow/dags/data_ingestion.py
[2025-10-29T17:01:36.726+0000] {processor.py:830} INFO - Processing file /opt/airflow/dags/data_ingestion.py for tasks to queue
[2025-10-29T17:01:36.728+0000] {logging_mixin.py:188} INFO - [2025-10-29T17:01:36.728+0000] {dagbag.py:545} INFO - Filling up the DagBag from /opt/airflow/dags/data_ingestion.py
[2025-10-29T17:01:37.428+0000] {processor.py:840} INFO - DAG(s) 'police_data_ingestion' retrieved from /opt/airflow/dags/data_ingestion.py
[2025-10-29T17:01:37.468+0000] {logging_mixin.py:188} INFO - [2025-10-29T17:01:37.468+0000] {dag.py:3096} INFO - Sync 1 DAGs
[2025-10-29T17:01:37.495+0000] {logging_mixin.py:188} INFO - [2025-10-29T17:01:37.494+0000] {dag.py:3954} INFO - Setting next_dagrun for police_data_ingestion to 2025-11-01 00:00:00+00:00, run_after=2025-12-01 00:00:00+00:00
[2025-10-29T17:01:37.518+0000] {processor.py:183} INFO - Processing /opt/airflow/dags/data_ingestion.py took 0.802 seconds
[2025-10-29T17:02:08.070+0000] {processor.py:161} INFO - Started process (PID=2639) to work on /opt/airflow/dags/data_ingestion.py
[2025-10-29T17:02:08.072+0000] {processor.py:830} INFO - Processing file /opt/airflow/dags/data_ingestion.py for tasks to queue
[2025-10-29T17:02:08.075+0000] {logging_mixin.py:188} INFO - [2025-10-29T17:02:08.074+0000] {dagbag.py:545} INFO - Filling up the DagBag from /opt/airflow/dags/data_ingestion.py
[2025-10-29T17:02:08.707+0000] {processor.py:840} INFO - DAG(s) 'police_data_ingestion' retrieved from /opt/airflow/dags/data_ingestion.py
[2025-10-29T17:02:08.743+0000] {logging_mixin.py:188} INFO - [2025-10-29T17:02:08.742+0000] {dag.py:3096} INFO - Sync 1 DAGs
[2025-10-29T17:02:08.770+0000] {logging_mixin.py:188} INFO - [2025-10-29T17:02:08.769+0000] {dag.py:3954} INFO - Setting next_dagrun for police_data_ingestion to 2025-11-01 00:00:00+00:00, run_after=2025-12-01 00:00:00+00:00
[2025-10-29T17:02:08.793+0000] {processor.py:183} INFO - Processing /opt/airflow/dags/data_ingestion.py took 0.731 seconds
[2025-10-29T17:02:39.190+0000] {processor.py:161} INFO - Started process (PID=2651) to work on /opt/airflow/dags/data_ingestion.py
[2025-10-29T17:02:39.192+0000] {processor.py:830} INFO - Processing file /opt/airflow/dags/data_ingestion.py for tasks to queue
[2025-10-29T17:02:39.194+0000] {logging_mixin.py:188} INFO - [2025-10-29T17:02:39.194+0000] {dagbag.py:545} INFO - Filling up the DagBag from /opt/airflow/dags/data_ingestion.py
[2025-10-29T17:02:40.101+0000] {processor.py:840} INFO - DAG(s) 'police_data_ingestion' retrieved from /opt/airflow/dags/data_ingestion.py
[2025-10-29T17:02:40.139+0000] {logging_mixin.py:188} INFO - [2025-10-29T17:02:40.139+0000] {dag.py:3096} INFO - Sync 1 DAGs
[2025-10-29T17:02:40.164+0000] {logging_mixin.py:188} INFO - [2025-10-29T17:02:40.163+0000] {dag.py:3954} INFO - Setting next_dagrun for police_data_ingestion to 2025-11-01 00:00:00+00:00, run_after=2025-12-01 00:00:00+00:00
[2025-10-29T17:02:40.189+0000] {processor.py:183} INFO - Processing /opt/airflow/dags/data_ingestion.py took 1.008 seconds
[2025-10-29T17:03:10.671+0000] {processor.py:161} INFO - Started process (PID=2663) to work on /opt/airflow/dags/data_ingestion.py
[2025-10-29T17:03:10.673+0000] {processor.py:830} INFO - Processing file /opt/airflow/dags/data_ingestion.py for tasks to queue
[2025-10-29T17:03:10.675+0000] {logging_mixin.py:188} INFO - [2025-10-29T17:03:10.675+0000] {dagbag.py:545} INFO - Filling up the DagBag from /opt/airflow/dags/data_ingestion.py
[2025-10-29T17:03:11.330+0000] {processor.py:840} INFO - DAG(s) 'police_data_ingestion' retrieved from /opt/airflow/dags/data_ingestion.py
[2025-10-29T17:03:11.364+0000] {logging_mixin.py:188} INFO - [2025-10-29T17:03:11.363+0000] {dag.py:3096} INFO - Sync 1 DAGs
[2025-10-29T17:03:11.399+0000] {logging_mixin.py:188} INFO - [2025-10-29T17:03:11.399+0000] {dag.py:3954} INFO - Setting next_dagrun for police_data_ingestion to 2025-11-01 00:00:00+00:00, run_after=2025-12-01 00:00:00+00:00
[2025-10-29T17:03:11.426+0000] {processor.py:183} INFO - Processing /opt/airflow/dags/data_ingestion.py took 0.762 seconds
[2025-10-29T17:03:41.729+0000] {processor.py:161} INFO - Started process (PID=2675) to work on /opt/airflow/dags/data_ingestion.py
[2025-10-29T17:03:41.730+0000] {processor.py:830} INFO - Processing file /opt/airflow/dags/data_ingestion.py for tasks to queue
[2025-10-29T17:03:41.733+0000] {logging_mixin.py:188} INFO - [2025-10-29T17:03:41.733+0000] {dagbag.py:545} INFO - Filling up the DagBag from /opt/airflow/dags/data_ingestion.py
[2025-10-29T17:03:42.400+0000] {processor.py:840} INFO - DAG(s) 'police_data_ingestion' retrieved from /opt/airflow/dags/data_ingestion.py
[2025-10-29T17:03:42.441+0000] {logging_mixin.py:188} INFO - [2025-10-29T17:03:42.440+0000] {dag.py:3096} INFO - Sync 1 DAGs
[2025-10-29T17:03:42.465+0000] {logging_mixin.py:188} INFO - [2025-10-29T17:03:42.465+0000] {dag.py:3954} INFO - Setting next_dagrun for police_data_ingestion to 2025-11-01 00:00:00+00:00, run_after=2025-12-01 00:00:00+00:00
[2025-10-29T17:03:42.498+0000] {processor.py:183} INFO - Processing /opt/airflow/dags/data_ingestion.py took 0.777 seconds
[2025-10-29T17:04:13.026+0000] {processor.py:161} INFO - Started process (PID=2687) to work on /opt/airflow/dags/data_ingestion.py
[2025-10-29T17:04:13.028+0000] {processor.py:830} INFO - Processing file /opt/airflow/dags/data_ingestion.py for tasks to queue
[2025-10-29T17:04:13.032+0000] {logging_mixin.py:188} INFO - [2025-10-29T17:04:13.031+0000] {dagbag.py:545} INFO - Filling up the DagBag from /opt/airflow/dags/data_ingestion.py
[2025-10-29T17:04:13.655+0000] {processor.py:840} INFO - DAG(s) 'police_data_ingestion' retrieved from /opt/airflow/dags/data_ingestion.py
[2025-10-29T17:04:13.697+0000] {logging_mixin.py:188} INFO - [2025-10-29T17:04:13.696+0000] {dag.py:3096} INFO - Sync 1 DAGs
[2025-10-29T17:04:13.723+0000] {logging_mixin.py:188} INFO - [2025-10-29T17:04:13.723+0000] {dag.py:3954} INFO - Setting next_dagrun for police_data_ingestion to 2025-11-01 00:00:00+00:00, run_after=2025-12-01 00:00:00+00:00
[2025-10-29T17:04:13.750+0000] {processor.py:183} INFO - Processing /opt/airflow/dags/data_ingestion.py took 0.736 seconds
[2025-10-29T17:04:44.273+0000] {processor.py:161} INFO - Started process (PID=2699) to work on /opt/airflow/dags/data_ingestion.py
[2025-10-29T17:04:44.274+0000] {processor.py:830} INFO - Processing file /opt/airflow/dags/data_ingestion.py for tasks to queue
[2025-10-29T17:04:44.277+0000] {logging_mixin.py:188} INFO - [2025-10-29T17:04:44.276+0000] {dagbag.py:545} INFO - Filling up the DagBag from /opt/airflow/dags/data_ingestion.py
[2025-10-29T17:04:44.905+0000] {processor.py:840} INFO - DAG(s) 'police_data_ingestion' retrieved from /opt/airflow/dags/data_ingestion.py
[2025-10-29T17:04:44.940+0000] {logging_mixin.py:188} INFO - [2025-10-29T17:04:44.940+0000] {dag.py:3096} INFO - Sync 1 DAGs
[2025-10-29T17:04:44.963+0000] {logging_mixin.py:188} INFO - [2025-10-29T17:04:44.962+0000] {dag.py:3954} INFO - Setting next_dagrun for police_data_ingestion to 2025-11-01 00:00:00+00:00, run_after=2025-12-01 00:00:00+00:00
[2025-10-29T17:04:44.987+0000] {processor.py:183} INFO - Processing /opt/airflow/dags/data_ingestion.py took 0.722 seconds
[2025-10-29T17:05:15.469+0000] {processor.py:161} INFO - Started process (PID=2711) to work on /opt/airflow/dags/data_ingestion.py
[2025-10-29T17:05:15.471+0000] {processor.py:830} INFO - Processing file /opt/airflow/dags/data_ingestion.py for tasks to queue
[2025-10-29T17:05:15.473+0000] {logging_mixin.py:188} INFO - [2025-10-29T17:05:15.473+0000] {dagbag.py:545} INFO - Filling up the DagBag from /opt/airflow/dags/data_ingestion.py
[2025-10-29T17:05:16.149+0000] {processor.py:840} INFO - DAG(s) 'police_data_ingestion' retrieved from /opt/airflow/dags/data_ingestion.py
[2025-10-29T17:05:16.184+0000] {logging_mixin.py:188} INFO - [2025-10-29T17:05:16.184+0000] {dag.py:3096} INFO - Sync 1 DAGs
[2025-10-29T17:05:16.209+0000] {logging_mixin.py:188} INFO - [2025-10-29T17:05:16.208+0000] {dag.py:3954} INFO - Setting next_dagrun for police_data_ingestion to 2025-11-01 00:00:00+00:00, run_after=2025-12-01 00:00:00+00:00
[2025-10-29T17:05:16.237+0000] {processor.py:183} INFO - Processing /opt/airflow/dags/data_ingestion.py took 0.778 seconds
[2025-10-29T17:05:46.753+0000] {processor.py:161} INFO - Started process (PID=2723) to work on /opt/airflow/dags/data_ingestion.py
[2025-10-29T17:05:46.754+0000] {processor.py:830} INFO - Processing file /opt/airflow/dags/data_ingestion.py for tasks to queue
[2025-10-29T17:05:46.757+0000] {logging_mixin.py:188} INFO - [2025-10-29T17:05:46.757+0000] {dagbag.py:545} INFO - Filling up the DagBag from /opt/airflow/dags/data_ingestion.py
[2025-10-29T17:05:47.443+0000] {processor.py:840} INFO - DAG(s) 'police_data_ingestion' retrieved from /opt/airflow/dags/data_ingestion.py
[2025-10-29T17:05:47.477+0000] {logging_mixin.py:188} INFO - [2025-10-29T17:05:47.476+0000] {dag.py:3096} INFO - Sync 1 DAGs
[2025-10-29T17:05:47.502+0000] {logging_mixin.py:188} INFO - [2025-10-29T17:05:47.502+0000] {dag.py:3954} INFO - Setting next_dagrun for police_data_ingestion to 2025-11-01 00:00:00+00:00, run_after=2025-12-01 00:00:00+00:00
[2025-10-29T17:05:47.524+0000] {processor.py:183} INFO - Processing /opt/airflow/dags/data_ingestion.py took 0.779 seconds
[2025-10-29T17:06:18.113+0000] {processor.py:161} INFO - Started process (PID=2735) to work on /opt/airflow/dags/data_ingestion.py
[2025-10-29T17:06:18.115+0000] {processor.py:830} INFO - Processing file /opt/airflow/dags/data_ingestion.py for tasks to queue
[2025-10-29T17:06:18.118+0000] {logging_mixin.py:188} INFO - [2025-10-29T17:06:18.117+0000] {dagbag.py:545} INFO - Filling up the DagBag from /opt/airflow/dags/data_ingestion.py
[2025-10-29T17:06:18.731+0000] {processor.py:840} INFO - DAG(s) 'police_data_ingestion' retrieved from /opt/airflow/dags/data_ingestion.py
[2025-10-29T17:06:18.765+0000] {logging_mixin.py:188} INFO - [2025-10-29T17:06:18.765+0000] {dag.py:3096} INFO - Sync 1 DAGs
[2025-10-29T17:06:18.788+0000] {logging_mixin.py:188} INFO - [2025-10-29T17:06:18.788+0000] {dag.py:3954} INFO - Setting next_dagrun for police_data_ingestion to 2025-11-01 00:00:00+00:00, run_after=2025-12-01 00:00:00+00:00
[2025-10-29T17:06:18.812+0000] {processor.py:183} INFO - Processing /opt/airflow/dags/data_ingestion.py took 0.707 seconds
[2025-10-29T17:06:49.297+0000] {processor.py:161} INFO - Started process (PID=2747) to work on /opt/airflow/dags/data_ingestion.py
[2025-10-29T17:06:49.298+0000] {processor.py:830} INFO - Processing file /opt/airflow/dags/data_ingestion.py for tasks to queue
[2025-10-29T17:06:49.301+0000] {logging_mixin.py:188} INFO - [2025-10-29T17:06:49.300+0000] {dagbag.py:545} INFO - Filling up the DagBag from /opt/airflow/dags/data_ingestion.py
[2025-10-29T17:06:49.958+0000] {processor.py:840} INFO - DAG(s) 'police_data_ingestion' retrieved from /opt/airflow/dags/data_ingestion.py
[2025-10-29T17:06:49.993+0000] {logging_mixin.py:188} INFO - [2025-10-29T17:06:49.992+0000] {dag.py:3096} INFO - Sync 1 DAGs
[2025-10-29T17:06:50.016+0000] {logging_mixin.py:188} INFO - [2025-10-29T17:06:50.016+0000] {dag.py:3954} INFO - Setting next_dagrun for police_data_ingestion to 2025-11-01 00:00:00+00:00, run_after=2025-12-01 00:00:00+00:00
[2025-10-29T17:06:50.039+0000] {processor.py:183} INFO - Processing /opt/airflow/dags/data_ingestion.py took 0.750 seconds
[2025-10-29T17:07:20.530+0000] {processor.py:161} INFO - Started process (PID=2759) to work on /opt/airflow/dags/data_ingestion.py
[2025-10-29T17:07:20.532+0000] {processor.py:830} INFO - Processing file /opt/airflow/dags/data_ingestion.py for tasks to queue
[2025-10-29T17:07:20.535+0000] {logging_mixin.py:188} INFO - [2025-10-29T17:07:20.534+0000] {dagbag.py:545} INFO - Filling up the DagBag from /opt/airflow/dags/data_ingestion.py
[2025-10-29T17:07:21.263+0000] {processor.py:840} INFO - DAG(s) 'police_data_ingestion' retrieved from /opt/airflow/dags/data_ingestion.py
[2025-10-29T17:07:21.296+0000] {logging_mixin.py:188} INFO - [2025-10-29T17:07:21.296+0000] {dag.py:3096} INFO - Sync 1 DAGs
[2025-10-29T17:07:21.320+0000] {logging_mixin.py:188} INFO - [2025-10-29T17:07:21.320+0000] {dag.py:3954} INFO - Setting next_dagrun for police_data_ingestion to 2025-11-01 00:00:00+00:00, run_after=2025-12-01 00:00:00+00:00
[2025-10-29T17:07:21.343+0000] {processor.py:183} INFO - Processing /opt/airflow/dags/data_ingestion.py took 0.825 seconds
[2025-10-29T17:07:51.839+0000] {processor.py:161} INFO - Started process (PID=2771) to work on /opt/airflow/dags/data_ingestion.py
[2025-10-29T17:07:51.841+0000] {processor.py:830} INFO - Processing file /opt/airflow/dags/data_ingestion.py for tasks to queue
[2025-10-29T17:07:51.844+0000] {logging_mixin.py:188} INFO - [2025-10-29T17:07:51.844+0000] {dagbag.py:545} INFO - Filling up the DagBag from /opt/airflow/dags/data_ingestion.py
[2025-10-29T17:07:52.440+0000] {processor.py:840} INFO - DAG(s) 'police_data_ingestion' retrieved from /opt/airflow/dags/data_ingestion.py
[2025-10-29T17:07:52.475+0000] {logging_mixin.py:188} INFO - [2025-10-29T17:07:52.474+0000] {dag.py:3096} INFO - Sync 1 DAGs
[2025-10-29T17:07:52.500+0000] {logging_mixin.py:188} INFO - [2025-10-29T17:07:52.499+0000] {dag.py:3954} INFO - Setting next_dagrun for police_data_ingestion to 2025-11-01 00:00:00+00:00, run_after=2025-12-01 00:00:00+00:00
[2025-10-29T17:07:52.523+0000] {processor.py:183} INFO - Processing /opt/airflow/dags/data_ingestion.py took 0.693 seconds
[2025-10-29T17:08:23.062+0000] {processor.py:161} INFO - Started process (PID=2783) to work on /opt/airflow/dags/data_ingestion.py
[2025-10-29T17:08:23.063+0000] {processor.py:830} INFO - Processing file /opt/airflow/dags/data_ingestion.py for tasks to queue
[2025-10-29T17:08:23.066+0000] {logging_mixin.py:188} INFO - [2025-10-29T17:08:23.065+0000] {dagbag.py:545} INFO - Filling up the DagBag from /opt/airflow/dags/data_ingestion.py
[2025-10-29T17:08:23.667+0000] {processor.py:840} INFO - DAG(s) 'police_data_ingestion' retrieved from /opt/airflow/dags/data_ingestion.py
[2025-10-29T17:08:23.704+0000] {logging_mixin.py:188} INFO - [2025-10-29T17:08:23.704+0000] {dag.py:3096} INFO - Sync 1 DAGs
[2025-10-29T17:08:23.732+0000] {logging_mixin.py:188} INFO - [2025-10-29T17:08:23.732+0000] {dag.py:3954} INFO - Setting next_dagrun for police_data_ingestion to 2025-11-01 00:00:00+00:00, run_after=2025-12-01 00:00:00+00:00
[2025-10-29T17:08:23.758+0000] {processor.py:183} INFO - Processing /opt/airflow/dags/data_ingestion.py took 0.704 seconds
[2025-10-29T17:08:54.191+0000] {processor.py:161} INFO - Started process (PID=2795) to work on /opt/airflow/dags/data_ingestion.py
[2025-10-29T17:08:54.192+0000] {processor.py:830} INFO - Processing file /opt/airflow/dags/data_ingestion.py for tasks to queue
[2025-10-29T17:08:54.195+0000] {logging_mixin.py:188} INFO - [2025-10-29T17:08:54.195+0000] {dagbag.py:545} INFO - Filling up the DagBag from /opt/airflow/dags/data_ingestion.py
[2025-10-29T17:08:54.814+0000] {processor.py:840} INFO - DAG(s) 'police_data_ingestion' retrieved from /opt/airflow/dags/data_ingestion.py
[2025-10-29T17:08:54.846+0000] {logging_mixin.py:188} INFO - [2025-10-29T17:08:54.846+0000] {dag.py:3096} INFO - Sync 1 DAGs
[2025-10-29T17:08:54.867+0000] {logging_mixin.py:188} INFO - [2025-10-29T17:08:54.867+0000] {dag.py:3954} INFO - Setting next_dagrun for police_data_ingestion to 2025-11-01 00:00:00+00:00, run_after=2025-12-01 00:00:00+00:00
[2025-10-29T17:08:54.890+0000] {processor.py:183} INFO - Processing /opt/airflow/dags/data_ingestion.py took 0.707 seconds
[2025-10-29T17:09:25.423+0000] {processor.py:161} INFO - Started process (PID=2807) to work on /opt/airflow/dags/data_ingestion.py
[2025-10-29T17:09:25.424+0000] {processor.py:830} INFO - Processing file /opt/airflow/dags/data_ingestion.py for tasks to queue
[2025-10-29T17:09:25.427+0000] {logging_mixin.py:188} INFO - [2025-10-29T17:09:25.426+0000] {dagbag.py:545} INFO - Filling up the DagBag from /opt/airflow/dags/data_ingestion.py
[2025-10-29T17:09:26.024+0000] {processor.py:840} INFO - DAG(s) 'police_data_ingestion' retrieved from /opt/airflow/dags/data_ingestion.py
[2025-10-29T17:09:26.057+0000] {logging_mixin.py:188} INFO - [2025-10-29T17:09:26.057+0000] {dag.py:3096} INFO - Sync 1 DAGs
[2025-10-29T17:09:26.080+0000] {logging_mixin.py:188} INFO - [2025-10-29T17:09:26.080+0000] {dag.py:3954} INFO - Setting next_dagrun for police_data_ingestion to 2025-11-01 00:00:00+00:00, run_after=2025-12-01 00:00:00+00:00
[2025-10-29T17:09:26.104+0000] {processor.py:183} INFO - Processing /opt/airflow/dags/data_ingestion.py took 0.689 seconds
[2025-10-29T17:09:56.648+0000] {processor.py:161} INFO - Started process (PID=2819) to work on /opt/airflow/dags/data_ingestion.py
[2025-10-29T17:09:56.649+0000] {processor.py:830} INFO - Processing file /opt/airflow/dags/data_ingestion.py for tasks to queue
[2025-10-29T17:09:56.652+0000] {logging_mixin.py:188} INFO - [2025-10-29T17:09:56.652+0000] {dagbag.py:545} INFO - Filling up the DagBag from /opt/airflow/dags/data_ingestion.py
[2025-10-29T17:09:57.278+0000] {processor.py:840} INFO - DAG(s) 'police_data_ingestion' retrieved from /opt/airflow/dags/data_ingestion.py
[2025-10-29T17:09:57.314+0000] {logging_mixin.py:188} INFO - [2025-10-29T17:09:57.313+0000] {dag.py:3096} INFO - Sync 1 DAGs
[2025-10-29T17:09:57.346+0000] {logging_mixin.py:188} INFO - [2025-10-29T17:09:57.345+0000] {dag.py:3954} INFO - Setting next_dagrun for police_data_ingestion to 2025-11-01 00:00:00+00:00, run_after=2025-12-01 00:00:00+00:00
[2025-10-29T17:09:57.375+0000] {processor.py:183} INFO - Processing /opt/airflow/dags/data_ingestion.py took 0.735 seconds
[2025-10-29T17:10:27.931+0000] {processor.py:161} INFO - Started process (PID=2831) to work on /opt/airflow/dags/data_ingestion.py
[2025-10-29T17:10:27.933+0000] {processor.py:830} INFO - Processing file /opt/airflow/dags/data_ingestion.py for tasks to queue
[2025-10-29T17:10:27.935+0000] {logging_mixin.py:188} INFO - [2025-10-29T17:10:27.935+0000] {dagbag.py:545} INFO - Filling up the DagBag from /opt/airflow/dags/data_ingestion.py
[2025-10-29T17:10:28.583+0000] {processor.py:840} INFO - DAG(s) 'police_data_ingestion' retrieved from /opt/airflow/dags/data_ingestion.py
[2025-10-29T17:10:28.616+0000] {logging_mixin.py:188} INFO - [2025-10-29T17:10:28.615+0000] {dag.py:3096} INFO - Sync 1 DAGs
[2025-10-29T17:10:28.640+0000] {logging_mixin.py:188} INFO - [2025-10-29T17:10:28.640+0000] {dag.py:3954} INFO - Setting next_dagrun for police_data_ingestion to 2025-11-01 00:00:00+00:00, run_after=2025-12-01 00:00:00+00:00
[2025-10-29T17:10:28.665+0000] {processor.py:183} INFO - Processing /opt/airflow/dags/data_ingestion.py took 0.742 seconds
[2025-10-29T17:10:59.106+0000] {processor.py:161} INFO - Started process (PID=2843) to work on /opt/airflow/dags/data_ingestion.py
[2025-10-29T17:10:59.107+0000] {processor.py:830} INFO - Processing file /opt/airflow/dags/data_ingestion.py for tasks to queue
[2025-10-29T17:10:59.110+0000] {logging_mixin.py:188} INFO - [2025-10-29T17:10:59.110+0000] {dagbag.py:545} INFO - Filling up the DagBag from /opt/airflow/dags/data_ingestion.py
[2025-10-29T17:10:59.715+0000] {processor.py:840} INFO - DAG(s) 'police_data_ingestion' retrieved from /opt/airflow/dags/data_ingestion.py
[2025-10-29T17:10:59.765+0000] {logging_mixin.py:188} INFO - [2025-10-29T17:10:59.765+0000] {dag.py:3096} INFO - Sync 1 DAGs
[2025-10-29T17:10:59.788+0000] {logging_mixin.py:188} INFO - [2025-10-29T17:10:59.788+0000] {dag.py:3954} INFO - Setting next_dagrun for police_data_ingestion to 2025-11-01 00:00:00+00:00, run_after=2025-12-01 00:00:00+00:00
[2025-10-29T17:10:59.813+0000] {processor.py:183} INFO - Processing /opt/airflow/dags/data_ingestion.py took 0.715 seconds
[2025-10-29T17:11:30.333+0000] {processor.py:161} INFO - Started process (PID=2855) to work on /opt/airflow/dags/data_ingestion.py
[2025-10-29T17:11:30.334+0000] {processor.py:830} INFO - Processing file /opt/airflow/dags/data_ingestion.py for tasks to queue
[2025-10-29T17:11:30.337+0000] {logging_mixin.py:188} INFO - [2025-10-29T17:11:30.336+0000] {dagbag.py:545} INFO - Filling up the DagBag from /opt/airflow/dags/data_ingestion.py
[2025-10-29T17:11:30.940+0000] {processor.py:840} INFO - DAG(s) 'police_data_ingestion' retrieved from /opt/airflow/dags/data_ingestion.py
[2025-10-29T17:11:30.976+0000] {logging_mixin.py:188} INFO - [2025-10-29T17:11:30.975+0000] {dag.py:3096} INFO - Sync 1 DAGs
[2025-10-29T17:11:30.999+0000] {logging_mixin.py:188} INFO - [2025-10-29T17:11:30.998+0000] {dag.py:3954} INFO - Setting next_dagrun for police_data_ingestion to 2025-11-01 00:00:00+00:00, run_after=2025-12-01 00:00:00+00:00
[2025-10-29T17:11:31.023+0000] {processor.py:183} INFO - Processing /opt/airflow/dags/data_ingestion.py took 0.698 seconds
[2025-10-29T17:12:01.480+0000] {processor.py:161} INFO - Started process (PID=2867) to work on /opt/airflow/dags/data_ingestion.py
[2025-10-29T17:12:01.481+0000] {processor.py:830} INFO - Processing file /opt/airflow/dags/data_ingestion.py for tasks to queue
[2025-10-29T17:12:01.484+0000] {logging_mixin.py:188} INFO - [2025-10-29T17:12:01.484+0000] {dagbag.py:545} INFO - Filling up the DagBag from /opt/airflow/dags/data_ingestion.py
[2025-10-29T17:12:02.119+0000] {processor.py:840} INFO - DAG(s) 'police_data_ingestion' retrieved from /opt/airflow/dags/data_ingestion.py
[2025-10-29T17:12:02.156+0000] {logging_mixin.py:188} INFO - [2025-10-29T17:12:02.155+0000] {dag.py:3096} INFO - Sync 1 DAGs
[2025-10-29T17:12:02.192+0000] {logging_mixin.py:188} INFO - [2025-10-29T17:12:02.191+0000] {dag.py:3954} INFO - Setting next_dagrun for police_data_ingestion to 2025-11-01 00:00:00+00:00, run_after=2025-12-01 00:00:00+00:00
[2025-10-29T17:12:02.224+0000] {processor.py:183} INFO - Processing /opt/airflow/dags/data_ingestion.py took 0.752 seconds
[2025-10-29T17:12:32.705+0000] {processor.py:161} INFO - Started process (PID=2879) to work on /opt/airflow/dags/data_ingestion.py
[2025-10-29T17:12:32.708+0000] {processor.py:830} INFO - Processing file /opt/airflow/dags/data_ingestion.py for tasks to queue
[2025-10-29T17:12:32.712+0000] {logging_mixin.py:188} INFO - [2025-10-29T17:12:32.711+0000] {dagbag.py:545} INFO - Filling up the DagBag from /opt/airflow/dags/data_ingestion.py
[2025-10-29T17:12:33.605+0000] {processor.py:840} INFO - DAG(s) 'police_data_ingestion' retrieved from /opt/airflow/dags/data_ingestion.py
[2025-10-29T17:12:33.652+0000] {logging_mixin.py:188} INFO - [2025-10-29T17:12:33.651+0000] {dag.py:3096} INFO - Sync 1 DAGs
[2025-10-29T17:12:33.689+0000] {logging_mixin.py:188} INFO - [2025-10-29T17:12:33.689+0000] {dag.py:3954} INFO - Setting next_dagrun for police_data_ingestion to 2025-11-01 00:00:00+00:00, run_after=2025-12-01 00:00:00+00:00
[2025-10-29T17:12:33.724+0000] {processor.py:183} INFO - Processing /opt/airflow/dags/data_ingestion.py took 1.034 seconds
[2025-10-29T17:13:04.156+0000] {processor.py:161} INFO - Started process (PID=2891) to work on /opt/airflow/dags/data_ingestion.py
[2025-10-29T17:13:04.157+0000] {processor.py:830} INFO - Processing file /opt/airflow/dags/data_ingestion.py for tasks to queue
[2025-10-29T17:13:04.161+0000] {logging_mixin.py:188} INFO - [2025-10-29T17:13:04.160+0000] {dagbag.py:545} INFO - Filling up the DagBag from /opt/airflow/dags/data_ingestion.py
[2025-10-29T17:13:04.827+0000] {processor.py:840} INFO - DAG(s) 'police_data_ingestion' retrieved from /opt/airflow/dags/data_ingestion.py
[2025-10-29T17:13:04.865+0000] {logging_mixin.py:188} INFO - [2025-10-29T17:13:04.865+0000] {dag.py:3096} INFO - Sync 1 DAGs
[2025-10-29T17:13:04.890+0000] {logging_mixin.py:188} INFO - [2025-10-29T17:13:04.890+0000] {dag.py:3954} INFO - Setting next_dagrun for police_data_ingestion to 2025-11-01 00:00:00+00:00, run_after=2025-12-01 00:00:00+00:00
[2025-10-29T17:13:04.915+0000] {processor.py:183} INFO - Processing /opt/airflow/dags/data_ingestion.py took 0.770 seconds
[2025-10-29T17:13:35.457+0000] {processor.py:161} INFO - Started process (PID=2903) to work on /opt/airflow/dags/data_ingestion.py
[2025-10-29T17:13:35.459+0000] {processor.py:830} INFO - Processing file /opt/airflow/dags/data_ingestion.py for tasks to queue
[2025-10-29T17:13:35.461+0000] {logging_mixin.py:188} INFO - [2025-10-29T17:13:35.461+0000] {dagbag.py:545} INFO - Filling up the DagBag from /opt/airflow/dags/data_ingestion.py
[2025-10-29T17:13:36.065+0000] {processor.py:840} INFO - DAG(s) 'police_data_ingestion' retrieved from /opt/airflow/dags/data_ingestion.py
[2025-10-29T17:13:36.098+0000] {logging_mixin.py:188} INFO - [2025-10-29T17:13:36.098+0000] {dag.py:3096} INFO - Sync 1 DAGs
[2025-10-29T17:13:36.122+0000] {logging_mixin.py:188} INFO - [2025-10-29T17:13:36.121+0000] {dag.py:3954} INFO - Setting next_dagrun for police_data_ingestion to 2025-11-01 00:00:00+00:00, run_after=2025-12-01 00:00:00+00:00
[2025-10-29T17:13:36.146+0000] {processor.py:183} INFO - Processing /opt/airflow/dags/data_ingestion.py took 0.697 seconds
[2025-10-29T17:14:06.743+0000] {processor.py:161} INFO - Started process (PID=2915) to work on /opt/airflow/dags/data_ingestion.py
[2025-10-29T17:14:06.744+0000] {processor.py:830} INFO - Processing file /opt/airflow/dags/data_ingestion.py for tasks to queue
[2025-10-29T17:14:06.747+0000] {logging_mixin.py:188} INFO - [2025-10-29T17:14:06.746+0000] {dagbag.py:545} INFO - Filling up the DagBag from /opt/airflow/dags/data_ingestion.py
[2025-10-29T17:14:07.361+0000] {processor.py:840} INFO - DAG(s) 'police_data_ingestion' retrieved from /opt/airflow/dags/data_ingestion.py
[2025-10-29T17:14:07.409+0000] {logging_mixin.py:188} INFO - [2025-10-29T17:14:07.408+0000] {dag.py:3096} INFO - Sync 1 DAGs
[2025-10-29T17:14:07.445+0000] {logging_mixin.py:188} INFO - [2025-10-29T17:14:07.445+0000] {dag.py:3954} INFO - Setting next_dagrun for police_data_ingestion to 2025-11-01 00:00:00+00:00, run_after=2025-12-01 00:00:00+00:00
[2025-10-29T17:14:07.473+0000] {processor.py:183} INFO - Processing /opt/airflow/dags/data_ingestion.py took 0.739 seconds
[2025-10-29T17:14:38.021+0000] {processor.py:161} INFO - Started process (PID=2927) to work on /opt/airflow/dags/data_ingestion.py
[2025-10-29T17:14:38.022+0000] {processor.py:830} INFO - Processing file /opt/airflow/dags/data_ingestion.py for tasks to queue
[2025-10-29T17:14:38.025+0000] {logging_mixin.py:188} INFO - [2025-10-29T17:14:38.024+0000] {dagbag.py:545} INFO - Filling up the DagBag from /opt/airflow/dags/data_ingestion.py
[2025-10-29T17:14:38.616+0000] {processor.py:840} INFO - DAG(s) 'police_data_ingestion' retrieved from /opt/airflow/dags/data_ingestion.py
[2025-10-29T17:14:38.651+0000] {logging_mixin.py:188} INFO - [2025-10-29T17:14:38.651+0000] {dag.py:3096} INFO - Sync 1 DAGs
[2025-10-29T17:14:38.677+0000] {logging_mixin.py:188} INFO - [2025-10-29T17:14:38.677+0000] {dag.py:3954} INFO - Setting next_dagrun for police_data_ingestion to 2025-11-01 00:00:00+00:00, run_after=2025-12-01 00:00:00+00:00
[2025-10-29T17:14:38.701+0000] {processor.py:183} INFO - Processing /opt/airflow/dags/data_ingestion.py took 0.688 seconds
[2025-10-29T17:15:09.197+0000] {processor.py:161} INFO - Started process (PID=2939) to work on /opt/airflow/dags/data_ingestion.py
[2025-10-29T17:15:09.199+0000] {processor.py:830} INFO - Processing file /opt/airflow/dags/data_ingestion.py for tasks to queue
[2025-10-29T17:15:09.202+0000] {logging_mixin.py:188} INFO - [2025-10-29T17:15:09.202+0000] {dagbag.py:545} INFO - Filling up the DagBag from /opt/airflow/dags/data_ingestion.py
[2025-10-29T17:15:09.825+0000] {processor.py:840} INFO - DAG(s) 'police_data_ingestion' retrieved from /opt/airflow/dags/data_ingestion.py
[2025-10-29T17:15:09.858+0000] {logging_mixin.py:188} INFO - [2025-10-29T17:15:09.858+0000] {dag.py:3096} INFO - Sync 1 DAGs
[2025-10-29T17:15:09.886+0000] {logging_mixin.py:188} INFO - [2025-10-29T17:15:09.886+0000] {dag.py:3954} INFO - Setting next_dagrun for police_data_ingestion to 2025-11-01 00:00:00+00:00, run_after=2025-12-01 00:00:00+00:00
[2025-10-29T17:15:09.912+0000] {processor.py:183} INFO - Processing /opt/airflow/dags/data_ingestion.py took 0.724 seconds
[2025-10-29T17:15:40.352+0000] {processor.py:161} INFO - Started process (PID=2951) to work on /opt/airflow/dags/data_ingestion.py
[2025-10-29T17:15:40.354+0000] {processor.py:830} INFO - Processing file /opt/airflow/dags/data_ingestion.py for tasks to queue
[2025-10-29T17:15:40.357+0000] {logging_mixin.py:188} INFO - [2025-10-29T17:15:40.356+0000] {dagbag.py:545} INFO - Filling up the DagBag from /opt/airflow/dags/data_ingestion.py
[2025-10-29T17:15:41.066+0000] {processor.py:840} INFO - DAG(s) 'police_data_ingestion' retrieved from /opt/airflow/dags/data_ingestion.py
[2025-10-29T17:15:41.105+0000] {logging_mixin.py:188} INFO - [2025-10-29T17:15:41.104+0000] {dag.py:3096} INFO - Sync 1 DAGs
[2025-10-29T17:15:41.131+0000] {logging_mixin.py:188} INFO - [2025-10-29T17:15:41.130+0000] {dag.py:3954} INFO - Setting next_dagrun for police_data_ingestion to 2025-11-01 00:00:00+00:00, run_after=2025-12-01 00:00:00+00:00
[2025-10-29T17:15:41.157+0000] {processor.py:183} INFO - Processing /opt/airflow/dags/data_ingestion.py took 0.814 seconds
[2025-10-29T17:16:11.758+0000] {processor.py:161} INFO - Started process (PID=2963) to work on /opt/airflow/dags/data_ingestion.py
[2025-10-29T17:16:11.760+0000] {processor.py:830} INFO - Processing file /opt/airflow/dags/data_ingestion.py for tasks to queue
[2025-10-29T17:16:11.762+0000] {logging_mixin.py:188} INFO - [2025-10-29T17:16:11.762+0000] {dagbag.py:545} INFO - Filling up the DagBag from /opt/airflow/dags/data_ingestion.py
[2025-10-29T17:16:12.364+0000] {processor.py:840} INFO - DAG(s) 'police_data_ingestion' retrieved from /opt/airflow/dags/data_ingestion.py
[2025-10-29T17:16:12.396+0000] {logging_mixin.py:188} INFO - [2025-10-29T17:16:12.396+0000] {dag.py:3096} INFO - Sync 1 DAGs
[2025-10-29T17:16:12.419+0000] {logging_mixin.py:188} INFO - [2025-10-29T17:16:12.419+0000] {dag.py:3954} INFO - Setting next_dagrun for police_data_ingestion to 2025-11-01 00:00:00+00:00, run_after=2025-12-01 00:00:00+00:00
[2025-10-29T17:16:12.443+0000] {processor.py:183} INFO - Processing /opt/airflow/dags/data_ingestion.py took 0.692 seconds
[2025-10-29T17:16:43.004+0000] {processor.py:161} INFO - Started process (PID=2975) to work on /opt/airflow/dags/data_ingestion.py
[2025-10-29T17:16:43.005+0000] {processor.py:830} INFO - Processing file /opt/airflow/dags/data_ingestion.py for tasks to queue
[2025-10-29T17:16:43.008+0000] {logging_mixin.py:188} INFO - [2025-10-29T17:16:43.007+0000] {dagbag.py:545} INFO - Filling up the DagBag from /opt/airflow/dags/data_ingestion.py
[2025-10-29T17:16:43.675+0000] {processor.py:840} INFO - DAG(s) 'police_data_ingestion' retrieved from /opt/airflow/dags/data_ingestion.py
[2025-10-29T17:16:43.710+0000] {logging_mixin.py:188} INFO - [2025-10-29T17:16:43.710+0000] {dag.py:3096} INFO - Sync 1 DAGs
[2025-10-29T17:16:43.735+0000] {logging_mixin.py:188} INFO - [2025-10-29T17:16:43.734+0000] {dag.py:3954} INFO - Setting next_dagrun for police_data_ingestion to 2025-11-01 00:00:00+00:00, run_after=2025-12-01 00:00:00+00:00
[2025-10-29T17:16:43.758+0000] {processor.py:183} INFO - Processing /opt/airflow/dags/data_ingestion.py took 0.763 seconds
[2025-10-29T17:17:14.209+0000] {processor.py:161} INFO - Started process (PID=2987) to work on /opt/airflow/dags/data_ingestion.py
[2025-10-29T17:17:14.211+0000] {processor.py:830} INFO - Processing file /opt/airflow/dags/data_ingestion.py for tasks to queue
[2025-10-29T17:17:14.214+0000] {logging_mixin.py:188} INFO - [2025-10-29T17:17:14.213+0000] {dagbag.py:545} INFO - Filling up the DagBag from /opt/airflow/dags/data_ingestion.py
[2025-10-29T17:17:14.830+0000] {processor.py:840} INFO - DAG(s) 'police_data_ingestion' retrieved from /opt/airflow/dags/data_ingestion.py
[2025-10-29T17:17:14.869+0000] {logging_mixin.py:188} INFO - [2025-10-29T17:17:14.868+0000] {dag.py:3096} INFO - Sync 1 DAGs
[2025-10-29T17:17:14.898+0000] {logging_mixin.py:188} INFO - [2025-10-29T17:17:14.898+0000] {dag.py:3954} INFO - Setting next_dagrun for police_data_ingestion to 2025-11-01 00:00:00+00:00, run_after=2025-12-01 00:00:00+00:00
[2025-10-29T17:17:14.925+0000] {processor.py:183} INFO - Processing /opt/airflow/dags/data_ingestion.py took 0.723 seconds
[2025-10-29T17:17:45.389+0000] {processor.py:161} INFO - Started process (PID=2999) to work on /opt/airflow/dags/data_ingestion.py
[2025-10-29T17:17:45.391+0000] {processor.py:830} INFO - Processing file /opt/airflow/dags/data_ingestion.py for tasks to queue
[2025-10-29T17:17:45.394+0000] {logging_mixin.py:188} INFO - [2025-10-29T17:17:45.394+0000] {dagbag.py:545} INFO - Filling up the DagBag from /opt/airflow/dags/data_ingestion.py
[2025-10-29T17:17:45.966+0000] {processor.py:840} INFO - DAG(s) 'police_data_ingestion' retrieved from /opt/airflow/dags/data_ingestion.py
[2025-10-29T17:17:45.998+0000] {logging_mixin.py:188} INFO - [2025-10-29T17:17:45.998+0000] {dag.py:3096} INFO - Sync 1 DAGs
[2025-10-29T17:17:46.023+0000] {logging_mixin.py:188} INFO - [2025-10-29T17:17:46.023+0000] {dag.py:3954} INFO - Setting next_dagrun for police_data_ingestion to 2025-11-01 00:00:00+00:00, run_after=2025-12-01 00:00:00+00:00
[2025-10-29T17:17:46.046+0000] {processor.py:183} INFO - Processing /opt/airflow/dags/data_ingestion.py took 0.666 seconds
[2025-10-29T17:18:16.544+0000] {processor.py:161} INFO - Started process (PID=3011) to work on /opt/airflow/dags/data_ingestion.py
[2025-10-29T17:18:16.545+0000] {processor.py:830} INFO - Processing file /opt/airflow/dags/data_ingestion.py for tasks to queue
[2025-10-29T17:18:16.548+0000] {logging_mixin.py:188} INFO - [2025-10-29T17:18:16.547+0000] {dagbag.py:545} INFO - Filling up the DagBag from /opt/airflow/dags/data_ingestion.py
[2025-10-29T17:18:17.117+0000] {processor.py:840} INFO - DAG(s) 'police_data_ingestion' retrieved from /opt/airflow/dags/data_ingestion.py
[2025-10-29T17:18:17.151+0000] {logging_mixin.py:188} INFO - [2025-10-29T17:18:17.151+0000] {dag.py:3096} INFO - Sync 1 DAGs
[2025-10-29T17:18:17.174+0000] {logging_mixin.py:188} INFO - [2025-10-29T17:18:17.174+0000] {dag.py:3954} INFO - Setting next_dagrun for police_data_ingestion to 2025-11-01 00:00:00+00:00, run_after=2025-12-01 00:00:00+00:00
[2025-10-29T17:18:17.198+0000] {processor.py:183} INFO - Processing /opt/airflow/dags/data_ingestion.py took 0.662 seconds
[2025-10-29T17:18:47.742+0000] {processor.py:161} INFO - Started process (PID=3023) to work on /opt/airflow/dags/data_ingestion.py
[2025-10-29T17:18:47.743+0000] {processor.py:830} INFO - Processing file /opt/airflow/dags/data_ingestion.py for tasks to queue
[2025-10-29T17:18:47.747+0000] {logging_mixin.py:188} INFO - [2025-10-29T17:18:47.746+0000] {dagbag.py:545} INFO - Filling up the DagBag from /opt/airflow/dags/data_ingestion.py
[2025-10-29T17:18:48.539+0000] {processor.py:840} INFO - DAG(s) 'police_data_ingestion' retrieved from /opt/airflow/dags/data_ingestion.py
[2025-10-29T17:18:48.586+0000] {logging_mixin.py:188} INFO - [2025-10-29T17:18:48.585+0000] {dag.py:3096} INFO - Sync 1 DAGs
[2025-10-29T17:18:48.626+0000] {logging_mixin.py:188} INFO - [2025-10-29T17:18:48.625+0000] {dag.py:3954} INFO - Setting next_dagrun for police_data_ingestion to 2025-11-01 00:00:00+00:00, run_after=2025-12-01 00:00:00+00:00
[2025-10-29T17:18:48.659+0000] {processor.py:183} INFO - Processing /opt/airflow/dags/data_ingestion.py took 0.928 seconds
[2025-10-29T17:19:19.245+0000] {processor.py:161} INFO - Started process (PID=3035) to work on /opt/airflow/dags/data_ingestion.py
[2025-10-29T17:19:19.246+0000] {processor.py:830} INFO - Processing file /opt/airflow/dags/data_ingestion.py for tasks to queue
[2025-10-29T17:19:19.249+0000] {logging_mixin.py:188} INFO - [2025-10-29T17:19:19.249+0000] {dagbag.py:545} INFO - Filling up the DagBag from /opt/airflow/dags/data_ingestion.py
[2025-10-29T17:19:19.845+0000] {processor.py:840} INFO - DAG(s) 'police_data_ingestion' retrieved from /opt/airflow/dags/data_ingestion.py
[2025-10-29T17:19:19.877+0000] {logging_mixin.py:188} INFO - [2025-10-29T17:19:19.876+0000] {dag.py:3096} INFO - Sync 1 DAGs
[2025-10-29T17:19:19.901+0000] {logging_mixin.py:188} INFO - [2025-10-29T17:19:19.901+0000] {dag.py:3954} INFO - Setting next_dagrun for police_data_ingestion to 2025-11-01 00:00:00+00:00, run_after=2025-12-01 00:00:00+00:00
[2025-10-29T17:19:19.924+0000] {processor.py:183} INFO - Processing /opt/airflow/dags/data_ingestion.py took 0.686 seconds
[2025-10-29T17:19:50.489+0000] {processor.py:161} INFO - Started process (PID=3047) to work on /opt/airflow/dags/data_ingestion.py
[2025-10-29T17:19:50.490+0000] {processor.py:830} INFO - Processing file /opt/airflow/dags/data_ingestion.py for tasks to queue
[2025-10-29T17:19:50.493+0000] {logging_mixin.py:188} INFO - [2025-10-29T17:19:50.493+0000] {dagbag.py:545} INFO - Filling up the DagBag from /opt/airflow/dags/data_ingestion.py
[2025-10-29T17:19:51.238+0000] {processor.py:840} INFO - DAG(s) 'police_data_ingestion' retrieved from /opt/airflow/dags/data_ingestion.py
[2025-10-29T17:19:51.280+0000] {logging_mixin.py:188} INFO - [2025-10-29T17:19:51.279+0000] {dag.py:3096} INFO - Sync 1 DAGs
[2025-10-29T17:19:51.308+0000] {logging_mixin.py:188} INFO - [2025-10-29T17:19:51.308+0000] {dag.py:3954} INFO - Setting next_dagrun for police_data_ingestion to 2025-11-01 00:00:00+00:00, run_after=2025-12-01 00:00:00+00:00
[2025-10-29T17:19:51.337+0000] {processor.py:183} INFO - Processing /opt/airflow/dags/data_ingestion.py took 0.856 seconds
[2025-10-29T17:20:21.873+0000] {processor.py:161} INFO - Started process (PID=3059) to work on /opt/airflow/dags/data_ingestion.py
[2025-10-29T17:20:21.875+0000] {processor.py:830} INFO - Processing file /opt/airflow/dags/data_ingestion.py for tasks to queue
[2025-10-29T17:20:21.878+0000] {logging_mixin.py:188} INFO - [2025-10-29T17:20:21.878+0000] {dagbag.py:545} INFO - Filling up the DagBag from /opt/airflow/dags/data_ingestion.py
[2025-10-29T17:20:22.454+0000] {processor.py:840} INFO - DAG(s) 'police_data_ingestion' retrieved from /opt/airflow/dags/data_ingestion.py
[2025-10-29T17:20:22.490+0000] {logging_mixin.py:188} INFO - [2025-10-29T17:20:22.490+0000] {dag.py:3096} INFO - Sync 1 DAGs
[2025-10-29T17:20:22.513+0000] {logging_mixin.py:188} INFO - [2025-10-29T17:20:22.512+0000] {dag.py:3954} INFO - Setting next_dagrun for police_data_ingestion to 2025-11-01 00:00:00+00:00, run_after=2025-12-01 00:00:00+00:00
[2025-10-29T17:20:22.536+0000] {processor.py:183} INFO - Processing /opt/airflow/dags/data_ingestion.py took 0.671 seconds
[2025-10-29T17:20:53.021+0000] {processor.py:161} INFO - Started process (PID=3071) to work on /opt/airflow/dags/data_ingestion.py
[2025-10-29T17:20:53.022+0000] {processor.py:830} INFO - Processing file /opt/airflow/dags/data_ingestion.py for tasks to queue
[2025-10-29T17:20:53.025+0000] {logging_mixin.py:188} INFO - [2025-10-29T17:20:53.024+0000] {dagbag.py:545} INFO - Filling up the DagBag from /opt/airflow/dags/data_ingestion.py
[2025-10-29T17:20:53.731+0000] {processor.py:840} INFO - DAG(s) 'police_data_ingestion' retrieved from /opt/airflow/dags/data_ingestion.py
[2025-10-29T17:20:53.766+0000] {logging_mixin.py:188} INFO - [2025-10-29T17:20:53.765+0000] {dag.py:3096} INFO - Sync 1 DAGs
[2025-10-29T17:20:53.799+0000] {logging_mixin.py:188} INFO - [2025-10-29T17:20:53.799+0000] {dag.py:3954} INFO - Setting next_dagrun for police_data_ingestion to 2025-11-01 00:00:00+00:00, run_after=2025-12-01 00:00:00+00:00
[2025-10-29T17:20:53.827+0000] {processor.py:183} INFO - Processing /opt/airflow/dags/data_ingestion.py took 0.815 seconds
[2025-10-29T17:21:24.511+0000] {processor.py:161} INFO - Started process (PID=3083) to work on /opt/airflow/dags/data_ingestion.py
[2025-10-29T17:21:24.512+0000] {processor.py:830} INFO - Processing file /opt/airflow/dags/data_ingestion.py for tasks to queue
[2025-10-29T17:21:24.515+0000] {logging_mixin.py:188} INFO - [2025-10-29T17:21:24.514+0000] {dagbag.py:545} INFO - Filling up the DagBag from /opt/airflow/dags/data_ingestion.py
[2025-10-29T17:21:25.098+0000] {processor.py:840} INFO - DAG(s) 'police_data_ingestion' retrieved from /opt/airflow/dags/data_ingestion.py
[2025-10-29T17:21:25.128+0000] {logging_mixin.py:188} INFO - [2025-10-29T17:21:25.127+0000] {dag.py:3096} INFO - Sync 1 DAGs
[2025-10-29T17:21:25.151+0000] {logging_mixin.py:188} INFO - [2025-10-29T17:21:25.151+0000] {dag.py:3954} INFO - Setting next_dagrun for police_data_ingestion to 2025-11-01 00:00:00+00:00, run_after=2025-12-01 00:00:00+00:00
[2025-10-29T17:21:25.172+0000] {processor.py:183} INFO - Processing /opt/airflow/dags/data_ingestion.py took 0.672 seconds
[2025-10-29T17:21:55.748+0000] {processor.py:161} INFO - Started process (PID=3095) to work on /opt/airflow/dags/data_ingestion.py
[2025-10-29T17:21:55.749+0000] {processor.py:830} INFO - Processing file /opt/airflow/dags/data_ingestion.py for tasks to queue
[2025-10-29T17:21:55.753+0000] {logging_mixin.py:188} INFO - [2025-10-29T17:21:55.752+0000] {dagbag.py:545} INFO - Filling up the DagBag from /opt/airflow/dags/data_ingestion.py
[2025-10-29T17:21:56.443+0000] {processor.py:840} INFO - DAG(s) 'police_data_ingestion' retrieved from /opt/airflow/dags/data_ingestion.py
[2025-10-29T17:21:56.488+0000] {logging_mixin.py:188} INFO - [2025-10-29T17:21:56.487+0000] {dag.py:3096} INFO - Sync 1 DAGs
[2025-10-29T17:21:56.516+0000] {logging_mixin.py:188} INFO - [2025-10-29T17:21:56.515+0000] {dag.py:3954} INFO - Setting next_dagrun for police_data_ingestion to 2025-11-01 00:00:00+00:00, run_after=2025-12-01 00:00:00+00:00
[2025-10-29T17:21:56.542+0000] {processor.py:183} INFO - Processing /opt/airflow/dags/data_ingestion.py took 0.805 seconds
[2025-10-29T17:22:27.081+0000] {processor.py:161} INFO - Started process (PID=3107) to work on /opt/airflow/dags/data_ingestion.py
[2025-10-29T17:22:27.082+0000] {processor.py:830} INFO - Processing file /opt/airflow/dags/data_ingestion.py for tasks to queue
[2025-10-29T17:22:27.085+0000] {logging_mixin.py:188} INFO - [2025-10-29T17:22:27.084+0000] {dagbag.py:545} INFO - Filling up the DagBag from /opt/airflow/dags/data_ingestion.py
[2025-10-29T17:22:27.748+0000] {processor.py:840} INFO - DAG(s) 'police_data_ingestion' retrieved from /opt/airflow/dags/data_ingestion.py
[2025-10-29T17:22:27.779+0000] {logging_mixin.py:188} INFO - [2025-10-29T17:22:27.778+0000] {dag.py:3096} INFO - Sync 1 DAGs
[2025-10-29T17:22:27.804+0000] {logging_mixin.py:188} INFO - [2025-10-29T17:22:27.804+0000] {dag.py:3954} INFO - Setting next_dagrun for police_data_ingestion to 2025-11-01 00:00:00+00:00, run_after=2025-12-01 00:00:00+00:00
[2025-10-29T17:22:27.827+0000] {processor.py:183} INFO - Processing /opt/airflow/dags/data_ingestion.py took 0.754 seconds
[2025-10-29T17:22:58.322+0000] {processor.py:161} INFO - Started process (PID=3119) to work on /opt/airflow/dags/data_ingestion.py
[2025-10-29T17:22:58.323+0000] {processor.py:830} INFO - Processing file /opt/airflow/dags/data_ingestion.py for tasks to queue
[2025-10-29T17:22:58.326+0000] {logging_mixin.py:188} INFO - [2025-10-29T17:22:58.326+0000] {dagbag.py:545} INFO - Filling up the DagBag from /opt/airflow/dags/data_ingestion.py
[2025-10-29T17:22:59.049+0000] {processor.py:840} INFO - DAG(s) 'police_data_ingestion' retrieved from /opt/airflow/dags/data_ingestion.py
[2025-10-29T17:22:59.084+0000] {logging_mixin.py:188} INFO - [2025-10-29T17:22:59.084+0000] {dag.py:3096} INFO - Sync 1 DAGs
[2025-10-29T17:22:59.109+0000] {logging_mixin.py:188} INFO - [2025-10-29T17:22:59.109+0000] {dag.py:3954} INFO - Setting next_dagrun for police_data_ingestion to 2025-11-01 00:00:00+00:00, run_after=2025-12-01 00:00:00+00:00
[2025-10-29T17:22:59.135+0000] {processor.py:183} INFO - Processing /opt/airflow/dags/data_ingestion.py took 0.822 seconds
[2025-10-29T17:23:29.635+0000] {processor.py:161} INFO - Started process (PID=3131) to work on /opt/airflow/dags/data_ingestion.py
[2025-10-29T17:23:29.636+0000] {processor.py:830} INFO - Processing file /opt/airflow/dags/data_ingestion.py for tasks to queue
[2025-10-29T17:23:29.639+0000] {logging_mixin.py:188} INFO - [2025-10-29T17:23:29.639+0000] {dagbag.py:545} INFO - Filling up the DagBag from /opt/airflow/dags/data_ingestion.py
[2025-10-29T17:23:30.244+0000] {processor.py:840} INFO - DAG(s) 'police_data_ingestion' retrieved from /opt/airflow/dags/data_ingestion.py
[2025-10-29T17:23:30.276+0000] {logging_mixin.py:188} INFO - [2025-10-29T17:23:30.275+0000] {dag.py:3096} INFO - Sync 1 DAGs
[2025-10-29T17:23:30.299+0000] {logging_mixin.py:188} INFO - [2025-10-29T17:23:30.299+0000] {dag.py:3954} INFO - Setting next_dagrun for police_data_ingestion to 2025-11-01 00:00:00+00:00, run_after=2025-12-01 00:00:00+00:00
[2025-10-29T17:23:30.322+0000] {processor.py:183} INFO - Processing /opt/airflow/dags/data_ingestion.py took 0.695 seconds
[2025-10-29T17:24:00.785+0000] {processor.py:161} INFO - Started process (PID=3143) to work on /opt/airflow/dags/data_ingestion.py
[2025-10-29T17:24:00.787+0000] {processor.py:830} INFO - Processing file /opt/airflow/dags/data_ingestion.py for tasks to queue
[2025-10-29T17:24:00.790+0000] {logging_mixin.py:188} INFO - [2025-10-29T17:24:00.789+0000] {dagbag.py:545} INFO - Filling up the DagBag from /opt/airflow/dags/data_ingestion.py
[2025-10-29T17:24:01.500+0000] {processor.py:840} INFO - DAG(s) 'police_data_ingestion' retrieved from /opt/airflow/dags/data_ingestion.py
[2025-10-29T17:24:01.549+0000] {logging_mixin.py:188} INFO - [2025-10-29T17:24:01.548+0000] {dag.py:3096} INFO - Sync 1 DAGs
[2025-10-29T17:24:01.580+0000] {logging_mixin.py:188} INFO - [2025-10-29T17:24:01.579+0000] {dag.py:3954} INFO - Setting next_dagrun for police_data_ingestion to 2025-11-01 00:00:00+00:00, run_after=2025-12-01 00:00:00+00:00
[2025-10-29T17:24:01.608+0000] {processor.py:183} INFO - Processing /opt/airflow/dags/data_ingestion.py took 0.836 seconds
[2025-10-29T17:24:32.137+0000] {processor.py:161} INFO - Started process (PID=3155) to work on /opt/airflow/dags/data_ingestion.py
[2025-10-29T17:24:32.139+0000] {processor.py:830} INFO - Processing file /opt/airflow/dags/data_ingestion.py for tasks to queue
[2025-10-29T17:24:32.142+0000] {logging_mixin.py:188} INFO - [2025-10-29T17:24:32.141+0000] {dagbag.py:545} INFO - Filling up the DagBag from /opt/airflow/dags/data_ingestion.py
[2025-10-29T17:24:32.741+0000] {processor.py:840} INFO - DAG(s) 'police_data_ingestion' retrieved from /opt/airflow/dags/data_ingestion.py
[2025-10-29T17:24:32.773+0000] {logging_mixin.py:188} INFO - [2025-10-29T17:24:32.773+0000] {dag.py:3096} INFO - Sync 1 DAGs
[2025-10-29T17:24:32.803+0000] {logging_mixin.py:188} INFO - [2025-10-29T17:24:32.803+0000] {dag.py:3954} INFO - Setting next_dagrun for police_data_ingestion to 2025-11-01 00:00:00+00:00, run_after=2025-12-01 00:00:00+00:00
[2025-10-29T17:24:32.828+0000] {processor.py:183} INFO - Processing /opt/airflow/dags/data_ingestion.py took 0.700 seconds
[2025-10-29T17:25:03.345+0000] {processor.py:161} INFO - Started process (PID=3167) to work on /opt/airflow/dags/data_ingestion.py
[2025-10-29T17:25:03.347+0000] {processor.py:830} INFO - Processing file /opt/airflow/dags/data_ingestion.py for tasks to queue
[2025-10-29T17:25:03.350+0000] {logging_mixin.py:188} INFO - [2025-10-29T17:25:03.349+0000] {dagbag.py:545} INFO - Filling up the DagBag from /opt/airflow/dags/data_ingestion.py
[2025-10-29T17:25:04.121+0000] {processor.py:840} INFO - DAG(s) 'police_data_ingestion' retrieved from /opt/airflow/dags/data_ingestion.py
[2025-10-29T17:25:04.157+0000] {logging_mixin.py:188} INFO - [2025-10-29T17:25:04.157+0000] {dag.py:3096} INFO - Sync 1 DAGs
[2025-10-29T17:25:04.184+0000] {logging_mixin.py:188} INFO - [2025-10-29T17:25:04.184+0000] {dag.py:3954} INFO - Setting next_dagrun for police_data_ingestion to 2025-11-01 00:00:00+00:00, run_after=2025-12-01 00:00:00+00:00
[2025-10-29T17:25:04.213+0000] {processor.py:183} INFO - Processing /opt/airflow/dags/data_ingestion.py took 0.880 seconds
[2025-10-29T17:25:34.740+0000] {processor.py:161} INFO - Started process (PID=3179) to work on /opt/airflow/dags/data_ingestion.py
[2025-10-29T17:25:34.742+0000] {processor.py:830} INFO - Processing file /opt/airflow/dags/data_ingestion.py for tasks to queue
[2025-10-29T17:25:34.745+0000] {logging_mixin.py:188} INFO - [2025-10-29T17:25:34.744+0000] {dagbag.py:545} INFO - Filling up the DagBag from /opt/airflow/dags/data_ingestion.py
[2025-10-29T17:25:35.408+0000] {processor.py:840} INFO - DAG(s) 'police_data_ingestion' retrieved from /opt/airflow/dags/data_ingestion.py
[2025-10-29T17:25:35.444+0000] {logging_mixin.py:188} INFO - [2025-10-29T17:25:35.444+0000] {dag.py:3096} INFO - Sync 1 DAGs
[2025-10-29T17:25:35.470+0000] {logging_mixin.py:188} INFO - [2025-10-29T17:25:35.470+0000] {dag.py:3954} INFO - Setting next_dagrun for police_data_ingestion to 2025-11-01 00:00:00+00:00, run_after=2025-12-01 00:00:00+00:00
[2025-10-29T17:25:35.499+0000] {processor.py:183} INFO - Processing /opt/airflow/dags/data_ingestion.py took 0.767 seconds
[2025-10-29T17:26:05.971+0000] {processor.py:161} INFO - Started process (PID=3191) to work on /opt/airflow/dags/data_ingestion.py
[2025-10-29T17:26:05.973+0000] {processor.py:830} INFO - Processing file /opt/airflow/dags/data_ingestion.py for tasks to queue
[2025-10-29T17:26:05.975+0000] {logging_mixin.py:188} INFO - [2025-10-29T17:26:05.975+0000] {dagbag.py:545} INFO - Filling up the DagBag from /opt/airflow/dags/data_ingestion.py
[2025-10-29T17:26:06.711+0000] {processor.py:840} INFO - DAG(s) 'police_data_ingestion' retrieved from /opt/airflow/dags/data_ingestion.py
[2025-10-29T17:26:06.747+0000] {logging_mixin.py:188} INFO - [2025-10-29T17:26:06.746+0000] {dag.py:3096} INFO - Sync 1 DAGs
[2025-10-29T17:26:06.769+0000] {logging_mixin.py:188} INFO - [2025-10-29T17:26:06.769+0000] {dag.py:3954} INFO - Setting next_dagrun for police_data_ingestion to 2025-11-01 00:00:00+00:00, run_after=2025-12-01 00:00:00+00:00
[2025-10-29T17:26:06.794+0000] {processor.py:183} INFO - Processing /opt/airflow/dags/data_ingestion.py took 0.832 seconds
[2025-10-29T17:26:37.348+0000] {processor.py:161} INFO - Started process (PID=3203) to work on /opt/airflow/dags/data_ingestion.py
[2025-10-29T17:26:37.349+0000] {processor.py:830} INFO - Processing file /opt/airflow/dags/data_ingestion.py for tasks to queue
[2025-10-29T17:26:37.352+0000] {logging_mixin.py:188} INFO - [2025-10-29T17:26:37.352+0000] {dagbag.py:545} INFO - Filling up the DagBag from /opt/airflow/dags/data_ingestion.py
[2025-10-29T17:26:38.059+0000] {processor.py:840} INFO - DAG(s) 'police_data_ingestion' retrieved from /opt/airflow/dags/data_ingestion.py
[2025-10-29T17:26:38.094+0000] {logging_mixin.py:188} INFO - [2025-10-29T17:26:38.093+0000] {dag.py:3096} INFO - Sync 1 DAGs
[2025-10-29T17:26:38.127+0000] {logging_mixin.py:188} INFO - [2025-10-29T17:26:38.127+0000] {dag.py:3954} INFO - Setting next_dagrun for police_data_ingestion to 2025-11-01 00:00:00+00:00, run_after=2025-12-01 00:00:00+00:00
[2025-10-29T17:26:38.153+0000] {processor.py:183} INFO - Processing /opt/airflow/dags/data_ingestion.py took 0.814 seconds
[2025-10-29T17:27:08.655+0000] {processor.py:161} INFO - Started process (PID=3215) to work on /opt/airflow/dags/data_ingestion.py
[2025-10-29T17:27:08.656+0000] {processor.py:830} INFO - Processing file /opt/airflow/dags/data_ingestion.py for tasks to queue
[2025-10-29T17:27:08.660+0000] {logging_mixin.py:188} INFO - [2025-10-29T17:27:08.659+0000] {dagbag.py:545} INFO - Filling up the DagBag from /opt/airflow/dags/data_ingestion.py
[2025-10-29T17:27:09.276+0000] {processor.py:840} INFO - DAG(s) 'police_data_ingestion' retrieved from /opt/airflow/dags/data_ingestion.py
[2025-10-29T17:27:09.312+0000] {logging_mixin.py:188} INFO - [2025-10-29T17:27:09.311+0000] {dag.py:3096} INFO - Sync 1 DAGs
[2025-10-29T17:27:09.335+0000] {logging_mixin.py:188} INFO - [2025-10-29T17:27:09.335+0000] {dag.py:3954} INFO - Setting next_dagrun for police_data_ingestion to 2025-11-01 00:00:00+00:00, run_after=2025-12-01 00:00:00+00:00
[2025-10-29T17:27:09.357+0000] {processor.py:183} INFO - Processing /opt/airflow/dags/data_ingestion.py took 0.712 seconds
[2025-10-29T17:27:39.872+0000] {processor.py:161} INFO - Started process (PID=3227) to work on /opt/airflow/dags/data_ingestion.py
[2025-10-29T17:27:39.873+0000] {processor.py:830} INFO - Processing file /opt/airflow/dags/data_ingestion.py for tasks to queue
[2025-10-29T17:27:39.876+0000] {logging_mixin.py:188} INFO - [2025-10-29T17:27:39.875+0000] {dagbag.py:545} INFO - Filling up the DagBag from /opt/airflow/dags/data_ingestion.py
[2025-10-29T17:27:40.489+0000] {processor.py:840} INFO - DAG(s) 'police_data_ingestion' retrieved from /opt/airflow/dags/data_ingestion.py
[2025-10-29T17:27:40.522+0000] {logging_mixin.py:188} INFO - [2025-10-29T17:27:40.521+0000] {dag.py:3096} INFO - Sync 1 DAGs
[2025-10-29T17:27:40.548+0000] {logging_mixin.py:188} INFO - [2025-10-29T17:27:40.547+0000] {dag.py:3954} INFO - Setting next_dagrun for police_data_ingestion to 2025-11-01 00:00:00+00:00, run_after=2025-12-01 00:00:00+00:00
[2025-10-29T17:27:40.572+0000] {processor.py:183} INFO - Processing /opt/airflow/dags/data_ingestion.py took 0.707 seconds
[2025-10-29T17:28:11.036+0000] {processor.py:161} INFO - Started process (PID=3239) to work on /opt/airflow/dags/data_ingestion.py
[2025-10-29T17:28:11.037+0000] {processor.py:830} INFO - Processing file /opt/airflow/dags/data_ingestion.py for tasks to queue
[2025-10-29T17:28:11.040+0000] {logging_mixin.py:188} INFO - [2025-10-29T17:28:11.040+0000] {dagbag.py:545} INFO - Filling up the DagBag from /opt/airflow/dags/data_ingestion.py
[2025-10-29T17:28:11.717+0000] {processor.py:840} INFO - DAG(s) 'police_data_ingestion' retrieved from /opt/airflow/dags/data_ingestion.py
[2025-10-29T17:28:11.752+0000] {logging_mixin.py:188} INFO - [2025-10-29T17:28:11.751+0000] {dag.py:3096} INFO - Sync 1 DAGs
[2025-10-29T17:28:11.775+0000] {logging_mixin.py:188} INFO - [2025-10-29T17:28:11.775+0000] {dag.py:3954} INFO - Setting next_dagrun for police_data_ingestion to 2025-11-01 00:00:00+00:00, run_after=2025-12-01 00:00:00+00:00
[2025-10-29T17:28:11.798+0000] {processor.py:183} INFO - Processing /opt/airflow/dags/data_ingestion.py took 0.770 seconds
[2025-10-29T17:28:42.316+0000] {processor.py:161} INFO - Started process (PID=3251) to work on /opt/airflow/dags/data_ingestion.py
[2025-10-29T17:28:42.317+0000] {processor.py:830} INFO - Processing file /opt/airflow/dags/data_ingestion.py for tasks to queue
[2025-10-29T17:28:42.319+0000] {logging_mixin.py:188} INFO - [2025-10-29T17:28:42.319+0000] {dagbag.py:545} INFO - Filling up the DagBag from /opt/airflow/dags/data_ingestion.py
[2025-10-29T17:28:42.987+0000] {processor.py:840} INFO - DAG(s) 'police_data_ingestion' retrieved from /opt/airflow/dags/data_ingestion.py
[2025-10-29T17:28:43.023+0000] {logging_mixin.py:188} INFO - [2025-10-29T17:28:43.023+0000] {dag.py:3096} INFO - Sync 1 DAGs
[2025-10-29T17:28:43.049+0000] {logging_mixin.py:188} INFO - [2025-10-29T17:28:43.048+0000] {dag.py:3954} INFO - Setting next_dagrun for police_data_ingestion to 2025-11-01 00:00:00+00:00, run_after=2025-12-01 00:00:00+00:00
[2025-10-29T17:28:43.072+0000] {processor.py:183} INFO - Processing /opt/airflow/dags/data_ingestion.py took 0.764 seconds
[2025-10-29T17:29:13.581+0000] {processor.py:161} INFO - Started process (PID=3263) to work on /opt/airflow/dags/data_ingestion.py
[2025-10-29T17:29:13.583+0000] {processor.py:830} INFO - Processing file /opt/airflow/dags/data_ingestion.py for tasks to queue
[2025-10-29T17:29:13.585+0000] {logging_mixin.py:188} INFO - [2025-10-29T17:29:13.585+0000] {dagbag.py:545} INFO - Filling up the DagBag from /opt/airflow/dags/data_ingestion.py
[2025-10-29T17:29:14.238+0000] {processor.py:840} INFO - DAG(s) 'police_data_ingestion' retrieved from /opt/airflow/dags/data_ingestion.py
[2025-10-29T17:29:14.275+0000] {logging_mixin.py:188} INFO - [2025-10-29T17:29:14.274+0000] {dag.py:3096} INFO - Sync 1 DAGs
[2025-10-29T17:29:14.297+0000] {logging_mixin.py:188} INFO - [2025-10-29T17:29:14.297+0000] {dag.py:3954} INFO - Setting next_dagrun for police_data_ingestion to 2025-11-01 00:00:00+00:00, run_after=2025-12-01 00:00:00+00:00
[2025-10-29T17:29:14.320+0000] {processor.py:183} INFO - Processing /opt/airflow/dags/data_ingestion.py took 0.746 seconds
[2025-10-29T17:29:44.750+0000] {processor.py:161} INFO - Started process (PID=3275) to work on /opt/airflow/dags/data_ingestion.py
[2025-10-29T17:29:44.751+0000] {processor.py:830} INFO - Processing file /opt/airflow/dags/data_ingestion.py for tasks to queue
[2025-10-29T17:29:44.754+0000] {logging_mixin.py:188} INFO - [2025-10-29T17:29:44.754+0000] {dagbag.py:545} INFO - Filling up the DagBag from /opt/airflow/dags/data_ingestion.py
[2025-10-29T17:29:45.355+0000] {processor.py:840} INFO - DAG(s) 'police_data_ingestion' retrieved from /opt/airflow/dags/data_ingestion.py
[2025-10-29T17:29:45.396+0000] {logging_mixin.py:188} INFO - [2025-10-29T17:29:45.396+0000] {dag.py:3096} INFO - Sync 1 DAGs
[2025-10-29T17:29:45.428+0000] {logging_mixin.py:188} INFO - [2025-10-29T17:29:45.428+0000] {dag.py:3954} INFO - Setting next_dagrun for police_data_ingestion to 2025-11-01 00:00:00+00:00, run_after=2025-12-01 00:00:00+00:00
[2025-10-29T17:29:45.454+0000] {processor.py:183} INFO - Processing /opt/airflow/dags/data_ingestion.py took 0.712 seconds
[2025-10-29T17:30:15.917+0000] {processor.py:161} INFO - Started process (PID=3287) to work on /opt/airflow/dags/data_ingestion.py
[2025-10-29T17:30:15.918+0000] {processor.py:830} INFO - Processing file /opt/airflow/dags/data_ingestion.py for tasks to queue
[2025-10-29T17:30:15.921+0000] {logging_mixin.py:188} INFO - [2025-10-29T17:30:15.921+0000] {dagbag.py:545} INFO - Filling up the DagBag from /opt/airflow/dags/data_ingestion.py
[2025-10-29T17:30:16.506+0000] {processor.py:840} INFO - DAG(s) 'police_data_ingestion' retrieved from /opt/airflow/dags/data_ingestion.py
[2025-10-29T17:30:16.541+0000] {logging_mixin.py:188} INFO - [2025-10-29T17:30:16.540+0000] {dag.py:3096} INFO - Sync 1 DAGs
[2025-10-29T17:30:16.565+0000] {logging_mixin.py:188} INFO - [2025-10-29T17:30:16.565+0000] {dag.py:3954} INFO - Setting next_dagrun for police_data_ingestion to 2025-11-01 00:00:00+00:00, run_after=2025-12-01 00:00:00+00:00
[2025-10-29T17:30:16.587+0000] {processor.py:183} INFO - Processing /opt/airflow/dags/data_ingestion.py took 0.678 seconds
[2025-10-29T17:30:47.111+0000] {processor.py:161} INFO - Started process (PID=3299) to work on /opt/airflow/dags/data_ingestion.py
[2025-10-29T17:30:47.113+0000] {processor.py:830} INFO - Processing file /opt/airflow/dags/data_ingestion.py for tasks to queue
[2025-10-29T17:30:47.117+0000] {logging_mixin.py:188} INFO - [2025-10-29T17:30:47.116+0000] {dagbag.py:545} INFO - Filling up the DagBag from /opt/airflow/dags/data_ingestion.py
[2025-10-29T17:30:47.828+0000] {processor.py:840} INFO - DAG(s) 'police_data_ingestion' retrieved from /opt/airflow/dags/data_ingestion.py
[2025-10-29T17:30:47.872+0000] {logging_mixin.py:188} INFO - [2025-10-29T17:30:47.871+0000] {dag.py:3096} INFO - Sync 1 DAGs
[2025-10-29T17:30:47.899+0000] {logging_mixin.py:188} INFO - [2025-10-29T17:30:47.899+0000] {dag.py:3954} INFO - Setting next_dagrun for police_data_ingestion to 2025-11-01 00:00:00+00:00, run_after=2025-12-01 00:00:00+00:00
[2025-10-29T17:30:47.924+0000] {processor.py:183} INFO - Processing /opt/airflow/dags/data_ingestion.py took 0.823 seconds
[2025-10-29T17:31:18.465+0000] {processor.py:161} INFO - Started process (PID=3311) to work on /opt/airflow/dags/data_ingestion.py
[2025-10-29T17:31:18.467+0000] {processor.py:830} INFO - Processing file /opt/airflow/dags/data_ingestion.py for tasks to queue
[2025-10-29T17:31:18.470+0000] {logging_mixin.py:188} INFO - [2025-10-29T17:31:18.469+0000] {dagbag.py:545} INFO - Filling up the DagBag from /opt/airflow/dags/data_ingestion.py
[2025-10-29T17:31:19.131+0000] {processor.py:840} INFO - DAG(s) 'police_data_ingestion' retrieved from /opt/airflow/dags/data_ingestion.py
[2025-10-29T17:31:19.173+0000] {logging_mixin.py:188} INFO - [2025-10-29T17:31:19.172+0000] {dag.py:3096} INFO - Sync 1 DAGs
[2025-10-29T17:31:19.197+0000] {logging_mixin.py:188} INFO - [2025-10-29T17:31:19.197+0000] {dag.py:3954} INFO - Setting next_dagrun for police_data_ingestion to 2025-11-01 00:00:00+00:00, run_after=2025-12-01 00:00:00+00:00
[2025-10-29T17:31:19.219+0000] {processor.py:183} INFO - Processing /opt/airflow/dags/data_ingestion.py took 0.763 seconds
[2025-10-29T17:31:49.733+0000] {processor.py:161} INFO - Started process (PID=3323) to work on /opt/airflow/dags/data_ingestion.py
[2025-10-29T17:31:49.735+0000] {processor.py:830} INFO - Processing file /opt/airflow/dags/data_ingestion.py for tasks to queue
[2025-10-29T17:31:49.737+0000] {logging_mixin.py:188} INFO - [2025-10-29T17:31:49.737+0000] {dagbag.py:545} INFO - Filling up the DagBag from /opt/airflow/dags/data_ingestion.py
[2025-10-29T17:31:50.434+0000] {processor.py:840} INFO - DAG(s) 'police_data_ingestion' retrieved from /opt/airflow/dags/data_ingestion.py
[2025-10-29T17:31:50.469+0000] {logging_mixin.py:188} INFO - [2025-10-29T17:31:50.468+0000] {dag.py:3096} INFO - Sync 1 DAGs
[2025-10-29T17:31:50.493+0000] {logging_mixin.py:188} INFO - [2025-10-29T17:31:50.493+0000] {dag.py:3954} INFO - Setting next_dagrun for police_data_ingestion to 2025-11-01 00:00:00+00:00, run_after=2025-12-01 00:00:00+00:00
[2025-10-29T17:31:50.517+0000] {processor.py:183} INFO - Processing /opt/airflow/dags/data_ingestion.py took 0.793 seconds
[2025-10-29T17:32:21.033+0000] {processor.py:161} INFO - Started process (PID=3335) to work on /opt/airflow/dags/data_ingestion.py
[2025-10-29T17:32:21.035+0000] {processor.py:830} INFO - Processing file /opt/airflow/dags/data_ingestion.py for tasks to queue
[2025-10-29T17:32:21.037+0000] {logging_mixin.py:188} INFO - [2025-10-29T17:32:21.037+0000] {dagbag.py:545} INFO - Filling up the DagBag from /opt/airflow/dags/data_ingestion.py
[2025-10-29T17:32:21.716+0000] {processor.py:840} INFO - DAG(s) 'police_data_ingestion' retrieved from /opt/airflow/dags/data_ingestion.py
[2025-10-29T17:32:21.753+0000] {logging_mixin.py:188} INFO - [2025-10-29T17:32:21.752+0000] {dag.py:3096} INFO - Sync 1 DAGs
[2025-10-29T17:32:21.780+0000] {logging_mixin.py:188} INFO - [2025-10-29T17:32:21.780+0000] {dag.py:3954} INFO - Setting next_dagrun for police_data_ingestion to 2025-11-01 00:00:00+00:00, run_after=2025-12-01 00:00:00+00:00
[2025-10-29T17:32:21.809+0000] {processor.py:183} INFO - Processing /opt/airflow/dags/data_ingestion.py took 0.784 seconds
[2025-10-29T17:32:52.328+0000] {processor.py:161} INFO - Started process (PID=3347) to work on /opt/airflow/dags/data_ingestion.py
[2025-10-29T17:32:52.330+0000] {processor.py:830} INFO - Processing file /opt/airflow/dags/data_ingestion.py for tasks to queue
[2025-10-29T17:32:52.332+0000] {logging_mixin.py:188} INFO - [2025-10-29T17:32:52.332+0000] {dagbag.py:545} INFO - Filling up the DagBag from /opt/airflow/dags/data_ingestion.py
[2025-10-29T17:32:52.950+0000] {processor.py:840} INFO - DAG(s) 'police_data_ingestion' retrieved from /opt/airflow/dags/data_ingestion.py
[2025-10-29T17:32:52.986+0000] {logging_mixin.py:188} INFO - [2025-10-29T17:32:52.985+0000] {dag.py:3096} INFO - Sync 1 DAGs
[2025-10-29T17:32:53.010+0000] {logging_mixin.py:188} INFO - [2025-10-29T17:32:53.009+0000] {dag.py:3954} INFO - Setting next_dagrun for police_data_ingestion to 2025-11-01 00:00:00+00:00, run_after=2025-12-01 00:00:00+00:00
[2025-10-29T17:32:53.034+0000] {processor.py:183} INFO - Processing /opt/airflow/dags/data_ingestion.py took 0.714 seconds
[2025-10-29T17:33:23.521+0000] {processor.py:161} INFO - Started process (PID=3359) to work on /opt/airflow/dags/data_ingestion.py
[2025-10-29T17:33:23.522+0000] {processor.py:830} INFO - Processing file /opt/airflow/dags/data_ingestion.py for tasks to queue
[2025-10-29T17:33:23.525+0000] {logging_mixin.py:188} INFO - [2025-10-29T17:33:23.524+0000] {dagbag.py:545} INFO - Filling up the DagBag from /opt/airflow/dags/data_ingestion.py
[2025-10-29T17:33:24.143+0000] {processor.py:840} INFO - DAG(s) 'police_data_ingestion' retrieved from /opt/airflow/dags/data_ingestion.py
[2025-10-29T17:33:24.176+0000] {logging_mixin.py:188} INFO - [2025-10-29T17:33:24.175+0000] {dag.py:3096} INFO - Sync 1 DAGs
[2025-10-29T17:33:24.202+0000] {logging_mixin.py:188} INFO - [2025-10-29T17:33:24.202+0000] {dag.py:3954} INFO - Setting next_dagrun for police_data_ingestion to 2025-11-01 00:00:00+00:00, run_after=2025-12-01 00:00:00+00:00
[2025-10-29T17:33:24.227+0000] {processor.py:183} INFO - Processing /opt/airflow/dags/data_ingestion.py took 0.715 seconds
[2025-10-29T17:33:54.802+0000] {processor.py:161} INFO - Started process (PID=3371) to work on /opt/airflow/dags/data_ingestion.py
[2025-10-29T17:33:54.803+0000] {processor.py:830} INFO - Processing file /opt/airflow/dags/data_ingestion.py for tasks to queue
[2025-10-29T17:33:54.807+0000] {logging_mixin.py:188} INFO - [2025-10-29T17:33:54.806+0000] {dagbag.py:545} INFO - Filling up the DagBag from /opt/airflow/dags/data_ingestion.py
[2025-10-29T17:33:55.453+0000] {processor.py:840} INFO - DAG(s) 'police_data_ingestion' retrieved from /opt/airflow/dags/data_ingestion.py
[2025-10-29T17:33:55.490+0000] {logging_mixin.py:188} INFO - [2025-10-29T17:33:55.490+0000] {dag.py:3096} INFO - Sync 1 DAGs
[2025-10-29T17:33:55.514+0000] {logging_mixin.py:188} INFO - [2025-10-29T17:33:55.514+0000] {dag.py:3954} INFO - Setting next_dagrun for police_data_ingestion to 2025-11-01 00:00:00+00:00, run_after=2025-12-01 00:00:00+00:00
[2025-10-29T17:33:55.541+0000] {processor.py:183} INFO - Processing /opt/airflow/dags/data_ingestion.py took 0.752 seconds
[2025-10-29T17:34:26.042+0000] {processor.py:161} INFO - Started process (PID=3383) to work on /opt/airflow/dags/data_ingestion.py
[2025-10-29T17:34:26.044+0000] {processor.py:830} INFO - Processing file /opt/airflow/dags/data_ingestion.py for tasks to queue
[2025-10-29T17:34:26.046+0000] {logging_mixin.py:188} INFO - [2025-10-29T17:34:26.046+0000] {dagbag.py:545} INFO - Filling up the DagBag from /opt/airflow/dags/data_ingestion.py
[2025-10-29T17:34:26.706+0000] {processor.py:840} INFO - DAG(s) 'police_data_ingestion' retrieved from /opt/airflow/dags/data_ingestion.py
[2025-10-29T17:34:26.741+0000] {logging_mixin.py:188} INFO - [2025-10-29T17:34:26.740+0000] {dag.py:3096} INFO - Sync 1 DAGs
[2025-10-29T17:34:26.767+0000] {logging_mixin.py:188} INFO - [2025-10-29T17:34:26.767+0000] {dag.py:3954} INFO - Setting next_dagrun for police_data_ingestion to 2025-11-01 00:00:00+00:00, run_after=2025-12-01 00:00:00+00:00
[2025-10-29T17:34:26.794+0000] {processor.py:183} INFO - Processing /opt/airflow/dags/data_ingestion.py took 0.763 seconds
[2025-10-29T17:34:57.217+0000] {processor.py:161} INFO - Started process (PID=3395) to work on /opt/airflow/dags/data_ingestion.py
[2025-10-29T17:34:57.218+0000] {processor.py:830} INFO - Processing file /opt/airflow/dags/data_ingestion.py for tasks to queue
[2025-10-29T17:34:57.221+0000] {logging_mixin.py:188} INFO - [2025-10-29T17:34:57.220+0000] {dagbag.py:545} INFO - Filling up the DagBag from /opt/airflow/dags/data_ingestion.py
[2025-10-29T17:34:57.877+0000] {processor.py:840} INFO - DAG(s) 'police_data_ingestion' retrieved from /opt/airflow/dags/data_ingestion.py
[2025-10-29T17:34:57.911+0000] {logging_mixin.py:188} INFO - [2025-10-29T17:34:57.911+0000] {dag.py:3096} INFO - Sync 1 DAGs
[2025-10-29T17:34:57.933+0000] {logging_mixin.py:188} INFO - [2025-10-29T17:34:57.933+0000] {dag.py:3954} INFO - Setting next_dagrun for police_data_ingestion to 2025-11-01 00:00:00+00:00, run_after=2025-12-01 00:00:00+00:00
[2025-10-29T17:34:57.955+0000] {processor.py:183} INFO - Processing /opt/airflow/dags/data_ingestion.py took 0.747 seconds
[2025-10-29T17:35:28.509+0000] {processor.py:161} INFO - Started process (PID=3407) to work on /opt/airflow/dags/data_ingestion.py
[2025-10-29T17:35:28.510+0000] {processor.py:830} INFO - Processing file /opt/airflow/dags/data_ingestion.py for tasks to queue
[2025-10-29T17:35:28.513+0000] {logging_mixin.py:188} INFO - [2025-10-29T17:35:28.512+0000] {dagbag.py:545} INFO - Filling up the DagBag from /opt/airflow/dags/data_ingestion.py
[2025-10-29T17:35:29.108+0000] {processor.py:840} INFO - DAG(s) 'police_data_ingestion' retrieved from /opt/airflow/dags/data_ingestion.py
[2025-10-29T17:35:29.146+0000] {logging_mixin.py:188} INFO - [2025-10-29T17:35:29.145+0000] {dag.py:3096} INFO - Sync 1 DAGs
[2025-10-29T17:35:29.168+0000] {logging_mixin.py:188} INFO - [2025-10-29T17:35:29.168+0000] {dag.py:3954} INFO - Setting next_dagrun for police_data_ingestion to 2025-11-01 00:00:00+00:00, run_after=2025-12-01 00:00:00+00:00
[2025-10-29T17:35:29.190+0000] {processor.py:183} INFO - Processing /opt/airflow/dags/data_ingestion.py took 0.689 seconds
[2025-10-29T17:35:59.604+0000] {processor.py:161} INFO - Started process (PID=3419) to work on /opt/airflow/dags/data_ingestion.py
[2025-10-29T17:35:59.606+0000] {processor.py:830} INFO - Processing file /opt/airflow/dags/data_ingestion.py for tasks to queue
[2025-10-29T17:35:59.609+0000] {logging_mixin.py:188} INFO - [2025-10-29T17:35:59.609+0000] {dagbag.py:545} INFO - Filling up the DagBag from /opt/airflow/dags/data_ingestion.py
[2025-10-29T17:36:00.293+0000] {processor.py:840} INFO - DAG(s) 'police_data_ingestion' retrieved from /opt/airflow/dags/data_ingestion.py
[2025-10-29T17:36:00.329+0000] {logging_mixin.py:188} INFO - [2025-10-29T17:36:00.329+0000] {dag.py:3096} INFO - Sync 1 DAGs
[2025-10-29T17:36:00.354+0000] {logging_mixin.py:188} INFO - [2025-10-29T17:36:00.354+0000] {dag.py:3954} INFO - Setting next_dagrun for police_data_ingestion to 2025-11-01 00:00:00+00:00, run_after=2025-12-01 00:00:00+00:00
[2025-10-29T17:36:00.379+0000] {processor.py:183} INFO - Processing /opt/airflow/dags/data_ingestion.py took 0.794 seconds
[2025-10-29T17:36:30.808+0000] {processor.py:161} INFO - Started process (PID=3431) to work on /opt/airflow/dags/data_ingestion.py
[2025-10-29T17:36:30.810+0000] {processor.py:830} INFO - Processing file /opt/airflow/dags/data_ingestion.py for tasks to queue
[2025-10-29T17:36:30.813+0000] {logging_mixin.py:188} INFO - [2025-10-29T17:36:30.812+0000] {dagbag.py:545} INFO - Filling up the DagBag from /opt/airflow/dags/data_ingestion.py
[2025-10-29T17:36:31.494+0000] {processor.py:840} INFO - DAG(s) 'police_data_ingestion' retrieved from /opt/airflow/dags/data_ingestion.py
[2025-10-29T17:36:31.535+0000] {logging_mixin.py:188} INFO - [2025-10-29T17:36:31.534+0000] {dag.py:3096} INFO - Sync 1 DAGs
[2025-10-29T17:36:31.580+0000] {logging_mixin.py:188} INFO - [2025-10-29T17:36:31.580+0000] {dag.py:3954} INFO - Setting next_dagrun for police_data_ingestion to 2025-11-01 00:00:00+00:00, run_after=2025-12-01 00:00:00+00:00
[2025-10-29T17:36:31.618+0000] {processor.py:183} INFO - Processing /opt/airflow/dags/data_ingestion.py took 0.818 seconds
[2025-10-29T17:37:02.165+0000] {processor.py:161} INFO - Started process (PID=3443) to work on /opt/airflow/dags/data_ingestion.py
[2025-10-29T17:37:02.167+0000] {processor.py:830} INFO - Processing file /opt/airflow/dags/data_ingestion.py for tasks to queue
[2025-10-29T17:37:02.170+0000] {logging_mixin.py:188} INFO - [2025-10-29T17:37:02.169+0000] {dagbag.py:545} INFO - Filling up the DagBag from /opt/airflow/dags/data_ingestion.py
[2025-10-29T17:37:02.875+0000] {processor.py:840} INFO - DAG(s) 'police_data_ingestion' retrieved from /opt/airflow/dags/data_ingestion.py
[2025-10-29T17:37:02.913+0000] {logging_mixin.py:188} INFO - [2025-10-29T17:37:02.913+0000] {dag.py:3096} INFO - Sync 1 DAGs
[2025-10-29T17:37:02.939+0000] {logging_mixin.py:188} INFO - [2025-10-29T17:37:02.938+0000] {dag.py:3954} INFO - Setting next_dagrun for police_data_ingestion to 2025-11-01 00:00:00+00:00, run_after=2025-12-01 00:00:00+00:00
[2025-10-29T17:37:02.963+0000] {processor.py:183} INFO - Processing /opt/airflow/dags/data_ingestion.py took 0.807 seconds
[2025-10-29T17:37:33.373+0000] {processor.py:161} INFO - Started process (PID=3455) to work on /opt/airflow/dags/data_ingestion.py
[2025-10-29T17:37:33.374+0000] {processor.py:830} INFO - Processing file /opt/airflow/dags/data_ingestion.py for tasks to queue
[2025-10-29T17:37:33.377+0000] {logging_mixin.py:188} INFO - [2025-10-29T17:37:33.377+0000] {dagbag.py:545} INFO - Filling up the DagBag from /opt/airflow/dags/data_ingestion.py
[2025-10-29T17:37:34.070+0000] {processor.py:840} INFO - DAG(s) 'police_data_ingestion' retrieved from /opt/airflow/dags/data_ingestion.py
[2025-10-29T17:37:34.104+0000] {logging_mixin.py:188} INFO - [2025-10-29T17:37:34.104+0000] {dag.py:3096} INFO - Sync 1 DAGs
[2025-10-29T17:37:34.129+0000] {logging_mixin.py:188} INFO - [2025-10-29T17:37:34.128+0000] {dag.py:3954} INFO - Setting next_dagrun for police_data_ingestion to 2025-11-01 00:00:00+00:00, run_after=2025-12-01 00:00:00+00:00
[2025-10-29T17:37:34.155+0000] {processor.py:183} INFO - Processing /opt/airflow/dags/data_ingestion.py took 0.791 seconds
[2025-10-29T17:38:04.588+0000] {processor.py:161} INFO - Started process (PID=3467) to work on /opt/airflow/dags/data_ingestion.py
[2025-10-29T17:38:04.589+0000] {processor.py:830} INFO - Processing file /opt/airflow/dags/data_ingestion.py for tasks to queue
[2025-10-29T17:38:04.592+0000] {logging_mixin.py:188} INFO - [2025-10-29T17:38:04.592+0000] {dagbag.py:545} INFO - Filling up the DagBag from /opt/airflow/dags/data_ingestion.py
[2025-10-29T17:38:05.231+0000] {processor.py:840} INFO - DAG(s) 'police_data_ingestion' retrieved from /opt/airflow/dags/data_ingestion.py
[2025-10-29T17:38:05.273+0000] {logging_mixin.py:188} INFO - [2025-10-29T17:38:05.273+0000] {dag.py:3096} INFO - Sync 1 DAGs
[2025-10-29T17:38:05.299+0000] {logging_mixin.py:188} INFO - [2025-10-29T17:38:05.299+0000] {dag.py:3954} INFO - Setting next_dagrun for police_data_ingestion to 2025-11-01 00:00:00+00:00, run_after=2025-12-01 00:00:00+00:00
[2025-10-29T17:38:05.326+0000] {processor.py:183} INFO - Processing /opt/airflow/dags/data_ingestion.py took 0.746 seconds
[2025-10-29T17:38:35.895+0000] {processor.py:161} INFO - Started process (PID=3479) to work on /opt/airflow/dags/data_ingestion.py
[2025-10-29T17:38:35.897+0000] {processor.py:830} INFO - Processing file /opt/airflow/dags/data_ingestion.py for tasks to queue
[2025-10-29T17:38:35.900+0000] {logging_mixin.py:188} INFO - [2025-10-29T17:38:35.899+0000] {dagbag.py:545} INFO - Filling up the DagBag from /opt/airflow/dags/data_ingestion.py
[2025-10-29T17:38:36.516+0000] {processor.py:840} INFO - DAG(s) 'police_data_ingestion' retrieved from /opt/airflow/dags/data_ingestion.py
[2025-10-29T17:38:36.551+0000] {logging_mixin.py:188} INFO - [2025-10-29T17:38:36.550+0000] {dag.py:3096} INFO - Sync 1 DAGs
[2025-10-29T17:38:36.575+0000] {logging_mixin.py:188} INFO - [2025-10-29T17:38:36.575+0000] {dag.py:3954} INFO - Setting next_dagrun for police_data_ingestion to 2025-11-01 00:00:00+00:00, run_after=2025-12-01 00:00:00+00:00
[2025-10-29T17:38:36.598+0000] {processor.py:183} INFO - Processing /opt/airflow/dags/data_ingestion.py took 0.714 seconds
[2025-10-29T17:39:07.124+0000] {processor.py:161} INFO - Started process (PID=3491) to work on /opt/airflow/dags/data_ingestion.py
[2025-10-29T17:39:07.125+0000] {processor.py:830} INFO - Processing file /opt/airflow/dags/data_ingestion.py for tasks to queue
[2025-10-29T17:39:07.127+0000] {logging_mixin.py:188} INFO - [2025-10-29T17:39:07.127+0000] {dagbag.py:545} INFO - Filling up the DagBag from /opt/airflow/dags/data_ingestion.py
[2025-10-29T17:39:07.781+0000] {processor.py:840} INFO - DAG(s) 'police_data_ingestion' retrieved from /opt/airflow/dags/data_ingestion.py
[2025-10-29T17:39:07.814+0000] {logging_mixin.py:188} INFO - [2025-10-29T17:39:07.814+0000] {dag.py:3096} INFO - Sync 1 DAGs
[2025-10-29T17:39:07.836+0000] {logging_mixin.py:188} INFO - [2025-10-29T17:39:07.836+0000] {dag.py:3954} INFO - Setting next_dagrun for police_data_ingestion to 2025-11-01 00:00:00+00:00, run_after=2025-12-01 00:00:00+00:00
[2025-10-29T17:39:07.860+0000] {processor.py:183} INFO - Processing /opt/airflow/dags/data_ingestion.py took 0.744 seconds
[2025-10-29T17:39:38.389+0000] {processor.py:161} INFO - Started process (PID=3503) to work on /opt/airflow/dags/data_ingestion.py
[2025-10-29T17:39:38.390+0000] {processor.py:830} INFO - Processing file /opt/airflow/dags/data_ingestion.py for tasks to queue
[2025-10-29T17:39:38.393+0000] {logging_mixin.py:188} INFO - [2025-10-29T17:39:38.393+0000] {dagbag.py:545} INFO - Filling up the DagBag from /opt/airflow/dags/data_ingestion.py
[2025-10-29T17:39:39.018+0000] {processor.py:840} INFO - DAG(s) 'police_data_ingestion' retrieved from /opt/airflow/dags/data_ingestion.py
[2025-10-29T17:39:39.051+0000] {logging_mixin.py:188} INFO - [2025-10-29T17:39:39.051+0000] {dag.py:3096} INFO - Sync 1 DAGs
[2025-10-29T17:39:39.073+0000] {logging_mixin.py:188} INFO - [2025-10-29T17:39:39.073+0000] {dag.py:3954} INFO - Setting next_dagrun for police_data_ingestion to 2025-11-01 00:00:00+00:00, run_after=2025-12-01 00:00:00+00:00
[2025-10-29T17:39:39.096+0000] {processor.py:183} INFO - Processing /opt/airflow/dags/data_ingestion.py took 0.715 seconds
[2025-10-29T17:40:09.568+0000] {processor.py:161} INFO - Started process (PID=3515) to work on /opt/airflow/dags/data_ingestion.py
[2025-10-29T17:40:09.569+0000] {processor.py:830} INFO - Processing file /opt/airflow/dags/data_ingestion.py for tasks to queue
[2025-10-29T17:40:09.572+0000] {logging_mixin.py:188} INFO - [2025-10-29T17:40:09.571+0000] {dagbag.py:545} INFO - Filling up the DagBag from /opt/airflow/dags/data_ingestion.py
[2025-10-29T17:40:10.197+0000] {processor.py:840} INFO - DAG(s) 'police_data_ingestion' retrieved from /opt/airflow/dags/data_ingestion.py
[2025-10-29T17:40:10.241+0000] {logging_mixin.py:188} INFO - [2025-10-29T17:40:10.240+0000] {dag.py:3096} INFO - Sync 1 DAGs
[2025-10-29T17:40:10.264+0000] {logging_mixin.py:188} INFO - [2025-10-29T17:40:10.264+0000] {dag.py:3954} INFO - Setting next_dagrun for police_data_ingestion to 2025-11-01 00:00:00+00:00, run_after=2025-12-01 00:00:00+00:00
[2025-10-29T17:40:10.289+0000] {processor.py:183} INFO - Processing /opt/airflow/dags/data_ingestion.py took 0.729 seconds
[2025-10-29T17:40:40.787+0000] {processor.py:161} INFO - Started process (PID=3527) to work on /opt/airflow/dags/data_ingestion.py
[2025-10-29T17:40:40.789+0000] {processor.py:830} INFO - Processing file /opt/airflow/dags/data_ingestion.py for tasks to queue
[2025-10-29T17:40:40.791+0000] {logging_mixin.py:188} INFO - [2025-10-29T17:40:40.791+0000] {dagbag.py:545} INFO - Filling up the DagBag from /opt/airflow/dags/data_ingestion.py
[2025-10-29T17:40:41.388+0000] {processor.py:840} INFO - DAG(s) 'police_data_ingestion' retrieved from /opt/airflow/dags/data_ingestion.py
[2025-10-29T17:40:41.422+0000] {logging_mixin.py:188} INFO - [2025-10-29T17:40:41.422+0000] {dag.py:3096} INFO - Sync 1 DAGs
[2025-10-29T17:40:41.447+0000] {logging_mixin.py:188} INFO - [2025-10-29T17:40:41.446+0000] {dag.py:3954} INFO - Setting next_dagrun for police_data_ingestion to 2025-11-01 00:00:00+00:00, run_after=2025-12-01 00:00:00+00:00
[2025-10-29T17:40:41.470+0000] {processor.py:183} INFO - Processing /opt/airflow/dags/data_ingestion.py took 0.691 seconds
[2025-10-29T17:41:12.049+0000] {processor.py:161} INFO - Started process (PID=3539) to work on /opt/airflow/dags/data_ingestion.py
[2025-10-29T17:41:12.051+0000] {processor.py:830} INFO - Processing file /opt/airflow/dags/data_ingestion.py for tasks to queue
[2025-10-29T17:41:12.054+0000] {logging_mixin.py:188} INFO - [2025-10-29T17:41:12.053+0000] {dagbag.py:545} INFO - Filling up the DagBag from /opt/airflow/dags/data_ingestion.py
[2025-10-29T17:41:12.663+0000] {processor.py:840} INFO - DAG(s) 'police_data_ingestion' retrieved from /opt/airflow/dags/data_ingestion.py
[2025-10-29T17:41:12.695+0000] {logging_mixin.py:188} INFO - [2025-10-29T17:41:12.695+0000] {dag.py:3096} INFO - Sync 1 DAGs
[2025-10-29T17:41:12.730+0000] {logging_mixin.py:188} INFO - [2025-10-29T17:41:12.729+0000] {dag.py:3954} INFO - Setting next_dagrun for police_data_ingestion to 2025-11-01 00:00:00+00:00, run_after=2025-12-01 00:00:00+00:00
[2025-10-29T17:41:12.761+0000] {processor.py:183} INFO - Processing /opt/airflow/dags/data_ingestion.py took 0.720 seconds
[2025-10-29T17:41:43.284+0000] {processor.py:161} INFO - Started process (PID=3551) to work on /opt/airflow/dags/data_ingestion.py
[2025-10-29T17:41:43.286+0000] {processor.py:830} INFO - Processing file /opt/airflow/dags/data_ingestion.py for tasks to queue
[2025-10-29T17:41:43.288+0000] {logging_mixin.py:188} INFO - [2025-10-29T17:41:43.288+0000] {dagbag.py:545} INFO - Filling up the DagBag from /opt/airflow/dags/data_ingestion.py
[2025-10-29T17:41:43.886+0000] {processor.py:840} INFO - DAG(s) 'police_data_ingestion' retrieved from /opt/airflow/dags/data_ingestion.py
[2025-10-29T17:41:43.923+0000] {logging_mixin.py:188} INFO - [2025-10-29T17:41:43.923+0000] {dag.py:3096} INFO - Sync 1 DAGs
[2025-10-29T17:41:43.947+0000] {logging_mixin.py:188} INFO - [2025-10-29T17:41:43.946+0000] {dag.py:3954} INFO - Setting next_dagrun for police_data_ingestion to 2025-11-01 00:00:00+00:00, run_after=2025-12-01 00:00:00+00:00
[2025-10-29T17:41:43.970+0000] {processor.py:183} INFO - Processing /opt/airflow/dags/data_ingestion.py took 0.694 seconds
[2025-10-29T17:42:14.546+0000] {processor.py:161} INFO - Started process (PID=3563) to work on /opt/airflow/dags/data_ingestion.py
[2025-10-29T17:42:14.548+0000] {processor.py:830} INFO - Processing file /opt/airflow/dags/data_ingestion.py for tasks to queue
[2025-10-29T17:42:14.550+0000] {logging_mixin.py:188} INFO - [2025-10-29T17:42:14.550+0000] {dagbag.py:545} INFO - Filling up the DagBag from /opt/airflow/dags/data_ingestion.py
[2025-10-29T17:42:15.135+0000] {processor.py:840} INFO - DAG(s) 'police_data_ingestion' retrieved from /opt/airflow/dags/data_ingestion.py
[2025-10-29T17:42:15.169+0000] {logging_mixin.py:188} INFO - [2025-10-29T17:42:15.168+0000] {dag.py:3096} INFO - Sync 1 DAGs
[2025-10-29T17:42:15.193+0000] {logging_mixin.py:188} INFO - [2025-10-29T17:42:15.193+0000] {dag.py:3954} INFO - Setting next_dagrun for police_data_ingestion to 2025-11-01 00:00:00+00:00, run_after=2025-12-01 00:00:00+00:00
[2025-10-29T17:42:15.216+0000] {processor.py:183} INFO - Processing /opt/airflow/dags/data_ingestion.py took 0.677 seconds
[2025-10-29T17:42:45.800+0000] {processor.py:161} INFO - Started process (PID=3575) to work on /opt/airflow/dags/data_ingestion.py
[2025-10-29T17:42:45.802+0000] {processor.py:830} INFO - Processing file /opt/airflow/dags/data_ingestion.py for tasks to queue
[2025-10-29T17:42:45.805+0000] {logging_mixin.py:188} INFO - [2025-10-29T17:42:45.804+0000] {dagbag.py:545} INFO - Filling up the DagBag from /opt/airflow/dags/data_ingestion.py
[2025-10-29T17:42:46.428+0000] {processor.py:840} INFO - DAG(s) 'police_data_ingestion' retrieved from /opt/airflow/dags/data_ingestion.py
[2025-10-29T17:42:46.462+0000] {logging_mixin.py:188} INFO - [2025-10-29T17:42:46.462+0000] {dag.py:3096} INFO - Sync 1 DAGs
[2025-10-29T17:42:46.487+0000] {logging_mixin.py:188} INFO - [2025-10-29T17:42:46.487+0000] {dag.py:3954} INFO - Setting next_dagrun for police_data_ingestion to 2025-11-01 00:00:00+00:00, run_after=2025-12-01 00:00:00+00:00
[2025-10-29T17:42:46.510+0000] {processor.py:183} INFO - Processing /opt/airflow/dags/data_ingestion.py took 0.718 seconds
[2025-10-29T17:43:17.025+0000] {processor.py:161} INFO - Started process (PID=3587) to work on /opt/airflow/dags/data_ingestion.py
[2025-10-29T17:43:17.026+0000] {processor.py:830} INFO - Processing file /opt/airflow/dags/data_ingestion.py for tasks to queue
[2025-10-29T17:43:17.028+0000] {logging_mixin.py:188} INFO - [2025-10-29T17:43:17.028+0000] {dagbag.py:545} INFO - Filling up the DagBag from /opt/airflow/dags/data_ingestion.py
[2025-10-29T17:43:17.705+0000] {processor.py:840} INFO - DAG(s) 'police_data_ingestion' retrieved from /opt/airflow/dags/data_ingestion.py
[2025-10-29T17:43:17.738+0000] {logging_mixin.py:188} INFO - [2025-10-29T17:43:17.738+0000] {dag.py:3096} INFO - Sync 1 DAGs
[2025-10-29T17:43:17.763+0000] {logging_mixin.py:188} INFO - [2025-10-29T17:43:17.763+0000] {dag.py:3954} INFO - Setting next_dagrun for police_data_ingestion to 2025-11-01 00:00:00+00:00, run_after=2025-12-01 00:00:00+00:00
[2025-10-29T17:43:17.787+0000] {processor.py:183} INFO - Processing /opt/airflow/dags/data_ingestion.py took 0.770 seconds
[2025-10-29T17:43:48.323+0000] {processor.py:161} INFO - Started process (PID=3599) to work on /opt/airflow/dags/data_ingestion.py
[2025-10-29T17:43:48.325+0000] {processor.py:830} INFO - Processing file /opt/airflow/dags/data_ingestion.py for tasks to queue
[2025-10-29T17:43:48.328+0000] {logging_mixin.py:188} INFO - [2025-10-29T17:43:48.328+0000] {dagbag.py:545} INFO - Filling up the DagBag from /opt/airflow/dags/data_ingestion.py
[2025-10-29T17:43:49.133+0000] {processor.py:840} INFO - DAG(s) 'police_data_ingestion' retrieved from /opt/airflow/dags/data_ingestion.py
[2025-10-29T17:43:49.174+0000] {logging_mixin.py:188} INFO - [2025-10-29T17:43:49.173+0000] {dag.py:3096} INFO - Sync 1 DAGs
[2025-10-29T17:43:49.202+0000] {logging_mixin.py:188} INFO - [2025-10-29T17:43:49.202+0000] {dag.py:3954} INFO - Setting next_dagrun for police_data_ingestion to 2025-11-01 00:00:00+00:00, run_after=2025-12-01 00:00:00+00:00
[2025-10-29T17:43:49.233+0000] {processor.py:183} INFO - Processing /opt/airflow/dags/data_ingestion.py took 0.920 seconds
[2025-10-29T17:44:19.831+0000] {processor.py:161} INFO - Started process (PID=3611) to work on /opt/airflow/dags/data_ingestion.py
[2025-10-29T17:44:19.832+0000] {processor.py:830} INFO - Processing file /opt/airflow/dags/data_ingestion.py for tasks to queue
[2025-10-29T17:44:19.835+0000] {logging_mixin.py:188} INFO - [2025-10-29T17:44:19.835+0000] {dagbag.py:545} INFO - Filling up the DagBag from /opt/airflow/dags/data_ingestion.py
[2025-10-29T17:44:20.457+0000] {processor.py:840} INFO - DAG(s) 'police_data_ingestion' retrieved from /opt/airflow/dags/data_ingestion.py
[2025-10-29T17:44:20.488+0000] {logging_mixin.py:188} INFO - [2025-10-29T17:44:20.487+0000] {dag.py:3096} INFO - Sync 1 DAGs
[2025-10-29T17:44:20.509+0000] {logging_mixin.py:188} INFO - [2025-10-29T17:44:20.508+0000] {dag.py:3954} INFO - Setting next_dagrun for police_data_ingestion to 2025-11-01 00:00:00+00:00, run_after=2025-12-01 00:00:00+00:00
[2025-10-29T17:44:20.531+0000] {processor.py:183} INFO - Processing /opt/airflow/dags/data_ingestion.py took 0.707 seconds
[2025-10-29T17:44:51.080+0000] {processor.py:161} INFO - Started process (PID=3623) to work on /opt/airflow/dags/data_ingestion.py
[2025-10-29T17:44:51.081+0000] {processor.py:830} INFO - Processing file /opt/airflow/dags/data_ingestion.py for tasks to queue
[2025-10-29T17:44:51.084+0000] {logging_mixin.py:188} INFO - [2025-10-29T17:44:51.084+0000] {dagbag.py:545} INFO - Filling up the DagBag from /opt/airflow/dags/data_ingestion.py
[2025-10-29T17:44:51.724+0000] {processor.py:840} INFO - DAG(s) 'police_data_ingestion' retrieved from /opt/airflow/dags/data_ingestion.py
[2025-10-29T17:44:51.759+0000] {logging_mixin.py:188} INFO - [2025-10-29T17:44:51.758+0000] {dag.py:3096} INFO - Sync 1 DAGs
[2025-10-29T17:44:51.782+0000] {logging_mixin.py:188} INFO - [2025-10-29T17:44:51.782+0000] {dag.py:3954} INFO - Setting next_dagrun for police_data_ingestion to 2025-11-01 00:00:00+00:00, run_after=2025-12-01 00:00:00+00:00
[2025-10-29T17:44:51.809+0000] {processor.py:183} INFO - Processing /opt/airflow/dags/data_ingestion.py took 0.737 seconds
[2025-10-29T17:45:22.335+0000] {processor.py:161} INFO - Started process (PID=3635) to work on /opt/airflow/dags/data_ingestion.py
[2025-10-29T17:45:22.336+0000] {processor.py:830} INFO - Processing file /opt/airflow/dags/data_ingestion.py for tasks to queue
[2025-10-29T17:45:22.339+0000] {logging_mixin.py:188} INFO - [2025-10-29T17:45:22.338+0000] {dagbag.py:545} INFO - Filling up the DagBag from /opt/airflow/dags/data_ingestion.py
[2025-10-29T17:45:22.986+0000] {processor.py:840} INFO - DAG(s) 'police_data_ingestion' retrieved from /opt/airflow/dags/data_ingestion.py
[2025-10-29T17:45:23.020+0000] {logging_mixin.py:188} INFO - [2025-10-29T17:45:23.020+0000] {dag.py:3096} INFO - Sync 1 DAGs
[2025-10-29T17:45:23.044+0000] {logging_mixin.py:188} INFO - [2025-10-29T17:45:23.044+0000] {dag.py:3954} INFO - Setting next_dagrun for police_data_ingestion to 2025-11-01 00:00:00+00:00, run_after=2025-12-01 00:00:00+00:00
[2025-10-29T17:45:23.066+0000] {processor.py:183} INFO - Processing /opt/airflow/dags/data_ingestion.py took 0.739 seconds
[2025-10-29T17:45:53.681+0000] {processor.py:161} INFO - Started process (PID=3647) to work on /opt/airflow/dags/data_ingestion.py
[2025-10-29T17:45:53.682+0000] {processor.py:830} INFO - Processing file /opt/airflow/dags/data_ingestion.py for tasks to queue
[2025-10-29T17:45:53.685+0000] {logging_mixin.py:188} INFO - [2025-10-29T17:45:53.684+0000] {dagbag.py:545} INFO - Filling up the DagBag from /opt/airflow/dags/data_ingestion.py
[2025-10-29T17:45:54.308+0000] {processor.py:840} INFO - DAG(s) 'police_data_ingestion' retrieved from /opt/airflow/dags/data_ingestion.py
[2025-10-29T17:45:54.343+0000] {logging_mixin.py:188} INFO - [2025-10-29T17:45:54.342+0000] {dag.py:3096} INFO - Sync 1 DAGs
[2025-10-29T17:45:54.367+0000] {logging_mixin.py:188} INFO - [2025-10-29T17:45:54.367+0000] {dag.py:3954} INFO - Setting next_dagrun for police_data_ingestion to 2025-11-01 00:00:00+00:00, run_after=2025-12-01 00:00:00+00:00
[2025-10-29T17:45:54.390+0000] {processor.py:183} INFO - Processing /opt/airflow/dags/data_ingestion.py took 0.717 seconds
[2025-10-29T17:46:25.079+0000] {processor.py:161} INFO - Started process (PID=3659) to work on /opt/airflow/dags/data_ingestion.py
[2025-10-29T17:46:25.080+0000] {processor.py:830} INFO - Processing file /opt/airflow/dags/data_ingestion.py for tasks to queue
[2025-10-29T17:46:25.082+0000] {logging_mixin.py:188} INFO - [2025-10-29T17:46:25.082+0000] {dagbag.py:545} INFO - Filling up the DagBag from /opt/airflow/dags/data_ingestion.py
[2025-10-29T17:46:25.674+0000] {processor.py:840} INFO - DAG(s) 'police_data_ingestion' retrieved from /opt/airflow/dags/data_ingestion.py
[2025-10-29T17:46:25.713+0000] {logging_mixin.py:188} INFO - [2025-10-29T17:46:25.712+0000] {dag.py:3096} INFO - Sync 1 DAGs
[2025-10-29T17:46:25.745+0000] {logging_mixin.py:188} INFO - [2025-10-29T17:46:25.745+0000] {dag.py:3954} INFO - Setting next_dagrun for police_data_ingestion to 2025-11-01 00:00:00+00:00, run_after=2025-12-01 00:00:00+00:00
[2025-10-29T17:46:25.774+0000] {processor.py:183} INFO - Processing /opt/airflow/dags/data_ingestion.py took 0.706 seconds
[2025-10-29T17:46:56.290+0000] {processor.py:161} INFO - Started process (PID=3671) to work on /opt/airflow/dags/data_ingestion.py
[2025-10-29T17:46:56.291+0000] {processor.py:830} INFO - Processing file /opt/airflow/dags/data_ingestion.py for tasks to queue
[2025-10-29T17:46:56.293+0000] {logging_mixin.py:188} INFO - [2025-10-29T17:46:56.293+0000] {dagbag.py:545} INFO - Filling up the DagBag from /opt/airflow/dags/data_ingestion.py
[2025-10-29T17:46:56.901+0000] {processor.py:840} INFO - DAG(s) 'police_data_ingestion' retrieved from /opt/airflow/dags/data_ingestion.py
[2025-10-29T17:46:56.935+0000] {logging_mixin.py:188} INFO - [2025-10-29T17:46:56.934+0000] {dag.py:3096} INFO - Sync 1 DAGs
[2025-10-29T17:46:56.958+0000] {logging_mixin.py:188} INFO - [2025-10-29T17:46:56.958+0000] {dag.py:3954} INFO - Setting next_dagrun for police_data_ingestion to 2025-11-01 00:00:00+00:00, run_after=2025-12-01 00:00:00+00:00
[2025-10-29T17:46:56.983+0000] {processor.py:183} INFO - Processing /opt/airflow/dags/data_ingestion.py took 0.702 seconds
[2025-10-29T17:47:27.514+0000] {processor.py:161} INFO - Started process (PID=3683) to work on /opt/airflow/dags/data_ingestion.py
[2025-10-29T17:47:27.515+0000] {processor.py:830} INFO - Processing file /opt/airflow/dags/data_ingestion.py for tasks to queue
[2025-10-29T17:47:27.518+0000] {logging_mixin.py:188} INFO - [2025-10-29T17:47:27.518+0000] {dagbag.py:545} INFO - Filling up the DagBag from /opt/airflow/dags/data_ingestion.py
[2025-10-29T17:47:28.192+0000] {processor.py:840} INFO - DAG(s) 'police_data_ingestion' retrieved from /opt/airflow/dags/data_ingestion.py
[2025-10-29T17:47:28.225+0000] {logging_mixin.py:188} INFO - [2025-10-29T17:47:28.225+0000] {dag.py:3096} INFO - Sync 1 DAGs
[2025-10-29T17:47:28.250+0000] {logging_mixin.py:188} INFO - [2025-10-29T17:47:28.250+0000] {dag.py:3954} INFO - Setting next_dagrun for police_data_ingestion to 2025-11-01 00:00:00+00:00, run_after=2025-12-01 00:00:00+00:00
[2025-10-29T17:47:28.273+0000] {processor.py:183} INFO - Processing /opt/airflow/dags/data_ingestion.py took 0.768 seconds
[2025-10-29T17:47:58.791+0000] {processor.py:161} INFO - Started process (PID=3695) to work on /opt/airflow/dags/data_ingestion.py
[2025-10-29T17:47:58.792+0000] {processor.py:830} INFO - Processing file /opt/airflow/dags/data_ingestion.py for tasks to queue
[2025-10-29T17:47:58.795+0000] {logging_mixin.py:188} INFO - [2025-10-29T17:47:58.795+0000] {dagbag.py:545} INFO - Filling up the DagBag from /opt/airflow/dags/data_ingestion.py
[2025-10-29T17:47:59.416+0000] {processor.py:840} INFO - DAG(s) 'police_data_ingestion' retrieved from /opt/airflow/dags/data_ingestion.py
[2025-10-29T17:47:59.450+0000] {logging_mixin.py:188} INFO - [2025-10-29T17:47:59.450+0000] {dag.py:3096} INFO - Sync 1 DAGs
[2025-10-29T17:47:59.474+0000] {logging_mixin.py:188} INFO - [2025-10-29T17:47:59.474+0000] {dag.py:3954} INFO - Setting next_dagrun for police_data_ingestion to 2025-11-01 00:00:00+00:00, run_after=2025-12-01 00:00:00+00:00
[2025-10-29T17:47:59.497+0000] {processor.py:183} INFO - Processing /opt/airflow/dags/data_ingestion.py took 0.714 seconds
[2025-10-29T17:48:30.064+0000] {processor.py:161} INFO - Started process (PID=3707) to work on /opt/airflow/dags/data_ingestion.py
[2025-10-29T17:48:30.065+0000] {processor.py:830} INFO - Processing file /opt/airflow/dags/data_ingestion.py for tasks to queue
[2025-10-29T17:48:30.068+0000] {logging_mixin.py:188} INFO - [2025-10-29T17:48:30.068+0000] {dagbag.py:545} INFO - Filling up the DagBag from /opt/airflow/dags/data_ingestion.py
[2025-10-29T17:48:30.679+0000] {processor.py:840} INFO - DAG(s) 'police_data_ingestion' retrieved from /opt/airflow/dags/data_ingestion.py
[2025-10-29T17:48:30.714+0000] {logging_mixin.py:188} INFO - [2025-10-29T17:48:30.713+0000] {dag.py:3096} INFO - Sync 1 DAGs
[2025-10-29T17:48:30.736+0000] {logging_mixin.py:188} INFO - [2025-10-29T17:48:30.736+0000] {dag.py:3954} INFO - Setting next_dagrun for police_data_ingestion to 2025-11-01 00:00:00+00:00, run_after=2025-12-01 00:00:00+00:00
[2025-10-29T17:48:30.760+0000] {processor.py:183} INFO - Processing /opt/airflow/dags/data_ingestion.py took 0.704 seconds
[2025-10-29T17:49:01.262+0000] {processor.py:161} INFO - Started process (PID=3719) to work on /opt/airflow/dags/data_ingestion.py
[2025-10-29T17:49:01.263+0000] {processor.py:830} INFO - Processing file /opt/airflow/dags/data_ingestion.py for tasks to queue
[2025-10-29T17:49:01.266+0000] {logging_mixin.py:188} INFO - [2025-10-29T17:49:01.265+0000] {dagbag.py:545} INFO - Filling up the DagBag from /opt/airflow/dags/data_ingestion.py
[2025-10-29T17:49:01.842+0000] {processor.py:840} INFO - DAG(s) 'police_data_ingestion' retrieved from /opt/airflow/dags/data_ingestion.py
[2025-10-29T17:49:01.876+0000] {logging_mixin.py:188} INFO - [2025-10-29T17:49:01.875+0000] {dag.py:3096} INFO - Sync 1 DAGs
[2025-10-29T17:49:01.899+0000] {logging_mixin.py:188} INFO - [2025-10-29T17:49:01.899+0000] {dag.py:3954} INFO - Setting next_dagrun for police_data_ingestion to 2025-11-01 00:00:00+00:00, run_after=2025-12-01 00:00:00+00:00
[2025-10-29T17:49:01.923+0000] {processor.py:183} INFO - Processing /opt/airflow/dags/data_ingestion.py took 0.669 seconds
[2025-10-29T17:49:32.504+0000] {processor.py:161} INFO - Started process (PID=3731) to work on /opt/airflow/dags/data_ingestion.py
[2025-10-29T17:49:32.506+0000] {processor.py:830} INFO - Processing file /opt/airflow/dags/data_ingestion.py for tasks to queue
[2025-10-29T17:49:32.509+0000] {logging_mixin.py:188} INFO - [2025-10-29T17:49:32.508+0000] {dagbag.py:545} INFO - Filling up the DagBag from /opt/airflow/dags/data_ingestion.py
[2025-10-29T17:49:33.095+0000] {processor.py:840} INFO - DAG(s) 'police_data_ingestion' retrieved from /opt/airflow/dags/data_ingestion.py
[2025-10-29T17:49:33.129+0000] {logging_mixin.py:188} INFO - [2025-10-29T17:49:33.129+0000] {dag.py:3096} INFO - Sync 1 DAGs
[2025-10-29T17:49:33.153+0000] {logging_mixin.py:188} INFO - [2025-10-29T17:49:33.153+0000] {dag.py:3954} INFO - Setting next_dagrun for police_data_ingestion to 2025-11-01 00:00:00+00:00, run_after=2025-12-01 00:00:00+00:00
[2025-10-29T17:49:33.177+0000] {processor.py:183} INFO - Processing /opt/airflow/dags/data_ingestion.py took 0.682 seconds
[2025-10-29T17:50:03.639+0000] {processor.py:161} INFO - Started process (PID=3743) to work on /opt/airflow/dags/data_ingestion.py
[2025-10-29T17:50:03.640+0000] {processor.py:830} INFO - Processing file /opt/airflow/dags/data_ingestion.py for tasks to queue
[2025-10-29T17:50:03.642+0000] {logging_mixin.py:188} INFO - [2025-10-29T17:50:03.642+0000] {dagbag.py:545} INFO - Filling up the DagBag from /opt/airflow/dags/data_ingestion.py
[2025-10-29T17:50:04.272+0000] {processor.py:840} INFO - DAG(s) 'police_data_ingestion' retrieved from /opt/airflow/dags/data_ingestion.py
[2025-10-29T17:50:04.306+0000] {logging_mixin.py:188} INFO - [2025-10-29T17:50:04.306+0000] {dag.py:3096} INFO - Sync 1 DAGs
[2025-10-29T17:50:04.331+0000] {logging_mixin.py:188} INFO - [2025-10-29T17:50:04.330+0000] {dag.py:3954} INFO - Setting next_dagrun for police_data_ingestion to 2025-11-01 00:00:00+00:00, run_after=2025-12-01 00:00:00+00:00
[2025-10-29T17:50:04.354+0000] {processor.py:183} INFO - Processing /opt/airflow/dags/data_ingestion.py took 0.723 seconds
[2025-10-29T17:50:34.892+0000] {processor.py:161} INFO - Started process (PID=3755) to work on /opt/airflow/dags/data_ingestion.py
[2025-10-29T17:50:34.893+0000] {processor.py:830} INFO - Processing file /opt/airflow/dags/data_ingestion.py for tasks to queue
[2025-10-29T17:50:34.896+0000] {logging_mixin.py:188} INFO - [2025-10-29T17:50:34.895+0000] {dagbag.py:545} INFO - Filling up the DagBag from /opt/airflow/dags/data_ingestion.py
[2025-10-29T17:50:35.539+0000] {processor.py:840} INFO - DAG(s) 'police_data_ingestion' retrieved from /opt/airflow/dags/data_ingestion.py
[2025-10-29T17:50:35.573+0000] {logging_mixin.py:188} INFO - [2025-10-29T17:50:35.572+0000] {dag.py:3096} INFO - Sync 1 DAGs
[2025-10-29T17:50:35.598+0000] {logging_mixin.py:188} INFO - [2025-10-29T17:50:35.598+0000] {dag.py:3954} INFO - Setting next_dagrun for police_data_ingestion to 2025-11-01 00:00:00+00:00, run_after=2025-12-01 00:00:00+00:00
[2025-10-29T17:50:35.619+0000] {processor.py:183} INFO - Processing /opt/airflow/dags/data_ingestion.py took 0.735 seconds
[2025-10-29T17:51:06.133+0000] {processor.py:161} INFO - Started process (PID=3767) to work on /opt/airflow/dags/data_ingestion.py
[2025-10-29T17:51:06.134+0000] {processor.py:830} INFO - Processing file /opt/airflow/dags/data_ingestion.py for tasks to queue
[2025-10-29T17:51:06.137+0000] {logging_mixin.py:188} INFO - [2025-10-29T17:51:06.136+0000] {dagbag.py:545} INFO - Filling up the DagBag from /opt/airflow/dags/data_ingestion.py
[2025-10-29T17:51:06.738+0000] {processor.py:840} INFO - DAG(s) 'police_data_ingestion' retrieved from /opt/airflow/dags/data_ingestion.py
[2025-10-29T17:51:06.779+0000] {logging_mixin.py:188} INFO - [2025-10-29T17:51:06.778+0000] {dag.py:3096} INFO - Sync 1 DAGs
[2025-10-29T17:51:06.803+0000] {logging_mixin.py:188} INFO - [2025-10-29T17:51:06.803+0000] {dag.py:3954} INFO - Setting next_dagrun for police_data_ingestion to 2025-11-01 00:00:00+00:00, run_after=2025-12-01 00:00:00+00:00
[2025-10-29T17:51:06.826+0000] {processor.py:183} INFO - Processing /opt/airflow/dags/data_ingestion.py took 0.703 seconds
[2025-10-29T17:51:37.442+0000] {processor.py:161} INFO - Started process (PID=3779) to work on /opt/airflow/dags/data_ingestion.py
[2025-10-29T17:51:37.444+0000] {processor.py:830} INFO - Processing file /opt/airflow/dags/data_ingestion.py for tasks to queue
[2025-10-29T17:51:37.446+0000] {logging_mixin.py:188} INFO - [2025-10-29T17:51:37.446+0000] {dagbag.py:545} INFO - Filling up the DagBag from /opt/airflow/dags/data_ingestion.py
[2025-10-29T17:51:38.133+0000] {processor.py:840} INFO - DAG(s) 'police_data_ingestion' retrieved from /opt/airflow/dags/data_ingestion.py
[2025-10-29T17:51:38.167+0000] {logging_mixin.py:188} INFO - [2025-10-29T17:51:38.167+0000] {dag.py:3096} INFO - Sync 1 DAGs
[2025-10-29T17:51:38.192+0000] {logging_mixin.py:188} INFO - [2025-10-29T17:51:38.192+0000] {dag.py:3954} INFO - Setting next_dagrun for police_data_ingestion to 2025-11-01 00:00:00+00:00, run_after=2025-12-01 00:00:00+00:00
[2025-10-29T17:51:38.217+0000] {processor.py:183} INFO - Processing /opt/airflow/dags/data_ingestion.py took 0.782 seconds
[2025-10-29T17:52:08.784+0000] {processor.py:161} INFO - Started process (PID=3791) to work on /opt/airflow/dags/data_ingestion.py
[2025-10-29T17:52:08.786+0000] {processor.py:830} INFO - Processing file /opt/airflow/dags/data_ingestion.py for tasks to queue
[2025-10-29T17:52:08.788+0000] {logging_mixin.py:188} INFO - [2025-10-29T17:52:08.788+0000] {dagbag.py:545} INFO - Filling up the DagBag from /opt/airflow/dags/data_ingestion.py
[2025-10-29T17:52:09.428+0000] {processor.py:840} INFO - DAG(s) 'police_data_ingestion' retrieved from /opt/airflow/dags/data_ingestion.py
[2025-10-29T17:52:09.470+0000] {logging_mixin.py:188} INFO - [2025-10-29T17:52:09.469+0000] {dag.py:3096} INFO - Sync 1 DAGs
[2025-10-29T17:52:09.492+0000] {logging_mixin.py:188} INFO - [2025-10-29T17:52:09.492+0000] {dag.py:3954} INFO - Setting next_dagrun for police_data_ingestion to 2025-11-01 00:00:00+00:00, run_after=2025-12-01 00:00:00+00:00
[2025-10-29T17:52:09.523+0000] {processor.py:183} INFO - Processing /opt/airflow/dags/data_ingestion.py took 0.747 seconds
[2025-10-29T17:52:40.109+0000] {processor.py:161} INFO - Started process (PID=3803) to work on /opt/airflow/dags/data_ingestion.py
[2025-10-29T17:52:40.111+0000] {processor.py:830} INFO - Processing file /opt/airflow/dags/data_ingestion.py for tasks to queue
[2025-10-29T17:52:40.113+0000] {logging_mixin.py:188} INFO - [2025-10-29T17:52:40.113+0000] {dagbag.py:545} INFO - Filling up the DagBag from /opt/airflow/dags/data_ingestion.py
[2025-10-29T17:52:40.766+0000] {processor.py:840} INFO - DAG(s) 'police_data_ingestion' retrieved from /opt/airflow/dags/data_ingestion.py
[2025-10-29T17:52:40.801+0000] {logging_mixin.py:188} INFO - [2025-10-29T17:52:40.801+0000] {dag.py:3096} INFO - Sync 1 DAGs
[2025-10-29T17:52:40.824+0000] {logging_mixin.py:188} INFO - [2025-10-29T17:52:40.824+0000] {dag.py:3954} INFO - Setting next_dagrun for police_data_ingestion to 2025-11-01 00:00:00+00:00, run_after=2025-12-01 00:00:00+00:00
[2025-10-29T17:52:40.848+0000] {processor.py:183} INFO - Processing /opt/airflow/dags/data_ingestion.py took 0.748 seconds
[2025-10-29T17:53:11.383+0000] {processor.py:161} INFO - Started process (PID=3815) to work on /opt/airflow/dags/data_ingestion.py
[2025-10-29T17:53:11.384+0000] {processor.py:830} INFO - Processing file /opt/airflow/dags/data_ingestion.py for tasks to queue
[2025-10-29T17:53:11.387+0000] {logging_mixin.py:188} INFO - [2025-10-29T17:53:11.386+0000] {dagbag.py:545} INFO - Filling up the DagBag from /opt/airflow/dags/data_ingestion.py
[2025-10-29T17:53:11.985+0000] {processor.py:840} INFO - DAG(s) 'police_data_ingestion' retrieved from /opt/airflow/dags/data_ingestion.py
[2025-10-29T17:53:12.019+0000] {logging_mixin.py:188} INFO - [2025-10-29T17:53:12.019+0000] {dag.py:3096} INFO - Sync 1 DAGs
[2025-10-29T17:53:12.043+0000] {logging_mixin.py:188} INFO - [2025-10-29T17:53:12.042+0000] {dag.py:3954} INFO - Setting next_dagrun for police_data_ingestion to 2025-11-01 00:00:00+00:00, run_after=2025-12-01 00:00:00+00:00
[2025-10-29T17:53:12.066+0000] {processor.py:183} INFO - Processing /opt/airflow/dags/data_ingestion.py took 0.691 seconds
[2025-10-29T17:53:42.634+0000] {processor.py:161} INFO - Started process (PID=3827) to work on /opt/airflow/dags/data_ingestion.py
[2025-10-29T17:53:42.636+0000] {processor.py:830} INFO - Processing file /opt/airflow/dags/data_ingestion.py for tasks to queue
[2025-10-29T17:53:42.639+0000] {logging_mixin.py:188} INFO - [2025-10-29T17:53:42.639+0000] {dagbag.py:545} INFO - Filling up the DagBag from /opt/airflow/dags/data_ingestion.py
[2025-10-29T17:53:43.356+0000] {processor.py:840} INFO - DAG(s) 'police_data_ingestion' retrieved from /opt/airflow/dags/data_ingestion.py
[2025-10-29T17:53:43.391+0000] {logging_mixin.py:188} INFO - [2025-10-29T17:53:43.391+0000] {dag.py:3096} INFO - Sync 1 DAGs
[2025-10-29T17:53:43.416+0000] {logging_mixin.py:188} INFO - [2025-10-29T17:53:43.416+0000] {dag.py:3954} INFO - Setting next_dagrun for police_data_ingestion to 2025-11-01 00:00:00+00:00, run_after=2025-12-01 00:00:00+00:00
[2025-10-29T17:53:43.441+0000] {processor.py:183} INFO - Processing /opt/airflow/dags/data_ingestion.py took 0.816 seconds
[2025-10-29T17:54:13.947+0000] {processor.py:161} INFO - Started process (PID=3839) to work on /opt/airflow/dags/data_ingestion.py
[2025-10-29T17:54:13.949+0000] {processor.py:830} INFO - Processing file /opt/airflow/dags/data_ingestion.py for tasks to queue
[2025-10-29T17:54:13.953+0000] {logging_mixin.py:188} INFO - [2025-10-29T17:54:13.952+0000] {dagbag.py:545} INFO - Filling up the DagBag from /opt/airflow/dags/data_ingestion.py
[2025-10-29T17:54:14.539+0000] {processor.py:840} INFO - DAG(s) 'police_data_ingestion' retrieved from /opt/airflow/dags/data_ingestion.py
[2025-10-29T17:54:14.578+0000] {logging_mixin.py:188} INFO - [2025-10-29T17:54:14.578+0000] {dag.py:3096} INFO - Sync 1 DAGs
[2025-10-29T17:54:14.605+0000] {logging_mixin.py:188} INFO - [2025-10-29T17:54:14.605+0000] {dag.py:3954} INFO - Setting next_dagrun for police_data_ingestion to 2025-11-01 00:00:00+00:00, run_after=2025-12-01 00:00:00+00:00
[2025-10-29T17:54:14.628+0000] {processor.py:183} INFO - Processing /opt/airflow/dags/data_ingestion.py took 0.689 seconds
[2025-10-29T17:54:45.192+0000] {processor.py:161} INFO - Started process (PID=3851) to work on /opt/airflow/dags/data_ingestion.py
[2025-10-29T17:54:45.194+0000] {processor.py:830} INFO - Processing file /opt/airflow/dags/data_ingestion.py for tasks to queue
[2025-10-29T17:54:45.197+0000] {logging_mixin.py:188} INFO - [2025-10-29T17:54:45.196+0000] {dagbag.py:545} INFO - Filling up the DagBag from /opt/airflow/dags/data_ingestion.py
[2025-10-29T17:54:45.828+0000] {processor.py:840} INFO - DAG(s) 'police_data_ingestion' retrieved from /opt/airflow/dags/data_ingestion.py
[2025-10-29T17:54:45.865+0000] {logging_mixin.py:188} INFO - [2025-10-29T17:54:45.865+0000] {dag.py:3096} INFO - Sync 1 DAGs
[2025-10-29T17:54:45.889+0000] {logging_mixin.py:188} INFO - [2025-10-29T17:54:45.888+0000] {dag.py:3954} INFO - Setting next_dagrun for police_data_ingestion to 2025-11-01 00:00:00+00:00, run_after=2025-12-01 00:00:00+00:00
[2025-10-29T17:54:45.912+0000] {processor.py:183} INFO - Processing /opt/airflow/dags/data_ingestion.py took 0.730 seconds
[2025-10-29T17:55:16.424+0000] {processor.py:161} INFO - Started process (PID=3863) to work on /opt/airflow/dags/data_ingestion.py
[2025-10-29T17:55:16.425+0000] {processor.py:830} INFO - Processing file /opt/airflow/dags/data_ingestion.py for tasks to queue
[2025-10-29T17:55:16.428+0000] {logging_mixin.py:188} INFO - [2025-10-29T17:55:16.427+0000] {dagbag.py:545} INFO - Filling up the DagBag from /opt/airflow/dags/data_ingestion.py
[2025-10-29T17:55:17.038+0000] {processor.py:840} INFO - DAG(s) 'police_data_ingestion' retrieved from /opt/airflow/dags/data_ingestion.py
[2025-10-29T17:55:17.073+0000] {logging_mixin.py:188} INFO - [2025-10-29T17:55:17.072+0000] {dag.py:3096} INFO - Sync 1 DAGs
[2025-10-29T17:55:17.097+0000] {logging_mixin.py:188} INFO - [2025-10-29T17:55:17.096+0000] {dag.py:3954} INFO - Setting next_dagrun for police_data_ingestion to 2025-11-01 00:00:00+00:00, run_after=2025-12-01 00:00:00+00:00
[2025-10-29T17:55:17.121+0000] {processor.py:183} INFO - Processing /opt/airflow/dags/data_ingestion.py took 0.706 seconds
[2025-10-29T17:55:47.777+0000] {processor.py:161} INFO - Started process (PID=3875) to work on /opt/airflow/dags/data_ingestion.py
[2025-10-29T17:55:47.779+0000] {processor.py:830} INFO - Processing file /opt/airflow/dags/data_ingestion.py for tasks to queue
[2025-10-29T17:55:47.784+0000] {logging_mixin.py:188} INFO - [2025-10-29T17:55:47.783+0000] {dagbag.py:545} INFO - Filling up the DagBag from /opt/airflow/dags/data_ingestion.py
[2025-10-29T17:55:48.504+0000] {processor.py:840} INFO - DAG(s) 'police_data_ingestion' retrieved from /opt/airflow/dags/data_ingestion.py
[2025-10-29T17:55:48.542+0000] {logging_mixin.py:188} INFO - [2025-10-29T17:55:48.542+0000] {dag.py:3096} INFO - Sync 1 DAGs
[2025-10-29T17:55:48.567+0000] {logging_mixin.py:188} INFO - [2025-10-29T17:55:48.566+0000] {dag.py:3954} INFO - Setting next_dagrun for police_data_ingestion to 2025-11-01 00:00:00+00:00, run_after=2025-12-01 00:00:00+00:00
[2025-10-29T17:55:48.595+0000] {processor.py:183} INFO - Processing /opt/airflow/dags/data_ingestion.py took 0.828 seconds
[2025-10-29T17:56:19.176+0000] {processor.py:161} INFO - Started process (PID=3887) to work on /opt/airflow/dags/data_ingestion.py
[2025-10-29T17:56:19.178+0000] {processor.py:830} INFO - Processing file /opt/airflow/dags/data_ingestion.py for tasks to queue
[2025-10-29T17:56:19.180+0000] {logging_mixin.py:188} INFO - [2025-10-29T17:56:19.180+0000] {dagbag.py:545} INFO - Filling up the DagBag from /opt/airflow/dags/data_ingestion.py
[2025-10-29T17:56:19.809+0000] {processor.py:840} INFO - DAG(s) 'police_data_ingestion' retrieved from /opt/airflow/dags/data_ingestion.py
[2025-10-29T17:56:19.844+0000] {logging_mixin.py:188} INFO - [2025-10-29T17:56:19.843+0000] {dag.py:3096} INFO - Sync 1 DAGs
[2025-10-29T17:56:19.868+0000] {logging_mixin.py:188} INFO - [2025-10-29T17:56:19.868+0000] {dag.py:3954} INFO - Setting next_dagrun for police_data_ingestion to 2025-11-01 00:00:00+00:00, run_after=2025-12-01 00:00:00+00:00
[2025-10-29T17:56:19.892+0000] {processor.py:183} INFO - Processing /opt/airflow/dags/data_ingestion.py took 0.724 seconds
[2025-10-29T17:56:50.432+0000] {processor.py:161} INFO - Started process (PID=3899) to work on /opt/airflow/dags/data_ingestion.py
[2025-10-29T17:56:50.433+0000] {processor.py:830} INFO - Processing file /opt/airflow/dags/data_ingestion.py for tasks to queue
[2025-10-29T17:56:50.436+0000] {logging_mixin.py:188} INFO - [2025-10-29T17:56:50.435+0000] {dagbag.py:545} INFO - Filling up the DagBag from /opt/airflow/dags/data_ingestion.py
[2025-10-29T17:56:51.040+0000] {processor.py:840} INFO - DAG(s) 'police_data_ingestion' retrieved from /opt/airflow/dags/data_ingestion.py
[2025-10-29T17:56:51.087+0000] {logging_mixin.py:188} INFO - [2025-10-29T17:56:51.086+0000] {dag.py:3096} INFO - Sync 1 DAGs
[2025-10-29T17:56:51.114+0000] {logging_mixin.py:188} INFO - [2025-10-29T17:56:51.114+0000] {dag.py:3954} INFO - Setting next_dagrun for police_data_ingestion to 2025-11-01 00:00:00+00:00, run_after=2025-12-01 00:00:00+00:00
[2025-10-29T17:56:51.137+0000] {processor.py:183} INFO - Processing /opt/airflow/dags/data_ingestion.py took 0.714 seconds
[2025-10-29T17:57:21.759+0000] {processor.py:161} INFO - Started process (PID=3911) to work on /opt/airflow/dags/data_ingestion.py
[2025-10-29T17:57:21.760+0000] {processor.py:830} INFO - Processing file /opt/airflow/dags/data_ingestion.py for tasks to queue
[2025-10-29T17:57:21.763+0000] {logging_mixin.py:188} INFO - [2025-10-29T17:57:21.762+0000] {dagbag.py:545} INFO - Filling up the DagBag from /opt/airflow/dags/data_ingestion.py
[2025-10-29T17:57:22.349+0000] {processor.py:840} INFO - DAG(s) 'police_data_ingestion' retrieved from /opt/airflow/dags/data_ingestion.py
[2025-10-29T17:57:22.380+0000] {logging_mixin.py:188} INFO - [2025-10-29T17:57:22.380+0000] {dag.py:3096} INFO - Sync 1 DAGs
[2025-10-29T17:57:22.401+0000] {logging_mixin.py:188} INFO - [2025-10-29T17:57:22.401+0000] {dag.py:3954} INFO - Setting next_dagrun for police_data_ingestion to 2025-11-01 00:00:00+00:00, run_after=2025-12-01 00:00:00+00:00
[2025-10-29T17:57:22.424+0000] {processor.py:183} INFO - Processing /opt/airflow/dags/data_ingestion.py took 0.673 seconds
[2025-10-29T17:57:53.033+0000] {processor.py:161} INFO - Started process (PID=3923) to work on /opt/airflow/dags/data_ingestion.py
[2025-10-29T17:57:53.034+0000] {processor.py:830} INFO - Processing file /opt/airflow/dags/data_ingestion.py for tasks to queue
[2025-10-29T17:57:53.037+0000] {logging_mixin.py:188} INFO - [2025-10-29T17:57:53.036+0000] {dagbag.py:545} INFO - Filling up the DagBag from /opt/airflow/dags/data_ingestion.py
[2025-10-29T17:57:53.608+0000] {processor.py:840} INFO - DAG(s) 'police_data_ingestion' retrieved from /opt/airflow/dags/data_ingestion.py
[2025-10-29T17:57:53.640+0000] {logging_mixin.py:188} INFO - [2025-10-29T17:57:53.639+0000] {dag.py:3096} INFO - Sync 1 DAGs
[2025-10-29T17:57:53.662+0000] {logging_mixin.py:188} INFO - [2025-10-29T17:57:53.662+0000] {dag.py:3954} INFO - Setting next_dagrun for police_data_ingestion to 2025-11-01 00:00:00+00:00, run_after=2025-12-01 00:00:00+00:00
[2025-10-29T17:57:53.690+0000] {processor.py:183} INFO - Processing /opt/airflow/dags/data_ingestion.py took 0.666 seconds
[2025-10-29T17:58:24.195+0000] {processor.py:161} INFO - Started process (PID=3935) to work on /opt/airflow/dags/data_ingestion.py
[2025-10-29T17:58:24.196+0000] {processor.py:830} INFO - Processing file /opt/airflow/dags/data_ingestion.py for tasks to queue
[2025-10-29T17:58:24.199+0000] {logging_mixin.py:188} INFO - [2025-10-29T17:58:24.198+0000] {dagbag.py:545} INFO - Filling up the DagBag from /opt/airflow/dags/data_ingestion.py
[2025-10-29T17:58:24.804+0000] {processor.py:840} INFO - DAG(s) 'police_data_ingestion' retrieved from /opt/airflow/dags/data_ingestion.py
[2025-10-29T17:58:24.837+0000] {logging_mixin.py:188} INFO - [2025-10-29T17:58:24.837+0000] {dag.py:3096} INFO - Sync 1 DAGs
[2025-10-29T17:58:24.862+0000] {logging_mixin.py:188} INFO - [2025-10-29T17:58:24.862+0000] {dag.py:3954} INFO - Setting next_dagrun for police_data_ingestion to 2025-11-01 00:00:00+00:00, run_after=2025-12-01 00:00:00+00:00
[2025-10-29T17:58:24.886+0000] {processor.py:183} INFO - Processing /opt/airflow/dags/data_ingestion.py took 0.700 seconds
[2025-10-29T17:58:55.421+0000] {processor.py:161} INFO - Started process (PID=3947) to work on /opt/airflow/dags/data_ingestion.py
[2025-10-29T17:58:55.423+0000] {processor.py:830} INFO - Processing file /opt/airflow/dags/data_ingestion.py for tasks to queue
[2025-10-29T17:58:55.425+0000] {logging_mixin.py:188} INFO - [2025-10-29T17:58:55.425+0000] {dagbag.py:545} INFO - Filling up the DagBag from /opt/airflow/dags/data_ingestion.py
[2025-10-29T17:58:56.045+0000] {processor.py:840} INFO - DAG(s) 'police_data_ingestion' retrieved from /opt/airflow/dags/data_ingestion.py
[2025-10-29T17:58:56.079+0000] {logging_mixin.py:188} INFO - [2025-10-29T17:58:56.079+0000] {dag.py:3096} INFO - Sync 1 DAGs
[2025-10-29T17:58:56.102+0000] {logging_mixin.py:188} INFO - [2025-10-29T17:58:56.102+0000] {dag.py:3954} INFO - Setting next_dagrun for police_data_ingestion to 2025-11-01 00:00:00+00:00, run_after=2025-12-01 00:00:00+00:00
[2025-10-29T17:58:56.128+0000] {processor.py:183} INFO - Processing /opt/airflow/dags/data_ingestion.py took 0.715 seconds
[2025-10-29T17:59:26.704+0000] {processor.py:161} INFO - Started process (PID=3959) to work on /opt/airflow/dags/data_ingestion.py
[2025-10-29T17:59:26.705+0000] {processor.py:830} INFO - Processing file /opt/airflow/dags/data_ingestion.py for tasks to queue
[2025-10-29T17:59:26.708+0000] {logging_mixin.py:188} INFO - [2025-10-29T17:59:26.708+0000] {dagbag.py:545} INFO - Filling up the DagBag from /opt/airflow/dags/data_ingestion.py
[2025-10-29T17:59:27.357+0000] {processor.py:840} INFO - DAG(s) 'police_data_ingestion' retrieved from /opt/airflow/dags/data_ingestion.py
[2025-10-29T17:59:27.390+0000] {logging_mixin.py:188} INFO - [2025-10-29T17:59:27.389+0000] {dag.py:3096} INFO - Sync 1 DAGs
[2025-10-29T17:59:27.413+0000] {logging_mixin.py:188} INFO - [2025-10-29T17:59:27.412+0000] {dag.py:3954} INFO - Setting next_dagrun for police_data_ingestion to 2025-11-01 00:00:00+00:00, run_after=2025-12-01 00:00:00+00:00
[2025-10-29T17:59:27.436+0000] {processor.py:183} INFO - Processing /opt/airflow/dags/data_ingestion.py took 0.741 seconds
[2025-10-29T17:59:58.004+0000] {processor.py:161} INFO - Started process (PID=3971) to work on /opt/airflow/dags/data_ingestion.py
[2025-10-29T17:59:58.006+0000] {processor.py:830} INFO - Processing file /opt/airflow/dags/data_ingestion.py for tasks to queue
[2025-10-29T17:59:58.008+0000] {logging_mixin.py:188} INFO - [2025-10-29T17:59:58.008+0000] {dagbag.py:545} INFO - Filling up the DagBag from /opt/airflow/dags/data_ingestion.py
[2025-10-29T17:59:58.670+0000] {processor.py:840} INFO - DAG(s) 'police_data_ingestion' retrieved from /opt/airflow/dags/data_ingestion.py
[2025-10-29T17:59:58.703+0000] {logging_mixin.py:188} INFO - [2025-10-29T17:59:58.703+0000] {dag.py:3096} INFO - Sync 1 DAGs
[2025-10-29T17:59:58.727+0000] {logging_mixin.py:188} INFO - [2025-10-29T17:59:58.726+0000] {dag.py:3954} INFO - Setting next_dagrun for police_data_ingestion to 2025-11-01 00:00:00+00:00, run_after=2025-12-01 00:00:00+00:00
[2025-10-29T17:59:58.750+0000] {processor.py:183} INFO - Processing /opt/airflow/dags/data_ingestion.py took 0.754 seconds
[2025-10-29T18:00:29.330+0000] {processor.py:161} INFO - Started process (PID=3983) to work on /opt/airflow/dags/data_ingestion.py
[2025-10-29T18:00:29.332+0000] {processor.py:830} INFO - Processing file /opt/airflow/dags/data_ingestion.py for tasks to queue
[2025-10-29T18:00:29.334+0000] {logging_mixin.py:188} INFO - [2025-10-29T18:00:29.334+0000] {dagbag.py:545} INFO - Filling up the DagBag from /opt/airflow/dags/data_ingestion.py
[2025-10-29T18:00:29.966+0000] {processor.py:840} INFO - DAG(s) 'police_data_ingestion' retrieved from /opt/airflow/dags/data_ingestion.py
[2025-10-29T18:00:30.002+0000] {logging_mixin.py:188} INFO - [2025-10-29T18:00:30.001+0000] {dag.py:3096} INFO - Sync 1 DAGs
[2025-10-29T18:00:30.026+0000] {logging_mixin.py:188} INFO - [2025-10-29T18:00:30.026+0000] {dag.py:3954} INFO - Setting next_dagrun for police_data_ingestion to 2025-11-01 00:00:00+00:00, run_after=2025-12-01 00:00:00+00:00
[2025-10-29T18:00:30.049+0000] {processor.py:183} INFO - Processing /opt/airflow/dags/data_ingestion.py took 0.727 seconds
[2025-10-29T18:01:00.687+0000] {processor.py:161} INFO - Started process (PID=3995) to work on /opt/airflow/dags/data_ingestion.py
[2025-10-29T18:01:00.689+0000] {processor.py:830} INFO - Processing file /opt/airflow/dags/data_ingestion.py for tasks to queue
[2025-10-29T18:01:00.691+0000] {logging_mixin.py:188} INFO - [2025-10-29T18:01:00.691+0000] {dagbag.py:545} INFO - Filling up the DagBag from /opt/airflow/dags/data_ingestion.py
[2025-10-29T18:01:01.297+0000] {processor.py:840} INFO - DAG(s) 'police_data_ingestion' retrieved from /opt/airflow/dags/data_ingestion.py
[2025-10-29T18:01:01.332+0000] {logging_mixin.py:188} INFO - [2025-10-29T18:01:01.332+0000] {dag.py:3096} INFO - Sync 1 DAGs
[2025-10-29T18:01:01.355+0000] {logging_mixin.py:188} INFO - [2025-10-29T18:01:01.355+0000] {dag.py:3954} INFO - Setting next_dagrun for police_data_ingestion to 2025-11-01 00:00:00+00:00, run_after=2025-12-01 00:00:00+00:00
[2025-10-29T18:01:01.380+0000] {processor.py:183} INFO - Processing /opt/airflow/dags/data_ingestion.py took 0.701 seconds
[2025-10-29T18:01:31.994+0000] {processor.py:161} INFO - Started process (PID=4007) to work on /opt/airflow/dags/data_ingestion.py
[2025-10-29T18:01:31.995+0000] {processor.py:830} INFO - Processing file /opt/airflow/dags/data_ingestion.py for tasks to queue
[2025-10-29T18:01:31.998+0000] {logging_mixin.py:188} INFO - [2025-10-29T18:01:31.998+0000] {dagbag.py:545} INFO - Filling up the DagBag from /opt/airflow/dags/data_ingestion.py
[2025-10-29T18:01:32.628+0000] {processor.py:840} INFO - DAG(s) 'police_data_ingestion' retrieved from /opt/airflow/dags/data_ingestion.py
[2025-10-29T18:01:32.662+0000] {logging_mixin.py:188} INFO - [2025-10-29T18:01:32.661+0000] {dag.py:3096} INFO - Sync 1 DAGs
[2025-10-29T18:01:32.685+0000] {logging_mixin.py:188} INFO - [2025-10-29T18:01:32.685+0000] {dag.py:3954} INFO - Setting next_dagrun for police_data_ingestion to 2025-11-01 00:00:00+00:00, run_after=2025-12-01 00:00:00+00:00
[2025-10-29T18:01:32.708+0000] {processor.py:183} INFO - Processing /opt/airflow/dags/data_ingestion.py took 0.722 seconds
[2025-10-29T18:02:03.042+0000] {processor.py:161} INFO - Started process (PID=4019) to work on /opt/airflow/dags/data_ingestion.py
[2025-10-29T18:02:03.043+0000] {processor.py:830} INFO - Processing file /opt/airflow/dags/data_ingestion.py for tasks to queue
[2025-10-29T18:02:03.047+0000] {logging_mixin.py:188} INFO - [2025-10-29T18:02:03.046+0000] {dagbag.py:545} INFO - Filling up the DagBag from /opt/airflow/dags/data_ingestion.py
[2025-10-29T18:02:03.824+0000] {processor.py:840} INFO - DAG(s) 'police_data_ingestion' retrieved from /opt/airflow/dags/data_ingestion.py
[2025-10-29T18:02:03.866+0000] {logging_mixin.py:188} INFO - [2025-10-29T18:02:03.865+0000] {dag.py:3096} INFO - Sync 1 DAGs
[2025-10-29T18:02:03.892+0000] {logging_mixin.py:188} INFO - [2025-10-29T18:02:03.891+0000] {dag.py:3954} INFO - Setting next_dagrun for police_data_ingestion to 2025-11-01 00:00:00+00:00, run_after=2025-12-01 00:00:00+00:00
[2025-10-29T18:02:03.917+0000] {processor.py:183} INFO - Processing /opt/airflow/dags/data_ingestion.py took 0.883 seconds
[2025-10-29T18:02:34.301+0000] {processor.py:161} INFO - Started process (PID=4031) to work on /opt/airflow/dags/data_ingestion.py
[2025-10-29T18:02:34.302+0000] {processor.py:830} INFO - Processing file /opt/airflow/dags/data_ingestion.py for tasks to queue
[2025-10-29T18:02:34.305+0000] {logging_mixin.py:188} INFO - [2025-10-29T18:02:34.304+0000] {dagbag.py:545} INFO - Filling up the DagBag from /opt/airflow/dags/data_ingestion.py
[2025-10-29T18:02:34.873+0000] {processor.py:840} INFO - DAG(s) 'police_data_ingestion' retrieved from /opt/airflow/dags/data_ingestion.py
[2025-10-29T18:02:34.906+0000] {logging_mixin.py:188} INFO - [2025-10-29T18:02:34.905+0000] {dag.py:3096} INFO - Sync 1 DAGs
[2025-10-29T18:02:34.930+0000] {logging_mixin.py:188} INFO - [2025-10-29T18:02:34.930+0000] {dag.py:3954} INFO - Setting next_dagrun for police_data_ingestion to 2025-11-01 00:00:00+00:00, run_after=2025-12-01 00:00:00+00:00
[2025-10-29T18:02:34.954+0000] {processor.py:183} INFO - Processing /opt/airflow/dags/data_ingestion.py took 0.662 seconds
[2025-10-29T18:03:05.496+0000] {processor.py:161} INFO - Started process (PID=4043) to work on /opt/airflow/dags/data_ingestion.py
[2025-10-29T18:03:05.497+0000] {processor.py:830} INFO - Processing file /opt/airflow/dags/data_ingestion.py for tasks to queue
[2025-10-29T18:03:05.500+0000] {logging_mixin.py:188} INFO - [2025-10-29T18:03:05.499+0000] {dagbag.py:545} INFO - Filling up the DagBag from /opt/airflow/dags/data_ingestion.py
[2025-10-29T18:03:06.109+0000] {processor.py:840} INFO - DAG(s) 'police_data_ingestion' retrieved from /opt/airflow/dags/data_ingestion.py
[2025-10-29T18:03:06.142+0000] {logging_mixin.py:188} INFO - [2025-10-29T18:03:06.141+0000] {dag.py:3096} INFO - Sync 1 DAGs
[2025-10-29T18:03:06.166+0000] {logging_mixin.py:188} INFO - [2025-10-29T18:03:06.166+0000] {dag.py:3954} INFO - Setting next_dagrun for police_data_ingestion to 2025-11-01 00:00:00+00:00, run_after=2025-12-01 00:00:00+00:00
[2025-10-29T18:03:06.190+0000] {processor.py:183} INFO - Processing /opt/airflow/dags/data_ingestion.py took 0.702 seconds
[2025-10-29T18:03:36.630+0000] {processor.py:161} INFO - Started process (PID=4055) to work on /opt/airflow/dags/data_ingestion.py
[2025-10-29T18:03:36.632+0000] {processor.py:830} INFO - Processing file /opt/airflow/dags/data_ingestion.py for tasks to queue
[2025-10-29T18:03:36.635+0000] {logging_mixin.py:188} INFO - [2025-10-29T18:03:36.634+0000] {dagbag.py:545} INFO - Filling up the DagBag from /opt/airflow/dags/data_ingestion.py
[2025-10-29T18:03:37.249+0000] {processor.py:840} INFO - DAG(s) 'police_data_ingestion' retrieved from /opt/airflow/dags/data_ingestion.py
[2025-10-29T18:03:37.283+0000] {logging_mixin.py:188} INFO - [2025-10-29T18:03:37.283+0000] {dag.py:3096} INFO - Sync 1 DAGs
[2025-10-29T18:03:37.305+0000] {logging_mixin.py:188} INFO - [2025-10-29T18:03:37.305+0000] {dag.py:3954} INFO - Setting next_dagrun for police_data_ingestion to 2025-11-01 00:00:00+00:00, run_after=2025-12-01 00:00:00+00:00
[2025-10-29T18:03:37.328+0000] {processor.py:183} INFO - Processing /opt/airflow/dags/data_ingestion.py took 0.706 seconds
[2025-10-29T18:04:07.822+0000] {processor.py:161} INFO - Started process (PID=4067) to work on /opt/airflow/dags/data_ingestion.py
[2025-10-29T18:04:07.825+0000] {processor.py:830} INFO - Processing file /opt/airflow/dags/data_ingestion.py for tasks to queue
[2025-10-29T18:04:07.827+0000] {logging_mixin.py:188} INFO - [2025-10-29T18:04:07.827+0000] {dagbag.py:545} INFO - Filling up the DagBag from /opt/airflow/dags/data_ingestion.py
[2025-10-29T18:04:08.412+0000] {processor.py:840} INFO - DAG(s) 'police_data_ingestion' retrieved from /opt/airflow/dags/data_ingestion.py
[2025-10-29T18:04:08.444+0000] {logging_mixin.py:188} INFO - [2025-10-29T18:04:08.443+0000] {dag.py:3096} INFO - Sync 1 DAGs
[2025-10-29T18:04:08.465+0000] {logging_mixin.py:188} INFO - [2025-10-29T18:04:08.465+0000] {dag.py:3954} INFO - Setting next_dagrun for police_data_ingestion to 2025-11-01 00:00:00+00:00, run_after=2025-12-01 00:00:00+00:00
[2025-10-29T18:04:08.489+0000] {processor.py:183} INFO - Processing /opt/airflow/dags/data_ingestion.py took 0.678 seconds
[2025-10-29T18:04:38.945+0000] {processor.py:161} INFO - Started process (PID=4079) to work on /opt/airflow/dags/data_ingestion.py
[2025-10-29T18:04:38.946+0000] {processor.py:830} INFO - Processing file /opt/airflow/dags/data_ingestion.py for tasks to queue
[2025-10-29T18:04:38.948+0000] {logging_mixin.py:188} INFO - [2025-10-29T18:04:38.948+0000] {dagbag.py:545} INFO - Filling up the DagBag from /opt/airflow/dags/data_ingestion.py
[2025-10-29T18:04:39.549+0000] {processor.py:840} INFO - DAG(s) 'police_data_ingestion' retrieved from /opt/airflow/dags/data_ingestion.py
[2025-10-29T18:04:39.584+0000] {logging_mixin.py:188} INFO - [2025-10-29T18:04:39.584+0000] {dag.py:3096} INFO - Sync 1 DAGs
[2025-10-29T18:04:39.608+0000] {logging_mixin.py:188} INFO - [2025-10-29T18:04:39.608+0000] {dag.py:3954} INFO - Setting next_dagrun for police_data_ingestion to 2025-11-01 00:00:00+00:00, run_after=2025-12-01 00:00:00+00:00
[2025-10-29T18:04:39.633+0000] {processor.py:183} INFO - Processing /opt/airflow/dags/data_ingestion.py took 0.696 seconds
[2025-10-29T18:05:10.198+0000] {processor.py:161} INFO - Started process (PID=4091) to work on /opt/airflow/dags/data_ingestion.py
[2025-10-29T18:05:10.200+0000] {processor.py:830} INFO - Processing file /opt/airflow/dags/data_ingestion.py for tasks to queue
[2025-10-29T18:05:10.202+0000] {logging_mixin.py:188} INFO - [2025-10-29T18:05:10.202+0000] {dagbag.py:545} INFO - Filling up the DagBag from /opt/airflow/dags/data_ingestion.py
[2025-10-29T18:05:10.807+0000] {processor.py:840} INFO - DAG(s) 'police_data_ingestion' retrieved from /opt/airflow/dags/data_ingestion.py
[2025-10-29T18:05:10.839+0000] {logging_mixin.py:188} INFO - [2025-10-29T18:05:10.838+0000] {dag.py:3096} INFO - Sync 1 DAGs
[2025-10-29T18:05:10.863+0000] {logging_mixin.py:188} INFO - [2025-10-29T18:05:10.862+0000] {dag.py:3954} INFO - Setting next_dagrun for police_data_ingestion to 2025-11-01 00:00:00+00:00, run_after=2025-12-01 00:00:00+00:00
[2025-10-29T18:05:10.885+0000] {processor.py:183} INFO - Processing /opt/airflow/dags/data_ingestion.py took 0.697 seconds
[2025-10-29T18:05:41.426+0000] {processor.py:161} INFO - Started process (PID=4103) to work on /opt/airflow/dags/data_ingestion.py
[2025-10-29T18:05:41.428+0000] {processor.py:830} INFO - Processing file /opt/airflow/dags/data_ingestion.py for tasks to queue
[2025-10-29T18:05:41.432+0000] {logging_mixin.py:188} INFO - [2025-10-29T18:05:41.431+0000] {dagbag.py:545} INFO - Filling up the DagBag from /opt/airflow/dags/data_ingestion.py
[2025-10-29T18:05:42.114+0000] {processor.py:840} INFO - DAG(s) 'police_data_ingestion' retrieved from /opt/airflow/dags/data_ingestion.py
[2025-10-29T18:05:42.146+0000] {logging_mixin.py:188} INFO - [2025-10-29T18:05:42.146+0000] {dag.py:3096} INFO - Sync 1 DAGs
[2025-10-29T18:05:42.168+0000] {logging_mixin.py:188} INFO - [2025-10-29T18:05:42.168+0000] {dag.py:3954} INFO - Setting next_dagrun for police_data_ingestion to 2025-11-01 00:00:00+00:00, run_after=2025-12-01 00:00:00+00:00
[2025-10-29T18:05:42.189+0000] {processor.py:183} INFO - Processing /opt/airflow/dags/data_ingestion.py took 0.779 seconds
[2025-10-29T18:06:12.802+0000] {processor.py:161} INFO - Started process (PID=4115) to work on /opt/airflow/dags/data_ingestion.py
[2025-10-29T18:06:12.804+0000] {processor.py:830} INFO - Processing file /opt/airflow/dags/data_ingestion.py for tasks to queue
[2025-10-29T18:06:12.806+0000] {logging_mixin.py:188} INFO - [2025-10-29T18:06:12.806+0000] {dagbag.py:545} INFO - Filling up the DagBag from /opt/airflow/dags/data_ingestion.py
[2025-10-29T18:06:13.452+0000] {processor.py:840} INFO - DAG(s) 'police_data_ingestion' retrieved from /opt/airflow/dags/data_ingestion.py
[2025-10-29T18:06:13.484+0000] {logging_mixin.py:188} INFO - [2025-10-29T18:06:13.483+0000] {dag.py:3096} INFO - Sync 1 DAGs
[2025-10-29T18:06:13.506+0000] {logging_mixin.py:188} INFO - [2025-10-29T18:06:13.505+0000] {dag.py:3954} INFO - Setting next_dagrun for police_data_ingestion to 2025-11-01 00:00:00+00:00, run_after=2025-12-01 00:00:00+00:00
[2025-10-29T18:06:13.530+0000] {processor.py:183} INFO - Processing /opt/airflow/dags/data_ingestion.py took 0.737 seconds
[2025-10-29T18:06:44.097+0000] {processor.py:161} INFO - Started process (PID=4127) to work on /opt/airflow/dags/data_ingestion.py
[2025-10-29T18:06:44.098+0000] {processor.py:830} INFO - Processing file /opt/airflow/dags/data_ingestion.py for tasks to queue
[2025-10-29T18:06:44.101+0000] {logging_mixin.py:188} INFO - [2025-10-29T18:06:44.101+0000] {dagbag.py:545} INFO - Filling up the DagBag from /opt/airflow/dags/data_ingestion.py
[2025-10-29T18:06:44.734+0000] {processor.py:840} INFO - DAG(s) 'police_data_ingestion' retrieved from /opt/airflow/dags/data_ingestion.py
[2025-10-29T18:06:44.768+0000] {logging_mixin.py:188} INFO - [2025-10-29T18:06:44.768+0000] {dag.py:3096} INFO - Sync 1 DAGs
[2025-10-29T18:06:44.791+0000] {logging_mixin.py:188} INFO - [2025-10-29T18:06:44.791+0000] {dag.py:3954} INFO - Setting next_dagrun for police_data_ingestion to 2025-11-01 00:00:00+00:00, run_after=2025-12-01 00:00:00+00:00
[2025-10-29T18:06:44.815+0000] {processor.py:183} INFO - Processing /opt/airflow/dags/data_ingestion.py took 0.726 seconds
[2025-10-29T18:07:15.379+0000] {processor.py:161} INFO - Started process (PID=4139) to work on /opt/airflow/dags/data_ingestion.py
[2025-10-29T18:07:15.380+0000] {processor.py:830} INFO - Processing file /opt/airflow/dags/data_ingestion.py for tasks to queue
[2025-10-29T18:07:15.383+0000] {logging_mixin.py:188} INFO - [2025-10-29T18:07:15.382+0000] {dagbag.py:545} INFO - Filling up the DagBag from /opt/airflow/dags/data_ingestion.py
[2025-10-29T18:07:15.972+0000] {processor.py:840} INFO - DAG(s) 'police_data_ingestion' retrieved from /opt/airflow/dags/data_ingestion.py
[2025-10-29T18:07:16.006+0000] {logging_mixin.py:188} INFO - [2025-10-29T18:07:16.006+0000] {dag.py:3096} INFO - Sync 1 DAGs
[2025-10-29T18:07:16.030+0000] {logging_mixin.py:188} INFO - [2025-10-29T18:07:16.030+0000] {dag.py:3954} INFO - Setting next_dagrun for police_data_ingestion to 2025-11-01 00:00:00+00:00, run_after=2025-12-01 00:00:00+00:00
[2025-10-29T18:07:16.057+0000] {processor.py:183} INFO - Processing /opt/airflow/dags/data_ingestion.py took 0.686 seconds
[2025-10-29T18:07:46.582+0000] {processor.py:161} INFO - Started process (PID=4151) to work on /opt/airflow/dags/data_ingestion.py
[2025-10-29T18:07:46.583+0000] {processor.py:830} INFO - Processing file /opt/airflow/dags/data_ingestion.py for tasks to queue
[2025-10-29T18:07:46.586+0000] {logging_mixin.py:188} INFO - [2025-10-29T18:07:46.586+0000] {dagbag.py:545} INFO - Filling up the DagBag from /opt/airflow/dags/data_ingestion.py
[2025-10-29T18:07:47.216+0000] {processor.py:840} INFO - DAG(s) 'police_data_ingestion' retrieved from /opt/airflow/dags/data_ingestion.py
[2025-10-29T18:07:47.254+0000] {logging_mixin.py:188} INFO - [2025-10-29T18:07:47.254+0000] {dag.py:3096} INFO - Sync 1 DAGs
[2025-10-29T18:07:47.280+0000] {logging_mixin.py:188} INFO - [2025-10-29T18:07:47.279+0000] {dag.py:3954} INFO - Setting next_dagrun for police_data_ingestion to 2025-11-01 00:00:00+00:00, run_after=2025-12-01 00:00:00+00:00
[2025-10-29T18:07:47.308+0000] {processor.py:183} INFO - Processing /opt/airflow/dags/data_ingestion.py took 0.735 seconds
[2025-10-29T18:08:17.862+0000] {processor.py:161} INFO - Started process (PID=4163) to work on /opt/airflow/dags/data_ingestion.py
[2025-10-29T18:08:17.864+0000] {processor.py:830} INFO - Processing file /opt/airflow/dags/data_ingestion.py for tasks to queue
[2025-10-29T18:08:17.866+0000] {logging_mixin.py:188} INFO - [2025-10-29T18:08:17.866+0000] {dagbag.py:545} INFO - Filling up the DagBag from /opt/airflow/dags/data_ingestion.py
[2025-10-29T18:08:18.446+0000] {processor.py:840} INFO - DAG(s) 'police_data_ingestion' retrieved from /opt/airflow/dags/data_ingestion.py
[2025-10-29T18:08:18.478+0000] {logging_mixin.py:188} INFO - [2025-10-29T18:08:18.477+0000] {dag.py:3096} INFO - Sync 1 DAGs
[2025-10-29T18:08:18.499+0000] {logging_mixin.py:188} INFO - [2025-10-29T18:08:18.499+0000] {dag.py:3954} INFO - Setting next_dagrun for police_data_ingestion to 2025-11-01 00:00:00+00:00, run_after=2025-12-01 00:00:00+00:00
[2025-10-29T18:08:18.523+0000] {processor.py:183} INFO - Processing /opt/airflow/dags/data_ingestion.py took 0.670 seconds
[2025-10-29T18:08:49.122+0000] {processor.py:161} INFO - Started process (PID=4175) to work on /opt/airflow/dags/data_ingestion.py
[2025-10-29T18:08:49.123+0000] {processor.py:830} INFO - Processing file /opt/airflow/dags/data_ingestion.py for tasks to queue
[2025-10-29T18:08:49.126+0000] {logging_mixin.py:188} INFO - [2025-10-29T18:08:49.125+0000] {dagbag.py:545} INFO - Filling up the DagBag from /opt/airflow/dags/data_ingestion.py
[2025-10-29T18:08:49.743+0000] {processor.py:840} INFO - DAG(s) 'police_data_ingestion' retrieved from /opt/airflow/dags/data_ingestion.py
[2025-10-29T18:08:49.782+0000] {logging_mixin.py:188} INFO - [2025-10-29T18:08:49.781+0000] {dag.py:3096} INFO - Sync 1 DAGs
[2025-10-29T18:08:49.810+0000] {logging_mixin.py:188} INFO - [2025-10-29T18:08:49.810+0000] {dag.py:3954} INFO - Setting next_dagrun for police_data_ingestion to 2025-11-01 00:00:00+00:00, run_after=2025-12-01 00:00:00+00:00
[2025-10-29T18:08:49.844+0000] {processor.py:183} INFO - Processing /opt/airflow/dags/data_ingestion.py took 0.730 seconds
[2025-10-29T18:09:20.415+0000] {processor.py:161} INFO - Started process (PID=4187) to work on /opt/airflow/dags/data_ingestion.py
[2025-10-29T18:09:20.417+0000] {processor.py:830} INFO - Processing file /opt/airflow/dags/data_ingestion.py for tasks to queue
[2025-10-29T18:09:20.419+0000] {logging_mixin.py:188} INFO - [2025-10-29T18:09:20.419+0000] {dagbag.py:545} INFO - Filling up the DagBag from /opt/airflow/dags/data_ingestion.py
[2025-10-29T18:09:21.003+0000] {processor.py:840} INFO - DAG(s) 'police_data_ingestion' retrieved from /opt/airflow/dags/data_ingestion.py
[2025-10-29T18:09:21.037+0000] {logging_mixin.py:188} INFO - [2025-10-29T18:09:21.037+0000] {dag.py:3096} INFO - Sync 1 DAGs
[2025-10-29T18:09:21.061+0000] {logging_mixin.py:188} INFO - [2025-10-29T18:09:21.061+0000] {dag.py:3954} INFO - Setting next_dagrun for police_data_ingestion to 2025-11-01 00:00:00+00:00, run_after=2025-12-01 00:00:00+00:00
[2025-10-29T18:09:21.086+0000] {processor.py:183} INFO - Processing /opt/airflow/dags/data_ingestion.py took 0.679 seconds
[2025-10-29T18:09:51.575+0000] {processor.py:161} INFO - Started process (PID=4199) to work on /opt/airflow/dags/data_ingestion.py
[2025-10-29T18:09:51.577+0000] {processor.py:830} INFO - Processing file /opt/airflow/dags/data_ingestion.py for tasks to queue
[2025-10-29T18:09:51.579+0000] {logging_mixin.py:188} INFO - [2025-10-29T18:09:51.579+0000] {dagbag.py:545} INFO - Filling up the DagBag from /opt/airflow/dags/data_ingestion.py
[2025-10-29T18:09:52.176+0000] {processor.py:840} INFO - DAG(s) 'police_data_ingestion' retrieved from /opt/airflow/dags/data_ingestion.py
[2025-10-29T18:09:52.212+0000] {logging_mixin.py:188} INFO - [2025-10-29T18:09:52.211+0000] {dag.py:3096} INFO - Sync 1 DAGs
[2025-10-29T18:09:52.234+0000] {logging_mixin.py:188} INFO - [2025-10-29T18:09:52.233+0000] {dag.py:3954} INFO - Setting next_dagrun for police_data_ingestion to 2025-11-01 00:00:00+00:00, run_after=2025-12-01 00:00:00+00:00
[2025-10-29T18:09:52.255+0000] {processor.py:183} INFO - Processing /opt/airflow/dags/data_ingestion.py took 0.688 seconds
[2025-10-29T18:10:22.820+0000] {processor.py:161} INFO - Started process (PID=4211) to work on /opt/airflow/dags/data_ingestion.py
[2025-10-29T18:10:22.821+0000] {processor.py:830} INFO - Processing file /opt/airflow/dags/data_ingestion.py for tasks to queue
[2025-10-29T18:10:22.824+0000] {logging_mixin.py:188} INFO - [2025-10-29T18:10:22.824+0000] {dagbag.py:545} INFO - Filling up the DagBag from /opt/airflow/dags/data_ingestion.py
[2025-10-29T18:10:23.426+0000] {processor.py:840} INFO - DAG(s) 'police_data_ingestion' retrieved from /opt/airflow/dags/data_ingestion.py
[2025-10-29T18:10:23.459+0000] {logging_mixin.py:188} INFO - [2025-10-29T18:10:23.459+0000] {dag.py:3096} INFO - Sync 1 DAGs
[2025-10-29T18:10:23.482+0000] {logging_mixin.py:188} INFO - [2025-10-29T18:10:23.481+0000] {dag.py:3954} INFO - Setting next_dagrun for police_data_ingestion to 2025-11-01 00:00:00+00:00, run_after=2025-12-01 00:00:00+00:00
[2025-10-29T18:10:23.505+0000] {processor.py:183} INFO - Processing /opt/airflow/dags/data_ingestion.py took 0.693 seconds
[2025-10-29T18:10:53.977+0000] {processor.py:161} INFO - Started process (PID=4223) to work on /opt/airflow/dags/data_ingestion.py
[2025-10-29T18:10:53.978+0000] {processor.py:830} INFO - Processing file /opt/airflow/dags/data_ingestion.py for tasks to queue
[2025-10-29T18:10:53.981+0000] {logging_mixin.py:188} INFO - [2025-10-29T18:10:53.981+0000] {dagbag.py:545} INFO - Filling up the DagBag from /opt/airflow/dags/data_ingestion.py
[2025-10-29T18:10:54.570+0000] {processor.py:840} INFO - DAG(s) 'police_data_ingestion' retrieved from /opt/airflow/dags/data_ingestion.py
[2025-10-29T18:10:54.603+0000] {logging_mixin.py:188} INFO - [2025-10-29T18:10:54.602+0000] {dag.py:3096} INFO - Sync 1 DAGs
[2025-10-29T18:10:54.624+0000] {logging_mixin.py:188} INFO - [2025-10-29T18:10:54.624+0000] {dag.py:3954} INFO - Setting next_dagrun for police_data_ingestion to 2025-11-01 00:00:00+00:00, run_after=2025-12-01 00:00:00+00:00
[2025-10-29T18:10:54.646+0000] {processor.py:183} INFO - Processing /opt/airflow/dags/data_ingestion.py took 0.678 seconds
[2025-10-29T18:11:25.240+0000] {processor.py:161} INFO - Started process (PID=4235) to work on /opt/airflow/dags/data_ingestion.py
[2025-10-29T18:11:25.242+0000] {processor.py:830} INFO - Processing file /opt/airflow/dags/data_ingestion.py for tasks to queue
[2025-10-29T18:11:25.244+0000] {logging_mixin.py:188} INFO - [2025-10-29T18:11:25.244+0000] {dagbag.py:545} INFO - Filling up the DagBag from /opt/airflow/dags/data_ingestion.py
[2025-10-29T18:11:25.844+0000] {processor.py:840} INFO - DAG(s) 'police_data_ingestion' retrieved from /opt/airflow/dags/data_ingestion.py
[2025-10-29T18:11:25.881+0000] {logging_mixin.py:188} INFO - [2025-10-29T18:11:25.881+0000] {dag.py:3096} INFO - Sync 1 DAGs
[2025-10-29T18:11:25.906+0000] {logging_mixin.py:188} INFO - [2025-10-29T18:11:25.906+0000] {dag.py:3954} INFO - Setting next_dagrun for police_data_ingestion to 2025-11-01 00:00:00+00:00, run_after=2025-12-01 00:00:00+00:00
[2025-10-29T18:11:25.928+0000] {processor.py:183} INFO - Processing /opt/airflow/dags/data_ingestion.py took 0.700 seconds
[2025-10-29T18:11:56.478+0000] {processor.py:161} INFO - Started process (PID=4247) to work on /opt/airflow/dags/data_ingestion.py
[2025-10-29T18:11:56.480+0000] {processor.py:830} INFO - Processing file /opt/airflow/dags/data_ingestion.py for tasks to queue
[2025-10-29T18:11:56.483+0000] {logging_mixin.py:188} INFO - [2025-10-29T18:11:56.483+0000] {dagbag.py:545} INFO - Filling up the DagBag from /opt/airflow/dags/data_ingestion.py
[2025-10-29T18:11:57.118+0000] {processor.py:840} INFO - DAG(s) 'police_data_ingestion' retrieved from /opt/airflow/dags/data_ingestion.py
[2025-10-29T18:11:57.153+0000] {logging_mixin.py:188} INFO - [2025-10-29T18:11:57.153+0000] {dag.py:3096} INFO - Sync 1 DAGs
[2025-10-29T18:11:57.176+0000] {logging_mixin.py:188} INFO - [2025-10-29T18:11:57.176+0000] {dag.py:3954} INFO - Setting next_dagrun for police_data_ingestion to 2025-11-01 00:00:00+00:00, run_after=2025-12-01 00:00:00+00:00
[2025-10-29T18:11:57.200+0000] {processor.py:183} INFO - Processing /opt/airflow/dags/data_ingestion.py took 0.732 seconds
[2025-10-29T18:12:27.842+0000] {processor.py:161} INFO - Started process (PID=4259) to work on /opt/airflow/dags/data_ingestion.py
[2025-10-29T18:12:27.844+0000] {processor.py:830} INFO - Processing file /opt/airflow/dags/data_ingestion.py for tasks to queue
[2025-10-29T18:12:27.848+0000] {logging_mixin.py:188} INFO - [2025-10-29T18:12:27.847+0000] {dagbag.py:545} INFO - Filling up the DagBag from /opt/airflow/dags/data_ingestion.py
[2025-10-29T18:12:28.478+0000] {processor.py:840} INFO - DAG(s) 'police_data_ingestion' retrieved from /opt/airflow/dags/data_ingestion.py
[2025-10-29T18:12:28.510+0000] {logging_mixin.py:188} INFO - [2025-10-29T18:12:28.509+0000] {dag.py:3096} INFO - Sync 1 DAGs
[2025-10-29T18:12:28.532+0000] {logging_mixin.py:188} INFO - [2025-10-29T18:12:28.531+0000] {dag.py:3954} INFO - Setting next_dagrun for police_data_ingestion to 2025-11-01 00:00:00+00:00, run_after=2025-12-01 00:00:00+00:00
[2025-10-29T18:12:28.554+0000] {processor.py:183} INFO - Processing /opt/airflow/dags/data_ingestion.py took 0.725 seconds
[2025-10-29T18:12:59.071+0000] {processor.py:161} INFO - Started process (PID=4271) to work on /opt/airflow/dags/data_ingestion.py
[2025-10-29T18:12:59.072+0000] {processor.py:830} INFO - Processing file /opt/airflow/dags/data_ingestion.py for tasks to queue
[2025-10-29T18:12:59.075+0000] {logging_mixin.py:188} INFO - [2025-10-29T18:12:59.074+0000] {dagbag.py:545} INFO - Filling up the DagBag from /opt/airflow/dags/data_ingestion.py
[2025-10-29T18:12:59.654+0000] {processor.py:840} INFO - DAG(s) 'police_data_ingestion' retrieved from /opt/airflow/dags/data_ingestion.py
[2025-10-29T18:12:59.686+0000] {logging_mixin.py:188} INFO - [2025-10-29T18:12:59.685+0000] {dag.py:3096} INFO - Sync 1 DAGs
[2025-10-29T18:12:59.710+0000] {logging_mixin.py:188} INFO - [2025-10-29T18:12:59.710+0000] {dag.py:3954} INFO - Setting next_dagrun for police_data_ingestion to 2025-11-01 00:00:00+00:00, run_after=2025-12-01 00:00:00+00:00
[2025-10-29T18:12:59.734+0000] {processor.py:183} INFO - Processing /opt/airflow/dags/data_ingestion.py took 0.671 seconds
[2025-10-29T18:13:30.283+0000] {processor.py:161} INFO - Started process (PID=4283) to work on /opt/airflow/dags/data_ingestion.py
[2025-10-29T18:13:30.284+0000] {processor.py:830} INFO - Processing file /opt/airflow/dags/data_ingestion.py for tasks to queue
[2025-10-29T18:13:30.286+0000] {logging_mixin.py:188} INFO - [2025-10-29T18:13:30.286+0000] {dagbag.py:545} INFO - Filling up the DagBag from /opt/airflow/dags/data_ingestion.py
[2025-10-29T18:13:30.873+0000] {processor.py:840} INFO - DAG(s) 'police_data_ingestion' retrieved from /opt/airflow/dags/data_ingestion.py
[2025-10-29T18:13:30.908+0000] {logging_mixin.py:188} INFO - [2025-10-29T18:13:30.907+0000] {dag.py:3096} INFO - Sync 1 DAGs
[2025-10-29T18:13:30.931+0000] {logging_mixin.py:188} INFO - [2025-10-29T18:13:30.931+0000] {dag.py:3954} INFO - Setting next_dagrun for police_data_ingestion to 2025-11-01 00:00:00+00:00, run_after=2025-12-01 00:00:00+00:00
[2025-10-29T18:13:30.955+0000] {processor.py:183} INFO - Processing /opt/airflow/dags/data_ingestion.py took 0.682 seconds
[2025-10-29T18:14:01.463+0000] {processor.py:161} INFO - Started process (PID=4295) to work on /opt/airflow/dags/data_ingestion.py
[2025-10-29T18:14:01.465+0000] {processor.py:830} INFO - Processing file /opt/airflow/dags/data_ingestion.py for tasks to queue
[2025-10-29T18:14:01.467+0000] {logging_mixin.py:188} INFO - [2025-10-29T18:14:01.467+0000] {dagbag.py:545} INFO - Filling up the DagBag from /opt/airflow/dags/data_ingestion.py
[2025-10-29T18:14:02.060+0000] {processor.py:840} INFO - DAG(s) 'police_data_ingestion' retrieved from /opt/airflow/dags/data_ingestion.py
[2025-10-29T18:14:02.092+0000] {logging_mixin.py:188} INFO - [2025-10-29T18:14:02.092+0000] {dag.py:3096} INFO - Sync 1 DAGs
[2025-10-29T18:14:02.115+0000] {logging_mixin.py:188} INFO - [2025-10-29T18:14:02.115+0000] {dag.py:3954} INFO - Setting next_dagrun for police_data_ingestion to 2025-11-01 00:00:00+00:00, run_after=2025-12-01 00:00:00+00:00
[2025-10-29T18:14:02.140+0000] {processor.py:183} INFO - Processing /opt/airflow/dags/data_ingestion.py took 0.684 seconds
[2025-10-29T18:14:32.723+0000] {processor.py:161} INFO - Started process (PID=4307) to work on /opt/airflow/dags/data_ingestion.py
[2025-10-29T18:14:32.724+0000] {processor.py:830} INFO - Processing file /opt/airflow/dags/data_ingestion.py for tasks to queue
[2025-10-29T18:14:32.727+0000] {logging_mixin.py:188} INFO - [2025-10-29T18:14:32.726+0000] {dagbag.py:545} INFO - Filling up the DagBag from /opt/airflow/dags/data_ingestion.py
[2025-10-29T18:14:33.333+0000] {processor.py:840} INFO - DAG(s) 'police_data_ingestion' retrieved from /opt/airflow/dags/data_ingestion.py
[2025-10-29T18:14:33.368+0000] {logging_mixin.py:188} INFO - [2025-10-29T18:14:33.368+0000] {dag.py:3096} INFO - Sync 1 DAGs
[2025-10-29T18:14:33.392+0000] {logging_mixin.py:188} INFO - [2025-10-29T18:14:33.391+0000] {dag.py:3954} INFO - Setting next_dagrun for police_data_ingestion to 2025-11-01 00:00:00+00:00, run_after=2025-12-01 00:00:00+00:00
[2025-10-29T18:14:33.415+0000] {processor.py:183} INFO - Processing /opt/airflow/dags/data_ingestion.py took 0.701 seconds
[2025-10-29T18:15:03.864+0000] {processor.py:161} INFO - Started process (PID=4319) to work on /opt/airflow/dags/data_ingestion.py
[2025-10-29T18:15:03.865+0000] {processor.py:830} INFO - Processing file /opt/airflow/dags/data_ingestion.py for tasks to queue
[2025-10-29T18:15:03.868+0000] {logging_mixin.py:188} INFO - [2025-10-29T18:15:03.867+0000] {dagbag.py:545} INFO - Filling up the DagBag from /opt/airflow/dags/data_ingestion.py
[2025-10-29T18:15:04.496+0000] {processor.py:840} INFO - DAG(s) 'police_data_ingestion' retrieved from /opt/airflow/dags/data_ingestion.py
[2025-10-29T18:15:04.529+0000] {logging_mixin.py:188} INFO - [2025-10-29T18:15:04.529+0000] {dag.py:3096} INFO - Sync 1 DAGs
[2025-10-29T18:15:04.553+0000] {logging_mixin.py:188} INFO - [2025-10-29T18:15:04.552+0000] {dag.py:3954} INFO - Setting next_dagrun for police_data_ingestion to 2025-11-01 00:00:00+00:00, run_after=2025-12-01 00:00:00+00:00
[2025-10-29T18:15:04.577+0000] {processor.py:183} INFO - Processing /opt/airflow/dags/data_ingestion.py took 0.721 seconds
[2025-10-29T18:15:35.107+0000] {processor.py:161} INFO - Started process (PID=4331) to work on /opt/airflow/dags/data_ingestion.py
[2025-10-29T18:15:35.109+0000] {processor.py:830} INFO - Processing file /opt/airflow/dags/data_ingestion.py for tasks to queue
[2025-10-29T18:15:35.112+0000] {logging_mixin.py:188} INFO - [2025-10-29T18:15:35.111+0000] {dagbag.py:545} INFO - Filling up the DagBag from /opt/airflow/dags/data_ingestion.py
[2025-10-29T18:15:35.719+0000] {processor.py:840} INFO - DAG(s) 'police_data_ingestion' retrieved from /opt/airflow/dags/data_ingestion.py
[2025-10-29T18:15:35.751+0000] {logging_mixin.py:188} INFO - [2025-10-29T18:15:35.750+0000] {dag.py:3096} INFO - Sync 1 DAGs
[2025-10-29T18:15:35.774+0000] {logging_mixin.py:188} INFO - [2025-10-29T18:15:35.774+0000] {dag.py:3954} INFO - Setting next_dagrun for police_data_ingestion to 2025-11-01 00:00:00+00:00, run_after=2025-12-01 00:00:00+00:00
[2025-10-29T18:15:35.799+0000] {processor.py:183} INFO - Processing /opt/airflow/dags/data_ingestion.py took 0.700 seconds
[2025-10-29T18:16:06.345+0000] {processor.py:161} INFO - Started process (PID=4343) to work on /opt/airflow/dags/data_ingestion.py
[2025-10-29T18:16:06.346+0000] {processor.py:830} INFO - Processing file /opt/airflow/dags/data_ingestion.py for tasks to queue
[2025-10-29T18:16:06.349+0000] {logging_mixin.py:188} INFO - [2025-10-29T18:16:06.348+0000] {dagbag.py:545} INFO - Filling up the DagBag from /opt/airflow/dags/data_ingestion.py
[2025-10-29T18:16:06.949+0000] {processor.py:840} INFO - DAG(s) 'police_data_ingestion' retrieved from /opt/airflow/dags/data_ingestion.py
[2025-10-29T18:16:06.983+0000] {logging_mixin.py:188} INFO - [2025-10-29T18:16:06.983+0000] {dag.py:3096} INFO - Sync 1 DAGs
[2025-10-29T18:16:07.009+0000] {logging_mixin.py:188} INFO - [2025-10-29T18:16:07.009+0000] {dag.py:3954} INFO - Setting next_dagrun for police_data_ingestion to 2025-11-01 00:00:00+00:00, run_after=2025-12-01 00:00:00+00:00
[2025-10-29T18:16:07.033+0000] {processor.py:183} INFO - Processing /opt/airflow/dags/data_ingestion.py took 0.696 seconds
[2025-10-29T18:16:37.690+0000] {processor.py:161} INFO - Started process (PID=4355) to work on /opt/airflow/dags/data_ingestion.py
[2025-10-29T18:16:37.691+0000] {processor.py:830} INFO - Processing file /opt/airflow/dags/data_ingestion.py for tasks to queue
[2025-10-29T18:16:37.694+0000] {logging_mixin.py:188} INFO - [2025-10-29T18:16:37.693+0000] {dagbag.py:545} INFO - Filling up the DagBag from /opt/airflow/dags/data_ingestion.py
[2025-10-29T18:16:38.308+0000] {processor.py:840} INFO - DAG(s) 'police_data_ingestion' retrieved from /opt/airflow/dags/data_ingestion.py
[2025-10-29T18:16:38.348+0000] {logging_mixin.py:188} INFO - [2025-10-29T18:16:38.347+0000] {dag.py:3096} INFO - Sync 1 DAGs
[2025-10-29T18:16:38.373+0000] {logging_mixin.py:188} INFO - [2025-10-29T18:16:38.372+0000] {dag.py:3954} INFO - Setting next_dagrun for police_data_ingestion to 2025-11-01 00:00:00+00:00, run_after=2025-12-01 00:00:00+00:00
[2025-10-29T18:16:38.401+0000] {processor.py:183} INFO - Processing /opt/airflow/dags/data_ingestion.py took 0.719 seconds
[2025-10-29T18:17:08.936+0000] {processor.py:161} INFO - Started process (PID=4367) to work on /opt/airflow/dags/data_ingestion.py
[2025-10-29T18:17:08.938+0000] {processor.py:830} INFO - Processing file /opt/airflow/dags/data_ingestion.py for tasks to queue
[2025-10-29T18:17:08.940+0000] {logging_mixin.py:188} INFO - [2025-10-29T18:17:08.940+0000] {dagbag.py:545} INFO - Filling up the DagBag from /opt/airflow/dags/data_ingestion.py
[2025-10-29T18:17:09.522+0000] {processor.py:840} INFO - DAG(s) 'police_data_ingestion' retrieved from /opt/airflow/dags/data_ingestion.py
[2025-10-29T18:17:09.554+0000] {logging_mixin.py:188} INFO - [2025-10-29T18:17:09.554+0000] {dag.py:3096} INFO - Sync 1 DAGs
[2025-10-29T18:17:09.577+0000] {logging_mixin.py:188} INFO - [2025-10-29T18:17:09.576+0000] {dag.py:3954} INFO - Setting next_dagrun for police_data_ingestion to 2025-11-01 00:00:00+00:00, run_after=2025-12-01 00:00:00+00:00
[2025-10-29T18:17:09.600+0000] {processor.py:183} INFO - Processing /opt/airflow/dags/data_ingestion.py took 0.672 seconds
[2025-10-29T18:17:40.147+0000] {processor.py:161} INFO - Started process (PID=4379) to work on /opt/airflow/dags/data_ingestion.py
[2025-10-29T18:17:40.148+0000] {processor.py:830} INFO - Processing file /opt/airflow/dags/data_ingestion.py for tasks to queue
[2025-10-29T18:17:40.152+0000] {logging_mixin.py:188} INFO - [2025-10-29T18:17:40.151+0000] {dagbag.py:545} INFO - Filling up the DagBag from /opt/airflow/dags/data_ingestion.py
[2025-10-29T18:17:40.753+0000] {processor.py:840} INFO - DAG(s) 'police_data_ingestion' retrieved from /opt/airflow/dags/data_ingestion.py
[2025-10-29T18:17:40.785+0000] {logging_mixin.py:188} INFO - [2025-10-29T18:17:40.785+0000] {dag.py:3096} INFO - Sync 1 DAGs
[2025-10-29T18:17:40.808+0000] {logging_mixin.py:188} INFO - [2025-10-29T18:17:40.807+0000] {dag.py:3954} INFO - Setting next_dagrun for police_data_ingestion to 2025-11-01 00:00:00+00:00, run_after=2025-12-01 00:00:00+00:00
[2025-10-29T18:17:40.831+0000] {processor.py:183} INFO - Processing /opt/airflow/dags/data_ingestion.py took 0.693 seconds
[2025-10-29T18:18:11.389+0000] {processor.py:161} INFO - Started process (PID=4391) to work on /opt/airflow/dags/data_ingestion.py
[2025-10-29T18:18:11.391+0000] {processor.py:830} INFO - Processing file /opt/airflow/dags/data_ingestion.py for tasks to queue
[2025-10-29T18:18:11.394+0000] {logging_mixin.py:188} INFO - [2025-10-29T18:18:11.393+0000] {dagbag.py:545} INFO - Filling up the DagBag from /opt/airflow/dags/data_ingestion.py
[2025-10-29T18:18:11.966+0000] {processor.py:840} INFO - DAG(s) 'police_data_ingestion' retrieved from /opt/airflow/dags/data_ingestion.py
[2025-10-29T18:18:12.001+0000] {logging_mixin.py:188} INFO - [2025-10-29T18:18:12.000+0000] {dag.py:3096} INFO - Sync 1 DAGs
[2025-10-29T18:18:12.026+0000] {logging_mixin.py:188} INFO - [2025-10-29T18:18:12.026+0000] {dag.py:3954} INFO - Setting next_dagrun for police_data_ingestion to 2025-11-01 00:00:00+00:00, run_after=2025-12-01 00:00:00+00:00
[2025-10-29T18:18:12.053+0000] {processor.py:183} INFO - Processing /opt/airflow/dags/data_ingestion.py took 0.672 seconds
[2025-10-29T18:18:42.530+0000] {processor.py:161} INFO - Started process (PID=4403) to work on /opt/airflow/dags/data_ingestion.py
[2025-10-29T18:18:42.531+0000] {processor.py:830} INFO - Processing file /opt/airflow/dags/data_ingestion.py for tasks to queue
[2025-10-29T18:18:42.534+0000] {logging_mixin.py:188} INFO - [2025-10-29T18:18:42.533+0000] {dagbag.py:545} INFO - Filling up the DagBag from /opt/airflow/dags/data_ingestion.py
[2025-10-29T18:18:43.127+0000] {processor.py:840} INFO - DAG(s) 'police_data_ingestion' retrieved from /opt/airflow/dags/data_ingestion.py
[2025-10-29T18:18:43.159+0000] {logging_mixin.py:188} INFO - [2025-10-29T18:18:43.158+0000] {dag.py:3096} INFO - Sync 1 DAGs
[2025-10-29T18:18:43.181+0000] {logging_mixin.py:188} INFO - [2025-10-29T18:18:43.181+0000] {dag.py:3954} INFO - Setting next_dagrun for police_data_ingestion to 2025-11-01 00:00:00+00:00, run_after=2025-12-01 00:00:00+00:00
[2025-10-29T18:18:43.204+0000] {processor.py:183} INFO - Processing /opt/airflow/dags/data_ingestion.py took 0.682 seconds
[2025-10-29T18:19:13.796+0000] {processor.py:161} INFO - Started process (PID=4415) to work on /opt/airflow/dags/data_ingestion.py
[2025-10-29T18:19:13.797+0000] {processor.py:830} INFO - Processing file /opt/airflow/dags/data_ingestion.py for tasks to queue
[2025-10-29T18:19:13.799+0000] {logging_mixin.py:188} INFO - [2025-10-29T18:19:13.799+0000] {dagbag.py:545} INFO - Filling up the DagBag from /opt/airflow/dags/data_ingestion.py
[2025-10-29T18:19:14.441+0000] {processor.py:840} INFO - DAG(s) 'police_data_ingestion' retrieved from /opt/airflow/dags/data_ingestion.py
[2025-10-29T18:19:14.473+0000] {logging_mixin.py:188} INFO - [2025-10-29T18:19:14.473+0000] {dag.py:3096} INFO - Sync 1 DAGs
[2025-10-29T18:19:14.496+0000] {logging_mixin.py:188} INFO - [2025-10-29T18:19:14.496+0000] {dag.py:3954} INFO - Setting next_dagrun for police_data_ingestion to 2025-11-01 00:00:00+00:00, run_after=2025-12-01 00:00:00+00:00
[2025-10-29T18:19:14.519+0000] {processor.py:183} INFO - Processing /opt/airflow/dags/data_ingestion.py took 0.731 seconds
[2025-10-29T18:19:45.078+0000] {processor.py:161} INFO - Started process (PID=4427) to work on /opt/airflow/dags/data_ingestion.py
[2025-10-29T18:19:45.080+0000] {processor.py:830} INFO - Processing file /opt/airflow/dags/data_ingestion.py for tasks to queue
[2025-10-29T18:19:45.082+0000] {logging_mixin.py:188} INFO - [2025-10-29T18:19:45.082+0000] {dagbag.py:545} INFO - Filling up the DagBag from /opt/airflow/dags/data_ingestion.py
[2025-10-29T18:19:45.677+0000] {processor.py:840} INFO - DAG(s) 'police_data_ingestion' retrieved from /opt/airflow/dags/data_ingestion.py
[2025-10-29T18:19:45.709+0000] {logging_mixin.py:188} INFO - [2025-10-29T18:19:45.709+0000] {dag.py:3096} INFO - Sync 1 DAGs
[2025-10-29T18:19:45.731+0000] {logging_mixin.py:188} INFO - [2025-10-29T18:19:45.731+0000] {dag.py:3954} INFO - Setting next_dagrun for police_data_ingestion to 2025-11-01 00:00:00+00:00, run_after=2025-12-01 00:00:00+00:00
[2025-10-29T18:19:45.755+0000] {processor.py:183} INFO - Processing /opt/airflow/dags/data_ingestion.py took 0.685 seconds
[2025-10-29T18:20:16.273+0000] {processor.py:161} INFO - Started process (PID=4439) to work on /opt/airflow/dags/data_ingestion.py
[2025-10-29T18:20:16.274+0000] {processor.py:830} INFO - Processing file /opt/airflow/dags/data_ingestion.py for tasks to queue
[2025-10-29T18:20:16.276+0000] {logging_mixin.py:188} INFO - [2025-10-29T18:20:16.276+0000] {dagbag.py:545} INFO - Filling up the DagBag from /opt/airflow/dags/data_ingestion.py
[2025-10-29T18:20:16.926+0000] {processor.py:840} INFO - DAG(s) 'police_data_ingestion' retrieved from /opt/airflow/dags/data_ingestion.py
[2025-10-29T18:20:16.961+0000] {logging_mixin.py:188} INFO - [2025-10-29T18:20:16.960+0000] {dag.py:3096} INFO - Sync 1 DAGs
[2025-10-29T18:20:16.991+0000] {logging_mixin.py:188} INFO - [2025-10-29T18:20:16.991+0000] {dag.py:3954} INFO - Setting next_dagrun for police_data_ingestion to 2025-11-01 00:00:00+00:00, run_after=2025-12-01 00:00:00+00:00
[2025-10-29T18:20:17.017+0000] {processor.py:183} INFO - Processing /opt/airflow/dags/data_ingestion.py took 0.753 seconds
[2025-10-29T18:20:47.564+0000] {processor.py:161} INFO - Started process (PID=4451) to work on /opt/airflow/dags/data_ingestion.py
[2025-10-29T18:20:47.566+0000] {processor.py:830} INFO - Processing file /opt/airflow/dags/data_ingestion.py for tasks to queue
[2025-10-29T18:20:47.568+0000] {logging_mixin.py:188} INFO - [2025-10-29T18:20:47.568+0000] {dagbag.py:545} INFO - Filling up the DagBag from /opt/airflow/dags/data_ingestion.py
[2025-10-29T18:20:48.265+0000] {processor.py:840} INFO - DAG(s) 'police_data_ingestion' retrieved from /opt/airflow/dags/data_ingestion.py
[2025-10-29T18:20:48.300+0000] {logging_mixin.py:188} INFO - [2025-10-29T18:20:48.299+0000] {dag.py:3096} INFO - Sync 1 DAGs
[2025-10-29T18:20:48.327+0000] {logging_mixin.py:188} INFO - [2025-10-29T18:20:48.327+0000] {dag.py:3954} INFO - Setting next_dagrun for police_data_ingestion to 2025-11-01 00:00:00+00:00, run_after=2025-12-01 00:00:00+00:00
[2025-10-29T18:20:48.358+0000] {processor.py:183} INFO - Processing /opt/airflow/dags/data_ingestion.py took 0.805 seconds
[2025-10-29T18:21:18.952+0000] {processor.py:161} INFO - Started process (PID=4463) to work on /opt/airflow/dags/data_ingestion.py
[2025-10-29T18:21:18.954+0000] {processor.py:830} INFO - Processing file /opt/airflow/dags/data_ingestion.py for tasks to queue
[2025-10-29T18:21:18.957+0000] {logging_mixin.py:188} INFO - [2025-10-29T18:21:18.957+0000] {dagbag.py:545} INFO - Filling up the DagBag from /opt/airflow/dags/data_ingestion.py
[2025-10-29T18:21:19.547+0000] {processor.py:840} INFO - DAG(s) 'police_data_ingestion' retrieved from /opt/airflow/dags/data_ingestion.py
[2025-10-29T18:21:19.582+0000] {logging_mixin.py:188} INFO - [2025-10-29T18:21:19.582+0000] {dag.py:3096} INFO - Sync 1 DAGs
[2025-10-29T18:21:19.606+0000] {logging_mixin.py:188} INFO - [2025-10-29T18:21:19.606+0000] {dag.py:3954} INFO - Setting next_dagrun for police_data_ingestion to 2025-11-01 00:00:00+00:00, run_after=2025-12-01 00:00:00+00:00
[2025-10-29T18:21:19.630+0000] {processor.py:183} INFO - Processing /opt/airflow/dags/data_ingestion.py took 0.686 seconds
[2025-10-29T18:21:50.112+0000] {processor.py:161} INFO - Started process (PID=4475) to work on /opt/airflow/dags/data_ingestion.py
[2025-10-29T18:21:50.113+0000] {processor.py:830} INFO - Processing file /opt/airflow/dags/data_ingestion.py for tasks to queue
[2025-10-29T18:21:50.116+0000] {logging_mixin.py:188} INFO - [2025-10-29T18:21:50.116+0000] {dagbag.py:545} INFO - Filling up the DagBag from /opt/airflow/dags/data_ingestion.py
[2025-10-29T18:21:50.780+0000] {processor.py:840} INFO - DAG(s) 'police_data_ingestion' retrieved from /opt/airflow/dags/data_ingestion.py
[2025-10-29T18:21:50.813+0000] {logging_mixin.py:188} INFO - [2025-10-29T18:21:50.812+0000] {dag.py:3096} INFO - Sync 1 DAGs
[2025-10-29T18:21:50.835+0000] {logging_mixin.py:188} INFO - [2025-10-29T18:21:50.835+0000] {dag.py:3954} INFO - Setting next_dagrun for police_data_ingestion to 2025-11-01 00:00:00+00:00, run_after=2025-12-01 00:00:00+00:00
[2025-10-29T18:21:50.858+0000] {processor.py:183} INFO - Processing /opt/airflow/dags/data_ingestion.py took 0.755 seconds
[2025-10-29T18:22:21.425+0000] {processor.py:161} INFO - Started process (PID=4487) to work on /opt/airflow/dags/data_ingestion.py
[2025-10-29T18:22:21.426+0000] {processor.py:830} INFO - Processing file /opt/airflow/dags/data_ingestion.py for tasks to queue
[2025-10-29T18:22:21.429+0000] {logging_mixin.py:188} INFO - [2025-10-29T18:22:21.429+0000] {dagbag.py:545} INFO - Filling up the DagBag from /opt/airflow/dags/data_ingestion.py
[2025-10-29T18:22:22.052+0000] {processor.py:840} INFO - DAG(s) 'police_data_ingestion' retrieved from /opt/airflow/dags/data_ingestion.py
[2025-10-29T18:22:22.083+0000] {logging_mixin.py:188} INFO - [2025-10-29T18:22:22.082+0000] {dag.py:3096} INFO - Sync 1 DAGs
[2025-10-29T18:22:22.106+0000] {logging_mixin.py:188} INFO - [2025-10-29T18:22:22.106+0000] {dag.py:3954} INFO - Setting next_dagrun for police_data_ingestion to 2025-11-01 00:00:00+00:00, run_after=2025-12-01 00:00:00+00:00
[2025-10-29T18:22:22.130+0000] {processor.py:183} INFO - Processing /opt/airflow/dags/data_ingestion.py took 0.713 seconds
[2025-10-29T18:22:52.574+0000] {processor.py:161} INFO - Started process (PID=4499) to work on /opt/airflow/dags/data_ingestion.py
[2025-10-29T18:22:52.576+0000] {processor.py:830} INFO - Processing file /opt/airflow/dags/data_ingestion.py for tasks to queue
[2025-10-29T18:22:52.580+0000] {logging_mixin.py:188} INFO - [2025-10-29T18:22:52.579+0000] {dagbag.py:545} INFO - Filling up the DagBag from /opt/airflow/dags/data_ingestion.py
[2025-10-29T18:22:53.161+0000] {processor.py:840} INFO - DAG(s) 'police_data_ingestion' retrieved from /opt/airflow/dags/data_ingestion.py
[2025-10-29T18:22:53.192+0000] {logging_mixin.py:188} INFO - [2025-10-29T18:22:53.191+0000] {dag.py:3096} INFO - Sync 1 DAGs
[2025-10-29T18:22:53.218+0000] {logging_mixin.py:188} INFO - [2025-10-29T18:22:53.218+0000] {dag.py:3954} INFO - Setting next_dagrun for police_data_ingestion to 2025-11-01 00:00:00+00:00, run_after=2025-12-01 00:00:00+00:00
[2025-10-29T18:22:53.244+0000] {processor.py:183} INFO - Processing /opt/airflow/dags/data_ingestion.py took 0.678 seconds
[2025-10-29T18:23:23.867+0000] {processor.py:161} INFO - Started process (PID=4511) to work on /opt/airflow/dags/data_ingestion.py
[2025-10-29T18:23:23.869+0000] {processor.py:830} INFO - Processing file /opt/airflow/dags/data_ingestion.py for tasks to queue
[2025-10-29T18:23:23.871+0000] {logging_mixin.py:188} INFO - [2025-10-29T18:23:23.871+0000] {dagbag.py:545} INFO - Filling up the DagBag from /opt/airflow/dags/data_ingestion.py
[2025-10-29T18:23:24.495+0000] {processor.py:840} INFO - DAG(s) 'police_data_ingestion' retrieved from /opt/airflow/dags/data_ingestion.py
[2025-10-29T18:23:24.528+0000] {logging_mixin.py:188} INFO - [2025-10-29T18:23:24.527+0000] {dag.py:3096} INFO - Sync 1 DAGs
[2025-10-29T18:23:24.550+0000] {logging_mixin.py:188} INFO - [2025-10-29T18:23:24.550+0000] {dag.py:3954} INFO - Setting next_dagrun for police_data_ingestion to 2025-11-01 00:00:00+00:00, run_after=2025-12-01 00:00:00+00:00
[2025-10-29T18:23:24.572+0000] {processor.py:183} INFO - Processing /opt/airflow/dags/data_ingestion.py took 0.714 seconds
[2025-10-29T18:23:55.159+0000] {processor.py:161} INFO - Started process (PID=4523) to work on /opt/airflow/dags/data_ingestion.py
[2025-10-29T18:23:55.161+0000] {processor.py:830} INFO - Processing file /opt/airflow/dags/data_ingestion.py for tasks to queue
[2025-10-29T18:23:55.163+0000] {logging_mixin.py:188} INFO - [2025-10-29T18:23:55.163+0000] {dagbag.py:545} INFO - Filling up the DagBag from /opt/airflow/dags/data_ingestion.py
[2025-10-29T18:23:55.757+0000] {processor.py:840} INFO - DAG(s) 'police_data_ingestion' retrieved from /opt/airflow/dags/data_ingestion.py
[2025-10-29T18:23:55.789+0000] {logging_mixin.py:188} INFO - [2025-10-29T18:23:55.788+0000] {dag.py:3096} INFO - Sync 1 DAGs
[2025-10-29T18:23:55.810+0000] {logging_mixin.py:188} INFO - [2025-10-29T18:23:55.810+0000] {dag.py:3954} INFO - Setting next_dagrun for police_data_ingestion to 2025-11-01 00:00:00+00:00, run_after=2025-12-01 00:00:00+00:00
[2025-10-29T18:23:55.834+0000] {processor.py:183} INFO - Processing /opt/airflow/dags/data_ingestion.py took 0.686 seconds
[2025-10-29T18:24:26.409+0000] {processor.py:161} INFO - Started process (PID=4535) to work on /opt/airflow/dags/data_ingestion.py
[2025-10-29T18:24:26.411+0000] {processor.py:830} INFO - Processing file /opt/airflow/dags/data_ingestion.py for tasks to queue
[2025-10-29T18:24:26.413+0000] {logging_mixin.py:188} INFO - [2025-10-29T18:24:26.413+0000] {dagbag.py:545} INFO - Filling up the DagBag from /opt/airflow/dags/data_ingestion.py
[2025-10-29T18:24:27.017+0000] {processor.py:840} INFO - DAG(s) 'police_data_ingestion' retrieved from /opt/airflow/dags/data_ingestion.py
[2025-10-29T18:24:27.049+0000] {logging_mixin.py:188} INFO - [2025-10-29T18:24:27.048+0000] {dag.py:3096} INFO - Sync 1 DAGs
[2025-10-29T18:24:27.072+0000] {logging_mixin.py:188} INFO - [2025-10-29T18:24:27.072+0000] {dag.py:3954} INFO - Setting next_dagrun for police_data_ingestion to 2025-11-01 00:00:00+00:00, run_after=2025-12-01 00:00:00+00:00
[2025-10-29T18:24:27.096+0000] {processor.py:183} INFO - Processing /opt/airflow/dags/data_ingestion.py took 0.697 seconds
[2025-10-29T18:24:57.644+0000] {processor.py:161} INFO - Started process (PID=4547) to work on /opt/airflow/dags/data_ingestion.py
[2025-10-29T18:24:57.645+0000] {processor.py:830} INFO - Processing file /opt/airflow/dags/data_ingestion.py for tasks to queue
[2025-10-29T18:24:57.648+0000] {logging_mixin.py:188} INFO - [2025-10-29T18:24:57.647+0000] {dagbag.py:545} INFO - Filling up the DagBag from /opt/airflow/dags/data_ingestion.py
[2025-10-29T18:24:58.298+0000] {processor.py:840} INFO - DAG(s) 'police_data_ingestion' retrieved from /opt/airflow/dags/data_ingestion.py
[2025-10-29T18:24:58.334+0000] {logging_mixin.py:188} INFO - [2025-10-29T18:24:58.333+0000] {dag.py:3096} INFO - Sync 1 DAGs
[2025-10-29T18:24:58.358+0000] {logging_mixin.py:188} INFO - [2025-10-29T18:24:58.357+0000] {dag.py:3954} INFO - Setting next_dagrun for police_data_ingestion to 2025-11-01 00:00:00+00:00, run_after=2025-12-01 00:00:00+00:00
[2025-10-29T18:24:58.381+0000] {processor.py:183} INFO - Processing /opt/airflow/dags/data_ingestion.py took 0.745 seconds
[2025-10-29T18:25:28.941+0000] {processor.py:161} INFO - Started process (PID=4559) to work on /opt/airflow/dags/data_ingestion.py
[2025-10-29T18:25:28.943+0000] {processor.py:830} INFO - Processing file /opt/airflow/dags/data_ingestion.py for tasks to queue
[2025-10-29T18:25:28.945+0000] {logging_mixin.py:188} INFO - [2025-10-29T18:25:28.945+0000] {dagbag.py:545} INFO - Filling up the DagBag from /opt/airflow/dags/data_ingestion.py
[2025-10-29T18:25:29.618+0000] {processor.py:840} INFO - DAG(s) 'police_data_ingestion' retrieved from /opt/airflow/dags/data_ingestion.py
[2025-10-29T18:25:29.651+0000] {logging_mixin.py:188} INFO - [2025-10-29T18:25:29.651+0000] {dag.py:3096} INFO - Sync 1 DAGs
[2025-10-29T18:25:29.673+0000] {logging_mixin.py:188} INFO - [2025-10-29T18:25:29.673+0000] {dag.py:3954} INFO - Setting next_dagrun for police_data_ingestion to 2025-11-01 00:00:00+00:00, run_after=2025-12-01 00:00:00+00:00
[2025-10-29T18:25:29.701+0000] {processor.py:183} INFO - Processing /opt/airflow/dags/data_ingestion.py took 0.767 seconds
[2025-10-29T18:26:00.277+0000] {processor.py:161} INFO - Started process (PID=4571) to work on /opt/airflow/dags/data_ingestion.py
[2025-10-29T18:26:00.278+0000] {processor.py:830} INFO - Processing file /opt/airflow/dags/data_ingestion.py for tasks to queue
[2025-10-29T18:26:00.281+0000] {logging_mixin.py:188} INFO - [2025-10-29T18:26:00.281+0000] {dagbag.py:545} INFO - Filling up the DagBag from /opt/airflow/dags/data_ingestion.py
[2025-10-29T18:26:00.906+0000] {processor.py:840} INFO - DAG(s) 'police_data_ingestion' retrieved from /opt/airflow/dags/data_ingestion.py
[2025-10-29T18:26:00.942+0000] {logging_mixin.py:188} INFO - [2025-10-29T18:26:00.941+0000] {dag.py:3096} INFO - Sync 1 DAGs
[2025-10-29T18:26:00.965+0000] {logging_mixin.py:188} INFO - [2025-10-29T18:26:00.965+0000] {dag.py:3954} INFO - Setting next_dagrun for police_data_ingestion to 2025-11-01 00:00:00+00:00, run_after=2025-12-01 00:00:00+00:00
[2025-10-29T18:26:00.989+0000] {processor.py:183} INFO - Processing /opt/airflow/dags/data_ingestion.py took 0.721 seconds
[2025-10-29T18:26:31.542+0000] {processor.py:161} INFO - Started process (PID=4583) to work on /opt/airflow/dags/data_ingestion.py
[2025-10-29T18:26:31.544+0000] {processor.py:830} INFO - Processing file /opt/airflow/dags/data_ingestion.py for tasks to queue
[2025-10-29T18:26:31.546+0000] {logging_mixin.py:188} INFO - [2025-10-29T18:26:31.546+0000] {dagbag.py:545} INFO - Filling up the DagBag from /opt/airflow/dags/data_ingestion.py
[2025-10-29T18:26:32.163+0000] {processor.py:840} INFO - DAG(s) 'police_data_ingestion' retrieved from /opt/airflow/dags/data_ingestion.py
[2025-10-29T18:26:32.195+0000] {logging_mixin.py:188} INFO - [2025-10-29T18:26:32.195+0000] {dag.py:3096} INFO - Sync 1 DAGs
[2025-10-29T18:26:32.217+0000] {logging_mixin.py:188} INFO - [2025-10-29T18:26:32.216+0000] {dag.py:3954} INFO - Setting next_dagrun for police_data_ingestion to 2025-11-01 00:00:00+00:00, run_after=2025-12-01 00:00:00+00:00
[2025-10-29T18:26:32.240+0000] {processor.py:183} INFO - Processing /opt/airflow/dags/data_ingestion.py took 0.709 seconds
[2025-10-29T18:27:02.816+0000] {processor.py:161} INFO - Started process (PID=4595) to work on /opt/airflow/dags/data_ingestion.py
[2025-10-29T18:27:02.818+0000] {processor.py:830} INFO - Processing file /opt/airflow/dags/data_ingestion.py for tasks to queue
[2025-10-29T18:27:02.821+0000] {logging_mixin.py:188} INFO - [2025-10-29T18:27:02.821+0000] {dagbag.py:545} INFO - Filling up the DagBag from /opt/airflow/dags/data_ingestion.py
[2025-10-29T18:27:03.462+0000] {processor.py:840} INFO - DAG(s) 'police_data_ingestion' retrieved from /opt/airflow/dags/data_ingestion.py
[2025-10-29T18:27:03.494+0000] {logging_mixin.py:188} INFO - [2025-10-29T18:27:03.494+0000] {dag.py:3096} INFO - Sync 1 DAGs
[2025-10-29T18:27:03.517+0000] {logging_mixin.py:188} INFO - [2025-10-29T18:27:03.517+0000] {dag.py:3954} INFO - Setting next_dagrun for police_data_ingestion to 2025-11-01 00:00:00+00:00, run_after=2025-12-01 00:00:00+00:00
[2025-10-29T18:27:03.543+0000] {processor.py:183} INFO - Processing /opt/airflow/dags/data_ingestion.py took 0.737 seconds
[2025-10-29T18:27:34.090+0000] {processor.py:161} INFO - Started process (PID=4607) to work on /opt/airflow/dags/data_ingestion.py
[2025-10-29T18:27:34.091+0000] {processor.py:830} INFO - Processing file /opt/airflow/dags/data_ingestion.py for tasks to queue
[2025-10-29T18:27:34.093+0000] {logging_mixin.py:188} INFO - [2025-10-29T18:27:34.093+0000] {dagbag.py:545} INFO - Filling up the DagBag from /opt/airflow/dags/data_ingestion.py
[2025-10-29T18:27:34.715+0000] {processor.py:840} INFO - DAG(s) 'police_data_ingestion' retrieved from /opt/airflow/dags/data_ingestion.py
[2025-10-29T18:27:34.748+0000] {logging_mixin.py:188} INFO - [2025-10-29T18:27:34.747+0000] {dag.py:3096} INFO - Sync 1 DAGs
[2025-10-29T18:27:34.769+0000] {logging_mixin.py:188} INFO - [2025-10-29T18:27:34.769+0000] {dag.py:3954} INFO - Setting next_dagrun for police_data_ingestion to 2025-11-01 00:00:00+00:00, run_after=2025-12-01 00:00:00+00:00
[2025-10-29T18:27:34.792+0000] {processor.py:183} INFO - Processing /opt/airflow/dags/data_ingestion.py took 0.711 seconds
[2025-10-29T18:28:05.258+0000] {processor.py:161} INFO - Started process (PID=4619) to work on /opt/airflow/dags/data_ingestion.py
[2025-10-29T18:28:05.259+0000] {processor.py:830} INFO - Processing file /opt/airflow/dags/data_ingestion.py for tasks to queue
[2025-10-29T18:28:05.261+0000] {logging_mixin.py:188} INFO - [2025-10-29T18:28:05.261+0000] {dagbag.py:545} INFO - Filling up the DagBag from /opt/airflow/dags/data_ingestion.py
[2025-10-29T18:28:05.877+0000] {processor.py:840} INFO - DAG(s) 'police_data_ingestion' retrieved from /opt/airflow/dags/data_ingestion.py
[2025-10-29T18:28:05.915+0000] {logging_mixin.py:188} INFO - [2025-10-29T18:28:05.914+0000] {dag.py:3096} INFO - Sync 1 DAGs
[2025-10-29T18:28:05.939+0000] {logging_mixin.py:188} INFO - [2025-10-29T18:28:05.939+0000] {dag.py:3954} INFO - Setting next_dagrun for police_data_ingestion to 2025-11-01 00:00:00+00:00, run_after=2025-12-01 00:00:00+00:00
[2025-10-29T18:28:05.964+0000] {processor.py:183} INFO - Processing /opt/airflow/dags/data_ingestion.py took 0.715 seconds
[2025-10-29T18:28:36.484+0000] {processor.py:161} INFO - Started process (PID=4631) to work on /opt/airflow/dags/data_ingestion.py
[2025-10-29T18:28:36.486+0000] {processor.py:830} INFO - Processing file /opt/airflow/dags/data_ingestion.py for tasks to queue
[2025-10-29T18:28:36.488+0000] {logging_mixin.py:188} INFO - [2025-10-29T18:28:36.488+0000] {dagbag.py:545} INFO - Filling up the DagBag from /opt/airflow/dags/data_ingestion.py
[2025-10-29T18:28:37.098+0000] {processor.py:840} INFO - DAG(s) 'police_data_ingestion' retrieved from /opt/airflow/dags/data_ingestion.py
[2025-10-29T18:28:37.133+0000] {logging_mixin.py:188} INFO - [2025-10-29T18:28:37.132+0000] {dag.py:3096} INFO - Sync 1 DAGs
[2025-10-29T18:28:37.156+0000] {logging_mixin.py:188} INFO - [2025-10-29T18:28:37.155+0000] {dag.py:3954} INFO - Setting next_dagrun for police_data_ingestion to 2025-11-01 00:00:00+00:00, run_after=2025-12-01 00:00:00+00:00
[2025-10-29T18:28:37.179+0000] {processor.py:183} INFO - Processing /opt/airflow/dags/data_ingestion.py took 0.702 seconds
[2025-10-29T18:29:07.635+0000] {processor.py:161} INFO - Started process (PID=4643) to work on /opt/airflow/dags/data_ingestion.py
[2025-10-29T18:29:07.637+0000] {processor.py:830} INFO - Processing file /opt/airflow/dags/data_ingestion.py for tasks to queue
[2025-10-29T18:29:07.639+0000] {logging_mixin.py:188} INFO - [2025-10-29T18:29:07.639+0000] {dagbag.py:545} INFO - Filling up the DagBag from /opt/airflow/dags/data_ingestion.py
[2025-10-29T18:29:08.266+0000] {processor.py:840} INFO - DAG(s) 'police_data_ingestion' retrieved from /opt/airflow/dags/data_ingestion.py
[2025-10-29T18:29:08.301+0000] {logging_mixin.py:188} INFO - [2025-10-29T18:29:08.300+0000] {dag.py:3096} INFO - Sync 1 DAGs
[2025-10-29T18:29:08.325+0000] {logging_mixin.py:188} INFO - [2025-10-29T18:29:08.325+0000] {dag.py:3954} INFO - Setting next_dagrun for police_data_ingestion to 2025-11-01 00:00:00+00:00, run_after=2025-12-01 00:00:00+00:00
[2025-10-29T18:29:08.352+0000] {processor.py:183} INFO - Processing /opt/airflow/dags/data_ingestion.py took 0.724 seconds
[2025-10-29T18:29:38.922+0000] {processor.py:161} INFO - Started process (PID=4655) to work on /opt/airflow/dags/data_ingestion.py
[2025-10-29T18:29:38.924+0000] {processor.py:830} INFO - Processing file /opt/airflow/dags/data_ingestion.py for tasks to queue
[2025-10-29T18:29:38.926+0000] {logging_mixin.py:188} INFO - [2025-10-29T18:29:38.926+0000] {dagbag.py:545} INFO - Filling up the DagBag from /opt/airflow/dags/data_ingestion.py
[2025-10-29T18:29:39.508+0000] {processor.py:840} INFO - DAG(s) 'police_data_ingestion' retrieved from /opt/airflow/dags/data_ingestion.py
[2025-10-29T18:29:39.543+0000] {logging_mixin.py:188} INFO - [2025-10-29T18:29:39.543+0000] {dag.py:3096} INFO - Sync 1 DAGs
[2025-10-29T18:29:39.566+0000] {logging_mixin.py:188} INFO - [2025-10-29T18:29:39.566+0000] {dag.py:3954} INFO - Setting next_dagrun for police_data_ingestion to 2025-11-01 00:00:00+00:00, run_after=2025-12-01 00:00:00+00:00
[2025-10-29T18:29:39.589+0000] {processor.py:183} INFO - Processing /opt/airflow/dags/data_ingestion.py took 0.676 seconds
[2025-10-29T18:30:10.110+0000] {processor.py:161} INFO - Started process (PID=4667) to work on /opt/airflow/dags/data_ingestion.py
[2025-10-29T18:30:10.111+0000] {processor.py:830} INFO - Processing file /opt/airflow/dags/data_ingestion.py for tasks to queue
[2025-10-29T18:30:10.114+0000] {logging_mixin.py:188} INFO - [2025-10-29T18:30:10.113+0000] {dagbag.py:545} INFO - Filling up the DagBag from /opt/airflow/dags/data_ingestion.py
[2025-10-29T18:30:10.771+0000] {processor.py:840} INFO - DAG(s) 'police_data_ingestion' retrieved from /opt/airflow/dags/data_ingestion.py
[2025-10-29T18:30:10.808+0000] {logging_mixin.py:188} INFO - [2025-10-29T18:30:10.808+0000] {dag.py:3096} INFO - Sync 1 DAGs
[2025-10-29T18:30:10.833+0000] {logging_mixin.py:188} INFO - [2025-10-29T18:30:10.832+0000] {dag.py:3954} INFO - Setting next_dagrun for police_data_ingestion to 2025-11-01 00:00:00+00:00, run_after=2025-12-01 00:00:00+00:00
[2025-10-29T18:30:10.858+0000] {processor.py:183} INFO - Processing /opt/airflow/dags/data_ingestion.py took 0.756 seconds
[2025-10-29T18:30:41.407+0000] {processor.py:161} INFO - Started process (PID=4679) to work on /opt/airflow/dags/data_ingestion.py
[2025-10-29T18:30:41.408+0000] {processor.py:830} INFO - Processing file /opt/airflow/dags/data_ingestion.py for tasks to queue
[2025-10-29T18:30:41.411+0000] {logging_mixin.py:188} INFO - [2025-10-29T18:30:41.410+0000] {dagbag.py:545} INFO - Filling up the DagBag from /opt/airflow/dags/data_ingestion.py
[2025-10-29T18:30:41.997+0000] {processor.py:840} INFO - DAG(s) 'police_data_ingestion' retrieved from /opt/airflow/dags/data_ingestion.py
[2025-10-29T18:30:42.033+0000] {logging_mixin.py:188} INFO - [2025-10-29T18:30:42.032+0000] {dag.py:3096} INFO - Sync 1 DAGs
[2025-10-29T18:30:42.054+0000] {logging_mixin.py:188} INFO - [2025-10-29T18:30:42.054+0000] {dag.py:3954} INFO - Setting next_dagrun for police_data_ingestion to 2025-11-01 00:00:00+00:00, run_after=2025-12-01 00:00:00+00:00
[2025-10-29T18:30:42.078+0000] {processor.py:183} INFO - Processing /opt/airflow/dags/data_ingestion.py took 0.679 seconds
[2025-10-29T18:31:12.676+0000] {processor.py:161} INFO - Started process (PID=4691) to work on /opt/airflow/dags/data_ingestion.py
[2025-10-29T18:31:12.677+0000] {processor.py:830} INFO - Processing file /opt/airflow/dags/data_ingestion.py for tasks to queue
[2025-10-29T18:31:12.681+0000] {logging_mixin.py:188} INFO - [2025-10-29T18:31:12.680+0000] {dagbag.py:545} INFO - Filling up the DagBag from /opt/airflow/dags/data_ingestion.py
[2025-10-29T18:31:13.285+0000] {processor.py:840} INFO - DAG(s) 'police_data_ingestion' retrieved from /opt/airflow/dags/data_ingestion.py
[2025-10-29T18:31:13.317+0000] {logging_mixin.py:188} INFO - [2025-10-29T18:31:13.317+0000] {dag.py:3096} INFO - Sync 1 DAGs
[2025-10-29T18:31:13.340+0000] {logging_mixin.py:188} INFO - [2025-10-29T18:31:13.340+0000] {dag.py:3954} INFO - Setting next_dagrun for police_data_ingestion to 2025-11-01 00:00:00+00:00, run_after=2025-12-01 00:00:00+00:00
[2025-10-29T18:31:13.362+0000] {processor.py:183} INFO - Processing /opt/airflow/dags/data_ingestion.py took 0.696 seconds
[2025-10-29T18:31:44.040+0000] {processor.py:161} INFO - Started process (PID=4703) to work on /opt/airflow/dags/data_ingestion.py
[2025-10-29T18:31:44.041+0000] {processor.py:830} INFO - Processing file /opt/airflow/dags/data_ingestion.py for tasks to queue
[2025-10-29T18:31:44.044+0000] {logging_mixin.py:188} INFO - [2025-10-29T18:31:44.044+0000] {dagbag.py:545} INFO - Filling up the DagBag from /opt/airflow/dags/data_ingestion.py
[2025-10-29T18:31:44.688+0000] {processor.py:840} INFO - DAG(s) 'police_data_ingestion' retrieved from /opt/airflow/dags/data_ingestion.py
[2025-10-29T18:31:44.720+0000] {logging_mixin.py:188} INFO - [2025-10-29T18:31:44.720+0000] {dag.py:3096} INFO - Sync 1 DAGs
[2025-10-29T18:31:44.742+0000] {logging_mixin.py:188} INFO - [2025-10-29T18:31:44.742+0000] {dag.py:3954} INFO - Setting next_dagrun for police_data_ingestion to 2025-11-01 00:00:00+00:00, run_after=2025-12-01 00:00:00+00:00
[2025-10-29T18:31:44.765+0000] {processor.py:183} INFO - Processing /opt/airflow/dags/data_ingestion.py took 0.733 seconds
[2025-10-29T18:32:15.294+0000] {processor.py:161} INFO - Started process (PID=4715) to work on /opt/airflow/dags/data_ingestion.py
[2025-10-29T18:32:15.296+0000] {processor.py:830} INFO - Processing file /opt/airflow/dags/data_ingestion.py for tasks to queue
[2025-10-29T18:32:15.298+0000] {logging_mixin.py:188} INFO - [2025-10-29T18:32:15.298+0000] {dagbag.py:545} INFO - Filling up the DagBag from /opt/airflow/dags/data_ingestion.py
[2025-10-29T18:32:15.927+0000] {processor.py:840} INFO - DAG(s) 'police_data_ingestion' retrieved from /opt/airflow/dags/data_ingestion.py
[2025-10-29T18:32:15.959+0000] {logging_mixin.py:188} INFO - [2025-10-29T18:32:15.959+0000] {dag.py:3096} INFO - Sync 1 DAGs
[2025-10-29T18:32:15.982+0000] {logging_mixin.py:188} INFO - [2025-10-29T18:32:15.981+0000] {dag.py:3954} INFO - Setting next_dagrun for police_data_ingestion to 2025-11-01 00:00:00+00:00, run_after=2025-12-01 00:00:00+00:00
[2025-10-29T18:32:16.007+0000] {processor.py:183} INFO - Processing /opt/airflow/dags/data_ingestion.py took 0.721 seconds
[2025-10-29T18:32:46.327+0000] {processor.py:161} INFO - Started process (PID=4727) to work on /opt/airflow/dags/data_ingestion.py
[2025-10-29T18:32:46.329+0000] {processor.py:830} INFO - Processing file /opt/airflow/dags/data_ingestion.py for tasks to queue
[2025-10-29T18:32:46.332+0000] {logging_mixin.py:188} INFO - [2025-10-29T18:32:46.332+0000] {dagbag.py:545} INFO - Filling up the DagBag from /opt/airflow/dags/data_ingestion.py
[2025-10-29T18:32:47.100+0000] {processor.py:840} INFO - DAG(s) 'police_data_ingestion' retrieved from /opt/airflow/dags/data_ingestion.py
[2025-10-29T18:32:47.147+0000] {logging_mixin.py:188} INFO - [2025-10-29T18:32:47.146+0000] {dag.py:3096} INFO - Sync 1 DAGs
[2025-10-29T18:32:47.179+0000] {logging_mixin.py:188} INFO - [2025-10-29T18:32:47.179+0000] {dag.py:3954} INFO - Setting next_dagrun for police_data_ingestion to 2025-11-01 00:00:00+00:00, run_after=2025-12-01 00:00:00+00:00
[2025-10-29T18:32:47.213+0000] {processor.py:183} INFO - Processing /opt/airflow/dags/data_ingestion.py took 0.896 seconds
[2025-10-29T18:33:17.684+0000] {processor.py:161} INFO - Started process (PID=4739) to work on /opt/airflow/dags/data_ingestion.py
[2025-10-29T18:33:18.411+0000] {processor.py:830} INFO - Processing file /opt/airflow/dags/data_ingestion.py for tasks to queue
[2025-10-29T18:33:18.417+0000] {logging_mixin.py:188} INFO - [2025-10-29T18:33:18.416+0000] {dagbag.py:545} INFO - Filling up the DagBag from /opt/airflow/dags/data_ingestion.py
[2025-10-29T18:33:19.310+0000] {processor.py:840} INFO - DAG(s) 'police_data_ingestion' retrieved from /opt/airflow/dags/data_ingestion.py
[2025-10-29T18:33:19.344+0000] {logging_mixin.py:188} INFO - [2025-10-29T18:33:19.343+0000] {dag.py:3096} INFO - Sync 1 DAGs
[2025-10-29T18:33:19.370+0000] {logging_mixin.py:188} INFO - [2025-10-29T18:33:19.370+0000] {dag.py:3954} INFO - Setting next_dagrun for police_data_ingestion to 2025-11-01 00:00:00+00:00, run_after=2025-12-01 00:00:00+00:00
[2025-10-29T18:33:23.157+0000] {processor.py:183} INFO - Processing /opt/airflow/dags/data_ingestion.py took 5.481 seconds
[2025-10-29T18:34:03.500+0000] {processor.py:161} INFO - Started process (PID=4751) to work on /opt/airflow/dags/data_ingestion.py
[2025-10-29T18:34:03.501+0000] {processor.py:830} INFO - Processing file /opt/airflow/dags/data_ingestion.py for tasks to queue
[2025-10-29T18:34:03.504+0000] {logging_mixin.py:188} INFO - [2025-10-29T18:34:03.504+0000] {dagbag.py:545} INFO - Filling up the DagBag from /opt/airflow/dags/data_ingestion.py
[2025-10-29T18:34:04.251+0000] {processor.py:840} INFO - DAG(s) 'police_data_ingestion' retrieved from /opt/airflow/dags/data_ingestion.py
[2025-10-29T18:34:04.289+0000] {logging_mixin.py:188} INFO - [2025-10-29T18:34:04.288+0000] {dag.py:3096} INFO - Sync 1 DAGs
[2025-10-29T18:34:04.316+0000] {logging_mixin.py:188} INFO - [2025-10-29T18:34:04.316+0000] {dag.py:3954} INFO - Setting next_dagrun for police_data_ingestion to 2025-11-01 00:00:00+00:00, run_after=2025-12-01 00:00:00+00:00
[2025-10-29T18:34:04.355+0000] {processor.py:183} INFO - Processing /opt/airflow/dags/data_ingestion.py took 0.866 seconds
[2025-10-29T18:34:34.845+0000] {processor.py:161} INFO - Started process (PID=4763) to work on /opt/airflow/dags/data_ingestion.py
[2025-10-29T18:34:34.847+0000] {processor.py:830} INFO - Processing file /opt/airflow/dags/data_ingestion.py for tasks to queue
[2025-10-29T18:34:34.850+0000] {logging_mixin.py:188} INFO - [2025-10-29T18:34:34.849+0000] {dagbag.py:545} INFO - Filling up the DagBag from /opt/airflow/dags/data_ingestion.py
[2025-10-29T18:34:35.494+0000] {processor.py:840} INFO - DAG(s) 'police_data_ingestion' retrieved from /opt/airflow/dags/data_ingestion.py
[2025-10-29T18:34:35.532+0000] {logging_mixin.py:188} INFO - [2025-10-29T18:34:35.531+0000] {dag.py:3096} INFO - Sync 1 DAGs
[2025-10-29T18:34:35.558+0000] {logging_mixin.py:188} INFO - [2025-10-29T18:34:35.558+0000] {dag.py:3954} INFO - Setting next_dagrun for police_data_ingestion to 2025-11-01 00:00:00+00:00, run_after=2025-12-01 00:00:00+00:00
[2025-10-29T18:34:35.580+0000] {processor.py:183} INFO - Processing /opt/airflow/dags/data_ingestion.py took 0.743 seconds
[2025-10-29T18:35:05.885+0000] {processor.py:161} INFO - Started process (PID=4775) to work on /opt/airflow/dags/data_ingestion.py
[2025-10-29T18:35:05.886+0000] {processor.py:830} INFO - Processing file /opt/airflow/dags/data_ingestion.py for tasks to queue
[2025-10-29T18:35:05.889+0000] {logging_mixin.py:188} INFO - [2025-10-29T18:35:05.888+0000] {dagbag.py:545} INFO - Filling up the DagBag from /opt/airflow/dags/data_ingestion.py
[2025-10-29T18:35:06.554+0000] {processor.py:840} INFO - DAG(s) 'police_data_ingestion' retrieved from /opt/airflow/dags/data_ingestion.py
[2025-10-29T18:35:06.599+0000] {logging_mixin.py:188} INFO - [2025-10-29T18:35:06.598+0000] {dag.py:3096} INFO - Sync 1 DAGs
[2025-10-29T18:35:06.630+0000] {logging_mixin.py:188} INFO - [2025-10-29T18:35:06.630+0000] {dag.py:3954} INFO - Setting next_dagrun for police_data_ingestion to 2025-11-01 00:00:00+00:00, run_after=2025-12-01 00:00:00+00:00
[2025-10-29T18:35:06.658+0000] {processor.py:183} INFO - Processing /opt/airflow/dags/data_ingestion.py took 0.782 seconds
[2025-10-29T18:35:36.972+0000] {processor.py:161} INFO - Started process (PID=4787) to work on /opt/airflow/dags/data_ingestion.py
[2025-10-29T18:35:36.973+0000] {processor.py:830} INFO - Processing file /opt/airflow/dags/data_ingestion.py for tasks to queue
[2025-10-29T18:35:36.976+0000] {logging_mixin.py:188} INFO - [2025-10-29T18:35:36.976+0000] {dagbag.py:545} INFO - Filling up the DagBag from /opt/airflow/dags/data_ingestion.py
[2025-10-29T18:35:37.693+0000] {processor.py:840} INFO - DAG(s) 'police_data_ingestion' retrieved from /opt/airflow/dags/data_ingestion.py
[2025-10-29T18:35:37.729+0000] {logging_mixin.py:188} INFO - [2025-10-29T18:35:37.728+0000] {dag.py:3096} INFO - Sync 1 DAGs
[2025-10-29T18:35:37.756+0000] {logging_mixin.py:188} INFO - [2025-10-29T18:35:37.756+0000] {dag.py:3954} INFO - Setting next_dagrun for police_data_ingestion to 2025-11-01 00:00:00+00:00, run_after=2025-12-01 00:00:00+00:00
[2025-10-29T18:35:37.784+0000] {processor.py:183} INFO - Processing /opt/airflow/dags/data_ingestion.py took 0.820 seconds
[2025-10-29T18:36:08.087+0000] {processor.py:161} INFO - Started process (PID=4799) to work on /opt/airflow/dags/data_ingestion.py
[2025-10-29T18:36:08.088+0000] {processor.py:830} INFO - Processing file /opt/airflow/dags/data_ingestion.py for tasks to queue
[2025-10-29T18:36:08.091+0000] {logging_mixin.py:188} INFO - [2025-10-29T18:36:08.090+0000] {dagbag.py:545} INFO - Filling up the DagBag from /opt/airflow/dags/data_ingestion.py
[2025-10-29T18:36:09.277+0000] {processor.py:840} INFO - DAG(s) 'police_data_ingestion' retrieved from /opt/airflow/dags/data_ingestion.py
[2025-10-29T18:36:09.319+0000] {logging_mixin.py:188} INFO - [2025-10-29T18:36:09.318+0000] {dag.py:3096} INFO - Sync 1 DAGs
[2025-10-29T18:36:09.344+0000] {logging_mixin.py:188} INFO - [2025-10-29T18:36:09.343+0000] {dag.py:3954} INFO - Setting next_dagrun for police_data_ingestion to 2025-11-01 00:00:00+00:00, run_after=2025-12-01 00:00:00+00:00
[2025-10-29T18:36:09.379+0000] {processor.py:183} INFO - Processing /opt/airflow/dags/data_ingestion.py took 1.302 seconds
[2025-10-29T18:36:39.746+0000] {processor.py:161} INFO - Started process (PID=4811) to work on /opt/airflow/dags/data_ingestion.py
[2025-10-29T18:36:39.747+0000] {processor.py:830} INFO - Processing file /opt/airflow/dags/data_ingestion.py for tasks to queue
[2025-10-29T18:36:39.750+0000] {logging_mixin.py:188} INFO - [2025-10-29T18:36:39.750+0000] {dagbag.py:545} INFO - Filling up the DagBag from /opt/airflow/dags/data_ingestion.py
[2025-10-29T18:36:40.516+0000] {processor.py:840} INFO - DAG(s) 'police_data_ingestion' retrieved from /opt/airflow/dags/data_ingestion.py
[2025-10-29T18:36:40.555+0000] {logging_mixin.py:188} INFO - [2025-10-29T18:36:40.555+0000] {dag.py:3096} INFO - Sync 1 DAGs
[2025-10-29T18:36:40.588+0000] {logging_mixin.py:188} INFO - [2025-10-29T18:36:40.588+0000] {dag.py:3954} INFO - Setting next_dagrun for police_data_ingestion to 2025-11-01 00:00:00+00:00, run_after=2025-12-01 00:00:00+00:00
[2025-10-29T18:36:40.628+0000] {processor.py:183} INFO - Processing /opt/airflow/dags/data_ingestion.py took 0.891 seconds
[2025-10-29T18:37:10.970+0000] {processor.py:161} INFO - Started process (PID=4823) to work on /opt/airflow/dags/data_ingestion.py
[2025-10-29T18:37:10.972+0000] {processor.py:830} INFO - Processing file /opt/airflow/dags/data_ingestion.py for tasks to queue
[2025-10-29T18:37:10.975+0000] {logging_mixin.py:188} INFO - [2025-10-29T18:37:10.974+0000] {dagbag.py:545} INFO - Filling up the DagBag from /opt/airflow/dags/data_ingestion.py
[2025-10-29T18:37:11.606+0000] {processor.py:840} INFO - DAG(s) 'police_data_ingestion' retrieved from /opt/airflow/dags/data_ingestion.py
[2025-10-29T18:37:11.649+0000] {logging_mixin.py:188} INFO - [2025-10-29T18:37:11.648+0000] {dag.py:3096} INFO - Sync 1 DAGs
[2025-10-29T18:37:11.679+0000] {logging_mixin.py:188} INFO - [2025-10-29T18:37:11.678+0000] {dag.py:3954} INFO - Setting next_dagrun for police_data_ingestion to 2025-11-01 00:00:00+00:00, run_after=2025-12-01 00:00:00+00:00
[2025-10-29T18:37:11.702+0000] {processor.py:183} INFO - Processing /opt/airflow/dags/data_ingestion.py took 0.740 seconds
[2025-10-29T18:37:42.030+0000] {processor.py:161} INFO - Started process (PID=4835) to work on /opt/airflow/dags/data_ingestion.py
[2025-10-29T18:37:42.032+0000] {processor.py:830} INFO - Processing file /opt/airflow/dags/data_ingestion.py for tasks to queue
[2025-10-29T18:37:42.035+0000] {logging_mixin.py:188} INFO - [2025-10-29T18:37:42.034+0000] {dagbag.py:545} INFO - Filling up the DagBag from /opt/airflow/dags/data_ingestion.py
[2025-10-29T18:37:42.704+0000] {processor.py:840} INFO - DAG(s) 'police_data_ingestion' retrieved from /opt/airflow/dags/data_ingestion.py
[2025-10-29T18:37:42.740+0000] {logging_mixin.py:188} INFO - [2025-10-29T18:37:42.739+0000] {dag.py:3096} INFO - Sync 1 DAGs
[2025-10-29T18:37:42.766+0000] {logging_mixin.py:188} INFO - [2025-10-29T18:37:42.766+0000] {dag.py:3954} INFO - Setting next_dagrun for police_data_ingestion to 2025-11-01 00:00:00+00:00, run_after=2025-12-01 00:00:00+00:00
[2025-10-29T18:37:42.802+0000] {processor.py:183} INFO - Processing /opt/airflow/dags/data_ingestion.py took 0.780 seconds
[2025-10-29T18:38:13.129+0000] {processor.py:161} INFO - Started process (PID=4847) to work on /opt/airflow/dags/data_ingestion.py
[2025-10-29T18:38:13.131+0000] {processor.py:830} INFO - Processing file /opt/airflow/dags/data_ingestion.py for tasks to queue
[2025-10-29T18:38:13.134+0000] {logging_mixin.py:188} INFO - [2025-10-29T18:38:13.133+0000] {dagbag.py:545} INFO - Filling up the DagBag from /opt/airflow/dags/data_ingestion.py
[2025-10-29T18:38:13.794+0000] {processor.py:840} INFO - DAG(s) 'police_data_ingestion' retrieved from /opt/airflow/dags/data_ingestion.py
[2025-10-29T18:38:13.826+0000] {logging_mixin.py:188} INFO - [2025-10-29T18:38:13.826+0000] {dag.py:3096} INFO - Sync 1 DAGs
[2025-10-29T18:38:13.854+0000] {logging_mixin.py:188} INFO - [2025-10-29T18:38:13.853+0000] {dag.py:3954} INFO - Setting next_dagrun for police_data_ingestion to 2025-11-01 00:00:00+00:00, run_after=2025-12-01 00:00:00+00:00
[2025-10-29T18:38:14.018+0000] {processor.py:183} INFO - Processing /opt/airflow/dags/data_ingestion.py took 0.898 seconds
[2025-10-29T18:38:44.312+0000] {processor.py:161} INFO - Started process (PID=4859) to work on /opt/airflow/dags/data_ingestion.py
[2025-10-29T18:38:44.314+0000] {processor.py:830} INFO - Processing file /opt/airflow/dags/data_ingestion.py for tasks to queue
[2025-10-29T18:38:44.316+0000] {logging_mixin.py:188} INFO - [2025-10-29T18:38:44.316+0000] {dagbag.py:545} INFO - Filling up the DagBag from /opt/airflow/dags/data_ingestion.py
[2025-10-29T18:38:44.956+0000] {processor.py:840} INFO - DAG(s) 'police_data_ingestion' retrieved from /opt/airflow/dags/data_ingestion.py
[2025-10-29T18:38:44.993+0000] {logging_mixin.py:188} INFO - [2025-10-29T18:38:44.993+0000] {dag.py:3096} INFO - Sync 1 DAGs
[2025-10-29T18:38:45.020+0000] {logging_mixin.py:188} INFO - [2025-10-29T18:38:45.020+0000] {dag.py:3954} INFO - Setting next_dagrun for police_data_ingestion to 2025-11-01 00:00:00+00:00, run_after=2025-12-01 00:00:00+00:00
[2025-10-29T18:38:45.049+0000] {processor.py:183} INFO - Processing /opt/airflow/dags/data_ingestion.py took 0.746 seconds
[2025-10-29T18:39:15.407+0000] {processor.py:161} INFO - Started process (PID=4871) to work on /opt/airflow/dags/data_ingestion.py
[2025-10-29T18:39:15.409+0000] {processor.py:830} INFO - Processing file /opt/airflow/dags/data_ingestion.py for tasks to queue
[2025-10-29T18:39:15.412+0000] {logging_mixin.py:188} INFO - [2025-10-29T18:39:15.411+0000] {dagbag.py:545} INFO - Filling up the DagBag from /opt/airflow/dags/data_ingestion.py
[2025-10-29T18:39:16.025+0000] {processor.py:840} INFO - DAG(s) 'police_data_ingestion' retrieved from /opt/airflow/dags/data_ingestion.py
[2025-10-29T18:39:16.067+0000] {logging_mixin.py:188} INFO - [2025-10-29T18:39:16.066+0000] {dag.py:3096} INFO - Sync 1 DAGs
[2025-10-29T18:39:16.091+0000] {logging_mixin.py:188} INFO - [2025-10-29T18:39:16.090+0000] {dag.py:3954} INFO - Setting next_dagrun for police_data_ingestion to 2025-11-01 00:00:00+00:00, run_after=2025-12-01 00:00:00+00:00
[2025-10-29T18:39:16.118+0000] {processor.py:183} INFO - Processing /opt/airflow/dags/data_ingestion.py took 0.720 seconds
[2025-10-29T18:39:46.446+0000] {processor.py:161} INFO - Started process (PID=4883) to work on /opt/airflow/dags/data_ingestion.py
[2025-10-29T18:39:46.448+0000] {processor.py:830} INFO - Processing file /opt/airflow/dags/data_ingestion.py for tasks to queue
[2025-10-29T18:39:46.451+0000] {logging_mixin.py:188} INFO - [2025-10-29T18:39:46.450+0000] {dagbag.py:545} INFO - Filling up the DagBag from /opt/airflow/dags/data_ingestion.py
[2025-10-29T18:39:47.144+0000] {processor.py:840} INFO - DAG(s) 'police_data_ingestion' retrieved from /opt/airflow/dags/data_ingestion.py
[2025-10-29T18:39:47.182+0000] {logging_mixin.py:188} INFO - [2025-10-29T18:39:47.181+0000] {dag.py:3096} INFO - Sync 1 DAGs
[2025-10-29T18:39:47.208+0000] {logging_mixin.py:188} INFO - [2025-10-29T18:39:47.207+0000] {dag.py:3954} INFO - Setting next_dagrun for police_data_ingestion to 2025-11-01 00:00:00+00:00, run_after=2025-12-01 00:00:00+00:00
[2025-10-29T18:39:47.235+0000] {processor.py:183} INFO - Processing /opt/airflow/dags/data_ingestion.py took 0.797 seconds
[2025-10-29T18:40:17.606+0000] {processor.py:161} INFO - Started process (PID=4895) to work on /opt/airflow/dags/data_ingestion.py
[2025-10-29T18:40:17.607+0000] {processor.py:830} INFO - Processing file /opt/airflow/dags/data_ingestion.py for tasks to queue
[2025-10-29T18:40:17.610+0000] {logging_mixin.py:188} INFO - [2025-10-29T18:40:17.610+0000] {dagbag.py:545} INFO - Filling up the DagBag from /opt/airflow/dags/data_ingestion.py
[2025-10-29T18:40:18.255+0000] {processor.py:840} INFO - DAG(s) 'police_data_ingestion' retrieved from /opt/airflow/dags/data_ingestion.py
[2025-10-29T18:40:18.290+0000] {logging_mixin.py:188} INFO - [2025-10-29T18:40:18.290+0000] {dag.py:3096} INFO - Sync 1 DAGs
[2025-10-29T18:40:18.317+0000] {logging_mixin.py:188} INFO - [2025-10-29T18:40:18.317+0000] {dag.py:3954} INFO - Setting next_dagrun for police_data_ingestion to 2025-11-01 00:00:00+00:00, run_after=2025-12-01 00:00:00+00:00
[2025-10-29T18:40:18.342+0000] {processor.py:183} INFO - Processing /opt/airflow/dags/data_ingestion.py took 0.744 seconds
[2025-10-29T18:40:48.702+0000] {processor.py:161} INFO - Started process (PID=4907) to work on /opt/airflow/dags/data_ingestion.py
[2025-10-29T18:40:48.706+0000] {processor.py:830} INFO - Processing file /opt/airflow/dags/data_ingestion.py for tasks to queue
[2025-10-29T18:40:48.710+0000] {logging_mixin.py:188} INFO - [2025-10-29T18:40:48.709+0000] {dagbag.py:545} INFO - Filling up the DagBag from /opt/airflow/dags/data_ingestion.py
[2025-10-29T18:40:49.480+0000] {processor.py:840} INFO - DAG(s) 'police_data_ingestion' retrieved from /opt/airflow/dags/data_ingestion.py
[2025-10-29T18:40:49.521+0000] {logging_mixin.py:188} INFO - [2025-10-29T18:40:49.520+0000] {dag.py:3096} INFO - Sync 1 DAGs
[2025-10-29T18:40:49.551+0000] {logging_mixin.py:188} INFO - [2025-10-29T18:40:49.551+0000] {dag.py:3954} INFO - Setting next_dagrun for police_data_ingestion to 2025-11-01 00:00:00+00:00, run_after=2025-12-01 00:00:00+00:00
[2025-10-29T18:40:49.580+0000] {processor.py:183} INFO - Processing /opt/airflow/dags/data_ingestion.py took 0.897 seconds
[2025-10-29T18:41:19.940+0000] {processor.py:161} INFO - Started process (PID=4919) to work on /opt/airflow/dags/data_ingestion.py
[2025-10-29T18:41:19.941+0000] {processor.py:830} INFO - Processing file /opt/airflow/dags/data_ingestion.py for tasks to queue
[2025-10-29T18:41:19.944+0000] {logging_mixin.py:188} INFO - [2025-10-29T18:41:19.944+0000] {dagbag.py:545} INFO - Filling up the DagBag from /opt/airflow/dags/data_ingestion.py
[2025-10-29T18:41:20.631+0000] {processor.py:840} INFO - DAG(s) 'police_data_ingestion' retrieved from /opt/airflow/dags/data_ingestion.py
[2025-10-29T18:41:20.665+0000] {logging_mixin.py:188} INFO - [2025-10-29T18:41:20.664+0000] {dag.py:3096} INFO - Sync 1 DAGs
[2025-10-29T18:41:20.693+0000] {logging_mixin.py:188} INFO - [2025-10-29T18:41:20.692+0000] {dag.py:3954} INFO - Setting next_dagrun for police_data_ingestion to 2025-11-01 00:00:00+00:00, run_after=2025-12-01 00:00:00+00:00
[2025-10-29T18:41:20.720+0000] {processor.py:183} INFO - Processing /opt/airflow/dags/data_ingestion.py took 0.788 seconds
[2025-10-29T18:41:51.142+0000] {processor.py:161} INFO - Started process (PID=4931) to work on /opt/airflow/dags/data_ingestion.py
[2025-10-29T18:41:51.143+0000] {processor.py:830} INFO - Processing file /opt/airflow/dags/data_ingestion.py for tasks to queue
[2025-10-29T18:41:51.146+0000] {logging_mixin.py:188} INFO - [2025-10-29T18:41:51.145+0000] {dagbag.py:545} INFO - Filling up the DagBag from /opt/airflow/dags/data_ingestion.py
[2025-10-29T18:41:51.755+0000] {processor.py:840} INFO - DAG(s) 'police_data_ingestion' retrieved from /opt/airflow/dags/data_ingestion.py
[2025-10-29T18:41:51.789+0000] {logging_mixin.py:188} INFO - [2025-10-29T18:41:51.788+0000] {dag.py:3096} INFO - Sync 1 DAGs
[2025-10-29T18:41:51.812+0000] {logging_mixin.py:188} INFO - [2025-10-29T18:41:51.811+0000] {dag.py:3954} INFO - Setting next_dagrun for police_data_ingestion to 2025-11-01 00:00:00+00:00, run_after=2025-12-01 00:00:00+00:00
[2025-10-29T18:41:51.837+0000] {processor.py:183} INFO - Processing /opt/airflow/dags/data_ingestion.py took 0.703 seconds
[2025-10-29T18:42:22.329+0000] {processor.py:161} INFO - Started process (PID=4943) to work on /opt/airflow/dags/data_ingestion.py
[2025-10-29T18:42:22.330+0000] {processor.py:830} INFO - Processing file /opt/airflow/dags/data_ingestion.py for tasks to queue
[2025-10-29T18:42:22.333+0000] {logging_mixin.py:188} INFO - [2025-10-29T18:42:22.332+0000] {dagbag.py:545} INFO - Filling up the DagBag from /opt/airflow/dags/data_ingestion.py
[2025-10-29T18:42:23.036+0000] {processor.py:840} INFO - DAG(s) 'police_data_ingestion' retrieved from /opt/airflow/dags/data_ingestion.py
[2025-10-29T18:42:23.074+0000] {logging_mixin.py:188} INFO - [2025-10-29T18:42:23.073+0000] {dag.py:3096} INFO - Sync 1 DAGs
[2025-10-29T18:42:23.098+0000] {logging_mixin.py:188} INFO - [2025-10-29T18:42:23.098+0000] {dag.py:3954} INFO - Setting next_dagrun for police_data_ingestion to 2025-11-01 00:00:00+00:00, run_after=2025-12-01 00:00:00+00:00
[2025-10-29T18:42:23.122+0000] {processor.py:183} INFO - Processing /opt/airflow/dags/data_ingestion.py took 0.802 seconds
[2025-10-29T18:42:53.641+0000] {processor.py:161} INFO - Started process (PID=4955) to work on /opt/airflow/dags/data_ingestion.py
[2025-10-29T18:42:53.643+0000] {processor.py:830} INFO - Processing file /opt/airflow/dags/data_ingestion.py for tasks to queue
[2025-10-29T18:42:53.645+0000] {logging_mixin.py:188} INFO - [2025-10-29T18:42:53.645+0000] {dagbag.py:545} INFO - Filling up the DagBag from /opt/airflow/dags/data_ingestion.py
[2025-10-29T18:42:54.246+0000] {processor.py:840} INFO - DAG(s) 'police_data_ingestion' retrieved from /opt/airflow/dags/data_ingestion.py
[2025-10-29T18:42:54.279+0000] {logging_mixin.py:188} INFO - [2025-10-29T18:42:54.279+0000] {dag.py:3096} INFO - Sync 1 DAGs
[2025-10-29T18:42:54.302+0000] {logging_mixin.py:188} INFO - [2025-10-29T18:42:54.302+0000] {dag.py:3954} INFO - Setting next_dagrun for police_data_ingestion to 2025-11-01 00:00:00+00:00, run_after=2025-12-01 00:00:00+00:00
[2025-10-29T18:42:54.325+0000] {processor.py:183} INFO - Processing /opt/airflow/dags/data_ingestion.py took 0.692 seconds
[2025-10-29T18:43:24.818+0000] {processor.py:161} INFO - Started process (PID=4967) to work on /opt/airflow/dags/data_ingestion.py
[2025-10-29T18:43:24.819+0000] {processor.py:830} INFO - Processing file /opt/airflow/dags/data_ingestion.py for tasks to queue
[2025-10-29T18:43:24.822+0000] {logging_mixin.py:188} INFO - [2025-10-29T18:43:24.821+0000] {dagbag.py:545} INFO - Filling up the DagBag from /opt/airflow/dags/data_ingestion.py
[2025-10-29T18:43:25.415+0000] {processor.py:840} INFO - DAG(s) 'police_data_ingestion' retrieved from /opt/airflow/dags/data_ingestion.py
[2025-10-29T18:43:25.446+0000] {logging_mixin.py:188} INFO - [2025-10-29T18:43:25.445+0000] {dag.py:3096} INFO - Sync 1 DAGs
[2025-10-29T18:43:25.467+0000] {logging_mixin.py:188} INFO - [2025-10-29T18:43:25.467+0000] {dag.py:3954} INFO - Setting next_dagrun for police_data_ingestion to 2025-11-01 00:00:00+00:00, run_after=2025-12-01 00:00:00+00:00
[2025-10-29T18:43:25.491+0000] {processor.py:183} INFO - Processing /opt/airflow/dags/data_ingestion.py took 0.683 seconds
[2025-10-29T18:43:56.069+0000] {processor.py:161} INFO - Started process (PID=4979) to work on /opt/airflow/dags/data_ingestion.py
[2025-10-29T18:43:56.070+0000] {processor.py:830} INFO - Processing file /opt/airflow/dags/data_ingestion.py for tasks to queue
[2025-10-29T18:43:56.072+0000] {logging_mixin.py:188} INFO - [2025-10-29T18:43:56.072+0000] {dagbag.py:545} INFO - Filling up the DagBag from /opt/airflow/dags/data_ingestion.py
[2025-10-29T18:43:56.640+0000] {processor.py:840} INFO - DAG(s) 'police_data_ingestion' retrieved from /opt/airflow/dags/data_ingestion.py
[2025-10-29T18:43:56.673+0000] {logging_mixin.py:188} INFO - [2025-10-29T18:43:56.672+0000] {dag.py:3096} INFO - Sync 1 DAGs
[2025-10-29T18:43:56.695+0000] {logging_mixin.py:188} INFO - [2025-10-29T18:43:56.695+0000] {dag.py:3954} INFO - Setting next_dagrun for police_data_ingestion to 2025-11-01 00:00:00+00:00, run_after=2025-12-01 00:00:00+00:00
[2025-10-29T18:43:56.718+0000] {processor.py:183} INFO - Processing /opt/airflow/dags/data_ingestion.py took 0.657 seconds
[2025-10-29T18:44:27.263+0000] {processor.py:161} INFO - Started process (PID=4991) to work on /opt/airflow/dags/data_ingestion.py
[2025-10-29T18:44:27.264+0000] {processor.py:830} INFO - Processing file /opt/airflow/dags/data_ingestion.py for tasks to queue
[2025-10-29T18:44:27.267+0000] {logging_mixin.py:188} INFO - [2025-10-29T18:44:27.266+0000] {dagbag.py:545} INFO - Filling up the DagBag from /opt/airflow/dags/data_ingestion.py
[2025-10-29T18:44:27.944+0000] {processor.py:840} INFO - DAG(s) 'police_data_ingestion' retrieved from /opt/airflow/dags/data_ingestion.py
[2025-10-29T18:44:27.976+0000] {logging_mixin.py:188} INFO - [2025-10-29T18:44:27.976+0000] {dag.py:3096} INFO - Sync 1 DAGs
[2025-10-29T18:44:28.000+0000] {logging_mixin.py:188} INFO - [2025-10-29T18:44:28.000+0000] {dag.py:3954} INFO - Setting next_dagrun for police_data_ingestion to 2025-11-01 00:00:00+00:00, run_after=2025-12-01 00:00:00+00:00
[2025-10-29T18:44:28.024+0000] {processor.py:183} INFO - Processing /opt/airflow/dags/data_ingestion.py took 0.769 seconds
[2025-10-29T18:44:58.476+0000] {processor.py:161} INFO - Started process (PID=5003) to work on /opt/airflow/dags/data_ingestion.py
[2025-10-29T18:44:58.477+0000] {processor.py:830} INFO - Processing file /opt/airflow/dags/data_ingestion.py for tasks to queue
[2025-10-29T18:44:58.480+0000] {logging_mixin.py:188} INFO - [2025-10-29T18:44:58.479+0000] {dagbag.py:545} INFO - Filling up the DagBag from /opt/airflow/dags/data_ingestion.py
[2025-10-29T18:44:59.203+0000] {processor.py:840} INFO - DAG(s) 'police_data_ingestion' retrieved from /opt/airflow/dags/data_ingestion.py
[2025-10-29T18:44:59.240+0000] {logging_mixin.py:188} INFO - [2025-10-29T18:44:59.239+0000] {dag.py:3096} INFO - Sync 1 DAGs
[2025-10-29T18:44:59.263+0000] {logging_mixin.py:188} INFO - [2025-10-29T18:44:59.262+0000] {dag.py:3954} INFO - Setting next_dagrun for police_data_ingestion to 2025-11-01 00:00:00+00:00, run_after=2025-12-01 00:00:00+00:00
[2025-10-29T18:44:59.334+0000] {processor.py:183} INFO - Processing /opt/airflow/dags/data_ingestion.py took 0.867 seconds
[2025-10-29T18:45:29.873+0000] {processor.py:161} INFO - Started process (PID=5015) to work on /opt/airflow/dags/data_ingestion.py
[2025-10-29T18:45:29.875+0000] {processor.py:830} INFO - Processing file /opt/airflow/dags/data_ingestion.py for tasks to queue
[2025-10-29T18:45:29.878+0000] {logging_mixin.py:188} INFO - [2025-10-29T18:45:29.877+0000] {dagbag.py:545} INFO - Filling up the DagBag from /opt/airflow/dags/data_ingestion.py
[2025-10-29T18:45:30.492+0000] {processor.py:840} INFO - DAG(s) 'police_data_ingestion' retrieved from /opt/airflow/dags/data_ingestion.py
[2025-10-29T18:45:30.525+0000] {logging_mixin.py:188} INFO - [2025-10-29T18:45:30.525+0000] {dag.py:3096} INFO - Sync 1 DAGs
[2025-10-29T18:45:30.549+0000] {logging_mixin.py:188} INFO - [2025-10-29T18:45:30.548+0000] {dag.py:3954} INFO - Setting next_dagrun for police_data_ingestion to 2025-11-01 00:00:00+00:00, run_after=2025-12-01 00:00:00+00:00
[2025-10-29T18:45:30.571+0000] {processor.py:183} INFO - Processing /opt/airflow/dags/data_ingestion.py took 0.706 seconds
[2025-10-29T18:46:01.165+0000] {processor.py:161} INFO - Started process (PID=5027) to work on /opt/airflow/dags/data_ingestion.py
[2025-10-29T18:46:01.166+0000] {processor.py:830} INFO - Processing file /opt/airflow/dags/data_ingestion.py for tasks to queue
[2025-10-29T18:46:01.169+0000] {logging_mixin.py:188} INFO - [2025-10-29T18:46:01.168+0000] {dagbag.py:545} INFO - Filling up the DagBag from /opt/airflow/dags/data_ingestion.py
[2025-10-29T18:46:01.765+0000] {processor.py:840} INFO - DAG(s) 'police_data_ingestion' retrieved from /opt/airflow/dags/data_ingestion.py
[2025-10-29T18:46:01.799+0000] {logging_mixin.py:188} INFO - [2025-10-29T18:46:01.798+0000] {dag.py:3096} INFO - Sync 1 DAGs
[2025-10-29T18:46:01.821+0000] {logging_mixin.py:188} INFO - [2025-10-29T18:46:01.821+0000] {dag.py:3954} INFO - Setting next_dagrun for police_data_ingestion to 2025-11-01 00:00:00+00:00, run_after=2025-12-01 00:00:00+00:00
[2025-10-29T18:46:01.852+0000] {processor.py:183} INFO - Processing /opt/airflow/dags/data_ingestion.py took 0.695 seconds
[2025-10-29T18:46:32.503+0000] {processor.py:161} INFO - Started process (PID=5039) to work on /opt/airflow/dags/data_ingestion.py
[2025-10-29T18:46:32.504+0000] {processor.py:830} INFO - Processing file /opt/airflow/dags/data_ingestion.py for tasks to queue
[2025-10-29T18:46:32.507+0000] {logging_mixin.py:188} INFO - [2025-10-29T18:46:32.506+0000] {dagbag.py:545} INFO - Filling up the DagBag from /opt/airflow/dags/data_ingestion.py
[2025-10-29T18:46:33.108+0000] {processor.py:840} INFO - DAG(s) 'police_data_ingestion' retrieved from /opt/airflow/dags/data_ingestion.py
[2025-10-29T18:46:33.140+0000] {logging_mixin.py:188} INFO - [2025-10-29T18:46:33.140+0000] {dag.py:3096} INFO - Sync 1 DAGs
[2025-10-29T18:46:33.166+0000] {logging_mixin.py:188} INFO - [2025-10-29T18:46:33.165+0000] {dag.py:3954} INFO - Setting next_dagrun for police_data_ingestion to 2025-11-01 00:00:00+00:00, run_after=2025-12-01 00:00:00+00:00
[2025-10-29T18:46:33.189+0000] {processor.py:183} INFO - Processing /opt/airflow/dags/data_ingestion.py took 0.694 seconds
[2025-10-29T18:47:03.676+0000] {processor.py:161} INFO - Started process (PID=5051) to work on /opt/airflow/dags/data_ingestion.py
[2025-10-29T18:47:03.677+0000] {processor.py:830} INFO - Processing file /opt/airflow/dags/data_ingestion.py for tasks to queue
[2025-10-29T18:47:03.680+0000] {logging_mixin.py:188} INFO - [2025-10-29T18:47:03.679+0000] {dagbag.py:545} INFO - Filling up the DagBag from /opt/airflow/dags/data_ingestion.py
[2025-10-29T18:47:04.289+0000] {processor.py:840} INFO - DAG(s) 'police_data_ingestion' retrieved from /opt/airflow/dags/data_ingestion.py
[2025-10-29T18:47:04.324+0000] {logging_mixin.py:188} INFO - [2025-10-29T18:47:04.324+0000] {dag.py:3096} INFO - Sync 1 DAGs
[2025-10-29T18:47:04.351+0000] {logging_mixin.py:188} INFO - [2025-10-29T18:47:04.350+0000] {dag.py:3954} INFO - Setting next_dagrun for police_data_ingestion to 2025-11-01 00:00:00+00:00, run_after=2025-12-01 00:00:00+00:00
[2025-10-29T18:47:04.373+0000] {processor.py:183} INFO - Processing /opt/airflow/dags/data_ingestion.py took 0.705 seconds
[2025-10-29T18:47:34.905+0000] {processor.py:161} INFO - Started process (PID=5063) to work on /opt/airflow/dags/data_ingestion.py
[2025-10-29T18:47:34.907+0000] {processor.py:830} INFO - Processing file /opt/airflow/dags/data_ingestion.py for tasks to queue
[2025-10-29T18:47:34.909+0000] {logging_mixin.py:188} INFO - [2025-10-29T18:47:34.909+0000] {dagbag.py:545} INFO - Filling up the DagBag from /opt/airflow/dags/data_ingestion.py
[2025-10-29T18:47:35.491+0000] {processor.py:840} INFO - DAG(s) 'police_data_ingestion' retrieved from /opt/airflow/dags/data_ingestion.py
[2025-10-29T18:47:35.530+0000] {logging_mixin.py:188} INFO - [2025-10-29T18:47:35.529+0000] {dag.py:3096} INFO - Sync 1 DAGs
[2025-10-29T18:47:35.554+0000] {logging_mixin.py:188} INFO - [2025-10-29T18:47:35.554+0000] {dag.py:3954} INFO - Setting next_dagrun for police_data_ingestion to 2025-11-01 00:00:00+00:00, run_after=2025-12-01 00:00:00+00:00
[2025-10-29T18:47:35.579+0000] {processor.py:183} INFO - Processing /opt/airflow/dags/data_ingestion.py took 0.682 seconds
[2025-10-29T18:48:06.092+0000] {processor.py:161} INFO - Started process (PID=5075) to work on /opt/airflow/dags/data_ingestion.py
[2025-10-29T18:48:06.093+0000] {processor.py:830} INFO - Processing file /opt/airflow/dags/data_ingestion.py for tasks to queue
[2025-10-29T18:48:06.095+0000] {logging_mixin.py:188} INFO - [2025-10-29T18:48:06.095+0000] {dagbag.py:545} INFO - Filling up the DagBag from /opt/airflow/dags/data_ingestion.py
[2025-10-29T18:48:06.680+0000] {processor.py:840} INFO - DAG(s) 'police_data_ingestion' retrieved from /opt/airflow/dags/data_ingestion.py
[2025-10-29T18:48:06.714+0000] {logging_mixin.py:188} INFO - [2025-10-29T18:48:06.714+0000] {dag.py:3096} INFO - Sync 1 DAGs
[2025-10-29T18:48:06.737+0000] {logging_mixin.py:188} INFO - [2025-10-29T18:48:06.737+0000] {dag.py:3954} INFO - Setting next_dagrun for police_data_ingestion to 2025-11-01 00:00:00+00:00, run_after=2025-12-01 00:00:00+00:00
[2025-10-29T18:48:06.763+0000] {processor.py:183} INFO - Processing /opt/airflow/dags/data_ingestion.py took 0.679 seconds
[2025-10-29T18:48:37.237+0000] {processor.py:161} INFO - Started process (PID=5087) to work on /opt/airflow/dags/data_ingestion.py
[2025-10-29T18:48:37.238+0000] {processor.py:830} INFO - Processing file /opt/airflow/dags/data_ingestion.py for tasks to queue
[2025-10-29T18:48:37.241+0000] {logging_mixin.py:188} INFO - [2025-10-29T18:48:37.241+0000] {dagbag.py:545} INFO - Filling up the DagBag from /opt/airflow/dags/data_ingestion.py
[2025-10-29T18:48:37.822+0000] {processor.py:840} INFO - DAG(s) 'police_data_ingestion' retrieved from /opt/airflow/dags/data_ingestion.py
[2025-10-29T18:48:37.854+0000] {logging_mixin.py:188} INFO - [2025-10-29T18:48:37.853+0000] {dag.py:3096} INFO - Sync 1 DAGs
[2025-10-29T18:48:37.878+0000] {logging_mixin.py:188} INFO - [2025-10-29T18:48:37.878+0000] {dag.py:3954} INFO - Setting next_dagrun for police_data_ingestion to 2025-11-01 00:00:00+00:00, run_after=2025-12-01 00:00:00+00:00
[2025-10-29T18:48:37.904+0000] {processor.py:183} INFO - Processing /opt/airflow/dags/data_ingestion.py took 0.675 seconds
[2025-10-29T18:49:08.419+0000] {processor.py:161} INFO - Started process (PID=5099) to work on /opt/airflow/dags/data_ingestion.py
[2025-10-29T18:49:08.421+0000] {processor.py:830} INFO - Processing file /opt/airflow/dags/data_ingestion.py for tasks to queue
[2025-10-29T18:49:08.424+0000] {logging_mixin.py:188} INFO - [2025-10-29T18:49:08.423+0000] {dagbag.py:545} INFO - Filling up the DagBag from /opt/airflow/dags/data_ingestion.py
[2025-10-29T18:49:09.033+0000] {processor.py:840} INFO - DAG(s) 'police_data_ingestion' retrieved from /opt/airflow/dags/data_ingestion.py
[2025-10-29T18:49:09.067+0000] {logging_mixin.py:188} INFO - [2025-10-29T18:49:09.067+0000] {dag.py:3096} INFO - Sync 1 DAGs
[2025-10-29T18:49:09.091+0000] {logging_mixin.py:188} INFO - [2025-10-29T18:49:09.091+0000] {dag.py:3954} INFO - Setting next_dagrun for police_data_ingestion to 2025-11-01 00:00:00+00:00, run_after=2025-12-01 00:00:00+00:00
[2025-10-29T18:49:09.118+0000] {processor.py:183} INFO - Processing /opt/airflow/dags/data_ingestion.py took 0.711 seconds
[2025-10-29T18:49:39.657+0000] {processor.py:161} INFO - Started process (PID=5111) to work on /opt/airflow/dags/data_ingestion.py
[2025-10-29T18:49:39.659+0000] {processor.py:830} INFO - Processing file /opt/airflow/dags/data_ingestion.py for tasks to queue
[2025-10-29T18:49:39.662+0000] {logging_mixin.py:188} INFO - [2025-10-29T18:49:39.661+0000] {dagbag.py:545} INFO - Filling up the DagBag from /opt/airflow/dags/data_ingestion.py
[2025-10-29T18:49:40.259+0000] {processor.py:840} INFO - DAG(s) 'police_data_ingestion' retrieved from /opt/airflow/dags/data_ingestion.py
[2025-10-29T18:49:40.291+0000] {logging_mixin.py:188} INFO - [2025-10-29T18:49:40.291+0000] {dag.py:3096} INFO - Sync 1 DAGs
[2025-10-29T18:49:40.313+0000] {logging_mixin.py:188} INFO - [2025-10-29T18:49:40.313+0000] {dag.py:3954} INFO - Setting next_dagrun for police_data_ingestion to 2025-11-01 00:00:00+00:00, run_after=2025-12-01 00:00:00+00:00
[2025-10-29T18:49:40.339+0000] {processor.py:183} INFO - Processing /opt/airflow/dags/data_ingestion.py took 0.690 seconds
[2025-10-29T18:50:10.859+0000] {processor.py:161} INFO - Started process (PID=5123) to work on /opt/airflow/dags/data_ingestion.py
[2025-10-29T18:50:10.860+0000] {processor.py:830} INFO - Processing file /opt/airflow/dags/data_ingestion.py for tasks to queue
[2025-10-29T18:50:10.863+0000] {logging_mixin.py:188} INFO - [2025-10-29T18:50:10.862+0000] {dagbag.py:545} INFO - Filling up the DagBag from /opt/airflow/dags/data_ingestion.py
[2025-10-29T18:50:11.486+0000] {processor.py:840} INFO - DAG(s) 'police_data_ingestion' retrieved from /opt/airflow/dags/data_ingestion.py
[2025-10-29T18:50:11.519+0000] {logging_mixin.py:188} INFO - [2025-10-29T18:50:11.519+0000] {dag.py:3096} INFO - Sync 1 DAGs
[2025-10-29T18:50:11.542+0000] {logging_mixin.py:188} INFO - [2025-10-29T18:50:11.542+0000] {dag.py:3954} INFO - Setting next_dagrun for police_data_ingestion to 2025-11-01 00:00:00+00:00, run_after=2025-12-01 00:00:00+00:00
[2025-10-29T18:50:11.567+0000] {processor.py:183} INFO - Processing /opt/airflow/dags/data_ingestion.py took 0.716 seconds
[2025-10-29T18:50:42.119+0000] {processor.py:161} INFO - Started process (PID=5135) to work on /opt/airflow/dags/data_ingestion.py
[2025-10-29T18:50:42.121+0000] {processor.py:830} INFO - Processing file /opt/airflow/dags/data_ingestion.py for tasks to queue
[2025-10-29T18:50:42.123+0000] {logging_mixin.py:188} INFO - [2025-10-29T18:50:42.123+0000] {dagbag.py:545} INFO - Filling up the DagBag from /opt/airflow/dags/data_ingestion.py
[2025-10-29T18:50:42.729+0000] {processor.py:840} INFO - DAG(s) 'police_data_ingestion' retrieved from /opt/airflow/dags/data_ingestion.py
[2025-10-29T18:50:42.763+0000] {logging_mixin.py:188} INFO - [2025-10-29T18:50:42.762+0000] {dag.py:3096} INFO - Sync 1 DAGs
[2025-10-29T18:50:42.786+0000] {logging_mixin.py:188} INFO - [2025-10-29T18:50:42.786+0000] {dag.py:3954} INFO - Setting next_dagrun for police_data_ingestion to 2025-11-01 00:00:00+00:00, run_after=2025-12-01 00:00:00+00:00
[2025-10-29T18:50:42.812+0000] {processor.py:183} INFO - Processing /opt/airflow/dags/data_ingestion.py took 0.700 seconds
[2025-10-29T18:51:13.330+0000] {processor.py:161} INFO - Started process (PID=5147) to work on /opt/airflow/dags/data_ingestion.py
[2025-10-29T18:51:13.332+0000] {processor.py:830} INFO - Processing file /opt/airflow/dags/data_ingestion.py for tasks to queue
[2025-10-29T18:51:13.335+0000] {logging_mixin.py:188} INFO - [2025-10-29T18:51:13.334+0000] {dagbag.py:545} INFO - Filling up the DagBag from /opt/airflow/dags/data_ingestion.py
[2025-10-29T18:51:13.974+0000] {processor.py:840} INFO - DAG(s) 'police_data_ingestion' retrieved from /opt/airflow/dags/data_ingestion.py
[2025-10-29T18:51:14.010+0000] {logging_mixin.py:188} INFO - [2025-10-29T18:51:14.009+0000] {dag.py:3096} INFO - Sync 1 DAGs
[2025-10-29T18:51:14.032+0000] {logging_mixin.py:188} INFO - [2025-10-29T18:51:14.031+0000] {dag.py:3954} INFO - Setting next_dagrun for police_data_ingestion to 2025-11-01 00:00:00+00:00, run_after=2025-12-01 00:00:00+00:00
[2025-10-29T18:51:14.055+0000] {processor.py:183} INFO - Processing /opt/airflow/dags/data_ingestion.py took 0.734 seconds
[2025-10-29T18:51:44.689+0000] {processor.py:161} INFO - Started process (PID=5159) to work on /opt/airflow/dags/data_ingestion.py
[2025-10-29T18:51:44.690+0000] {processor.py:830} INFO - Processing file /opt/airflow/dags/data_ingestion.py for tasks to queue
[2025-10-29T18:51:44.693+0000] {logging_mixin.py:188} INFO - [2025-10-29T18:51:44.693+0000] {dagbag.py:545} INFO - Filling up the DagBag from /opt/airflow/dags/data_ingestion.py
[2025-10-29T18:51:45.303+0000] {processor.py:840} INFO - DAG(s) 'police_data_ingestion' retrieved from /opt/airflow/dags/data_ingestion.py
[2025-10-29T18:51:45.337+0000] {logging_mixin.py:188} INFO - [2025-10-29T18:51:45.337+0000] {dag.py:3096} INFO - Sync 1 DAGs
[2025-10-29T18:51:45.359+0000] {logging_mixin.py:188} INFO - [2025-10-29T18:51:45.359+0000] {dag.py:3954} INFO - Setting next_dagrun for police_data_ingestion to 2025-11-01 00:00:00+00:00, run_after=2025-12-01 00:00:00+00:00
[2025-10-29T18:51:45.382+0000] {processor.py:183} INFO - Processing /opt/airflow/dags/data_ingestion.py took 0.706 seconds
[2025-10-29T18:52:15.914+0000] {processor.py:161} INFO - Started process (PID=5171) to work on /opt/airflow/dags/data_ingestion.py
[2025-10-29T18:52:15.916+0000] {processor.py:830} INFO - Processing file /opt/airflow/dags/data_ingestion.py for tasks to queue
[2025-10-29T18:52:15.918+0000] {logging_mixin.py:188} INFO - [2025-10-29T18:52:15.918+0000] {dagbag.py:545} INFO - Filling up the DagBag from /opt/airflow/dags/data_ingestion.py
[2025-10-29T18:52:16.581+0000] {processor.py:840} INFO - DAG(s) 'police_data_ingestion' retrieved from /opt/airflow/dags/data_ingestion.py
[2025-10-29T18:52:16.626+0000] {logging_mixin.py:188} INFO - [2025-10-29T18:52:16.625+0000] {dag.py:3096} INFO - Sync 1 DAGs
[2025-10-29T18:52:16.654+0000] {logging_mixin.py:188} INFO - [2025-10-29T18:52:16.654+0000] {dag.py:3954} INFO - Setting next_dagrun for police_data_ingestion to 2025-11-01 00:00:00+00:00, run_after=2025-12-01 00:00:00+00:00
[2025-10-29T18:52:16.686+0000] {processor.py:183} INFO - Processing /opt/airflow/dags/data_ingestion.py took 0.779 seconds
[2025-10-29T18:52:47.164+0000] {processor.py:161} INFO - Started process (PID=5183) to work on /opt/airflow/dags/data_ingestion.py
[2025-10-29T18:52:47.165+0000] {processor.py:830} INFO - Processing file /opt/airflow/dags/data_ingestion.py for tasks to queue
[2025-10-29T18:52:47.168+0000] {logging_mixin.py:188} INFO - [2025-10-29T18:52:47.167+0000] {dagbag.py:545} INFO - Filling up the DagBag from /opt/airflow/dags/data_ingestion.py
[2025-10-29T18:52:47.885+0000] {processor.py:840} INFO - DAG(s) 'police_data_ingestion' retrieved from /opt/airflow/dags/data_ingestion.py
[2025-10-29T18:52:47.921+0000] {logging_mixin.py:188} INFO - [2025-10-29T18:52:47.921+0000] {dag.py:3096} INFO - Sync 1 DAGs
[2025-10-29T18:52:47.958+0000] {logging_mixin.py:188} INFO - [2025-10-29T18:52:47.957+0000] {dag.py:3954} INFO - Setting next_dagrun for police_data_ingestion to 2025-11-01 00:00:00+00:00, run_after=2025-12-01 00:00:00+00:00
[2025-10-29T18:52:47.989+0000] {processor.py:183} INFO - Processing /opt/airflow/dags/data_ingestion.py took 0.834 seconds
[2025-10-29T18:53:18.508+0000] {processor.py:161} INFO - Started process (PID=5195) to work on /opt/airflow/dags/data_ingestion.py
[2025-10-29T18:53:18.510+0000] {processor.py:830} INFO - Processing file /opt/airflow/dags/data_ingestion.py for tasks to queue
[2025-10-29T18:53:18.512+0000] {logging_mixin.py:188} INFO - [2025-10-29T18:53:18.512+0000] {dagbag.py:545} INFO - Filling up the DagBag from /opt/airflow/dags/data_ingestion.py
[2025-10-29T18:53:19.110+0000] {processor.py:840} INFO - DAG(s) 'police_data_ingestion' retrieved from /opt/airflow/dags/data_ingestion.py
[2025-10-29T18:53:19.149+0000] {logging_mixin.py:188} INFO - [2025-10-29T18:53:19.149+0000] {dag.py:3096} INFO - Sync 1 DAGs
[2025-10-29T18:53:19.176+0000] {logging_mixin.py:188} INFO - [2025-10-29T18:53:19.176+0000] {dag.py:3954} INFO - Setting next_dagrun for police_data_ingestion to 2025-11-01 00:00:00+00:00, run_after=2025-12-01 00:00:00+00:00
[2025-10-29T18:53:19.213+0000] {processor.py:183} INFO - Processing /opt/airflow/dags/data_ingestion.py took 0.712 seconds
[2025-10-29T18:53:49.803+0000] {processor.py:161} INFO - Started process (PID=5207) to work on /opt/airflow/dags/data_ingestion.py
[2025-10-29T18:53:49.805+0000] {processor.py:830} INFO - Processing file /opt/airflow/dags/data_ingestion.py for tasks to queue
[2025-10-29T18:53:49.808+0000] {logging_mixin.py:188} INFO - [2025-10-29T18:53:49.808+0000] {dagbag.py:545} INFO - Filling up the DagBag from /opt/airflow/dags/data_ingestion.py
[2025-10-29T18:53:50.491+0000] {processor.py:840} INFO - DAG(s) 'police_data_ingestion' retrieved from /opt/airflow/dags/data_ingestion.py
[2025-10-29T18:53:50.523+0000] {logging_mixin.py:188} INFO - [2025-10-29T18:53:50.523+0000] {dag.py:3096} INFO - Sync 1 DAGs
[2025-10-29T18:53:50.545+0000] {logging_mixin.py:188} INFO - [2025-10-29T18:53:50.545+0000] {dag.py:3954} INFO - Setting next_dagrun for police_data_ingestion to 2025-11-01 00:00:00+00:00, run_after=2025-12-01 00:00:00+00:00
[2025-10-29T18:53:50.570+0000] {processor.py:183} INFO - Processing /opt/airflow/dags/data_ingestion.py took 0.776 seconds
[2025-10-29T18:54:21.064+0000] {processor.py:161} INFO - Started process (PID=5219) to work on /opt/airflow/dags/data_ingestion.py
[2025-10-29T18:54:21.066+0000] {processor.py:830} INFO - Processing file /opt/airflow/dags/data_ingestion.py for tasks to queue
[2025-10-29T18:54:21.070+0000] {logging_mixin.py:188} INFO - [2025-10-29T18:54:21.069+0000] {dagbag.py:545} INFO - Filling up the DagBag from /opt/airflow/dags/data_ingestion.py
[2025-10-29T18:54:21.733+0000] {processor.py:840} INFO - DAG(s) 'police_data_ingestion' retrieved from /opt/airflow/dags/data_ingestion.py
[2025-10-29T18:54:21.781+0000] {logging_mixin.py:188} INFO - [2025-10-29T18:54:21.779+0000] {dag.py:3096} INFO - Sync 1 DAGs
[2025-10-29T18:54:21.823+0000] {logging_mixin.py:188} INFO - [2025-10-29T18:54:21.822+0000] {dag.py:3954} INFO - Setting next_dagrun for police_data_ingestion to 2025-11-01 00:00:00+00:00, run_after=2025-12-01 00:00:00+00:00
[2025-10-29T18:54:21.932+0000] {processor.py:183} INFO - Processing /opt/airflow/dags/data_ingestion.py took 0.879 seconds
[2025-10-29T18:54:52.420+0000] {processor.py:161} INFO - Started process (PID=5231) to work on /opt/airflow/dags/data_ingestion.py
[2025-10-29T18:54:52.422+0000] {processor.py:830} INFO - Processing file /opt/airflow/dags/data_ingestion.py for tasks to queue
[2025-10-29T18:54:52.425+0000] {logging_mixin.py:188} INFO - [2025-10-29T18:54:52.425+0000] {dagbag.py:545} INFO - Filling up the DagBag from /opt/airflow/dags/data_ingestion.py
[2025-10-29T18:54:53.035+0000] {processor.py:840} INFO - DAG(s) 'police_data_ingestion' retrieved from /opt/airflow/dags/data_ingestion.py
[2025-10-29T18:54:53.067+0000] {logging_mixin.py:188} INFO - [2025-10-29T18:54:53.067+0000] {dag.py:3096} INFO - Sync 1 DAGs
[2025-10-29T18:54:53.090+0000] {logging_mixin.py:188} INFO - [2025-10-29T18:54:53.090+0000] {dag.py:3954} INFO - Setting next_dagrun for police_data_ingestion to 2025-11-01 00:00:00+00:00, run_after=2025-12-01 00:00:00+00:00
[2025-10-29T18:54:53.120+0000] {processor.py:183} INFO - Processing /opt/airflow/dags/data_ingestion.py took 0.707 seconds
[2025-10-29T18:55:23.683+0000] {processor.py:161} INFO - Started process (PID=5243) to work on /opt/airflow/dags/data_ingestion.py
[2025-10-29T18:55:23.684+0000] {processor.py:830} INFO - Processing file /opt/airflow/dags/data_ingestion.py for tasks to queue
[2025-10-29T18:55:23.687+0000] {logging_mixin.py:188} INFO - [2025-10-29T18:55:23.686+0000] {dagbag.py:545} INFO - Filling up the DagBag from /opt/airflow/dags/data_ingestion.py
[2025-10-29T18:55:24.312+0000] {processor.py:840} INFO - DAG(s) 'police_data_ingestion' retrieved from /opt/airflow/dags/data_ingestion.py
[2025-10-29T18:55:24.349+0000] {logging_mixin.py:188} INFO - [2025-10-29T18:55:24.348+0000] {dag.py:3096} INFO - Sync 1 DAGs
[2025-10-29T18:55:24.372+0000] {logging_mixin.py:188} INFO - [2025-10-29T18:55:24.372+0000] {dag.py:3954} INFO - Setting next_dagrun for police_data_ingestion to 2025-11-01 00:00:00+00:00, run_after=2025-12-01 00:00:00+00:00
[2025-10-29T18:55:24.401+0000] {processor.py:183} INFO - Processing /opt/airflow/dags/data_ingestion.py took 0.726 seconds
[2025-10-29T18:55:54.868+0000] {processor.py:161} INFO - Started process (PID=5255) to work on /opt/airflow/dags/data_ingestion.py
[2025-10-29T18:55:54.870+0000] {processor.py:830} INFO - Processing file /opt/airflow/dags/data_ingestion.py for tasks to queue
[2025-10-29T18:55:54.872+0000] {logging_mixin.py:188} INFO - [2025-10-29T18:55:54.872+0000] {dagbag.py:545} INFO - Filling up the DagBag from /opt/airflow/dags/data_ingestion.py
[2025-10-29T18:55:55.518+0000] {processor.py:840} INFO - DAG(s) 'police_data_ingestion' retrieved from /opt/airflow/dags/data_ingestion.py
[2025-10-29T18:55:55.564+0000] {logging_mixin.py:188} INFO - [2025-10-29T18:55:55.563+0000] {dag.py:3096} INFO - Sync 1 DAGs
[2025-10-29T18:55:55.594+0000] {logging_mixin.py:188} INFO - [2025-10-29T18:55:55.594+0000] {dag.py:3954} INFO - Setting next_dagrun for police_data_ingestion to 2025-11-01 00:00:00+00:00, run_after=2025-12-01 00:00:00+00:00
[2025-10-29T18:55:55.623+0000] {processor.py:183} INFO - Processing /opt/airflow/dags/data_ingestion.py took 0.767 seconds
[2025-10-29T18:56:26.189+0000] {processor.py:161} INFO - Started process (PID=5267) to work on /opt/airflow/dags/data_ingestion.py
[2025-10-29T18:56:26.191+0000] {processor.py:830} INFO - Processing file /opt/airflow/dags/data_ingestion.py for tasks to queue
[2025-10-29T18:56:26.194+0000] {logging_mixin.py:188} INFO - [2025-10-29T18:56:26.193+0000] {dagbag.py:545} INFO - Filling up the DagBag from /opt/airflow/dags/data_ingestion.py
[2025-10-29T18:56:26.818+0000] {processor.py:840} INFO - DAG(s) 'police_data_ingestion' retrieved from /opt/airflow/dags/data_ingestion.py
[2025-10-29T18:56:26.853+0000] {logging_mixin.py:188} INFO - [2025-10-29T18:56:26.852+0000] {dag.py:3096} INFO - Sync 1 DAGs
[2025-10-29T18:56:26.876+0000] {logging_mixin.py:188} INFO - [2025-10-29T18:56:26.876+0000] {dag.py:3954} INFO - Setting next_dagrun for police_data_ingestion to 2025-11-01 00:00:00+00:00, run_after=2025-12-01 00:00:00+00:00
[2025-10-29T18:56:26.902+0000] {processor.py:183} INFO - Processing /opt/airflow/dags/data_ingestion.py took 0.721 seconds
[2025-10-29T18:56:57.341+0000] {processor.py:161} INFO - Started process (PID=5279) to work on /opt/airflow/dags/data_ingestion.py
[2025-10-29T18:56:57.343+0000] {processor.py:830} INFO - Processing file /opt/airflow/dags/data_ingestion.py for tasks to queue
[2025-10-29T18:56:57.346+0000] {logging_mixin.py:188} INFO - [2025-10-29T18:56:57.346+0000] {dagbag.py:545} INFO - Filling up the DagBag from /opt/airflow/dags/data_ingestion.py
[2025-10-29T18:56:58.004+0000] {processor.py:840} INFO - DAG(s) 'police_data_ingestion' retrieved from /opt/airflow/dags/data_ingestion.py
[2025-10-29T18:56:58.042+0000] {logging_mixin.py:188} INFO - [2025-10-29T18:56:58.041+0000] {dag.py:3096} INFO - Sync 1 DAGs
[2025-10-29T18:56:58.067+0000] {logging_mixin.py:188} INFO - [2025-10-29T18:56:58.067+0000] {dag.py:3954} INFO - Setting next_dagrun for police_data_ingestion to 2025-11-01 00:00:00+00:00, run_after=2025-12-01 00:00:00+00:00
[2025-10-29T18:56:58.094+0000] {processor.py:183} INFO - Processing /opt/airflow/dags/data_ingestion.py took 0.762 seconds
[2025-10-29T18:57:28.602+0000] {processor.py:161} INFO - Started process (PID=5291) to work on /opt/airflow/dags/data_ingestion.py
[2025-10-29T18:57:28.603+0000] {processor.py:830} INFO - Processing file /opt/airflow/dags/data_ingestion.py for tasks to queue
[2025-10-29T18:57:28.606+0000] {logging_mixin.py:188} INFO - [2025-10-29T18:57:28.605+0000] {dagbag.py:545} INFO - Filling up the DagBag from /opt/airflow/dags/data_ingestion.py
[2025-10-29T18:57:29.285+0000] {processor.py:840} INFO - DAG(s) 'police_data_ingestion' retrieved from /opt/airflow/dags/data_ingestion.py
[2025-10-29T18:57:29.319+0000] {logging_mixin.py:188} INFO - [2025-10-29T18:57:29.318+0000] {dag.py:3096} INFO - Sync 1 DAGs
[2025-10-29T18:57:29.342+0000] {logging_mixin.py:188} INFO - [2025-10-29T18:57:29.341+0000] {dag.py:3954} INFO - Setting next_dagrun for police_data_ingestion to 2025-11-01 00:00:00+00:00, run_after=2025-12-01 00:00:00+00:00
[2025-10-29T18:57:29.363+0000] {processor.py:183} INFO - Processing /opt/airflow/dags/data_ingestion.py took 0.769 seconds
[2025-10-29T18:57:59.888+0000] {processor.py:161} INFO - Started process (PID=5303) to work on /opt/airflow/dags/data_ingestion.py
[2025-10-29T18:57:59.890+0000] {processor.py:830} INFO - Processing file /opt/airflow/dags/data_ingestion.py for tasks to queue
[2025-10-29T18:57:59.892+0000] {logging_mixin.py:188} INFO - [2025-10-29T18:57:59.892+0000] {dagbag.py:545} INFO - Filling up the DagBag from /opt/airflow/dags/data_ingestion.py
[2025-10-29T18:58:00.520+0000] {processor.py:840} INFO - DAG(s) 'police_data_ingestion' retrieved from /opt/airflow/dags/data_ingestion.py
[2025-10-29T18:58:00.553+0000] {logging_mixin.py:188} INFO - [2025-10-29T18:58:00.553+0000] {dag.py:3096} INFO - Sync 1 DAGs
[2025-10-29T18:58:00.576+0000] {logging_mixin.py:188} INFO - [2025-10-29T18:58:00.576+0000] {dag.py:3954} INFO - Setting next_dagrun for police_data_ingestion to 2025-11-01 00:00:00+00:00, run_after=2025-12-01 00:00:00+00:00
[2025-10-29T18:58:00.599+0000] {processor.py:183} INFO - Processing /opt/airflow/dags/data_ingestion.py took 0.719 seconds
[2025-10-29T18:58:31.098+0000] {processor.py:161} INFO - Started process (PID=5315) to work on /opt/airflow/dags/data_ingestion.py
[2025-10-29T18:58:31.099+0000] {processor.py:830} INFO - Processing file /opt/airflow/dags/data_ingestion.py for tasks to queue
[2025-10-29T18:58:31.102+0000] {logging_mixin.py:188} INFO - [2025-10-29T18:58:31.101+0000] {dagbag.py:545} INFO - Filling up the DagBag from /opt/airflow/dags/data_ingestion.py
[2025-10-29T18:58:31.703+0000] {processor.py:840} INFO - DAG(s) 'police_data_ingestion' retrieved from /opt/airflow/dags/data_ingestion.py
[2025-10-29T18:58:31.740+0000] {logging_mixin.py:188} INFO - [2025-10-29T18:58:31.739+0000] {dag.py:3096} INFO - Sync 1 DAGs
[2025-10-29T18:58:31.766+0000] {logging_mixin.py:188} INFO - [2025-10-29T18:58:31.766+0000] {dag.py:3954} INFO - Setting next_dagrun for police_data_ingestion to 2025-11-01 00:00:00+00:00, run_after=2025-12-01 00:00:00+00:00
[2025-10-29T18:58:31.803+0000] {processor.py:183} INFO - Processing /opt/airflow/dags/data_ingestion.py took 0.713 seconds
[2025-10-29T18:59:02.297+0000] {processor.py:161} INFO - Started process (PID=5327) to work on /opt/airflow/dags/data_ingestion.py
[2025-10-29T18:59:02.298+0000] {processor.py:830} INFO - Processing file /opt/airflow/dags/data_ingestion.py for tasks to queue
[2025-10-29T18:59:02.300+0000] {logging_mixin.py:188} INFO - [2025-10-29T18:59:02.300+0000] {dagbag.py:545} INFO - Filling up the DagBag from /opt/airflow/dags/data_ingestion.py
[2025-10-29T18:59:02.903+0000] {processor.py:840} INFO - DAG(s) 'police_data_ingestion' retrieved from /opt/airflow/dags/data_ingestion.py
[2025-10-29T18:59:02.938+0000] {logging_mixin.py:188} INFO - [2025-10-29T18:59:02.937+0000] {dag.py:3096} INFO - Sync 1 DAGs
[2025-10-29T18:59:02.963+0000] {logging_mixin.py:188} INFO - [2025-10-29T18:59:02.962+0000] {dag.py:3954} INFO - Setting next_dagrun for police_data_ingestion to 2025-11-01 00:00:00+00:00, run_after=2025-12-01 00:00:00+00:00
[2025-10-29T18:59:02.986+0000] {processor.py:183} INFO - Processing /opt/airflow/dags/data_ingestion.py took 0.697 seconds
[2025-10-29T18:59:33.494+0000] {processor.py:161} INFO - Started process (PID=5339) to work on /opt/airflow/dags/data_ingestion.py
[2025-10-29T18:59:33.495+0000] {processor.py:830} INFO - Processing file /opt/airflow/dags/data_ingestion.py for tasks to queue
[2025-10-29T18:59:33.498+0000] {logging_mixin.py:188} INFO - [2025-10-29T18:59:33.497+0000] {dagbag.py:545} INFO - Filling up the DagBag from /opt/airflow/dags/data_ingestion.py
[2025-10-29T18:59:34.147+0000] {processor.py:840} INFO - DAG(s) 'police_data_ingestion' retrieved from /opt/airflow/dags/data_ingestion.py
[2025-10-29T18:59:34.183+0000] {logging_mixin.py:188} INFO - [2025-10-29T18:59:34.182+0000] {dag.py:3096} INFO - Sync 1 DAGs
[2025-10-29T18:59:34.205+0000] {logging_mixin.py:188} INFO - [2025-10-29T18:59:34.204+0000] {dag.py:3954} INFO - Setting next_dagrun for police_data_ingestion to 2025-11-01 00:00:00+00:00, run_after=2025-12-01 00:00:00+00:00
[2025-10-29T18:59:34.226+0000] {processor.py:183} INFO - Processing /opt/airflow/dags/data_ingestion.py took 0.741 seconds
[2025-10-29T19:00:04.721+0000] {processor.py:161} INFO - Started process (PID=5351) to work on /opt/airflow/dags/data_ingestion.py
[2025-10-29T19:00:04.723+0000] {processor.py:830} INFO - Processing file /opt/airflow/dags/data_ingestion.py for tasks to queue
[2025-10-29T19:00:04.725+0000] {logging_mixin.py:188} INFO - [2025-10-29T19:00:04.725+0000] {dagbag.py:545} INFO - Filling up the DagBag from /opt/airflow/dags/data_ingestion.py
[2025-10-29T19:00:05.358+0000] {processor.py:840} INFO - DAG(s) 'police_data_ingestion' retrieved from /opt/airflow/dags/data_ingestion.py
[2025-10-29T19:00:05.393+0000] {logging_mixin.py:188} INFO - [2025-10-29T19:00:05.393+0000] {dag.py:3096} INFO - Sync 1 DAGs
[2025-10-29T19:00:05.418+0000] {logging_mixin.py:188} INFO - [2025-10-29T19:00:05.417+0000] {dag.py:3954} INFO - Setting next_dagrun for police_data_ingestion to 2025-11-01 00:00:00+00:00, run_after=2025-12-01 00:00:00+00:00
[2025-10-29T19:00:05.445+0000] {processor.py:183} INFO - Processing /opt/airflow/dags/data_ingestion.py took 0.732 seconds
[2025-10-29T19:00:35.906+0000] {processor.py:161} INFO - Started process (PID=5363) to work on /opt/airflow/dags/data_ingestion.py
[2025-10-29T19:00:35.907+0000] {processor.py:830} INFO - Processing file /opt/airflow/dags/data_ingestion.py for tasks to queue
[2025-10-29T19:00:35.910+0000] {logging_mixin.py:188} INFO - [2025-10-29T19:00:35.909+0000] {dagbag.py:545} INFO - Filling up the DagBag from /opt/airflow/dags/data_ingestion.py
[2025-10-29T19:00:36.531+0000] {processor.py:840} INFO - DAG(s) 'police_data_ingestion' retrieved from /opt/airflow/dags/data_ingestion.py
[2025-10-29T19:00:36.564+0000] {logging_mixin.py:188} INFO - [2025-10-29T19:00:36.563+0000] {dag.py:3096} INFO - Sync 1 DAGs
[2025-10-29T19:00:36.586+0000] {logging_mixin.py:188} INFO - [2025-10-29T19:00:36.586+0000] {dag.py:3954} INFO - Setting next_dagrun for police_data_ingestion to 2025-11-01 00:00:00+00:00, run_after=2025-12-01 00:00:00+00:00
[2025-10-29T19:00:36.611+0000] {processor.py:183} INFO - Processing /opt/airflow/dags/data_ingestion.py took 0.714 seconds
[2025-10-29T19:01:07.090+0000] {processor.py:161} INFO - Started process (PID=5375) to work on /opt/airflow/dags/data_ingestion.py
[2025-10-29T19:01:07.092+0000] {processor.py:830} INFO - Processing file /opt/airflow/dags/data_ingestion.py for tasks to queue
[2025-10-29T19:01:07.096+0000] {logging_mixin.py:188} INFO - [2025-10-29T19:01:07.095+0000] {dagbag.py:545} INFO - Filling up the DagBag from /opt/airflow/dags/data_ingestion.py
[2025-10-29T19:01:07.830+0000] {processor.py:840} INFO - DAG(s) 'police_data_ingestion' retrieved from /opt/airflow/dags/data_ingestion.py
[2025-10-29T19:01:07.885+0000] {logging_mixin.py:188} INFO - [2025-10-29T19:01:07.884+0000] {dag.py:3096} INFO - Sync 1 DAGs
[2025-10-29T19:01:07.941+0000] {logging_mixin.py:188} INFO - [2025-10-29T19:01:07.940+0000] {dag.py:3954} INFO - Setting next_dagrun for police_data_ingestion to 2025-11-01 00:00:00+00:00, run_after=2025-12-01 00:00:00+00:00
[2025-10-29T19:01:08.007+0000] {processor.py:183} INFO - Processing /opt/airflow/dags/data_ingestion.py took 0.926 seconds
[2025-10-29T19:01:38.576+0000] {processor.py:161} INFO - Started process (PID=5387) to work on /opt/airflow/dags/data_ingestion.py
[2025-10-29T19:01:38.577+0000] {processor.py:830} INFO - Processing file /opt/airflow/dags/data_ingestion.py for tasks to queue
[2025-10-29T19:01:38.580+0000] {logging_mixin.py:188} INFO - [2025-10-29T19:01:38.579+0000] {dagbag.py:545} INFO - Filling up the DagBag from /opt/airflow/dags/data_ingestion.py
[2025-10-29T19:01:39.355+0000] {processor.py:840} INFO - DAG(s) 'police_data_ingestion' retrieved from /opt/airflow/dags/data_ingestion.py
[2025-10-29T19:01:39.396+0000] {logging_mixin.py:188} INFO - [2025-10-29T19:01:39.395+0000] {dag.py:3096} INFO - Sync 1 DAGs
[2025-10-29T19:01:39.426+0000] {logging_mixin.py:188} INFO - [2025-10-29T19:01:39.426+0000] {dag.py:3954} INFO - Setting next_dagrun for police_data_ingestion to 2025-11-01 00:00:00+00:00, run_after=2025-12-01 00:00:00+00:00
[2025-10-29T19:01:39.454+0000] {processor.py:183} INFO - Processing /opt/airflow/dags/data_ingestion.py took 0.886 seconds
[2025-10-29T19:02:09.886+0000] {processor.py:161} INFO - Started process (PID=5399) to work on /opt/airflow/dags/data_ingestion.py
[2025-10-29T19:02:09.889+0000] {processor.py:830} INFO - Processing file /opt/airflow/dags/data_ingestion.py for tasks to queue
[2025-10-29T19:02:09.894+0000] {logging_mixin.py:188} INFO - [2025-10-29T19:02:09.893+0000] {dagbag.py:545} INFO - Filling up the DagBag from /opt/airflow/dags/data_ingestion.py
[2025-10-29T19:02:10.612+0000] {processor.py:840} INFO - DAG(s) 'police_data_ingestion' retrieved from /opt/airflow/dags/data_ingestion.py
[2025-10-29T19:02:10.648+0000] {logging_mixin.py:188} INFO - [2025-10-29T19:02:10.648+0000] {dag.py:3096} INFO - Sync 1 DAGs
[2025-10-29T19:02:10.673+0000] {logging_mixin.py:188} INFO - [2025-10-29T19:02:10.673+0000] {dag.py:3954} INFO - Setting next_dagrun for police_data_ingestion to 2025-11-01 00:00:00+00:00, run_after=2025-12-01 00:00:00+00:00
[2025-10-29T19:02:10.700+0000] {processor.py:183} INFO - Processing /opt/airflow/dags/data_ingestion.py took 0.825 seconds
[2025-10-29T19:02:41.037+0000] {processor.py:161} INFO - Started process (PID=5411) to work on /opt/airflow/dags/data_ingestion.py
[2025-10-29T19:02:41.038+0000] {processor.py:830} INFO - Processing file /opt/airflow/dags/data_ingestion.py for tasks to queue
[2025-10-29T19:02:41.041+0000] {logging_mixin.py:188} INFO - [2025-10-29T19:02:41.040+0000] {dagbag.py:545} INFO - Filling up the DagBag from /opt/airflow/dags/data_ingestion.py
[2025-10-29T19:02:41.725+0000] {processor.py:840} INFO - DAG(s) 'police_data_ingestion' retrieved from /opt/airflow/dags/data_ingestion.py
[2025-10-29T19:02:41.760+0000] {logging_mixin.py:188} INFO - [2025-10-29T19:02:41.760+0000] {dag.py:3096} INFO - Sync 1 DAGs
[2025-10-29T19:02:41.793+0000] {logging_mixin.py:188} INFO - [2025-10-29T19:02:41.792+0000] {dag.py:3954} INFO - Setting next_dagrun for police_data_ingestion to 2025-11-01 00:00:00+00:00, run_after=2025-12-01 00:00:00+00:00
[2025-10-29T19:02:41.819+0000] {processor.py:183} INFO - Processing /opt/airflow/dags/data_ingestion.py took 0.794 seconds
[2025-10-29T19:03:12.267+0000] {processor.py:161} INFO - Started process (PID=5423) to work on /opt/airflow/dags/data_ingestion.py
[2025-10-29T19:03:12.268+0000] {processor.py:830} INFO - Processing file /opt/airflow/dags/data_ingestion.py for tasks to queue
[2025-10-29T19:03:12.271+0000] {logging_mixin.py:188} INFO - [2025-10-29T19:03:12.270+0000] {dagbag.py:545} INFO - Filling up the DagBag from /opt/airflow/dags/data_ingestion.py
[2025-10-29T19:03:12.920+0000] {processor.py:840} INFO - DAG(s) 'police_data_ingestion' retrieved from /opt/airflow/dags/data_ingestion.py
[2025-10-29T19:03:12.954+0000] {logging_mixin.py:188} INFO - [2025-10-29T19:03:12.953+0000] {dag.py:3096} INFO - Sync 1 DAGs
[2025-10-29T19:03:12.982+0000] {logging_mixin.py:188} INFO - [2025-10-29T19:03:12.982+0000] {dag.py:3954} INFO - Setting next_dagrun for police_data_ingestion to 2025-11-01 00:00:00+00:00, run_after=2025-12-01 00:00:00+00:00
[2025-10-29T19:03:13.008+0000] {processor.py:183} INFO - Processing /opt/airflow/dags/data_ingestion.py took 0.749 seconds
[2025-10-29T19:03:43.519+0000] {processor.py:161} INFO - Started process (PID=5435) to work on /opt/airflow/dags/data_ingestion.py
[2025-10-29T19:03:43.520+0000] {processor.py:830} INFO - Processing file /opt/airflow/dags/data_ingestion.py for tasks to queue
[2025-10-29T19:03:43.523+0000] {logging_mixin.py:188} INFO - [2025-10-29T19:03:43.523+0000] {dagbag.py:545} INFO - Filling up the DagBag from /opt/airflow/dags/data_ingestion.py
[2025-10-29T19:03:44.145+0000] {processor.py:840} INFO - DAG(s) 'police_data_ingestion' retrieved from /opt/airflow/dags/data_ingestion.py
[2025-10-29T19:03:44.180+0000] {logging_mixin.py:188} INFO - [2025-10-29T19:03:44.180+0000] {dag.py:3096} INFO - Sync 1 DAGs
[2025-10-29T19:03:44.204+0000] {logging_mixin.py:188} INFO - [2025-10-29T19:03:44.204+0000] {dag.py:3954} INFO - Setting next_dagrun for police_data_ingestion to 2025-11-01 00:00:00+00:00, run_after=2025-12-01 00:00:00+00:00
[2025-10-29T19:03:44.232+0000] {processor.py:183} INFO - Processing /opt/airflow/dags/data_ingestion.py took 0.721 seconds
[2025-10-29T19:04:14.722+0000] {processor.py:161} INFO - Started process (PID=5447) to work on /opt/airflow/dags/data_ingestion.py
[2025-10-29T19:04:14.723+0000] {processor.py:830} INFO - Processing file /opt/airflow/dags/data_ingestion.py for tasks to queue
[2025-10-29T19:04:14.726+0000] {logging_mixin.py:188} INFO - [2025-10-29T19:04:14.725+0000] {dagbag.py:545} INFO - Filling up the DagBag from /opt/airflow/dags/data_ingestion.py
[2025-10-29T19:04:15.368+0000] {processor.py:840} INFO - DAG(s) 'police_data_ingestion' retrieved from /opt/airflow/dags/data_ingestion.py
[2025-10-29T19:04:15.399+0000] {logging_mixin.py:188} INFO - [2025-10-29T19:04:15.399+0000] {dag.py:3096} INFO - Sync 1 DAGs
[2025-10-29T19:04:15.422+0000] {logging_mixin.py:188} INFO - [2025-10-29T19:04:15.422+0000] {dag.py:3954} INFO - Setting next_dagrun for police_data_ingestion to 2025-11-01 00:00:00+00:00, run_after=2025-12-01 00:00:00+00:00
[2025-10-29T19:04:15.444+0000] {processor.py:183} INFO - Processing /opt/airflow/dags/data_ingestion.py took 0.730 seconds
[2025-10-29T19:04:45.932+0000] {processor.py:161} INFO - Started process (PID=5459) to work on /opt/airflow/dags/data_ingestion.py
[2025-10-29T19:04:45.933+0000] {processor.py:830} INFO - Processing file /opt/airflow/dags/data_ingestion.py for tasks to queue
[2025-10-29T19:04:45.936+0000] {logging_mixin.py:188} INFO - [2025-10-29T19:04:45.936+0000] {dagbag.py:545} INFO - Filling up the DagBag from /opt/airflow/dags/data_ingestion.py
[2025-10-29T19:04:46.674+0000] {processor.py:840} INFO - DAG(s) 'police_data_ingestion' retrieved from /opt/airflow/dags/data_ingestion.py
[2025-10-29T19:04:46.730+0000] {logging_mixin.py:188} INFO - [2025-10-29T19:04:46.729+0000] {dag.py:3096} INFO - Sync 1 DAGs
[2025-10-29T19:04:46.774+0000] {logging_mixin.py:188} INFO - [2025-10-29T19:04:46.774+0000] {dag.py:3954} INFO - Setting next_dagrun for police_data_ingestion to 2025-11-01 00:00:00+00:00, run_after=2025-12-01 00:00:00+00:00
[2025-10-29T19:04:46.809+0000] {processor.py:183} INFO - Processing /opt/airflow/dags/data_ingestion.py took 0.887 seconds
[2025-10-29T19:05:18.023+0000] {processor.py:161} INFO - Started process (PID=5471) to work on /opt/airflow/dags/data_ingestion.py
[2025-10-29T19:05:18.024+0000] {processor.py:830} INFO - Processing file /opt/airflow/dags/data_ingestion.py for tasks to queue
[2025-10-29T19:05:18.028+0000] {logging_mixin.py:188} INFO - [2025-10-29T19:05:18.028+0000] {dagbag.py:545} INFO - Filling up the DagBag from /opt/airflow/dags/data_ingestion.py
[2025-10-29T19:05:18.767+0000] {processor.py:840} INFO - DAG(s) 'police_data_ingestion' retrieved from /opt/airflow/dags/data_ingestion.py
[2025-10-29T19:05:18.809+0000] {logging_mixin.py:188} INFO - [2025-10-29T19:05:18.808+0000] {dag.py:3096} INFO - Sync 1 DAGs
[2025-10-29T19:05:18.843+0000] {logging_mixin.py:188} INFO - [2025-10-29T19:05:18.843+0000] {dag.py:3954} INFO - Setting next_dagrun for police_data_ingestion to 2025-11-01 00:00:00+00:00, run_after=2025-12-01 00:00:00+00:00
[2025-10-29T19:05:22.770+0000] {processor.py:183} INFO - Processing /opt/airflow/dags/data_ingestion.py took 4.759 seconds
[2025-10-29T19:05:53.094+0000] {processor.py:161} INFO - Started process (PID=5483) to work on /opt/airflow/dags/data_ingestion.py
[2025-10-29T19:05:53.096+0000] {processor.py:830} INFO - Processing file /opt/airflow/dags/data_ingestion.py for tasks to queue
[2025-10-29T19:05:53.099+0000] {logging_mixin.py:188} INFO - [2025-10-29T19:05:53.098+0000] {dagbag.py:545} INFO - Filling up the DagBag from /opt/airflow/dags/data_ingestion.py
[2025-10-29T19:05:53.707+0000] {processor.py:840} INFO - DAG(s) 'police_data_ingestion' retrieved from /opt/airflow/dags/data_ingestion.py
[2025-10-29T19:05:53.748+0000] {logging_mixin.py:188} INFO - [2025-10-29T19:05:53.747+0000] {dag.py:3096} INFO - Sync 1 DAGs
[2025-10-29T19:05:53.771+0000] {logging_mixin.py:188} INFO - [2025-10-29T19:05:53.771+0000] {dag.py:3954} INFO - Setting next_dagrun for police_data_ingestion to 2025-11-01 00:00:00+00:00, run_after=2025-12-01 00:00:00+00:00
[2025-10-29T19:05:53.795+0000] {processor.py:183} INFO - Processing /opt/airflow/dags/data_ingestion.py took 0.710 seconds
[2025-10-29T19:06:24.345+0000] {processor.py:161} INFO - Started process (PID=5495) to work on /opt/airflow/dags/data_ingestion.py
[2025-10-29T19:06:24.347+0000] {processor.py:830} INFO - Processing file /opt/airflow/dags/data_ingestion.py for tasks to queue
[2025-10-29T19:06:24.349+0000] {logging_mixin.py:188} INFO - [2025-10-29T19:06:24.349+0000] {dagbag.py:545} INFO - Filling up the DagBag from /opt/airflow/dags/data_ingestion.py
[2025-10-29T19:06:24.946+0000] {processor.py:840} INFO - DAG(s) 'police_data_ingestion' retrieved from /opt/airflow/dags/data_ingestion.py
[2025-10-29T19:06:24.979+0000] {logging_mixin.py:188} INFO - [2025-10-29T19:06:24.978+0000] {dag.py:3096} INFO - Sync 1 DAGs
[2025-10-29T19:06:25.002+0000] {logging_mixin.py:188} INFO - [2025-10-29T19:06:25.002+0000] {dag.py:3954} INFO - Setting next_dagrun for police_data_ingestion to 2025-11-01 00:00:00+00:00, run_after=2025-12-01 00:00:00+00:00
[2025-10-29T19:06:25.024+0000] {processor.py:183} INFO - Processing /opt/airflow/dags/data_ingestion.py took 0.687 seconds
[2025-10-29T19:06:55.607+0000] {processor.py:161} INFO - Started process (PID=5507) to work on /opt/airflow/dags/data_ingestion.py
[2025-10-29T19:06:55.610+0000] {processor.py:830} INFO - Processing file /opt/airflow/dags/data_ingestion.py for tasks to queue
[2025-10-29T19:06:55.618+0000] {logging_mixin.py:188} INFO - [2025-10-29T19:06:55.616+0000] {dagbag.py:545} INFO - Filling up the DagBag from /opt/airflow/dags/data_ingestion.py
[2025-10-29T19:06:56.912+0000] {processor.py:840} INFO - DAG(s) 'police_data_ingestion' retrieved from /opt/airflow/dags/data_ingestion.py
[2025-10-29T19:06:56.981+0000] {logging_mixin.py:188} INFO - [2025-10-29T19:06:56.978+0000] {dag.py:3096} INFO - Sync 1 DAGs
[2025-10-29T19:06:57.028+0000] {logging_mixin.py:188} INFO - [2025-10-29T19:06:57.028+0000] {dag.py:3954} INFO - Setting next_dagrun for police_data_ingestion to 2025-11-01 00:00:00+00:00, run_after=2025-12-01 00:00:00+00:00
[2025-10-29T19:06:57.068+0000] {processor.py:183} INFO - Processing /opt/airflow/dags/data_ingestion.py took 1.484 seconds
[2025-10-29T19:07:27.469+0000] {processor.py:161} INFO - Started process (PID=5519) to work on /opt/airflow/dags/data_ingestion.py
[2025-10-29T19:07:27.471+0000] {processor.py:830} INFO - Processing file /opt/airflow/dags/data_ingestion.py for tasks to queue
[2025-10-29T19:07:27.476+0000] {logging_mixin.py:188} INFO - [2025-10-29T19:07:27.475+0000] {dagbag.py:545} INFO - Filling up the DagBag from /opt/airflow/dags/data_ingestion.py
[2025-10-29T19:07:28.118+0000] {processor.py:840} INFO - DAG(s) 'police_data_ingestion' retrieved from /opt/airflow/dags/data_ingestion.py
[2025-10-29T19:07:28.151+0000] {logging_mixin.py:188} INFO - [2025-10-29T19:07:28.151+0000] {dag.py:3096} INFO - Sync 1 DAGs
[2025-10-29T19:07:28.176+0000] {logging_mixin.py:188} INFO - [2025-10-29T19:07:28.176+0000] {dag.py:3954} INFO - Setting next_dagrun for police_data_ingestion to 2025-11-01 00:00:00+00:00, run_after=2025-12-01 00:00:00+00:00
[2025-10-29T19:07:28.201+0000] {processor.py:183} INFO - Processing /opt/airflow/dags/data_ingestion.py took 0.744 seconds
[2025-10-29T19:07:58.709+0000] {processor.py:161} INFO - Started process (PID=5531) to work on /opt/airflow/dags/data_ingestion.py
[2025-10-29T19:07:58.711+0000] {processor.py:830} INFO - Processing file /opt/airflow/dags/data_ingestion.py for tasks to queue
[2025-10-29T19:07:58.714+0000] {logging_mixin.py:188} INFO - [2025-10-29T19:07:58.713+0000] {dagbag.py:545} INFO - Filling up the DagBag from /opt/airflow/dags/data_ingestion.py
[2025-10-29T19:07:59.421+0000] {processor.py:840} INFO - DAG(s) 'police_data_ingestion' retrieved from /opt/airflow/dags/data_ingestion.py
[2025-10-29T19:07:59.467+0000] {logging_mixin.py:188} INFO - [2025-10-29T19:07:59.466+0000] {dag.py:3096} INFO - Sync 1 DAGs
[2025-10-29T19:07:59.498+0000] {logging_mixin.py:188} INFO - [2025-10-29T19:07:59.497+0000] {dag.py:3954} INFO - Setting next_dagrun for police_data_ingestion to 2025-11-01 00:00:00+00:00, run_after=2025-12-01 00:00:00+00:00
[2025-10-29T19:07:59.531+0000] {processor.py:183} INFO - Processing /opt/airflow/dags/data_ingestion.py took 0.829 seconds
[2025-10-29T19:08:29.966+0000] {processor.py:161} INFO - Started process (PID=5543) to work on /opt/airflow/dags/data_ingestion.py
[2025-10-29T19:08:29.968+0000] {processor.py:830} INFO - Processing file /opt/airflow/dags/data_ingestion.py for tasks to queue
[2025-10-29T19:08:29.971+0000] {logging_mixin.py:188} INFO - [2025-10-29T19:08:29.970+0000] {dagbag.py:545} INFO - Filling up the DagBag from /opt/airflow/dags/data_ingestion.py
[2025-10-29T19:08:30.616+0000] {processor.py:840} INFO - DAG(s) 'police_data_ingestion' retrieved from /opt/airflow/dags/data_ingestion.py
[2025-10-29T19:08:30.652+0000] {logging_mixin.py:188} INFO - [2025-10-29T19:08:30.652+0000] {dag.py:3096} INFO - Sync 1 DAGs
[2025-10-29T19:08:30.678+0000] {logging_mixin.py:188} INFO - [2025-10-29T19:08:30.678+0000] {dag.py:3954} INFO - Setting next_dagrun for police_data_ingestion to 2025-11-01 00:00:00+00:00, run_after=2025-12-01 00:00:00+00:00
[2025-10-29T19:08:30.704+0000] {processor.py:183} INFO - Processing /opt/airflow/dags/data_ingestion.py took 0.746 seconds
[2025-10-29T19:09:01.129+0000] {processor.py:161} INFO - Started process (PID=5555) to work on /opt/airflow/dags/data_ingestion.py
[2025-10-29T19:09:01.132+0000] {processor.py:830} INFO - Processing file /opt/airflow/dags/data_ingestion.py for tasks to queue
[2025-10-29T19:09:01.135+0000] {logging_mixin.py:188} INFO - [2025-10-29T19:09:01.135+0000] {dagbag.py:545} INFO - Filling up the DagBag from /opt/airflow/dags/data_ingestion.py
[2025-10-29T19:09:01.810+0000] {processor.py:840} INFO - DAG(s) 'police_data_ingestion' retrieved from /opt/airflow/dags/data_ingestion.py
[2025-10-29T19:09:01.846+0000] {logging_mixin.py:188} INFO - [2025-10-29T19:09:01.846+0000] {dag.py:3096} INFO - Sync 1 DAGs
[2025-10-29T19:09:01.880+0000] {logging_mixin.py:188} INFO - [2025-10-29T19:09:01.880+0000] {dag.py:3954} INFO - Setting next_dagrun for police_data_ingestion to 2025-11-01 00:00:00+00:00, run_after=2025-12-01 00:00:00+00:00
[2025-10-29T19:09:01.907+0000] {processor.py:183} INFO - Processing /opt/airflow/dags/data_ingestion.py took 0.787 seconds
[2025-10-29T19:09:32.330+0000] {processor.py:161} INFO - Started process (PID=5567) to work on /opt/airflow/dags/data_ingestion.py
[2025-10-29T19:09:32.331+0000] {processor.py:830} INFO - Processing file /opt/airflow/dags/data_ingestion.py for tasks to queue
[2025-10-29T19:09:32.334+0000] {logging_mixin.py:188} INFO - [2025-10-29T19:09:32.333+0000] {dagbag.py:545} INFO - Filling up the DagBag from /opt/airflow/dags/data_ingestion.py
[2025-10-29T19:09:33.028+0000] {processor.py:840} INFO - DAG(s) 'police_data_ingestion' retrieved from /opt/airflow/dags/data_ingestion.py
[2025-10-29T19:09:33.065+0000] {logging_mixin.py:188} INFO - [2025-10-29T19:09:33.064+0000] {dag.py:3096} INFO - Sync 1 DAGs
[2025-10-29T19:09:33.094+0000] {logging_mixin.py:188} INFO - [2025-10-29T19:09:33.094+0000] {dag.py:3954} INFO - Setting next_dagrun for police_data_ingestion to 2025-11-01 00:00:00+00:00, run_after=2025-12-01 00:00:00+00:00
[2025-10-29T19:09:33.128+0000] {processor.py:183} INFO - Processing /opt/airflow/dags/data_ingestion.py took 0.807 seconds
[2025-10-29T19:10:03.564+0000] {processor.py:161} INFO - Started process (PID=5579) to work on /opt/airflow/dags/data_ingestion.py
[2025-10-29T19:10:03.566+0000] {processor.py:830} INFO - Processing file /opt/airflow/dags/data_ingestion.py for tasks to queue
[2025-10-29T19:10:03.569+0000] {logging_mixin.py:188} INFO - [2025-10-29T19:10:03.568+0000] {dagbag.py:545} INFO - Filling up the DagBag from /opt/airflow/dags/data_ingestion.py
[2025-10-29T19:10:04.422+0000] {processor.py:840} INFO - DAG(s) 'police_data_ingestion' retrieved from /opt/airflow/dags/data_ingestion.py
[2025-10-29T19:10:04.481+0000] {logging_mixin.py:188} INFO - [2025-10-29T19:10:04.480+0000] {dag.py:3096} INFO - Sync 1 DAGs
[2025-10-29T19:10:04.522+0000] {logging_mixin.py:188} INFO - [2025-10-29T19:10:04.522+0000] {dag.py:3954} INFO - Setting next_dagrun for police_data_ingestion to 2025-11-01 00:00:00+00:00, run_after=2025-12-01 00:00:00+00:00
[2025-10-29T19:10:04.584+0000] {processor.py:183} INFO - Processing /opt/airflow/dags/data_ingestion.py took 1.032 seconds
[2025-10-29T19:10:35.072+0000] {processor.py:161} INFO - Started process (PID=5591) to work on /opt/airflow/dags/data_ingestion.py
[2025-10-29T19:10:35.083+0000] {processor.py:830} INFO - Processing file /opt/airflow/dags/data_ingestion.py for tasks to queue
[2025-10-29T19:10:35.092+0000] {logging_mixin.py:188} INFO - [2025-10-29T19:10:35.091+0000] {dagbag.py:545} INFO - Filling up the DagBag from /opt/airflow/dags/data_ingestion.py
[2025-10-29T19:10:36.137+0000] {processor.py:840} INFO - DAG(s) 'police_data_ingestion' retrieved from /opt/airflow/dags/data_ingestion.py
[2025-10-29T19:10:36.181+0000] {logging_mixin.py:188} INFO - [2025-10-29T19:10:36.180+0000] {dag.py:3096} INFO - Sync 1 DAGs
[2025-10-29T19:10:36.209+0000] {logging_mixin.py:188} INFO - [2025-10-29T19:10:36.208+0000] {dag.py:3954} INFO - Setting next_dagrun for police_data_ingestion to 2025-11-01 00:00:00+00:00, run_after=2025-12-01 00:00:00+00:00
[2025-10-29T19:10:36.238+0000] {processor.py:183} INFO - Processing /opt/airflow/dags/data_ingestion.py took 1.195 seconds
[2025-10-29T19:11:06.692+0000] {processor.py:161} INFO - Started process (PID=5603) to work on /opt/airflow/dags/data_ingestion.py
[2025-10-29T19:11:06.694+0000] {processor.py:830} INFO - Processing file /opt/airflow/dags/data_ingestion.py for tasks to queue
[2025-10-29T19:11:06.696+0000] {logging_mixin.py:188} INFO - [2025-10-29T19:11:06.696+0000] {dagbag.py:545} INFO - Filling up the DagBag from /opt/airflow/dags/data_ingestion.py
[2025-10-29T19:11:07.408+0000] {processor.py:840} INFO - DAG(s) 'police_data_ingestion' retrieved from /opt/airflow/dags/data_ingestion.py
[2025-10-29T19:11:07.441+0000] {logging_mixin.py:188} INFO - [2025-10-29T19:11:07.440+0000] {dag.py:3096} INFO - Sync 1 DAGs
[2025-10-29T19:11:07.464+0000] {logging_mixin.py:188} INFO - [2025-10-29T19:11:07.464+0000] {dag.py:3954} INFO - Setting next_dagrun for police_data_ingestion to 2025-11-01 00:00:00+00:00, run_after=2025-12-01 00:00:00+00:00
[2025-10-29T19:11:07.493+0000] {processor.py:183} INFO - Processing /opt/airflow/dags/data_ingestion.py took 0.808 seconds
[2025-10-29T19:11:38.090+0000] {processor.py:161} INFO - Started process (PID=5615) to work on /opt/airflow/dags/data_ingestion.py
[2025-10-29T19:11:38.092+0000] {processor.py:830} INFO - Processing file /opt/airflow/dags/data_ingestion.py for tasks to queue
[2025-10-29T19:11:38.095+0000] {logging_mixin.py:188} INFO - [2025-10-29T19:11:38.095+0000] {dagbag.py:545} INFO - Filling up the DagBag from /opt/airflow/dags/data_ingestion.py
[2025-10-29T19:11:38.852+0000] {processor.py:840} INFO - DAG(s) 'police_data_ingestion' retrieved from /opt/airflow/dags/data_ingestion.py
[2025-10-29T19:11:38.899+0000] {logging_mixin.py:188} INFO - [2025-10-29T19:11:38.898+0000] {dag.py:3096} INFO - Sync 1 DAGs
[2025-10-29T19:11:38.936+0000] {logging_mixin.py:188} INFO - [2025-10-29T19:11:38.935+0000] {dag.py:3954} INFO - Setting next_dagrun for police_data_ingestion to 2025-11-01 00:00:00+00:00, run_after=2025-12-01 00:00:00+00:00
[2025-10-29T19:11:38.991+0000] {processor.py:183} INFO - Processing /opt/airflow/dags/data_ingestion.py took 0.909 seconds
[2025-10-29T19:12:09.590+0000] {processor.py:161} INFO - Started process (PID=5627) to work on /opt/airflow/dags/data_ingestion.py
[2025-10-29T19:12:09.592+0000] {processor.py:830} INFO - Processing file /opt/airflow/dags/data_ingestion.py for tasks to queue
[2025-10-29T19:12:09.596+0000] {logging_mixin.py:188} INFO - [2025-10-29T19:12:09.596+0000] {dagbag.py:545} INFO - Filling up the DagBag from /opt/airflow/dags/data_ingestion.py
[2025-10-29T19:12:10.395+0000] {processor.py:840} INFO - DAG(s) 'police_data_ingestion' retrieved from /opt/airflow/dags/data_ingestion.py
[2025-10-29T19:12:10.446+0000] {logging_mixin.py:188} INFO - [2025-10-29T19:12:10.445+0000] {dag.py:3096} INFO - Sync 1 DAGs
[2025-10-29T19:12:10.479+0000] {logging_mixin.py:188} INFO - [2025-10-29T19:12:10.479+0000] {dag.py:3954} INFO - Setting next_dagrun for police_data_ingestion to 2025-11-01 00:00:00+00:00, run_after=2025-12-01 00:00:00+00:00
[2025-10-29T19:12:10.503+0000] {processor.py:183} INFO - Processing /opt/airflow/dags/data_ingestion.py took 0.921 seconds
[2025-10-29T19:12:41.037+0000] {processor.py:161} INFO - Started process (PID=5639) to work on /opt/airflow/dags/data_ingestion.py
[2025-10-29T19:12:41.038+0000] {processor.py:830} INFO - Processing file /opt/airflow/dags/data_ingestion.py for tasks to queue
[2025-10-29T19:12:41.040+0000] {logging_mixin.py:188} INFO - [2025-10-29T19:12:41.040+0000] {dagbag.py:545} INFO - Filling up the DagBag from /opt/airflow/dags/data_ingestion.py
[2025-10-29T19:12:41.676+0000] {processor.py:840} INFO - DAG(s) 'police_data_ingestion' retrieved from /opt/airflow/dags/data_ingestion.py
[2025-10-29T19:12:41.718+0000] {logging_mixin.py:188} INFO - [2025-10-29T19:12:41.718+0000] {dag.py:3096} INFO - Sync 1 DAGs
[2025-10-29T19:12:41.741+0000] {logging_mixin.py:188} INFO - [2025-10-29T19:12:41.740+0000] {dag.py:3954} INFO - Setting next_dagrun for police_data_ingestion to 2025-11-01 00:00:00+00:00, run_after=2025-12-01 00:00:00+00:00
[2025-10-29T19:12:41.765+0000] {processor.py:183} INFO - Processing /opt/airflow/dags/data_ingestion.py took 0.738 seconds
[2025-10-29T19:13:12.183+0000] {processor.py:161} INFO - Started process (PID=5651) to work on /opt/airflow/dags/data_ingestion.py
[2025-10-29T19:13:12.184+0000] {processor.py:830} INFO - Processing file /opt/airflow/dags/data_ingestion.py for tasks to queue
[2025-10-29T19:13:12.187+0000] {logging_mixin.py:188} INFO - [2025-10-29T19:13:12.187+0000] {dagbag.py:545} INFO - Filling up the DagBag from /opt/airflow/dags/data_ingestion.py
[2025-10-29T19:13:12.814+0000] {processor.py:840} INFO - DAG(s) 'police_data_ingestion' retrieved from /opt/airflow/dags/data_ingestion.py
[2025-10-29T19:13:12.854+0000] {logging_mixin.py:188} INFO - [2025-10-29T19:13:12.854+0000] {dag.py:3096} INFO - Sync 1 DAGs
[2025-10-29T19:13:12.877+0000] {logging_mixin.py:188} INFO - [2025-10-29T19:13:12.877+0000] {dag.py:3954} INFO - Setting next_dagrun for police_data_ingestion to 2025-11-01 00:00:00+00:00, run_after=2025-12-01 00:00:00+00:00
[2025-10-29T19:13:12.910+0000] {processor.py:183} INFO - Processing /opt/airflow/dags/data_ingestion.py took 0.735 seconds
[2025-10-29T19:13:43.361+0000] {processor.py:161} INFO - Started process (PID=5663) to work on /opt/airflow/dags/data_ingestion.py
[2025-10-29T19:13:43.363+0000] {processor.py:830} INFO - Processing file /opt/airflow/dags/data_ingestion.py for tasks to queue
[2025-10-29T19:13:43.365+0000] {logging_mixin.py:188} INFO - [2025-10-29T19:13:43.365+0000] {dagbag.py:545} INFO - Filling up the DagBag from /opt/airflow/dags/data_ingestion.py
[2025-10-29T19:13:44.024+0000] {processor.py:840} INFO - DAG(s) 'police_data_ingestion' retrieved from /opt/airflow/dags/data_ingestion.py
[2025-10-29T19:13:44.067+0000] {logging_mixin.py:188} INFO - [2025-10-29T19:13:44.066+0000] {dag.py:3096} INFO - Sync 1 DAGs
[2025-10-29T19:13:44.095+0000] {logging_mixin.py:188} INFO - [2025-10-29T19:13:44.095+0000] {dag.py:3954} INFO - Setting next_dagrun for police_data_ingestion to 2025-11-01 00:00:00+00:00, run_after=2025-12-01 00:00:00+00:00
[2025-10-29T19:13:44.120+0000] {processor.py:183} INFO - Processing /opt/airflow/dags/data_ingestion.py took 0.766 seconds
[2025-10-29T19:14:14.580+0000] {processor.py:161} INFO - Started process (PID=5675) to work on /opt/airflow/dags/data_ingestion.py
[2025-10-29T19:14:14.582+0000] {processor.py:830} INFO - Processing file /opt/airflow/dags/data_ingestion.py for tasks to queue
[2025-10-29T19:14:14.585+0000] {logging_mixin.py:188} INFO - [2025-10-29T19:14:14.585+0000] {dagbag.py:545} INFO - Filling up the DagBag from /opt/airflow/dags/data_ingestion.py
[2025-10-29T19:14:15.197+0000] {processor.py:840} INFO - DAG(s) 'police_data_ingestion' retrieved from /opt/airflow/dags/data_ingestion.py
[2025-10-29T19:14:15.233+0000] {logging_mixin.py:188} INFO - [2025-10-29T19:14:15.232+0000] {dag.py:3096} INFO - Sync 1 DAGs
[2025-10-29T19:14:15.260+0000] {logging_mixin.py:188} INFO - [2025-10-29T19:14:15.260+0000] {dag.py:3954} INFO - Setting next_dagrun for police_data_ingestion to 2025-11-01 00:00:00+00:00, run_after=2025-12-01 00:00:00+00:00
[2025-10-29T19:14:15.284+0000] {processor.py:183} INFO - Processing /opt/airflow/dags/data_ingestion.py took 0.712 seconds
[2025-10-29T19:14:45.786+0000] {processor.py:161} INFO - Started process (PID=5687) to work on /opt/airflow/dags/data_ingestion.py
[2025-10-29T19:14:45.788+0000] {processor.py:830} INFO - Processing file /opt/airflow/dags/data_ingestion.py for tasks to queue
[2025-10-29T19:14:45.790+0000] {logging_mixin.py:188} INFO - [2025-10-29T19:14:45.790+0000] {dagbag.py:545} INFO - Filling up the DagBag from /opt/airflow/dags/data_ingestion.py
[2025-10-29T19:14:46.461+0000] {processor.py:840} INFO - DAG(s) 'police_data_ingestion' retrieved from /opt/airflow/dags/data_ingestion.py
[2025-10-29T19:14:46.500+0000] {logging_mixin.py:188} INFO - [2025-10-29T19:14:46.500+0000] {dag.py:3096} INFO - Sync 1 DAGs
[2025-10-29T19:14:46.533+0000] {logging_mixin.py:188} INFO - [2025-10-29T19:14:46.532+0000] {dag.py:3954} INFO - Setting next_dagrun for police_data_ingestion to 2025-11-01 00:00:00+00:00, run_after=2025-12-01 00:00:00+00:00
[2025-10-29T19:14:46.563+0000] {processor.py:183} INFO - Processing /opt/airflow/dags/data_ingestion.py took 0.785 seconds
[2025-10-29T19:15:17.024+0000] {processor.py:161} INFO - Started process (PID=5699) to work on /opt/airflow/dags/data_ingestion.py
[2025-10-29T19:15:17.025+0000] {processor.py:830} INFO - Processing file /opt/airflow/dags/data_ingestion.py for tasks to queue
[2025-10-29T19:15:17.028+0000] {logging_mixin.py:188} INFO - [2025-10-29T19:15:17.028+0000] {dagbag.py:545} INFO - Filling up the DagBag from /opt/airflow/dags/data_ingestion.py
[2025-10-29T19:15:17.631+0000] {processor.py:840} INFO - DAG(s) 'police_data_ingestion' retrieved from /opt/airflow/dags/data_ingestion.py
[2025-10-29T19:15:17.665+0000] {logging_mixin.py:188} INFO - [2025-10-29T19:15:17.665+0000] {dag.py:3096} INFO - Sync 1 DAGs
[2025-10-29T19:15:17.690+0000] {logging_mixin.py:188} INFO - [2025-10-29T19:15:17.689+0000] {dag.py:3954} INFO - Setting next_dagrun for police_data_ingestion to 2025-11-01 00:00:00+00:00, run_after=2025-12-01 00:00:00+00:00
[2025-10-29T19:15:17.714+0000] {processor.py:183} INFO - Processing /opt/airflow/dags/data_ingestion.py took 0.697 seconds
[2025-10-29T19:15:48.144+0000] {processor.py:161} INFO - Started process (PID=5711) to work on /opt/airflow/dags/data_ingestion.py
[2025-10-29T19:15:48.146+0000] {processor.py:830} INFO - Processing file /opt/airflow/dags/data_ingestion.py for tasks to queue
[2025-10-29T19:15:48.149+0000] {logging_mixin.py:188} INFO - [2025-10-29T19:15:48.148+0000] {dagbag.py:545} INFO - Filling up the DagBag from /opt/airflow/dags/data_ingestion.py
[2025-10-29T19:15:48.895+0000] {processor.py:840} INFO - DAG(s) 'police_data_ingestion' retrieved from /opt/airflow/dags/data_ingestion.py
[2025-10-29T19:15:48.932+0000] {logging_mixin.py:188} INFO - [2025-10-29T19:15:48.931+0000] {dag.py:3096} INFO - Sync 1 DAGs
[2025-10-29T19:15:48.961+0000] {logging_mixin.py:188} INFO - [2025-10-29T19:15:48.961+0000] {dag.py:3954} INFO - Setting next_dagrun for police_data_ingestion to 2025-11-01 00:00:00+00:00, run_after=2025-12-01 00:00:00+00:00
[2025-10-29T19:15:48.989+0000] {processor.py:183} INFO - Processing /opt/airflow/dags/data_ingestion.py took 0.853 seconds
[2025-10-29T19:16:19.470+0000] {processor.py:161} INFO - Started process (PID=5723) to work on /opt/airflow/dags/data_ingestion.py
[2025-10-29T19:16:19.472+0000] {processor.py:830} INFO - Processing file /opt/airflow/dags/data_ingestion.py for tasks to queue
[2025-10-29T19:16:19.474+0000] {logging_mixin.py:188} INFO - [2025-10-29T19:16:19.474+0000] {dagbag.py:545} INFO - Filling up the DagBag from /opt/airflow/dags/data_ingestion.py
[2025-10-29T19:16:20.106+0000] {processor.py:840} INFO - DAG(s) 'police_data_ingestion' retrieved from /opt/airflow/dags/data_ingestion.py
[2025-10-29T19:16:20.144+0000] {logging_mixin.py:188} INFO - [2025-10-29T19:16:20.143+0000] {dag.py:3096} INFO - Sync 1 DAGs
[2025-10-29T19:16:20.170+0000] {logging_mixin.py:188} INFO - [2025-10-29T19:16:20.169+0000] {dag.py:3954} INFO - Setting next_dagrun for police_data_ingestion to 2025-11-01 00:00:00+00:00, run_after=2025-12-01 00:00:00+00:00
[2025-10-29T19:16:20.197+0000] {processor.py:183} INFO - Processing /opt/airflow/dags/data_ingestion.py took 0.735 seconds
[2025-10-29T19:16:50.653+0000] {processor.py:161} INFO - Started process (PID=5735) to work on /opt/airflow/dags/data_ingestion.py
[2025-10-29T19:16:50.654+0000] {processor.py:830} INFO - Processing file /opt/airflow/dags/data_ingestion.py for tasks to queue
[2025-10-29T19:16:50.657+0000] {logging_mixin.py:188} INFO - [2025-10-29T19:16:50.656+0000] {dagbag.py:545} INFO - Filling up the DagBag from /opt/airflow/dags/data_ingestion.py
[2025-10-29T19:16:51.246+0000] {processor.py:840} INFO - DAG(s) 'police_data_ingestion' retrieved from /opt/airflow/dags/data_ingestion.py
[2025-10-29T19:16:51.278+0000] {logging_mixin.py:188} INFO - [2025-10-29T19:16:51.278+0000] {dag.py:3096} INFO - Sync 1 DAGs
[2025-10-29T19:16:51.301+0000] {logging_mixin.py:188} INFO - [2025-10-29T19:16:51.301+0000] {dag.py:3954} INFO - Setting next_dagrun for police_data_ingestion to 2025-11-01 00:00:00+00:00, run_after=2025-12-01 00:00:00+00:00
[2025-10-29T19:16:51.328+0000] {processor.py:183} INFO - Processing /opt/airflow/dags/data_ingestion.py took 0.684 seconds
[2025-10-29T19:17:21.805+0000] {processor.py:161} INFO - Started process (PID=5747) to work on /opt/airflow/dags/data_ingestion.py
[2025-10-29T19:17:21.807+0000] {processor.py:830} INFO - Processing file /opt/airflow/dags/data_ingestion.py for tasks to queue
[2025-10-29T19:17:21.810+0000] {logging_mixin.py:188} INFO - [2025-10-29T19:17:21.809+0000] {dagbag.py:545} INFO - Filling up the DagBag from /opt/airflow/dags/data_ingestion.py
[2025-10-29T19:17:22.609+0000] {processor.py:840} INFO - DAG(s) 'police_data_ingestion' retrieved from /opt/airflow/dags/data_ingestion.py
[2025-10-29T19:17:22.648+0000] {logging_mixin.py:188} INFO - [2025-10-29T19:17:22.647+0000] {dag.py:3096} INFO - Sync 1 DAGs
[2025-10-29T19:17:22.676+0000] {logging_mixin.py:188} INFO - [2025-10-29T19:17:22.676+0000] {dag.py:3954} INFO - Setting next_dagrun for police_data_ingestion to 2025-11-01 00:00:00+00:00, run_after=2025-12-01 00:00:00+00:00
[2025-10-29T19:17:22.706+0000] {processor.py:183} INFO - Processing /opt/airflow/dags/data_ingestion.py took 0.910 seconds
[2025-10-29T19:17:53.282+0000] {processor.py:161} INFO - Started process (PID=5759) to work on /opt/airflow/dags/data_ingestion.py
[2025-10-29T19:17:53.285+0000] {processor.py:830} INFO - Processing file /opt/airflow/dags/data_ingestion.py for tasks to queue
[2025-10-29T19:17:53.300+0000] {logging_mixin.py:188} INFO - [2025-10-29T19:17:53.298+0000] {dagbag.py:545} INFO - Filling up the DagBag from /opt/airflow/dags/data_ingestion.py
[2025-10-29T19:17:54.241+0000] {processor.py:840} INFO - DAG(s) 'police_data_ingestion' retrieved from /opt/airflow/dags/data_ingestion.py
[2025-10-29T19:17:54.276+0000] {logging_mixin.py:188} INFO - [2025-10-29T19:17:54.276+0000] {dag.py:3096} INFO - Sync 1 DAGs
[2025-10-29T19:17:54.302+0000] {logging_mixin.py:188} INFO - [2025-10-29T19:17:54.302+0000] {dag.py:3954} INFO - Setting next_dagrun for police_data_ingestion to 2025-11-01 00:00:00+00:00, run_after=2025-12-01 00:00:00+00:00
[2025-10-29T19:17:54.330+0000] {processor.py:183} INFO - Processing /opt/airflow/dags/data_ingestion.py took 1.073 seconds
[2025-10-29T19:18:24.858+0000] {processor.py:161} INFO - Started process (PID=5771) to work on /opt/airflow/dags/data_ingestion.py
[2025-10-29T19:18:24.859+0000] {processor.py:830} INFO - Processing file /opt/airflow/dags/data_ingestion.py for tasks to queue
[2025-10-29T19:18:24.863+0000] {logging_mixin.py:188} INFO - [2025-10-29T19:18:24.862+0000] {dagbag.py:545} INFO - Filling up the DagBag from /opt/airflow/dags/data_ingestion.py
[2025-10-29T19:18:25.475+0000] {processor.py:840} INFO - DAG(s) 'police_data_ingestion' retrieved from /opt/airflow/dags/data_ingestion.py
[2025-10-29T19:18:25.509+0000] {logging_mixin.py:188} INFO - [2025-10-29T19:18:25.508+0000] {dag.py:3096} INFO - Sync 1 DAGs
[2025-10-29T19:18:25.532+0000] {logging_mixin.py:188} INFO - [2025-10-29T19:18:25.532+0000] {dag.py:3954} INFO - Setting next_dagrun for police_data_ingestion to 2025-11-01 00:00:00+00:00, run_after=2025-12-01 00:00:00+00:00
[2025-10-29T19:18:25.555+0000] {processor.py:183} INFO - Processing /opt/airflow/dags/data_ingestion.py took 0.708 seconds
[2025-10-29T19:18:56.090+0000] {processor.py:161} INFO - Started process (PID=5783) to work on /opt/airflow/dags/data_ingestion.py
[2025-10-29T19:18:56.091+0000] {processor.py:830} INFO - Processing file /opt/airflow/dags/data_ingestion.py for tasks to queue
[2025-10-29T19:18:56.094+0000] {logging_mixin.py:188} INFO - [2025-10-29T19:18:56.093+0000] {dagbag.py:545} INFO - Filling up the DagBag from /opt/airflow/dags/data_ingestion.py
[2025-10-29T19:18:56.723+0000] {processor.py:840} INFO - DAG(s) 'police_data_ingestion' retrieved from /opt/airflow/dags/data_ingestion.py
[2025-10-29T19:18:56.756+0000] {logging_mixin.py:188} INFO - [2025-10-29T19:18:56.755+0000] {dag.py:3096} INFO - Sync 1 DAGs
[2025-10-29T19:18:56.779+0000] {logging_mixin.py:188} INFO - [2025-10-29T19:18:56.779+0000] {dag.py:3954} INFO - Setting next_dagrun for police_data_ingestion to 2025-11-01 00:00:00+00:00, run_after=2025-12-01 00:00:00+00:00
[2025-10-29T19:18:56.807+0000] {processor.py:183} INFO - Processing /opt/airflow/dags/data_ingestion.py took 0.725 seconds
[2025-10-29T19:19:27.243+0000] {processor.py:161} INFO - Started process (PID=5795) to work on /opt/airflow/dags/data_ingestion.py
[2025-10-29T19:19:27.245+0000] {processor.py:830} INFO - Processing file /opt/airflow/dags/data_ingestion.py for tasks to queue
[2025-10-29T19:19:27.247+0000] {logging_mixin.py:188} INFO - [2025-10-29T19:19:27.247+0000] {dagbag.py:545} INFO - Filling up the DagBag from /opt/airflow/dags/data_ingestion.py
[2025-10-29T19:19:27.829+0000] {processor.py:840} INFO - DAG(s) 'police_data_ingestion' retrieved from /opt/airflow/dags/data_ingestion.py
[2025-10-29T19:19:27.864+0000] {logging_mixin.py:188} INFO - [2025-10-29T19:19:27.863+0000] {dag.py:3096} INFO - Sync 1 DAGs
[2025-10-29T19:19:27.886+0000] {logging_mixin.py:188} INFO - [2025-10-29T19:19:27.886+0000] {dag.py:3954} INFO - Setting next_dagrun for police_data_ingestion to 2025-11-01 00:00:00+00:00, run_after=2025-12-01 00:00:00+00:00
[2025-10-29T19:19:27.937+0000] {processor.py:183} INFO - Processing /opt/airflow/dags/data_ingestion.py took 0.702 seconds
[2025-10-29T19:19:58.352+0000] {processor.py:161} INFO - Started process (PID=5807) to work on /opt/airflow/dags/data_ingestion.py
[2025-10-29T19:19:58.353+0000] {processor.py:830} INFO - Processing file /opt/airflow/dags/data_ingestion.py for tasks to queue
[2025-10-29T19:19:58.355+0000] {logging_mixin.py:188} INFO - [2025-10-29T19:19:58.355+0000] {dagbag.py:545} INFO - Filling up the DagBag from /opt/airflow/dags/data_ingestion.py
[2025-10-29T19:19:59.011+0000] {processor.py:840} INFO - DAG(s) 'police_data_ingestion' retrieved from /opt/airflow/dags/data_ingestion.py
[2025-10-29T19:19:59.044+0000] {logging_mixin.py:188} INFO - [2025-10-29T19:19:59.044+0000] {dag.py:3096} INFO - Sync 1 DAGs
[2025-10-29T19:19:59.068+0000] {logging_mixin.py:188} INFO - [2025-10-29T19:19:59.067+0000] {dag.py:3954} INFO - Setting next_dagrun for police_data_ingestion to 2025-11-01 00:00:00+00:00, run_after=2025-12-01 00:00:00+00:00
[2025-10-29T19:19:59.093+0000] {processor.py:183} INFO - Processing /opt/airflow/dags/data_ingestion.py took 0.750 seconds
[2025-10-29T19:20:29.542+0000] {processor.py:161} INFO - Started process (PID=5819) to work on /opt/airflow/dags/data_ingestion.py
[2025-10-29T19:20:29.545+0000] {processor.py:830} INFO - Processing file /opt/airflow/dags/data_ingestion.py for tasks to queue
[2025-10-29T19:20:29.549+0000] {logging_mixin.py:188} INFO - [2025-10-29T19:20:29.549+0000] {dagbag.py:545} INFO - Filling up the DagBag from /opt/airflow/dags/data_ingestion.py
[2025-10-29T19:20:30.338+0000] {processor.py:840} INFO - DAG(s) 'police_data_ingestion' retrieved from /opt/airflow/dags/data_ingestion.py
[2025-10-29T19:20:30.377+0000] {logging_mixin.py:188} INFO - [2025-10-29T19:20:30.377+0000] {dag.py:3096} INFO - Sync 1 DAGs
[2025-10-29T19:20:30.401+0000] {logging_mixin.py:188} INFO - [2025-10-29T19:20:30.401+0000] {dag.py:3954} INFO - Setting next_dagrun for police_data_ingestion to 2025-11-01 00:00:00+00:00, run_after=2025-12-01 00:00:00+00:00
[2025-10-29T19:20:30.430+0000] {processor.py:183} INFO - Processing /opt/airflow/dags/data_ingestion.py took 0.902 seconds
[2025-10-29T19:21:00.927+0000] {processor.py:161} INFO - Started process (PID=5831) to work on /opt/airflow/dags/data_ingestion.py
[2025-10-29T19:21:00.928+0000] {processor.py:830} INFO - Processing file /opt/airflow/dags/data_ingestion.py for tasks to queue
[2025-10-29T19:21:00.933+0000] {logging_mixin.py:188} INFO - [2025-10-29T19:21:00.932+0000] {dagbag.py:545} INFO - Filling up the DagBag from /opt/airflow/dags/data_ingestion.py
[2025-10-29T19:21:01.566+0000] {processor.py:840} INFO - DAG(s) 'police_data_ingestion' retrieved from /opt/airflow/dags/data_ingestion.py
[2025-10-29T19:21:01.596+0000] {logging_mixin.py:188} INFO - [2025-10-29T19:21:01.596+0000] {dag.py:3096} INFO - Sync 1 DAGs
[2025-10-29T19:21:01.618+0000] {logging_mixin.py:188} INFO - [2025-10-29T19:21:01.618+0000] {dag.py:3954} INFO - Setting next_dagrun for police_data_ingestion to 2025-11-01 00:00:00+00:00, run_after=2025-12-01 00:00:00+00:00
[2025-10-29T19:21:01.642+0000] {processor.py:183} INFO - Processing /opt/airflow/dags/data_ingestion.py took 0.725 seconds
[2025-10-29T19:21:32.156+0000] {processor.py:161} INFO - Started process (PID=5843) to work on /opt/airflow/dags/data_ingestion.py
[2025-10-29T19:21:32.158+0000] {processor.py:830} INFO - Processing file /opt/airflow/dags/data_ingestion.py for tasks to queue
[2025-10-29T19:21:32.161+0000] {logging_mixin.py:188} INFO - [2025-10-29T19:21:32.160+0000] {dagbag.py:545} INFO - Filling up the DagBag from /opt/airflow/dags/data_ingestion.py
[2025-10-29T19:21:32.779+0000] {processor.py:840} INFO - DAG(s) 'police_data_ingestion' retrieved from /opt/airflow/dags/data_ingestion.py
[2025-10-29T19:21:32.815+0000] {logging_mixin.py:188} INFO - [2025-10-29T19:21:32.814+0000] {dag.py:3096} INFO - Sync 1 DAGs
[2025-10-29T19:21:32.839+0000] {logging_mixin.py:188} INFO - [2025-10-29T19:21:32.838+0000] {dag.py:3954} INFO - Setting next_dagrun for police_data_ingestion to 2025-11-01 00:00:00+00:00, run_after=2025-12-01 00:00:00+00:00
[2025-10-29T19:21:32.865+0000] {processor.py:183} INFO - Processing /opt/airflow/dags/data_ingestion.py took 0.718 seconds
[2025-10-29T19:22:03.478+0000] {processor.py:161} INFO - Started process (PID=5855) to work on /opt/airflow/dags/data_ingestion.py
[2025-10-29T19:22:03.480+0000] {processor.py:830} INFO - Processing file /opt/airflow/dags/data_ingestion.py for tasks to queue
[2025-10-29T19:22:03.483+0000] {logging_mixin.py:188} INFO - [2025-10-29T19:22:03.482+0000] {dagbag.py:545} INFO - Filling up the DagBag from /opt/airflow/dags/data_ingestion.py
[2025-10-29T19:22:04.088+0000] {processor.py:840} INFO - DAG(s) 'police_data_ingestion' retrieved from /opt/airflow/dags/data_ingestion.py
[2025-10-29T19:22:04.120+0000] {logging_mixin.py:188} INFO - [2025-10-29T19:22:04.120+0000] {dag.py:3096} INFO - Sync 1 DAGs
[2025-10-29T19:22:04.144+0000] {logging_mixin.py:188} INFO - [2025-10-29T19:22:04.144+0000] {dag.py:3954} INFO - Setting next_dagrun for police_data_ingestion to 2025-11-01 00:00:00+00:00, run_after=2025-12-01 00:00:00+00:00
[2025-10-29T19:22:04.168+0000] {processor.py:183} INFO - Processing /opt/airflow/dags/data_ingestion.py took 0.698 seconds
[2025-10-29T19:22:34.686+0000] {processor.py:161} INFO - Started process (PID=5867) to work on /opt/airflow/dags/data_ingestion.py
[2025-10-29T19:22:34.688+0000] {processor.py:830} INFO - Processing file /opt/airflow/dags/data_ingestion.py for tasks to queue
[2025-10-29T19:22:34.690+0000] {logging_mixin.py:188} INFO - [2025-10-29T19:22:34.690+0000] {dagbag.py:545} INFO - Filling up the DagBag from /opt/airflow/dags/data_ingestion.py
[2025-10-29T19:22:35.310+0000] {processor.py:840} INFO - DAG(s) 'police_data_ingestion' retrieved from /opt/airflow/dags/data_ingestion.py
[2025-10-29T19:22:35.348+0000] {logging_mixin.py:188} INFO - [2025-10-29T19:22:35.348+0000] {dag.py:3096} INFO - Sync 1 DAGs
[2025-10-29T19:22:35.373+0000] {logging_mixin.py:188} INFO - [2025-10-29T19:22:35.372+0000] {dag.py:3954} INFO - Setting next_dagrun for police_data_ingestion to 2025-11-01 00:00:00+00:00, run_after=2025-12-01 00:00:00+00:00
[2025-10-29T19:22:35.397+0000] {processor.py:183} INFO - Processing /opt/airflow/dags/data_ingestion.py took 0.718 seconds
[2025-10-29T19:23:05.911+0000] {processor.py:161} INFO - Started process (PID=5879) to work on /opt/airflow/dags/data_ingestion.py
[2025-10-29T19:23:05.913+0000] {processor.py:830} INFO - Processing file /opt/airflow/dags/data_ingestion.py for tasks to queue
[2025-10-29T19:23:05.915+0000] {logging_mixin.py:188} INFO - [2025-10-29T19:23:05.915+0000] {dagbag.py:545} INFO - Filling up the DagBag from /opt/airflow/dags/data_ingestion.py
[2025-10-29T19:23:06.602+0000] {processor.py:840} INFO - DAG(s) 'police_data_ingestion' retrieved from /opt/airflow/dags/data_ingestion.py
[2025-10-29T19:23:06.639+0000] {logging_mixin.py:188} INFO - [2025-10-29T19:23:06.638+0000] {dag.py:3096} INFO - Sync 1 DAGs
[2025-10-29T19:23:06.661+0000] {logging_mixin.py:188} INFO - [2025-10-29T19:23:06.661+0000] {dag.py:3954} INFO - Setting next_dagrun for police_data_ingestion to 2025-11-01 00:00:00+00:00, run_after=2025-12-01 00:00:00+00:00
[2025-10-29T19:23:06.687+0000] {processor.py:183} INFO - Processing /opt/airflow/dags/data_ingestion.py took 0.783 seconds
[2025-10-29T19:23:37.112+0000] {processor.py:161} INFO - Started process (PID=5891) to work on /opt/airflow/dags/data_ingestion.py
[2025-10-29T19:23:37.113+0000] {processor.py:830} INFO - Processing file /opt/airflow/dags/data_ingestion.py for tasks to queue
[2025-10-29T19:23:37.116+0000] {logging_mixin.py:188} INFO - [2025-10-29T19:23:37.115+0000] {dagbag.py:545} INFO - Filling up the DagBag from /opt/airflow/dags/data_ingestion.py
[2025-10-29T19:23:37.776+0000] {processor.py:840} INFO - DAG(s) 'police_data_ingestion' retrieved from /opt/airflow/dags/data_ingestion.py
[2025-10-29T19:23:37.813+0000] {logging_mixin.py:188} INFO - [2025-10-29T19:23:37.812+0000] {dag.py:3096} INFO - Sync 1 DAGs
[2025-10-29T19:23:37.835+0000] {logging_mixin.py:188} INFO - [2025-10-29T19:23:37.835+0000] {dag.py:3954} INFO - Setting next_dagrun for police_data_ingestion to 2025-11-01 00:00:00+00:00, run_after=2025-12-01 00:00:00+00:00
[2025-10-29T19:23:37.858+0000] {processor.py:183} INFO - Processing /opt/airflow/dags/data_ingestion.py took 0.756 seconds
[2025-10-29T19:24:08.259+0000] {processor.py:161} INFO - Started process (PID=5903) to work on /opt/airflow/dags/data_ingestion.py
[2025-10-29T19:24:08.261+0000] {processor.py:830} INFO - Processing file /opt/airflow/dags/data_ingestion.py for tasks to queue
[2025-10-29T19:24:08.264+0000] {logging_mixin.py:188} INFO - [2025-10-29T19:24:08.263+0000] {dagbag.py:545} INFO - Filling up the DagBag from /opt/airflow/dags/data_ingestion.py
[2025-10-29T19:24:08.979+0000] {processor.py:840} INFO - DAG(s) 'police_data_ingestion' retrieved from /opt/airflow/dags/data_ingestion.py
[2025-10-29T19:24:09.024+0000] {logging_mixin.py:188} INFO - [2025-10-29T19:24:09.024+0000] {dag.py:3096} INFO - Sync 1 DAGs
[2025-10-29T19:24:09.054+0000] {logging_mixin.py:188} INFO - [2025-10-29T19:24:09.054+0000] {dag.py:3954} INFO - Setting next_dagrun for police_data_ingestion to 2025-11-01 00:00:00+00:00, run_after=2025-12-01 00:00:00+00:00
[2025-10-29T19:24:09.077+0000] {processor.py:183} INFO - Processing /opt/airflow/dags/data_ingestion.py took 0.826 seconds
[2025-10-29T19:24:39.492+0000] {processor.py:161} INFO - Started process (PID=5915) to work on /opt/airflow/dags/data_ingestion.py
[2025-10-29T19:24:39.494+0000] {processor.py:830} INFO - Processing file /opt/airflow/dags/data_ingestion.py for tasks to queue
[2025-10-29T19:24:39.497+0000] {logging_mixin.py:188} INFO - [2025-10-29T19:24:39.497+0000] {dagbag.py:545} INFO - Filling up the DagBag from /opt/airflow/dags/data_ingestion.py
[2025-10-29T19:24:40.213+0000] {processor.py:840} INFO - DAG(s) 'police_data_ingestion' retrieved from /opt/airflow/dags/data_ingestion.py
[2025-10-29T19:24:40.251+0000] {logging_mixin.py:188} INFO - [2025-10-29T19:24:40.251+0000] {dag.py:3096} INFO - Sync 1 DAGs
[2025-10-29T19:24:40.277+0000] {logging_mixin.py:188} INFO - [2025-10-29T19:24:40.277+0000] {dag.py:3954} INFO - Setting next_dagrun for police_data_ingestion to 2025-11-01 00:00:00+00:00, run_after=2025-12-01 00:00:00+00:00
[2025-10-29T19:24:40.298+0000] {processor.py:183} INFO - Processing /opt/airflow/dags/data_ingestion.py took 0.815 seconds
[2025-10-29T19:25:10.802+0000] {processor.py:161} INFO - Started process (PID=5927) to work on /opt/airflow/dags/data_ingestion.py
[2025-10-29T19:25:10.803+0000] {processor.py:830} INFO - Processing file /opt/airflow/dags/data_ingestion.py for tasks to queue
[2025-10-29T19:25:10.806+0000] {logging_mixin.py:188} INFO - [2025-10-29T19:25:10.805+0000] {dagbag.py:545} INFO - Filling up the DagBag from /opt/airflow/dags/data_ingestion.py
[2025-10-29T19:25:11.439+0000] {processor.py:840} INFO - DAG(s) 'police_data_ingestion' retrieved from /opt/airflow/dags/data_ingestion.py
[2025-10-29T19:25:11.473+0000] {logging_mixin.py:188} INFO - [2025-10-29T19:25:11.472+0000] {dag.py:3096} INFO - Sync 1 DAGs
[2025-10-29T19:25:11.506+0000] {logging_mixin.py:188} INFO - [2025-10-29T19:25:11.506+0000] {dag.py:3954} INFO - Setting next_dagrun for police_data_ingestion to 2025-11-01 00:00:00+00:00, run_after=2025-12-01 00:00:00+00:00
[2025-10-29T19:25:11.529+0000] {processor.py:183} INFO - Processing /opt/airflow/dags/data_ingestion.py took 0.736 seconds
[2025-10-29T19:25:42.075+0000] {processor.py:161} INFO - Started process (PID=5939) to work on /opt/airflow/dags/data_ingestion.py
[2025-10-29T19:25:42.076+0000] {processor.py:830} INFO - Processing file /opt/airflow/dags/data_ingestion.py for tasks to queue
[2025-10-29T19:25:42.079+0000] {logging_mixin.py:188} INFO - [2025-10-29T19:25:42.078+0000] {dagbag.py:545} INFO - Filling up the DagBag from /opt/airflow/dags/data_ingestion.py
[2025-10-29T19:25:42.899+0000] {processor.py:840} INFO - DAG(s) 'police_data_ingestion' retrieved from /opt/airflow/dags/data_ingestion.py
[2025-10-29T19:25:42.939+0000] {logging_mixin.py:188} INFO - [2025-10-29T19:25:42.939+0000] {dag.py:3096} INFO - Sync 1 DAGs
[2025-10-29T19:25:42.965+0000] {logging_mixin.py:188} INFO - [2025-10-29T19:25:42.965+0000] {dag.py:3954} INFO - Setting next_dagrun for police_data_ingestion to 2025-11-01 00:00:00+00:00, run_after=2025-12-01 00:00:00+00:00
[2025-10-29T19:25:42.992+0000] {processor.py:183} INFO - Processing /opt/airflow/dags/data_ingestion.py took 0.930 seconds
[2025-10-29T19:26:13.397+0000] {processor.py:161} INFO - Started process (PID=5951) to work on /opt/airflow/dags/data_ingestion.py
[2025-10-29T19:26:13.399+0000] {processor.py:830} INFO - Processing file /opt/airflow/dags/data_ingestion.py for tasks to queue
[2025-10-29T19:26:13.401+0000] {logging_mixin.py:188} INFO - [2025-10-29T19:26:13.401+0000] {dagbag.py:545} INFO - Filling up the DagBag from /opt/airflow/dags/data_ingestion.py
[2025-10-29T19:26:14.198+0000] {processor.py:840} INFO - DAG(s) 'police_data_ingestion' retrieved from /opt/airflow/dags/data_ingestion.py
[2025-10-29T19:26:14.235+0000] {logging_mixin.py:188} INFO - [2025-10-29T19:26:14.235+0000] {dag.py:3096} INFO - Sync 1 DAGs
[2025-10-29T19:26:14.262+0000] {logging_mixin.py:188} INFO - [2025-10-29T19:26:14.262+0000] {dag.py:3954} INFO - Setting next_dagrun for police_data_ingestion to 2025-11-01 00:00:00+00:00, run_after=2025-12-01 00:00:00+00:00
[2025-10-29T19:26:14.291+0000] {processor.py:183} INFO - Processing /opt/airflow/dags/data_ingestion.py took 0.902 seconds
[2025-10-29T19:26:44.806+0000] {processor.py:161} INFO - Started process (PID=5963) to work on /opt/airflow/dags/data_ingestion.py
[2025-10-29T19:26:44.808+0000] {processor.py:830} INFO - Processing file /opt/airflow/dags/data_ingestion.py for tasks to queue
[2025-10-29T19:26:44.810+0000] {logging_mixin.py:188} INFO - [2025-10-29T19:26:44.810+0000] {dagbag.py:545} INFO - Filling up the DagBag from /opt/airflow/dags/data_ingestion.py
[2025-10-29T19:26:45.546+0000] {processor.py:840} INFO - DAG(s) 'police_data_ingestion' retrieved from /opt/airflow/dags/data_ingestion.py
[2025-10-29T19:26:45.583+0000] {logging_mixin.py:188} INFO - [2025-10-29T19:26:45.583+0000] {dag.py:3096} INFO - Sync 1 DAGs
[2025-10-29T19:26:45.608+0000] {logging_mixin.py:188} INFO - [2025-10-29T19:26:45.608+0000] {dag.py:3954} INFO - Setting next_dagrun for police_data_ingestion to 2025-11-01 00:00:00+00:00, run_after=2025-12-01 00:00:00+00:00
[2025-10-29T19:26:45.637+0000] {processor.py:183} INFO - Processing /opt/airflow/dags/data_ingestion.py took 0.842 seconds
[2025-10-29T19:27:16.133+0000] {processor.py:161} INFO - Started process (PID=5975) to work on /opt/airflow/dags/data_ingestion.py
[2025-10-29T19:27:16.135+0000] {processor.py:830} INFO - Processing file /opt/airflow/dags/data_ingestion.py for tasks to queue
[2025-10-29T19:27:16.138+0000] {logging_mixin.py:188} INFO - [2025-10-29T19:27:16.137+0000] {dagbag.py:545} INFO - Filling up the DagBag from /opt/airflow/dags/data_ingestion.py
[2025-10-29T19:27:16.811+0000] {processor.py:840} INFO - DAG(s) 'police_data_ingestion' retrieved from /opt/airflow/dags/data_ingestion.py
[2025-10-29T19:27:16.846+0000] {logging_mixin.py:188} INFO - [2025-10-29T19:27:16.845+0000] {dag.py:3096} INFO - Sync 1 DAGs
[2025-10-29T19:27:16.870+0000] {logging_mixin.py:188} INFO - [2025-10-29T19:27:16.869+0000] {dag.py:3954} INFO - Setting next_dagrun for police_data_ingestion to 2025-11-01 00:00:00+00:00, run_after=2025-12-01 00:00:00+00:00
[2025-10-29T19:27:16.895+0000] {processor.py:183} INFO - Processing /opt/airflow/dags/data_ingestion.py took 0.772 seconds
[2025-10-29T19:27:47.391+0000] {processor.py:161} INFO - Started process (PID=5987) to work on /opt/airflow/dags/data_ingestion.py
[2025-10-29T19:27:47.393+0000] {processor.py:830} INFO - Processing file /opt/airflow/dags/data_ingestion.py for tasks to queue
[2025-10-29T19:27:47.399+0000] {logging_mixin.py:188} INFO - [2025-10-29T19:27:47.398+0000] {dagbag.py:545} INFO - Filling up the DagBag from /opt/airflow/dags/data_ingestion.py
[2025-10-29T19:27:48.715+0000] {processor.py:840} INFO - DAG(s) 'police_data_ingestion' retrieved from /opt/airflow/dags/data_ingestion.py
[2025-10-29T19:27:48.784+0000] {logging_mixin.py:188} INFO - [2025-10-29T19:27:48.783+0000] {dag.py:3096} INFO - Sync 1 DAGs
[2025-10-29T19:27:48.843+0000] {logging_mixin.py:188} INFO - [2025-10-29T19:27:48.842+0000] {dag.py:3954} INFO - Setting next_dagrun for police_data_ingestion to 2025-11-01 00:00:00+00:00, run_after=2025-12-01 00:00:00+00:00
[2025-10-29T19:27:48.916+0000] {processor.py:183} INFO - Processing /opt/airflow/dags/data_ingestion.py took 1.549 seconds
[2025-10-29T19:28:19.369+0000] {processor.py:161} INFO - Started process (PID=5999) to work on /opt/airflow/dags/data_ingestion.py
[2025-10-29T19:28:19.370+0000] {processor.py:830} INFO - Processing file /opt/airflow/dags/data_ingestion.py for tasks to queue
[2025-10-29T19:28:19.373+0000] {logging_mixin.py:188} INFO - [2025-10-29T19:28:19.372+0000] {dagbag.py:545} INFO - Filling up the DagBag from /opt/airflow/dags/data_ingestion.py
[2025-10-29T19:28:20.012+0000] {processor.py:840} INFO - DAG(s) 'police_data_ingestion' retrieved from /opt/airflow/dags/data_ingestion.py
[2025-10-29T19:28:20.051+0000] {logging_mixin.py:188} INFO - [2025-10-29T19:28:20.050+0000] {dag.py:3096} INFO - Sync 1 DAGs
[2025-10-29T19:28:20.087+0000] {logging_mixin.py:188} INFO - [2025-10-29T19:28:20.087+0000] {dag.py:3954} INFO - Setting next_dagrun for police_data_ingestion to 2025-11-01 00:00:00+00:00, run_after=2025-12-01 00:00:00+00:00
[2025-10-29T19:28:20.109+0000] {processor.py:183} INFO - Processing /opt/airflow/dags/data_ingestion.py took 0.749 seconds
[2025-10-29T19:28:50.679+0000] {processor.py:161} INFO - Started process (PID=6011) to work on /opt/airflow/dags/data_ingestion.py
[2025-10-29T19:28:50.680+0000] {processor.py:830} INFO - Processing file /opt/airflow/dags/data_ingestion.py for tasks to queue
[2025-10-29T19:28:50.683+0000] {logging_mixin.py:188} INFO - [2025-10-29T19:28:50.682+0000] {dagbag.py:545} INFO - Filling up the DagBag from /opt/airflow/dags/data_ingestion.py
[2025-10-29T19:28:51.288+0000] {processor.py:840} INFO - DAG(s) 'police_data_ingestion' retrieved from /opt/airflow/dags/data_ingestion.py
[2025-10-29T19:28:51.321+0000] {logging_mixin.py:188} INFO - [2025-10-29T19:28:51.321+0000] {dag.py:3096} INFO - Sync 1 DAGs
[2025-10-29T19:28:51.345+0000] {logging_mixin.py:188} INFO - [2025-10-29T19:28:51.344+0000] {dag.py:3954} INFO - Setting next_dagrun for police_data_ingestion to 2025-11-01 00:00:00+00:00, run_after=2025-12-01 00:00:00+00:00
[2025-10-29T19:28:51.369+0000] {processor.py:183} INFO - Processing /opt/airflow/dags/data_ingestion.py took 0.699 seconds
[2025-10-29T19:29:21.796+0000] {processor.py:161} INFO - Started process (PID=6023) to work on /opt/airflow/dags/data_ingestion.py
[2025-10-29T19:29:21.798+0000] {processor.py:830} INFO - Processing file /opt/airflow/dags/data_ingestion.py for tasks to queue
[2025-10-29T19:29:21.800+0000] {logging_mixin.py:188} INFO - [2025-10-29T19:29:21.800+0000] {dagbag.py:545} INFO - Filling up the DagBag from /opt/airflow/dags/data_ingestion.py
[2025-10-29T19:29:22.426+0000] {processor.py:840} INFO - DAG(s) 'police_data_ingestion' retrieved from /opt/airflow/dags/data_ingestion.py
[2025-10-29T19:29:22.463+0000] {logging_mixin.py:188} INFO - [2025-10-29T19:29:22.463+0000] {dag.py:3096} INFO - Sync 1 DAGs
[2025-10-29T19:29:22.491+0000] {logging_mixin.py:188} INFO - [2025-10-29T19:29:22.491+0000] {dag.py:3954} INFO - Setting next_dagrun for police_data_ingestion to 2025-11-01 00:00:00+00:00, run_after=2025-12-01 00:00:00+00:00
[2025-10-29T19:29:22.515+0000] {processor.py:183} INFO - Processing /opt/airflow/dags/data_ingestion.py took 0.726 seconds
[2025-10-29T19:29:52.985+0000] {processor.py:161} INFO - Started process (PID=6035) to work on /opt/airflow/dags/data_ingestion.py
[2025-10-29T19:29:52.986+0000] {processor.py:830} INFO - Processing file /opt/airflow/dags/data_ingestion.py for tasks to queue
[2025-10-29T19:29:52.990+0000] {logging_mixin.py:188} INFO - [2025-10-29T19:29:52.989+0000] {dagbag.py:545} INFO - Filling up the DagBag from /opt/airflow/dags/data_ingestion.py
[2025-10-29T19:29:53.734+0000] {processor.py:840} INFO - DAG(s) 'police_data_ingestion' retrieved from /opt/airflow/dags/data_ingestion.py
[2025-10-29T19:29:53.779+0000] {logging_mixin.py:188} INFO - [2025-10-29T19:29:53.779+0000] {dag.py:3096} INFO - Sync 1 DAGs
[2025-10-29T19:29:53.861+0000] {logging_mixin.py:188} INFO - [2025-10-29T19:29:53.861+0000] {dag.py:3954} INFO - Setting next_dagrun for police_data_ingestion to 2025-11-01 00:00:00+00:00, run_after=2025-12-01 00:00:00+00:00
[2025-10-29T19:29:53.924+0000] {processor.py:183} INFO - Processing /opt/airflow/dags/data_ingestion.py took 0.948 seconds
[2025-10-29T19:30:24.437+0000] {processor.py:161} INFO - Started process (PID=6047) to work on /opt/airflow/dags/data_ingestion.py
[2025-10-29T19:30:24.439+0000] {processor.py:830} INFO - Processing file /opt/airflow/dags/data_ingestion.py for tasks to queue
[2025-10-29T19:30:24.441+0000] {logging_mixin.py:188} INFO - [2025-10-29T19:30:24.441+0000] {dagbag.py:545} INFO - Filling up the DagBag from /opt/airflow/dags/data_ingestion.py
[2025-10-29T19:30:25.049+0000] {processor.py:840} INFO - DAG(s) 'police_data_ingestion' retrieved from /opt/airflow/dags/data_ingestion.py
[2025-10-29T19:30:25.084+0000] {logging_mixin.py:188} INFO - [2025-10-29T19:30:25.084+0000] {dag.py:3096} INFO - Sync 1 DAGs
[2025-10-29T19:30:25.109+0000] {logging_mixin.py:188} INFO - [2025-10-29T19:30:25.108+0000] {dag.py:3954} INFO - Setting next_dagrun for police_data_ingestion to 2025-11-01 00:00:00+00:00, run_after=2025-12-01 00:00:00+00:00
[2025-10-29T19:30:25.134+0000] {processor.py:183} INFO - Processing /opt/airflow/dags/data_ingestion.py took 0.706 seconds
[2025-10-29T19:30:55.654+0000] {processor.py:161} INFO - Started process (PID=6059) to work on /opt/airflow/dags/data_ingestion.py
[2025-10-29T19:30:55.656+0000] {processor.py:830} INFO - Processing file /opt/airflow/dags/data_ingestion.py for tasks to queue
[2025-10-29T19:30:55.659+0000] {logging_mixin.py:188} INFO - [2025-10-29T19:30:55.658+0000] {dagbag.py:545} INFO - Filling up the DagBag from /opt/airflow/dags/data_ingestion.py
[2025-10-29T19:30:56.290+0000] {processor.py:840} INFO - DAG(s) 'police_data_ingestion' retrieved from /opt/airflow/dags/data_ingestion.py
[2025-10-29T19:30:56.323+0000] {logging_mixin.py:188} INFO - [2025-10-29T19:30:56.323+0000] {dag.py:3096} INFO - Sync 1 DAGs
[2025-10-29T19:30:56.345+0000] {logging_mixin.py:188} INFO - [2025-10-29T19:30:56.345+0000] {dag.py:3954} INFO - Setting next_dagrun for police_data_ingestion to 2025-11-01 00:00:00+00:00, run_after=2025-12-01 00:00:00+00:00
[2025-10-29T19:30:56.368+0000] {processor.py:183} INFO - Processing /opt/airflow/dags/data_ingestion.py took 0.722 seconds
[2025-10-29T19:31:26.892+0000] {processor.py:161} INFO - Started process (PID=6071) to work on /opt/airflow/dags/data_ingestion.py
[2025-10-29T19:31:26.894+0000] {processor.py:830} INFO - Processing file /opt/airflow/dags/data_ingestion.py for tasks to queue
[2025-10-29T19:31:26.898+0000] {logging_mixin.py:188} INFO - [2025-10-29T19:31:26.897+0000] {dagbag.py:545} INFO - Filling up the DagBag from /opt/airflow/dags/data_ingestion.py
[2025-10-29T19:31:27.593+0000] {processor.py:840} INFO - DAG(s) 'police_data_ingestion' retrieved from /opt/airflow/dags/data_ingestion.py
[2025-10-29T19:31:27.628+0000] {logging_mixin.py:188} INFO - [2025-10-29T19:31:27.627+0000] {dag.py:3096} INFO - Sync 1 DAGs
[2025-10-29T19:31:27.652+0000] {logging_mixin.py:188} INFO - [2025-10-29T19:31:27.651+0000] {dag.py:3954} INFO - Setting next_dagrun for police_data_ingestion to 2025-11-01 00:00:00+00:00, run_after=2025-12-01 00:00:00+00:00
[2025-10-29T19:31:27.675+0000] {processor.py:183} INFO - Processing /opt/airflow/dags/data_ingestion.py took 0.796 seconds
[2025-10-29T19:31:58.096+0000] {processor.py:161} INFO - Started process (PID=6083) to work on /opt/airflow/dags/data_ingestion.py
[2025-10-29T19:31:58.097+0000] {processor.py:830} INFO - Processing file /opt/airflow/dags/data_ingestion.py for tasks to queue
[2025-10-29T19:31:58.100+0000] {logging_mixin.py:188} INFO - [2025-10-29T19:31:58.099+0000] {dagbag.py:545} INFO - Filling up the DagBag from /opt/airflow/dags/data_ingestion.py
[2025-10-29T19:31:58.708+0000] {processor.py:840} INFO - DAG(s) 'police_data_ingestion' retrieved from /opt/airflow/dags/data_ingestion.py
[2025-10-29T19:31:58.743+0000] {logging_mixin.py:188} INFO - [2025-10-29T19:31:58.743+0000] {dag.py:3096} INFO - Sync 1 DAGs
[2025-10-29T19:31:58.773+0000] {logging_mixin.py:188} INFO - [2025-10-29T19:31:58.773+0000] {dag.py:3954} INFO - Setting next_dagrun for police_data_ingestion to 2025-11-01 00:00:00+00:00, run_after=2025-12-01 00:00:00+00:00
[2025-10-29T19:31:58.806+0000] {processor.py:183} INFO - Processing /opt/airflow/dags/data_ingestion.py took 0.718 seconds
[2025-10-29T19:32:29.225+0000] {processor.py:161} INFO - Started process (PID=6095) to work on /opt/airflow/dags/data_ingestion.py
[2025-10-29T19:32:29.226+0000] {processor.py:830} INFO - Processing file /opt/airflow/dags/data_ingestion.py for tasks to queue
[2025-10-29T19:32:29.229+0000] {logging_mixin.py:188} INFO - [2025-10-29T19:32:29.228+0000] {dagbag.py:545} INFO - Filling up the DagBag from /opt/airflow/dags/data_ingestion.py
[2025-10-29T19:32:30.026+0000] {processor.py:840} INFO - DAG(s) 'police_data_ingestion' retrieved from /opt/airflow/dags/data_ingestion.py
[2025-10-29T19:32:30.075+0000] {logging_mixin.py:188} INFO - [2025-10-29T19:32:30.074+0000] {dag.py:3096} INFO - Sync 1 DAGs
[2025-10-29T19:32:30.112+0000] {logging_mixin.py:188} INFO - [2025-10-29T19:32:30.111+0000] {dag.py:3954} INFO - Setting next_dagrun for police_data_ingestion to 2025-11-01 00:00:00+00:00, run_after=2025-12-01 00:00:00+00:00
[2025-10-29T19:32:30.145+0000] {processor.py:183} INFO - Processing /opt/airflow/dags/data_ingestion.py took 0.928 seconds
[2025-10-29T19:33:00.621+0000] {processor.py:161} INFO - Started process (PID=6107) to work on /opt/airflow/dags/data_ingestion.py
[2025-10-29T19:33:00.622+0000] {processor.py:830} INFO - Processing file /opt/airflow/dags/data_ingestion.py for tasks to queue
[2025-10-29T19:33:00.625+0000] {logging_mixin.py:188} INFO - [2025-10-29T19:33:00.624+0000] {dagbag.py:545} INFO - Filling up the DagBag from /opt/airflow/dags/data_ingestion.py
[2025-10-29T19:33:01.341+0000] {processor.py:840} INFO - DAG(s) 'police_data_ingestion' retrieved from /opt/airflow/dags/data_ingestion.py
[2025-10-29T19:33:01.389+0000] {logging_mixin.py:188} INFO - [2025-10-29T19:33:01.389+0000] {dag.py:3096} INFO - Sync 1 DAGs
[2025-10-29T19:33:01.415+0000] {logging_mixin.py:188} INFO - [2025-10-29T19:33:01.415+0000] {dag.py:3954} INFO - Setting next_dagrun for police_data_ingestion to 2025-11-01 00:00:00+00:00, run_after=2025-12-01 00:00:00+00:00
[2025-10-29T19:33:01.445+0000] {processor.py:183} INFO - Processing /opt/airflow/dags/data_ingestion.py took 0.834 seconds
[2025-10-29T19:33:31.905+0000] {processor.py:161} INFO - Started process (PID=6119) to work on /opt/airflow/dags/data_ingestion.py
[2025-10-29T19:33:31.906+0000] {processor.py:830} INFO - Processing file /opt/airflow/dags/data_ingestion.py for tasks to queue
[2025-10-29T19:33:31.909+0000] {logging_mixin.py:188} INFO - [2025-10-29T19:33:31.909+0000] {dagbag.py:545} INFO - Filling up the DagBag from /opt/airflow/dags/data_ingestion.py
[2025-10-29T19:33:32.520+0000] {processor.py:840} INFO - DAG(s) 'police_data_ingestion' retrieved from /opt/airflow/dags/data_ingestion.py
[2025-10-29T19:33:32.552+0000] {logging_mixin.py:188} INFO - [2025-10-29T19:33:32.552+0000] {dag.py:3096} INFO - Sync 1 DAGs
[2025-10-29T19:33:32.574+0000] {logging_mixin.py:188} INFO - [2025-10-29T19:33:32.574+0000] {dag.py:3954} INFO - Setting next_dagrun for police_data_ingestion to 2025-11-01 00:00:00+00:00, run_after=2025-12-01 00:00:00+00:00
[2025-10-29T19:33:32.597+0000] {processor.py:183} INFO - Processing /opt/airflow/dags/data_ingestion.py took 0.700 seconds
[2025-10-29T19:34:02.987+0000] {processor.py:161} INFO - Started process (PID=6131) to work on /opt/airflow/dags/data_ingestion.py
[2025-10-29T19:34:02.989+0000] {processor.py:830} INFO - Processing file /opt/airflow/dags/data_ingestion.py for tasks to queue
[2025-10-29T19:34:02.991+0000] {logging_mixin.py:188} INFO - [2025-10-29T19:34:02.991+0000] {dagbag.py:545} INFO - Filling up the DagBag from /opt/airflow/dags/data_ingestion.py
[2025-10-29T19:34:03.587+0000] {processor.py:840} INFO - DAG(s) 'police_data_ingestion' retrieved from /opt/airflow/dags/data_ingestion.py
[2025-10-29T19:34:03.622+0000] {logging_mixin.py:188} INFO - [2025-10-29T19:34:03.622+0000] {dag.py:3096} INFO - Sync 1 DAGs
[2025-10-29T19:34:03.645+0000] {logging_mixin.py:188} INFO - [2025-10-29T19:34:03.644+0000] {dag.py:3954} INFO - Setting next_dagrun for police_data_ingestion to 2025-11-01 00:00:00+00:00, run_after=2025-12-01 00:00:00+00:00
[2025-10-29T19:34:03.671+0000] {processor.py:183} INFO - Processing /opt/airflow/dags/data_ingestion.py took 0.691 seconds
[2025-10-29T19:34:34.095+0000] {processor.py:161} INFO - Started process (PID=6143) to work on /opt/airflow/dags/data_ingestion.py
[2025-10-29T19:34:34.097+0000] {processor.py:830} INFO - Processing file /opt/airflow/dags/data_ingestion.py for tasks to queue
[2025-10-29T19:34:34.102+0000] {logging_mixin.py:188} INFO - [2025-10-29T19:34:34.101+0000] {dagbag.py:545} INFO - Filling up the DagBag from /opt/airflow/dags/data_ingestion.py
[2025-10-29T19:34:34.726+0000] {processor.py:840} INFO - DAG(s) 'police_data_ingestion' retrieved from /opt/airflow/dags/data_ingestion.py
[2025-10-29T19:34:34.758+0000] {logging_mixin.py:188} INFO - [2025-10-29T19:34:34.757+0000] {dag.py:3096} INFO - Sync 1 DAGs
[2025-10-29T19:34:34.781+0000] {logging_mixin.py:188} INFO - [2025-10-29T19:34:34.780+0000] {dag.py:3954} INFO - Setting next_dagrun for police_data_ingestion to 2025-11-01 00:00:00+00:00, run_after=2025-12-01 00:00:00+00:00
[2025-10-29T19:34:34.804+0000] {processor.py:183} INFO - Processing /opt/airflow/dags/data_ingestion.py took 0.718 seconds
[2025-10-29T19:35:05.265+0000] {processor.py:161} INFO - Started process (PID=6155) to work on /opt/airflow/dags/data_ingestion.py
[2025-10-29T19:35:05.268+0000] {processor.py:830} INFO - Processing file /opt/airflow/dags/data_ingestion.py for tasks to queue
[2025-10-29T19:35:05.272+0000] {logging_mixin.py:188} INFO - [2025-10-29T19:35:05.271+0000] {dagbag.py:545} INFO - Filling up the DagBag from /opt/airflow/dags/data_ingestion.py
[2025-10-29T19:35:05.865+0000] {processor.py:840} INFO - DAG(s) 'police_data_ingestion' retrieved from /opt/airflow/dags/data_ingestion.py
[2025-10-29T19:35:05.898+0000] {logging_mixin.py:188} INFO - [2025-10-29T19:35:05.897+0000] {dag.py:3096} INFO - Sync 1 DAGs
[2025-10-29T19:35:05.919+0000] {logging_mixin.py:188} INFO - [2025-10-29T19:35:05.919+0000] {dag.py:3954} INFO - Setting next_dagrun for police_data_ingestion to 2025-11-01 00:00:00+00:00, run_after=2025-12-01 00:00:00+00:00
[2025-10-29T19:35:05.941+0000] {processor.py:183} INFO - Processing /opt/airflow/dags/data_ingestion.py took 0.687 seconds
[2025-10-29T19:35:36.440+0000] {processor.py:161} INFO - Started process (PID=6167) to work on /opt/airflow/dags/data_ingestion.py
[2025-10-29T19:35:36.441+0000] {processor.py:830} INFO - Processing file /opt/airflow/dags/data_ingestion.py for tasks to queue
[2025-10-29T19:35:36.444+0000] {logging_mixin.py:188} INFO - [2025-10-29T19:35:36.444+0000] {dagbag.py:545} INFO - Filling up the DagBag from /opt/airflow/dags/data_ingestion.py
[2025-10-29T19:35:37.083+0000] {processor.py:840} INFO - DAG(s) 'police_data_ingestion' retrieved from /opt/airflow/dags/data_ingestion.py
[2025-10-29T19:35:37.121+0000] {logging_mixin.py:188} INFO - [2025-10-29T19:35:37.120+0000] {dag.py:3096} INFO - Sync 1 DAGs
[2025-10-29T19:35:37.150+0000] {logging_mixin.py:188} INFO - [2025-10-29T19:35:37.150+0000] {dag.py:3954} INFO - Setting next_dagrun for police_data_ingestion to 2025-11-01 00:00:00+00:00, run_after=2025-12-01 00:00:00+00:00
[2025-10-29T19:35:37.175+0000] {processor.py:183} INFO - Processing /opt/airflow/dags/data_ingestion.py took 0.744 seconds
[2025-10-29T19:36:07.732+0000] {processor.py:161} INFO - Started process (PID=6179) to work on /opt/airflow/dags/data_ingestion.py
[2025-10-29T19:36:07.733+0000] {processor.py:830} INFO - Processing file /opt/airflow/dags/data_ingestion.py for tasks to queue
[2025-10-29T19:36:07.736+0000] {logging_mixin.py:188} INFO - [2025-10-29T19:36:07.735+0000] {dagbag.py:545} INFO - Filling up the DagBag from /opt/airflow/dags/data_ingestion.py
[2025-10-29T19:36:08.388+0000] {processor.py:840} INFO - DAG(s) 'police_data_ingestion' retrieved from /opt/airflow/dags/data_ingestion.py
[2025-10-29T19:36:08.422+0000] {logging_mixin.py:188} INFO - [2025-10-29T19:36:08.421+0000] {dag.py:3096} INFO - Sync 1 DAGs
[2025-10-29T19:36:08.446+0000] {logging_mixin.py:188} INFO - [2025-10-29T19:36:08.445+0000] {dag.py:3954} INFO - Setting next_dagrun for police_data_ingestion to 2025-11-01 00:00:00+00:00, run_after=2025-12-01 00:00:00+00:00
[2025-10-29T19:36:08.471+0000] {processor.py:183} INFO - Processing /opt/airflow/dags/data_ingestion.py took 0.747 seconds
[2025-10-29T19:36:39.039+0000] {processor.py:161} INFO - Started process (PID=6191) to work on /opt/airflow/dags/data_ingestion.py
[2025-10-29T19:36:39.041+0000] {processor.py:830} INFO - Processing file /opt/airflow/dags/data_ingestion.py for tasks to queue
[2025-10-29T19:36:39.044+0000] {logging_mixin.py:188} INFO - [2025-10-29T19:36:39.044+0000] {dagbag.py:545} INFO - Filling up the DagBag from /opt/airflow/dags/data_ingestion.py
[2025-10-29T19:36:39.934+0000] {processor.py:840} INFO - DAG(s) 'police_data_ingestion' retrieved from /opt/airflow/dags/data_ingestion.py
[2025-10-29T19:36:39.989+0000] {logging_mixin.py:188} INFO - [2025-10-29T19:36:39.989+0000] {dag.py:3096} INFO - Sync 1 DAGs
[2025-10-29T19:36:40.020+0000] {logging_mixin.py:188} INFO - [2025-10-29T19:36:40.020+0000] {dag.py:3954} INFO - Setting next_dagrun for police_data_ingestion to 2025-11-01 00:00:00+00:00, run_after=2025-12-01 00:00:00+00:00
[2025-10-29T19:36:40.056+0000] {processor.py:183} INFO - Processing /opt/airflow/dags/data_ingestion.py took 1.029 seconds
[2025-10-29T19:37:10.483+0000] {processor.py:161} INFO - Started process (PID=6203) to work on /opt/airflow/dags/data_ingestion.py
[2025-10-29T19:37:10.484+0000] {processor.py:830} INFO - Processing file /opt/airflow/dags/data_ingestion.py for tasks to queue
[2025-10-29T19:37:10.487+0000] {logging_mixin.py:188} INFO - [2025-10-29T19:37:10.487+0000] {dagbag.py:545} INFO - Filling up the DagBag from /opt/airflow/dags/data_ingestion.py
[2025-10-29T19:37:11.285+0000] {processor.py:840} INFO - DAG(s) 'police_data_ingestion' retrieved from /opt/airflow/dags/data_ingestion.py
[2025-10-29T19:37:11.322+0000] {logging_mixin.py:188} INFO - [2025-10-29T19:37:11.322+0000] {dag.py:3096} INFO - Sync 1 DAGs
[2025-10-29T19:37:11.346+0000] {logging_mixin.py:188} INFO - [2025-10-29T19:37:11.346+0000] {dag.py:3954} INFO - Setting next_dagrun for police_data_ingestion to 2025-11-01 00:00:00+00:00, run_after=2025-12-01 00:00:00+00:00
[2025-10-29T19:37:11.371+0000] {processor.py:183} INFO - Processing /opt/airflow/dags/data_ingestion.py took 0.898 seconds
[2025-10-29T19:37:41.776+0000] {processor.py:161} INFO - Started process (PID=6215) to work on /opt/airflow/dags/data_ingestion.py
[2025-10-29T19:37:41.777+0000] {processor.py:830} INFO - Processing file /opt/airflow/dags/data_ingestion.py for tasks to queue
[2025-10-29T19:37:41.780+0000] {logging_mixin.py:188} INFO - [2025-10-29T19:37:41.780+0000] {dagbag.py:545} INFO - Filling up the DagBag from /opt/airflow/dags/data_ingestion.py
[2025-10-29T19:37:42.414+0000] {processor.py:840} INFO - DAG(s) 'police_data_ingestion' retrieved from /opt/airflow/dags/data_ingestion.py
[2025-10-29T19:37:42.449+0000] {logging_mixin.py:188} INFO - [2025-10-29T19:37:42.448+0000] {dag.py:3096} INFO - Sync 1 DAGs
[2025-10-29T19:37:42.472+0000] {logging_mixin.py:188} INFO - [2025-10-29T19:37:42.471+0000] {dag.py:3954} INFO - Setting next_dagrun for police_data_ingestion to 2025-11-01 00:00:00+00:00, run_after=2025-12-01 00:00:00+00:00
[2025-10-29T19:37:42.503+0000] {processor.py:183} INFO - Processing /opt/airflow/dags/data_ingestion.py took 0.736 seconds
[2025-10-29T19:38:12.879+0000] {processor.py:161} INFO - Started process (PID=6227) to work on /opt/airflow/dags/data_ingestion.py
[2025-10-29T19:38:12.880+0000] {processor.py:830} INFO - Processing file /opt/airflow/dags/data_ingestion.py for tasks to queue
[2025-10-29T19:38:12.883+0000] {logging_mixin.py:188} INFO - [2025-10-29T19:38:12.882+0000] {dagbag.py:545} INFO - Filling up the DagBag from /opt/airflow/dags/data_ingestion.py
[2025-10-29T19:38:13.549+0000] {processor.py:840} INFO - DAG(s) 'police_data_ingestion' retrieved from /opt/airflow/dags/data_ingestion.py
[2025-10-29T19:38:13.586+0000] {logging_mixin.py:188} INFO - [2025-10-29T19:38:13.585+0000] {dag.py:3096} INFO - Sync 1 DAGs
[2025-10-29T19:38:13.610+0000] {logging_mixin.py:188} INFO - [2025-10-29T19:38:13.610+0000] {dag.py:3954} INFO - Setting next_dagrun for police_data_ingestion to 2025-11-01 00:00:00+00:00, run_after=2025-12-01 00:00:00+00:00
[2025-10-29T19:38:13.639+0000] {processor.py:183} INFO - Processing /opt/airflow/dags/data_ingestion.py took 0.769 seconds
[2025-10-29T19:38:44.096+0000] {processor.py:161} INFO - Started process (PID=6239) to work on /opt/airflow/dags/data_ingestion.py
[2025-10-29T19:38:44.098+0000] {processor.py:830} INFO - Processing file /opt/airflow/dags/data_ingestion.py for tasks to queue
[2025-10-29T19:38:44.100+0000] {logging_mixin.py:188} INFO - [2025-10-29T19:38:44.100+0000] {dagbag.py:545} INFO - Filling up the DagBag from /opt/airflow/dags/data_ingestion.py
[2025-10-29T19:38:44.744+0000] {processor.py:840} INFO - DAG(s) 'police_data_ingestion' retrieved from /opt/airflow/dags/data_ingestion.py
[2025-10-29T19:38:44.787+0000] {logging_mixin.py:188} INFO - [2025-10-29T19:38:44.785+0000] {dag.py:3096} INFO - Sync 1 DAGs
[2025-10-29T19:38:44.833+0000] {logging_mixin.py:188} INFO - [2025-10-29T19:38:44.833+0000] {dag.py:3954} INFO - Setting next_dagrun for police_data_ingestion to 2025-11-01 00:00:00+00:00, run_after=2025-12-01 00:00:00+00:00
[2025-10-29T19:38:44.874+0000] {processor.py:183} INFO - Processing /opt/airflow/dags/data_ingestion.py took 0.788 seconds
[2025-10-29T19:39:15.357+0000] {processor.py:161} INFO - Started process (PID=6251) to work on /opt/airflow/dags/data_ingestion.py
[2025-10-29T19:39:15.359+0000] {processor.py:830} INFO - Processing file /opt/airflow/dags/data_ingestion.py for tasks to queue
[2025-10-29T19:39:15.361+0000] {logging_mixin.py:188} INFO - [2025-10-29T19:39:15.361+0000] {dagbag.py:545} INFO - Filling up the DagBag from /opt/airflow/dags/data_ingestion.py
[2025-10-29T19:39:16.012+0000] {processor.py:840} INFO - DAG(s) 'police_data_ingestion' retrieved from /opt/airflow/dags/data_ingestion.py
[2025-10-29T19:39:16.047+0000] {logging_mixin.py:188} INFO - [2025-10-29T19:39:16.047+0000] {dag.py:3096} INFO - Sync 1 DAGs
[2025-10-29T19:39:16.072+0000] {logging_mixin.py:188} INFO - [2025-10-29T19:39:16.072+0000] {dag.py:3954} INFO - Setting next_dagrun for police_data_ingestion to 2025-11-01 00:00:00+00:00, run_after=2025-12-01 00:00:00+00:00
[2025-10-29T19:39:16.110+0000] {processor.py:183} INFO - Processing /opt/airflow/dags/data_ingestion.py took 0.761 seconds
[2025-10-29T19:39:46.574+0000] {processor.py:161} INFO - Started process (PID=6263) to work on /opt/airflow/dags/data_ingestion.py
[2025-10-29T19:39:46.576+0000] {processor.py:830} INFO - Processing file /opt/airflow/dags/data_ingestion.py for tasks to queue
[2025-10-29T19:39:46.579+0000] {logging_mixin.py:188} INFO - [2025-10-29T19:39:46.578+0000] {dagbag.py:545} INFO - Filling up the DagBag from /opt/airflow/dags/data_ingestion.py
[2025-10-29T19:39:47.294+0000] {processor.py:840} INFO - DAG(s) 'police_data_ingestion' retrieved from /opt/airflow/dags/data_ingestion.py
[2025-10-29T19:39:47.326+0000] {logging_mixin.py:188} INFO - [2025-10-29T19:39:47.325+0000] {dag.py:3096} INFO - Sync 1 DAGs
[2025-10-29T19:39:47.348+0000] {logging_mixin.py:188} INFO - [2025-10-29T19:39:47.348+0000] {dag.py:3954} INFO - Setting next_dagrun for police_data_ingestion to 2025-11-01 00:00:00+00:00, run_after=2025-12-01 00:00:00+00:00
[2025-10-29T19:39:47.371+0000] {processor.py:183} INFO - Processing /opt/airflow/dags/data_ingestion.py took 0.807 seconds
[2025-10-29T19:40:17.865+0000] {processor.py:161} INFO - Started process (PID=6275) to work on /opt/airflow/dags/data_ingestion.py
[2025-10-29T19:40:17.866+0000] {processor.py:830} INFO - Processing file /opt/airflow/dags/data_ingestion.py for tasks to queue
[2025-10-29T19:40:17.869+0000] {logging_mixin.py:188} INFO - [2025-10-29T19:40:17.868+0000] {dagbag.py:545} INFO - Filling up the DagBag from /opt/airflow/dags/data_ingestion.py
[2025-10-29T19:40:18.501+0000] {processor.py:840} INFO - DAG(s) 'police_data_ingestion' retrieved from /opt/airflow/dags/data_ingestion.py
[2025-10-29T19:40:18.535+0000] {logging_mixin.py:188} INFO - [2025-10-29T19:40:18.535+0000] {dag.py:3096} INFO - Sync 1 DAGs
[2025-10-29T19:40:18.560+0000] {logging_mixin.py:188} INFO - [2025-10-29T19:40:18.559+0000] {dag.py:3954} INFO - Setting next_dagrun for police_data_ingestion to 2025-11-01 00:00:00+00:00, run_after=2025-12-01 00:00:00+00:00
[2025-10-29T19:40:18.585+0000] {processor.py:183} INFO - Processing /opt/airflow/dags/data_ingestion.py took 0.728 seconds
[2025-10-29T19:40:49.073+0000] {processor.py:161} INFO - Started process (PID=6287) to work on /opt/airflow/dags/data_ingestion.py
[2025-10-29T19:40:49.074+0000] {processor.py:830} INFO - Processing file /opt/airflow/dags/data_ingestion.py for tasks to queue
[2025-10-29T19:40:49.077+0000] {logging_mixin.py:188} INFO - [2025-10-29T19:40:49.076+0000] {dagbag.py:545} INFO - Filling up the DagBag from /opt/airflow/dags/data_ingestion.py
[2025-10-29T19:40:49.757+0000] {processor.py:840} INFO - DAG(s) 'police_data_ingestion' retrieved from /opt/airflow/dags/data_ingestion.py
[2025-10-29T19:40:49.794+0000] {logging_mixin.py:188} INFO - [2025-10-29T19:40:49.793+0000] {dag.py:3096} INFO - Sync 1 DAGs
[2025-10-29T19:40:49.824+0000] {logging_mixin.py:188} INFO - [2025-10-29T19:40:49.823+0000] {dag.py:3954} INFO - Setting next_dagrun for police_data_ingestion to 2025-11-01 00:00:00+00:00, run_after=2025-12-01 00:00:00+00:00
[2025-10-29T19:40:49.850+0000] {processor.py:183} INFO - Processing /opt/airflow/dags/data_ingestion.py took 0.786 seconds
[2025-10-29T19:41:20.294+0000] {processor.py:161} INFO - Started process (PID=6299) to work on /opt/airflow/dags/data_ingestion.py
[2025-10-29T19:41:20.296+0000] {processor.py:830} INFO - Processing file /opt/airflow/dags/data_ingestion.py for tasks to queue
[2025-10-29T19:41:20.302+0000] {logging_mixin.py:188} INFO - [2025-10-29T19:41:20.301+0000] {dagbag.py:545} INFO - Filling up the DagBag from /opt/airflow/dags/data_ingestion.py
[2025-10-29T19:41:21.069+0000] {processor.py:840} INFO - DAG(s) 'police_data_ingestion' retrieved from /opt/airflow/dags/data_ingestion.py
[2025-10-29T19:41:21.130+0000] {logging_mixin.py:188} INFO - [2025-10-29T19:41:21.129+0000] {dag.py:3096} INFO - Sync 1 DAGs
[2025-10-29T19:41:21.166+0000] {logging_mixin.py:188} INFO - [2025-10-29T19:41:21.166+0000] {dag.py:3954} INFO - Setting next_dagrun for police_data_ingestion to 2025-11-01 00:00:00+00:00, run_after=2025-12-01 00:00:00+00:00
[2025-10-29T19:41:21.251+0000] {processor.py:183} INFO - Processing /opt/airflow/dags/data_ingestion.py took 0.969 seconds
[2025-10-29T19:41:51.860+0000] {processor.py:161} INFO - Started process (PID=6311) to work on /opt/airflow/dags/data_ingestion.py
[2025-10-29T19:41:51.861+0000] {processor.py:830} INFO - Processing file /opt/airflow/dags/data_ingestion.py for tasks to queue
[2025-10-29T19:41:51.864+0000] {logging_mixin.py:188} INFO - [2025-10-29T19:41:51.864+0000] {dagbag.py:545} INFO - Filling up the DagBag from /opt/airflow/dags/data_ingestion.py
[2025-10-29T19:41:52.693+0000] {processor.py:840} INFO - DAG(s) 'police_data_ingestion' retrieved from /opt/airflow/dags/data_ingestion.py
[2025-10-29T19:41:52.728+0000] {logging_mixin.py:188} INFO - [2025-10-29T19:41:52.727+0000] {dag.py:3096} INFO - Sync 1 DAGs
[2025-10-29T19:41:52.750+0000] {logging_mixin.py:188} INFO - [2025-10-29T19:41:52.750+0000] {dag.py:3954} INFO - Setting next_dagrun for police_data_ingestion to 2025-11-01 00:00:00+00:00, run_after=2025-12-01 00:00:00+00:00
[2025-10-29T19:41:52.775+0000] {processor.py:183} INFO - Processing /opt/airflow/dags/data_ingestion.py took 0.924 seconds
[2025-10-29T19:42:23.218+0000] {processor.py:161} INFO - Started process (PID=6323) to work on /opt/airflow/dags/data_ingestion.py
[2025-10-29T19:42:23.219+0000] {processor.py:830} INFO - Processing file /opt/airflow/dags/data_ingestion.py for tasks to queue
[2025-10-29T19:42:23.222+0000] {logging_mixin.py:188} INFO - [2025-10-29T19:42:23.221+0000] {dagbag.py:545} INFO - Filling up the DagBag from /opt/airflow/dags/data_ingestion.py
[2025-10-29T19:42:23.829+0000] {processor.py:840} INFO - DAG(s) 'police_data_ingestion' retrieved from /opt/airflow/dags/data_ingestion.py
[2025-10-29T19:42:23.863+0000] {logging_mixin.py:188} INFO - [2025-10-29T19:42:23.863+0000] {dag.py:3096} INFO - Sync 1 DAGs
[2025-10-29T19:42:23.887+0000] {logging_mixin.py:188} INFO - [2025-10-29T19:42:23.887+0000] {dag.py:3954} INFO - Setting next_dagrun for police_data_ingestion to 2025-11-01 00:00:00+00:00, run_after=2025-12-01 00:00:00+00:00
[2025-10-29T19:42:23.911+0000] {processor.py:183} INFO - Processing /opt/airflow/dags/data_ingestion.py took 0.702 seconds
[2025-10-29T19:42:54.341+0000] {processor.py:161} INFO - Started process (PID=6335) to work on /opt/airflow/dags/data_ingestion.py
[2025-10-29T19:42:54.343+0000] {processor.py:830} INFO - Processing file /opt/airflow/dags/data_ingestion.py for tasks to queue
[2025-10-29T19:42:54.345+0000] {logging_mixin.py:188} INFO - [2025-10-29T19:42:54.345+0000] {dagbag.py:545} INFO - Filling up the DagBag from /opt/airflow/dags/data_ingestion.py
[2025-10-29T19:42:55.061+0000] {processor.py:840} INFO - DAG(s) 'police_data_ingestion' retrieved from /opt/airflow/dags/data_ingestion.py
[2025-10-29T19:42:55.093+0000] {logging_mixin.py:188} INFO - [2025-10-29T19:42:55.093+0000] {dag.py:3096} INFO - Sync 1 DAGs
[2025-10-29T19:42:55.116+0000] {logging_mixin.py:188} INFO - [2025-10-29T19:42:55.116+0000] {dag.py:3954} INFO - Setting next_dagrun for police_data_ingestion to 2025-11-01 00:00:00+00:00, run_after=2025-12-01 00:00:00+00:00
[2025-10-29T19:42:55.140+0000] {processor.py:183} INFO - Processing /opt/airflow/dags/data_ingestion.py took 0.807 seconds
[2025-10-29T19:43:25.650+0000] {processor.py:161} INFO - Started process (PID=6347) to work on /opt/airflow/dags/data_ingestion.py
[2025-10-29T19:43:25.651+0000] {processor.py:830} INFO - Processing file /opt/airflow/dags/data_ingestion.py for tasks to queue
[2025-10-29T19:43:25.654+0000] {logging_mixin.py:188} INFO - [2025-10-29T19:43:25.654+0000] {dagbag.py:545} INFO - Filling up the DagBag from /opt/airflow/dags/data_ingestion.py
[2025-10-29T19:43:26.276+0000] {processor.py:840} INFO - DAG(s) 'police_data_ingestion' retrieved from /opt/airflow/dags/data_ingestion.py
[2025-10-29T19:43:26.310+0000] {logging_mixin.py:188} INFO - [2025-10-29T19:43:26.309+0000] {dag.py:3096} INFO - Sync 1 DAGs
[2025-10-29T19:43:26.332+0000] {logging_mixin.py:188} INFO - [2025-10-29T19:43:26.332+0000] {dag.py:3954} INFO - Setting next_dagrun for police_data_ingestion to 2025-11-01 00:00:00+00:00, run_after=2025-12-01 00:00:00+00:00
[2025-10-29T19:43:26.357+0000] {processor.py:183} INFO - Processing /opt/airflow/dags/data_ingestion.py took 0.716 seconds
[2025-10-29T19:43:56.877+0000] {processor.py:161} INFO - Started process (PID=6359) to work on /opt/airflow/dags/data_ingestion.py
[2025-10-29T19:43:56.879+0000] {processor.py:830} INFO - Processing file /opt/airflow/dags/data_ingestion.py for tasks to queue
[2025-10-29T19:43:56.882+0000] {logging_mixin.py:188} INFO - [2025-10-29T19:43:56.881+0000] {dagbag.py:545} INFO - Filling up the DagBag from /opt/airflow/dags/data_ingestion.py
[2025-10-29T19:43:57.531+0000] {processor.py:840} INFO - DAG(s) 'police_data_ingestion' retrieved from /opt/airflow/dags/data_ingestion.py
[2025-10-29T19:43:57.564+0000] {logging_mixin.py:188} INFO - [2025-10-29T19:43:57.563+0000] {dag.py:3096} INFO - Sync 1 DAGs
[2025-10-29T19:43:57.585+0000] {logging_mixin.py:188} INFO - [2025-10-29T19:43:57.585+0000] {dag.py:3954} INFO - Setting next_dagrun for police_data_ingestion to 2025-11-01 00:00:00+00:00, run_after=2025-12-01 00:00:00+00:00
[2025-10-29T19:43:57.613+0000] {processor.py:183} INFO - Processing /opt/airflow/dags/data_ingestion.py took 0.744 seconds
[2025-10-29T19:44:28.012+0000] {processor.py:161} INFO - Started process (PID=6371) to work on /opt/airflow/dags/data_ingestion.py
[2025-10-29T19:44:28.014+0000] {processor.py:830} INFO - Processing file /opt/airflow/dags/data_ingestion.py for tasks to queue
[2025-10-29T19:44:28.016+0000] {logging_mixin.py:188} INFO - [2025-10-29T19:44:28.016+0000] {dagbag.py:545} INFO - Filling up the DagBag from /opt/airflow/dags/data_ingestion.py
[2025-10-29T19:44:28.749+0000] {processor.py:840} INFO - DAG(s) 'police_data_ingestion' retrieved from /opt/airflow/dags/data_ingestion.py
[2025-10-29T19:44:28.793+0000] {logging_mixin.py:188} INFO - [2025-10-29T19:44:28.793+0000] {dag.py:3096} INFO - Sync 1 DAGs
[2025-10-29T19:44:28.832+0000] {logging_mixin.py:188} INFO - [2025-10-29T19:44:28.831+0000] {dag.py:3954} INFO - Setting next_dagrun for police_data_ingestion to 2025-11-01 00:00:00+00:00, run_after=2025-12-01 00:00:00+00:00
[2025-10-29T19:44:28.873+0000] {processor.py:183} INFO - Processing /opt/airflow/dags/data_ingestion.py took 0.872 seconds
[2025-10-29T19:44:59.344+0000] {processor.py:161} INFO - Started process (PID=6383) to work on /opt/airflow/dags/data_ingestion.py
[2025-10-29T19:44:59.346+0000] {processor.py:830} INFO - Processing file /opt/airflow/dags/data_ingestion.py for tasks to queue
[2025-10-29T19:44:59.349+0000] {logging_mixin.py:188} INFO - [2025-10-29T19:44:59.348+0000] {dagbag.py:545} INFO - Filling up the DagBag from /opt/airflow/dags/data_ingestion.py
[2025-10-29T19:45:00.143+0000] {processor.py:840} INFO - DAG(s) 'police_data_ingestion' retrieved from /opt/airflow/dags/data_ingestion.py
[2025-10-29T19:45:00.177+0000] {logging_mixin.py:188} INFO - [2025-10-29T19:45:00.177+0000] {dag.py:3096} INFO - Sync 1 DAGs
[2025-10-29T19:45:00.204+0000] {logging_mixin.py:188} INFO - [2025-10-29T19:45:00.203+0000] {dag.py:3954} INFO - Setting next_dagrun for police_data_ingestion to 2025-11-01 00:00:00+00:00, run_after=2025-12-01 00:00:00+00:00
[2025-10-29T19:45:00.238+0000] {processor.py:183} INFO - Processing /opt/airflow/dags/data_ingestion.py took 0.902 seconds
[2025-10-29T19:45:30.671+0000] {processor.py:161} INFO - Started process (PID=6395) to work on /opt/airflow/dags/data_ingestion.py
[2025-10-29T19:45:30.672+0000] {processor.py:830} INFO - Processing file /opt/airflow/dags/data_ingestion.py for tasks to queue
[2025-10-29T19:45:30.676+0000] {logging_mixin.py:188} INFO - [2025-10-29T19:45:30.675+0000] {dagbag.py:545} INFO - Filling up the DagBag from /opt/airflow/dags/data_ingestion.py
[2025-10-29T19:45:31.300+0000] {processor.py:840} INFO - DAG(s) 'police_data_ingestion' retrieved from /opt/airflow/dags/data_ingestion.py
[2025-10-29T19:45:31.338+0000] {logging_mixin.py:188} INFO - [2025-10-29T19:45:31.337+0000] {dag.py:3096} INFO - Sync 1 DAGs
[2025-10-29T19:45:31.363+0000] {logging_mixin.py:188} INFO - [2025-10-29T19:45:31.363+0000] {dag.py:3954} INFO - Setting next_dagrun for police_data_ingestion to 2025-11-01 00:00:00+00:00, run_after=2025-12-01 00:00:00+00:00
[2025-10-29T19:45:31.387+0000] {processor.py:183} INFO - Processing /opt/airflow/dags/data_ingestion.py took 0.724 seconds
[2025-10-29T19:46:01.780+0000] {processor.py:161} INFO - Started process (PID=6407) to work on /opt/airflow/dags/data_ingestion.py
[2025-10-29T19:46:01.781+0000] {processor.py:830} INFO - Processing file /opt/airflow/dags/data_ingestion.py for tasks to queue
[2025-10-29T19:46:01.784+0000] {logging_mixin.py:188} INFO - [2025-10-29T19:46:01.783+0000] {dagbag.py:545} INFO - Filling up the DagBag from /opt/airflow/dags/data_ingestion.py
[2025-10-29T19:46:02.446+0000] {processor.py:840} INFO - DAG(s) 'police_data_ingestion' retrieved from /opt/airflow/dags/data_ingestion.py
[2025-10-29T19:46:02.481+0000] {logging_mixin.py:188} INFO - [2025-10-29T19:46:02.481+0000] {dag.py:3096} INFO - Sync 1 DAGs
[2025-10-29T19:46:02.505+0000] {logging_mixin.py:188} INFO - [2025-10-29T19:46:02.504+0000] {dag.py:3954} INFO - Setting next_dagrun for police_data_ingestion to 2025-11-01 00:00:00+00:00, run_after=2025-12-01 00:00:00+00:00
[2025-10-29T19:46:02.530+0000] {processor.py:183} INFO - Processing /opt/airflow/dags/data_ingestion.py took 0.759 seconds
[2025-10-29T19:46:33.095+0000] {processor.py:161} INFO - Started process (PID=6419) to work on /opt/airflow/dags/data_ingestion.py
[2025-10-29T19:46:33.097+0000] {processor.py:830} INFO - Processing file /opt/airflow/dags/data_ingestion.py for tasks to queue
[2025-10-29T19:46:33.099+0000] {logging_mixin.py:188} INFO - [2025-10-29T19:46:33.099+0000] {dagbag.py:545} INFO - Filling up the DagBag from /opt/airflow/dags/data_ingestion.py
[2025-10-29T19:46:33.743+0000] {processor.py:840} INFO - DAG(s) 'police_data_ingestion' retrieved from /opt/airflow/dags/data_ingestion.py
[2025-10-29T19:46:33.787+0000] {logging_mixin.py:188} INFO - [2025-10-29T19:46:33.786+0000] {dag.py:3096} INFO - Sync 1 DAGs
[2025-10-29T19:46:33.819+0000] {logging_mixin.py:188} INFO - [2025-10-29T19:46:33.818+0000] {dag.py:3954} INFO - Setting next_dagrun for police_data_ingestion to 2025-11-01 00:00:00+00:00, run_after=2025-12-01 00:00:00+00:00
[2025-10-29T19:46:33.845+0000] {processor.py:183} INFO - Processing /opt/airflow/dags/data_ingestion.py took 0.759 seconds
[2025-10-29T19:47:04.347+0000] {processor.py:161} INFO - Started process (PID=6431) to work on /opt/airflow/dags/data_ingestion.py
[2025-10-29T19:47:04.348+0000] {processor.py:830} INFO - Processing file /opt/airflow/dags/data_ingestion.py for tasks to queue
[2025-10-29T19:47:04.351+0000] {logging_mixin.py:188} INFO - [2025-10-29T19:47:04.351+0000] {dagbag.py:545} INFO - Filling up the DagBag from /opt/airflow/dags/data_ingestion.py
[2025-10-29T19:47:05.066+0000] {processor.py:840} INFO - DAG(s) 'police_data_ingestion' retrieved from /opt/airflow/dags/data_ingestion.py
[2025-10-29T19:47:05.097+0000] {logging_mixin.py:188} INFO - [2025-10-29T19:47:05.097+0000] {dag.py:3096} INFO - Sync 1 DAGs
[2025-10-29T19:47:05.121+0000] {logging_mixin.py:188} INFO - [2025-10-29T19:47:05.121+0000] {dag.py:3954} INFO - Setting next_dagrun for police_data_ingestion to 2025-11-01 00:00:00+00:00, run_after=2025-12-01 00:00:00+00:00
[2025-10-29T19:47:05.146+0000] {processor.py:183} INFO - Processing /opt/airflow/dags/data_ingestion.py took 0.809 seconds
[2025-10-29T19:47:35.581+0000] {processor.py:161} INFO - Started process (PID=6443) to work on /opt/airflow/dags/data_ingestion.py
[2025-10-29T19:47:35.582+0000] {processor.py:830} INFO - Processing file /opt/airflow/dags/data_ingestion.py for tasks to queue
[2025-10-29T19:47:35.585+0000] {logging_mixin.py:188} INFO - [2025-10-29T19:47:35.585+0000] {dagbag.py:545} INFO - Filling up the DagBag from /opt/airflow/dags/data_ingestion.py
[2025-10-29T19:47:36.211+0000] {processor.py:840} INFO - DAG(s) 'police_data_ingestion' retrieved from /opt/airflow/dags/data_ingestion.py
[2025-10-29T19:47:36.247+0000] {logging_mixin.py:188} INFO - [2025-10-29T19:47:36.247+0000] {dag.py:3096} INFO - Sync 1 DAGs
[2025-10-29T19:47:36.273+0000] {logging_mixin.py:188} INFO - [2025-10-29T19:47:36.273+0000] {dag.py:3954} INFO - Setting next_dagrun for police_data_ingestion to 2025-11-01 00:00:00+00:00, run_after=2025-12-01 00:00:00+00:00
[2025-10-29T19:47:36.297+0000] {processor.py:183} INFO - Processing /opt/airflow/dags/data_ingestion.py took 0.724 seconds
[2025-10-29T19:48:06.795+0000] {processor.py:161} INFO - Started process (PID=6455) to work on /opt/airflow/dags/data_ingestion.py
[2025-10-29T19:48:06.797+0000] {processor.py:830} INFO - Processing file /opt/airflow/dags/data_ingestion.py for tasks to queue
[2025-10-29T19:48:06.800+0000] {logging_mixin.py:188} INFO - [2025-10-29T19:48:06.800+0000] {dagbag.py:545} INFO - Filling up the DagBag from /opt/airflow/dags/data_ingestion.py
[2025-10-29T19:48:07.542+0000] {processor.py:840} INFO - DAG(s) 'police_data_ingestion' retrieved from /opt/airflow/dags/data_ingestion.py
[2025-10-29T19:48:07.575+0000] {logging_mixin.py:188} INFO - [2025-10-29T19:48:07.574+0000] {dag.py:3096} INFO - Sync 1 DAGs
[2025-10-29T19:48:07.598+0000] {logging_mixin.py:188} INFO - [2025-10-29T19:48:07.598+0000] {dag.py:3954} INFO - Setting next_dagrun for police_data_ingestion to 2025-11-01 00:00:00+00:00, run_after=2025-12-01 00:00:00+00:00
[2025-10-29T19:48:07.621+0000] {processor.py:183} INFO - Processing /opt/airflow/dags/data_ingestion.py took 0.835 seconds
[2025-10-29T19:48:38.057+0000] {processor.py:161} INFO - Started process (PID=6467) to work on /opt/airflow/dags/data_ingestion.py
[2025-10-29T19:48:38.059+0000] {processor.py:830} INFO - Processing file /opt/airflow/dags/data_ingestion.py for tasks to queue
[2025-10-29T19:48:38.062+0000] {logging_mixin.py:188} INFO - [2025-10-29T19:48:38.062+0000] {dagbag.py:545} INFO - Filling up the DagBag from /opt/airflow/dags/data_ingestion.py
[2025-10-29T19:48:38.701+0000] {processor.py:840} INFO - DAG(s) 'police_data_ingestion' retrieved from /opt/airflow/dags/data_ingestion.py
[2025-10-29T19:48:38.734+0000] {logging_mixin.py:188} INFO - [2025-10-29T19:48:38.734+0000] {dag.py:3096} INFO - Sync 1 DAGs
[2025-10-29T19:48:38.759+0000] {logging_mixin.py:188} INFO - [2025-10-29T19:48:38.759+0000] {dag.py:3954} INFO - Setting next_dagrun for police_data_ingestion to 2025-11-01 00:00:00+00:00, run_after=2025-12-01 00:00:00+00:00
[2025-10-29T19:48:38.782+0000] {processor.py:183} INFO - Processing /opt/airflow/dags/data_ingestion.py took 0.734 seconds
[2025-10-29T19:49:09.264+0000] {processor.py:161} INFO - Started process (PID=6479) to work on /opt/airflow/dags/data_ingestion.py
[2025-10-29T19:49:09.265+0000] {processor.py:830} INFO - Processing file /opt/airflow/dags/data_ingestion.py for tasks to queue
[2025-10-29T19:49:09.268+0000] {logging_mixin.py:188} INFO - [2025-10-29T19:49:09.267+0000] {dagbag.py:545} INFO - Filling up the DagBag from /opt/airflow/dags/data_ingestion.py
[2025-10-29T19:49:09.954+0000] {processor.py:840} INFO - DAG(s) 'police_data_ingestion' retrieved from /opt/airflow/dags/data_ingestion.py
[2025-10-29T19:49:09.987+0000] {logging_mixin.py:188} INFO - [2025-10-29T19:49:09.986+0000] {dag.py:3096} INFO - Sync 1 DAGs
[2025-10-29T19:49:10.013+0000] {logging_mixin.py:188} INFO - [2025-10-29T19:49:10.013+0000] {dag.py:3954} INFO - Setting next_dagrun for police_data_ingestion to 2025-11-01 00:00:00+00:00, run_after=2025-12-01 00:00:00+00:00
[2025-10-29T19:49:10.038+0000] {processor.py:183} INFO - Processing /opt/airflow/dags/data_ingestion.py took 0.783 seconds
[2025-10-29T19:49:40.503+0000] {processor.py:161} INFO - Started process (PID=6491) to work on /opt/airflow/dags/data_ingestion.py
[2025-10-29T19:49:40.506+0000] {processor.py:830} INFO - Processing file /opt/airflow/dags/data_ingestion.py for tasks to queue
[2025-10-29T19:49:40.510+0000] {logging_mixin.py:188} INFO - [2025-10-29T19:49:40.509+0000] {dagbag.py:545} INFO - Filling up the DagBag from /opt/airflow/dags/data_ingestion.py
[2025-10-29T19:49:41.197+0000] {processor.py:840} INFO - DAG(s) 'police_data_ingestion' retrieved from /opt/airflow/dags/data_ingestion.py
[2025-10-29T19:49:41.233+0000] {logging_mixin.py:188} INFO - [2025-10-29T19:49:41.232+0000] {dag.py:3096} INFO - Sync 1 DAGs
[2025-10-29T19:49:41.257+0000] {logging_mixin.py:188} INFO - [2025-10-29T19:49:41.257+0000] {dag.py:3954} INFO - Setting next_dagrun for police_data_ingestion to 2025-11-01 00:00:00+00:00, run_after=2025-12-01 00:00:00+00:00
[2025-10-29T19:49:41.280+0000] {processor.py:183} INFO - Processing /opt/airflow/dags/data_ingestion.py took 0.787 seconds
[2025-10-29T19:50:11.814+0000] {processor.py:161} INFO - Started process (PID=6503) to work on /opt/airflow/dags/data_ingestion.py
[2025-10-29T19:50:11.816+0000] {processor.py:830} INFO - Processing file /opt/airflow/dags/data_ingestion.py for tasks to queue
[2025-10-29T19:50:11.820+0000] {logging_mixin.py:188} INFO - [2025-10-29T19:50:11.819+0000] {dagbag.py:545} INFO - Filling up the DagBag from /opt/airflow/dags/data_ingestion.py
[2025-10-29T19:50:12.507+0000] {processor.py:840} INFO - DAG(s) 'police_data_ingestion' retrieved from /opt/airflow/dags/data_ingestion.py
[2025-10-29T19:50:12.549+0000] {logging_mixin.py:188} INFO - [2025-10-29T19:50:12.549+0000] {dag.py:3096} INFO - Sync 1 DAGs
[2025-10-29T19:50:12.573+0000] {logging_mixin.py:188} INFO - [2025-10-29T19:50:12.572+0000] {dag.py:3954} INFO - Setting next_dagrun for police_data_ingestion to 2025-11-01 00:00:00+00:00, run_after=2025-12-01 00:00:00+00:00
[2025-10-29T19:50:12.597+0000] {processor.py:183} INFO - Processing /opt/airflow/dags/data_ingestion.py took 0.797 seconds
[2025-10-29T19:50:42.958+0000] {processor.py:161} INFO - Started process (PID=6515) to work on /opt/airflow/dags/data_ingestion.py
[2025-10-29T19:50:42.959+0000] {processor.py:830} INFO - Processing file /opt/airflow/dags/data_ingestion.py for tasks to queue
[2025-10-29T19:50:42.962+0000] {logging_mixin.py:188} INFO - [2025-10-29T19:50:42.962+0000] {dagbag.py:545} INFO - Filling up the DagBag from /opt/airflow/dags/data_ingestion.py
[2025-10-29T19:50:43.609+0000] {processor.py:840} INFO - DAG(s) 'police_data_ingestion' retrieved from /opt/airflow/dags/data_ingestion.py
[2025-10-29T19:50:43.648+0000] {logging_mixin.py:188} INFO - [2025-10-29T19:50:43.647+0000] {dag.py:3096} INFO - Sync 1 DAGs
[2025-10-29T19:50:43.674+0000] {logging_mixin.py:188} INFO - [2025-10-29T19:50:43.673+0000] {dag.py:3954} INFO - Setting next_dagrun for police_data_ingestion to 2025-11-01 00:00:00+00:00, run_after=2025-12-01 00:00:00+00:00
[2025-10-29T19:50:43.699+0000] {processor.py:183} INFO - Processing /opt/airflow/dags/data_ingestion.py took 0.748 seconds
[2025-10-29T19:51:14.180+0000] {processor.py:161} INFO - Started process (PID=6527) to work on /opt/airflow/dags/data_ingestion.py
[2025-10-29T19:51:14.182+0000] {processor.py:830} INFO - Processing file /opt/airflow/dags/data_ingestion.py for tasks to queue
[2025-10-29T19:51:14.185+0000] {logging_mixin.py:188} INFO - [2025-10-29T19:51:14.185+0000] {dagbag.py:545} INFO - Filling up the DagBag from /opt/airflow/dags/data_ingestion.py
[2025-10-29T19:51:14.981+0000] {processor.py:840} INFO - DAG(s) 'police_data_ingestion' retrieved from /opt/airflow/dags/data_ingestion.py
[2025-10-29T19:51:15.018+0000] {logging_mixin.py:188} INFO - [2025-10-29T19:51:15.017+0000] {dag.py:3096} INFO - Sync 1 DAGs
[2025-10-29T19:51:15.043+0000] {logging_mixin.py:188} INFO - [2025-10-29T19:51:15.043+0000] {dag.py:3954} INFO - Setting next_dagrun for police_data_ingestion to 2025-11-01 00:00:00+00:00, run_after=2025-12-01 00:00:00+00:00
[2025-10-29T19:51:15.069+0000] {processor.py:183} INFO - Processing /opt/airflow/dags/data_ingestion.py took 0.900 seconds
[2025-10-29T19:51:45.541+0000] {processor.py:161} INFO - Started process (PID=6539) to work on /opt/airflow/dags/data_ingestion.py
[2025-10-29T19:51:45.543+0000] {processor.py:830} INFO - Processing file /opt/airflow/dags/data_ingestion.py for tasks to queue
[2025-10-29T19:51:45.546+0000] {logging_mixin.py:188} INFO - [2025-10-29T19:51:45.545+0000] {dagbag.py:545} INFO - Filling up the DagBag from /opt/airflow/dags/data_ingestion.py
[2025-10-29T19:51:46.358+0000] {processor.py:840} INFO - DAG(s) 'police_data_ingestion' retrieved from /opt/airflow/dags/data_ingestion.py
[2025-10-29T19:51:46.416+0000] {logging_mixin.py:188} INFO - [2025-10-29T19:51:46.415+0000] {dag.py:3096} INFO - Sync 1 DAGs
[2025-10-29T19:51:46.449+0000] {logging_mixin.py:188} INFO - [2025-10-29T19:51:46.449+0000] {dag.py:3954} INFO - Setting next_dagrun for police_data_ingestion to 2025-11-01 00:00:00+00:00, run_after=2025-12-01 00:00:00+00:00
[2025-10-29T19:51:46.493+0000] {processor.py:183} INFO - Processing /opt/airflow/dags/data_ingestion.py took 0.962 seconds
[2025-10-29T19:52:16.843+0000] {processor.py:161} INFO - Started process (PID=6551) to work on /opt/airflow/dags/data_ingestion.py
[2025-10-29T19:52:16.845+0000] {processor.py:830} INFO - Processing file /opt/airflow/dags/data_ingestion.py for tasks to queue
[2025-10-29T19:52:16.847+0000] {logging_mixin.py:188} INFO - [2025-10-29T19:52:16.847+0000] {dagbag.py:545} INFO - Filling up the DagBag from /opt/airflow/dags/data_ingestion.py
[2025-10-29T19:52:17.528+0000] {processor.py:840} INFO - DAG(s) 'police_data_ingestion' retrieved from /opt/airflow/dags/data_ingestion.py
[2025-10-29T19:52:17.563+0000] {logging_mixin.py:188} INFO - [2025-10-29T19:52:17.562+0000] {dag.py:3096} INFO - Sync 1 DAGs
[2025-10-29T19:52:17.588+0000] {logging_mixin.py:188} INFO - [2025-10-29T19:52:17.588+0000] {dag.py:3954} INFO - Setting next_dagrun for police_data_ingestion to 2025-11-01 00:00:00+00:00, run_after=2025-12-01 00:00:00+00:00
[2025-10-29T19:52:17.617+0000] {processor.py:183} INFO - Processing /opt/airflow/dags/data_ingestion.py took 0.782 seconds
[2025-10-29T19:52:48.201+0000] {processor.py:161} INFO - Started process (PID=6563) to work on /opt/airflow/dags/data_ingestion.py
[2025-10-29T19:52:48.203+0000] {processor.py:830} INFO - Processing file /opt/airflow/dags/data_ingestion.py for tasks to queue
[2025-10-29T19:52:48.209+0000] {logging_mixin.py:188} INFO - [2025-10-29T19:52:48.207+0000] {dagbag.py:545} INFO - Filling up the DagBag from /opt/airflow/dags/data_ingestion.py
[2025-10-29T19:52:48.979+0000] {processor.py:840} INFO - DAG(s) 'police_data_ingestion' retrieved from /opt/airflow/dags/data_ingestion.py
[2025-10-29T19:52:49.029+0000] {logging_mixin.py:188} INFO - [2025-10-29T19:52:49.028+0000] {dag.py:3096} INFO - Sync 1 DAGs
[2025-10-29T19:52:49.062+0000] {logging_mixin.py:188} INFO - [2025-10-29T19:52:49.061+0000] {dag.py:3954} INFO - Setting next_dagrun for police_data_ingestion to 2025-11-01 00:00:00+00:00, run_after=2025-12-01 00:00:00+00:00
[2025-10-29T19:52:49.123+0000] {processor.py:183} INFO - Processing /opt/airflow/dags/data_ingestion.py took 0.938 seconds
[2025-10-29T19:53:19.488+0000] {processor.py:161} INFO - Started process (PID=6575) to work on /opt/airflow/dags/data_ingestion.py
[2025-10-29T19:53:19.490+0000] {processor.py:830} INFO - Processing file /opt/airflow/dags/data_ingestion.py for tasks to queue
[2025-10-29T19:53:19.494+0000] {logging_mixin.py:188} INFO - [2025-10-29T19:53:19.493+0000] {dagbag.py:545} INFO - Filling up the DagBag from /opt/airflow/dags/data_ingestion.py
[2025-10-29T19:53:19.995+0000] {processor.py:840} INFO - DAG(s) 'police_data_ingestion' retrieved from /opt/airflow/dags/data_ingestion.py
[2025-10-29T19:53:20.042+0000] {logging_mixin.py:188} INFO - [2025-10-29T19:53:20.041+0000] {dag.py:3096} INFO - Sync 1 DAGs
[2025-10-29T19:53:20.076+0000] {logging_mixin.py:188} INFO - [2025-10-29T19:53:20.076+0000] {dag.py:3954} INFO - Setting next_dagrun for police_data_ingestion to 2025-11-01 00:00:00+00:00, run_after=2025-12-01 00:00:00+00:00
[2025-10-29T19:53:20.119+0000] {processor.py:183} INFO - Processing /opt/airflow/dags/data_ingestion.py took 0.641 seconds
[2025-10-29T19:53:50.500+0000] {processor.py:161} INFO - Started process (PID=6587) to work on /opt/airflow/dags/data_ingestion.py
[2025-10-29T19:53:50.502+0000] {processor.py:830} INFO - Processing file /opt/airflow/dags/data_ingestion.py for tasks to queue
[2025-10-29T19:53:50.505+0000] {logging_mixin.py:188} INFO - [2025-10-29T19:53:50.504+0000] {dagbag.py:545} INFO - Filling up the DagBag from /opt/airflow/dags/data_ingestion.py
[2025-10-29T19:53:51.037+0000] {processor.py:840} INFO - DAG(s) 'police_data_ingestion' retrieved from /opt/airflow/dags/data_ingestion.py
[2025-10-29T19:53:51.080+0000] {logging_mixin.py:188} INFO - [2025-10-29T19:53:51.079+0000] {dag.py:3096} INFO - Sync 1 DAGs
[2025-10-29T19:53:51.112+0000] {logging_mixin.py:188} INFO - [2025-10-29T19:53:51.112+0000] {dag.py:3954} INFO - Setting next_dagrun for police_data_ingestion to 2025-11-01 00:00:00+00:00, run_after=2025-12-01 00:00:00+00:00
[2025-10-29T19:53:51.140+0000] {processor.py:183} INFO - Processing /opt/airflow/dags/data_ingestion.py took 0.650 seconds
[2025-10-29T19:54:21.468+0000] {processor.py:161} INFO - Started process (PID=6599) to work on /opt/airflow/dags/data_ingestion.py
[2025-10-29T19:54:21.470+0000] {processor.py:830} INFO - Processing file /opt/airflow/dags/data_ingestion.py for tasks to queue
[2025-10-29T19:54:21.476+0000] {logging_mixin.py:188} INFO - [2025-10-29T19:54:21.476+0000] {dagbag.py:545} INFO - Filling up the DagBag from /opt/airflow/dags/data_ingestion.py
[2025-10-29T19:54:22.023+0000] {processor.py:840} INFO - DAG(s) 'police_data_ingestion' retrieved from /opt/airflow/dags/data_ingestion.py
[2025-10-29T19:54:22.072+0000] {logging_mixin.py:188} INFO - [2025-10-29T19:54:22.072+0000] {dag.py:3096} INFO - Sync 1 DAGs
[2025-10-29T19:54:22.116+0000] {logging_mixin.py:188} INFO - [2025-10-29T19:54:22.115+0000] {dag.py:3954} INFO - Setting next_dagrun for police_data_ingestion to 2025-11-01 00:00:00+00:00, run_after=2025-12-01 00:00:00+00:00
[2025-10-29T19:54:22.172+0000] {processor.py:183} INFO - Processing /opt/airflow/dags/data_ingestion.py took 0.718 seconds
[2025-10-29T19:54:52.549+0000] {processor.py:161} INFO - Started process (PID=6611) to work on /opt/airflow/dags/data_ingestion.py
[2025-10-29T19:54:52.550+0000] {processor.py:830} INFO - Processing file /opt/airflow/dags/data_ingestion.py for tasks to queue
[2025-10-29T19:54:52.556+0000] {logging_mixin.py:188} INFO - [2025-10-29T19:54:52.555+0000] {dagbag.py:545} INFO - Filling up the DagBag from /opt/airflow/dags/data_ingestion.py
[2025-10-29T19:54:53.032+0000] {processor.py:840} INFO - DAG(s) 'police_data_ingestion' retrieved from /opt/airflow/dags/data_ingestion.py
[2025-10-29T19:54:53.087+0000] {logging_mixin.py:188} INFO - [2025-10-29T19:54:53.086+0000] {dag.py:3096} INFO - Sync 1 DAGs
[2025-10-29T19:54:53.139+0000] {logging_mixin.py:188} INFO - [2025-10-29T19:54:53.138+0000] {dag.py:3954} INFO - Setting next_dagrun for police_data_ingestion to 2025-11-01 00:00:00+00:00, run_after=2025-12-01 00:00:00+00:00
[2025-10-29T19:54:53.175+0000] {processor.py:183} INFO - Processing /opt/airflow/dags/data_ingestion.py took 0.637 seconds
[2025-10-29T19:55:23.486+0000] {processor.py:161} INFO - Started process (PID=6623) to work on /opt/airflow/dags/data_ingestion.py
[2025-10-29T19:55:23.487+0000] {processor.py:830} INFO - Processing file /opt/airflow/dags/data_ingestion.py for tasks to queue
[2025-10-29T19:55:23.490+0000] {logging_mixin.py:188} INFO - [2025-10-29T19:55:23.490+0000] {dagbag.py:545} INFO - Filling up the DagBag from /opt/airflow/dags/data_ingestion.py
[2025-10-29T19:55:24.011+0000] {processor.py:840} INFO - DAG(s) 'police_data_ingestion' retrieved from /opt/airflow/dags/data_ingestion.py
[2025-10-29T19:55:24.065+0000] {logging_mixin.py:188} INFO - [2025-10-29T19:55:24.064+0000] {dag.py:3096} INFO - Sync 1 DAGs
[2025-10-29T19:55:24.100+0000] {logging_mixin.py:188} INFO - [2025-10-29T19:55:24.100+0000] {dag.py:3954} INFO - Setting next_dagrun for police_data_ingestion to 2025-11-01 00:00:00+00:00, run_after=2025-12-01 00:00:00+00:00
[2025-10-29T19:55:24.131+0000] {processor.py:183} INFO - Processing /opt/airflow/dags/data_ingestion.py took 0.655 seconds
[2025-10-29T19:55:54.469+0000] {processor.py:161} INFO - Started process (PID=6635) to work on /opt/airflow/dags/data_ingestion.py
[2025-10-29T19:55:54.470+0000] {processor.py:830} INFO - Processing file /opt/airflow/dags/data_ingestion.py for tasks to queue
[2025-10-29T19:55:54.473+0000] {logging_mixin.py:188} INFO - [2025-10-29T19:55:54.473+0000] {dagbag.py:545} INFO - Filling up the DagBag from /opt/airflow/dags/data_ingestion.py
[2025-10-29T19:55:54.977+0000] {processor.py:840} INFO - DAG(s) 'police_data_ingestion' retrieved from /opt/airflow/dags/data_ingestion.py
[2025-10-29T19:55:55.047+0000] {logging_mixin.py:188} INFO - [2025-10-29T19:55:55.047+0000] {dag.py:3096} INFO - Sync 1 DAGs
[2025-10-29T19:55:55.080+0000] {logging_mixin.py:188} INFO - [2025-10-29T19:55:55.080+0000] {dag.py:3954} INFO - Setting next_dagrun for police_data_ingestion to 2025-11-01 00:00:00+00:00, run_after=2025-12-01 00:00:00+00:00
[2025-10-29T19:55:55.107+0000] {processor.py:183} INFO - Processing /opt/airflow/dags/data_ingestion.py took 0.647 seconds
[2025-10-29T19:56:25.485+0000] {processor.py:161} INFO - Started process (PID=6647) to work on /opt/airflow/dags/data_ingestion.py
[2025-10-29T19:56:25.487+0000] {processor.py:830} INFO - Processing file /opt/airflow/dags/data_ingestion.py for tasks to queue
[2025-10-29T19:56:25.491+0000] {logging_mixin.py:188} INFO - [2025-10-29T19:56:25.490+0000] {dagbag.py:545} INFO - Filling up the DagBag from /opt/airflow/dags/data_ingestion.py
[2025-10-29T19:56:25.964+0000] {processor.py:840} INFO - DAG(s) 'police_data_ingestion' retrieved from /opt/airflow/dags/data_ingestion.py
[2025-10-29T19:56:26.018+0000] {logging_mixin.py:188} INFO - [2025-10-29T19:56:26.018+0000] {dag.py:3096} INFO - Sync 1 DAGs
[2025-10-29T19:56:26.060+0000] {logging_mixin.py:188} INFO - [2025-10-29T19:56:26.059+0000] {dag.py:3954} INFO - Setting next_dagrun for police_data_ingestion to 2025-11-01 00:00:00+00:00, run_after=2025-12-01 00:00:00+00:00
[2025-10-29T19:56:26.090+0000] {processor.py:183} INFO - Processing /opt/airflow/dags/data_ingestion.py took 0.618 seconds
[2025-10-29T19:56:56.412+0000] {processor.py:161} INFO - Started process (PID=6659) to work on /opt/airflow/dags/data_ingestion.py
[2025-10-29T19:56:56.413+0000] {processor.py:830} INFO - Processing file /opt/airflow/dags/data_ingestion.py for tasks to queue
[2025-10-29T19:56:56.416+0000] {logging_mixin.py:188} INFO - [2025-10-29T19:56:56.416+0000] {dagbag.py:545} INFO - Filling up the DagBag from /opt/airflow/dags/data_ingestion.py
[2025-10-29T19:56:56.998+0000] {processor.py:840} INFO - DAG(s) 'police_data_ingestion' retrieved from /opt/airflow/dags/data_ingestion.py
[2025-10-29T19:56:57.065+0000] {logging_mixin.py:188} INFO - [2025-10-29T19:56:57.064+0000] {dag.py:3096} INFO - Sync 1 DAGs
[2025-10-29T19:56:57.106+0000] {logging_mixin.py:188} INFO - [2025-10-29T19:56:57.105+0000] {dag.py:3954} INFO - Setting next_dagrun for police_data_ingestion to 2025-11-01 00:00:00+00:00, run_after=2025-12-01 00:00:00+00:00
[2025-10-29T19:56:57.147+0000] {processor.py:183} INFO - Processing /opt/airflow/dags/data_ingestion.py took 0.746 seconds
[2025-10-29T19:57:27.571+0000] {processor.py:161} INFO - Started process (PID=6671) to work on /opt/airflow/dags/data_ingestion.py
[2025-10-29T19:57:27.573+0000] {processor.py:830} INFO - Processing file /opt/airflow/dags/data_ingestion.py for tasks to queue
[2025-10-29T19:57:27.576+0000] {logging_mixin.py:188} INFO - [2025-10-29T19:57:27.575+0000] {dagbag.py:545} INFO - Filling up the DagBag from /opt/airflow/dags/data_ingestion.py
[2025-10-29T19:57:28.028+0000] {processor.py:840} INFO - DAG(s) 'police_data_ingestion' retrieved from /opt/airflow/dags/data_ingestion.py
[2025-10-29T19:57:28.075+0000] {logging_mixin.py:188} INFO - [2025-10-29T19:57:28.074+0000] {dag.py:3096} INFO - Sync 1 DAGs
[2025-10-29T19:57:28.120+0000] {logging_mixin.py:188} INFO - [2025-10-29T19:57:28.114+0000] {dag.py:3954} INFO - Setting next_dagrun for police_data_ingestion to 2025-11-01 00:00:00+00:00, run_after=2025-12-01 00:00:00+00:00
[2025-10-29T19:57:28.155+0000] {processor.py:183} INFO - Processing /opt/airflow/dags/data_ingestion.py took 0.592 seconds
[2025-10-29T19:57:58.459+0000] {processor.py:161} INFO - Started process (PID=6683) to work on /opt/airflow/dags/data_ingestion.py
[2025-10-29T19:57:58.461+0000] {processor.py:830} INFO - Processing file /opt/airflow/dags/data_ingestion.py for tasks to queue
[2025-10-29T19:57:58.464+0000] {logging_mixin.py:188} INFO - [2025-10-29T19:57:58.463+0000] {dagbag.py:545} INFO - Filling up the DagBag from /opt/airflow/dags/data_ingestion.py
[2025-10-29T19:57:58.956+0000] {processor.py:840} INFO - DAG(s) 'police_data_ingestion' retrieved from /opt/airflow/dags/data_ingestion.py
[2025-10-29T19:57:59.002+0000] {logging_mixin.py:188} INFO - [2025-10-29T19:57:59.001+0000] {dag.py:3096} INFO - Sync 1 DAGs
[2025-10-29T19:57:59.038+0000] {logging_mixin.py:188} INFO - [2025-10-29T19:57:59.038+0000] {dag.py:3954} INFO - Setting next_dagrun for police_data_ingestion to 2025-11-01 00:00:00+00:00, run_after=2025-12-01 00:00:00+00:00
[2025-10-29T19:57:59.074+0000] {processor.py:183} INFO - Processing /opt/airflow/dags/data_ingestion.py took 0.626 seconds
[2025-10-29T19:58:29.381+0000] {processor.py:161} INFO - Started process (PID=6695) to work on /opt/airflow/dags/data_ingestion.py
[2025-10-29T19:58:29.382+0000] {processor.py:830} INFO - Processing file /opt/airflow/dags/data_ingestion.py for tasks to queue
[2025-10-29T19:58:29.385+0000] {logging_mixin.py:188} INFO - [2025-10-29T19:58:29.384+0000] {dagbag.py:545} INFO - Filling up the DagBag from /opt/airflow/dags/data_ingestion.py
[2025-10-29T19:58:29.900+0000] {processor.py:840} INFO - DAG(s) 'police_data_ingestion' retrieved from /opt/airflow/dags/data_ingestion.py
[2025-10-29T19:58:29.962+0000] {logging_mixin.py:188} INFO - [2025-10-29T19:58:29.961+0000] {dag.py:3096} INFO - Sync 1 DAGs
[2025-10-29T19:58:29.999+0000] {logging_mixin.py:188} INFO - [2025-10-29T19:58:29.999+0000] {dag.py:3954} INFO - Setting next_dagrun for police_data_ingestion to 2025-11-01 00:00:00+00:00, run_after=2025-12-01 00:00:00+00:00
[2025-10-29T19:58:30.028+0000] {processor.py:183} INFO - Processing /opt/airflow/dags/data_ingestion.py took 0.655 seconds
[2025-10-29T19:59:00.355+0000] {processor.py:161} INFO - Started process (PID=6707) to work on /opt/airflow/dags/data_ingestion.py
[2025-10-29T19:59:00.408+0000] {processor.py:830} INFO - Processing file /opt/airflow/dags/data_ingestion.py for tasks to queue
[2025-10-29T19:59:00.413+0000] {logging_mixin.py:188} INFO - [2025-10-29T19:59:00.412+0000] {dagbag.py:545} INFO - Filling up the DagBag from /opt/airflow/dags/data_ingestion.py
[2025-10-29T19:59:00.873+0000] {processor.py:840} INFO - DAG(s) 'police_data_ingestion' retrieved from /opt/airflow/dags/data_ingestion.py
[2025-10-29T19:59:00.922+0000] {logging_mixin.py:188} INFO - [2025-10-29T19:59:00.922+0000] {dag.py:3096} INFO - Sync 1 DAGs
[2025-10-29T19:59:00.958+0000] {logging_mixin.py:188} INFO - [2025-10-29T19:59:00.958+0000] {dag.py:3954} INFO - Setting next_dagrun for police_data_ingestion to 2025-11-01 00:00:00+00:00, run_after=2025-12-01 00:00:00+00:00
[2025-10-29T19:59:03.583+0000] {processor.py:183} INFO - Processing /opt/airflow/dags/data_ingestion.py took 3.236 seconds
[2025-10-29T19:59:34.325+0000] {processor.py:161} INFO - Started process (PID=6719) to work on /opt/airflow/dags/data_ingestion.py
[2025-10-29T19:59:34.326+0000] {processor.py:830} INFO - Processing file /opt/airflow/dags/data_ingestion.py for tasks to queue
[2025-10-29T19:59:34.329+0000] {logging_mixin.py:188} INFO - [2025-10-29T19:59:34.329+0000] {dagbag.py:545} INFO - Filling up the DagBag from /opt/airflow/dags/data_ingestion.py
[2025-10-29T19:59:34.748+0000] {processor.py:840} INFO - DAG(s) 'police_data_ingestion' retrieved from /opt/airflow/dags/data_ingestion.py
[2025-10-29T19:59:34.789+0000] {logging_mixin.py:188} INFO - [2025-10-29T19:59:34.789+0000] {dag.py:3096} INFO - Sync 1 DAGs
[2025-10-29T19:59:34.823+0000] {logging_mixin.py:188} INFO - [2025-10-29T19:59:34.822+0000] {dag.py:3954} INFO - Setting next_dagrun for police_data_ingestion to 2025-11-01 00:00:00+00:00, run_after=2025-12-01 00:00:00+00:00
[2025-10-29T19:59:35.255+0000] {processor.py:183} INFO - Processing /opt/airflow/dags/data_ingestion.py took 0.939 seconds
[2025-10-29T20:00:05.778+0000] {processor.py:161} INFO - Started process (PID=6732) to work on /opt/airflow/dags/data_ingestion.py
[2025-10-29T20:00:05.779+0000] {processor.py:830} INFO - Processing file /opt/airflow/dags/data_ingestion.py for tasks to queue
[2025-10-29T20:00:05.782+0000] {logging_mixin.py:188} INFO - [2025-10-29T20:00:05.781+0000] {dagbag.py:545} INFO - Filling up the DagBag from /opt/airflow/dags/data_ingestion.py
[2025-10-29T20:00:06.213+0000] {processor.py:840} INFO - DAG(s) 'police_data_ingestion' retrieved from /opt/airflow/dags/data_ingestion.py
[2025-10-29T20:00:06.253+0000] {logging_mixin.py:188} INFO - [2025-10-29T20:00:06.253+0000] {dag.py:3096} INFO - Sync 1 DAGs
[2025-10-29T20:00:06.282+0000] {logging_mixin.py:188} INFO - [2025-10-29T20:00:06.282+0000] {dag.py:3954} INFO - Setting next_dagrun for police_data_ingestion to 2025-11-01 00:00:00+00:00, run_after=2025-12-01 00:00:00+00:00
[2025-10-29T20:00:11.173+0000] {processor.py:183} INFO - Processing /opt/airflow/dags/data_ingestion.py took 5.409 seconds
[2025-10-29T20:00:41.472+0000] {processor.py:161} INFO - Started process (PID=6743) to work on /opt/airflow/dags/data_ingestion.py
[2025-10-29T20:00:41.473+0000] {processor.py:830} INFO - Processing file /opt/airflow/dags/data_ingestion.py for tasks to queue
[2025-10-29T20:00:41.476+0000] {logging_mixin.py:188} INFO - [2025-10-29T20:00:41.475+0000] {dagbag.py:545} INFO - Filling up the DagBag from /opt/airflow/dags/data_ingestion.py
[2025-10-29T20:00:41.940+0000] {processor.py:840} INFO - DAG(s) 'police_data_ingestion' retrieved from /opt/airflow/dags/data_ingestion.py
[2025-10-29T20:00:41.987+0000] {logging_mixin.py:188} INFO - [2025-10-29T20:00:41.986+0000] {dag.py:3096} INFO - Sync 1 DAGs
[2025-10-29T20:00:42.021+0000] {logging_mixin.py:188} INFO - [2025-10-29T20:00:42.020+0000] {dag.py:3954} INFO - Setting next_dagrun for police_data_ingestion to 2025-11-01 00:00:00+00:00, run_after=2025-12-01 00:00:00+00:00
[2025-10-29T20:00:42.054+0000] {processor.py:183} INFO - Processing /opt/airflow/dags/data_ingestion.py took 0.592 seconds
[2025-10-29T20:01:12.354+0000] {processor.py:161} INFO - Started process (PID=6755) to work on /opt/airflow/dags/data_ingestion.py
[2025-10-29T20:01:12.356+0000] {processor.py:830} INFO - Processing file /opt/airflow/dags/data_ingestion.py for tasks to queue
[2025-10-29T20:01:12.359+0000] {logging_mixin.py:188} INFO - [2025-10-29T20:01:12.358+0000] {dagbag.py:545} INFO - Filling up the DagBag from /opt/airflow/dags/data_ingestion.py
[2025-10-29T20:01:12.791+0000] {processor.py:840} INFO - DAG(s) 'police_data_ingestion' retrieved from /opt/airflow/dags/data_ingestion.py
[2025-10-29T20:01:12.835+0000] {logging_mixin.py:188} INFO - [2025-10-29T20:01:12.835+0000] {dag.py:3096} INFO - Sync 1 DAGs
[2025-10-29T20:01:12.865+0000] {logging_mixin.py:188} INFO - [2025-10-29T20:01:12.864+0000] {dag.py:3954} INFO - Setting next_dagrun for police_data_ingestion to 2025-11-01 00:00:00+00:00, run_after=2025-12-01 00:00:00+00:00
[2025-10-29T20:01:12.893+0000] {processor.py:183} INFO - Processing /opt/airflow/dags/data_ingestion.py took 0.549 seconds
[2025-10-29T20:01:43.256+0000] {processor.py:161} INFO - Started process (PID=6767) to work on /opt/airflow/dags/data_ingestion.py
[2025-10-29T20:01:43.258+0000] {processor.py:830} INFO - Processing file /opt/airflow/dags/data_ingestion.py for tasks to queue
[2025-10-29T20:01:43.260+0000] {logging_mixin.py:188} INFO - [2025-10-29T20:01:43.260+0000] {dagbag.py:545} INFO - Filling up the DagBag from /opt/airflow/dags/data_ingestion.py
[2025-10-29T20:01:43.759+0000] {processor.py:840} INFO - DAG(s) 'police_data_ingestion' retrieved from /opt/airflow/dags/data_ingestion.py
[2025-10-29T20:01:43.809+0000] {logging_mixin.py:188} INFO - [2025-10-29T20:01:43.808+0000] {dag.py:3096} INFO - Sync 1 DAGs
[2025-10-29T20:01:43.846+0000] {logging_mixin.py:188} INFO - [2025-10-29T20:01:43.846+0000] {dag.py:3954} INFO - Setting next_dagrun for police_data_ingestion to 2025-11-01 00:00:00+00:00, run_after=2025-12-01 00:00:00+00:00
[2025-10-29T20:01:43.887+0000] {processor.py:183} INFO - Processing /opt/airflow/dags/data_ingestion.py took 0.640 seconds
[2025-10-29T20:02:14.211+0000] {processor.py:161} INFO - Started process (PID=6779) to work on /opt/airflow/dags/data_ingestion.py
[2025-10-29T20:02:14.213+0000] {processor.py:830} INFO - Processing file /opt/airflow/dags/data_ingestion.py for tasks to queue
[2025-10-29T20:02:14.217+0000] {logging_mixin.py:188} INFO - [2025-10-29T20:02:14.216+0000] {dagbag.py:545} INFO - Filling up the DagBag from /opt/airflow/dags/data_ingestion.py
[2025-10-29T20:02:14.988+0000] {processor.py:840} INFO - DAG(s) 'police_data_ingestion' retrieved from /opt/airflow/dags/data_ingestion.py
[2025-10-29T20:02:15.057+0000] {logging_mixin.py:188} INFO - [2025-10-29T20:02:15.056+0000] {dag.py:3096} INFO - Sync 1 DAGs
[2025-10-29T20:02:15.120+0000] {logging_mixin.py:188} INFO - [2025-10-29T20:02:15.119+0000] {dag.py:3954} INFO - Setting next_dagrun for police_data_ingestion to 2025-11-01 00:00:00+00:00, run_after=2025-12-01 00:00:00+00:00
[2025-10-29T20:02:15.164+0000] {processor.py:183} INFO - Processing /opt/airflow/dags/data_ingestion.py took 0.965 seconds
[2025-10-29T20:02:45.496+0000] {processor.py:161} INFO - Started process (PID=6791) to work on /opt/airflow/dags/data_ingestion.py
[2025-10-29T20:02:45.498+0000] {processor.py:830} INFO - Processing file /opt/airflow/dags/data_ingestion.py for tasks to queue
[2025-10-29T20:02:45.504+0000] {logging_mixin.py:188} INFO - [2025-10-29T20:02:45.503+0000] {dagbag.py:545} INFO - Filling up the DagBag from /opt/airflow/dags/data_ingestion.py
[2025-10-29T20:02:46.187+0000] {processor.py:840} INFO - DAG(s) 'police_data_ingestion' retrieved from /opt/airflow/dags/data_ingestion.py
[2025-10-29T20:02:46.241+0000] {logging_mixin.py:188} INFO - [2025-10-29T20:02:46.240+0000] {dag.py:3096} INFO - Sync 1 DAGs
[2025-10-29T20:02:46.279+0000] {logging_mixin.py:188} INFO - [2025-10-29T20:02:46.278+0000] {dag.py:3954} INFO - Setting next_dagrun for police_data_ingestion to 2025-11-01 00:00:00+00:00, run_after=2025-12-01 00:00:00+00:00
[2025-10-29T20:02:46.386+0000] {processor.py:183} INFO - Processing /opt/airflow/dags/data_ingestion.py took 0.904 seconds
[2025-10-29T20:03:16.852+0000] {processor.py:161} INFO - Started process (PID=6803) to work on /opt/airflow/dags/data_ingestion.py
[2025-10-29T20:03:16.854+0000] {processor.py:830} INFO - Processing file /opt/airflow/dags/data_ingestion.py for tasks to queue
[2025-10-29T20:03:16.857+0000] {logging_mixin.py:188} INFO - [2025-10-29T20:03:16.856+0000] {dagbag.py:545} INFO - Filling up the DagBag from /opt/airflow/dags/data_ingestion.py
[2025-10-29T20:03:17.382+0000] {processor.py:840} INFO - DAG(s) 'police_data_ingestion' retrieved from /opt/airflow/dags/data_ingestion.py
[2025-10-29T20:03:17.435+0000] {logging_mixin.py:188} INFO - [2025-10-29T20:03:17.434+0000] {dag.py:3096} INFO - Sync 1 DAGs
[2025-10-29T20:03:17.468+0000] {logging_mixin.py:188} INFO - [2025-10-29T20:03:17.468+0000] {dag.py:3954} INFO - Setting next_dagrun for police_data_ingestion to 2025-11-01 00:00:00+00:00, run_after=2025-12-01 00:00:00+00:00
[2025-10-29T20:03:17.502+0000] {processor.py:183} INFO - Processing /opt/airflow/dags/data_ingestion.py took 0.659 seconds
[2025-10-29T20:03:47.842+0000] {processor.py:161} INFO - Started process (PID=6815) to work on /opt/airflow/dags/data_ingestion.py
[2025-10-29T20:03:47.844+0000] {processor.py:830} INFO - Processing file /opt/airflow/dags/data_ingestion.py for tasks to queue
[2025-10-29T20:03:47.848+0000] {logging_mixin.py:188} INFO - [2025-10-29T20:03:47.847+0000] {dagbag.py:545} INFO - Filling up the DagBag from /opt/airflow/dags/data_ingestion.py
[2025-10-29T20:03:48.455+0000] {processor.py:840} INFO - DAG(s) 'police_data_ingestion' retrieved from /opt/airflow/dags/data_ingestion.py
[2025-10-29T20:03:48.518+0000] {logging_mixin.py:188} INFO - [2025-10-29T20:03:48.517+0000] {dag.py:3096} INFO - Sync 1 DAGs
[2025-10-29T20:03:48.572+0000] {logging_mixin.py:188} INFO - [2025-10-29T20:03:48.571+0000] {dag.py:3954} INFO - Setting next_dagrun for police_data_ingestion to 2025-11-01 00:00:00+00:00, run_after=2025-12-01 00:00:00+00:00
[2025-10-29T20:03:48.614+0000] {processor.py:183} INFO - Processing /opt/airflow/dags/data_ingestion.py took 0.786 seconds
[2025-10-29T20:04:18.941+0000] {processor.py:161} INFO - Started process (PID=6827) to work on /opt/airflow/dags/data_ingestion.py
[2025-10-29T20:04:18.943+0000] {processor.py:830} INFO - Processing file /opt/airflow/dags/data_ingestion.py for tasks to queue
[2025-10-29T20:04:18.947+0000] {logging_mixin.py:188} INFO - [2025-10-29T20:04:18.946+0000] {dagbag.py:545} INFO - Filling up the DagBag from /opt/airflow/dags/data_ingestion.py
[2025-10-29T20:04:19.506+0000] {processor.py:840} INFO - DAG(s) 'police_data_ingestion' retrieved from /opt/airflow/dags/data_ingestion.py
[2025-10-29T20:04:19.555+0000] {logging_mixin.py:188} INFO - [2025-10-29T20:04:19.554+0000] {dag.py:3096} INFO - Sync 1 DAGs
[2025-10-29T20:04:19.593+0000] {logging_mixin.py:188} INFO - [2025-10-29T20:04:19.592+0000] {dag.py:3954} INFO - Setting next_dagrun for police_data_ingestion to 2025-11-01 00:00:00+00:00, run_after=2025-12-01 00:00:00+00:00
[2025-10-29T20:04:19.630+0000] {processor.py:183} INFO - Processing /opt/airflow/dags/data_ingestion.py took 0.703 seconds
[2025-10-29T20:04:50.060+0000] {processor.py:161} INFO - Started process (PID=6839) to work on /opt/airflow/dags/data_ingestion.py
[2025-10-29T20:04:50.062+0000] {processor.py:830} INFO - Processing file /opt/airflow/dags/data_ingestion.py for tasks to queue
[2025-10-29T20:04:50.064+0000] {logging_mixin.py:188} INFO - [2025-10-29T20:04:50.064+0000] {dagbag.py:545} INFO - Filling up the DagBag from /opt/airflow/dags/data_ingestion.py
[2025-10-29T20:04:50.492+0000] {processor.py:840} INFO - DAG(s) 'police_data_ingestion' retrieved from /opt/airflow/dags/data_ingestion.py
[2025-10-29T20:04:50.533+0000] {logging_mixin.py:188} INFO - [2025-10-29T20:04:50.532+0000] {dag.py:3096} INFO - Sync 1 DAGs
[2025-10-29T20:04:50.564+0000] {logging_mixin.py:188} INFO - [2025-10-29T20:04:50.564+0000] {dag.py:3954} INFO - Setting next_dagrun for police_data_ingestion to 2025-11-01 00:00:00+00:00, run_after=2025-12-01 00:00:00+00:00
[2025-10-29T20:04:50.591+0000] {processor.py:183} INFO - Processing /opt/airflow/dags/data_ingestion.py took 0.539 seconds
[2025-10-29T20:05:21.021+0000] {processor.py:161} INFO - Started process (PID=6851) to work on /opt/airflow/dags/data_ingestion.py
[2025-10-29T20:05:21.023+0000] {processor.py:830} INFO - Processing file /opt/airflow/dags/data_ingestion.py for tasks to queue
[2025-10-29T20:05:21.026+0000] {logging_mixin.py:188} INFO - [2025-10-29T20:05:21.026+0000] {dagbag.py:545} INFO - Filling up the DagBag from /opt/airflow/dags/data_ingestion.py
[2025-10-29T20:05:21.472+0000] {processor.py:840} INFO - DAG(s) 'police_data_ingestion' retrieved from /opt/airflow/dags/data_ingestion.py
[2025-10-29T20:05:21.511+0000] {logging_mixin.py:188} INFO - [2025-10-29T20:05:21.510+0000] {dag.py:3096} INFO - Sync 1 DAGs
[2025-10-29T20:05:21.544+0000] {logging_mixin.py:188} INFO - [2025-10-29T20:05:21.543+0000] {dag.py:3954} INFO - Setting next_dagrun for police_data_ingestion to 2025-11-01 00:00:00+00:00, run_after=2025-12-01 00:00:00+00:00
[2025-10-29T20:05:21.568+0000] {processor.py:183} INFO - Processing /opt/airflow/dags/data_ingestion.py took 0.556 seconds
[2025-10-29T20:05:52.097+0000] {processor.py:161} INFO - Started process (PID=6863) to work on /opt/airflow/dags/data_ingestion.py
[2025-10-29T20:05:52.099+0000] {processor.py:830} INFO - Processing file /opt/airflow/dags/data_ingestion.py for tasks to queue
[2025-10-29T20:05:52.102+0000] {logging_mixin.py:188} INFO - [2025-10-29T20:05:52.102+0000] {dagbag.py:545} INFO - Filling up the DagBag from /opt/airflow/dags/data_ingestion.py
[2025-10-29T20:05:52.521+0000] {processor.py:840} INFO - DAG(s) 'police_data_ingestion' retrieved from /opt/airflow/dags/data_ingestion.py
[2025-10-29T20:05:52.561+0000] {logging_mixin.py:188} INFO - [2025-10-29T20:05:52.560+0000] {dag.py:3096} INFO - Sync 1 DAGs
[2025-10-29T20:05:52.590+0000] {logging_mixin.py:188} INFO - [2025-10-29T20:05:52.590+0000] {dag.py:3954} INFO - Setting next_dagrun for police_data_ingestion to 2025-11-01 00:00:00+00:00, run_after=2025-12-01 00:00:00+00:00
[2025-10-29T20:05:52.616+0000] {processor.py:183} INFO - Processing /opt/airflow/dags/data_ingestion.py took 0.529 seconds
[2025-10-29T20:06:22.998+0000] {processor.py:161} INFO - Started process (PID=6875) to work on /opt/airflow/dags/data_ingestion.py
[2025-10-29T20:06:22.999+0000] {processor.py:830} INFO - Processing file /opt/airflow/dags/data_ingestion.py for tasks to queue
[2025-10-29T20:06:23.004+0000] {logging_mixin.py:188} INFO - [2025-10-29T20:06:23.003+0000] {dagbag.py:545} INFO - Filling up the DagBag from /opt/airflow/dags/data_ingestion.py
[2025-10-29T20:06:23.448+0000] {processor.py:840} INFO - DAG(s) 'police_data_ingestion' retrieved from /opt/airflow/dags/data_ingestion.py
[2025-10-29T20:06:23.494+0000] {logging_mixin.py:188} INFO - [2025-10-29T20:06:23.493+0000] {dag.py:3096} INFO - Sync 1 DAGs
[2025-10-29T20:06:23.523+0000] {logging_mixin.py:188} INFO - [2025-10-29T20:06:23.523+0000] {dag.py:3954} INFO - Setting next_dagrun for police_data_ingestion to 2025-11-01 00:00:00+00:00, run_after=2025-12-01 00:00:00+00:00
[2025-10-29T20:06:23.719+0000] {processor.py:183} INFO - Processing /opt/airflow/dags/data_ingestion.py took 0.733 seconds
[2025-10-29T20:06:54.171+0000] {processor.py:161} INFO - Started process (PID=6887) to work on /opt/airflow/dags/data_ingestion.py
[2025-10-29T20:06:54.173+0000] {processor.py:830} INFO - Processing file /opt/airflow/dags/data_ingestion.py for tasks to queue
[2025-10-29T20:06:54.176+0000] {logging_mixin.py:188} INFO - [2025-10-29T20:06:54.175+0000] {dagbag.py:545} INFO - Filling up the DagBag from /opt/airflow/dags/data_ingestion.py
[2025-10-29T20:06:54.617+0000] {processor.py:840} INFO - DAG(s) 'police_data_ingestion' retrieved from /opt/airflow/dags/data_ingestion.py
[2025-10-29T20:06:54.661+0000] {logging_mixin.py:188} INFO - [2025-10-29T20:06:54.661+0000] {dag.py:3096} INFO - Sync 1 DAGs
[2025-10-29T20:06:54.690+0000] {logging_mixin.py:188} INFO - [2025-10-29T20:06:54.689+0000] {dag.py:3954} INFO - Setting next_dagrun for police_data_ingestion to 2025-11-01 00:00:00+00:00, run_after=2025-12-01 00:00:00+00:00
[2025-10-29T20:06:55.017+0000] {processor.py:183} INFO - Processing /opt/airflow/dags/data_ingestion.py took 0.856 seconds
[2025-10-29T20:07:25.241+0000] {processor.py:161} INFO - Started process (PID=6896) to work on /opt/airflow/dags/data_ingestion.py
[2025-10-29T20:07:25.243+0000] {processor.py:830} INFO - Processing file /opt/airflow/dags/data_ingestion.py for tasks to queue
[2025-10-29T20:07:25.245+0000] {logging_mixin.py:188} INFO - [2025-10-29T20:07:25.245+0000] {dagbag.py:545} INFO - Filling up the DagBag from /opt/airflow/dags/data_ingestion.py
[2025-10-29T20:07:25.612+0000] {processor.py:840} INFO - DAG(s) 'police_data_ingestion' retrieved from /opt/airflow/dags/data_ingestion.py
[2025-10-29T20:07:25.646+0000] {logging_mixin.py:188} INFO - [2025-10-29T20:07:25.645+0000] {dag.py:3096} INFO - Sync 1 DAGs
[2025-10-29T20:07:25.670+0000] {logging_mixin.py:188} INFO - [2025-10-29T20:07:25.670+0000] {dag.py:3954} INFO - Setting next_dagrun for police_data_ingestion to 2025-11-01 00:00:00+00:00, run_after=2025-12-01 00:00:00+00:00
[2025-10-29T20:07:25.694+0000] {processor.py:183} INFO - Processing /opt/airflow/dags/data_ingestion.py took 0.460 seconds
[2025-10-29T20:07:56.694+0000] {processor.py:161} INFO - Started process (PID=6911) to work on /opt/airflow/dags/data_ingestion.py
[2025-10-29T20:07:56.696+0000] {processor.py:830} INFO - Processing file /opt/airflow/dags/data_ingestion.py for tasks to queue
[2025-10-29T20:07:56.698+0000] {logging_mixin.py:188} INFO - [2025-10-29T20:07:56.698+0000] {dagbag.py:545} INFO - Filling up the DagBag from /opt/airflow/dags/data_ingestion.py
[2025-10-29T20:07:57.167+0000] {processor.py:840} INFO - DAG(s) 'police_data_ingestion' retrieved from /opt/airflow/dags/data_ingestion.py
[2025-10-29T20:07:57.208+0000] {logging_mixin.py:188} INFO - [2025-10-29T20:07:57.208+0000] {dag.py:3096} INFO - Sync 1 DAGs
[2025-10-29T20:07:57.239+0000] {logging_mixin.py:188} INFO - [2025-10-29T20:07:57.238+0000] {dag.py:3954} INFO - Setting next_dagrun for police_data_ingestion to 2025-11-01 00:00:00+00:00, run_after=2025-12-01 00:00:00+00:00
[2025-10-29T20:07:57.266+0000] {processor.py:183} INFO - Processing /opt/airflow/dags/data_ingestion.py took 0.579 seconds
[2025-10-29T20:08:27.749+0000] {processor.py:161} INFO - Started process (PID=6923) to work on /opt/airflow/dags/data_ingestion.py
[2025-10-29T20:08:27.750+0000] {processor.py:830} INFO - Processing file /opt/airflow/dags/data_ingestion.py for tasks to queue
[2025-10-29T20:08:27.753+0000] {logging_mixin.py:188} INFO - [2025-10-29T20:08:27.753+0000] {dagbag.py:545} INFO - Filling up the DagBag from /opt/airflow/dags/data_ingestion.py
[2025-10-29T20:08:28.154+0000] {processor.py:840} INFO - DAG(s) 'police_data_ingestion' retrieved from /opt/airflow/dags/data_ingestion.py
[2025-10-29T20:08:28.195+0000] {logging_mixin.py:188} INFO - [2025-10-29T20:08:28.194+0000] {dag.py:3096} INFO - Sync 1 DAGs
[2025-10-29T20:08:28.221+0000] {logging_mixin.py:188} INFO - [2025-10-29T20:08:28.221+0000] {dag.py:3954} INFO - Setting next_dagrun for police_data_ingestion to 2025-11-01 00:00:00+00:00, run_after=2025-12-01 00:00:00+00:00
[2025-10-29T20:08:28.245+0000] {processor.py:183} INFO - Processing /opt/airflow/dags/data_ingestion.py took 0.505 seconds
[2025-10-29T20:08:58.744+0000] {processor.py:161} INFO - Started process (PID=6935) to work on /opt/airflow/dags/data_ingestion.py
[2025-10-29T20:08:58.745+0000] {processor.py:830} INFO - Processing file /opt/airflow/dags/data_ingestion.py for tasks to queue
[2025-10-29T20:08:58.748+0000] {logging_mixin.py:188} INFO - [2025-10-29T20:08:58.748+0000] {dagbag.py:545} INFO - Filling up the DagBag from /opt/airflow/dags/data_ingestion.py
[2025-10-29T20:08:59.169+0000] {processor.py:840} INFO - DAG(s) 'police_data_ingestion' retrieved from /opt/airflow/dags/data_ingestion.py
[2025-10-29T20:08:59.208+0000] {logging_mixin.py:188} INFO - [2025-10-29T20:08:59.207+0000] {dag.py:3096} INFO - Sync 1 DAGs
[2025-10-29T20:08:59.234+0000] {logging_mixin.py:188} INFO - [2025-10-29T20:08:59.234+0000] {dag.py:3954} INFO - Setting next_dagrun for police_data_ingestion to 2025-11-01 00:00:00+00:00, run_after=2025-12-01 00:00:00+00:00
[2025-10-29T20:08:59.258+0000] {processor.py:183} INFO - Processing /opt/airflow/dags/data_ingestion.py took 0.523 seconds
[2025-10-29T20:09:29.818+0000] {processor.py:161} INFO - Started process (PID=6947) to work on /opt/airflow/dags/data_ingestion.py
[2025-10-29T20:09:29.819+0000] {processor.py:830} INFO - Processing file /opt/airflow/dags/data_ingestion.py for tasks to queue
[2025-10-29T20:09:29.822+0000] {logging_mixin.py:188} INFO - [2025-10-29T20:09:29.821+0000] {dagbag.py:545} INFO - Filling up the DagBag from /opt/airflow/dags/data_ingestion.py
[2025-10-29T20:09:30.273+0000] {processor.py:840} INFO - DAG(s) 'police_data_ingestion' retrieved from /opt/airflow/dags/data_ingestion.py
[2025-10-29T20:09:30.309+0000] {logging_mixin.py:188} INFO - [2025-10-29T20:09:30.308+0000] {dag.py:3096} INFO - Sync 1 DAGs
[2025-10-29T20:09:30.334+0000] {logging_mixin.py:188} INFO - [2025-10-29T20:09:30.334+0000] {dag.py:3954} INFO - Setting next_dagrun for police_data_ingestion to 2025-11-01 00:00:00+00:00, run_after=2025-12-01 00:00:00+00:00
[2025-10-29T20:09:30.360+0000] {processor.py:183} INFO - Processing /opt/airflow/dags/data_ingestion.py took 0.551 seconds
[2025-10-29T20:10:00.842+0000] {processor.py:161} INFO - Started process (PID=6959) to work on /opt/airflow/dags/data_ingestion.py
[2025-10-29T20:10:00.844+0000] {processor.py:830} INFO - Processing file /opt/airflow/dags/data_ingestion.py for tasks to queue
[2025-10-29T20:10:00.846+0000] {logging_mixin.py:188} INFO - [2025-10-29T20:10:00.846+0000] {dagbag.py:545} INFO - Filling up the DagBag from /opt/airflow/dags/data_ingestion.py
[2025-10-29T20:10:01.249+0000] {processor.py:840} INFO - DAG(s) 'police_data_ingestion' retrieved from /opt/airflow/dags/data_ingestion.py
[2025-10-29T20:10:01.295+0000] {logging_mixin.py:188} INFO - [2025-10-29T20:10:01.295+0000] {dag.py:3096} INFO - Sync 1 DAGs
[2025-10-29T20:10:01.325+0000] {logging_mixin.py:188} INFO - [2025-10-29T20:10:01.325+0000] {dag.py:3954} INFO - Setting next_dagrun for police_data_ingestion to 2025-11-01 00:00:00+00:00, run_after=2025-12-01 00:00:00+00:00
[2025-10-29T20:10:01.351+0000] {processor.py:183} INFO - Processing /opt/airflow/dags/data_ingestion.py took 0.517 seconds
[2025-10-29T20:10:31.855+0000] {processor.py:161} INFO - Started process (PID=6971) to work on /opt/airflow/dags/data_ingestion.py
[2025-10-29T20:10:31.857+0000] {processor.py:830} INFO - Processing file /opt/airflow/dags/data_ingestion.py for tasks to queue
[2025-10-29T20:10:31.859+0000] {logging_mixin.py:188} INFO - [2025-10-29T20:10:31.859+0000] {dagbag.py:545} INFO - Filling up the DagBag from /opt/airflow/dags/data_ingestion.py
[2025-10-29T20:10:32.289+0000] {processor.py:840} INFO - DAG(s) 'police_data_ingestion' retrieved from /opt/airflow/dags/data_ingestion.py
[2025-10-29T20:10:32.335+0000] {logging_mixin.py:188} INFO - [2025-10-29T20:10:32.334+0000] {dag.py:3096} INFO - Sync 1 DAGs
[2025-10-29T20:10:32.367+0000] {logging_mixin.py:188} INFO - [2025-10-29T20:10:32.366+0000] {dag.py:3954} INFO - Setting next_dagrun for police_data_ingestion to 2025-11-01 00:00:00+00:00, run_after=2025-12-01 00:00:00+00:00
[2025-10-29T20:10:32.393+0000] {processor.py:183} INFO - Processing /opt/airflow/dags/data_ingestion.py took 0.546 seconds
[2025-10-29T20:11:02.841+0000] {processor.py:161} INFO - Started process (PID=6983) to work on /opt/airflow/dags/data_ingestion.py
[2025-10-29T20:11:02.843+0000] {processor.py:830} INFO - Processing file /opt/airflow/dags/data_ingestion.py for tasks to queue
[2025-10-29T20:11:02.846+0000] {logging_mixin.py:188} INFO - [2025-10-29T20:11:02.845+0000] {dagbag.py:545} INFO - Filling up the DagBag from /opt/airflow/dags/data_ingestion.py
[2025-10-29T20:11:03.238+0000] {processor.py:840} INFO - DAG(s) 'police_data_ingestion' retrieved from /opt/airflow/dags/data_ingestion.py
[2025-10-29T20:11:03.281+0000] {logging_mixin.py:188} INFO - [2025-10-29T20:11:03.280+0000] {dag.py:3096} INFO - Sync 1 DAGs
[2025-10-29T20:11:03.309+0000] {logging_mixin.py:188} INFO - [2025-10-29T20:11:03.309+0000] {dag.py:3954} INFO - Setting next_dagrun for police_data_ingestion to 2025-11-01 00:00:00+00:00, run_after=2025-12-01 00:00:00+00:00
[2025-10-29T20:11:03.335+0000] {processor.py:183} INFO - Processing /opt/airflow/dags/data_ingestion.py took 0.502 seconds
[2025-10-29T20:11:33.927+0000] {processor.py:161} INFO - Started process (PID=6995) to work on /opt/airflow/dags/data_ingestion.py
[2025-10-29T20:11:33.928+0000] {processor.py:830} INFO - Processing file /opt/airflow/dags/data_ingestion.py for tasks to queue
[2025-10-29T20:11:33.931+0000] {logging_mixin.py:188} INFO - [2025-10-29T20:11:33.931+0000] {dagbag.py:545} INFO - Filling up the DagBag from /opt/airflow/dags/data_ingestion.py
[2025-10-29T20:11:34.381+0000] {processor.py:840} INFO - DAG(s) 'police_data_ingestion' retrieved from /opt/airflow/dags/data_ingestion.py
[2025-10-29T20:11:34.422+0000] {logging_mixin.py:188} INFO - [2025-10-29T20:11:34.421+0000] {dag.py:3096} INFO - Sync 1 DAGs
[2025-10-29T20:11:34.451+0000] {logging_mixin.py:188} INFO - [2025-10-29T20:11:34.450+0000] {dag.py:3954} INFO - Setting next_dagrun for police_data_ingestion to 2025-11-01 00:00:00+00:00, run_after=2025-12-01 00:00:00+00:00
[2025-10-29T20:11:34.476+0000] {processor.py:183} INFO - Processing /opt/airflow/dags/data_ingestion.py took 0.561 seconds
[2025-10-29T20:12:04.978+0000] {processor.py:161} INFO - Started process (PID=7007) to work on /opt/airflow/dags/data_ingestion.py
[2025-10-29T20:12:04.979+0000] {processor.py:830} INFO - Processing file /opt/airflow/dags/data_ingestion.py for tasks to queue
[2025-10-29T20:12:04.982+0000] {logging_mixin.py:188} INFO - [2025-10-29T20:12:04.982+0000] {dagbag.py:545} INFO - Filling up the DagBag from /opt/airflow/dags/data_ingestion.py
[2025-10-29T20:12:05.403+0000] {processor.py:840} INFO - DAG(s) 'police_data_ingestion' retrieved from /opt/airflow/dags/data_ingestion.py
[2025-10-29T20:12:05.456+0000] {logging_mixin.py:188} INFO - [2025-10-29T20:12:05.456+0000] {dag.py:3096} INFO - Sync 1 DAGs
[2025-10-29T20:12:05.487+0000] {logging_mixin.py:188} INFO - [2025-10-29T20:12:05.487+0000] {dag.py:3954} INFO - Setting next_dagrun for police_data_ingestion to 2025-11-01 00:00:00+00:00, run_after=2025-12-01 00:00:00+00:00
[2025-10-29T20:12:05.514+0000] {processor.py:183} INFO - Processing /opt/airflow/dags/data_ingestion.py took 0.544 seconds
[2025-10-29T20:12:36.012+0000] {processor.py:161} INFO - Started process (PID=7019) to work on /opt/airflow/dags/data_ingestion.py
[2025-10-29T20:12:36.014+0000] {processor.py:830} INFO - Processing file /opt/airflow/dags/data_ingestion.py for tasks to queue
[2025-10-29T20:12:36.017+0000] {logging_mixin.py:188} INFO - [2025-10-29T20:12:36.016+0000] {dagbag.py:545} INFO - Filling up the DagBag from /opt/airflow/dags/data_ingestion.py
[2025-10-29T20:12:36.438+0000] {processor.py:840} INFO - DAG(s) 'police_data_ingestion' retrieved from /opt/airflow/dags/data_ingestion.py
[2025-10-29T20:12:36.489+0000] {logging_mixin.py:188} INFO - [2025-10-29T20:12:36.488+0000] {dag.py:3096} INFO - Sync 1 DAGs
[2025-10-29T20:12:36.523+0000] {logging_mixin.py:188} INFO - [2025-10-29T20:12:36.523+0000] {dag.py:3954} INFO - Setting next_dagrun for police_data_ingestion to 2025-11-01 00:00:00+00:00, run_after=2025-12-01 00:00:00+00:00
[2025-10-29T20:12:36.552+0000] {processor.py:183} INFO - Processing /opt/airflow/dags/data_ingestion.py took 0.548 seconds
[2025-10-29T20:13:07.037+0000] {processor.py:161} INFO - Started process (PID=7031) to work on /opt/airflow/dags/data_ingestion.py
[2025-10-29T20:13:07.038+0000] {processor.py:830} INFO - Processing file /opt/airflow/dags/data_ingestion.py for tasks to queue
[2025-10-29T20:13:07.041+0000] {logging_mixin.py:188} INFO - [2025-10-29T20:13:07.041+0000] {dagbag.py:545} INFO - Filling up the DagBag from /opt/airflow/dags/data_ingestion.py
[2025-10-29T20:13:07.429+0000] {processor.py:840} INFO - DAG(s) 'police_data_ingestion' retrieved from /opt/airflow/dags/data_ingestion.py
[2025-10-29T20:13:07.470+0000] {logging_mixin.py:188} INFO - [2025-10-29T20:13:07.469+0000] {dag.py:3096} INFO - Sync 1 DAGs
[2025-10-29T20:13:07.498+0000] {logging_mixin.py:188} INFO - [2025-10-29T20:13:07.498+0000] {dag.py:3954} INFO - Setting next_dagrun for police_data_ingestion to 2025-11-01 00:00:00+00:00, run_after=2025-12-01 00:00:00+00:00
[2025-10-29T20:13:07.533+0000] {processor.py:183} INFO - Processing /opt/airflow/dags/data_ingestion.py took 0.504 seconds
[2025-10-29T20:13:38.034+0000] {processor.py:161} INFO - Started process (PID=7043) to work on /opt/airflow/dags/data_ingestion.py
[2025-10-29T20:13:38.036+0000] {processor.py:830} INFO - Processing file /opt/airflow/dags/data_ingestion.py for tasks to queue
[2025-10-29T20:13:38.038+0000] {logging_mixin.py:188} INFO - [2025-10-29T20:13:38.038+0000] {dagbag.py:545} INFO - Filling up the DagBag from /opt/airflow/dags/data_ingestion.py
[2025-10-29T20:13:38.422+0000] {processor.py:840} INFO - DAG(s) 'police_data_ingestion' retrieved from /opt/airflow/dags/data_ingestion.py
[2025-10-29T20:13:38.458+0000] {logging_mixin.py:188} INFO - [2025-10-29T20:13:38.458+0000] {dag.py:3096} INFO - Sync 1 DAGs
[2025-10-29T20:13:38.486+0000] {logging_mixin.py:188} INFO - [2025-10-29T20:13:38.486+0000] {dag.py:3954} INFO - Setting next_dagrun for police_data_ingestion to 2025-11-01 00:00:00+00:00, run_after=2025-12-01 00:00:00+00:00
[2025-10-29T20:13:38.513+0000] {processor.py:183} INFO - Processing /opt/airflow/dags/data_ingestion.py took 0.487 seconds
[2025-10-29T20:14:08.942+0000] {processor.py:161} INFO - Started process (PID=7055) to work on /opt/airflow/dags/data_ingestion.py
[2025-10-29T20:14:08.943+0000] {processor.py:830} INFO - Processing file /opt/airflow/dags/data_ingestion.py for tasks to queue
[2025-10-29T20:14:08.946+0000] {logging_mixin.py:188} INFO - [2025-10-29T20:14:08.945+0000] {dagbag.py:545} INFO - Filling up the DagBag from /opt/airflow/dags/data_ingestion.py
[2025-10-29T20:14:09.393+0000] {processor.py:840} INFO - DAG(s) 'police_data_ingestion' retrieved from /opt/airflow/dags/data_ingestion.py
[2025-10-29T20:14:09.434+0000] {logging_mixin.py:188} INFO - [2025-10-29T20:14:09.434+0000] {dag.py:3096} INFO - Sync 1 DAGs
[2025-10-29T20:14:09.464+0000] {logging_mixin.py:188} INFO - [2025-10-29T20:14:09.464+0000] {dag.py:3954} INFO - Setting next_dagrun for police_data_ingestion to 2025-11-01 00:00:00+00:00, run_after=2025-12-01 00:00:00+00:00
[2025-10-29T20:14:09.491+0000] {processor.py:183} INFO - Processing /opt/airflow/dags/data_ingestion.py took 0.558 seconds
[2025-10-29T20:14:39.929+0000] {processor.py:161} INFO - Started process (PID=7067) to work on /opt/airflow/dags/data_ingestion.py
[2025-10-29T20:14:39.930+0000] {processor.py:830} INFO - Processing file /opt/airflow/dags/data_ingestion.py for tasks to queue
[2025-10-29T20:14:39.933+0000] {logging_mixin.py:188} INFO - [2025-10-29T20:14:39.932+0000] {dagbag.py:545} INFO - Filling up the DagBag from /opt/airflow/dags/data_ingestion.py
[2025-10-29T20:14:40.371+0000] {processor.py:840} INFO - DAG(s) 'police_data_ingestion' retrieved from /opt/airflow/dags/data_ingestion.py
[2025-10-29T20:14:40.413+0000] {logging_mixin.py:188} INFO - [2025-10-29T20:14:40.412+0000] {dag.py:3096} INFO - Sync 1 DAGs
[2025-10-29T20:14:40.444+0000] {logging_mixin.py:188} INFO - [2025-10-29T20:14:40.444+0000] {dag.py:3954} INFO - Setting next_dagrun for police_data_ingestion to 2025-11-01 00:00:00+00:00, run_after=2025-12-01 00:00:00+00:00
[2025-10-29T20:14:40.470+0000] {processor.py:183} INFO - Processing /opt/airflow/dags/data_ingestion.py took 0.548 seconds
[2025-10-29T20:15:10.871+0000] {processor.py:161} INFO - Started process (PID=7079) to work on /opt/airflow/dags/data_ingestion.py
[2025-10-29T20:15:10.873+0000] {processor.py:830} INFO - Processing file /opt/airflow/dags/data_ingestion.py for tasks to queue
[2025-10-29T20:15:10.876+0000] {logging_mixin.py:188} INFO - [2025-10-29T20:15:10.876+0000] {dagbag.py:545} INFO - Filling up the DagBag from /opt/airflow/dags/data_ingestion.py
[2025-10-29T20:15:11.407+0000] {processor.py:840} INFO - DAG(s) 'police_data_ingestion' retrieved from /opt/airflow/dags/data_ingestion.py
[2025-10-29T20:15:11.492+0000] {logging_mixin.py:188} INFO - [2025-10-29T20:15:11.491+0000] {dag.py:3096} INFO - Sync 1 DAGs
[2025-10-29T20:15:11.545+0000] {logging_mixin.py:188} INFO - [2025-10-29T20:15:11.544+0000] {dag.py:3954} INFO - Setting next_dagrun for police_data_ingestion to 2025-11-01 00:00:00+00:00, run_after=2025-12-01 00:00:00+00:00
[2025-10-29T20:15:11.573+0000] {processor.py:183} INFO - Processing /opt/airflow/dags/data_ingestion.py took 0.711 seconds
[2025-10-29T20:15:41.939+0000] {processor.py:161} INFO - Started process (PID=7091) to work on /opt/airflow/dags/data_ingestion.py
[2025-10-29T20:15:41.941+0000] {processor.py:830} INFO - Processing file /opt/airflow/dags/data_ingestion.py for tasks to queue
[2025-10-29T20:15:41.943+0000] {logging_mixin.py:188} INFO - [2025-10-29T20:15:41.943+0000] {dagbag.py:545} INFO - Filling up the DagBag from /opt/airflow/dags/data_ingestion.py
[2025-10-29T20:15:42.331+0000] {processor.py:840} INFO - DAG(s) 'police_data_ingestion' retrieved from /opt/airflow/dags/data_ingestion.py
[2025-10-29T20:15:42.367+0000] {logging_mixin.py:188} INFO - [2025-10-29T20:15:42.367+0000] {dag.py:3096} INFO - Sync 1 DAGs
[2025-10-29T20:15:42.402+0000] {logging_mixin.py:188} INFO - [2025-10-29T20:15:42.402+0000] {dag.py:3954} INFO - Setting next_dagrun for police_data_ingestion to 2025-11-01 00:00:00+00:00, run_after=2025-12-01 00:00:00+00:00
[2025-10-29T20:15:42.428+0000] {processor.py:183} INFO - Processing /opt/airflow/dags/data_ingestion.py took 0.497 seconds
[2025-10-29T20:16:12.848+0000] {processor.py:161} INFO - Started process (PID=7103) to work on /opt/airflow/dags/data_ingestion.py
[2025-10-29T20:16:12.850+0000] {processor.py:830} INFO - Processing file /opt/airflow/dags/data_ingestion.py for tasks to queue
[2025-10-29T20:16:12.855+0000] {logging_mixin.py:188} INFO - [2025-10-29T20:16:12.854+0000] {dagbag.py:545} INFO - Filling up the DagBag from /opt/airflow/dags/data_ingestion.py
[2025-10-29T20:16:13.383+0000] {processor.py:840} INFO - DAG(s) 'police_data_ingestion' retrieved from /opt/airflow/dags/data_ingestion.py
[2025-10-29T20:16:13.424+0000] {logging_mixin.py:188} INFO - [2025-10-29T20:16:13.424+0000] {dag.py:3096} INFO - Sync 1 DAGs
[2025-10-29T20:16:13.462+0000] {logging_mixin.py:188} INFO - [2025-10-29T20:16:13.461+0000] {dag.py:3954} INFO - Setting next_dagrun for police_data_ingestion to 2025-11-01 00:00:00+00:00, run_after=2025-12-01 00:00:00+00:00
[2025-10-29T20:16:18.814+0000] {processor.py:183} INFO - Processing /opt/airflow/dags/data_ingestion.py took 5.979 seconds
[2025-10-29T20:16:50.627+0000] {processor.py:161} INFO - Started process (PID=7115) to work on /opt/airflow/dags/data_ingestion.py
[2025-10-29T20:16:50.629+0000] {processor.py:830} INFO - Processing file /opt/airflow/dags/data_ingestion.py for tasks to queue
[2025-10-29T20:16:50.634+0000] {logging_mixin.py:188} INFO - [2025-10-29T20:16:50.633+0000] {dagbag.py:545} INFO - Filling up the DagBag from /opt/airflow/dags/data_ingestion.py
[2025-10-29T20:16:51.521+0000] {processor.py:840} INFO - DAG(s) 'police_data_ingestion' retrieved from /opt/airflow/dags/data_ingestion.py
[2025-10-29T20:16:51.613+0000] {logging_mixin.py:188} INFO - [2025-10-29T20:16:51.612+0000] {dag.py:3096} INFO - Sync 1 DAGs
[2025-10-29T20:16:51.647+0000] {logging_mixin.py:188} INFO - [2025-10-29T20:16:51.646+0000] {dag.py:3954} INFO - Setting next_dagrun for police_data_ingestion to 2025-11-01 00:00:00+00:00, run_after=2025-12-01 00:00:00+00:00
[2025-10-29T20:16:51.786+0000] {processor.py:183} INFO - Processing /opt/airflow/dags/data_ingestion.py took 1.176 seconds
[2025-10-29T20:17:22.317+0000] {processor.py:161} INFO - Started process (PID=7127) to work on /opt/airflow/dags/data_ingestion.py
[2025-10-29T20:17:22.318+0000] {processor.py:830} INFO - Processing file /opt/airflow/dags/data_ingestion.py for tasks to queue
[2025-10-29T20:17:22.324+0000] {logging_mixin.py:188} INFO - [2025-10-29T20:17:22.322+0000] {dagbag.py:545} INFO - Filling up the DagBag from /opt/airflow/dags/data_ingestion.py
[2025-10-29T20:17:22.776+0000] {processor.py:840} INFO - DAG(s) 'police_data_ingestion' retrieved from /opt/airflow/dags/data_ingestion.py
[2025-10-29T20:17:22.823+0000] {logging_mixin.py:188} INFO - [2025-10-29T20:17:22.823+0000] {dag.py:3096} INFO - Sync 1 DAGs
[2025-10-29T20:17:22.856+0000] {logging_mixin.py:188} INFO - [2025-10-29T20:17:22.856+0000] {dag.py:3954} INFO - Setting next_dagrun for police_data_ingestion to 2025-11-01 00:00:00+00:00, run_after=2025-12-01 00:00:00+00:00
[2025-10-29T20:17:22.882+0000] {processor.py:183} INFO - Processing /opt/airflow/dags/data_ingestion.py took 0.578 seconds
[2025-10-29T20:17:53.272+0000] {processor.py:161} INFO - Started process (PID=7139) to work on /opt/airflow/dags/data_ingestion.py
[2025-10-29T20:17:53.273+0000] {processor.py:830} INFO - Processing file /opt/airflow/dags/data_ingestion.py for tasks to queue
[2025-10-29T20:17:53.278+0000] {logging_mixin.py:188} INFO - [2025-10-29T20:17:53.277+0000] {dagbag.py:545} INFO - Filling up the DagBag from /opt/airflow/dags/data_ingestion.py
[2025-10-29T20:17:53.873+0000] {processor.py:840} INFO - DAG(s) 'police_data_ingestion' retrieved from /opt/airflow/dags/data_ingestion.py
[2025-10-29T20:17:53.917+0000] {logging_mixin.py:188} INFO - [2025-10-29T20:17:53.916+0000] {dag.py:3096} INFO - Sync 1 DAGs
[2025-10-29T20:17:53.953+0000] {logging_mixin.py:188} INFO - [2025-10-29T20:17:53.953+0000] {dag.py:3954} INFO - Setting next_dagrun for police_data_ingestion to 2025-11-01 00:00:00+00:00, run_after=2025-12-01 00:00:00+00:00
[2025-10-29T20:17:53.984+0000] {processor.py:183} INFO - Processing /opt/airflow/dags/data_ingestion.py took 0.726 seconds
[2025-10-29T20:18:24.383+0000] {processor.py:161} INFO - Started process (PID=7151) to work on /opt/airflow/dags/data_ingestion.py
[2025-10-29T20:18:24.385+0000] {processor.py:830} INFO - Processing file /opt/airflow/dags/data_ingestion.py for tasks to queue
[2025-10-29T20:18:24.391+0000] {logging_mixin.py:188} INFO - [2025-10-29T20:18:24.391+0000] {dagbag.py:545} INFO - Filling up the DagBag from /opt/airflow/dags/data_ingestion.py
[2025-10-29T20:18:24.855+0000] {processor.py:840} INFO - DAG(s) 'police_data_ingestion' retrieved from /opt/airflow/dags/data_ingestion.py
[2025-10-29T20:18:24.895+0000] {logging_mixin.py:188} INFO - [2025-10-29T20:18:24.895+0000] {dag.py:3096} INFO - Sync 1 DAGs
[2025-10-29T20:18:24.923+0000] {logging_mixin.py:188} INFO - [2025-10-29T20:18:24.922+0000] {dag.py:3954} INFO - Setting next_dagrun for police_data_ingestion to 2025-11-01 00:00:00+00:00, run_after=2025-12-01 00:00:00+00:00
[2025-10-29T20:18:24.950+0000] {processor.py:183} INFO - Processing /opt/airflow/dags/data_ingestion.py took 0.583 seconds
[2025-10-29T20:18:55.274+0000] {processor.py:161} INFO - Started process (PID=7163) to work on /opt/airflow/dags/data_ingestion.py
[2025-10-29T20:18:55.276+0000] {processor.py:830} INFO - Processing file /opt/airflow/dags/data_ingestion.py for tasks to queue
[2025-10-29T20:18:55.278+0000] {logging_mixin.py:188} INFO - [2025-10-29T20:18:55.278+0000] {dagbag.py:545} INFO - Filling up the DagBag from /opt/airflow/dags/data_ingestion.py
[2025-10-29T20:18:55.718+0000] {processor.py:840} INFO - DAG(s) 'police_data_ingestion' retrieved from /opt/airflow/dags/data_ingestion.py
[2025-10-29T20:18:55.758+0000] {logging_mixin.py:188} INFO - [2025-10-29T20:18:55.757+0000] {dag.py:3096} INFO - Sync 1 DAGs
[2025-10-29T20:18:55.797+0000] {logging_mixin.py:188} INFO - [2025-10-29T20:18:55.797+0000] {dag.py:3954} INFO - Setting next_dagrun for police_data_ingestion to 2025-11-01 00:00:00+00:00, run_after=2025-12-01 00:00:00+00:00
[2025-10-29T20:18:55.999+0000] {processor.py:183} INFO - Processing /opt/airflow/dags/data_ingestion.py took 0.732 seconds
[2025-10-29T20:19:26.432+0000] {processor.py:161} INFO - Started process (PID=7175) to work on /opt/airflow/dags/data_ingestion.py
[2025-10-29T20:19:26.434+0000] {processor.py:830} INFO - Processing file /opt/airflow/dags/data_ingestion.py for tasks to queue
[2025-10-29T20:19:26.437+0000] {logging_mixin.py:188} INFO - [2025-10-29T20:19:26.436+0000] {dagbag.py:545} INFO - Filling up the DagBag from /opt/airflow/dags/data_ingestion.py
[2025-10-29T20:19:26.997+0000] {processor.py:840} INFO - DAG(s) 'police_data_ingestion' retrieved from /opt/airflow/dags/data_ingestion.py
[2025-10-29T20:19:27.051+0000] {logging_mixin.py:188} INFO - [2025-10-29T20:19:27.050+0000] {dag.py:3096} INFO - Sync 1 DAGs
[2025-10-29T20:19:27.087+0000] {logging_mixin.py:188} INFO - [2025-10-29T20:19:27.087+0000] {dag.py:3954} INFO - Setting next_dagrun for police_data_ingestion to 2025-11-01 00:00:00+00:00, run_after=2025-12-01 00:00:00+00:00
[2025-10-29T20:19:27.127+0000] {processor.py:183} INFO - Processing /opt/airflow/dags/data_ingestion.py took 0.708 seconds
[2025-10-29T20:19:57.682+0000] {processor.py:161} INFO - Started process (PID=7187) to work on /opt/airflow/dags/data_ingestion.py
[2025-10-29T20:19:57.684+0000] {processor.py:830} INFO - Processing file /opt/airflow/dags/data_ingestion.py for tasks to queue
[2025-10-29T20:19:57.687+0000] {logging_mixin.py:188} INFO - [2025-10-29T20:19:57.687+0000] {dagbag.py:545} INFO - Filling up the DagBag from /opt/airflow/dags/data_ingestion.py
[2025-10-29T20:19:58.203+0000] {processor.py:840} INFO - DAG(s) 'police_data_ingestion' retrieved from /opt/airflow/dags/data_ingestion.py
[2025-10-29T20:19:58.278+0000] {logging_mixin.py:188} INFO - [2025-10-29T20:19:58.276+0000] {dag.py:3096} INFO - Sync 1 DAGs
[2025-10-29T20:19:58.314+0000] {logging_mixin.py:188} INFO - [2025-10-29T20:19:58.313+0000] {dag.py:3954} INFO - Setting next_dagrun for police_data_ingestion to 2025-11-01 00:00:00+00:00, run_after=2025-12-01 00:00:00+00:00
[2025-10-29T20:19:58.362+0000] {processor.py:183} INFO - Processing /opt/airflow/dags/data_ingestion.py took 0.692 seconds
[2025-10-29T20:20:28.801+0000] {processor.py:161} INFO - Started process (PID=7199) to work on /opt/airflow/dags/data_ingestion.py
[2025-10-29T20:20:28.803+0000] {processor.py:830} INFO - Processing file /opt/airflow/dags/data_ingestion.py for tasks to queue
[2025-10-29T20:20:28.805+0000] {logging_mixin.py:188} INFO - [2025-10-29T20:20:28.805+0000] {dagbag.py:545} INFO - Filling up the DagBag from /opt/airflow/dags/data_ingestion.py
[2025-10-29T20:20:29.220+0000] {processor.py:840} INFO - DAG(s) 'police_data_ingestion' retrieved from /opt/airflow/dags/data_ingestion.py
[2025-10-29T20:20:29.263+0000] {logging_mixin.py:188} INFO - [2025-10-29T20:20:29.262+0000] {dag.py:3096} INFO - Sync 1 DAGs
[2025-10-29T20:20:29.294+0000] {logging_mixin.py:188} INFO - [2025-10-29T20:20:29.294+0000] {dag.py:3954} INFO - Setting next_dagrun for police_data_ingestion to 2025-11-01 00:00:00+00:00, run_after=2025-12-01 00:00:00+00:00
[2025-10-29T20:20:29.320+0000] {processor.py:183} INFO - Processing /opt/airflow/dags/data_ingestion.py took 0.527 seconds
[2025-10-29T20:20:59.954+0000] {processor.py:161} INFO - Started process (PID=7211) to work on /opt/airflow/dags/data_ingestion.py
[2025-10-29T20:20:59.956+0000] {processor.py:830} INFO - Processing file /opt/airflow/dags/data_ingestion.py for tasks to queue
[2025-10-29T20:20:59.962+0000] {logging_mixin.py:188} INFO - [2025-10-29T20:20:59.960+0000] {dagbag.py:545} INFO - Filling up the DagBag from /opt/airflow/dags/data_ingestion.py
[2025-10-29T20:21:00.489+0000] {processor.py:840} INFO - DAG(s) 'police_data_ingestion' retrieved from /opt/airflow/dags/data_ingestion.py
[2025-10-29T20:21:00.529+0000] {logging_mixin.py:188} INFO - [2025-10-29T20:21:00.528+0000] {dag.py:3096} INFO - Sync 1 DAGs
[2025-10-29T20:21:00.559+0000] {logging_mixin.py:188} INFO - [2025-10-29T20:21:00.559+0000] {dag.py:3954} INFO - Setting next_dagrun for police_data_ingestion to 2025-11-01 00:00:00+00:00, run_after=2025-12-01 00:00:00+00:00
[2025-10-29T20:21:00.589+0000] {processor.py:183} INFO - Processing /opt/airflow/dags/data_ingestion.py took 0.661 seconds
[2025-10-29T20:21:31.099+0000] {processor.py:161} INFO - Started process (PID=7223) to work on /opt/airflow/dags/data_ingestion.py
[2025-10-29T20:21:31.101+0000] {processor.py:830} INFO - Processing file /opt/airflow/dags/data_ingestion.py for tasks to queue
[2025-10-29T20:21:31.105+0000] {logging_mixin.py:188} INFO - [2025-10-29T20:21:31.105+0000] {dagbag.py:545} INFO - Filling up the DagBag from /opt/airflow/dags/data_ingestion.py
[2025-10-29T20:21:31.540+0000] {processor.py:840} INFO - DAG(s) 'police_data_ingestion' retrieved from /opt/airflow/dags/data_ingestion.py
[2025-10-29T20:21:31.579+0000] {logging_mixin.py:188} INFO - [2025-10-29T20:21:31.578+0000] {dag.py:3096} INFO - Sync 1 DAGs
[2025-10-29T20:21:31.604+0000] {logging_mixin.py:188} INFO - [2025-10-29T20:21:31.604+0000] {dag.py:3954} INFO - Setting next_dagrun for police_data_ingestion to 2025-11-01 00:00:00+00:00, run_after=2025-12-01 00:00:00+00:00
[2025-10-29T20:21:31.630+0000] {processor.py:183} INFO - Processing /opt/airflow/dags/data_ingestion.py took 0.545 seconds
[2025-10-29T20:22:02.097+0000] {processor.py:161} INFO - Started process (PID=7235) to work on /opt/airflow/dags/data_ingestion.py
[2025-10-29T20:22:02.098+0000] {processor.py:830} INFO - Processing file /opt/airflow/dags/data_ingestion.py for tasks to queue
[2025-10-29T20:22:02.101+0000] {logging_mixin.py:188} INFO - [2025-10-29T20:22:02.100+0000] {dagbag.py:545} INFO - Filling up the DagBag from /opt/airflow/dags/data_ingestion.py
[2025-10-29T20:22:02.506+0000] {processor.py:840} INFO - DAG(s) 'police_data_ingestion' retrieved from /opt/airflow/dags/data_ingestion.py
[2025-10-29T20:22:02.544+0000] {logging_mixin.py:188} INFO - [2025-10-29T20:22:02.543+0000] {dag.py:3096} INFO - Sync 1 DAGs
[2025-10-29T20:22:02.571+0000] {logging_mixin.py:188} INFO - [2025-10-29T20:22:02.570+0000] {dag.py:3954} INFO - Setting next_dagrun for police_data_ingestion to 2025-11-01 00:00:00+00:00, run_after=2025-12-01 00:00:00+00:00
[2025-10-29T20:22:02.596+0000] {processor.py:183} INFO - Processing /opt/airflow/dags/data_ingestion.py took 0.508 seconds
[2025-10-29T20:22:33.026+0000] {processor.py:161} INFO - Started process (PID=7247) to work on /opt/airflow/dags/data_ingestion.py
[2025-10-29T20:22:33.028+0000] {processor.py:830} INFO - Processing file /opt/airflow/dags/data_ingestion.py for tasks to queue
[2025-10-29T20:22:33.031+0000] {logging_mixin.py:188} INFO - [2025-10-29T20:22:33.030+0000] {dagbag.py:545} INFO - Filling up the DagBag from /opt/airflow/dags/data_ingestion.py
[2025-10-29T20:22:33.492+0000] {processor.py:840} INFO - DAG(s) 'police_data_ingestion' retrieved from /opt/airflow/dags/data_ingestion.py
[2025-10-29T20:22:33.534+0000] {logging_mixin.py:188} INFO - [2025-10-29T20:22:33.533+0000] {dag.py:3096} INFO - Sync 1 DAGs
[2025-10-29T20:22:33.566+0000] {logging_mixin.py:188} INFO - [2025-10-29T20:22:33.566+0000] {dag.py:3954} INFO - Setting next_dagrun for police_data_ingestion to 2025-11-01 00:00:00+00:00, run_after=2025-12-01 00:00:00+00:00
[2025-10-29T20:22:33.592+0000] {processor.py:183} INFO - Processing /opt/airflow/dags/data_ingestion.py took 0.574 seconds
[2025-10-29T20:23:04.061+0000] {processor.py:161} INFO - Started process (PID=7259) to work on /opt/airflow/dags/data_ingestion.py
[2025-10-29T20:23:04.063+0000] {processor.py:830} INFO - Processing file /opt/airflow/dags/data_ingestion.py for tasks to queue
[2025-10-29T20:23:04.066+0000] {logging_mixin.py:188} INFO - [2025-10-29T20:23:04.066+0000] {dagbag.py:545} INFO - Filling up the DagBag from /opt/airflow/dags/data_ingestion.py
[2025-10-29T20:23:04.503+0000] {processor.py:840} INFO - DAG(s) 'police_data_ingestion' retrieved from /opt/airflow/dags/data_ingestion.py
[2025-10-29T20:23:04.540+0000] {logging_mixin.py:188} INFO - [2025-10-29T20:23:04.540+0000] {dag.py:3096} INFO - Sync 1 DAGs
[2025-10-29T20:23:04.570+0000] {logging_mixin.py:188} INFO - [2025-10-29T20:23:04.569+0000] {dag.py:3954} INFO - Setting next_dagrun for police_data_ingestion to 2025-11-01 00:00:00+00:00, run_after=2025-12-01 00:00:00+00:00
[2025-10-29T20:23:04.598+0000] {processor.py:183} INFO - Processing /opt/airflow/dags/data_ingestion.py took 0.545 seconds
[2025-10-29T20:23:35.008+0000] {processor.py:161} INFO - Started process (PID=7271) to work on /opt/airflow/dags/data_ingestion.py
[2025-10-29T20:23:35.010+0000] {processor.py:830} INFO - Processing file /opt/airflow/dags/data_ingestion.py for tasks to queue
[2025-10-29T20:23:35.012+0000] {logging_mixin.py:188} INFO - [2025-10-29T20:23:35.012+0000] {dagbag.py:545} INFO - Filling up the DagBag from /opt/airflow/dags/data_ingestion.py
[2025-10-29T20:23:35.454+0000] {processor.py:840} INFO - DAG(s) 'police_data_ingestion' retrieved from /opt/airflow/dags/data_ingestion.py
[2025-10-29T20:23:35.515+0000] {logging_mixin.py:188} INFO - [2025-10-29T20:23:35.514+0000] {dag.py:3096} INFO - Sync 1 DAGs
[2025-10-29T20:23:35.555+0000] {logging_mixin.py:188} INFO - [2025-10-29T20:23:35.554+0000] {dag.py:3954} INFO - Setting next_dagrun for police_data_ingestion to 2025-11-01 00:00:00+00:00, run_after=2025-12-01 00:00:00+00:00
[2025-10-29T20:23:35.587+0000] {processor.py:183} INFO - Processing /opt/airflow/dags/data_ingestion.py took 0.589 seconds
[2025-10-29T20:24:05.937+0000] {processor.py:161} INFO - Started process (PID=7283) to work on /opt/airflow/dags/data_ingestion.py
[2025-10-29T20:24:05.938+0000] {processor.py:830} INFO - Processing file /opt/airflow/dags/data_ingestion.py for tasks to queue
[2025-10-29T20:24:05.941+0000] {logging_mixin.py:188} INFO - [2025-10-29T20:24:05.940+0000] {dagbag.py:545} INFO - Filling up the DagBag from /opt/airflow/dags/data_ingestion.py
[2025-10-29T20:24:06.405+0000] {processor.py:840} INFO - DAG(s) 'police_data_ingestion' retrieved from /opt/airflow/dags/data_ingestion.py
[2025-10-29T20:24:06.444+0000] {logging_mixin.py:188} INFO - [2025-10-29T20:24:06.443+0000] {dag.py:3096} INFO - Sync 1 DAGs
[2025-10-29T20:24:06.471+0000] {logging_mixin.py:188} INFO - [2025-10-29T20:24:06.471+0000] {dag.py:3954} INFO - Setting next_dagrun for police_data_ingestion to 2025-11-01 00:00:00+00:00, run_after=2025-12-01 00:00:00+00:00
[2025-10-29T20:24:06.498+0000] {processor.py:183} INFO - Processing /opt/airflow/dags/data_ingestion.py took 0.571 seconds
[2025-10-29T20:24:36.824+0000] {processor.py:161} INFO - Started process (PID=7295) to work on /opt/airflow/dags/data_ingestion.py
[2025-10-29T20:24:36.825+0000] {processor.py:830} INFO - Processing file /opt/airflow/dags/data_ingestion.py for tasks to queue
[2025-10-29T20:24:36.828+0000] {logging_mixin.py:188} INFO - [2025-10-29T20:24:36.828+0000] {dagbag.py:545} INFO - Filling up the DagBag from /opt/airflow/dags/data_ingestion.py
[2025-10-29T20:24:37.261+0000] {processor.py:840} INFO - DAG(s) 'police_data_ingestion' retrieved from /opt/airflow/dags/data_ingestion.py
[2025-10-29T20:24:37.307+0000] {logging_mixin.py:188} INFO - [2025-10-29T20:24:37.306+0000] {dag.py:3096} INFO - Sync 1 DAGs
[2025-10-29T20:24:37.338+0000] {logging_mixin.py:188} INFO - [2025-10-29T20:24:37.338+0000] {dag.py:3954} INFO - Setting next_dagrun for police_data_ingestion to 2025-11-01 00:00:00+00:00, run_after=2025-12-01 00:00:00+00:00
[2025-10-29T20:24:37.364+0000] {processor.py:183} INFO - Processing /opt/airflow/dags/data_ingestion.py took 0.549 seconds
[2025-10-29T20:25:07.775+0000] {processor.py:161} INFO - Started process (PID=7307) to work on /opt/airflow/dags/data_ingestion.py
[2025-10-29T20:25:07.777+0000] {processor.py:830} INFO - Processing file /opt/airflow/dags/data_ingestion.py for tasks to queue
[2025-10-29T20:25:07.779+0000] {logging_mixin.py:188} INFO - [2025-10-29T20:25:07.779+0000] {dagbag.py:545} INFO - Filling up the DagBag from /opt/airflow/dags/data_ingestion.py
[2025-10-29T20:25:08.237+0000] {processor.py:840} INFO - DAG(s) 'police_data_ingestion' retrieved from /opt/airflow/dags/data_ingestion.py
[2025-10-29T20:25:08.276+0000] {logging_mixin.py:188} INFO - [2025-10-29T20:25:08.276+0000] {dag.py:3096} INFO - Sync 1 DAGs
[2025-10-29T20:25:08.306+0000] {logging_mixin.py:188} INFO - [2025-10-29T20:25:08.306+0000] {dag.py:3954} INFO - Setting next_dagrun for police_data_ingestion to 2025-11-01 00:00:00+00:00, run_after=2025-12-01 00:00:00+00:00
[2025-10-29T20:25:08.336+0000] {processor.py:183} INFO - Processing /opt/airflow/dags/data_ingestion.py took 0.570 seconds
[2025-10-29T20:25:38.817+0000] {processor.py:161} INFO - Started process (PID=7319) to work on /opt/airflow/dags/data_ingestion.py
[2025-10-29T20:25:38.819+0000] {processor.py:830} INFO - Processing file /opt/airflow/dags/data_ingestion.py for tasks to queue
[2025-10-29T20:25:38.821+0000] {logging_mixin.py:188} INFO - [2025-10-29T20:25:38.821+0000] {dagbag.py:545} INFO - Filling up the DagBag from /opt/airflow/dags/data_ingestion.py
[2025-10-29T20:25:39.200+0000] {processor.py:840} INFO - DAG(s) 'police_data_ingestion' retrieved from /opt/airflow/dags/data_ingestion.py
[2025-10-29T20:25:39.238+0000] {logging_mixin.py:188} INFO - [2025-10-29T20:25:39.237+0000] {dag.py:3096} INFO - Sync 1 DAGs
[2025-10-29T20:25:39.265+0000] {logging_mixin.py:188} INFO - [2025-10-29T20:25:39.265+0000] {dag.py:3954} INFO - Setting next_dagrun for police_data_ingestion to 2025-11-01 00:00:00+00:00, run_after=2025-12-01 00:00:00+00:00
[2025-10-29T20:25:39.290+0000] {processor.py:183} INFO - Processing /opt/airflow/dags/data_ingestion.py took 0.480 seconds
[2025-10-29T20:26:09.850+0000] {processor.py:161} INFO - Started process (PID=7331) to work on /opt/airflow/dags/data_ingestion.py
[2025-10-29T20:26:09.852+0000] {processor.py:830} INFO - Processing file /opt/airflow/dags/data_ingestion.py for tasks to queue
[2025-10-29T20:26:09.855+0000] {logging_mixin.py:188} INFO - [2025-10-29T20:26:09.855+0000] {dagbag.py:545} INFO - Filling up the DagBag from /opt/airflow/dags/data_ingestion.py
[2025-10-29T20:26:10.269+0000] {processor.py:840} INFO - DAG(s) 'police_data_ingestion' retrieved from /opt/airflow/dags/data_ingestion.py
[2025-10-29T20:26:10.313+0000] {logging_mixin.py:188} INFO - [2025-10-29T20:26:10.313+0000] {dag.py:3096} INFO - Sync 1 DAGs
[2025-10-29T20:26:10.344+0000] {logging_mixin.py:188} INFO - [2025-10-29T20:26:10.344+0000] {dag.py:3954} INFO - Setting next_dagrun for police_data_ingestion to 2025-11-01 00:00:00+00:00, run_after=2025-12-01 00:00:00+00:00
[2025-10-29T20:26:10.373+0000] {processor.py:183} INFO - Processing /opt/airflow/dags/data_ingestion.py took 0.532 seconds
[2025-10-29T20:26:40.971+0000] {processor.py:161} INFO - Started process (PID=7343) to work on /opt/airflow/dags/data_ingestion.py
[2025-10-29T20:26:40.972+0000] {processor.py:830} INFO - Processing file /opt/airflow/dags/data_ingestion.py for tasks to queue
[2025-10-29T20:26:40.974+0000] {logging_mixin.py:188} INFO - [2025-10-29T20:26:40.974+0000] {dagbag.py:545} INFO - Filling up the DagBag from /opt/airflow/dags/data_ingestion.py
[2025-10-29T20:26:41.388+0000] {processor.py:840} INFO - DAG(s) 'police_data_ingestion' retrieved from /opt/airflow/dags/data_ingestion.py
[2025-10-29T20:26:41.436+0000] {logging_mixin.py:188} INFO - [2025-10-29T20:26:41.436+0000] {dag.py:3096} INFO - Sync 1 DAGs
[2025-10-29T20:26:41.466+0000] {logging_mixin.py:188} INFO - [2025-10-29T20:26:41.465+0000] {dag.py:3954} INFO - Setting next_dagrun for police_data_ingestion to 2025-11-01 00:00:00+00:00, run_after=2025-12-01 00:00:00+00:00
[2025-10-29T20:26:41.491+0000] {processor.py:183} INFO - Processing /opt/airflow/dags/data_ingestion.py took 0.528 seconds
[2025-10-29T20:27:11.924+0000] {processor.py:161} INFO - Started process (PID=7355) to work on /opt/airflow/dags/data_ingestion.py
[2025-10-29T20:27:11.925+0000] {processor.py:830} INFO - Processing file /opt/airflow/dags/data_ingestion.py for tasks to queue
[2025-10-29T20:27:11.928+0000] {logging_mixin.py:188} INFO - [2025-10-29T20:27:11.927+0000] {dagbag.py:545} INFO - Filling up the DagBag from /opt/airflow/dags/data_ingestion.py
[2025-10-29T20:27:12.343+0000] {processor.py:840} INFO - DAG(s) 'police_data_ingestion' retrieved from /opt/airflow/dags/data_ingestion.py
[2025-10-29T20:27:12.384+0000] {logging_mixin.py:188} INFO - [2025-10-29T20:27:12.383+0000] {dag.py:3096} INFO - Sync 1 DAGs
[2025-10-29T20:27:12.415+0000] {logging_mixin.py:188} INFO - [2025-10-29T20:27:12.415+0000] {dag.py:3954} INFO - Setting next_dagrun for police_data_ingestion to 2025-11-01 00:00:00+00:00, run_after=2025-12-01 00:00:00+00:00
[2025-10-29T20:27:12.446+0000] {processor.py:183} INFO - Processing /opt/airflow/dags/data_ingestion.py took 0.531 seconds
[2025-10-29T20:27:43.025+0000] {processor.py:161} INFO - Started process (PID=7367) to work on /opt/airflow/dags/data_ingestion.py
[2025-10-29T20:27:43.027+0000] {processor.py:830} INFO - Processing file /opt/airflow/dags/data_ingestion.py for tasks to queue
[2025-10-29T20:27:43.030+0000] {logging_mixin.py:188} INFO - [2025-10-29T20:27:43.029+0000] {dagbag.py:545} INFO - Filling up the DagBag from /opt/airflow/dags/data_ingestion.py
[2025-10-29T20:27:43.412+0000] {processor.py:840} INFO - DAG(s) 'police_data_ingestion' retrieved from /opt/airflow/dags/data_ingestion.py
[2025-10-29T20:27:43.448+0000] {logging_mixin.py:188} INFO - [2025-10-29T20:27:43.448+0000] {dag.py:3096} INFO - Sync 1 DAGs
[2025-10-29T20:27:43.476+0000] {logging_mixin.py:188} INFO - [2025-10-29T20:27:43.476+0000] {dag.py:3954} INFO - Setting next_dagrun for police_data_ingestion to 2025-11-01 00:00:00+00:00, run_after=2025-12-01 00:00:00+00:00
[2025-10-29T20:27:43.503+0000] {processor.py:183} INFO - Processing /opt/airflow/dags/data_ingestion.py took 0.486 seconds
[2025-10-29T20:28:14.019+0000] {processor.py:161} INFO - Started process (PID=7379) to work on /opt/airflow/dags/data_ingestion.py
[2025-10-29T20:28:14.021+0000] {processor.py:830} INFO - Processing file /opt/airflow/dags/data_ingestion.py for tasks to queue
[2025-10-29T20:28:14.023+0000] {logging_mixin.py:188} INFO - [2025-10-29T20:28:14.023+0000] {dagbag.py:545} INFO - Filling up the DagBag from /opt/airflow/dags/data_ingestion.py
[2025-10-29T20:28:14.417+0000] {processor.py:840} INFO - DAG(s) 'police_data_ingestion' retrieved from /opt/airflow/dags/data_ingestion.py
[2025-10-29T20:28:14.453+0000] {logging_mixin.py:188} INFO - [2025-10-29T20:28:14.453+0000] {dag.py:3096} INFO - Sync 1 DAGs
[2025-10-29T20:28:14.478+0000] {logging_mixin.py:188} INFO - [2025-10-29T20:28:14.478+0000] {dag.py:3954} INFO - Setting next_dagrun for police_data_ingestion to 2025-11-01 00:00:00+00:00, run_after=2025-12-01 00:00:00+00:00
[2025-10-29T20:28:14.504+0000] {processor.py:183} INFO - Processing /opt/airflow/dags/data_ingestion.py took 0.498 seconds
[2025-10-29T20:28:45.051+0000] {processor.py:161} INFO - Started process (PID=7391) to work on /opt/airflow/dags/data_ingestion.py
[2025-10-29T20:28:45.052+0000] {processor.py:830} INFO - Processing file /opt/airflow/dags/data_ingestion.py for tasks to queue
[2025-10-29T20:28:45.055+0000] {logging_mixin.py:188} INFO - [2025-10-29T20:28:45.055+0000] {dagbag.py:545} INFO - Filling up the DagBag from /opt/airflow/dags/data_ingestion.py
[2025-10-29T20:28:45.476+0000] {processor.py:840} INFO - DAG(s) 'police_data_ingestion' retrieved from /opt/airflow/dags/data_ingestion.py
[2025-10-29T20:28:45.518+0000] {logging_mixin.py:188} INFO - [2025-10-29T20:28:45.518+0000] {dag.py:3096} INFO - Sync 1 DAGs
[2025-10-29T20:28:45.547+0000] {logging_mixin.py:188} INFO - [2025-10-29T20:28:45.547+0000] {dag.py:3954} INFO - Setting next_dagrun for police_data_ingestion to 2025-11-01 00:00:00+00:00, run_after=2025-12-01 00:00:00+00:00
[2025-10-29T20:28:45.579+0000] {processor.py:183} INFO - Processing /opt/airflow/dags/data_ingestion.py took 0.538 seconds
[2025-10-29T20:29:16.066+0000] {processor.py:161} INFO - Started process (PID=7403) to work on /opt/airflow/dags/data_ingestion.py
[2025-10-29T20:29:16.067+0000] {processor.py:830} INFO - Processing file /opt/airflow/dags/data_ingestion.py for tasks to queue
[2025-10-29T20:29:16.070+0000] {logging_mixin.py:188} INFO - [2025-10-29T20:29:16.070+0000] {dagbag.py:545} INFO - Filling up the DagBag from /opt/airflow/dags/data_ingestion.py
[2025-10-29T20:29:16.461+0000] {processor.py:840} INFO - DAG(s) 'police_data_ingestion' retrieved from /opt/airflow/dags/data_ingestion.py
[2025-10-29T20:29:16.501+0000] {logging_mixin.py:188} INFO - [2025-10-29T20:29:16.501+0000] {dag.py:3096} INFO - Sync 1 DAGs
[2025-10-29T20:29:16.531+0000] {logging_mixin.py:188} INFO - [2025-10-29T20:29:16.531+0000] {dag.py:3954} INFO - Setting next_dagrun for police_data_ingestion to 2025-11-01 00:00:00+00:00, run_after=2025-12-01 00:00:00+00:00
[2025-10-29T20:29:16.556+0000] {processor.py:183} INFO - Processing /opt/airflow/dags/data_ingestion.py took 0.499 seconds
[2025-10-29T20:29:47.093+0000] {processor.py:161} INFO - Started process (PID=7415) to work on /opt/airflow/dags/data_ingestion.py
[2025-10-29T20:29:47.094+0000] {processor.py:830} INFO - Processing file /opt/airflow/dags/data_ingestion.py for tasks to queue
[2025-10-29T20:29:47.097+0000] {logging_mixin.py:188} INFO - [2025-10-29T20:29:47.096+0000] {dagbag.py:545} INFO - Filling up the DagBag from /opt/airflow/dags/data_ingestion.py
[2025-10-29T20:29:47.539+0000] {processor.py:840} INFO - DAG(s) 'police_data_ingestion' retrieved from /opt/airflow/dags/data_ingestion.py
[2025-10-29T20:29:47.583+0000] {logging_mixin.py:188} INFO - [2025-10-29T20:29:47.583+0000] {dag.py:3096} INFO - Sync 1 DAGs
[2025-10-29T20:29:47.613+0000] {logging_mixin.py:188} INFO - [2025-10-29T20:29:47.613+0000] {dag.py:3954} INFO - Setting next_dagrun for police_data_ingestion to 2025-11-01 00:00:00+00:00, run_after=2025-12-01 00:00:00+00:00
[2025-10-29T20:29:47.643+0000] {processor.py:183} INFO - Processing /opt/airflow/dags/data_ingestion.py took 0.559 seconds
[2025-10-29T20:30:18.079+0000] {processor.py:161} INFO - Started process (PID=7427) to work on /opt/airflow/dags/data_ingestion.py
[2025-10-29T20:30:18.081+0000] {processor.py:830} INFO - Processing file /opt/airflow/dags/data_ingestion.py for tasks to queue
[2025-10-29T20:30:18.083+0000] {logging_mixin.py:188} INFO - [2025-10-29T20:30:18.083+0000] {dagbag.py:545} INFO - Filling up the DagBag from /opt/airflow/dags/data_ingestion.py
[2025-10-29T20:30:18.457+0000] {processor.py:840} INFO - DAG(s) 'police_data_ingestion' retrieved from /opt/airflow/dags/data_ingestion.py
[2025-10-29T20:30:18.496+0000] {logging_mixin.py:188} INFO - [2025-10-29T20:30:18.495+0000] {dag.py:3096} INFO - Sync 1 DAGs
[2025-10-29T20:30:18.524+0000] {logging_mixin.py:188} INFO - [2025-10-29T20:30:18.524+0000] {dag.py:3954} INFO - Setting next_dagrun for police_data_ingestion to 2025-11-01 00:00:00+00:00, run_after=2025-12-01 00:00:00+00:00
[2025-10-29T20:30:18.549+0000] {processor.py:183} INFO - Processing /opt/airflow/dags/data_ingestion.py took 0.477 seconds
[2025-10-29T20:30:49.080+0000] {processor.py:161} INFO - Started process (PID=7439) to work on /opt/airflow/dags/data_ingestion.py
[2025-10-29T20:30:49.082+0000] {processor.py:830} INFO - Processing file /opt/airflow/dags/data_ingestion.py for tasks to queue
[2025-10-29T20:30:49.084+0000] {logging_mixin.py:188} INFO - [2025-10-29T20:30:49.084+0000] {dagbag.py:545} INFO - Filling up the DagBag from /opt/airflow/dags/data_ingestion.py
[2025-10-29T20:30:49.473+0000] {processor.py:840} INFO - DAG(s) 'police_data_ingestion' retrieved from /opt/airflow/dags/data_ingestion.py
[2025-10-29T20:30:49.510+0000] {logging_mixin.py:188} INFO - [2025-10-29T20:30:49.509+0000] {dag.py:3096} INFO - Sync 1 DAGs
[2025-10-29T20:30:49.536+0000] {logging_mixin.py:188} INFO - [2025-10-29T20:30:49.536+0000] {dag.py:3954} INFO - Setting next_dagrun for police_data_ingestion to 2025-11-01 00:00:00+00:00, run_after=2025-12-01 00:00:00+00:00
[2025-10-29T20:30:49.563+0000] {processor.py:183} INFO - Processing /opt/airflow/dags/data_ingestion.py took 0.491 seconds
[2025-10-29T20:31:20.060+0000] {processor.py:161} INFO - Started process (PID=7451) to work on /opt/airflow/dags/data_ingestion.py
[2025-10-29T20:31:20.062+0000] {processor.py:830} INFO - Processing file /opt/airflow/dags/data_ingestion.py for tasks to queue
[2025-10-29T20:31:20.064+0000] {logging_mixin.py:188} INFO - [2025-10-29T20:31:20.064+0000] {dagbag.py:545} INFO - Filling up the DagBag from /opt/airflow/dags/data_ingestion.py
[2025-10-29T20:31:20.451+0000] {processor.py:840} INFO - DAG(s) 'police_data_ingestion' retrieved from /opt/airflow/dags/data_ingestion.py
[2025-10-29T20:31:20.487+0000] {logging_mixin.py:188} INFO - [2025-10-29T20:31:20.487+0000] {dag.py:3096} INFO - Sync 1 DAGs
[2025-10-29T20:31:20.514+0000] {logging_mixin.py:188} INFO - [2025-10-29T20:31:20.513+0000] {dag.py:3954} INFO - Setting next_dagrun for police_data_ingestion to 2025-11-01 00:00:00+00:00, run_after=2025-12-01 00:00:00+00:00
[2025-10-29T20:31:20.540+0000] {processor.py:183} INFO - Processing /opt/airflow/dags/data_ingestion.py took 0.487 seconds
[2025-10-29T20:31:51.031+0000] {processor.py:161} INFO - Started process (PID=7463) to work on /opt/airflow/dags/data_ingestion.py
[2025-10-29T20:31:51.032+0000] {processor.py:830} INFO - Processing file /opt/airflow/dags/data_ingestion.py for tasks to queue
[2025-10-29T20:31:51.034+0000] {logging_mixin.py:188} INFO - [2025-10-29T20:31:51.034+0000] {dagbag.py:545} INFO - Filling up the DagBag from /opt/airflow/dags/data_ingestion.py
[2025-10-29T20:31:51.477+0000] {processor.py:840} INFO - DAG(s) 'police_data_ingestion' retrieved from /opt/airflow/dags/data_ingestion.py
[2025-10-29T20:31:51.521+0000] {logging_mixin.py:188} INFO - [2025-10-29T20:31:51.521+0000] {dag.py:3096} INFO - Sync 1 DAGs
[2025-10-29T20:31:51.550+0000] {logging_mixin.py:188} INFO - [2025-10-29T20:31:51.550+0000] {dag.py:3954} INFO - Setting next_dagrun for police_data_ingestion to 2025-11-01 00:00:00+00:00, run_after=2025-12-01 00:00:00+00:00
[2025-10-29T20:31:51.579+0000] {processor.py:183} INFO - Processing /opt/airflow/dags/data_ingestion.py took 0.556 seconds
[2025-10-29T20:32:22.076+0000] {processor.py:161} INFO - Started process (PID=7475) to work on /opt/airflow/dags/data_ingestion.py
[2025-10-29T20:32:22.077+0000] {processor.py:830} INFO - Processing file /opt/airflow/dags/data_ingestion.py for tasks to queue
[2025-10-29T20:32:22.080+0000] {logging_mixin.py:188} INFO - [2025-10-29T20:32:22.080+0000] {dagbag.py:545} INFO - Filling up the DagBag from /opt/airflow/dags/data_ingestion.py
[2025-10-29T20:32:22.533+0000] {processor.py:840} INFO - DAG(s) 'police_data_ingestion' retrieved from /opt/airflow/dags/data_ingestion.py
[2025-10-29T20:32:22.572+0000] {logging_mixin.py:188} INFO - [2025-10-29T20:32:22.571+0000] {dag.py:3096} INFO - Sync 1 DAGs
[2025-10-29T20:32:22.604+0000] {logging_mixin.py:188} INFO - [2025-10-29T20:32:22.604+0000] {dag.py:3954} INFO - Setting next_dagrun for police_data_ingestion to 2025-11-01 00:00:00+00:00, run_after=2025-12-01 00:00:00+00:00
[2025-10-29T20:32:22.635+0000] {processor.py:183} INFO - Processing /opt/airflow/dags/data_ingestion.py took 0.569 seconds
[2025-10-29T20:32:53.127+0000] {processor.py:161} INFO - Started process (PID=7487) to work on /opt/airflow/dags/data_ingestion.py
[2025-10-29T20:32:53.128+0000] {processor.py:830} INFO - Processing file /opt/airflow/dags/data_ingestion.py for tasks to queue
[2025-10-29T20:32:53.131+0000] {logging_mixin.py:188} INFO - [2025-10-29T20:32:53.130+0000] {dagbag.py:545} INFO - Filling up the DagBag from /opt/airflow/dags/data_ingestion.py
[2025-10-29T20:32:53.509+0000] {processor.py:840} INFO - DAG(s) 'police_data_ingestion' retrieved from /opt/airflow/dags/data_ingestion.py
[2025-10-29T20:32:53.549+0000] {logging_mixin.py:188} INFO - [2025-10-29T20:32:53.549+0000] {dag.py:3096} INFO - Sync 1 DAGs
[2025-10-29T20:32:53.579+0000] {logging_mixin.py:188} INFO - [2025-10-29T20:32:53.579+0000] {dag.py:3954} INFO - Setting next_dagrun for police_data_ingestion to 2025-11-01 00:00:00+00:00, run_after=2025-12-01 00:00:00+00:00
[2025-10-29T20:32:53.605+0000] {processor.py:183} INFO - Processing /opt/airflow/dags/data_ingestion.py took 0.486 seconds
[2025-10-29T20:33:24.064+0000] {processor.py:161} INFO - Started process (PID=7499) to work on /opt/airflow/dags/data_ingestion.py
[2025-10-29T20:33:24.065+0000] {processor.py:830} INFO - Processing file /opt/airflow/dags/data_ingestion.py for tasks to queue
[2025-10-29T20:33:24.068+0000] {logging_mixin.py:188} INFO - [2025-10-29T20:33:24.068+0000] {dagbag.py:545} INFO - Filling up the DagBag from /opt/airflow/dags/data_ingestion.py
[2025-10-29T20:33:24.464+0000] {processor.py:840} INFO - DAG(s) 'police_data_ingestion' retrieved from /opt/airflow/dags/data_ingestion.py
[2025-10-29T20:33:24.506+0000] {logging_mixin.py:188} INFO - [2025-10-29T20:33:24.505+0000] {dag.py:3096} INFO - Sync 1 DAGs
[2025-10-29T20:33:24.535+0000] {logging_mixin.py:188} INFO - [2025-10-29T20:33:24.534+0000] {dag.py:3954} INFO - Setting next_dagrun for police_data_ingestion to 2025-11-01 00:00:00+00:00, run_after=2025-12-01 00:00:00+00:00
[2025-10-29T20:33:24.560+0000] {processor.py:183} INFO - Processing /opt/airflow/dags/data_ingestion.py took 0.504 seconds
[2025-10-29T20:33:55.093+0000] {processor.py:161} INFO - Started process (PID=7511) to work on /opt/airflow/dags/data_ingestion.py
[2025-10-29T20:33:55.095+0000] {processor.py:830} INFO - Processing file /opt/airflow/dags/data_ingestion.py for tasks to queue
[2025-10-29T20:33:55.097+0000] {logging_mixin.py:188} INFO - [2025-10-29T20:33:55.097+0000] {dagbag.py:545} INFO - Filling up the DagBag from /opt/airflow/dags/data_ingestion.py
[2025-10-29T20:33:55.508+0000] {processor.py:840} INFO - DAG(s) 'police_data_ingestion' retrieved from /opt/airflow/dags/data_ingestion.py
[2025-10-29T20:33:55.552+0000] {logging_mixin.py:188} INFO - [2025-10-29T20:33:55.552+0000] {dag.py:3096} INFO - Sync 1 DAGs
[2025-10-29T20:33:55.580+0000] {logging_mixin.py:188} INFO - [2025-10-29T20:33:55.580+0000] {dag.py:3954} INFO - Setting next_dagrun for police_data_ingestion to 2025-11-01 00:00:00+00:00, run_after=2025-12-01 00:00:00+00:00
[2025-10-29T20:33:55.605+0000] {processor.py:183} INFO - Processing /opt/airflow/dags/data_ingestion.py took 0.519 seconds
[2025-10-29T20:34:26.035+0000] {processor.py:161} INFO - Started process (PID=7523) to work on /opt/airflow/dags/data_ingestion.py
[2025-10-29T20:34:26.036+0000] {processor.py:830} INFO - Processing file /opt/airflow/dags/data_ingestion.py for tasks to queue
[2025-10-29T20:34:26.039+0000] {logging_mixin.py:188} INFO - [2025-10-29T20:34:26.039+0000] {dagbag.py:545} INFO - Filling up the DagBag from /opt/airflow/dags/data_ingestion.py
[2025-10-29T20:34:26.438+0000] {processor.py:840} INFO - DAG(s) 'police_data_ingestion' retrieved from /opt/airflow/dags/data_ingestion.py
[2025-10-29T20:34:26.478+0000] {logging_mixin.py:188} INFO - [2025-10-29T20:34:26.478+0000] {dag.py:3096} INFO - Sync 1 DAGs
[2025-10-29T20:34:26.507+0000] {logging_mixin.py:188} INFO - [2025-10-29T20:34:26.507+0000] {dag.py:3954} INFO - Setting next_dagrun for police_data_ingestion to 2025-11-01 00:00:00+00:00, run_after=2025-12-01 00:00:00+00:00
[2025-10-29T20:34:26.928+0000] {processor.py:183} INFO - Processing /opt/airflow/dags/data_ingestion.py took 0.901 seconds
[2025-10-29T20:34:57.446+0000] {processor.py:161} INFO - Started process (PID=7535) to work on /opt/airflow/dags/data_ingestion.py
[2025-10-29T20:34:57.448+0000] {processor.py:830} INFO - Processing file /opt/airflow/dags/data_ingestion.py for tasks to queue
[2025-10-29T20:34:57.450+0000] {logging_mixin.py:188} INFO - [2025-10-29T20:34:57.450+0000] {dagbag.py:545} INFO - Filling up the DagBag from /opt/airflow/dags/data_ingestion.py
[2025-10-29T20:34:57.837+0000] {processor.py:840} INFO - DAG(s) 'police_data_ingestion' retrieved from /opt/airflow/dags/data_ingestion.py
[2025-10-29T20:34:57.873+0000] {logging_mixin.py:188} INFO - [2025-10-29T20:34:57.873+0000] {dag.py:3096} INFO - Sync 1 DAGs
[2025-10-29T20:34:57.901+0000] {logging_mixin.py:188} INFO - [2025-10-29T20:34:57.901+0000] {dag.py:3954} INFO - Setting next_dagrun for police_data_ingestion to 2025-11-01 00:00:00+00:00, run_after=2025-12-01 00:00:00+00:00
[2025-10-29T20:34:57.926+0000] {processor.py:183} INFO - Processing /opt/airflow/dags/data_ingestion.py took 0.488 seconds
[2025-10-29T20:35:28.445+0000] {processor.py:161} INFO - Started process (PID=7547) to work on /opt/airflow/dags/data_ingestion.py
[2025-10-29T20:35:28.446+0000] {processor.py:830} INFO - Processing file /opt/airflow/dags/data_ingestion.py for tasks to queue
[2025-10-29T20:35:28.449+0000] {logging_mixin.py:188} INFO - [2025-10-29T20:35:28.448+0000] {dagbag.py:545} INFO - Filling up the DagBag from /opt/airflow/dags/data_ingestion.py
[2025-10-29T20:35:28.830+0000] {processor.py:840} INFO - DAG(s) 'police_data_ingestion' retrieved from /opt/airflow/dags/data_ingestion.py
[2025-10-29T20:35:28.868+0000] {logging_mixin.py:188} INFO - [2025-10-29T20:35:28.868+0000] {dag.py:3096} INFO - Sync 1 DAGs
[2025-10-29T20:35:28.895+0000] {logging_mixin.py:188} INFO - [2025-10-29T20:35:28.895+0000] {dag.py:3954} INFO - Setting next_dagrun for police_data_ingestion to 2025-11-01 00:00:00+00:00, run_after=2025-12-01 00:00:00+00:00
[2025-10-29T20:35:28.920+0000] {processor.py:183} INFO - Processing /opt/airflow/dags/data_ingestion.py took 0.483 seconds
[2025-10-29T20:35:59.466+0000] {processor.py:161} INFO - Started process (PID=7559) to work on /opt/airflow/dags/data_ingestion.py
[2025-10-29T20:35:59.467+0000] {processor.py:830} INFO - Processing file /opt/airflow/dags/data_ingestion.py for tasks to queue
[2025-10-29T20:35:59.470+0000] {logging_mixin.py:188} INFO - [2025-10-29T20:35:59.469+0000] {dagbag.py:545} INFO - Filling up the DagBag from /opt/airflow/dags/data_ingestion.py
[2025-10-29T20:35:59.964+0000] {processor.py:840} INFO - DAG(s) 'police_data_ingestion' retrieved from /opt/airflow/dags/data_ingestion.py
[2025-10-29T20:36:00.018+0000] {logging_mixin.py:188} INFO - [2025-10-29T20:36:00.017+0000] {dag.py:3096} INFO - Sync 1 DAGs
[2025-10-29T20:36:00.049+0000] {logging_mixin.py:188} INFO - [2025-10-29T20:36:00.049+0000] {dag.py:3954} INFO - Setting next_dagrun for police_data_ingestion to 2025-11-01 00:00:00+00:00, run_after=2025-12-01 00:00:00+00:00
[2025-10-29T20:36:00.076+0000] {processor.py:183} INFO - Processing /opt/airflow/dags/data_ingestion.py took 0.619 seconds
[2025-10-29T20:36:30.635+0000] {processor.py:161} INFO - Started process (PID=7571) to work on /opt/airflow/dags/data_ingestion.py
[2025-10-29T20:36:30.636+0000] {processor.py:830} INFO - Processing file /opt/airflow/dags/data_ingestion.py for tasks to queue
[2025-10-29T20:36:30.639+0000] {logging_mixin.py:188} INFO - [2025-10-29T20:36:30.639+0000] {dagbag.py:545} INFO - Filling up the DagBag from /opt/airflow/dags/data_ingestion.py
[2025-10-29T20:36:31.063+0000] {processor.py:840} INFO - DAG(s) 'police_data_ingestion' retrieved from /opt/airflow/dags/data_ingestion.py
[2025-10-29T20:36:31.104+0000] {logging_mixin.py:188} INFO - [2025-10-29T20:36:31.103+0000] {dag.py:3096} INFO - Sync 1 DAGs
[2025-10-29T20:36:31.133+0000] {logging_mixin.py:188} INFO - [2025-10-29T20:36:31.133+0000] {dag.py:3954} INFO - Setting next_dagrun for police_data_ingestion to 2025-11-01 00:00:00+00:00, run_after=2025-12-01 00:00:00+00:00
[2025-10-29T20:36:31.162+0000] {processor.py:183} INFO - Processing /opt/airflow/dags/data_ingestion.py took 0.536 seconds
[2025-10-29T20:37:01.651+0000] {processor.py:161} INFO - Started process (PID=7583) to work on /opt/airflow/dags/data_ingestion.py
[2025-10-29T20:37:01.652+0000] {processor.py:830} INFO - Processing file /opt/airflow/dags/data_ingestion.py for tasks to queue
[2025-10-29T20:37:01.654+0000] {logging_mixin.py:188} INFO - [2025-10-29T20:37:01.654+0000] {dagbag.py:545} INFO - Filling up the DagBag from /opt/airflow/dags/data_ingestion.py
[2025-10-29T20:37:02.073+0000] {processor.py:840} INFO - DAG(s) 'police_data_ingestion' retrieved from /opt/airflow/dags/data_ingestion.py
[2025-10-29T20:37:02.112+0000] {logging_mixin.py:188} INFO - [2025-10-29T20:37:02.112+0000] {dag.py:3096} INFO - Sync 1 DAGs
[2025-10-29T20:37:02.142+0000] {logging_mixin.py:188} INFO - [2025-10-29T20:37:02.142+0000] {dag.py:3954} INFO - Setting next_dagrun for police_data_ingestion to 2025-11-01 00:00:00+00:00, run_after=2025-12-01 00:00:00+00:00
[2025-10-29T20:37:02.168+0000] {processor.py:183} INFO - Processing /opt/airflow/dags/data_ingestion.py took 0.525 seconds
[2025-10-29T20:37:32.695+0000] {processor.py:161} INFO - Started process (PID=7595) to work on /opt/airflow/dags/data_ingestion.py
[2025-10-29T20:37:32.696+0000] {processor.py:830} INFO - Processing file /opt/airflow/dags/data_ingestion.py for tasks to queue
[2025-10-29T20:37:32.699+0000] {logging_mixin.py:188} INFO - [2025-10-29T20:37:32.698+0000] {dagbag.py:545} INFO - Filling up the DagBag from /opt/airflow/dags/data_ingestion.py
[2025-10-29T20:37:33.084+0000] {processor.py:840} INFO - DAG(s) 'police_data_ingestion' retrieved from /opt/airflow/dags/data_ingestion.py
[2025-10-29T20:37:33.126+0000] {logging_mixin.py:188} INFO - [2025-10-29T20:37:33.125+0000] {dag.py:3096} INFO - Sync 1 DAGs
[2025-10-29T20:37:33.155+0000] {logging_mixin.py:188} INFO - [2025-10-29T20:37:33.155+0000] {dag.py:3954} INFO - Setting next_dagrun for police_data_ingestion to 2025-11-01 00:00:00+00:00, run_after=2025-12-01 00:00:00+00:00
[2025-10-29T20:37:33.185+0000] {processor.py:183} INFO - Processing /opt/airflow/dags/data_ingestion.py took 0.498 seconds
[2025-10-29T20:38:03.774+0000] {processor.py:161} INFO - Started process (PID=7607) to work on /opt/airflow/dags/data_ingestion.py
[2025-10-29T20:38:03.775+0000] {processor.py:830} INFO - Processing file /opt/airflow/dags/data_ingestion.py for tasks to queue
[2025-10-29T20:38:03.778+0000] {logging_mixin.py:188} INFO - [2025-10-29T20:38:03.777+0000] {dagbag.py:545} INFO - Filling up the DagBag from /opt/airflow/dags/data_ingestion.py
[2025-10-29T20:38:04.178+0000] {processor.py:840} INFO - DAG(s) 'police_data_ingestion' retrieved from /opt/airflow/dags/data_ingestion.py
[2025-10-29T20:38:04.219+0000] {logging_mixin.py:188} INFO - [2025-10-29T20:38:04.219+0000] {dag.py:3096} INFO - Sync 1 DAGs
[2025-10-29T20:38:04.252+0000] {logging_mixin.py:188} INFO - [2025-10-29T20:38:04.252+0000] {dag.py:3954} INFO - Setting next_dagrun for police_data_ingestion to 2025-11-01 00:00:00+00:00, run_after=2025-12-01 00:00:00+00:00
[2025-10-29T20:38:04.282+0000] {processor.py:183} INFO - Processing /opt/airflow/dags/data_ingestion.py took 0.515 seconds
[2025-10-29T20:38:34.792+0000] {processor.py:161} INFO - Started process (PID=7619) to work on /opt/airflow/dags/data_ingestion.py
[2025-10-29T20:38:34.793+0000] {processor.py:830} INFO - Processing file /opt/airflow/dags/data_ingestion.py for tasks to queue
[2025-10-29T20:38:34.796+0000] {logging_mixin.py:188} INFO - [2025-10-29T20:38:34.795+0000] {dagbag.py:545} INFO - Filling up the DagBag from /opt/airflow/dags/data_ingestion.py
[2025-10-29T20:38:35.244+0000] {processor.py:840} INFO - DAG(s) 'police_data_ingestion' retrieved from /opt/airflow/dags/data_ingestion.py
[2025-10-29T20:38:35.286+0000] {logging_mixin.py:188} INFO - [2025-10-29T20:38:35.286+0000] {dag.py:3096} INFO - Sync 1 DAGs
[2025-10-29T20:38:35.321+0000] {logging_mixin.py:188} INFO - [2025-10-29T20:38:35.321+0000] {dag.py:3954} INFO - Setting next_dagrun for police_data_ingestion to 2025-11-01 00:00:00+00:00, run_after=2025-12-01 00:00:00+00:00
[2025-10-29T20:38:35.349+0000] {processor.py:183} INFO - Processing /opt/airflow/dags/data_ingestion.py took 0.566 seconds
[2025-10-29T20:39:05.749+0000] {processor.py:161} INFO - Started process (PID=7631) to work on /opt/airflow/dags/data_ingestion.py
[2025-10-29T20:39:05.750+0000] {processor.py:830} INFO - Processing file /opt/airflow/dags/data_ingestion.py for tasks to queue
[2025-10-29T20:39:05.753+0000] {logging_mixin.py:188} INFO - [2025-10-29T20:39:05.752+0000] {dagbag.py:545} INFO - Filling up the DagBag from /opt/airflow/dags/data_ingestion.py
[2025-10-29T20:39:06.155+0000] {processor.py:840} INFO - DAG(s) 'police_data_ingestion' retrieved from /opt/airflow/dags/data_ingestion.py
[2025-10-29T20:39:06.195+0000] {logging_mixin.py:188} INFO - [2025-10-29T20:39:06.194+0000] {dag.py:3096} INFO - Sync 1 DAGs
[2025-10-29T20:39:06.225+0000] {logging_mixin.py:188} INFO - [2025-10-29T20:39:06.224+0000] {dag.py:3954} INFO - Setting next_dagrun for police_data_ingestion to 2025-11-01 00:00:00+00:00, run_after=2025-12-01 00:00:00+00:00
[2025-10-29T20:39:06.250+0000] {processor.py:183} INFO - Processing /opt/airflow/dags/data_ingestion.py took 0.509 seconds
[2025-10-29T20:39:36.768+0000] {processor.py:161} INFO - Started process (PID=7643) to work on /opt/airflow/dags/data_ingestion.py
[2025-10-29T20:39:36.769+0000] {processor.py:830} INFO - Processing file /opt/airflow/dags/data_ingestion.py for tasks to queue
[2025-10-29T20:39:36.772+0000] {logging_mixin.py:188} INFO - [2025-10-29T20:39:36.772+0000] {dagbag.py:545} INFO - Filling up the DagBag from /opt/airflow/dags/data_ingestion.py
[2025-10-29T20:39:37.176+0000] {processor.py:840} INFO - DAG(s) 'police_data_ingestion' retrieved from /opt/airflow/dags/data_ingestion.py
[2025-10-29T20:39:37.217+0000] {logging_mixin.py:188} INFO - [2025-10-29T20:39:37.216+0000] {dag.py:3096} INFO - Sync 1 DAGs
[2025-10-29T20:39:37.245+0000] {logging_mixin.py:188} INFO - [2025-10-29T20:39:37.245+0000] {dag.py:3954} INFO - Setting next_dagrun for police_data_ingestion to 2025-11-01 00:00:00+00:00, run_after=2025-12-01 00:00:00+00:00
[2025-10-29T20:39:37.272+0000] {processor.py:183} INFO - Processing /opt/airflow/dags/data_ingestion.py took 0.512 seconds
[2025-10-29T20:40:07.822+0000] {processor.py:161} INFO - Started process (PID=7655) to work on /opt/airflow/dags/data_ingestion.py
[2025-10-29T20:40:07.823+0000] {processor.py:830} INFO - Processing file /opt/airflow/dags/data_ingestion.py for tasks to queue
[2025-10-29T20:40:07.826+0000] {logging_mixin.py:188} INFO - [2025-10-29T20:40:07.825+0000] {dagbag.py:545} INFO - Filling up the DagBag from /opt/airflow/dags/data_ingestion.py
[2025-10-29T20:40:08.251+0000] {processor.py:840} INFO - DAG(s) 'police_data_ingestion' retrieved from /opt/airflow/dags/data_ingestion.py
[2025-10-29T20:40:08.301+0000] {logging_mixin.py:188} INFO - [2025-10-29T20:40:08.300+0000] {dag.py:3096} INFO - Sync 1 DAGs
[2025-10-29T20:40:08.329+0000] {logging_mixin.py:188} INFO - [2025-10-29T20:40:08.328+0000] {dag.py:3954} INFO - Setting next_dagrun for police_data_ingestion to 2025-11-01 00:00:00+00:00, run_after=2025-12-01 00:00:00+00:00
[2025-10-29T20:40:08.354+0000] {processor.py:183} INFO - Processing /opt/airflow/dags/data_ingestion.py took 0.540 seconds
[2025-10-29T20:40:38.853+0000] {processor.py:161} INFO - Started process (PID=7667) to work on /opt/airflow/dags/data_ingestion.py
[2025-10-29T20:40:38.855+0000] {processor.py:830} INFO - Processing file /opt/airflow/dags/data_ingestion.py for tasks to queue
[2025-10-29T20:40:38.857+0000] {logging_mixin.py:188} INFO - [2025-10-29T20:40:38.857+0000] {dagbag.py:545} INFO - Filling up the DagBag from /opt/airflow/dags/data_ingestion.py
[2025-10-29T20:40:39.252+0000] {processor.py:840} INFO - DAG(s) 'police_data_ingestion' retrieved from /opt/airflow/dags/data_ingestion.py
[2025-10-29T20:40:39.289+0000] {logging_mixin.py:188} INFO - [2025-10-29T20:40:39.289+0000] {dag.py:3096} INFO - Sync 1 DAGs
[2025-10-29T20:40:39.317+0000] {logging_mixin.py:188} INFO - [2025-10-29T20:40:39.317+0000] {dag.py:3954} INFO - Setting next_dagrun for police_data_ingestion to 2025-11-01 00:00:00+00:00, run_after=2025-12-01 00:00:00+00:00
[2025-10-29T20:40:39.344+0000] {processor.py:183} INFO - Processing /opt/airflow/dags/data_ingestion.py took 0.498 seconds
[2025-10-29T20:41:09.888+0000] {processor.py:161} INFO - Started process (PID=7679) to work on /opt/airflow/dags/data_ingestion.py
[2025-10-29T20:41:09.889+0000] {processor.py:830} INFO - Processing file /opt/airflow/dags/data_ingestion.py for tasks to queue
[2025-10-29T20:41:09.892+0000] {logging_mixin.py:188} INFO - [2025-10-29T20:41:09.892+0000] {dagbag.py:545} INFO - Filling up the DagBag from /opt/airflow/dags/data_ingestion.py
[2025-10-29T20:41:10.355+0000] {processor.py:840} INFO - DAG(s) 'police_data_ingestion' retrieved from /opt/airflow/dags/data_ingestion.py
[2025-10-29T20:41:10.393+0000] {logging_mixin.py:188} INFO - [2025-10-29T20:41:10.393+0000] {dag.py:3096} INFO - Sync 1 DAGs
[2025-10-29T20:41:10.428+0000] {logging_mixin.py:188} INFO - [2025-10-29T20:41:10.428+0000] {dag.py:3954} INFO - Setting next_dagrun for police_data_ingestion to 2025-11-01 00:00:00+00:00, run_after=2025-12-01 00:00:00+00:00
[2025-10-29T20:41:10.459+0000] {processor.py:183} INFO - Processing /opt/airflow/dags/data_ingestion.py took 0.581 seconds
[2025-10-29T20:41:41.070+0000] {processor.py:161} INFO - Started process (PID=7691) to work on /opt/airflow/dags/data_ingestion.py
[2025-10-29T20:41:41.072+0000] {processor.py:830} INFO - Processing file /opt/airflow/dags/data_ingestion.py for tasks to queue
[2025-10-29T20:41:41.074+0000] {logging_mixin.py:188} INFO - [2025-10-29T20:41:41.074+0000] {dagbag.py:545} INFO - Filling up the DagBag from /opt/airflow/dags/data_ingestion.py
[2025-10-29T20:41:41.491+0000] {processor.py:840} INFO - DAG(s) 'police_data_ingestion' retrieved from /opt/airflow/dags/data_ingestion.py
[2025-10-29T20:41:41.529+0000] {logging_mixin.py:188} INFO - [2025-10-29T20:41:41.528+0000] {dag.py:3096} INFO - Sync 1 DAGs
[2025-10-29T20:41:41.557+0000] {logging_mixin.py:188} INFO - [2025-10-29T20:41:41.557+0000] {dag.py:3954} INFO - Setting next_dagrun for police_data_ingestion to 2025-11-01 00:00:00+00:00, run_after=2025-12-01 00:00:00+00:00
[2025-10-29T20:41:41.584+0000] {processor.py:183} INFO - Processing /opt/airflow/dags/data_ingestion.py took 0.523 seconds
[2025-10-29T20:42:12.084+0000] {processor.py:161} INFO - Started process (PID=7703) to work on /opt/airflow/dags/data_ingestion.py
[2025-10-29T20:42:12.086+0000] {processor.py:830} INFO - Processing file /opt/airflow/dags/data_ingestion.py for tasks to queue
[2025-10-29T20:42:12.089+0000] {logging_mixin.py:188} INFO - [2025-10-29T20:42:12.088+0000] {dagbag.py:545} INFO - Filling up the DagBag from /opt/airflow/dags/data_ingestion.py
[2025-10-29T20:42:12.470+0000] {processor.py:840} INFO - DAG(s) 'police_data_ingestion' retrieved from /opt/airflow/dags/data_ingestion.py
[2025-10-29T20:42:12.510+0000] {logging_mixin.py:188} INFO - [2025-10-29T20:42:12.509+0000] {dag.py:3096} INFO - Sync 1 DAGs
[2025-10-29T20:42:12.548+0000] {logging_mixin.py:188} INFO - [2025-10-29T20:42:12.547+0000] {dag.py:3954} INFO - Setting next_dagrun for police_data_ingestion to 2025-11-01 00:00:00+00:00, run_after=2025-12-01 00:00:00+00:00
[2025-10-29T20:42:12.582+0000] {processor.py:183} INFO - Processing /opt/airflow/dags/data_ingestion.py took 0.506 seconds
[2025-10-29T20:42:43.069+0000] {processor.py:161} INFO - Started process (PID=7715) to work on /opt/airflow/dags/data_ingestion.py
[2025-10-29T20:42:43.070+0000] {processor.py:830} INFO - Processing file /opt/airflow/dags/data_ingestion.py for tasks to queue
[2025-10-29T20:42:43.073+0000] {logging_mixin.py:188} INFO - [2025-10-29T20:42:43.072+0000] {dagbag.py:545} INFO - Filling up the DagBag from /opt/airflow/dags/data_ingestion.py
[2025-10-29T20:42:43.455+0000] {processor.py:840} INFO - DAG(s) 'police_data_ingestion' retrieved from /opt/airflow/dags/data_ingestion.py
[2025-10-29T20:42:43.491+0000] {logging_mixin.py:188} INFO - [2025-10-29T20:42:43.490+0000] {dag.py:3096} INFO - Sync 1 DAGs
[2025-10-29T20:42:43.516+0000] {logging_mixin.py:188} INFO - [2025-10-29T20:42:43.516+0000] {dag.py:3954} INFO - Setting next_dagrun for police_data_ingestion to 2025-11-01 00:00:00+00:00, run_after=2025-12-01 00:00:00+00:00
[2025-10-29T20:42:43.540+0000] {processor.py:183} INFO - Processing /opt/airflow/dags/data_ingestion.py took 0.478 seconds
[2025-10-29T20:43:14.025+0000] {processor.py:161} INFO - Started process (PID=7727) to work on /opt/airflow/dags/data_ingestion.py
[2025-10-29T20:43:14.026+0000] {processor.py:830} INFO - Processing file /opt/airflow/dags/data_ingestion.py for tasks to queue
[2025-10-29T20:43:14.029+0000] {logging_mixin.py:188} INFO - [2025-10-29T20:43:14.028+0000] {dagbag.py:545} INFO - Filling up the DagBag from /opt/airflow/dags/data_ingestion.py
[2025-10-29T20:43:14.445+0000] {processor.py:840} INFO - DAG(s) 'police_data_ingestion' retrieved from /opt/airflow/dags/data_ingestion.py
[2025-10-29T20:43:14.483+0000] {logging_mixin.py:188} INFO - [2025-10-29T20:43:14.483+0000] {dag.py:3096} INFO - Sync 1 DAGs
[2025-10-29T20:43:14.510+0000] {logging_mixin.py:188} INFO - [2025-10-29T20:43:14.510+0000] {dag.py:3954} INFO - Setting next_dagrun for police_data_ingestion to 2025-11-01 00:00:00+00:00, run_after=2025-12-01 00:00:00+00:00
[2025-10-29T20:43:14.538+0000] {processor.py:183} INFO - Processing /opt/airflow/dags/data_ingestion.py took 0.524 seconds
[2025-10-29T20:43:45.004+0000] {processor.py:161} INFO - Started process (PID=7739) to work on /opt/airflow/dags/data_ingestion.py
[2025-10-29T20:43:45.005+0000] {processor.py:830} INFO - Processing file /opt/airflow/dags/data_ingestion.py for tasks to queue
[2025-10-29T20:43:45.008+0000] {logging_mixin.py:188} INFO - [2025-10-29T20:43:45.007+0000] {dagbag.py:545} INFO - Filling up the DagBag from /opt/airflow/dags/data_ingestion.py
[2025-10-29T20:43:45.411+0000] {processor.py:840} INFO - DAG(s) 'police_data_ingestion' retrieved from /opt/airflow/dags/data_ingestion.py
[2025-10-29T20:43:45.453+0000] {logging_mixin.py:188} INFO - [2025-10-29T20:43:45.452+0000] {dag.py:3096} INFO - Sync 1 DAGs
[2025-10-29T20:43:45.485+0000] {logging_mixin.py:188} INFO - [2025-10-29T20:43:45.484+0000] {dag.py:3954} INFO - Setting next_dagrun for police_data_ingestion to 2025-11-01 00:00:00+00:00, run_after=2025-12-01 00:00:00+00:00
[2025-10-29T20:43:46.379+0000] {processor.py:183} INFO - Processing /opt/airflow/dags/data_ingestion.py took 1.385 seconds
[2025-10-29T20:44:16.807+0000] {processor.py:161} INFO - Started process (PID=7751) to work on /opt/airflow/dags/data_ingestion.py
[2025-10-29T20:44:16.808+0000] {processor.py:830} INFO - Processing file /opt/airflow/dags/data_ingestion.py for tasks to queue
[2025-10-29T20:44:16.811+0000] {logging_mixin.py:188} INFO - [2025-10-29T20:44:16.810+0000] {dagbag.py:545} INFO - Filling up the DagBag from /opt/airflow/dags/data_ingestion.py
[2025-10-29T20:44:17.270+0000] {processor.py:840} INFO - DAG(s) 'police_data_ingestion' retrieved from /opt/airflow/dags/data_ingestion.py
[2025-10-29T20:44:17.312+0000] {logging_mixin.py:188} INFO - [2025-10-29T20:44:17.312+0000] {dag.py:3096} INFO - Sync 1 DAGs
[2025-10-29T20:44:17.341+0000] {logging_mixin.py:188} INFO - [2025-10-29T20:44:17.341+0000] {dag.py:3954} INFO - Setting next_dagrun for police_data_ingestion to 2025-11-01 00:00:00+00:00, run_after=2025-12-01 00:00:00+00:00
[2025-10-29T20:44:17.709+0000] {processor.py:183} INFO - Processing /opt/airflow/dags/data_ingestion.py took 0.911 seconds
[2025-10-29T20:44:48.048+0000] {processor.py:161} INFO - Started process (PID=7763) to work on /opt/airflow/dags/data_ingestion.py
[2025-10-29T20:44:48.050+0000] {processor.py:830} INFO - Processing file /opt/airflow/dags/data_ingestion.py for tasks to queue
[2025-10-29T20:44:48.052+0000] {logging_mixin.py:188} INFO - [2025-10-29T20:44:48.052+0000] {dagbag.py:545} INFO - Filling up the DagBag from /opt/airflow/dags/data_ingestion.py
[2025-10-29T20:44:48.506+0000] {processor.py:840} INFO - DAG(s) 'police_data_ingestion' retrieved from /opt/airflow/dags/data_ingestion.py
[2025-10-29T20:44:48.553+0000] {logging_mixin.py:188} INFO - [2025-10-29T20:44:48.552+0000] {dag.py:3096} INFO - Sync 1 DAGs
[2025-10-29T20:44:48.582+0000] {logging_mixin.py:188} INFO - [2025-10-29T20:44:48.581+0000] {dag.py:3954} INFO - Setting next_dagrun for police_data_ingestion to 2025-11-01 00:00:00+00:00, run_after=2025-12-01 00:00:00+00:00
[2025-10-29T20:44:48.608+0000] {processor.py:183} INFO - Processing /opt/airflow/dags/data_ingestion.py took 0.569 seconds
[2025-10-29T20:45:19.059+0000] {processor.py:161} INFO - Started process (PID=7775) to work on /opt/airflow/dags/data_ingestion.py
[2025-10-29T20:45:19.061+0000] {processor.py:830} INFO - Processing file /opt/airflow/dags/data_ingestion.py for tasks to queue
[2025-10-29T20:45:19.063+0000] {logging_mixin.py:188} INFO - [2025-10-29T20:45:19.063+0000] {dagbag.py:545} INFO - Filling up the DagBag from /opt/airflow/dags/data_ingestion.py
[2025-10-29T20:45:19.512+0000] {processor.py:840} INFO - DAG(s) 'police_data_ingestion' retrieved from /opt/airflow/dags/data_ingestion.py
[2025-10-29T20:45:19.554+0000] {logging_mixin.py:188} INFO - [2025-10-29T20:45:19.554+0000] {dag.py:3096} INFO - Sync 1 DAGs
[2025-10-29T20:45:19.585+0000] {logging_mixin.py:188} INFO - [2025-10-29T20:45:19.584+0000] {dag.py:3954} INFO - Setting next_dagrun for police_data_ingestion to 2025-11-01 00:00:00+00:00, run_after=2025-12-01 00:00:00+00:00
[2025-10-29T20:45:19.614+0000] {processor.py:183} INFO - Processing /opt/airflow/dags/data_ingestion.py took 0.562 seconds
[2025-10-29T20:45:50.014+0000] {processor.py:161} INFO - Started process (PID=7787) to work on /opt/airflow/dags/data_ingestion.py
[2025-10-29T20:45:50.059+0000] {processor.py:830} INFO - Processing file /opt/airflow/dags/data_ingestion.py for tasks to queue
[2025-10-29T20:45:50.062+0000] {logging_mixin.py:188} INFO - [2025-10-29T20:45:50.062+0000] {dagbag.py:545} INFO - Filling up the DagBag from /opt/airflow/dags/data_ingestion.py
[2025-10-29T20:45:50.570+0000] {processor.py:840} INFO - DAG(s) 'police_data_ingestion' retrieved from /opt/airflow/dags/data_ingestion.py
[2025-10-29T20:45:50.625+0000] {logging_mixin.py:188} INFO - [2025-10-29T20:45:50.625+0000] {dag.py:3096} INFO - Sync 1 DAGs
[2025-10-29T20:45:50.662+0000] {logging_mixin.py:188} INFO - [2025-10-29T20:45:50.662+0000] {dag.py:3954} INFO - Setting next_dagrun for police_data_ingestion to 2025-11-01 00:00:00+00:00, run_after=2025-12-01 00:00:00+00:00
[2025-10-29T20:45:50.695+0000] {processor.py:183} INFO - Processing /opt/airflow/dags/data_ingestion.py took 0.698 seconds
[2025-10-29T20:46:21.168+0000] {processor.py:161} INFO - Started process (PID=7799) to work on /opt/airflow/dags/data_ingestion.py
[2025-10-29T20:46:21.170+0000] {processor.py:830} INFO - Processing file /opt/airflow/dags/data_ingestion.py for tasks to queue
[2025-10-29T20:46:21.173+0000] {logging_mixin.py:188} INFO - [2025-10-29T20:46:21.172+0000] {dagbag.py:545} INFO - Filling up the DagBag from /opt/airflow/dags/data_ingestion.py
[2025-10-29T20:46:21.721+0000] {processor.py:840} INFO - DAG(s) 'police_data_ingestion' retrieved from /opt/airflow/dags/data_ingestion.py
[2025-10-29T20:46:21.759+0000] {logging_mixin.py:188} INFO - [2025-10-29T20:46:21.759+0000] {dag.py:3096} INFO - Sync 1 DAGs
[2025-10-29T20:46:21.790+0000] {logging_mixin.py:188} INFO - [2025-10-29T20:46:21.789+0000] {dag.py:3954} INFO - Setting next_dagrun for police_data_ingestion to 2025-11-01 00:00:00+00:00, run_after=2025-12-01 00:00:00+00:00
[2025-10-29T20:46:21.817+0000] {processor.py:183} INFO - Processing /opt/airflow/dags/data_ingestion.py took 0.660 seconds
