[2025-10-29T15:15:57.939+0000] {processor.py:161} INFO - Started process (PID=185) to work on /opt/airflow/dags/etl_clickhouse.py
[2025-10-29T15:15:57.943+0000] {processor.py:830} INFO - Processing file /opt/airflow/dags/etl_clickhouse.py for tasks to queue
[2025-10-29T15:15:57.948+0000] {logging_mixin.py:188} INFO - [2025-10-29T15:15:57.947+0000] {dagbag.py:545} INFO - Filling up the DagBag from /opt/airflow/dags/etl_clickhouse.py
[2025-10-29T15:16:00.529+0000] {processor.py:840} INFO - DAG(s) 'move_data_to_clickhouse' retrieved from /opt/airflow/dags/etl_clickhouse.py
[2025-10-29T15:16:01.233+0000] {logging_mixin.py:188} INFO - [2025-10-29T15:16:01.232+0000] {override.py:1829} INFO - Created Permission View: can read on DAG:move_data_to_clickhouse
[2025-10-29T15:16:01.250+0000] {logging_mixin.py:188} INFO - [2025-10-29T15:16:01.250+0000] {override.py:1829} INFO - Created Permission View: can edit on DAG:move_data_to_clickhouse
[2025-10-29T15:16:01.263+0000] {logging_mixin.py:188} INFO - [2025-10-29T15:16:01.263+0000] {override.py:1829} INFO - Created Permission View: can delete on DAG:move_data_to_clickhouse
[2025-10-29T15:16:01.265+0000] {logging_mixin.py:188} INFO - [2025-10-29T15:16:01.264+0000] {dag.py:3096} INFO - Sync 1 DAGs
[2025-10-29T15:16:01.283+0000] {logging_mixin.py:188} INFO - [2025-10-29T15:16:01.282+0000] {dag.py:3118} INFO - Creating ORM DAG for move_data_to_clickhouse
[2025-10-29T15:16:01.285+0000] {logging_mixin.py:188} INFO - [2025-10-29T15:16:01.284+0000] {dag.py:3954} INFO - Setting next_dagrun for move_data_to_clickhouse to None, run_after=None
[2025-10-29T15:16:01.319+0000] {processor.py:183} INFO - Processing /opt/airflow/dags/etl_clickhouse.py took 3.397 seconds
[2025-10-29T15:16:31.726+0000] {processor.py:161} INFO - Started process (PID=197) to work on /opt/airflow/dags/etl_clickhouse.py
[2025-10-29T15:16:31.728+0000] {processor.py:830} INFO - Processing file /opt/airflow/dags/etl_clickhouse.py for tasks to queue
[2025-10-29T15:16:31.731+0000] {logging_mixin.py:188} INFO - [2025-10-29T15:16:31.730+0000] {dagbag.py:545} INFO - Filling up the DagBag from /opt/airflow/dags/etl_clickhouse.py
[2025-10-29T15:16:32.223+0000] {processor.py:840} INFO - DAG(s) 'move_data_to_clickhouse' retrieved from /opt/airflow/dags/etl_clickhouse.py
[2025-10-29T15:16:32.261+0000] {logging_mixin.py:188} INFO - [2025-10-29T15:16:32.261+0000] {dag.py:3096} INFO - Sync 1 DAGs
[2025-10-29T15:16:32.279+0000] {logging_mixin.py:188} INFO - [2025-10-29T15:16:32.278+0000] {dag.py:3954} INFO - Setting next_dagrun for move_data_to_clickhouse to None, run_after=None
[2025-10-29T15:16:32.305+0000] {processor.py:183} INFO - Processing /opt/airflow/dags/etl_clickhouse.py took 0.589 seconds
[2025-10-29T15:17:02.841+0000] {processor.py:161} INFO - Started process (PID=209) to work on /opt/airflow/dags/etl_clickhouse.py
[2025-10-29T15:17:02.842+0000] {processor.py:830} INFO - Processing file /opt/airflow/dags/etl_clickhouse.py for tasks to queue
[2025-10-29T15:17:02.845+0000] {logging_mixin.py:188} INFO - [2025-10-29T15:17:02.844+0000] {dagbag.py:545} INFO - Filling up the DagBag from /opt/airflow/dags/etl_clickhouse.py
[2025-10-29T15:17:03.323+0000] {processor.py:840} INFO - DAG(s) 'move_data_to_clickhouse' retrieved from /opt/airflow/dags/etl_clickhouse.py
[2025-10-29T15:17:03.360+0000] {logging_mixin.py:188} INFO - [2025-10-29T15:17:03.360+0000] {dag.py:3096} INFO - Sync 1 DAGs
[2025-10-29T15:17:03.376+0000] {logging_mixin.py:188} INFO - [2025-10-29T15:17:03.376+0000] {dag.py:3954} INFO - Setting next_dagrun for move_data_to_clickhouse to None, run_after=None
[2025-10-29T15:17:03.401+0000] {processor.py:183} INFO - Processing /opt/airflow/dags/etl_clickhouse.py took 0.568 seconds
[2025-10-29T15:17:33.837+0000] {processor.py:161} INFO - Started process (PID=221) to work on /opt/airflow/dags/etl_clickhouse.py
[2025-10-29T15:17:33.838+0000] {processor.py:830} INFO - Processing file /opt/airflow/dags/etl_clickhouse.py for tasks to queue
[2025-10-29T15:17:33.841+0000] {logging_mixin.py:188} INFO - [2025-10-29T15:17:33.840+0000] {dagbag.py:545} INFO - Filling up the DagBag from /opt/airflow/dags/etl_clickhouse.py
[2025-10-29T15:17:34.319+0000] {processor.py:840} INFO - DAG(s) 'move_data_to_clickhouse' retrieved from /opt/airflow/dags/etl_clickhouse.py
[2025-10-29T15:17:34.357+0000] {logging_mixin.py:188} INFO - [2025-10-29T15:17:34.357+0000] {dag.py:3096} INFO - Sync 1 DAGs
[2025-10-29T15:17:34.374+0000] {logging_mixin.py:188} INFO - [2025-10-29T15:17:34.374+0000] {dag.py:3954} INFO - Setting next_dagrun for move_data_to_clickhouse to None, run_after=None
[2025-10-29T15:17:34.552+0000] {processor.py:183} INFO - Processing /opt/airflow/dags/etl_clickhouse.py took 0.723 seconds
[2025-10-29T15:18:04.886+0000] {processor.py:161} INFO - Started process (PID=233) to work on /opt/airflow/dags/etl_clickhouse.py
[2025-10-29T15:18:04.887+0000] {processor.py:830} INFO - Processing file /opt/airflow/dags/etl_clickhouse.py for tasks to queue
[2025-10-29T15:18:04.889+0000] {logging_mixin.py:188} INFO - [2025-10-29T15:18:04.889+0000] {dagbag.py:545} INFO - Filling up the DagBag from /opt/airflow/dags/etl_clickhouse.py
[2025-10-29T15:18:05.358+0000] {processor.py:840} INFO - DAG(s) 'move_data_to_clickhouse' retrieved from /opt/airflow/dags/etl_clickhouse.py
[2025-10-29T15:18:05.396+0000] {logging_mixin.py:188} INFO - [2025-10-29T15:18:05.395+0000] {dag.py:3096} INFO - Sync 1 DAGs
[2025-10-29T15:18:05.618+0000] {logging_mixin.py:188} INFO - [2025-10-29T15:18:05.618+0000] {dag.py:3954} INFO - Setting next_dagrun for move_data_to_clickhouse to None, run_after=None
[2025-10-29T15:18:05.643+0000] {processor.py:183} INFO - Processing /opt/airflow/dags/etl_clickhouse.py took 0.765 seconds
[2025-10-29T15:18:36.153+0000] {processor.py:161} INFO - Started process (PID=245) to work on /opt/airflow/dags/etl_clickhouse.py
[2025-10-29T15:18:36.154+0000] {processor.py:830} INFO - Processing file /opt/airflow/dags/etl_clickhouse.py for tasks to queue
[2025-10-29T15:18:36.157+0000] {logging_mixin.py:188} INFO - [2025-10-29T15:18:36.156+0000] {dagbag.py:545} INFO - Filling up the DagBag from /opt/airflow/dags/etl_clickhouse.py
[2025-10-29T15:18:36.670+0000] {processor.py:840} INFO - DAG(s) 'move_data_to_clickhouse' retrieved from /opt/airflow/dags/etl_clickhouse.py
[2025-10-29T15:18:36.920+0000] {logging_mixin.py:188} INFO - [2025-10-29T15:18:36.919+0000] {dag.py:3096} INFO - Sync 1 DAGs
[2025-10-29T15:18:36.935+0000] {logging_mixin.py:188} INFO - [2025-10-29T15:18:36.934+0000] {dag.py:3954} INFO - Setting next_dagrun for move_data_to_clickhouse to None, run_after=None
[2025-10-29T15:18:36.960+0000] {processor.py:183} INFO - Processing /opt/airflow/dags/etl_clickhouse.py took 0.816 seconds
[2025-10-29T15:19:07.438+0000] {processor.py:161} INFO - Started process (PID=257) to work on /opt/airflow/dags/etl_clickhouse.py
[2025-10-29T15:19:07.439+0000] {processor.py:830} INFO - Processing file /opt/airflow/dags/etl_clickhouse.py for tasks to queue
[2025-10-29T15:19:07.442+0000] {logging_mixin.py:188} INFO - [2025-10-29T15:19:07.441+0000] {dagbag.py:545} INFO - Filling up the DagBag from /opt/airflow/dags/etl_clickhouse.py
[2025-10-29T15:19:07.919+0000] {processor.py:840} INFO - DAG(s) 'move_data_to_clickhouse' retrieved from /opt/airflow/dags/etl_clickhouse.py
[2025-10-29T15:19:07.958+0000] {logging_mixin.py:188} INFO - [2025-10-29T15:19:07.957+0000] {dag.py:3096} INFO - Sync 1 DAGs
[2025-10-29T15:19:07.973+0000] {logging_mixin.py:188} INFO - [2025-10-29T15:19:07.972+0000] {dag.py:3954} INFO - Setting next_dagrun for move_data_to_clickhouse to None, run_after=None
[2025-10-29T15:19:07.997+0000] {processor.py:183} INFO - Processing /opt/airflow/dags/etl_clickhouse.py took 0.567 seconds
[2025-10-29T15:19:38.369+0000] {processor.py:161} INFO - Started process (PID=269) to work on /opt/airflow/dags/etl_clickhouse.py
[2025-10-29T15:19:38.370+0000] {processor.py:830} INFO - Processing file /opt/airflow/dags/etl_clickhouse.py for tasks to queue
[2025-10-29T15:19:38.372+0000] {logging_mixin.py:188} INFO - [2025-10-29T15:19:38.372+0000] {dagbag.py:545} INFO - Filling up the DagBag from /opt/airflow/dags/etl_clickhouse.py
[2025-10-29T15:19:38.921+0000] {processor.py:840} INFO - DAG(s) 'move_data_to_clickhouse' retrieved from /opt/airflow/dags/etl_clickhouse.py
[2025-10-29T15:19:38.983+0000] {logging_mixin.py:188} INFO - [2025-10-29T15:19:38.983+0000] {dag.py:3096} INFO - Sync 1 DAGs
[2025-10-29T15:19:39.014+0000] {logging_mixin.py:188} INFO - [2025-10-29T15:19:39.013+0000] {dag.py:3954} INFO - Setting next_dagrun for move_data_to_clickhouse to None, run_after=None
[2025-10-29T15:19:39.050+0000] {processor.py:183} INFO - Processing /opt/airflow/dags/etl_clickhouse.py took 0.690 seconds
[2025-10-29T15:20:09.467+0000] {processor.py:161} INFO - Started process (PID=281) to work on /opt/airflow/dags/etl_clickhouse.py
[2025-10-29T15:20:09.468+0000] {processor.py:830} INFO - Processing file /opt/airflow/dags/etl_clickhouse.py for tasks to queue
[2025-10-29T15:20:09.470+0000] {logging_mixin.py:188} INFO - [2025-10-29T15:20:09.470+0000] {dagbag.py:545} INFO - Filling up the DagBag from /opt/airflow/dags/etl_clickhouse.py
[2025-10-29T15:20:10.068+0000] {processor.py:840} INFO - DAG(s) 'move_data_to_clickhouse' retrieved from /opt/airflow/dags/etl_clickhouse.py
[2025-10-29T15:20:10.126+0000] {logging_mixin.py:188} INFO - [2025-10-29T15:20:10.125+0000] {dag.py:3096} INFO - Sync 1 DAGs
[2025-10-29T15:20:10.387+0000] {logging_mixin.py:188} INFO - [2025-10-29T15:20:10.387+0000] {dag.py:3954} INFO - Setting next_dagrun for move_data_to_clickhouse to None, run_after=None
[2025-10-29T15:20:10.418+0000] {processor.py:183} INFO - Processing /opt/airflow/dags/etl_clickhouse.py took 0.960 seconds
[2025-10-29T15:20:40.920+0000] {processor.py:161} INFO - Started process (PID=293) to work on /opt/airflow/dags/etl_clickhouse.py
[2025-10-29T15:20:40.921+0000] {processor.py:830} INFO - Processing file /opt/airflow/dags/etl_clickhouse.py for tasks to queue
[2025-10-29T15:20:40.924+0000] {logging_mixin.py:188} INFO - [2025-10-29T15:20:40.923+0000] {dagbag.py:545} INFO - Filling up the DagBag from /opt/airflow/dags/etl_clickhouse.py
[2025-10-29T15:20:41.424+0000] {processor.py:840} INFO - DAG(s) 'move_data_to_clickhouse' retrieved from /opt/airflow/dags/etl_clickhouse.py
[2025-10-29T15:20:41.684+0000] {logging_mixin.py:188} INFO - [2025-10-29T15:20:41.683+0000] {dag.py:3096} INFO - Sync 1 DAGs
[2025-10-29T15:20:41.700+0000] {logging_mixin.py:188} INFO - [2025-10-29T15:20:41.699+0000] {dag.py:3954} INFO - Setting next_dagrun for move_data_to_clickhouse to None, run_after=None
[2025-10-29T15:20:41.723+0000] {processor.py:183} INFO - Processing /opt/airflow/dags/etl_clickhouse.py took 0.812 seconds
[2025-10-29T15:21:12.263+0000] {processor.py:161} INFO - Started process (PID=305) to work on /opt/airflow/dags/etl_clickhouse.py
[2025-10-29T15:21:12.264+0000] {processor.py:830} INFO - Processing file /opt/airflow/dags/etl_clickhouse.py for tasks to queue
[2025-10-29T15:21:12.267+0000] {logging_mixin.py:188} INFO - [2025-10-29T15:21:12.266+0000] {dagbag.py:545} INFO - Filling up the DagBag from /opt/airflow/dags/etl_clickhouse.py
[2025-10-29T15:21:12.775+0000] {processor.py:840} INFO - DAG(s) 'move_data_to_clickhouse' retrieved from /opt/airflow/dags/etl_clickhouse.py
[2025-10-29T15:21:12.816+0000] {logging_mixin.py:188} INFO - [2025-10-29T15:21:12.816+0000] {dag.py:3096} INFO - Sync 1 DAGs
[2025-10-29T15:21:12.833+0000] {logging_mixin.py:188} INFO - [2025-10-29T15:21:12.833+0000] {dag.py:3954} INFO - Setting next_dagrun for move_data_to_clickhouse to None, run_after=None
[2025-10-29T15:21:12.861+0000] {processor.py:183} INFO - Processing /opt/airflow/dags/etl_clickhouse.py took 0.606 seconds
[2025-10-29T15:21:43.346+0000] {processor.py:161} INFO - Started process (PID=317) to work on /opt/airflow/dags/etl_clickhouse.py
[2025-10-29T15:21:43.348+0000] {processor.py:830} INFO - Processing file /opt/airflow/dags/etl_clickhouse.py for tasks to queue
[2025-10-29T15:21:43.350+0000] {logging_mixin.py:188} INFO - [2025-10-29T15:21:43.350+0000] {dagbag.py:545} INFO - Filling up the DagBag from /opt/airflow/dags/etl_clickhouse.py
[2025-10-29T15:21:43.833+0000] {processor.py:840} INFO - DAG(s) 'move_data_to_clickhouse' retrieved from /opt/airflow/dags/etl_clickhouse.py
[2025-10-29T15:21:43.871+0000] {logging_mixin.py:188} INFO - [2025-10-29T15:21:43.871+0000] {dag.py:3096} INFO - Sync 1 DAGs
[2025-10-29T15:21:43.887+0000] {logging_mixin.py:188} INFO - [2025-10-29T15:21:43.887+0000] {dag.py:3954} INFO - Setting next_dagrun for move_data_to_clickhouse to None, run_after=None
[2025-10-29T15:21:43.917+0000] {processor.py:183} INFO - Processing /opt/airflow/dags/etl_clickhouse.py took 0.581 seconds
[2025-10-29T15:22:14.304+0000] {processor.py:161} INFO - Started process (PID=329) to work on /opt/airflow/dags/etl_clickhouse.py
[2025-10-29T15:22:14.306+0000] {processor.py:830} INFO - Processing file /opt/airflow/dags/etl_clickhouse.py for tasks to queue
[2025-10-29T15:22:14.311+0000] {logging_mixin.py:188} INFO - [2025-10-29T15:22:14.310+0000] {dagbag.py:545} INFO - Filling up the DagBag from /opt/airflow/dags/etl_clickhouse.py
[2025-10-29T15:22:14.891+0000] {processor.py:840} INFO - DAG(s) 'move_data_to_clickhouse' retrieved from /opt/airflow/dags/etl_clickhouse.py
[2025-10-29T15:22:14.927+0000] {logging_mixin.py:188} INFO - [2025-10-29T15:22:14.927+0000] {dag.py:3096} INFO - Sync 1 DAGs
[2025-10-29T15:22:14.946+0000] {logging_mixin.py:188} INFO - [2025-10-29T15:22:14.945+0000] {dag.py:3954} INFO - Setting next_dagrun for move_data_to_clickhouse to None, run_after=None
[2025-10-29T15:22:15.135+0000] {processor.py:183} INFO - Processing /opt/airflow/dags/etl_clickhouse.py took 0.845 seconds
[2025-10-29T15:22:45.363+0000] {processor.py:161} INFO - Started process (PID=341) to work on /opt/airflow/dags/etl_clickhouse.py
[2025-10-29T15:22:45.365+0000] {processor.py:830} INFO - Processing file /opt/airflow/dags/etl_clickhouse.py for tasks to queue
[2025-10-29T15:22:45.367+0000] {logging_mixin.py:188} INFO - [2025-10-29T15:22:45.367+0000] {dagbag.py:545} INFO - Filling up the DagBag from /opt/airflow/dags/etl_clickhouse.py
[2025-10-29T15:22:45.915+0000] {processor.py:840} INFO - DAG(s) 'move_data_to_clickhouse' retrieved from /opt/airflow/dags/etl_clickhouse.py
[2025-10-29T15:22:45.957+0000] {logging_mixin.py:188} INFO - [2025-10-29T15:22:45.956+0000] {dag.py:3096} INFO - Sync 1 DAGs
[2025-10-29T15:22:46.211+0000] {logging_mixin.py:188} INFO - [2025-10-29T15:22:46.210+0000] {dag.py:3954} INFO - Setting next_dagrun for move_data_to_clickhouse to None, run_after=None
[2025-10-29T15:22:46.240+0000] {processor.py:183} INFO - Processing /opt/airflow/dags/etl_clickhouse.py took 0.888 seconds
[2025-10-29T15:23:16.659+0000] {processor.py:161} INFO - Started process (PID=353) to work on /opt/airflow/dags/etl_clickhouse.py
[2025-10-29T15:23:16.661+0000] {processor.py:830} INFO - Processing file /opt/airflow/dags/etl_clickhouse.py for tasks to queue
[2025-10-29T15:23:16.663+0000] {logging_mixin.py:188} INFO - [2025-10-29T15:23:16.663+0000] {dagbag.py:545} INFO - Filling up the DagBag from /opt/airflow/dags/etl_clickhouse.py
[2025-10-29T15:23:17.307+0000] {processor.py:840} INFO - DAG(s) 'move_data_to_clickhouse' retrieved from /opt/airflow/dags/etl_clickhouse.py
[2025-10-29T15:23:17.582+0000] {logging_mixin.py:188} INFO - [2025-10-29T15:23:17.582+0000] {dag.py:3096} INFO - Sync 1 DAGs
[2025-10-29T15:23:17.600+0000] {logging_mixin.py:188} INFO - [2025-10-29T15:23:17.599+0000] {dag.py:3954} INFO - Setting next_dagrun for move_data_to_clickhouse to None, run_after=None
[2025-10-29T15:23:17.622+0000] {processor.py:183} INFO - Processing /opt/airflow/dags/etl_clickhouse.py took 0.973 seconds
[2025-10-29T15:23:48.078+0000] {processor.py:161} INFO - Started process (PID=365) to work on /opt/airflow/dags/etl_clickhouse.py
[2025-10-29T15:23:48.080+0000] {processor.py:830} INFO - Processing file /opt/airflow/dags/etl_clickhouse.py for tasks to queue
[2025-10-29T15:23:48.082+0000] {logging_mixin.py:188} INFO - [2025-10-29T15:23:48.082+0000] {dagbag.py:545} INFO - Filling up the DagBag from /opt/airflow/dags/etl_clickhouse.py
[2025-10-29T15:23:48.545+0000] {processor.py:840} INFO - DAG(s) 'move_data_to_clickhouse' retrieved from /opt/airflow/dags/etl_clickhouse.py
[2025-10-29T15:23:48.584+0000] {logging_mixin.py:188} INFO - [2025-10-29T15:23:48.583+0000] {dag.py:3096} INFO - Sync 1 DAGs
[2025-10-29T15:23:48.600+0000] {logging_mixin.py:188} INFO - [2025-10-29T15:23:48.600+0000] {dag.py:3954} INFO - Setting next_dagrun for move_data_to_clickhouse to None, run_after=None
[2025-10-29T15:23:48.623+0000] {processor.py:183} INFO - Processing /opt/airflow/dags/etl_clickhouse.py took 0.553 seconds
[2025-10-29T15:24:19.083+0000] {processor.py:161} INFO - Started process (PID=377) to work on /opt/airflow/dags/etl_clickhouse.py
[2025-10-29T15:24:19.085+0000] {processor.py:830} INFO - Processing file /opt/airflow/dags/etl_clickhouse.py for tasks to queue
[2025-10-29T15:24:19.087+0000] {logging_mixin.py:188} INFO - [2025-10-29T15:24:19.087+0000] {dagbag.py:545} INFO - Filling up the DagBag from /opt/airflow/dags/etl_clickhouse.py
[2025-10-29T15:24:19.531+0000] {processor.py:840} INFO - DAG(s) 'move_data_to_clickhouse' retrieved from /opt/airflow/dags/etl_clickhouse.py
[2025-10-29T15:24:19.569+0000] {logging_mixin.py:188} INFO - [2025-10-29T15:24:19.568+0000] {dag.py:3096} INFO - Sync 1 DAGs
[2025-10-29T15:24:19.585+0000] {logging_mixin.py:188} INFO - [2025-10-29T15:24:19.584+0000] {dag.py:3954} INFO - Setting next_dagrun for move_data_to_clickhouse to None, run_after=None
[2025-10-29T15:24:19.766+0000] {processor.py:183} INFO - Processing /opt/airflow/dags/etl_clickhouse.py took 0.693 seconds
[2025-10-29T15:24:50.116+0000] {processor.py:161} INFO - Started process (PID=389) to work on /opt/airflow/dags/etl_clickhouse.py
[2025-10-29T15:24:50.118+0000] {processor.py:830} INFO - Processing file /opt/airflow/dags/etl_clickhouse.py for tasks to queue
[2025-10-29T15:24:50.121+0000] {logging_mixin.py:188} INFO - [2025-10-29T15:24:50.120+0000] {dagbag.py:545} INFO - Filling up the DagBag from /opt/airflow/dags/etl_clickhouse.py
[2025-10-29T15:24:50.692+0000] {processor.py:840} INFO - DAG(s) 'move_data_to_clickhouse' retrieved from /opt/airflow/dags/etl_clickhouse.py
[2025-10-29T15:24:50.731+0000] {logging_mixin.py:188} INFO - [2025-10-29T15:24:50.731+0000] {dag.py:3096} INFO - Sync 1 DAGs
[2025-10-29T15:24:50.996+0000] {logging_mixin.py:188} INFO - [2025-10-29T15:24:50.996+0000] {dag.py:3954} INFO - Setting next_dagrun for move_data_to_clickhouse to None, run_after=None
[2025-10-29T15:24:51.031+0000] {processor.py:183} INFO - Processing /opt/airflow/dags/etl_clickhouse.py took 0.927 seconds
[2025-10-29T15:25:21.465+0000] {processor.py:161} INFO - Started process (PID=401) to work on /opt/airflow/dags/etl_clickhouse.py
[2025-10-29T15:25:21.466+0000] {processor.py:830} INFO - Processing file /opt/airflow/dags/etl_clickhouse.py for tasks to queue
[2025-10-29T15:25:21.470+0000] {logging_mixin.py:188} INFO - [2025-10-29T15:25:21.469+0000] {dagbag.py:545} INFO - Filling up the DagBag from /opt/airflow/dags/etl_clickhouse.py
[2025-10-29T15:25:21.951+0000] {processor.py:840} INFO - DAG(s) 'move_data_to_clickhouse' retrieved from /opt/airflow/dags/etl_clickhouse.py
[2025-10-29T15:25:22.210+0000] {logging_mixin.py:188} INFO - [2025-10-29T15:25:22.210+0000] {dag.py:3096} INFO - Sync 1 DAGs
[2025-10-29T15:25:22.227+0000] {logging_mixin.py:188} INFO - [2025-10-29T15:25:22.226+0000] {dag.py:3954} INFO - Setting next_dagrun for move_data_to_clickhouse to None, run_after=None
[2025-10-29T15:25:22.250+0000] {processor.py:183} INFO - Processing /opt/airflow/dags/etl_clickhouse.py took 0.799 seconds
[2025-10-29T15:25:52.689+0000] {processor.py:161} INFO - Started process (PID=413) to work on /opt/airflow/dags/etl_clickhouse.py
[2025-10-29T15:25:52.691+0000] {processor.py:830} INFO - Processing file /opt/airflow/dags/etl_clickhouse.py for tasks to queue
[2025-10-29T15:25:52.693+0000] {logging_mixin.py:188} INFO - [2025-10-29T15:25:52.693+0000] {dagbag.py:545} INFO - Filling up the DagBag from /opt/airflow/dags/etl_clickhouse.py
[2025-10-29T15:25:53.429+0000] {processor.py:840} INFO - DAG(s) 'move_data_to_clickhouse' retrieved from /opt/airflow/dags/etl_clickhouse.py
[2025-10-29T15:25:53.473+0000] {logging_mixin.py:188} INFO - [2025-10-29T15:25:53.473+0000] {dag.py:3096} INFO - Sync 1 DAGs
[2025-10-29T15:25:53.489+0000] {logging_mixin.py:188} INFO - [2025-10-29T15:25:53.489+0000] {dag.py:3954} INFO - Setting next_dagrun for move_data_to_clickhouse to None, run_after=None
[2025-10-29T15:25:53.515+0000] {processor.py:183} INFO - Processing /opt/airflow/dags/etl_clickhouse.py took 0.835 seconds
[2025-10-29T15:26:24.062+0000] {processor.py:161} INFO - Started process (PID=425) to work on /opt/airflow/dags/etl_clickhouse.py
[2025-10-29T15:26:24.064+0000] {processor.py:830} INFO - Processing file /opt/airflow/dags/etl_clickhouse.py for tasks to queue
[2025-10-29T15:26:24.067+0000] {logging_mixin.py:188} INFO - [2025-10-29T15:26:24.066+0000] {dagbag.py:545} INFO - Filling up the DagBag from /opt/airflow/dags/etl_clickhouse.py
[2025-10-29T15:26:24.586+0000] {processor.py:840} INFO - DAG(s) 'move_data_to_clickhouse' retrieved from /opt/airflow/dags/etl_clickhouse.py
[2025-10-29T15:26:24.622+0000] {logging_mixin.py:188} INFO - [2025-10-29T15:26:24.622+0000] {dag.py:3096} INFO - Sync 1 DAGs
[2025-10-29T15:26:24.637+0000] {logging_mixin.py:188} INFO - [2025-10-29T15:26:24.637+0000] {dag.py:3954} INFO - Setting next_dagrun for move_data_to_clickhouse to None, run_after=None
[2025-10-29T15:26:24.665+0000] {processor.py:183} INFO - Processing /opt/airflow/dags/etl_clickhouse.py took 0.612 seconds
[2025-10-29T15:26:55.069+0000] {processor.py:161} INFO - Started process (PID=437) to work on /opt/airflow/dags/etl_clickhouse.py
[2025-10-29T15:26:55.070+0000] {processor.py:830} INFO - Processing file /opt/airflow/dags/etl_clickhouse.py for tasks to queue
[2025-10-29T15:26:55.073+0000] {logging_mixin.py:188} INFO - [2025-10-29T15:26:55.072+0000] {dagbag.py:545} INFO - Filling up the DagBag from /opt/airflow/dags/etl_clickhouse.py
[2025-10-29T15:26:55.509+0000] {processor.py:840} INFO - DAG(s) 'move_data_to_clickhouse' retrieved from /opt/airflow/dags/etl_clickhouse.py
[2025-10-29T15:26:55.544+0000] {logging_mixin.py:188} INFO - [2025-10-29T15:26:55.544+0000] {dag.py:3096} INFO - Sync 1 DAGs
[2025-10-29T15:26:55.746+0000] {logging_mixin.py:188} INFO - [2025-10-29T15:26:55.746+0000] {dag.py:3954} INFO - Setting next_dagrun for move_data_to_clickhouse to None, run_after=None
[2025-10-29T15:26:55.775+0000] {processor.py:183} INFO - Processing /opt/airflow/dags/etl_clickhouse.py took 0.716 seconds
[2025-10-29T15:27:26.030+0000] {processor.py:161} INFO - Started process (PID=449) to work on /opt/airflow/dags/etl_clickhouse.py
[2025-10-29T15:27:26.032+0000] {processor.py:830} INFO - Processing file /opt/airflow/dags/etl_clickhouse.py for tasks to queue
[2025-10-29T15:27:26.036+0000] {logging_mixin.py:188} INFO - [2025-10-29T15:27:26.035+0000] {dagbag.py:545} INFO - Filling up the DagBag from /opt/airflow/dags/etl_clickhouse.py
[2025-10-29T15:27:26.715+0000] {processor.py:840} INFO - DAG(s) 'move_data_to_clickhouse' retrieved from /opt/airflow/dags/etl_clickhouse.py
[2025-10-29T15:27:27.055+0000] {logging_mixin.py:188} INFO - [2025-10-29T15:27:27.054+0000] {dag.py:3096} INFO - Sync 1 DAGs
[2025-10-29T15:27:27.073+0000] {logging_mixin.py:188} INFO - [2025-10-29T15:27:27.072+0000] {dag.py:3954} INFO - Setting next_dagrun for move_data_to_clickhouse to None, run_after=None
[2025-10-29T15:27:27.105+0000] {processor.py:183} INFO - Processing /opt/airflow/dags/etl_clickhouse.py took 1.084 seconds
[2025-10-29T15:27:57.512+0000] {processor.py:161} INFO - Started process (PID=461) to work on /opt/airflow/dags/etl_clickhouse.py
[2025-10-29T15:27:57.514+0000] {processor.py:830} INFO - Processing file /opt/airflow/dags/etl_clickhouse.py for tasks to queue
[2025-10-29T15:27:57.517+0000] {logging_mixin.py:188} INFO - [2025-10-29T15:27:57.517+0000] {dagbag.py:545} INFO - Filling up the DagBag from /opt/airflow/dags/etl_clickhouse.py
[2025-10-29T15:27:58.262+0000] {processor.py:840} INFO - DAG(s) 'move_data_to_clickhouse' retrieved from /opt/airflow/dags/etl_clickhouse.py
[2025-10-29T15:27:58.298+0000] {logging_mixin.py:188} INFO - [2025-10-29T15:27:58.298+0000] {dag.py:3096} INFO - Sync 1 DAGs
[2025-10-29T15:27:58.312+0000] {logging_mixin.py:188} INFO - [2025-10-29T15:27:58.312+0000] {dag.py:3954} INFO - Setting next_dagrun for move_data_to_clickhouse to None, run_after=None
[2025-10-29T15:27:58.338+0000] {processor.py:183} INFO - Processing /opt/airflow/dags/etl_clickhouse.py took 0.837 seconds
[2025-10-29T15:28:28.760+0000] {processor.py:161} INFO - Started process (PID=473) to work on /opt/airflow/dags/etl_clickhouse.py
[2025-10-29T15:28:28.761+0000] {processor.py:830} INFO - Processing file /opt/airflow/dags/etl_clickhouse.py for tasks to queue
[2025-10-29T15:28:28.764+0000] {logging_mixin.py:188} INFO - [2025-10-29T15:28:28.763+0000] {dagbag.py:545} INFO - Filling up the DagBag from /opt/airflow/dags/etl_clickhouse.py
[2025-10-29T15:28:29.261+0000] {processor.py:840} INFO - DAG(s) 'move_data_to_clickhouse' retrieved from /opt/airflow/dags/etl_clickhouse.py
[2025-10-29T15:28:29.301+0000] {logging_mixin.py:188} INFO - [2025-10-29T15:28:29.301+0000] {dag.py:3096} INFO - Sync 1 DAGs
[2025-10-29T15:28:29.317+0000] {logging_mixin.py:188} INFO - [2025-10-29T15:28:29.317+0000] {dag.py:3954} INFO - Setting next_dagrun for move_data_to_clickhouse to None, run_after=None
[2025-10-29T15:28:29.351+0000] {processor.py:183} INFO - Processing /opt/airflow/dags/etl_clickhouse.py took 0.602 seconds
[2025-10-29T15:28:59.892+0000] {processor.py:161} INFO - Started process (PID=485) to work on /opt/airflow/dags/etl_clickhouse.py
[2025-10-29T15:28:59.894+0000] {processor.py:830} INFO - Processing file /opt/airflow/dags/etl_clickhouse.py for tasks to queue
[2025-10-29T15:28:59.896+0000] {logging_mixin.py:188} INFO - [2025-10-29T15:28:59.896+0000] {dagbag.py:545} INFO - Filling up the DagBag from /opt/airflow/dags/etl_clickhouse.py
[2025-10-29T15:29:00.349+0000] {processor.py:840} INFO - DAG(s) 'move_data_to_clickhouse' retrieved from /opt/airflow/dags/etl_clickhouse.py
[2025-10-29T15:29:00.383+0000] {logging_mixin.py:188} INFO - [2025-10-29T15:29:00.382+0000] {dag.py:3096} INFO - Sync 1 DAGs
[2025-10-29T15:29:00.554+0000] {logging_mixin.py:188} INFO - [2025-10-29T15:29:00.553+0000] {dag.py:3954} INFO - Setting next_dagrun for move_data_to_clickhouse to None, run_after=None
[2025-10-29T15:29:00.580+0000] {processor.py:183} INFO - Processing /opt/airflow/dags/etl_clickhouse.py took 0.697 seconds
[2025-10-29T15:29:30.933+0000] {processor.py:161} INFO - Started process (PID=497) to work on /opt/airflow/dags/etl_clickhouse.py
[2025-10-29T15:29:30.935+0000] {processor.py:830} INFO - Processing file /opt/airflow/dags/etl_clickhouse.py for tasks to queue
[2025-10-29T15:29:30.937+0000] {logging_mixin.py:188} INFO - [2025-10-29T15:29:30.937+0000] {dagbag.py:545} INFO - Filling up the DagBag from /opt/airflow/dags/etl_clickhouse.py
[2025-10-29T15:29:31.412+0000] {processor.py:840} INFO - DAG(s) 'move_data_to_clickhouse' retrieved from /opt/airflow/dags/etl_clickhouse.py
[2025-10-29T15:29:31.452+0000] {logging_mixin.py:188} INFO - [2025-10-29T15:29:31.451+0000] {dag.py:3096} INFO - Sync 1 DAGs
[2025-10-29T15:29:31.689+0000] {logging_mixin.py:188} INFO - [2025-10-29T15:29:31.689+0000] {dag.py:3954} INFO - Setting next_dagrun for move_data_to_clickhouse to None, run_after=None
[2025-10-29T15:29:31.716+0000] {processor.py:183} INFO - Processing /opt/airflow/dags/etl_clickhouse.py took 0.790 seconds
[2025-10-29T15:30:02.260+0000] {processor.py:161} INFO - Started process (PID=509) to work on /opt/airflow/dags/etl_clickhouse.py
[2025-10-29T15:30:02.262+0000] {processor.py:830} INFO - Processing file /opt/airflow/dags/etl_clickhouse.py for tasks to queue
[2025-10-29T15:30:02.267+0000] {logging_mixin.py:188} INFO - [2025-10-29T15:30:02.266+0000] {dagbag.py:545} INFO - Filling up the DagBag from /opt/airflow/dags/etl_clickhouse.py
[2025-10-29T15:30:02.828+0000] {processor.py:840} INFO - DAG(s) 'move_data_to_clickhouse' retrieved from /opt/airflow/dags/etl_clickhouse.py
[2025-10-29T15:30:03.120+0000] {logging_mixin.py:188} INFO - [2025-10-29T15:30:03.119+0000] {dag.py:3096} INFO - Sync 1 DAGs
[2025-10-29T15:30:03.135+0000] {logging_mixin.py:188} INFO - [2025-10-29T15:30:03.135+0000] {dag.py:3954} INFO - Setting next_dagrun for move_data_to_clickhouse to None, run_after=None
[2025-10-29T15:30:03.158+0000] {processor.py:183} INFO - Processing /opt/airflow/dags/etl_clickhouse.py took 0.911 seconds
[2025-10-29T15:30:33.608+0000] {processor.py:161} INFO - Started process (PID=521) to work on /opt/airflow/dags/etl_clickhouse.py
[2025-10-29T15:30:33.610+0000] {processor.py:830} INFO - Processing file /opt/airflow/dags/etl_clickhouse.py for tasks to queue
[2025-10-29T15:30:33.612+0000] {logging_mixin.py:188} INFO - [2025-10-29T15:30:33.612+0000] {dagbag.py:545} INFO - Filling up the DagBag from /opt/airflow/dags/etl_clickhouse.py
[2025-10-29T15:30:34.108+0000] {processor.py:840} INFO - DAG(s) 'move_data_to_clickhouse' retrieved from /opt/airflow/dags/etl_clickhouse.py
[2025-10-29T15:30:34.150+0000] {logging_mixin.py:188} INFO - [2025-10-29T15:30:34.149+0000] {dag.py:3096} INFO - Sync 1 DAGs
[2025-10-29T15:30:34.167+0000] {logging_mixin.py:188} INFO - [2025-10-29T15:30:34.167+0000] {dag.py:3954} INFO - Setting next_dagrun for move_data_to_clickhouse to None, run_after=None
[2025-10-29T15:30:34.200+0000] {processor.py:183} INFO - Processing /opt/airflow/dags/etl_clickhouse.py took 0.600 seconds
[2025-10-29T15:31:04.673+0000] {processor.py:161} INFO - Started process (PID=533) to work on /opt/airflow/dags/etl_clickhouse.py
[2025-10-29T15:31:04.675+0000] {processor.py:830} INFO - Processing file /opt/airflow/dags/etl_clickhouse.py for tasks to queue
[2025-10-29T15:31:04.677+0000] {logging_mixin.py:188} INFO - [2025-10-29T15:31:04.677+0000] {dagbag.py:545} INFO - Filling up the DagBag from /opt/airflow/dags/etl_clickhouse.py
[2025-10-29T15:31:05.236+0000] {processor.py:840} INFO - DAG(s) 'move_data_to_clickhouse' retrieved from /opt/airflow/dags/etl_clickhouse.py
[2025-10-29T15:31:05.277+0000] {logging_mixin.py:188} INFO - [2025-10-29T15:31:05.277+0000] {dag.py:3096} INFO - Sync 1 DAGs
[2025-10-29T15:31:05.296+0000] {logging_mixin.py:188} INFO - [2025-10-29T15:31:05.296+0000] {dag.py:3954} INFO - Setting next_dagrun for move_data_to_clickhouse to None, run_after=None
[2025-10-29T15:31:05.504+0000] {processor.py:183} INFO - Processing /opt/airflow/dags/etl_clickhouse.py took 0.840 seconds
[2025-10-29T15:31:35.763+0000] {processor.py:161} INFO - Started process (PID=545) to work on /opt/airflow/dags/etl_clickhouse.py
[2025-10-29T15:31:35.764+0000] {processor.py:830} INFO - Processing file /opt/airflow/dags/etl_clickhouse.py for tasks to queue
[2025-10-29T15:31:35.767+0000] {logging_mixin.py:188} INFO - [2025-10-29T15:31:35.766+0000] {dagbag.py:545} INFO - Filling up the DagBag from /opt/airflow/dags/etl_clickhouse.py
[2025-10-29T15:31:36.282+0000] {processor.py:840} INFO - DAG(s) 'move_data_to_clickhouse' retrieved from /opt/airflow/dags/etl_clickhouse.py
[2025-10-29T15:31:36.333+0000] {logging_mixin.py:188} INFO - [2025-10-29T15:31:36.333+0000] {dag.py:3096} INFO - Sync 1 DAGs
[2025-10-29T15:31:36.587+0000] {logging_mixin.py:188} INFO - [2025-10-29T15:31:36.586+0000] {dag.py:3954} INFO - Setting next_dagrun for move_data_to_clickhouse to None, run_after=None
[2025-10-29T15:31:36.635+0000] {processor.py:183} INFO - Processing /opt/airflow/dags/etl_clickhouse.py took 0.881 seconds
[2025-10-29T15:32:07.052+0000] {processor.py:161} INFO - Started process (PID=557) to work on /opt/airflow/dags/etl_clickhouse.py
[2025-10-29T15:32:07.054+0000] {processor.py:830} INFO - Processing file /opt/airflow/dags/etl_clickhouse.py for tasks to queue
[2025-10-29T15:32:07.060+0000] {logging_mixin.py:188} INFO - [2025-10-29T15:32:07.059+0000] {dagbag.py:545} INFO - Filling up the DagBag from /opt/airflow/dags/etl_clickhouse.py
[2025-10-29T15:32:07.513+0000] {processor.py:840} INFO - DAG(s) 'move_data_to_clickhouse' retrieved from /opt/airflow/dags/etl_clickhouse.py
[2025-10-29T15:32:07.779+0000] {logging_mixin.py:188} INFO - [2025-10-29T15:32:07.778+0000] {dag.py:3096} INFO - Sync 1 DAGs
[2025-10-29T15:32:07.794+0000] {logging_mixin.py:188} INFO - [2025-10-29T15:32:07.793+0000] {dag.py:3954} INFO - Setting next_dagrun for move_data_to_clickhouse to None, run_after=None
[2025-10-29T15:32:07.824+0000] {processor.py:183} INFO - Processing /opt/airflow/dags/etl_clickhouse.py took 0.780 seconds
[2025-10-29T15:32:38.210+0000] {processor.py:161} INFO - Started process (PID=569) to work on /opt/airflow/dags/etl_clickhouse.py
[2025-10-29T15:32:38.211+0000] {processor.py:830} INFO - Processing file /opt/airflow/dags/etl_clickhouse.py for tasks to queue
[2025-10-29T15:32:38.215+0000] {logging_mixin.py:188} INFO - [2025-10-29T15:32:38.215+0000] {dagbag.py:545} INFO - Filling up the DagBag from /opt/airflow/dags/etl_clickhouse.py
[2025-10-29T15:32:38.949+0000] {processor.py:840} INFO - DAG(s) 'move_data_to_clickhouse' retrieved from /opt/airflow/dags/etl_clickhouse.py
[2025-10-29T15:32:38.984+0000] {logging_mixin.py:188} INFO - [2025-10-29T15:32:38.983+0000] {dag.py:3096} INFO - Sync 1 DAGs
[2025-10-29T15:32:38.998+0000] {logging_mixin.py:188} INFO - [2025-10-29T15:32:38.998+0000] {dag.py:3954} INFO - Setting next_dagrun for move_data_to_clickhouse to None, run_after=None
[2025-10-29T15:32:39.023+0000] {processor.py:183} INFO - Processing /opt/airflow/dags/etl_clickhouse.py took 0.826 seconds
[2025-10-29T15:33:09.475+0000] {processor.py:161} INFO - Started process (PID=581) to work on /opt/airflow/dags/etl_clickhouse.py
[2025-10-29T15:33:09.476+0000] {processor.py:830} INFO - Processing file /opt/airflow/dags/etl_clickhouse.py for tasks to queue
[2025-10-29T15:33:09.479+0000] {logging_mixin.py:188} INFO - [2025-10-29T15:33:09.478+0000] {dagbag.py:545} INFO - Filling up the DagBag from /opt/airflow/dags/etl_clickhouse.py
[2025-10-29T15:33:09.936+0000] {processor.py:840} INFO - DAG(s) 'move_data_to_clickhouse' retrieved from /opt/airflow/dags/etl_clickhouse.py
[2025-10-29T15:33:09.978+0000] {logging_mixin.py:188} INFO - [2025-10-29T15:33:09.978+0000] {dag.py:3096} INFO - Sync 1 DAGs
[2025-10-29T15:33:10.000+0000] {logging_mixin.py:188} INFO - [2025-10-29T15:33:09.999+0000] {dag.py:3954} INFO - Setting next_dagrun for move_data_to_clickhouse to None, run_after=None
[2025-10-29T15:33:10.044+0000] {processor.py:183} INFO - Processing /opt/airflow/dags/etl_clickhouse.py took 0.578 seconds
[2025-10-29T15:33:40.452+0000] {processor.py:161} INFO - Started process (PID=593) to work on /opt/airflow/dags/etl_clickhouse.py
[2025-10-29T15:33:40.454+0000] {processor.py:830} INFO - Processing file /opt/airflow/dags/etl_clickhouse.py for tasks to queue
[2025-10-29T15:33:40.456+0000] {logging_mixin.py:188} INFO - [2025-10-29T15:33:40.456+0000] {dagbag.py:545} INFO - Filling up the DagBag from /opt/airflow/dags/etl_clickhouse.py
[2025-10-29T15:33:40.935+0000] {processor.py:840} INFO - DAG(s) 'move_data_to_clickhouse' retrieved from /opt/airflow/dags/etl_clickhouse.py
[2025-10-29T15:33:40.977+0000] {logging_mixin.py:188} INFO - [2025-10-29T15:33:40.976+0000] {dag.py:3096} INFO - Sync 1 DAGs
[2025-10-29T15:33:41.342+0000] {logging_mixin.py:188} INFO - [2025-10-29T15:33:41.341+0000] {dag.py:3954} INFO - Setting next_dagrun for move_data_to_clickhouse to None, run_after=None
[2025-10-29T15:33:41.363+0000] {processor.py:183} INFO - Processing /opt/airflow/dags/etl_clickhouse.py took 0.921 seconds
[2025-10-29T15:34:11.666+0000] {processor.py:161} INFO - Started process (PID=605) to work on /opt/airflow/dags/etl_clickhouse.py
[2025-10-29T15:34:11.667+0000] {processor.py:830} INFO - Processing file /opt/airflow/dags/etl_clickhouse.py for tasks to queue
[2025-10-29T15:34:11.670+0000] {logging_mixin.py:188} INFO - [2025-10-29T15:34:11.670+0000] {dagbag.py:545} INFO - Filling up the DagBag from /opt/airflow/dags/etl_clickhouse.py
[2025-10-29T15:34:12.233+0000] {processor.py:840} INFO - DAG(s) 'move_data_to_clickhouse' retrieved from /opt/airflow/dags/etl_clickhouse.py
[2025-10-29T15:34:12.271+0000] {logging_mixin.py:188} INFO - [2025-10-29T15:34:12.270+0000] {dag.py:3096} INFO - Sync 1 DAGs
[2025-10-29T15:34:12.493+0000] {logging_mixin.py:188} INFO - [2025-10-29T15:34:12.493+0000] {dag.py:3954} INFO - Setting next_dagrun for move_data_to_clickhouse to None, run_after=None
[2025-10-29T15:34:12.518+0000] {processor.py:183} INFO - Processing /opt/airflow/dags/etl_clickhouse.py took 0.862 seconds
[2025-10-29T15:34:43.064+0000] {processor.py:161} INFO - Started process (PID=617) to work on /opt/airflow/dags/etl_clickhouse.py
[2025-10-29T15:34:43.065+0000] {processor.py:830} INFO - Processing file /opt/airflow/dags/etl_clickhouse.py for tasks to queue
[2025-10-29T15:34:43.068+0000] {logging_mixin.py:188} INFO - [2025-10-29T15:34:43.067+0000] {dagbag.py:545} INFO - Filling up the DagBag from /opt/airflow/dags/etl_clickhouse.py
[2025-10-29T15:34:43.510+0000] {processor.py:840} INFO - DAG(s) 'move_data_to_clickhouse' retrieved from /opt/airflow/dags/etl_clickhouse.py
[2025-10-29T15:34:43.883+0000] {logging_mixin.py:188} INFO - [2025-10-29T15:34:43.883+0000] {dag.py:3096} INFO - Sync 1 DAGs
[2025-10-29T15:34:43.907+0000] {logging_mixin.py:188} INFO - [2025-10-29T15:34:43.906+0000] {dag.py:3954} INFO - Setting next_dagrun for move_data_to_clickhouse to None, run_after=None
[2025-10-29T15:34:43.939+0000] {processor.py:183} INFO - Processing /opt/airflow/dags/etl_clickhouse.py took 0.884 seconds
[2025-10-29T15:35:14.488+0000] {processor.py:161} INFO - Started process (PID=629) to work on /opt/airflow/dags/etl_clickhouse.py
[2025-10-29T15:35:14.490+0000] {processor.py:830} INFO - Processing file /opt/airflow/dags/etl_clickhouse.py for tasks to queue
[2025-10-29T15:35:14.493+0000] {logging_mixin.py:188} INFO - [2025-10-29T15:35:14.492+0000] {dagbag.py:545} INFO - Filling up the DagBag from /opt/airflow/dags/etl_clickhouse.py
[2025-10-29T15:35:15.178+0000] {processor.py:840} INFO - DAG(s) 'move_data_to_clickhouse' retrieved from /opt/airflow/dags/etl_clickhouse.py
[2025-10-29T15:35:15.212+0000] {logging_mixin.py:188} INFO - [2025-10-29T15:35:15.211+0000] {dag.py:3096} INFO - Sync 1 DAGs
[2025-10-29T15:35:15.224+0000] {logging_mixin.py:188} INFO - [2025-10-29T15:35:15.224+0000] {dag.py:3954} INFO - Setting next_dagrun for move_data_to_clickhouse to None, run_after=None
[2025-10-29T15:35:15.247+0000] {processor.py:183} INFO - Processing /opt/airflow/dags/etl_clickhouse.py took 0.767 seconds
[2025-10-29T15:35:45.697+0000] {processor.py:161} INFO - Started process (PID=641) to work on /opt/airflow/dags/etl_clickhouse.py
[2025-10-29T15:35:45.698+0000] {processor.py:830} INFO - Processing file /opt/airflow/dags/etl_clickhouse.py for tasks to queue
[2025-10-29T15:35:45.701+0000] {logging_mixin.py:188} INFO - [2025-10-29T15:35:45.700+0000] {dagbag.py:545} INFO - Filling up the DagBag from /opt/airflow/dags/etl_clickhouse.py
[2025-10-29T15:35:46.143+0000] {processor.py:840} INFO - DAG(s) 'move_data_to_clickhouse' retrieved from /opt/airflow/dags/etl_clickhouse.py
[2025-10-29T15:35:46.180+0000] {logging_mixin.py:188} INFO - [2025-10-29T15:35:46.180+0000] {dag.py:3096} INFO - Sync 1 DAGs
[2025-10-29T15:35:46.199+0000] {logging_mixin.py:188} INFO - [2025-10-29T15:35:46.198+0000] {dag.py:3954} INFO - Setting next_dagrun for move_data_to_clickhouse to None, run_after=None
[2025-10-29T15:35:46.377+0000] {processor.py:183} INFO - Processing /opt/airflow/dags/etl_clickhouse.py took 0.689 seconds
[2025-10-29T15:36:16.797+0000] {processor.py:161} INFO - Started process (PID=653) to work on /opt/airflow/dags/etl_clickhouse.py
[2025-10-29T15:36:16.798+0000] {processor.py:830} INFO - Processing file /opt/airflow/dags/etl_clickhouse.py for tasks to queue
[2025-10-29T15:36:16.801+0000] {logging_mixin.py:188} INFO - [2025-10-29T15:36:16.800+0000] {dagbag.py:545} INFO - Filling up the DagBag from /opt/airflow/dags/etl_clickhouse.py
[2025-10-29T15:36:17.277+0000] {processor.py:840} INFO - DAG(s) 'move_data_to_clickhouse' retrieved from /opt/airflow/dags/etl_clickhouse.py
[2025-10-29T15:36:17.322+0000] {logging_mixin.py:188} INFO - [2025-10-29T15:36:17.322+0000] {dag.py:3096} INFO - Sync 1 DAGs
[2025-10-29T15:36:17.558+0000] {logging_mixin.py:188} INFO - [2025-10-29T15:36:17.558+0000] {dag.py:3954} INFO - Setting next_dagrun for move_data_to_clickhouse to None, run_after=None
[2025-10-29T15:36:17.589+0000] {processor.py:183} INFO - Processing /opt/airflow/dags/etl_clickhouse.py took 0.801 seconds
[2025-10-29T15:36:48.000+0000] {processor.py:161} INFO - Started process (PID=665) to work on /opt/airflow/dags/etl_clickhouse.py
[2025-10-29T15:36:48.002+0000] {processor.py:830} INFO - Processing file /opt/airflow/dags/etl_clickhouse.py for tasks to queue
[2025-10-29T15:36:48.006+0000] {logging_mixin.py:188} INFO - [2025-10-29T15:36:48.005+0000] {dagbag.py:545} INFO - Filling up the DagBag from /opt/airflow/dags/etl_clickhouse.py
[2025-10-29T15:36:48.552+0000] {processor.py:840} INFO - DAG(s) 'move_data_to_clickhouse' retrieved from /opt/airflow/dags/etl_clickhouse.py
[2025-10-29T15:36:48.831+0000] {logging_mixin.py:188} INFO - [2025-10-29T15:36:48.831+0000] {dag.py:3096} INFO - Sync 1 DAGs
[2025-10-29T15:36:48.845+0000] {logging_mixin.py:188} INFO - [2025-10-29T15:36:48.845+0000] {dag.py:3954} INFO - Setting next_dagrun for move_data_to_clickhouse to None, run_after=None
[2025-10-29T15:36:48.869+0000] {processor.py:183} INFO - Processing /opt/airflow/dags/etl_clickhouse.py took 0.877 seconds
[2025-10-29T15:37:19.293+0000] {processor.py:161} INFO - Started process (PID=677) to work on /opt/airflow/dags/etl_clickhouse.py
[2025-10-29T15:37:19.295+0000] {processor.py:830} INFO - Processing file /opt/airflow/dags/etl_clickhouse.py for tasks to queue
[2025-10-29T15:37:19.301+0000] {logging_mixin.py:188} INFO - [2025-10-29T15:37:19.300+0000] {dagbag.py:545} INFO - Filling up the DagBag from /opt/airflow/dags/etl_clickhouse.py
[2025-10-29T15:37:20.109+0000] {processor.py:840} INFO - DAG(s) 'move_data_to_clickhouse' retrieved from /opt/airflow/dags/etl_clickhouse.py
[2025-10-29T15:37:20.220+0000] {logging_mixin.py:188} INFO - [2025-10-29T15:37:20.218+0000] {dag.py:3096} INFO - Sync 1 DAGs
[2025-10-29T15:37:20.258+0000] {logging_mixin.py:188} INFO - [2025-10-29T15:37:20.258+0000] {dag.py:3954} INFO - Setting next_dagrun for move_data_to_clickhouse to None, run_after=None
[2025-10-29T15:37:20.297+0000] {processor.py:183} INFO - Processing /opt/airflow/dags/etl_clickhouse.py took 1.015 seconds
[2025-10-29T15:37:50.787+0000] {processor.py:161} INFO - Started process (PID=692) to work on /opt/airflow/dags/etl_clickhouse.py
[2025-10-29T15:37:50.790+0000] {processor.py:830} INFO - Processing file /opt/airflow/dags/etl_clickhouse.py for tasks to queue
[2025-10-29T15:37:50.795+0000] {logging_mixin.py:188} INFO - [2025-10-29T15:37:50.794+0000] {dagbag.py:545} INFO - Filling up the DagBag from /opt/airflow/dags/etl_clickhouse.py
[2025-10-29T15:37:52.147+0000] {processor.py:840} INFO - DAG(s) 'move_data_to_clickhouse' retrieved from /opt/airflow/dags/etl_clickhouse.py
[2025-10-29T15:37:52.277+0000] {logging_mixin.py:188} INFO - [2025-10-29T15:37:52.276+0000] {dag.py:3096} INFO - Sync 1 DAGs
[2025-10-29T15:37:52.351+0000] {logging_mixin.py:188} INFO - [2025-10-29T15:37:52.351+0000] {dag.py:3954} INFO - Setting next_dagrun for move_data_to_clickhouse to None, run_after=None
[2025-10-29T15:37:52.903+0000] {processor.py:183} INFO - Processing /opt/airflow/dags/etl_clickhouse.py took 2.132 seconds
[2025-10-29T15:38:23.093+0000] {processor.py:161} INFO - Started process (PID=704) to work on /opt/airflow/dags/etl_clickhouse.py
[2025-10-29T15:38:23.095+0000] {processor.py:830} INFO - Processing file /opt/airflow/dags/etl_clickhouse.py for tasks to queue
[2025-10-29T15:38:23.099+0000] {logging_mixin.py:188} INFO - [2025-10-29T15:38:23.099+0000] {dagbag.py:545} INFO - Filling up the DagBag from /opt/airflow/dags/etl_clickhouse.py
[2025-10-29T15:38:24.013+0000] {processor.py:840} INFO - DAG(s) 'move_data_to_clickhouse' retrieved from /opt/airflow/dags/etl_clickhouse.py
[2025-10-29T15:38:24.098+0000] {logging_mixin.py:188} INFO - [2025-10-29T15:38:24.097+0000] {dag.py:3096} INFO - Sync 1 DAGs
[2025-10-29T15:38:24.599+0000] {logging_mixin.py:188} INFO - [2025-10-29T15:38:24.599+0000] {dag.py:3954} INFO - Setting next_dagrun for move_data_to_clickhouse to None, run_after=None
[2025-10-29T15:38:24.628+0000] {processor.py:183} INFO - Processing /opt/airflow/dags/etl_clickhouse.py took 1.547 seconds
[2025-10-29T15:38:54.881+0000] {processor.py:161} INFO - Started process (PID=716) to work on /opt/airflow/dags/etl_clickhouse.py
[2025-10-29T15:38:54.882+0000] {processor.py:830} INFO - Processing file /opt/airflow/dags/etl_clickhouse.py for tasks to queue
[2025-10-29T15:38:54.885+0000] {logging_mixin.py:188} INFO - [2025-10-29T15:38:54.884+0000] {dagbag.py:545} INFO - Filling up the DagBag from /opt/airflow/dags/etl_clickhouse.py
[2025-10-29T15:38:55.542+0000] {processor.py:840} INFO - DAG(s) 'move_data_to_clickhouse' retrieved from /opt/airflow/dags/etl_clickhouse.py
[2025-10-29T15:38:55.857+0000] {logging_mixin.py:188} INFO - [2025-10-29T15:38:55.857+0000] {dag.py:3096} INFO - Sync 1 DAGs
[2025-10-29T15:38:55.878+0000] {logging_mixin.py:188} INFO - [2025-10-29T15:38:55.878+0000] {dag.py:3954} INFO - Setting next_dagrun for move_data_to_clickhouse to None, run_after=None
[2025-10-29T15:38:55.909+0000] {processor.py:183} INFO - Processing /opt/airflow/dags/etl_clickhouse.py took 1.037 seconds
[2025-10-29T15:39:26.456+0000] {processor.py:161} INFO - Started process (PID=728) to work on /opt/airflow/dags/etl_clickhouse.py
[2025-10-29T15:39:26.460+0000] {processor.py:830} INFO - Processing file /opt/airflow/dags/etl_clickhouse.py for tasks to queue
[2025-10-29T15:39:26.465+0000] {logging_mixin.py:188} INFO - [2025-10-29T15:39:26.464+0000] {dagbag.py:545} INFO - Filling up the DagBag from /opt/airflow/dags/etl_clickhouse.py
[2025-10-29T15:39:28.651+0000] {processor.py:840} INFO - DAG(s) 'move_data_to_clickhouse' retrieved from /opt/airflow/dags/etl_clickhouse.py
[2025-10-29T15:39:28.736+0000] {logging_mixin.py:188} INFO - [2025-10-29T15:39:28.735+0000] {dag.py:3096} INFO - Sync 1 DAGs
[2025-10-29T15:39:28.768+0000] {logging_mixin.py:188} INFO - [2025-10-29T15:39:28.768+0000] {dag.py:3954} INFO - Setting next_dagrun for move_data_to_clickhouse to None, run_after=None
[2025-10-29T15:39:28.830+0000] {processor.py:183} INFO - Processing /opt/airflow/dags/etl_clickhouse.py took 2.394 seconds
[2025-10-29T15:39:59.191+0000] {processor.py:161} INFO - Started process (PID=740) to work on /opt/airflow/dags/etl_clickhouse.py
[2025-10-29T15:39:59.193+0000] {processor.py:830} INFO - Processing file /opt/airflow/dags/etl_clickhouse.py for tasks to queue
[2025-10-29T15:39:59.196+0000] {logging_mixin.py:188} INFO - [2025-10-29T15:39:59.196+0000] {dagbag.py:545} INFO - Filling up the DagBag from /opt/airflow/dags/etl_clickhouse.py
[2025-10-29T15:40:00.201+0000] {processor.py:840} INFO - DAG(s) 'move_data_to_clickhouse' retrieved from /opt/airflow/dags/etl_clickhouse.py
[2025-10-29T15:40:00.276+0000] {logging_mixin.py:188} INFO - [2025-10-29T15:40:00.275+0000] {dag.py:3096} INFO - Sync 1 DAGs
[2025-10-29T15:40:00.315+0000] {logging_mixin.py:188} INFO - [2025-10-29T15:40:00.314+0000] {dag.py:3954} INFO - Setting next_dagrun for move_data_to_clickhouse to None, run_after=None
[2025-10-29T15:40:00.563+0000] {processor.py:183} INFO - Processing /opt/airflow/dags/etl_clickhouse.py took 1.388 seconds
[2025-10-29T15:40:30.692+0000] {processor.py:161} INFO - Started process (PID=752) to work on /opt/airflow/dags/etl_clickhouse.py
[2025-10-29T15:40:30.696+0000] {processor.py:830} INFO - Processing file /opt/airflow/dags/etl_clickhouse.py for tasks to queue
[2025-10-29T15:40:30.701+0000] {logging_mixin.py:188} INFO - [2025-10-29T15:40:30.700+0000] {dagbag.py:545} INFO - Filling up the DagBag from /opt/airflow/dags/etl_clickhouse.py
[2025-10-29T15:40:31.565+0000] {processor.py:840} INFO - DAG(s) 'move_data_to_clickhouse' retrieved from /opt/airflow/dags/etl_clickhouse.py
[2025-10-29T15:40:31.638+0000] {logging_mixin.py:188} INFO - [2025-10-29T15:40:31.638+0000] {dag.py:3096} INFO - Sync 1 DAGs
[2025-10-29T15:40:31.978+0000] {logging_mixin.py:188} INFO - [2025-10-29T15:40:31.977+0000] {dag.py:3954} INFO - Setting next_dagrun for move_data_to_clickhouse to None, run_after=None
[2025-10-29T15:40:32.028+0000] {processor.py:183} INFO - Processing /opt/airflow/dags/etl_clickhouse.py took 1.358 seconds
[2025-10-29T15:41:02.590+0000] {processor.py:161} INFO - Started process (PID=764) to work on /opt/airflow/dags/etl_clickhouse.py
[2025-10-29T15:41:02.593+0000] {processor.py:830} INFO - Processing file /opt/airflow/dags/etl_clickhouse.py for tasks to queue
[2025-10-29T15:41:02.606+0000] {logging_mixin.py:188} INFO - [2025-10-29T15:41:02.604+0000] {dagbag.py:545} INFO - Filling up the DagBag from /opt/airflow/dags/etl_clickhouse.py
[2025-10-29T15:41:03.996+0000] {processor.py:840} INFO - DAG(s) 'move_data_to_clickhouse' retrieved from /opt/airflow/dags/etl_clickhouse.py
[2025-10-29T15:41:04.645+0000] {logging_mixin.py:188} INFO - [2025-10-29T15:41:04.643+0000] {dag.py:3096} INFO - Sync 1 DAGs
[2025-10-29T15:41:04.684+0000] {logging_mixin.py:188} INFO - [2025-10-29T15:41:04.683+0000] {dag.py:3954} INFO - Setting next_dagrun for move_data_to_clickhouse to None, run_after=None
[2025-10-29T15:41:04.726+0000] {processor.py:183} INFO - Processing /opt/airflow/dags/etl_clickhouse.py took 2.173 seconds
[2025-10-29T15:41:35.008+0000] {processor.py:161} INFO - Started process (PID=776) to work on /opt/airflow/dags/etl_clickhouse.py
[2025-10-29T15:41:35.010+0000] {processor.py:830} INFO - Processing file /opt/airflow/dags/etl_clickhouse.py for tasks to queue
[2025-10-29T15:41:35.013+0000] {logging_mixin.py:188} INFO - [2025-10-29T15:41:35.013+0000] {dagbag.py:545} INFO - Filling up the DagBag from /opt/airflow/dags/etl_clickhouse.py
[2025-10-29T15:41:36.015+0000] {processor.py:840} INFO - DAG(s) 'move_data_to_clickhouse' retrieved from /opt/airflow/dags/etl_clickhouse.py
[2025-10-29T15:41:36.058+0000] {logging_mixin.py:188} INFO - [2025-10-29T15:41:36.057+0000] {dag.py:3096} INFO - Sync 1 DAGs
[2025-10-29T15:41:36.077+0000] {logging_mixin.py:188} INFO - [2025-10-29T15:41:36.077+0000] {dag.py:3954} INFO - Setting next_dagrun for move_data_to_clickhouse to None, run_after=None
[2025-10-29T15:41:36.108+0000] {processor.py:183} INFO - Processing /opt/airflow/dags/etl_clickhouse.py took 1.114 seconds
[2025-10-29T15:42:06.410+0000] {processor.py:161} INFO - Started process (PID=788) to work on /opt/airflow/dags/etl_clickhouse.py
[2025-10-29T15:42:06.412+0000] {processor.py:830} INFO - Processing file /opt/airflow/dags/etl_clickhouse.py for tasks to queue
[2025-10-29T15:42:06.416+0000] {logging_mixin.py:188} INFO - [2025-10-29T15:42:06.415+0000] {dagbag.py:545} INFO - Filling up the DagBag from /opt/airflow/dags/etl_clickhouse.py
[2025-10-29T15:42:07.229+0000] {processor.py:840} INFO - DAG(s) 'move_data_to_clickhouse' retrieved from /opt/airflow/dags/etl_clickhouse.py
[2025-10-29T15:42:07.292+0000] {logging_mixin.py:188} INFO - [2025-10-29T15:42:07.292+0000] {dag.py:3096} INFO - Sync 1 DAGs
[2025-10-29T15:42:07.323+0000] {logging_mixin.py:188} INFO - [2025-10-29T15:42:07.322+0000] {dag.py:3954} INFO - Setting next_dagrun for move_data_to_clickhouse to None, run_after=None
[2025-10-29T15:42:07.575+0000] {processor.py:183} INFO - Processing /opt/airflow/dags/etl_clickhouse.py took 1.176 seconds
[2025-10-29T15:42:37.831+0000] {processor.py:161} INFO - Started process (PID=800) to work on /opt/airflow/dags/etl_clickhouse.py
[2025-10-29T15:42:37.860+0000] {processor.py:830} INFO - Processing file /opt/airflow/dags/etl_clickhouse.py for tasks to queue
[2025-10-29T15:42:37.918+0000] {logging_mixin.py:188} INFO - [2025-10-29T15:42:37.914+0000] {dagbag.py:545} INFO - Filling up the DagBag from /opt/airflow/dags/etl_clickhouse.py
[2025-10-29T15:42:41.915+0000] {processor.py:840} INFO - DAG(s) 'move_data_to_clickhouse' retrieved from /opt/airflow/dags/etl_clickhouse.py
[2025-10-29T15:42:42.267+0000] {logging_mixin.py:188} INFO - [2025-10-29T15:42:42.266+0000] {dag.py:3096} INFO - Sync 1 DAGs
[2025-10-29T15:42:43.870+0000] {logging_mixin.py:188} INFO - [2025-10-29T15:42:43.870+0000] {dag.py:3954} INFO - Setting next_dagrun for move_data_to_clickhouse to None, run_after=None
[2025-10-29T15:42:43.997+0000] {processor.py:183} INFO - Processing /opt/airflow/dags/etl_clickhouse.py took 6.208 seconds
[2025-10-29T15:43:14.468+0000] {processor.py:161} INFO - Started process (PID=812) to work on /opt/airflow/dags/etl_clickhouse.py
[2025-10-29T15:43:14.474+0000] {processor.py:830} INFO - Processing file /opt/airflow/dags/etl_clickhouse.py for tasks to queue
[2025-10-29T15:43:14.498+0000] {logging_mixin.py:188} INFO - [2025-10-29T15:43:14.497+0000] {dagbag.py:545} INFO - Filling up the DagBag from /opt/airflow/dags/etl_clickhouse.py
[2025-10-29T15:43:15.661+0000] {processor.py:840} INFO - DAG(s) 'move_data_to_clickhouse' retrieved from /opt/airflow/dags/etl_clickhouse.py
[2025-10-29T15:43:16.475+0000] {logging_mixin.py:188} INFO - [2025-10-29T15:43:16.474+0000] {dag.py:3096} INFO - Sync 1 DAGs
[2025-10-29T15:43:16.514+0000] {logging_mixin.py:188} INFO - [2025-10-29T15:43:16.513+0000] {dag.py:3954} INFO - Setting next_dagrun for move_data_to_clickhouse to None, run_after=None
[2025-10-29T15:43:16.562+0000] {processor.py:183} INFO - Processing /opt/airflow/dags/etl_clickhouse.py took 2.116 seconds
[2025-10-29T15:43:46.768+0000] {processor.py:161} INFO - Started process (PID=824) to work on /opt/airflow/dags/etl_clickhouse.py
[2025-10-29T15:43:46.772+0000] {processor.py:830} INFO - Processing file /opt/airflow/dags/etl_clickhouse.py for tasks to queue
[2025-10-29T15:43:46.777+0000] {logging_mixin.py:188} INFO - [2025-10-29T15:43:46.776+0000] {dagbag.py:545} INFO - Filling up the DagBag from /opt/airflow/dags/etl_clickhouse.py
[2025-10-29T15:43:48.148+0000] {processor.py:840} INFO - DAG(s) 'move_data_to_clickhouse' retrieved from /opt/airflow/dags/etl_clickhouse.py
[2025-10-29T15:43:48.204+0000] {logging_mixin.py:188} INFO - [2025-10-29T15:43:48.204+0000] {dag.py:3096} INFO - Sync 1 DAGs
[2025-10-29T15:43:48.226+0000] {logging_mixin.py:188} INFO - [2025-10-29T15:43:48.226+0000] {dag.py:3954} INFO - Setting next_dagrun for move_data_to_clickhouse to None, run_after=None
[2025-10-29T15:43:48.253+0000] {processor.py:183} INFO - Processing /opt/airflow/dags/etl_clickhouse.py took 1.504 seconds
[2025-10-29T15:44:18.495+0000] {processor.py:161} INFO - Started process (PID=836) to work on /opt/airflow/dags/etl_clickhouse.py
[2025-10-29T15:44:18.502+0000] {processor.py:830} INFO - Processing file /opt/airflow/dags/etl_clickhouse.py for tasks to queue
[2025-10-29T15:44:18.518+0000] {logging_mixin.py:188} INFO - [2025-10-29T15:44:18.516+0000] {dagbag.py:545} INFO - Filling up the DagBag from /opt/airflow/dags/etl_clickhouse.py
[2025-10-29T15:44:19.888+0000] {processor.py:840} INFO - DAG(s) 'move_data_to_clickhouse' retrieved from /opt/airflow/dags/etl_clickhouse.py
[2025-10-29T15:44:20.126+0000] {logging_mixin.py:188} INFO - [2025-10-29T15:44:20.122+0000] {dag.py:3096} INFO - Sync 1 DAGs
[2025-10-29T15:44:20.343+0000] {logging_mixin.py:188} INFO - [2025-10-29T15:44:20.342+0000] {dag.py:3954} INFO - Setting next_dagrun for move_data_to_clickhouse to None, run_after=None
[2025-10-29T15:44:21.559+0000] {processor.py:183} INFO - Processing /opt/airflow/dags/etl_clickhouse.py took 3.083 seconds
[2025-10-29T15:44:51.945+0000] {processor.py:161} INFO - Started process (PID=848) to work on /opt/airflow/dags/etl_clickhouse.py
[2025-10-29T15:44:51.946+0000] {processor.py:830} INFO - Processing file /opt/airflow/dags/etl_clickhouse.py for tasks to queue
[2025-10-29T15:44:51.950+0000] {logging_mixin.py:188} INFO - [2025-10-29T15:44:51.950+0000] {dagbag.py:545} INFO - Filling up the DagBag from /opt/airflow/dags/etl_clickhouse.py
[2025-10-29T15:44:52.762+0000] {processor.py:840} INFO - DAG(s) 'move_data_to_clickhouse' retrieved from /opt/airflow/dags/etl_clickhouse.py
[2025-10-29T15:44:52.843+0000] {logging_mixin.py:188} INFO - [2025-10-29T15:44:52.842+0000] {dag.py:3096} INFO - Sync 1 DAGs
[2025-10-29T15:44:53.254+0000] {logging_mixin.py:188} INFO - [2025-10-29T15:44:53.253+0000] {dag.py:3954} INFO - Setting next_dagrun for move_data_to_clickhouse to None, run_after=None
[2025-10-29T15:44:53.293+0000] {processor.py:183} INFO - Processing /opt/airflow/dags/etl_clickhouse.py took 1.358 seconds
[2025-10-29T15:45:23.663+0000] {processor.py:161} INFO - Started process (PID=860) to work on /opt/airflow/dags/etl_clickhouse.py
[2025-10-29T15:45:23.667+0000] {processor.py:830} INFO - Processing file /opt/airflow/dags/etl_clickhouse.py for tasks to queue
[2025-10-29T15:45:23.674+0000] {logging_mixin.py:188} INFO - [2025-10-29T15:45:23.673+0000] {dagbag.py:545} INFO - Filling up the DagBag from /opt/airflow/dags/etl_clickhouse.py
[2025-10-29T15:45:24.977+0000] {processor.py:840} INFO - DAG(s) 'move_data_to_clickhouse' retrieved from /opt/airflow/dags/etl_clickhouse.py
[2025-10-29T15:45:26.327+0000] {logging_mixin.py:188} INFO - [2025-10-29T15:45:26.326+0000] {dag.py:3096} INFO - Sync 1 DAGs
[2025-10-29T15:45:26.372+0000] {logging_mixin.py:188} INFO - [2025-10-29T15:45:26.372+0000] {dag.py:3954} INFO - Setting next_dagrun for move_data_to_clickhouse to None, run_after=None
[2025-10-29T15:45:26.433+0000] {processor.py:183} INFO - Processing /opt/airflow/dags/etl_clickhouse.py took 2.794 seconds
[2025-10-29T15:45:56.710+0000] {processor.py:161} INFO - Started process (PID=872) to work on /opt/airflow/dags/etl_clickhouse.py
[2025-10-29T15:45:56.712+0000] {processor.py:830} INFO - Processing file /opt/airflow/dags/etl_clickhouse.py for tasks to queue
[2025-10-29T15:45:56.717+0000] {logging_mixin.py:188} INFO - [2025-10-29T15:45:56.716+0000] {dagbag.py:545} INFO - Filling up the DagBag from /opt/airflow/dags/etl_clickhouse.py
[2025-10-29T15:45:58.198+0000] {processor.py:840} INFO - DAG(s) 'move_data_to_clickhouse' retrieved from /opt/airflow/dags/etl_clickhouse.py
[2025-10-29T15:45:58.238+0000] {logging_mixin.py:188} INFO - [2025-10-29T15:45:58.237+0000] {dag.py:3096} INFO - Sync 1 DAGs
[2025-10-29T15:45:58.259+0000] {logging_mixin.py:188} INFO - [2025-10-29T15:45:58.259+0000] {dag.py:3954} INFO - Setting next_dagrun for move_data_to_clickhouse to None, run_after=None
[2025-10-29T15:45:58.288+0000] {processor.py:183} INFO - Processing /opt/airflow/dags/etl_clickhouse.py took 1.591 seconds
[2025-10-29T15:46:28.761+0000] {processor.py:161} INFO - Started process (PID=884) to work on /opt/airflow/dags/etl_clickhouse.py
[2025-10-29T15:46:28.765+0000] {processor.py:830} INFO - Processing file /opt/airflow/dags/etl_clickhouse.py for tasks to queue
[2025-10-29T15:46:28.775+0000] {logging_mixin.py:188} INFO - [2025-10-29T15:46:28.774+0000] {dagbag.py:545} INFO - Filling up the DagBag from /opt/airflow/dags/etl_clickhouse.py
[2025-10-29T15:46:31.076+0000] {processor.py:840} INFO - DAG(s) 'move_data_to_clickhouse' retrieved from /opt/airflow/dags/etl_clickhouse.py
[2025-10-29T15:46:31.172+0000] {logging_mixin.py:188} INFO - [2025-10-29T15:46:31.168+0000] {dag.py:3096} INFO - Sync 1 DAGs
[2025-10-29T15:46:31.248+0000] {logging_mixin.py:188} INFO - [2025-10-29T15:46:31.245+0000] {dag.py:3954} INFO - Setting next_dagrun for move_data_to_clickhouse to None, run_after=None
[2025-10-29T15:46:31.319+0000] {processor.py:183} INFO - Processing /opt/airflow/dags/etl_clickhouse.py took 2.592 seconds
[2025-10-29T15:47:01.803+0000] {processor.py:161} INFO - Started process (PID=896) to work on /opt/airflow/dags/etl_clickhouse.py
[2025-10-29T15:47:01.827+0000] {processor.py:830} INFO - Processing file /opt/airflow/dags/etl_clickhouse.py for tasks to queue
[2025-10-29T15:47:01.849+0000] {logging_mixin.py:188} INFO - [2025-10-29T15:47:01.849+0000] {dagbag.py:545} INFO - Filling up the DagBag from /opt/airflow/dags/etl_clickhouse.py
[2025-10-29T15:47:03.466+0000] {processor.py:840} INFO - DAG(s) 'move_data_to_clickhouse' retrieved from /opt/airflow/dags/etl_clickhouse.py
[2025-10-29T15:47:03.648+0000] {logging_mixin.py:188} INFO - [2025-10-29T15:47:03.646+0000] {dag.py:3096} INFO - Sync 1 DAGs
[2025-10-29T15:47:06.437+0000] {logging_mixin.py:188} INFO - [2025-10-29T15:47:06.436+0000] {dag.py:3954} INFO - Setting next_dagrun for move_data_to_clickhouse to None, run_after=None
[2025-10-29T15:47:06.584+0000] {processor.py:183} INFO - Processing /opt/airflow/dags/etl_clickhouse.py took 4.905 seconds
[2025-10-29T15:47:36.929+0000] {processor.py:161} INFO - Started process (PID=908) to work on /opt/airflow/dags/etl_clickhouse.py
[2025-10-29T15:47:36.931+0000] {processor.py:830} INFO - Processing file /opt/airflow/dags/etl_clickhouse.py for tasks to queue
[2025-10-29T15:47:36.937+0000] {logging_mixin.py:188} INFO - [2025-10-29T15:47:36.936+0000] {dagbag.py:545} INFO - Filling up the DagBag from /opt/airflow/dags/etl_clickhouse.py
[2025-10-29T15:47:37.575+0000] {processor.py:840} INFO - DAG(s) 'move_data_to_clickhouse' retrieved from /opt/airflow/dags/etl_clickhouse.py
[2025-10-29T15:47:37.825+0000] {logging_mixin.py:188} INFO - [2025-10-29T15:47:37.824+0000] {dag.py:3096} INFO - Sync 1 DAGs
[2025-10-29T15:47:37.841+0000] {logging_mixin.py:188} INFO - [2025-10-29T15:47:37.841+0000] {dag.py:3954} INFO - Setting next_dagrun for move_data_to_clickhouse to None, run_after=None
[2025-10-29T15:47:37.865+0000] {processor.py:183} INFO - Processing /opt/airflow/dags/etl_clickhouse.py took 0.951 seconds
[2025-10-29T15:48:08.333+0000] {processor.py:161} INFO - Started process (PID=920) to work on /opt/airflow/dags/etl_clickhouse.py
[2025-10-29T15:48:08.335+0000] {processor.py:830} INFO - Processing file /opt/airflow/dags/etl_clickhouse.py for tasks to queue
[2025-10-29T15:48:08.339+0000] {logging_mixin.py:188} INFO - [2025-10-29T15:48:08.338+0000] {dagbag.py:545} INFO - Filling up the DagBag from /opt/airflow/dags/etl_clickhouse.py
[2025-10-29T15:48:09.161+0000] {processor.py:840} INFO - DAG(s) 'move_data_to_clickhouse' retrieved from /opt/airflow/dags/etl_clickhouse.py
[2025-10-29T15:48:09.201+0000] {logging_mixin.py:188} INFO - [2025-10-29T15:48:09.201+0000] {dag.py:3096} INFO - Sync 1 DAGs
[2025-10-29T15:48:09.215+0000] {logging_mixin.py:188} INFO - [2025-10-29T15:48:09.214+0000] {dag.py:3954} INFO - Setting next_dagrun for move_data_to_clickhouse to None, run_after=None
[2025-10-29T15:48:09.237+0000] {processor.py:183} INFO - Processing /opt/airflow/dags/etl_clickhouse.py took 0.917 seconds
[2025-10-29T15:48:39.768+0000] {processor.py:161} INFO - Started process (PID=932) to work on /opt/airflow/dags/etl_clickhouse.py
[2025-10-29T15:48:39.770+0000] {processor.py:830} INFO - Processing file /opt/airflow/dags/etl_clickhouse.py for tasks to queue
[2025-10-29T15:48:39.772+0000] {logging_mixin.py:188} INFO - [2025-10-29T15:48:39.772+0000] {dagbag.py:545} INFO - Filling up the DagBag from /opt/airflow/dags/etl_clickhouse.py
[2025-10-29T15:48:40.437+0000] {processor.py:840} INFO - DAG(s) 'move_data_to_clickhouse' retrieved from /opt/airflow/dags/etl_clickhouse.py
[2025-10-29T15:48:40.471+0000] {logging_mixin.py:188} INFO - [2025-10-29T15:48:40.470+0000] {dag.py:3096} INFO - Sync 1 DAGs
[2025-10-29T15:48:40.484+0000] {logging_mixin.py:188} INFO - [2025-10-29T15:48:40.484+0000] {dag.py:3954} INFO - Setting next_dagrun for move_data_to_clickhouse to None, run_after=None
[2025-10-29T15:48:40.513+0000] {processor.py:183} INFO - Processing /opt/airflow/dags/etl_clickhouse.py took 0.754 seconds
[2025-10-29T15:49:10.952+0000] {processor.py:161} INFO - Started process (PID=944) to work on /opt/airflow/dags/etl_clickhouse.py
[2025-10-29T15:49:10.954+0000] {processor.py:830} INFO - Processing file /opt/airflow/dags/etl_clickhouse.py for tasks to queue
[2025-10-29T15:49:10.958+0000] {logging_mixin.py:188} INFO - [2025-10-29T15:49:10.957+0000] {dagbag.py:545} INFO - Filling up the DagBag from /opt/airflow/dags/etl_clickhouse.py
[2025-10-29T15:49:11.537+0000] {processor.py:840} INFO - DAG(s) 'move_data_to_clickhouse' retrieved from /opt/airflow/dags/etl_clickhouse.py
[2025-10-29T15:49:11.577+0000] {logging_mixin.py:188} INFO - [2025-10-29T15:49:11.577+0000] {dag.py:3096} INFO - Sync 1 DAGs
[2025-10-29T15:49:11.892+0000] {logging_mixin.py:188} INFO - [2025-10-29T15:49:11.892+0000] {dag.py:3954} INFO - Setting next_dagrun for move_data_to_clickhouse to None, run_after=None
[2025-10-29T15:49:11.926+0000] {processor.py:183} INFO - Processing /opt/airflow/dags/etl_clickhouse.py took 0.986 seconds
[2025-10-29T15:49:42.257+0000] {processor.py:161} INFO - Started process (PID=956) to work on /opt/airflow/dags/etl_clickhouse.py
[2025-10-29T15:49:42.258+0000] {processor.py:830} INFO - Processing file /opt/airflow/dags/etl_clickhouse.py for tasks to queue
[2025-10-29T15:49:42.261+0000] {logging_mixin.py:188} INFO - [2025-10-29T15:49:42.261+0000] {dagbag.py:545} INFO - Filling up the DagBag from /opt/airflow/dags/etl_clickhouse.py
[2025-10-29T15:49:42.804+0000] {processor.py:840} INFO - DAG(s) 'move_data_to_clickhouse' retrieved from /opt/airflow/dags/etl_clickhouse.py
[2025-10-29T15:49:43.106+0000] {logging_mixin.py:188} INFO - [2025-10-29T15:49:43.105+0000] {dag.py:3096} INFO - Sync 1 DAGs
[2025-10-29T15:49:43.120+0000] {logging_mixin.py:188} INFO - [2025-10-29T15:49:43.120+0000] {dag.py:3954} INFO - Setting next_dagrun for move_data_to_clickhouse to None, run_after=None
[2025-10-29T15:49:43.142+0000] {processor.py:183} INFO - Processing /opt/airflow/dags/etl_clickhouse.py took 0.894 seconds
[2025-10-29T15:50:13.528+0000] {processor.py:161} INFO - Started process (PID=968) to work on /opt/airflow/dags/etl_clickhouse.py
[2025-10-29T15:50:13.530+0000] {processor.py:830} INFO - Processing file /opt/airflow/dags/etl_clickhouse.py for tasks to queue
[2025-10-29T15:50:13.534+0000] {logging_mixin.py:188} INFO - [2025-10-29T15:50:13.533+0000] {dagbag.py:545} INFO - Filling up the DagBag from /opt/airflow/dags/etl_clickhouse.py
[2025-10-29T15:50:14.335+0000] {processor.py:840} INFO - DAG(s) 'move_data_to_clickhouse' retrieved from /opt/airflow/dags/etl_clickhouse.py
[2025-10-29T15:50:14.369+0000] {logging_mixin.py:188} INFO - [2025-10-29T15:50:14.369+0000] {dag.py:3096} INFO - Sync 1 DAGs
[2025-10-29T15:50:14.383+0000] {logging_mixin.py:188} INFO - [2025-10-29T15:50:14.383+0000] {dag.py:3954} INFO - Setting next_dagrun for move_data_to_clickhouse to None, run_after=None
[2025-10-29T15:50:14.407+0000] {processor.py:183} INFO - Processing /opt/airflow/dags/etl_clickhouse.py took 0.892 seconds
[2025-10-29T15:50:44.791+0000] {processor.py:161} INFO - Started process (PID=990) to work on /opt/airflow/dags/etl_clickhouse.py
[2025-10-29T15:50:44.794+0000] {processor.py:830} INFO - Processing file /opt/airflow/dags/etl_clickhouse.py for tasks to queue
[2025-10-29T15:50:44.798+0000] {logging_mixin.py:188} INFO - [2025-10-29T15:50:44.797+0000] {dagbag.py:545} INFO - Filling up the DagBag from /opt/airflow/dags/etl_clickhouse.py
[2025-10-29T15:50:45.929+0000] {processor.py:840} INFO - DAG(s) 'move_data_to_clickhouse' retrieved from /opt/airflow/dags/etl_clickhouse.py
[2025-10-29T15:50:45.986+0000] {logging_mixin.py:188} INFO - [2025-10-29T15:50:45.985+0000] {dag.py:3096} INFO - Sync 1 DAGs
[2025-10-29T15:50:46.015+0000] {logging_mixin.py:188} INFO - [2025-10-29T15:50:46.014+0000] {dag.py:3954} INFO - Setting next_dagrun for move_data_to_clickhouse to None, run_after=None
[2025-10-29T15:50:46.054+0000] {processor.py:183} INFO - Processing /opt/airflow/dags/etl_clickhouse.py took 1.276 seconds
[2025-10-29T15:51:16.486+0000] {processor.py:161} INFO - Started process (PID=1004) to work on /opt/airflow/dags/etl_clickhouse.py
[2025-10-29T15:51:16.487+0000] {processor.py:830} INFO - Processing file /opt/airflow/dags/etl_clickhouse.py for tasks to queue
[2025-10-29T15:51:16.490+0000] {logging_mixin.py:188} INFO - [2025-10-29T15:51:16.489+0000] {dagbag.py:545} INFO - Filling up the DagBag from /opt/airflow/dags/etl_clickhouse.py
[2025-10-29T15:51:16.976+0000] {processor.py:840} INFO - DAG(s) 'move_data_to_clickhouse' retrieved from /opt/airflow/dags/etl_clickhouse.py
[2025-10-29T15:51:17.014+0000] {logging_mixin.py:188} INFO - [2025-10-29T15:51:17.013+0000] {dag.py:3096} INFO - Sync 1 DAGs
[2025-10-29T15:51:17.224+0000] {logging_mixin.py:188} INFO - [2025-10-29T15:51:17.223+0000] {dag.py:3954} INFO - Setting next_dagrun for move_data_to_clickhouse to None, run_after=None
[2025-10-29T15:51:17.246+0000] {processor.py:183} INFO - Processing /opt/airflow/dags/etl_clickhouse.py took 0.768 seconds
[2025-10-29T15:51:47.676+0000] {processor.py:161} INFO - Started process (PID=1016) to work on /opt/airflow/dags/etl_clickhouse.py
[2025-10-29T15:51:47.678+0000] {processor.py:830} INFO - Processing file /opt/airflow/dags/etl_clickhouse.py for tasks to queue
[2025-10-29T15:51:47.680+0000] {logging_mixin.py:188} INFO - [2025-10-29T15:51:47.680+0000] {dagbag.py:545} INFO - Filling up the DagBag from /opt/airflow/dags/etl_clickhouse.py
[2025-10-29T15:51:48.139+0000] {processor.py:840} INFO - DAG(s) 'move_data_to_clickhouse' retrieved from /opt/airflow/dags/etl_clickhouse.py
[2025-10-29T15:51:48.362+0000] {logging_mixin.py:188} INFO - [2025-10-29T15:51:48.361+0000] {dag.py:3096} INFO - Sync 1 DAGs
[2025-10-29T15:51:48.374+0000] {logging_mixin.py:188} INFO - [2025-10-29T15:51:48.374+0000] {dag.py:3954} INFO - Setting next_dagrun for move_data_to_clickhouse to None, run_after=None
[2025-10-29T15:51:48.396+0000] {processor.py:183} INFO - Processing /opt/airflow/dags/etl_clickhouse.py took 0.729 seconds
[2025-10-29T15:52:18.838+0000] {processor.py:161} INFO - Started process (PID=1028) to work on /opt/airflow/dags/etl_clickhouse.py
[2025-10-29T15:52:18.840+0000] {processor.py:830} INFO - Processing file /opt/airflow/dags/etl_clickhouse.py for tasks to queue
[2025-10-29T15:52:18.843+0000] {logging_mixin.py:188} INFO - [2025-10-29T15:52:18.842+0000] {dagbag.py:545} INFO - Filling up the DagBag from /opt/airflow/dags/etl_clickhouse.py
[2025-10-29T15:52:19.523+0000] {processor.py:840} INFO - DAG(s) 'move_data_to_clickhouse' retrieved from /opt/airflow/dags/etl_clickhouse.py
[2025-10-29T15:52:19.556+0000] {logging_mixin.py:188} INFO - [2025-10-29T15:52:19.555+0000] {dag.py:3096} INFO - Sync 1 DAGs
[2025-10-29T15:52:19.569+0000] {logging_mixin.py:188} INFO - [2025-10-29T15:52:19.569+0000] {dag.py:3954} INFO - Setting next_dagrun for move_data_to_clickhouse to None, run_after=None
[2025-10-29T15:52:19.594+0000] {processor.py:183} INFO - Processing /opt/airflow/dags/etl_clickhouse.py took 0.765 seconds
[2025-10-29T15:52:50.104+0000] {processor.py:161} INFO - Started process (PID=1040) to work on /opt/airflow/dags/etl_clickhouse.py
[2025-10-29T15:52:50.106+0000] {processor.py:830} INFO - Processing file /opt/airflow/dags/etl_clickhouse.py for tasks to queue
[2025-10-29T15:52:50.109+0000] {logging_mixin.py:188} INFO - [2025-10-29T15:52:50.108+0000] {dagbag.py:545} INFO - Filling up the DagBag from /opt/airflow/dags/etl_clickhouse.py
[2025-10-29T15:52:50.782+0000] {processor.py:840} INFO - DAG(s) 'move_data_to_clickhouse' retrieved from /opt/airflow/dags/etl_clickhouse.py
[2025-10-29T15:52:50.818+0000] {logging_mixin.py:188} INFO - [2025-10-29T15:52:50.817+0000] {dag.py:3096} INFO - Sync 1 DAGs
[2025-10-29T15:52:50.830+0000] {logging_mixin.py:188} INFO - [2025-10-29T15:52:50.830+0000] {dag.py:3954} INFO - Setting next_dagrun for move_data_to_clickhouse to None, run_after=None
[2025-10-29T15:52:50.857+0000] {processor.py:183} INFO - Processing /opt/airflow/dags/etl_clickhouse.py took 0.761 seconds
[2025-10-29T15:53:21.271+0000] {processor.py:161} INFO - Started process (PID=1052) to work on /opt/airflow/dags/etl_clickhouse.py
[2025-10-29T15:53:21.273+0000] {processor.py:830} INFO - Processing file /opt/airflow/dags/etl_clickhouse.py for tasks to queue
[2025-10-29T15:53:21.276+0000] {logging_mixin.py:188} INFO - [2025-10-29T15:53:21.276+0000] {dagbag.py:545} INFO - Filling up the DagBag from /opt/airflow/dags/etl_clickhouse.py
[2025-10-29T15:53:21.794+0000] {processor.py:840} INFO - DAG(s) 'move_data_to_clickhouse' retrieved from /opt/airflow/dags/etl_clickhouse.py
[2025-10-29T15:53:21.846+0000] {logging_mixin.py:188} INFO - [2025-10-29T15:53:21.846+0000] {dag.py:3096} INFO - Sync 1 DAGs
[2025-10-29T15:53:22.122+0000] {logging_mixin.py:188} INFO - [2025-10-29T15:53:22.121+0000] {dag.py:3954} INFO - Setting next_dagrun for move_data_to_clickhouse to None, run_after=None
[2025-10-29T15:53:22.147+0000] {processor.py:183} INFO - Processing /opt/airflow/dags/etl_clickhouse.py took 0.888 seconds
[2025-10-29T15:53:52.546+0000] {processor.py:161} INFO - Started process (PID=1064) to work on /opt/airflow/dags/etl_clickhouse.py
[2025-10-29T15:53:52.547+0000] {processor.py:830} INFO - Processing file /opt/airflow/dags/etl_clickhouse.py for tasks to queue
[2025-10-29T15:53:52.551+0000] {logging_mixin.py:188} INFO - [2025-10-29T15:53:52.550+0000] {dagbag.py:545} INFO - Filling up the DagBag from /opt/airflow/dags/etl_clickhouse.py
[2025-10-29T15:53:53.086+0000] {processor.py:840} INFO - DAG(s) 'move_data_to_clickhouse' retrieved from /opt/airflow/dags/etl_clickhouse.py
[2025-10-29T15:53:53.490+0000] {logging_mixin.py:188} INFO - [2025-10-29T15:53:53.489+0000] {dag.py:3096} INFO - Sync 1 DAGs
[2025-10-29T15:53:53.519+0000] {logging_mixin.py:188} INFO - [2025-10-29T15:53:53.519+0000] {dag.py:3954} INFO - Setting next_dagrun for move_data_to_clickhouse to None, run_after=None
[2025-10-29T15:53:53.555+0000] {processor.py:183} INFO - Processing /opt/airflow/dags/etl_clickhouse.py took 1.019 seconds
[2025-10-29T15:54:23.977+0000] {processor.py:161} INFO - Started process (PID=1076) to work on /opt/airflow/dags/etl_clickhouse.py
[2025-10-29T15:54:23.979+0000] {processor.py:830} INFO - Processing file /opt/airflow/dags/etl_clickhouse.py for tasks to queue
[2025-10-29T15:54:23.982+0000] {logging_mixin.py:188} INFO - [2025-10-29T15:54:23.981+0000] {dagbag.py:545} INFO - Filling up the DagBag from /opt/airflow/dags/etl_clickhouse.py
[2025-10-29T15:54:24.833+0000] {processor.py:840} INFO - DAG(s) 'move_data_to_clickhouse' retrieved from /opt/airflow/dags/etl_clickhouse.py
[2025-10-29T15:54:24.868+0000] {logging_mixin.py:188} INFO - [2025-10-29T15:54:24.868+0000] {dag.py:3096} INFO - Sync 1 DAGs
[2025-10-29T15:54:24.883+0000] {logging_mixin.py:188} INFO - [2025-10-29T15:54:24.883+0000] {dag.py:3954} INFO - Setting next_dagrun for move_data_to_clickhouse to None, run_after=None
[2025-10-29T15:54:24.907+0000] {processor.py:183} INFO - Processing /opt/airflow/dags/etl_clickhouse.py took 0.946 seconds
[2025-10-29T15:54:55.221+0000] {processor.py:161} INFO - Started process (PID=1088) to work on /opt/airflow/dags/etl_clickhouse.py
[2025-10-29T15:54:55.222+0000] {processor.py:830} INFO - Processing file /opt/airflow/dags/etl_clickhouse.py for tasks to queue
[2025-10-29T15:54:55.225+0000] {logging_mixin.py:188} INFO - [2025-10-29T15:54:55.224+0000] {dagbag.py:545} INFO - Filling up the DagBag from /opt/airflow/dags/etl_clickhouse.py
[2025-10-29T15:54:55.979+0000] {processor.py:840} INFO - DAG(s) 'move_data_to_clickhouse' retrieved from /opt/airflow/dags/etl_clickhouse.py
[2025-10-29T15:54:56.023+0000] {logging_mixin.py:188} INFO - [2025-10-29T15:54:56.022+0000] {dag.py:3096} INFO - Sync 1 DAGs
[2025-10-29T15:54:56.042+0000] {logging_mixin.py:188} INFO - [2025-10-29T15:54:56.042+0000] {dag.py:3954} INFO - Setting next_dagrun for move_data_to_clickhouse to None, run_after=None
[2025-10-29T15:54:56.075+0000] {processor.py:183} INFO - Processing /opt/airflow/dags/etl_clickhouse.py took 0.862 seconds
[2025-10-29T15:55:26.516+0000] {processor.py:161} INFO - Started process (PID=1100) to work on /opt/airflow/dags/etl_clickhouse.py
[2025-10-29T15:55:26.518+0000] {processor.py:830} INFO - Processing file /opt/airflow/dags/etl_clickhouse.py for tasks to queue
[2025-10-29T15:55:26.520+0000] {logging_mixin.py:188} INFO - [2025-10-29T15:55:26.520+0000] {dagbag.py:545} INFO - Filling up the DagBag from /opt/airflow/dags/etl_clickhouse.py
[2025-10-29T15:55:27.266+0000] {processor.py:840} INFO - DAG(s) 'move_data_to_clickhouse' retrieved from /opt/airflow/dags/etl_clickhouse.py
[2025-10-29T15:55:27.305+0000] {logging_mixin.py:188} INFO - [2025-10-29T15:55:27.305+0000] {dag.py:3096} INFO - Sync 1 DAGs
[2025-10-29T15:55:27.328+0000] {logging_mixin.py:188} INFO - [2025-10-29T15:55:27.328+0000] {dag.py:3954} INFO - Setting next_dagrun for move_data_to_clickhouse to None, run_after=None
[2025-10-29T15:55:27.358+0000] {processor.py:183} INFO - Processing /opt/airflow/dags/etl_clickhouse.py took 0.851 seconds
[2025-10-29T15:55:57.813+0000] {processor.py:161} INFO - Started process (PID=1112) to work on /opt/airflow/dags/etl_clickhouse.py
[2025-10-29T15:55:57.814+0000] {processor.py:830} INFO - Processing file /opt/airflow/dags/etl_clickhouse.py for tasks to queue
[2025-10-29T15:55:57.817+0000] {logging_mixin.py:188} INFO - [2025-10-29T15:55:57.817+0000] {dagbag.py:545} INFO - Filling up the DagBag from /opt/airflow/dags/etl_clickhouse.py
[2025-10-29T15:55:58.353+0000] {processor.py:840} INFO - DAG(s) 'move_data_to_clickhouse' retrieved from /opt/airflow/dags/etl_clickhouse.py
[2025-10-29T15:55:58.653+0000] {logging_mixin.py:188} INFO - [2025-10-29T15:55:58.653+0000] {dag.py:3096} INFO - Sync 1 DAGs
[2025-10-29T15:55:58.673+0000] {logging_mixin.py:188} INFO - [2025-10-29T15:55:58.673+0000] {dag.py:3954} INFO - Setting next_dagrun for move_data_to_clickhouse to None, run_after=None
[2025-10-29T15:55:58.706+0000] {processor.py:183} INFO - Processing /opt/airflow/dags/etl_clickhouse.py took 0.905 seconds
[2025-10-29T15:56:29.126+0000] {processor.py:161} INFO - Started process (PID=1124) to work on /opt/airflow/dags/etl_clickhouse.py
[2025-10-29T15:56:29.128+0000] {processor.py:830} INFO - Processing file /opt/airflow/dags/etl_clickhouse.py for tasks to queue
[2025-10-29T15:56:29.131+0000] {logging_mixin.py:188} INFO - [2025-10-29T15:56:29.130+0000] {dagbag.py:545} INFO - Filling up the DagBag from /opt/airflow/dags/etl_clickhouse.py
[2025-10-29T15:56:29.831+0000] {processor.py:840} INFO - DAG(s) 'move_data_to_clickhouse' retrieved from /opt/airflow/dags/etl_clickhouse.py
[2025-10-29T15:56:29.866+0000] {logging_mixin.py:188} INFO - [2025-10-29T15:56:29.866+0000] {dag.py:3096} INFO - Sync 1 DAGs
[2025-10-29T15:56:29.882+0000] {logging_mixin.py:188} INFO - [2025-10-29T15:56:29.882+0000] {dag.py:3954} INFO - Setting next_dagrun for move_data_to_clickhouse to None, run_after=None
[2025-10-29T15:56:29.910+0000] {processor.py:183} INFO - Processing /opt/airflow/dags/etl_clickhouse.py took 0.794 seconds
[2025-10-29T15:57:00.446+0000] {processor.py:161} INFO - Started process (PID=1136) to work on /opt/airflow/dags/etl_clickhouse.py
[2025-10-29T15:57:00.447+0000] {processor.py:830} INFO - Processing file /opt/airflow/dags/etl_clickhouse.py for tasks to queue
[2025-10-29T15:57:00.450+0000] {logging_mixin.py:188} INFO - [2025-10-29T15:57:00.450+0000] {dagbag.py:545} INFO - Filling up the DagBag from /opt/airflow/dags/etl_clickhouse.py
[2025-10-29T15:57:01.361+0000] {processor.py:840} INFO - DAG(s) 'move_data_to_clickhouse' retrieved from /opt/airflow/dags/etl_clickhouse.py
[2025-10-29T15:57:01.399+0000] {logging_mixin.py:188} INFO - [2025-10-29T15:57:01.399+0000] {dag.py:3096} INFO - Sync 1 DAGs
[2025-10-29T15:57:01.415+0000] {logging_mixin.py:188} INFO - [2025-10-29T15:57:01.414+0000] {dag.py:3954} INFO - Setting next_dagrun for move_data_to_clickhouse to None, run_after=None
[2025-10-29T15:57:01.446+0000] {processor.py:183} INFO - Processing /opt/airflow/dags/etl_clickhouse.py took 1.009 seconds
[2025-10-29T15:57:31.791+0000] {processor.py:161} INFO - Started process (PID=1148) to work on /opt/airflow/dags/etl_clickhouse.py
[2025-10-29T15:57:31.793+0000] {processor.py:830} INFO - Processing file /opt/airflow/dags/etl_clickhouse.py for tasks to queue
[2025-10-29T15:57:31.797+0000] {logging_mixin.py:188} INFO - [2025-10-29T15:57:31.796+0000] {dagbag.py:545} INFO - Filling up the DagBag from /opt/airflow/dags/etl_clickhouse.py
[2025-10-29T15:57:32.679+0000] {processor.py:840} INFO - DAG(s) 'move_data_to_clickhouse' retrieved from /opt/airflow/dags/etl_clickhouse.py
[2025-10-29T15:57:32.735+0000] {logging_mixin.py:188} INFO - [2025-10-29T15:57:32.734+0000] {dag.py:3096} INFO - Sync 1 DAGs
[2025-10-29T15:57:32.754+0000] {logging_mixin.py:188} INFO - [2025-10-29T15:57:32.753+0000] {dag.py:3954} INFO - Setting next_dagrun for move_data_to_clickhouse to None, run_after=None
[2025-10-29T15:57:32.782+0000] {processor.py:183} INFO - Processing /opt/airflow/dags/etl_clickhouse.py took 1.002 seconds
[2025-10-29T15:58:03.078+0000] {processor.py:161} INFO - Started process (PID=1160) to work on /opt/airflow/dags/etl_clickhouse.py
[2025-10-29T15:58:03.080+0000] {processor.py:830} INFO - Processing file /opt/airflow/dags/etl_clickhouse.py for tasks to queue
[2025-10-29T15:58:03.083+0000] {logging_mixin.py:188} INFO - [2025-10-29T15:58:03.083+0000] {dagbag.py:545} INFO - Filling up the DagBag from /opt/airflow/dags/etl_clickhouse.py
[2025-10-29T15:58:03.542+0000] {processor.py:840} INFO - DAG(s) 'move_data_to_clickhouse' retrieved from /opt/airflow/dags/etl_clickhouse.py
[2025-10-29T15:58:03.805+0000] {logging_mixin.py:188} INFO - [2025-10-29T15:58:03.805+0000] {dag.py:3096} INFO - Sync 1 DAGs
[2025-10-29T15:58:03.820+0000] {logging_mixin.py:188} INFO - [2025-10-29T15:58:03.820+0000] {dag.py:3954} INFO - Setting next_dagrun for move_data_to_clickhouse to None, run_after=None
[2025-10-29T15:58:03.843+0000] {processor.py:183} INFO - Processing /opt/airflow/dags/etl_clickhouse.py took 0.774 seconds
[2025-10-29T15:58:34.388+0000] {processor.py:161} INFO - Started process (PID=1172) to work on /opt/airflow/dags/etl_clickhouse.py
[2025-10-29T15:58:34.390+0000] {processor.py:830} INFO - Processing file /opt/airflow/dags/etl_clickhouse.py for tasks to queue
[2025-10-29T15:58:34.393+0000] {logging_mixin.py:188} INFO - [2025-10-29T15:58:34.392+0000] {dagbag.py:545} INFO - Filling up the DagBag from /opt/airflow/dags/etl_clickhouse.py
[2025-10-29T15:58:35.097+0000] {processor.py:840} INFO - DAG(s) 'move_data_to_clickhouse' retrieved from /opt/airflow/dags/etl_clickhouse.py
[2025-10-29T15:58:35.131+0000] {logging_mixin.py:188} INFO - [2025-10-29T15:58:35.131+0000] {dag.py:3096} INFO - Sync 1 DAGs
[2025-10-29T15:58:35.143+0000] {logging_mixin.py:188} INFO - [2025-10-29T15:58:35.143+0000] {dag.py:3954} INFO - Setting next_dagrun for move_data_to_clickhouse to None, run_after=None
[2025-10-29T15:58:35.164+0000] {processor.py:183} INFO - Processing /opt/airflow/dags/etl_clickhouse.py took 0.785 seconds
[2025-10-29T15:59:05.785+0000] {processor.py:161} INFO - Started process (PID=1184) to work on /opt/airflow/dags/etl_clickhouse.py
[2025-10-29T15:59:05.787+0000] {processor.py:830} INFO - Processing file /opt/airflow/dags/etl_clickhouse.py for tasks to queue
[2025-10-29T15:59:05.790+0000] {logging_mixin.py:188} INFO - [2025-10-29T15:59:05.789+0000] {dagbag.py:545} INFO - Filling up the DagBag from /opt/airflow/dags/etl_clickhouse.py
[2025-10-29T15:59:06.499+0000] {processor.py:840} INFO - DAG(s) 'move_data_to_clickhouse' retrieved from /opt/airflow/dags/etl_clickhouse.py
[2025-10-29T15:59:06.535+0000] {logging_mixin.py:188} INFO - [2025-10-29T15:59:06.535+0000] {dag.py:3096} INFO - Sync 1 DAGs
[2025-10-29T15:59:06.549+0000] {logging_mixin.py:188} INFO - [2025-10-29T15:59:06.549+0000] {dag.py:3954} INFO - Setting next_dagrun for move_data_to_clickhouse to None, run_after=None
[2025-10-29T15:59:06.578+0000] {processor.py:183} INFO - Processing /opt/airflow/dags/etl_clickhouse.py took 0.802 seconds
[2025-10-29T15:59:37.017+0000] {processor.py:161} INFO - Started process (PID=1196) to work on /opt/airflow/dags/etl_clickhouse.py
[2025-10-29T15:59:37.018+0000] {processor.py:830} INFO - Processing file /opt/airflow/dags/etl_clickhouse.py for tasks to queue
[2025-10-29T15:59:37.021+0000] {logging_mixin.py:188} INFO - [2025-10-29T15:59:37.020+0000] {dagbag.py:545} INFO - Filling up the DagBag from /opt/airflow/dags/etl_clickhouse.py
[2025-10-29T15:59:37.721+0000] {processor.py:840} INFO - DAG(s) 'move_data_to_clickhouse' retrieved from /opt/airflow/dags/etl_clickhouse.py
[2025-10-29T15:59:37.755+0000] {logging_mixin.py:188} INFO - [2025-10-29T15:59:37.754+0000] {dag.py:3096} INFO - Sync 1 DAGs
[2025-10-29T15:59:37.769+0000] {logging_mixin.py:188} INFO - [2025-10-29T15:59:37.768+0000] {dag.py:3954} INFO - Setting next_dagrun for move_data_to_clickhouse to None, run_after=None
[2025-10-29T15:59:37.795+0000] {processor.py:183} INFO - Processing /opt/airflow/dags/etl_clickhouse.py took 0.787 seconds
[2025-10-29T16:00:08.227+0000] {processor.py:161} INFO - Started process (PID=1208) to work on /opt/airflow/dags/etl_clickhouse.py
[2025-10-29T16:00:08.229+0000] {processor.py:830} INFO - Processing file /opt/airflow/dags/etl_clickhouse.py for tasks to queue
[2025-10-29T16:00:08.234+0000] {logging_mixin.py:188} INFO - [2025-10-29T16:00:08.233+0000] {dagbag.py:545} INFO - Filling up the DagBag from /opt/airflow/dags/etl_clickhouse.py
[2025-10-29T16:00:08.838+0000] {processor.py:840} INFO - DAG(s) 'move_data_to_clickhouse' retrieved from /opt/airflow/dags/etl_clickhouse.py
[2025-10-29T16:00:09.219+0000] {logging_mixin.py:188} INFO - [2025-10-29T16:00:09.217+0000] {dag.py:3096} INFO - Sync 1 DAGs
[2025-10-29T16:00:09.237+0000] {logging_mixin.py:188} INFO - [2025-10-29T16:00:09.236+0000] {dag.py:3954} INFO - Setting next_dagrun for move_data_to_clickhouse to None, run_after=None
[2025-10-29T16:00:09.265+0000] {processor.py:183} INFO - Processing /opt/airflow/dags/etl_clickhouse.py took 1.047 seconds
[2025-10-29T16:00:39.674+0000] {processor.py:161} INFO - Started process (PID=1220) to work on /opt/airflow/dags/etl_clickhouse.py
[2025-10-29T16:00:39.676+0000] {processor.py:830} INFO - Processing file /opt/airflow/dags/etl_clickhouse.py for tasks to queue
[2025-10-29T16:00:39.680+0000] {logging_mixin.py:188} INFO - [2025-10-29T16:00:39.679+0000] {dagbag.py:545} INFO - Filling up the DagBag from /opt/airflow/dags/etl_clickhouse.py
[2025-10-29T16:00:40.459+0000] {processor.py:840} INFO - DAG(s) 'move_data_to_clickhouse' retrieved from /opt/airflow/dags/etl_clickhouse.py
[2025-10-29T16:00:40.505+0000] {logging_mixin.py:188} INFO - [2025-10-29T16:00:40.505+0000] {dag.py:3096} INFO - Sync 1 DAGs
[2025-10-29T16:00:40.521+0000] {logging_mixin.py:188} INFO - [2025-10-29T16:00:40.521+0000] {dag.py:3954} INFO - Setting next_dagrun for move_data_to_clickhouse to None, run_after=None
[2025-10-29T16:00:40.553+0000] {processor.py:183} INFO - Processing /opt/airflow/dags/etl_clickhouse.py took 0.893 seconds
[2025-10-29T16:01:11.148+0000] {processor.py:161} INFO - Started process (PID=1232) to work on /opt/airflow/dags/etl_clickhouse.py
[2025-10-29T16:01:11.167+0000] {processor.py:830} INFO - Processing file /opt/airflow/dags/etl_clickhouse.py for tasks to queue
[2025-10-29T16:01:11.186+0000] {logging_mixin.py:188} INFO - [2025-10-29T16:01:11.185+0000] {dagbag.py:545} INFO - Filling up the DagBag from /opt/airflow/dags/etl_clickhouse.py
[2025-10-29T16:01:12.101+0000] {processor.py:840} INFO - DAG(s) 'move_data_to_clickhouse' retrieved from /opt/airflow/dags/etl_clickhouse.py
[2025-10-29T16:01:12.133+0000] {logging_mixin.py:188} INFO - [2025-10-29T16:01:12.133+0000] {dag.py:3096} INFO - Sync 1 DAGs
[2025-10-29T16:01:12.148+0000] {logging_mixin.py:188} INFO - [2025-10-29T16:01:12.147+0000] {dag.py:3954} INFO - Setting next_dagrun for move_data_to_clickhouse to None, run_after=None
[2025-10-29T16:01:12.175+0000] {processor.py:183} INFO - Processing /opt/airflow/dags/etl_clickhouse.py took 1.055 seconds
[2025-10-29T16:01:42.694+0000] {processor.py:161} INFO - Started process (PID=1244) to work on /opt/airflow/dags/etl_clickhouse.py
[2025-10-29T16:01:42.696+0000] {processor.py:830} INFO - Processing file /opt/airflow/dags/etl_clickhouse.py for tasks to queue
[2025-10-29T16:01:42.699+0000] {logging_mixin.py:188} INFO - [2025-10-29T16:01:42.698+0000] {dagbag.py:545} INFO - Filling up the DagBag from /opt/airflow/dags/etl_clickhouse.py
[2025-10-29T16:01:43.403+0000] {processor.py:840} INFO - DAG(s) 'move_data_to_clickhouse' retrieved from /opt/airflow/dags/etl_clickhouse.py
[2025-10-29T16:01:43.436+0000] {logging_mixin.py:188} INFO - [2025-10-29T16:01:43.436+0000] {dag.py:3096} INFO - Sync 1 DAGs
[2025-10-29T16:01:43.456+0000] {logging_mixin.py:188} INFO - [2025-10-29T16:01:43.455+0000] {dag.py:3954} INFO - Setting next_dagrun for move_data_to_clickhouse to None, run_after=None
[2025-10-29T16:01:43.479+0000] {processor.py:183} INFO - Processing /opt/airflow/dags/etl_clickhouse.py took 0.795 seconds
[2025-10-29T16:02:13.927+0000] {processor.py:161} INFO - Started process (PID=1256) to work on /opt/airflow/dags/etl_clickhouse.py
[2025-10-29T16:02:13.928+0000] {processor.py:830} INFO - Processing file /opt/airflow/dags/etl_clickhouse.py for tasks to queue
[2025-10-29T16:02:13.931+0000] {logging_mixin.py:188} INFO - [2025-10-29T16:02:13.930+0000] {dagbag.py:545} INFO - Filling up the DagBag from /opt/airflow/dags/etl_clickhouse.py
[2025-10-29T16:02:14.648+0000] {processor.py:840} INFO - DAG(s) 'move_data_to_clickhouse' retrieved from /opt/airflow/dags/etl_clickhouse.py
[2025-10-29T16:02:14.684+0000] {logging_mixin.py:188} INFO - [2025-10-29T16:02:14.683+0000] {dag.py:3096} INFO - Sync 1 DAGs
[2025-10-29T16:02:14.701+0000] {logging_mixin.py:188} INFO - [2025-10-29T16:02:14.700+0000] {dag.py:3954} INFO - Setting next_dagrun for move_data_to_clickhouse to None, run_after=None
[2025-10-29T16:02:14.725+0000] {processor.py:183} INFO - Processing /opt/airflow/dags/etl_clickhouse.py took 0.807 seconds
[2025-10-29T16:02:44.993+0000] {processor.py:161} INFO - Started process (PID=1268) to work on /opt/airflow/dags/etl_clickhouse.py
[2025-10-29T16:02:44.994+0000] {processor.py:830} INFO - Processing file /opt/airflow/dags/etl_clickhouse.py for tasks to queue
[2025-10-29T16:02:44.997+0000] {logging_mixin.py:188} INFO - [2025-10-29T16:02:44.996+0000] {dagbag.py:545} INFO - Filling up the DagBag from /opt/airflow/dags/etl_clickhouse.py
[2025-10-29T16:02:45.751+0000] {processor.py:840} INFO - DAG(s) 'move_data_to_clickhouse' retrieved from /opt/airflow/dags/etl_clickhouse.py
[2025-10-29T16:02:45.790+0000] {logging_mixin.py:188} INFO - [2025-10-29T16:02:45.790+0000] {dag.py:3096} INFO - Sync 1 DAGs
[2025-10-29T16:02:45.805+0000] {logging_mixin.py:188} INFO - [2025-10-29T16:02:45.805+0000] {dag.py:3954} INFO - Setting next_dagrun for move_data_to_clickhouse to None, run_after=None
[2025-10-29T16:02:45.831+0000] {processor.py:183} INFO - Processing /opt/airflow/dags/etl_clickhouse.py took 0.848 seconds
[2025-10-29T16:03:16.102+0000] {processor.py:161} INFO - Started process (PID=1280) to work on /opt/airflow/dags/etl_clickhouse.py
[2025-10-29T16:03:16.104+0000] {processor.py:830} INFO - Processing file /opt/airflow/dags/etl_clickhouse.py for tasks to queue
[2025-10-29T16:03:16.106+0000] {logging_mixin.py:188} INFO - [2025-10-29T16:03:16.106+0000] {dagbag.py:545} INFO - Filling up the DagBag from /opt/airflow/dags/etl_clickhouse.py
[2025-10-29T16:03:16.841+0000] {processor.py:840} INFO - DAG(s) 'move_data_to_clickhouse' retrieved from /opt/airflow/dags/etl_clickhouse.py
[2025-10-29T16:03:16.883+0000] {logging_mixin.py:188} INFO - [2025-10-29T16:03:16.882+0000] {dag.py:3096} INFO - Sync 1 DAGs
[2025-10-29T16:03:16.902+0000] {logging_mixin.py:188} INFO - [2025-10-29T16:03:16.901+0000] {dag.py:3954} INFO - Setting next_dagrun for move_data_to_clickhouse to None, run_after=None
[2025-10-29T16:03:16.932+0000] {processor.py:183} INFO - Processing /opt/airflow/dags/etl_clickhouse.py took 0.839 seconds
[2025-10-29T16:03:47.386+0000] {processor.py:161} INFO - Started process (PID=1292) to work on /opt/airflow/dags/etl_clickhouse.py
[2025-10-29T16:03:47.388+0000] {processor.py:830} INFO - Processing file /opt/airflow/dags/etl_clickhouse.py for tasks to queue
[2025-10-29T16:03:47.391+0000] {logging_mixin.py:188} INFO - [2025-10-29T16:03:47.390+0000] {dagbag.py:545} INFO - Filling up the DagBag from /opt/airflow/dags/etl_clickhouse.py
[2025-10-29T16:03:48.126+0000] {processor.py:840} INFO - DAG(s) 'move_data_to_clickhouse' retrieved from /opt/airflow/dags/etl_clickhouse.py
[2025-10-29T16:03:48.165+0000] {logging_mixin.py:188} INFO - [2025-10-29T16:03:48.165+0000] {dag.py:3096} INFO - Sync 1 DAGs
[2025-10-29T16:03:48.179+0000] {logging_mixin.py:188} INFO - [2025-10-29T16:03:48.179+0000] {dag.py:3954} INFO - Setting next_dagrun for move_data_to_clickhouse to None, run_after=None
[2025-10-29T16:03:48.204+0000] {processor.py:183} INFO - Processing /opt/airflow/dags/etl_clickhouse.py took 0.827 seconds
[2025-10-29T16:04:18.704+0000] {processor.py:161} INFO - Started process (PID=1304) to work on /opt/airflow/dags/etl_clickhouse.py
[2025-10-29T16:04:18.705+0000] {processor.py:830} INFO - Processing file /opt/airflow/dags/etl_clickhouse.py for tasks to queue
[2025-10-29T16:04:18.708+0000] {logging_mixin.py:188} INFO - [2025-10-29T16:04:18.707+0000] {dagbag.py:545} INFO - Filling up the DagBag from /opt/airflow/dags/etl_clickhouse.py
[2025-10-29T16:04:19.398+0000] {processor.py:840} INFO - DAG(s) 'move_data_to_clickhouse' retrieved from /opt/airflow/dags/etl_clickhouse.py
[2025-10-29T16:04:19.430+0000] {logging_mixin.py:188} INFO - [2025-10-29T16:04:19.430+0000] {dag.py:3096} INFO - Sync 1 DAGs
[2025-10-29T16:04:19.445+0000] {logging_mixin.py:188} INFO - [2025-10-29T16:04:19.444+0000] {dag.py:3954} INFO - Setting next_dagrun for move_data_to_clickhouse to None, run_after=None
[2025-10-29T16:04:19.474+0000] {processor.py:183} INFO - Processing /opt/airflow/dags/etl_clickhouse.py took 0.778 seconds
[2025-10-29T16:04:50.050+0000] {processor.py:161} INFO - Started process (PID=1316) to work on /opt/airflow/dags/etl_clickhouse.py
[2025-10-29T16:04:50.053+0000] {processor.py:830} INFO - Processing file /opt/airflow/dags/etl_clickhouse.py for tasks to queue
[2025-10-29T16:04:50.058+0000] {logging_mixin.py:188} INFO - [2025-10-29T16:04:50.057+0000] {dagbag.py:545} INFO - Filling up the DagBag from /opt/airflow/dags/etl_clickhouse.py
[2025-10-29T16:04:50.888+0000] {processor.py:840} INFO - DAG(s) 'move_data_to_clickhouse' retrieved from /opt/airflow/dags/etl_clickhouse.py
[2025-10-29T16:04:50.929+0000] {logging_mixin.py:188} INFO - [2025-10-29T16:04:50.928+0000] {dag.py:3096} INFO - Sync 1 DAGs
[2025-10-29T16:04:50.943+0000] {logging_mixin.py:188} INFO - [2025-10-29T16:04:50.943+0000] {dag.py:3954} INFO - Setting next_dagrun for move_data_to_clickhouse to None, run_after=None
[2025-10-29T16:04:50.993+0000] {processor.py:183} INFO - Processing /opt/airflow/dags/etl_clickhouse.py took 0.958 seconds
[2025-10-29T16:05:21.307+0000] {processor.py:161} INFO - Started process (PID=1328) to work on /opt/airflow/dags/etl_clickhouse.py
[2025-10-29T16:05:21.309+0000] {processor.py:830} INFO - Processing file /opt/airflow/dags/etl_clickhouse.py for tasks to queue
[2025-10-29T16:05:21.312+0000] {logging_mixin.py:188} INFO - [2025-10-29T16:05:21.311+0000] {dagbag.py:545} INFO - Filling up the DagBag from /opt/airflow/dags/etl_clickhouse.py
[2025-10-29T16:05:22.056+0000] {processor.py:840} INFO - DAG(s) 'move_data_to_clickhouse' retrieved from /opt/airflow/dags/etl_clickhouse.py
[2025-10-29T16:05:22.094+0000] {logging_mixin.py:188} INFO - [2025-10-29T16:05:22.093+0000] {dag.py:3096} INFO - Sync 1 DAGs
[2025-10-29T16:05:22.107+0000] {logging_mixin.py:188} INFO - [2025-10-29T16:05:22.107+0000] {dag.py:3954} INFO - Setting next_dagrun for move_data_to_clickhouse to None, run_after=None
[2025-10-29T16:05:22.134+0000] {processor.py:183} INFO - Processing /opt/airflow/dags/etl_clickhouse.py took 0.837 seconds
[2025-10-29T16:05:52.608+0000] {processor.py:161} INFO - Started process (PID=1340) to work on /opt/airflow/dags/etl_clickhouse.py
[2025-10-29T16:05:52.610+0000] {processor.py:830} INFO - Processing file /opt/airflow/dags/etl_clickhouse.py for tasks to queue
[2025-10-29T16:05:52.613+0000] {logging_mixin.py:188} INFO - [2025-10-29T16:05:52.612+0000] {dagbag.py:545} INFO - Filling up the DagBag from /opt/airflow/dags/etl_clickhouse.py
[2025-10-29T16:05:53.369+0000] {processor.py:840} INFO - DAG(s) 'move_data_to_clickhouse' retrieved from /opt/airflow/dags/etl_clickhouse.py
[2025-10-29T16:05:53.407+0000] {logging_mixin.py:188} INFO - [2025-10-29T16:05:53.407+0000] {dag.py:3096} INFO - Sync 1 DAGs
[2025-10-29T16:05:53.421+0000] {logging_mixin.py:188} INFO - [2025-10-29T16:05:53.421+0000] {dag.py:3954} INFO - Setting next_dagrun for move_data_to_clickhouse to None, run_after=None
[2025-10-29T16:05:53.450+0000] {processor.py:183} INFO - Processing /opt/airflow/dags/etl_clickhouse.py took 0.853 seconds
[2025-10-29T16:06:23.908+0000] {processor.py:161} INFO - Started process (PID=1352) to work on /opt/airflow/dags/etl_clickhouse.py
[2025-10-29T16:06:23.909+0000] {processor.py:830} INFO - Processing file /opt/airflow/dags/etl_clickhouse.py for tasks to queue
[2025-10-29T16:06:23.912+0000] {logging_mixin.py:188} INFO - [2025-10-29T16:06:23.911+0000] {dagbag.py:545} INFO - Filling up the DagBag from /opt/airflow/dags/etl_clickhouse.py
[2025-10-29T16:06:24.682+0000] {processor.py:840} INFO - DAG(s) 'move_data_to_clickhouse' retrieved from /opt/airflow/dags/etl_clickhouse.py
[2025-10-29T16:06:24.716+0000] {logging_mixin.py:188} INFO - [2025-10-29T16:06:24.715+0000] {dag.py:3096} INFO - Sync 1 DAGs
[2025-10-29T16:06:24.731+0000] {logging_mixin.py:188} INFO - [2025-10-29T16:06:24.731+0000] {dag.py:3954} INFO - Setting next_dagrun for move_data_to_clickhouse to None, run_after=None
[2025-10-29T16:06:24.755+0000] {processor.py:183} INFO - Processing /opt/airflow/dags/etl_clickhouse.py took 0.857 seconds
[2025-10-29T16:06:55.168+0000] {processor.py:161} INFO - Started process (PID=1364) to work on /opt/airflow/dags/etl_clickhouse.py
[2025-10-29T16:06:55.170+0000] {processor.py:830} INFO - Processing file /opt/airflow/dags/etl_clickhouse.py for tasks to queue
[2025-10-29T16:06:55.173+0000] {logging_mixin.py:188} INFO - [2025-10-29T16:06:55.172+0000] {dagbag.py:545} INFO - Filling up the DagBag from /opt/airflow/dags/etl_clickhouse.py
[2025-10-29T16:06:55.850+0000] {processor.py:840} INFO - DAG(s) 'move_data_to_clickhouse' retrieved from /opt/airflow/dags/etl_clickhouse.py
[2025-10-29T16:06:55.888+0000] {logging_mixin.py:188} INFO - [2025-10-29T16:06:55.888+0000] {dag.py:3096} INFO - Sync 1 DAGs
[2025-10-29T16:06:55.902+0000] {logging_mixin.py:188} INFO - [2025-10-29T16:06:55.901+0000] {dag.py:3954} INFO - Setting next_dagrun for move_data_to_clickhouse to None, run_after=None
[2025-10-29T16:06:55.924+0000] {processor.py:183} INFO - Processing /opt/airflow/dags/etl_clickhouse.py took 0.769 seconds
[2025-10-29T16:07:26.431+0000] {processor.py:161} INFO - Started process (PID=1376) to work on /opt/airflow/dags/etl_clickhouse.py
[2025-10-29T16:07:26.433+0000] {processor.py:830} INFO - Processing file /opt/airflow/dags/etl_clickhouse.py for tasks to queue
[2025-10-29T16:07:26.435+0000] {logging_mixin.py:188} INFO - [2025-10-29T16:07:26.435+0000] {dagbag.py:545} INFO - Filling up the DagBag from /opt/airflow/dags/etl_clickhouse.py
[2025-10-29T16:07:27.125+0000] {processor.py:840} INFO - DAG(s) 'move_data_to_clickhouse' retrieved from /opt/airflow/dags/etl_clickhouse.py
[2025-10-29T16:07:27.161+0000] {logging_mixin.py:188} INFO - [2025-10-29T16:07:27.160+0000] {dag.py:3096} INFO - Sync 1 DAGs
[2025-10-29T16:07:27.174+0000] {logging_mixin.py:188} INFO - [2025-10-29T16:07:27.174+0000] {dag.py:3954} INFO - Setting next_dagrun for move_data_to_clickhouse to None, run_after=None
[2025-10-29T16:07:27.200+0000] {processor.py:183} INFO - Processing /opt/airflow/dags/etl_clickhouse.py took 0.777 seconds
[2025-10-29T16:07:57.635+0000] {processor.py:161} INFO - Started process (PID=1388) to work on /opt/airflow/dags/etl_clickhouse.py
[2025-10-29T16:07:57.637+0000] {processor.py:830} INFO - Processing file /opt/airflow/dags/etl_clickhouse.py for tasks to queue
[2025-10-29T16:07:57.640+0000] {logging_mixin.py:188} INFO - [2025-10-29T16:07:57.639+0000] {dagbag.py:545} INFO - Filling up the DagBag from /opt/airflow/dags/etl_clickhouse.py
[2025-10-29T16:07:58.334+0000] {processor.py:840} INFO - DAG(s) 'move_data_to_clickhouse' retrieved from /opt/airflow/dags/etl_clickhouse.py
[2025-10-29T16:07:58.368+0000] {logging_mixin.py:188} INFO - [2025-10-29T16:07:58.367+0000] {dag.py:3096} INFO - Sync 1 DAGs
[2025-10-29T16:07:58.382+0000] {logging_mixin.py:188} INFO - [2025-10-29T16:07:58.381+0000] {dag.py:3954} INFO - Setting next_dagrun for move_data_to_clickhouse to None, run_after=None
[2025-10-29T16:07:58.410+0000] {processor.py:183} INFO - Processing /opt/airflow/dags/etl_clickhouse.py took 0.784 seconds
[2025-10-29T16:08:28.837+0000] {processor.py:161} INFO - Started process (PID=1400) to work on /opt/airflow/dags/etl_clickhouse.py
[2025-10-29T16:08:28.838+0000] {processor.py:830} INFO - Processing file /opt/airflow/dags/etl_clickhouse.py for tasks to queue
[2025-10-29T16:08:28.841+0000] {logging_mixin.py:188} INFO - [2025-10-29T16:08:28.841+0000] {dagbag.py:545} INFO - Filling up the DagBag from /opt/airflow/dags/etl_clickhouse.py
[2025-10-29T16:08:29.727+0000] {processor.py:840} INFO - DAG(s) 'move_data_to_clickhouse' retrieved from /opt/airflow/dags/etl_clickhouse.py
[2025-10-29T16:08:29.762+0000] {logging_mixin.py:188} INFO - [2025-10-29T16:08:29.762+0000] {dag.py:3096} INFO - Sync 1 DAGs
[2025-10-29T16:08:29.778+0000] {logging_mixin.py:188} INFO - [2025-10-29T16:08:29.778+0000] {dag.py:3954} INFO - Setting next_dagrun for move_data_to_clickhouse to None, run_after=None
[2025-10-29T16:08:29.804+0000] {processor.py:183} INFO - Processing /opt/airflow/dags/etl_clickhouse.py took 0.976 seconds
[2025-10-29T16:09:00.154+0000] {processor.py:161} INFO - Started process (PID=1412) to work on /opt/airflow/dags/etl_clickhouse.py
[2025-10-29T16:09:00.155+0000] {processor.py:830} INFO - Processing file /opt/airflow/dags/etl_clickhouse.py for tasks to queue
[2025-10-29T16:09:00.158+0000] {logging_mixin.py:188} INFO - [2025-10-29T16:09:00.158+0000] {dagbag.py:545} INFO - Filling up the DagBag from /opt/airflow/dags/etl_clickhouse.py
[2025-10-29T16:09:00.790+0000] {processor.py:840} INFO - DAG(s) 'move_data_to_clickhouse' retrieved from /opt/airflow/dags/etl_clickhouse.py
[2025-10-29T16:09:00.824+0000] {logging_mixin.py:188} INFO - [2025-10-29T16:09:00.824+0000] {dag.py:3096} INFO - Sync 1 DAGs
[2025-10-29T16:09:00.838+0000] {logging_mixin.py:188} INFO - [2025-10-29T16:09:00.837+0000] {dag.py:3954} INFO - Setting next_dagrun for move_data_to_clickhouse to None, run_after=None
[2025-10-29T16:09:00.862+0000] {processor.py:183} INFO - Processing /opt/airflow/dags/etl_clickhouse.py took 0.718 seconds
[2025-10-29T16:09:31.332+0000] {processor.py:161} INFO - Started process (PID=1424) to work on /opt/airflow/dags/etl_clickhouse.py
[2025-10-29T16:09:31.333+0000] {processor.py:830} INFO - Processing file /opt/airflow/dags/etl_clickhouse.py for tasks to queue
[2025-10-29T16:09:31.336+0000] {logging_mixin.py:188} INFO - [2025-10-29T16:09:31.336+0000] {dagbag.py:545} INFO - Filling up the DagBag from /opt/airflow/dags/etl_clickhouse.py
[2025-10-29T16:09:32.186+0000] {processor.py:840} INFO - DAG(s) 'move_data_to_clickhouse' retrieved from /opt/airflow/dags/etl_clickhouse.py
[2025-10-29T16:09:32.220+0000] {logging_mixin.py:188} INFO - [2025-10-29T16:09:32.219+0000] {dag.py:3096} INFO - Sync 1 DAGs
[2025-10-29T16:09:32.233+0000] {logging_mixin.py:188} INFO - [2025-10-29T16:09:32.233+0000] {dag.py:3954} INFO - Setting next_dagrun for move_data_to_clickhouse to None, run_after=None
[2025-10-29T16:09:32.259+0000] {processor.py:183} INFO - Processing /opt/airflow/dags/etl_clickhouse.py took 0.936 seconds
[2025-10-29T16:10:02.663+0000] {processor.py:161} INFO - Started process (PID=1436) to work on /opt/airflow/dags/etl_clickhouse.py
[2025-10-29T16:10:02.665+0000] {processor.py:830} INFO - Processing file /opt/airflow/dags/etl_clickhouse.py for tasks to queue
[2025-10-29T16:10:02.669+0000] {logging_mixin.py:188} INFO - [2025-10-29T16:10:02.668+0000] {dagbag.py:545} INFO - Filling up the DagBag from /opt/airflow/dags/etl_clickhouse.py
[2025-10-29T16:10:03.366+0000] {processor.py:840} INFO - DAG(s) 'move_data_to_clickhouse' retrieved from /opt/airflow/dags/etl_clickhouse.py
[2025-10-29T16:10:03.398+0000] {logging_mixin.py:188} INFO - [2025-10-29T16:10:03.398+0000] {dag.py:3096} INFO - Sync 1 DAGs
[2025-10-29T16:10:03.411+0000] {logging_mixin.py:188} INFO - [2025-10-29T16:10:03.411+0000] {dag.py:3954} INFO - Setting next_dagrun for move_data_to_clickhouse to None, run_after=None
[2025-10-29T16:10:03.435+0000] {processor.py:183} INFO - Processing /opt/airflow/dags/etl_clickhouse.py took 0.784 seconds
[2025-10-29T16:10:33.862+0000] {processor.py:161} INFO - Started process (PID=1448) to work on /opt/airflow/dags/etl_clickhouse.py
[2025-10-29T16:10:33.863+0000] {processor.py:830} INFO - Processing file /opt/airflow/dags/etl_clickhouse.py for tasks to queue
[2025-10-29T16:10:33.866+0000] {logging_mixin.py:188} INFO - [2025-10-29T16:10:33.866+0000] {dagbag.py:545} INFO - Filling up the DagBag from /opt/airflow/dags/etl_clickhouse.py
[2025-10-29T16:10:34.560+0000] {processor.py:840} INFO - DAG(s) 'move_data_to_clickhouse' retrieved from /opt/airflow/dags/etl_clickhouse.py
[2025-10-29T16:10:34.593+0000] {logging_mixin.py:188} INFO - [2025-10-29T16:10:34.593+0000] {dag.py:3096} INFO - Sync 1 DAGs
[2025-10-29T16:10:34.609+0000] {logging_mixin.py:188} INFO - [2025-10-29T16:10:34.609+0000] {dag.py:3954} INFO - Setting next_dagrun for move_data_to_clickhouse to None, run_after=None
[2025-10-29T16:10:34.634+0000] {processor.py:183} INFO - Processing /opt/airflow/dags/etl_clickhouse.py took 0.781 seconds
[2025-10-29T16:11:05.061+0000] {processor.py:161} INFO - Started process (PID=1460) to work on /opt/airflow/dags/etl_clickhouse.py
[2025-10-29T16:11:05.063+0000] {processor.py:830} INFO - Processing file /opt/airflow/dags/etl_clickhouse.py for tasks to queue
[2025-10-29T16:11:05.068+0000] {logging_mixin.py:188} INFO - [2025-10-29T16:11:05.067+0000] {dagbag.py:545} INFO - Filling up the DagBag from /opt/airflow/dags/etl_clickhouse.py
[2025-10-29T16:11:05.933+0000] {processor.py:840} INFO - DAG(s) 'move_data_to_clickhouse' retrieved from /opt/airflow/dags/etl_clickhouse.py
[2025-10-29T16:11:05.976+0000] {logging_mixin.py:188} INFO - [2025-10-29T16:11:05.976+0000] {dag.py:3096} INFO - Sync 1 DAGs
[2025-10-29T16:11:05.995+0000] {logging_mixin.py:188} INFO - [2025-10-29T16:11:05.995+0000] {dag.py:3954} INFO - Setting next_dagrun for move_data_to_clickhouse to None, run_after=None
[2025-10-29T16:11:06.021+0000] {processor.py:183} INFO - Processing /opt/airflow/dags/etl_clickhouse.py took 0.975 seconds
[2025-10-29T16:11:36.429+0000] {processor.py:161} INFO - Started process (PID=1472) to work on /opt/airflow/dags/etl_clickhouse.py
[2025-10-29T16:11:36.430+0000] {processor.py:830} INFO - Processing file /opt/airflow/dags/etl_clickhouse.py for tasks to queue
[2025-10-29T16:11:36.433+0000] {logging_mixin.py:188} INFO - [2025-10-29T16:11:36.433+0000] {dagbag.py:545} INFO - Filling up the DagBag from /opt/airflow/dags/etl_clickhouse.py
[2025-10-29T16:11:37.126+0000] {processor.py:840} INFO - DAG(s) 'move_data_to_clickhouse' retrieved from /opt/airflow/dags/etl_clickhouse.py
[2025-10-29T16:11:37.157+0000] {logging_mixin.py:188} INFO - [2025-10-29T16:11:37.157+0000] {dag.py:3096} INFO - Sync 1 DAGs
[2025-10-29T16:11:37.170+0000] {logging_mixin.py:188} INFO - [2025-10-29T16:11:37.170+0000] {dag.py:3954} INFO - Setting next_dagrun for move_data_to_clickhouse to None, run_after=None
[2025-10-29T16:11:37.192+0000] {processor.py:183} INFO - Processing /opt/airflow/dags/etl_clickhouse.py took 0.774 seconds
[2025-10-29T16:12:07.679+0000] {processor.py:161} INFO - Started process (PID=1484) to work on /opt/airflow/dags/etl_clickhouse.py
[2025-10-29T16:12:07.681+0000] {processor.py:830} INFO - Processing file /opt/airflow/dags/etl_clickhouse.py for tasks to queue
[2025-10-29T16:12:07.683+0000] {logging_mixin.py:188} INFO - [2025-10-29T16:12:07.683+0000] {dagbag.py:545} INFO - Filling up the DagBag from /opt/airflow/dags/etl_clickhouse.py
[2025-10-29T16:12:08.376+0000] {processor.py:840} INFO - DAG(s) 'move_data_to_clickhouse' retrieved from /opt/airflow/dags/etl_clickhouse.py
[2025-10-29T16:12:08.409+0000] {logging_mixin.py:188} INFO - [2025-10-29T16:12:08.408+0000] {dag.py:3096} INFO - Sync 1 DAGs
[2025-10-29T16:12:08.421+0000] {logging_mixin.py:188} INFO - [2025-10-29T16:12:08.421+0000] {dag.py:3954} INFO - Setting next_dagrun for move_data_to_clickhouse to None, run_after=None
[2025-10-29T16:12:08.444+0000] {processor.py:183} INFO - Processing /opt/airflow/dags/etl_clickhouse.py took 0.775 seconds
[2025-10-29T16:12:38.926+0000] {processor.py:161} INFO - Started process (PID=1496) to work on /opt/airflow/dags/etl_clickhouse.py
[2025-10-29T16:12:38.928+0000] {processor.py:830} INFO - Processing file /opt/airflow/dags/etl_clickhouse.py for tasks to queue
[2025-10-29T16:12:38.931+0000] {logging_mixin.py:188} INFO - [2025-10-29T16:12:38.930+0000] {dagbag.py:545} INFO - Filling up the DagBag from /opt/airflow/dags/etl_clickhouse.py
[2025-10-29T16:12:39.884+0000] {processor.py:840} INFO - DAG(s) 'move_data_to_clickhouse' retrieved from /opt/airflow/dags/etl_clickhouse.py
[2025-10-29T16:12:39.938+0000] {logging_mixin.py:188} INFO - [2025-10-29T16:12:39.938+0000] {dag.py:3096} INFO - Sync 1 DAGs
[2025-10-29T16:12:39.956+0000] {logging_mixin.py:188} INFO - [2025-10-29T16:12:39.955+0000] {dag.py:3954} INFO - Setting next_dagrun for move_data_to_clickhouse to None, run_after=None
[2025-10-29T16:12:39.995+0000] {processor.py:183} INFO - Processing /opt/airflow/dags/etl_clickhouse.py took 1.079 seconds
[2025-10-29T16:13:10.361+0000] {processor.py:161} INFO - Started process (PID=1508) to work on /opt/airflow/dags/etl_clickhouse.py
[2025-10-29T16:13:10.364+0000] {processor.py:830} INFO - Processing file /opt/airflow/dags/etl_clickhouse.py for tasks to queue
[2025-10-29T16:13:10.374+0000] {logging_mixin.py:188} INFO - [2025-10-29T16:13:10.373+0000] {dagbag.py:545} INFO - Filling up the DagBag from /opt/airflow/dags/etl_clickhouse.py
[2025-10-29T16:13:11.188+0000] {processor.py:840} INFO - DAG(s) 'move_data_to_clickhouse' retrieved from /opt/airflow/dags/etl_clickhouse.py
[2025-10-29T16:13:11.224+0000] {logging_mixin.py:188} INFO - [2025-10-29T16:13:11.223+0000] {dag.py:3096} INFO - Sync 1 DAGs
[2025-10-29T16:13:11.238+0000] {logging_mixin.py:188} INFO - [2025-10-29T16:13:11.237+0000] {dag.py:3954} INFO - Setting next_dagrun for move_data_to_clickhouse to None, run_after=None
[2025-10-29T16:13:11.268+0000] {processor.py:183} INFO - Processing /opt/airflow/dags/etl_clickhouse.py took 0.922 seconds
[2025-10-29T16:13:41.697+0000] {processor.py:161} INFO - Started process (PID=1520) to work on /opt/airflow/dags/etl_clickhouse.py
[2025-10-29T16:13:41.698+0000] {processor.py:830} INFO - Processing file /opt/airflow/dags/etl_clickhouse.py for tasks to queue
[2025-10-29T16:13:41.701+0000] {logging_mixin.py:188} INFO - [2025-10-29T16:13:41.701+0000] {dagbag.py:545} INFO - Filling up the DagBag from /opt/airflow/dags/etl_clickhouse.py
[2025-10-29T16:13:42.576+0000] {processor.py:840} INFO - DAG(s) 'move_data_to_clickhouse' retrieved from /opt/airflow/dags/etl_clickhouse.py
[2025-10-29T16:13:42.616+0000] {logging_mixin.py:188} INFO - [2025-10-29T16:13:42.615+0000] {dag.py:3096} INFO - Sync 1 DAGs
[2025-10-29T16:13:42.633+0000] {logging_mixin.py:188} INFO - [2025-10-29T16:13:42.633+0000] {dag.py:3954} INFO - Setting next_dagrun for move_data_to_clickhouse to None, run_after=None
[2025-10-29T16:13:42.659+0000] {processor.py:183} INFO - Processing /opt/airflow/dags/etl_clickhouse.py took 0.972 seconds
[2025-10-29T16:14:13.008+0000] {processor.py:161} INFO - Started process (PID=1532) to work on /opt/airflow/dags/etl_clickhouse.py
[2025-10-29T16:14:13.010+0000] {processor.py:830} INFO - Processing file /opt/airflow/dags/etl_clickhouse.py for tasks to queue
[2025-10-29T16:14:13.012+0000] {logging_mixin.py:188} INFO - [2025-10-29T16:14:13.012+0000] {dagbag.py:545} INFO - Filling up the DagBag from /opt/airflow/dags/etl_clickhouse.py
[2025-10-29T16:14:13.658+0000] {processor.py:840} INFO - DAG(s) 'move_data_to_clickhouse' retrieved from /opt/airflow/dags/etl_clickhouse.py
[2025-10-29T16:14:13.694+0000] {logging_mixin.py:188} INFO - [2025-10-29T16:14:13.694+0000] {dag.py:3096} INFO - Sync 1 DAGs
[2025-10-29T16:14:13.708+0000] {logging_mixin.py:188} INFO - [2025-10-29T16:14:13.708+0000] {dag.py:3954} INFO - Setting next_dagrun for move_data_to_clickhouse to None, run_after=None
[2025-10-29T16:14:13.733+0000] {processor.py:183} INFO - Processing /opt/airflow/dags/etl_clickhouse.py took 0.735 seconds
[2025-10-29T16:14:44.059+0000] {processor.py:161} INFO - Started process (PID=1544) to work on /opt/airflow/dags/etl_clickhouse.py
[2025-10-29T16:14:44.060+0000] {processor.py:830} INFO - Processing file /opt/airflow/dags/etl_clickhouse.py for tasks to queue
[2025-10-29T16:14:44.064+0000] {logging_mixin.py:188} INFO - [2025-10-29T16:14:44.063+0000] {dagbag.py:545} INFO - Filling up the DagBag from /opt/airflow/dags/etl_clickhouse.py
[2025-10-29T16:14:44.810+0000] {processor.py:840} INFO - DAG(s) 'move_data_to_clickhouse' retrieved from /opt/airflow/dags/etl_clickhouse.py
[2025-10-29T16:14:44.850+0000] {logging_mixin.py:188} INFO - [2025-10-29T16:14:44.850+0000] {dag.py:3096} INFO - Sync 1 DAGs
[2025-10-29T16:14:44.869+0000] {logging_mixin.py:188} INFO - [2025-10-29T16:14:44.868+0000] {dag.py:3954} INFO - Setting next_dagrun for move_data_to_clickhouse to None, run_after=None
[2025-10-29T16:14:44.899+0000] {processor.py:183} INFO - Processing /opt/airflow/dags/etl_clickhouse.py took 0.850 seconds
[2025-10-29T16:15:15.209+0000] {processor.py:161} INFO - Started process (PID=1556) to work on /opt/airflow/dags/etl_clickhouse.py
[2025-10-29T16:15:15.211+0000] {processor.py:830} INFO - Processing file /opt/airflow/dags/etl_clickhouse.py for tasks to queue
[2025-10-29T16:15:15.213+0000] {logging_mixin.py:188} INFO - [2025-10-29T16:15:15.213+0000] {dagbag.py:545} INFO - Filling up the DagBag from /opt/airflow/dags/etl_clickhouse.py
[2025-10-29T16:15:15.939+0000] {processor.py:840} INFO - DAG(s) 'move_data_to_clickhouse' retrieved from /opt/airflow/dags/etl_clickhouse.py
[2025-10-29T16:15:15.971+0000] {logging_mixin.py:188} INFO - [2025-10-29T16:15:15.971+0000] {dag.py:3096} INFO - Sync 1 DAGs
[2025-10-29T16:15:15.988+0000] {logging_mixin.py:188} INFO - [2025-10-29T16:15:15.988+0000] {dag.py:3954} INFO - Setting next_dagrun for move_data_to_clickhouse to None, run_after=None
[2025-10-29T16:15:16.014+0000] {processor.py:183} INFO - Processing /opt/airflow/dags/etl_clickhouse.py took 0.816 seconds
[2025-10-29T16:15:46.399+0000] {processor.py:161} INFO - Started process (PID=1568) to work on /opt/airflow/dags/etl_clickhouse.py
[2025-10-29T16:15:46.400+0000] {processor.py:830} INFO - Processing file /opt/airflow/dags/etl_clickhouse.py for tasks to queue
[2025-10-29T16:15:46.403+0000] {logging_mixin.py:188} INFO - [2025-10-29T16:15:46.403+0000] {dagbag.py:545} INFO - Filling up the DagBag from /opt/airflow/dags/etl_clickhouse.py
[2025-10-29T16:15:47.154+0000] {processor.py:840} INFO - DAG(s) 'move_data_to_clickhouse' retrieved from /opt/airflow/dags/etl_clickhouse.py
[2025-10-29T16:15:47.186+0000] {logging_mixin.py:188} INFO - [2025-10-29T16:15:47.186+0000] {dag.py:3096} INFO - Sync 1 DAGs
[2025-10-29T16:15:47.198+0000] {logging_mixin.py:188} INFO - [2025-10-29T16:15:47.198+0000] {dag.py:3954} INFO - Setting next_dagrun for move_data_to_clickhouse to None, run_after=None
[2025-10-29T16:15:47.223+0000] {processor.py:183} INFO - Processing /opt/airflow/dags/etl_clickhouse.py took 0.834 seconds
[2025-10-29T16:16:17.683+0000] {processor.py:161} INFO - Started process (PID=1580) to work on /opt/airflow/dags/etl_clickhouse.py
[2025-10-29T16:16:17.684+0000] {processor.py:830} INFO - Processing file /opt/airflow/dags/etl_clickhouse.py for tasks to queue
[2025-10-29T16:16:17.687+0000] {logging_mixin.py:188} INFO - [2025-10-29T16:16:17.687+0000] {dagbag.py:545} INFO - Filling up the DagBag from /opt/airflow/dags/etl_clickhouse.py
[2025-10-29T16:16:18.543+0000] {processor.py:840} INFO - DAG(s) 'move_data_to_clickhouse' retrieved from /opt/airflow/dags/etl_clickhouse.py
[2025-10-29T16:16:18.587+0000] {logging_mixin.py:188} INFO - [2025-10-29T16:16:18.587+0000] {dag.py:3096} INFO - Sync 1 DAGs
[2025-10-29T16:16:18.602+0000] {logging_mixin.py:188} INFO - [2025-10-29T16:16:18.601+0000] {dag.py:3954} INFO - Setting next_dagrun for move_data_to_clickhouse to None, run_after=None
[2025-10-29T16:16:18.631+0000] {processor.py:183} INFO - Processing /opt/airflow/dags/etl_clickhouse.py took 0.958 seconds
[2025-10-29T16:16:49.029+0000] {processor.py:161} INFO - Started process (PID=1592) to work on /opt/airflow/dags/etl_clickhouse.py
[2025-10-29T16:16:49.031+0000] {processor.py:830} INFO - Processing file /opt/airflow/dags/etl_clickhouse.py for tasks to queue
[2025-10-29T16:16:49.034+0000] {logging_mixin.py:188} INFO - [2025-10-29T16:16:49.033+0000] {dagbag.py:545} INFO - Filling up the DagBag from /opt/airflow/dags/etl_clickhouse.py
[2025-10-29T16:16:49.819+0000] {processor.py:840} INFO - DAG(s) 'move_data_to_clickhouse' retrieved from /opt/airflow/dags/etl_clickhouse.py
[2025-10-29T16:16:49.852+0000] {logging_mixin.py:188} INFO - [2025-10-29T16:16:49.851+0000] {dag.py:3096} INFO - Sync 1 DAGs
[2025-10-29T16:16:49.865+0000] {logging_mixin.py:188} INFO - [2025-10-29T16:16:49.864+0000] {dag.py:3954} INFO - Setting next_dagrun for move_data_to_clickhouse to None, run_after=None
[2025-10-29T16:16:49.888+0000] {processor.py:183} INFO - Processing /opt/airflow/dags/etl_clickhouse.py took 0.870 seconds
[2025-10-29T16:17:20.280+0000] {processor.py:161} INFO - Started process (PID=1604) to work on /opt/airflow/dags/etl_clickhouse.py
[2025-10-29T16:17:20.282+0000] {processor.py:830} INFO - Processing file /opt/airflow/dags/etl_clickhouse.py for tasks to queue
[2025-10-29T16:17:20.285+0000] {logging_mixin.py:188} INFO - [2025-10-29T16:17:20.284+0000] {dagbag.py:545} INFO - Filling up the DagBag from /opt/airflow/dags/etl_clickhouse.py
[2025-10-29T16:17:21.182+0000] {processor.py:840} INFO - DAG(s) 'move_data_to_clickhouse' retrieved from /opt/airflow/dags/etl_clickhouse.py
[2025-10-29T16:17:21.218+0000] {logging_mixin.py:188} INFO - [2025-10-29T16:17:21.217+0000] {dag.py:3096} INFO - Sync 1 DAGs
[2025-10-29T16:17:21.236+0000] {logging_mixin.py:188} INFO - [2025-10-29T16:17:21.236+0000] {dag.py:3954} INFO - Setting next_dagrun for move_data_to_clickhouse to None, run_after=None
[2025-10-29T16:17:21.265+0000] {processor.py:183} INFO - Processing /opt/airflow/dags/etl_clickhouse.py took 0.993 seconds
[2025-10-29T16:17:51.593+0000] {processor.py:161} INFO - Started process (PID=1616) to work on /opt/airflow/dags/etl_clickhouse.py
[2025-10-29T16:17:51.595+0000] {processor.py:830} INFO - Processing file /opt/airflow/dags/etl_clickhouse.py for tasks to queue
[2025-10-29T16:17:51.598+0000] {logging_mixin.py:188} INFO - [2025-10-29T16:17:51.597+0000] {dagbag.py:545} INFO - Filling up the DagBag from /opt/airflow/dags/etl_clickhouse.py
[2025-10-29T16:17:52.326+0000] {processor.py:840} INFO - DAG(s) 'move_data_to_clickhouse' retrieved from /opt/airflow/dags/etl_clickhouse.py
[2025-10-29T16:17:52.363+0000] {logging_mixin.py:188} INFO - [2025-10-29T16:17:52.362+0000] {dag.py:3096} INFO - Sync 1 DAGs
[2025-10-29T16:17:52.375+0000] {logging_mixin.py:188} INFO - [2025-10-29T16:17:52.375+0000] {dag.py:3954} INFO - Setting next_dagrun for move_data_to_clickhouse to None, run_after=None
[2025-10-29T16:17:52.404+0000] {processor.py:183} INFO - Processing /opt/airflow/dags/etl_clickhouse.py took 0.823 seconds
[2025-10-29T16:18:22.743+0000] {processor.py:161} INFO - Started process (PID=1628) to work on /opt/airflow/dags/etl_clickhouse.py
[2025-10-29T16:18:22.745+0000] {processor.py:830} INFO - Processing file /opt/airflow/dags/etl_clickhouse.py for tasks to queue
[2025-10-29T16:18:22.749+0000] {logging_mixin.py:188} INFO - [2025-10-29T16:18:22.748+0000] {dagbag.py:545} INFO - Filling up the DagBag from /opt/airflow/dags/etl_clickhouse.py
[2025-10-29T16:18:23.472+0000] {processor.py:840} INFO - DAG(s) 'move_data_to_clickhouse' retrieved from /opt/airflow/dags/etl_clickhouse.py
[2025-10-29T16:18:23.505+0000] {logging_mixin.py:188} INFO - [2025-10-29T16:18:23.505+0000] {dag.py:3096} INFO - Sync 1 DAGs
[2025-10-29T16:18:23.519+0000] {logging_mixin.py:188} INFO - [2025-10-29T16:18:23.518+0000] {dag.py:3954} INFO - Setting next_dagrun for move_data_to_clickhouse to None, run_after=None
[2025-10-29T16:18:23.544+0000] {processor.py:183} INFO - Processing /opt/airflow/dags/etl_clickhouse.py took 0.809 seconds
[2025-10-29T16:18:53.945+0000] {processor.py:161} INFO - Started process (PID=1640) to work on /opt/airflow/dags/etl_clickhouse.py
[2025-10-29T16:18:53.946+0000] {processor.py:830} INFO - Processing file /opt/airflow/dags/etl_clickhouse.py for tasks to queue
[2025-10-29T16:18:53.949+0000] {logging_mixin.py:188} INFO - [2025-10-29T16:18:53.948+0000] {dagbag.py:545} INFO - Filling up the DagBag from /opt/airflow/dags/etl_clickhouse.py
[2025-10-29T16:18:54.657+0000] {processor.py:840} INFO - DAG(s) 'move_data_to_clickhouse' retrieved from /opt/airflow/dags/etl_clickhouse.py
[2025-10-29T16:18:54.689+0000] {logging_mixin.py:188} INFO - [2025-10-29T16:18:54.688+0000] {dag.py:3096} INFO - Sync 1 DAGs
[2025-10-29T16:18:54.705+0000] {logging_mixin.py:188} INFO - [2025-10-29T16:18:54.704+0000] {dag.py:3954} INFO - Setting next_dagrun for move_data_to_clickhouse to None, run_after=None
[2025-10-29T16:18:54.735+0000] {processor.py:183} INFO - Processing /opt/airflow/dags/etl_clickhouse.py took 0.799 seconds
[2025-10-29T16:19:25.021+0000] {processor.py:161} INFO - Started process (PID=1652) to work on /opt/airflow/dags/etl_clickhouse.py
[2025-10-29T16:19:25.023+0000] {processor.py:830} INFO - Processing file /opt/airflow/dags/etl_clickhouse.py for tasks to queue
[2025-10-29T16:19:25.026+0000] {logging_mixin.py:188} INFO - [2025-10-29T16:19:25.026+0000] {dagbag.py:545} INFO - Filling up the DagBag from /opt/airflow/dags/etl_clickhouse.py
[2025-10-29T16:19:25.897+0000] {processor.py:840} INFO - DAG(s) 'move_data_to_clickhouse' retrieved from /opt/airflow/dags/etl_clickhouse.py
[2025-10-29T16:19:25.942+0000] {logging_mixin.py:188} INFO - [2025-10-29T16:19:25.941+0000] {dag.py:3096} INFO - Sync 1 DAGs
[2025-10-29T16:19:25.960+0000] {logging_mixin.py:188} INFO - [2025-10-29T16:19:25.959+0000] {dag.py:3954} INFO - Setting next_dagrun for move_data_to_clickhouse to None, run_after=None
[2025-10-29T16:19:25.987+0000] {processor.py:183} INFO - Processing /opt/airflow/dags/etl_clickhouse.py took 0.975 seconds
[2025-10-29T16:19:56.332+0000] {processor.py:161} INFO - Started process (PID=1664) to work on /opt/airflow/dags/etl_clickhouse.py
[2025-10-29T16:19:56.333+0000] {processor.py:830} INFO - Processing file /opt/airflow/dags/etl_clickhouse.py for tasks to queue
[2025-10-29T16:19:56.336+0000] {logging_mixin.py:188} INFO - [2025-10-29T16:19:56.336+0000] {dagbag.py:545} INFO - Filling up the DagBag from /opt/airflow/dags/etl_clickhouse.py
[2025-10-29T16:19:57.049+0000] {processor.py:840} INFO - DAG(s) 'move_data_to_clickhouse' retrieved from /opt/airflow/dags/etl_clickhouse.py
[2025-10-29T16:19:57.097+0000] {logging_mixin.py:188} INFO - [2025-10-29T16:19:57.096+0000] {dag.py:3096} INFO - Sync 1 DAGs
[2025-10-29T16:19:57.111+0000] {logging_mixin.py:188} INFO - [2025-10-29T16:19:57.111+0000] {dag.py:3954} INFO - Setting next_dagrun for move_data_to_clickhouse to None, run_after=None
[2025-10-29T16:19:57.138+0000] {processor.py:183} INFO - Processing /opt/airflow/dags/etl_clickhouse.py took 0.815 seconds
[2025-10-29T16:20:27.562+0000] {processor.py:161} INFO - Started process (PID=1676) to work on /opt/airflow/dags/etl_clickhouse.py
[2025-10-29T16:20:27.564+0000] {processor.py:830} INFO - Processing file /opt/airflow/dags/etl_clickhouse.py for tasks to queue
[2025-10-29T16:20:27.566+0000] {logging_mixin.py:188} INFO - [2025-10-29T16:20:27.566+0000] {dagbag.py:545} INFO - Filling up the DagBag from /opt/airflow/dags/etl_clickhouse.py
[2025-10-29T16:20:28.293+0000] {processor.py:840} INFO - DAG(s) 'move_data_to_clickhouse' retrieved from /opt/airflow/dags/etl_clickhouse.py
[2025-10-29T16:20:28.335+0000] {logging_mixin.py:188} INFO - [2025-10-29T16:20:28.335+0000] {dag.py:3096} INFO - Sync 1 DAGs
[2025-10-29T16:20:28.353+0000] {logging_mixin.py:188} INFO - [2025-10-29T16:20:28.353+0000] {dag.py:3954} INFO - Setting next_dagrun for move_data_to_clickhouse to None, run_after=None
[2025-10-29T16:20:28.379+0000] {processor.py:183} INFO - Processing /opt/airflow/dags/etl_clickhouse.py took 0.827 seconds
[2025-10-29T16:20:58.834+0000] {processor.py:161} INFO - Started process (PID=1688) to work on /opt/airflow/dags/etl_clickhouse.py
[2025-10-29T16:20:58.835+0000] {processor.py:830} INFO - Processing file /opt/airflow/dags/etl_clickhouse.py for tasks to queue
[2025-10-29T16:20:58.838+0000] {logging_mixin.py:188} INFO - [2025-10-29T16:20:58.838+0000] {dagbag.py:545} INFO - Filling up the DagBag from /opt/airflow/dags/etl_clickhouse.py
[2025-10-29T16:20:59.521+0000] {processor.py:840} INFO - DAG(s) 'move_data_to_clickhouse' retrieved from /opt/airflow/dags/etl_clickhouse.py
[2025-10-29T16:20:59.556+0000] {logging_mixin.py:188} INFO - [2025-10-29T16:20:59.556+0000] {dag.py:3096} INFO - Sync 1 DAGs
[2025-10-29T16:20:59.570+0000] {logging_mixin.py:188} INFO - [2025-10-29T16:20:59.569+0000] {dag.py:3954} INFO - Setting next_dagrun for move_data_to_clickhouse to None, run_after=None
[2025-10-29T16:20:59.595+0000] {processor.py:183} INFO - Processing /opt/airflow/dags/etl_clickhouse.py took 0.770 seconds
[2025-10-29T16:21:30.091+0000] {processor.py:161} INFO - Started process (PID=1700) to work on /opt/airflow/dags/etl_clickhouse.py
[2025-10-29T16:21:30.092+0000] {processor.py:830} INFO - Processing file /opt/airflow/dags/etl_clickhouse.py for tasks to queue
[2025-10-29T16:21:30.095+0000] {logging_mixin.py:188} INFO - [2025-10-29T16:21:30.095+0000] {dagbag.py:545} INFO - Filling up the DagBag from /opt/airflow/dags/etl_clickhouse.py
[2025-10-29T16:21:30.768+0000] {processor.py:840} INFO - DAG(s) 'move_data_to_clickhouse' retrieved from /opt/airflow/dags/etl_clickhouse.py
[2025-10-29T16:21:30.801+0000] {logging_mixin.py:188} INFO - [2025-10-29T16:21:30.801+0000] {dag.py:3096} INFO - Sync 1 DAGs
[2025-10-29T16:21:30.816+0000] {logging_mixin.py:188} INFO - [2025-10-29T16:21:30.815+0000] {dag.py:3954} INFO - Setting next_dagrun for move_data_to_clickhouse to None, run_after=None
[2025-10-29T16:21:30.840+0000] {processor.py:183} INFO - Processing /opt/airflow/dags/etl_clickhouse.py took 0.758 seconds
[2025-10-29T16:22:01.273+0000] {processor.py:161} INFO - Started process (PID=1712) to work on /opt/airflow/dags/etl_clickhouse.py
[2025-10-29T16:22:01.275+0000] {processor.py:830} INFO - Processing file /opt/airflow/dags/etl_clickhouse.py for tasks to queue
[2025-10-29T16:22:01.277+0000] {logging_mixin.py:188} INFO - [2025-10-29T16:22:01.277+0000] {dagbag.py:545} INFO - Filling up the DagBag from /opt/airflow/dags/etl_clickhouse.py
[2025-10-29T16:22:01.969+0000] {processor.py:840} INFO - DAG(s) 'move_data_to_clickhouse' retrieved from /opt/airflow/dags/etl_clickhouse.py
[2025-10-29T16:22:02.006+0000] {logging_mixin.py:188} INFO - [2025-10-29T16:22:02.005+0000] {dag.py:3096} INFO - Sync 1 DAGs
[2025-10-29T16:22:02.019+0000] {logging_mixin.py:188} INFO - [2025-10-29T16:22:02.019+0000] {dag.py:3954} INFO - Setting next_dagrun for move_data_to_clickhouse to None, run_after=None
[2025-10-29T16:22:02.050+0000] {processor.py:183} INFO - Processing /opt/airflow/dags/etl_clickhouse.py took 0.789 seconds
[2025-10-29T16:22:32.479+0000] {processor.py:161} INFO - Started process (PID=1724) to work on /opt/airflow/dags/etl_clickhouse.py
[2025-10-29T16:22:32.481+0000] {processor.py:830} INFO - Processing file /opt/airflow/dags/etl_clickhouse.py for tasks to queue
[2025-10-29T16:22:32.483+0000] {logging_mixin.py:188} INFO - [2025-10-29T16:22:32.483+0000] {dagbag.py:545} INFO - Filling up the DagBag from /opt/airflow/dags/etl_clickhouse.py
[2025-10-29T16:22:33.161+0000] {processor.py:840} INFO - DAG(s) 'move_data_to_clickhouse' retrieved from /opt/airflow/dags/etl_clickhouse.py
[2025-10-29T16:22:33.193+0000] {logging_mixin.py:188} INFO - [2025-10-29T16:22:33.193+0000] {dag.py:3096} INFO - Sync 1 DAGs
[2025-10-29T16:22:33.208+0000] {logging_mixin.py:188} INFO - [2025-10-29T16:22:33.208+0000] {dag.py:3954} INFO - Setting next_dagrun for move_data_to_clickhouse to None, run_after=None
[2025-10-29T16:22:33.232+0000] {processor.py:183} INFO - Processing /opt/airflow/dags/etl_clickhouse.py took 0.761 seconds
[2025-10-29T16:23:03.623+0000] {processor.py:161} INFO - Started process (PID=1736) to work on /opt/airflow/dags/etl_clickhouse.py
[2025-10-29T16:23:03.624+0000] {processor.py:830} INFO - Processing file /opt/airflow/dags/etl_clickhouse.py for tasks to queue
[2025-10-29T16:23:03.627+0000] {logging_mixin.py:188} INFO - [2025-10-29T16:23:03.627+0000] {dagbag.py:545} INFO - Filling up the DagBag from /opt/airflow/dags/etl_clickhouse.py
[2025-10-29T16:23:04.303+0000] {processor.py:840} INFO - DAG(s) 'move_data_to_clickhouse' retrieved from /opt/airflow/dags/etl_clickhouse.py
[2025-10-29T16:23:04.335+0000] {logging_mixin.py:188} INFO - [2025-10-29T16:23:04.335+0000] {dag.py:3096} INFO - Sync 1 DAGs
[2025-10-29T16:23:04.348+0000] {logging_mixin.py:188} INFO - [2025-10-29T16:23:04.348+0000] {dag.py:3954} INFO - Setting next_dagrun for move_data_to_clickhouse to None, run_after=None
[2025-10-29T16:23:04.375+0000] {processor.py:183} INFO - Processing /opt/airflow/dags/etl_clickhouse.py took 0.761 seconds
[2025-10-29T16:23:34.830+0000] {processor.py:161} INFO - Started process (PID=1748) to work on /opt/airflow/dags/etl_clickhouse.py
[2025-10-29T16:23:34.831+0000] {processor.py:830} INFO - Processing file /opt/airflow/dags/etl_clickhouse.py for tasks to queue
[2025-10-29T16:23:34.834+0000] {logging_mixin.py:188} INFO - [2025-10-29T16:23:34.834+0000] {dagbag.py:545} INFO - Filling up the DagBag from /opt/airflow/dags/etl_clickhouse.py
[2025-10-29T16:23:35.532+0000] {processor.py:840} INFO - DAG(s) 'move_data_to_clickhouse' retrieved from /opt/airflow/dags/etl_clickhouse.py
[2025-10-29T16:23:35.566+0000] {logging_mixin.py:188} INFO - [2025-10-29T16:23:35.566+0000] {dag.py:3096} INFO - Sync 1 DAGs
[2025-10-29T16:23:35.582+0000] {logging_mixin.py:188} INFO - [2025-10-29T16:23:35.582+0000] {dag.py:3954} INFO - Setting next_dagrun for move_data_to_clickhouse to None, run_after=None
[2025-10-29T16:23:35.607+0000] {processor.py:183} INFO - Processing /opt/airflow/dags/etl_clickhouse.py took 0.786 seconds
[2025-10-29T16:24:05.980+0000] {processor.py:161} INFO - Started process (PID=1760) to work on /opt/airflow/dags/etl_clickhouse.py
[2025-10-29T16:24:05.982+0000] {processor.py:830} INFO - Processing file /opt/airflow/dags/etl_clickhouse.py for tasks to queue
[2025-10-29T16:24:05.985+0000] {logging_mixin.py:188} INFO - [2025-10-29T16:24:05.984+0000] {dagbag.py:545} INFO - Filling up the DagBag from /opt/airflow/dags/etl_clickhouse.py
[2025-10-29T16:24:06.818+0000] {processor.py:840} INFO - DAG(s) 'move_data_to_clickhouse' retrieved from /opt/airflow/dags/etl_clickhouse.py
[2025-10-29T16:24:06.858+0000] {logging_mixin.py:188} INFO - [2025-10-29T16:24:06.857+0000] {dag.py:3096} INFO - Sync 1 DAGs
[2025-10-29T16:24:06.872+0000] {logging_mixin.py:188} INFO - [2025-10-29T16:24:06.872+0000] {dag.py:3954} INFO - Setting next_dagrun for move_data_to_clickhouse to None, run_after=None
[2025-10-29T16:24:06.897+0000] {processor.py:183} INFO - Processing /opt/airflow/dags/etl_clickhouse.py took 0.928 seconds
[2025-10-29T16:24:37.325+0000] {processor.py:161} INFO - Started process (PID=1772) to work on /opt/airflow/dags/etl_clickhouse.py
[2025-10-29T16:24:37.329+0000] {processor.py:830} INFO - Processing file /opt/airflow/dags/etl_clickhouse.py for tasks to queue
[2025-10-29T16:24:37.333+0000] {logging_mixin.py:188} INFO - [2025-10-29T16:24:37.332+0000] {dagbag.py:545} INFO - Filling up the DagBag from /opt/airflow/dags/etl_clickhouse.py
[2025-10-29T16:24:38.154+0000] {processor.py:840} INFO - DAG(s) 'move_data_to_clickhouse' retrieved from /opt/airflow/dags/etl_clickhouse.py
[2025-10-29T16:24:38.190+0000] {logging_mixin.py:188} INFO - [2025-10-29T16:24:38.189+0000] {dag.py:3096} INFO - Sync 1 DAGs
[2025-10-29T16:24:38.204+0000] {logging_mixin.py:188} INFO - [2025-10-29T16:24:38.204+0000] {dag.py:3954} INFO - Setting next_dagrun for move_data_to_clickhouse to None, run_after=None
[2025-10-29T16:24:38.230+0000] {processor.py:183} INFO - Processing /opt/airflow/dags/etl_clickhouse.py took 0.917 seconds
[2025-10-29T16:25:08.639+0000] {processor.py:161} INFO - Started process (PID=1784) to work on /opt/airflow/dags/etl_clickhouse.py
[2025-10-29T16:25:08.641+0000] {processor.py:830} INFO - Processing file /opt/airflow/dags/etl_clickhouse.py for tasks to queue
[2025-10-29T16:25:08.644+0000] {logging_mixin.py:188} INFO - [2025-10-29T16:25:08.643+0000] {dagbag.py:545} INFO - Filling up the DagBag from /opt/airflow/dags/etl_clickhouse.py
[2025-10-29T16:25:09.465+0000] {processor.py:840} INFO - DAG(s) 'move_data_to_clickhouse' retrieved from /opt/airflow/dags/etl_clickhouse.py
[2025-10-29T16:25:09.504+0000] {logging_mixin.py:188} INFO - [2025-10-29T16:25:09.504+0000] {dag.py:3096} INFO - Sync 1 DAGs
[2025-10-29T16:25:09.519+0000] {logging_mixin.py:188} INFO - [2025-10-29T16:25:09.519+0000] {dag.py:3954} INFO - Setting next_dagrun for move_data_to_clickhouse to None, run_after=None
[2025-10-29T16:25:09.547+0000] {processor.py:183} INFO - Processing /opt/airflow/dags/etl_clickhouse.py took 0.917 seconds
[2025-10-29T16:25:40.005+0000] {processor.py:161} INFO - Started process (PID=1796) to work on /opt/airflow/dags/etl_clickhouse.py
[2025-10-29T16:25:40.007+0000] {processor.py:830} INFO - Processing file /opt/airflow/dags/etl_clickhouse.py for tasks to queue
[2025-10-29T16:25:40.010+0000] {logging_mixin.py:188} INFO - [2025-10-29T16:25:40.009+0000] {dagbag.py:545} INFO - Filling up the DagBag from /opt/airflow/dags/etl_clickhouse.py
[2025-10-29T16:25:40.732+0000] {processor.py:840} INFO - DAG(s) 'move_data_to_clickhouse' retrieved from /opt/airflow/dags/etl_clickhouse.py
[2025-10-29T16:25:40.763+0000] {logging_mixin.py:188} INFO - [2025-10-29T16:25:40.763+0000] {dag.py:3096} INFO - Sync 1 DAGs
[2025-10-29T16:25:40.777+0000] {logging_mixin.py:188} INFO - [2025-10-29T16:25:40.777+0000] {dag.py:3954} INFO - Setting next_dagrun for move_data_to_clickhouse to None, run_after=None
[2025-10-29T16:25:40.804+0000] {processor.py:183} INFO - Processing /opt/airflow/dags/etl_clickhouse.py took 0.809 seconds
[2025-10-29T16:26:11.193+0000] {processor.py:161} INFO - Started process (PID=1808) to work on /opt/airflow/dags/etl_clickhouse.py
[2025-10-29T16:26:11.195+0000] {processor.py:830} INFO - Processing file /opt/airflow/dags/etl_clickhouse.py for tasks to queue
[2025-10-29T16:26:11.198+0000] {logging_mixin.py:188} INFO - [2025-10-29T16:26:11.197+0000] {dagbag.py:545} INFO - Filling up the DagBag from /opt/airflow/dags/etl_clickhouse.py
[2025-10-29T16:26:12.080+0000] {processor.py:840} INFO - DAG(s) 'move_data_to_clickhouse' retrieved from /opt/airflow/dags/etl_clickhouse.py
[2025-10-29T16:26:12.136+0000] {logging_mixin.py:188} INFO - [2025-10-29T16:26:12.136+0000] {dag.py:3096} INFO - Sync 1 DAGs
[2025-10-29T16:26:12.157+0000] {logging_mixin.py:188} INFO - [2025-10-29T16:26:12.157+0000] {dag.py:3954} INFO - Setting next_dagrun for move_data_to_clickhouse to None, run_after=None
[2025-10-29T16:26:12.186+0000] {processor.py:183} INFO - Processing /opt/airflow/dags/etl_clickhouse.py took 1.003 seconds
[2025-10-29T16:26:42.559+0000] {processor.py:161} INFO - Started process (PID=1820) to work on /opt/airflow/dags/etl_clickhouse.py
[2025-10-29T16:26:42.561+0000] {processor.py:830} INFO - Processing file /opt/airflow/dags/etl_clickhouse.py for tasks to queue
[2025-10-29T16:26:42.564+0000] {logging_mixin.py:188} INFO - [2025-10-29T16:26:42.563+0000] {dagbag.py:545} INFO - Filling up the DagBag from /opt/airflow/dags/etl_clickhouse.py
[2025-10-29T16:26:43.287+0000] {processor.py:840} INFO - DAG(s) 'move_data_to_clickhouse' retrieved from /opt/airflow/dags/etl_clickhouse.py
[2025-10-29T16:26:43.322+0000] {logging_mixin.py:188} INFO - [2025-10-29T16:26:43.321+0000] {dag.py:3096} INFO - Sync 1 DAGs
[2025-10-29T16:26:43.336+0000] {logging_mixin.py:188} INFO - [2025-10-29T16:26:43.336+0000] {dag.py:3954} INFO - Setting next_dagrun for move_data_to_clickhouse to None, run_after=None
[2025-10-29T16:26:43.360+0000] {processor.py:183} INFO - Processing /opt/airflow/dags/etl_clickhouse.py took 0.809 seconds
[2025-10-29T16:27:13.779+0000] {processor.py:161} INFO - Started process (PID=1832) to work on /opt/airflow/dags/etl_clickhouse.py
[2025-10-29T16:27:13.781+0000] {processor.py:830} INFO - Processing file /opt/airflow/dags/etl_clickhouse.py for tasks to queue
[2025-10-29T16:27:13.784+0000] {logging_mixin.py:188} INFO - [2025-10-29T16:27:13.783+0000] {dagbag.py:545} INFO - Filling up the DagBag from /opt/airflow/dags/etl_clickhouse.py
[2025-10-29T16:27:14.501+0000] {processor.py:840} INFO - DAG(s) 'move_data_to_clickhouse' retrieved from /opt/airflow/dags/etl_clickhouse.py
[2025-10-29T16:27:14.538+0000] {logging_mixin.py:188} INFO - [2025-10-29T16:27:14.537+0000] {dag.py:3096} INFO - Sync 1 DAGs
[2025-10-29T16:27:14.552+0000] {logging_mixin.py:188} INFO - [2025-10-29T16:27:14.552+0000] {dag.py:3954} INFO - Setting next_dagrun for move_data_to_clickhouse to None, run_after=None
[2025-10-29T16:27:14.579+0000] {processor.py:183} INFO - Processing /opt/airflow/dags/etl_clickhouse.py took 0.811 seconds
[2025-10-29T16:27:45.134+0000] {processor.py:161} INFO - Started process (PID=1844) to work on /opt/airflow/dags/etl_clickhouse.py
[2025-10-29T16:27:45.136+0000] {processor.py:830} INFO - Processing file /opt/airflow/dags/etl_clickhouse.py for tasks to queue
[2025-10-29T16:27:45.140+0000] {logging_mixin.py:188} INFO - [2025-10-29T16:27:45.139+0000] {dagbag.py:545} INFO - Filling up the DagBag from /opt/airflow/dags/etl_clickhouse.py
[2025-10-29T16:27:45.816+0000] {processor.py:840} INFO - DAG(s) 'move_data_to_clickhouse' retrieved from /opt/airflow/dags/etl_clickhouse.py
[2025-10-29T16:27:45.848+0000] {logging_mixin.py:188} INFO - [2025-10-29T16:27:45.848+0000] {dag.py:3096} INFO - Sync 1 DAGs
[2025-10-29T16:27:45.863+0000] {logging_mixin.py:188} INFO - [2025-10-29T16:27:45.863+0000] {dag.py:3954} INFO - Setting next_dagrun for move_data_to_clickhouse to None, run_after=None
[2025-10-29T16:27:45.886+0000] {processor.py:183} INFO - Processing /opt/airflow/dags/etl_clickhouse.py took 0.762 seconds
[2025-10-29T16:28:16.344+0000] {processor.py:161} INFO - Started process (PID=1856) to work on /opt/airflow/dags/etl_clickhouse.py
[2025-10-29T16:28:16.349+0000] {processor.py:830} INFO - Processing file /opt/airflow/dags/etl_clickhouse.py for tasks to queue
[2025-10-29T16:28:16.358+0000] {logging_mixin.py:188} INFO - [2025-10-29T16:28:16.357+0000] {dagbag.py:545} INFO - Filling up the DagBag from /opt/airflow/dags/etl_clickhouse.py
[2025-10-29T16:28:17.226+0000] {processor.py:840} INFO - DAG(s) 'move_data_to_clickhouse' retrieved from /opt/airflow/dags/etl_clickhouse.py
[2025-10-29T16:28:17.257+0000] {logging_mixin.py:188} INFO - [2025-10-29T16:28:17.256+0000] {dag.py:3096} INFO - Sync 1 DAGs
[2025-10-29T16:28:17.271+0000] {logging_mixin.py:188} INFO - [2025-10-29T16:28:17.270+0000] {dag.py:3954} INFO - Setting next_dagrun for move_data_to_clickhouse to None, run_after=None
[2025-10-29T16:28:17.293+0000] {processor.py:183} INFO - Processing /opt/airflow/dags/etl_clickhouse.py took 0.964 seconds
[2025-10-29T16:28:47.806+0000] {processor.py:161} INFO - Started process (PID=1868) to work on /opt/airflow/dags/etl_clickhouse.py
[2025-10-29T16:28:47.807+0000] {processor.py:830} INFO - Processing file /opt/airflow/dags/etl_clickhouse.py for tasks to queue
[2025-10-29T16:28:47.810+0000] {logging_mixin.py:188} INFO - [2025-10-29T16:28:47.810+0000] {dagbag.py:545} INFO - Filling up the DagBag from /opt/airflow/dags/etl_clickhouse.py
[2025-10-29T16:28:48.759+0000] {processor.py:840} INFO - DAG(s) 'move_data_to_clickhouse' retrieved from /opt/airflow/dags/etl_clickhouse.py
[2025-10-29T16:28:48.798+0000] {logging_mixin.py:188} INFO - [2025-10-29T16:28:48.798+0000] {dag.py:3096} INFO - Sync 1 DAGs
[2025-10-29T16:28:48.813+0000] {logging_mixin.py:188} INFO - [2025-10-29T16:28:48.813+0000] {dag.py:3954} INFO - Setting next_dagrun for move_data_to_clickhouse to None, run_after=None
[2025-10-29T16:28:48.838+0000] {processor.py:183} INFO - Processing /opt/airflow/dags/etl_clickhouse.py took 1.043 seconds
[2025-10-29T16:29:19.285+0000] {processor.py:161} INFO - Started process (PID=1880) to work on /opt/airflow/dags/etl_clickhouse.py
[2025-10-29T16:29:19.287+0000] {processor.py:830} INFO - Processing file /opt/airflow/dags/etl_clickhouse.py for tasks to queue
[2025-10-29T16:29:19.291+0000] {logging_mixin.py:188} INFO - [2025-10-29T16:29:19.290+0000] {dagbag.py:545} INFO - Filling up the DagBag from /opt/airflow/dags/etl_clickhouse.py
[2025-10-29T16:29:20.116+0000] {processor.py:840} INFO - DAG(s) 'move_data_to_clickhouse' retrieved from /opt/airflow/dags/etl_clickhouse.py
[2025-10-29T16:29:20.150+0000] {logging_mixin.py:188} INFO - [2025-10-29T16:29:20.149+0000] {dag.py:3096} INFO - Sync 1 DAGs
[2025-10-29T16:29:20.165+0000] {logging_mixin.py:188} INFO - [2025-10-29T16:29:20.165+0000] {dag.py:3954} INFO - Setting next_dagrun for move_data_to_clickhouse to None, run_after=None
[2025-10-29T16:29:20.192+0000] {processor.py:183} INFO - Processing /opt/airflow/dags/etl_clickhouse.py took 0.918 seconds
[2025-10-29T16:29:50.597+0000] {processor.py:161} INFO - Started process (PID=1892) to work on /opt/airflow/dags/etl_clickhouse.py
[2025-10-29T16:29:50.599+0000] {processor.py:830} INFO - Processing file /opt/airflow/dags/etl_clickhouse.py for tasks to queue
[2025-10-29T16:29:50.602+0000] {logging_mixin.py:188} INFO - [2025-10-29T16:29:50.601+0000] {dagbag.py:545} INFO - Filling up the DagBag from /opt/airflow/dags/etl_clickhouse.py
[2025-10-29T16:29:51.356+0000] {processor.py:840} INFO - DAG(s) 'move_data_to_clickhouse' retrieved from /opt/airflow/dags/etl_clickhouse.py
[2025-10-29T16:29:51.396+0000] {logging_mixin.py:188} INFO - [2025-10-29T16:29:51.395+0000] {dag.py:3096} INFO - Sync 1 DAGs
[2025-10-29T16:29:51.413+0000] {logging_mixin.py:188} INFO - [2025-10-29T16:29:51.412+0000] {dag.py:3954} INFO - Setting next_dagrun for move_data_to_clickhouse to None, run_after=None
[2025-10-29T16:29:51.445+0000] {processor.py:183} INFO - Processing /opt/airflow/dags/etl_clickhouse.py took 0.857 seconds
[2025-10-29T16:30:21.873+0000] {processor.py:161} INFO - Started process (PID=1904) to work on /opt/airflow/dags/etl_clickhouse.py
[2025-10-29T16:30:21.874+0000] {processor.py:830} INFO - Processing file /opt/airflow/dags/etl_clickhouse.py for tasks to queue
[2025-10-29T16:30:21.877+0000] {logging_mixin.py:188} INFO - [2025-10-29T16:30:21.877+0000] {dagbag.py:545} INFO - Filling up the DagBag from /opt/airflow/dags/etl_clickhouse.py
[2025-10-29T16:30:22.574+0000] {processor.py:840} INFO - DAG(s) 'move_data_to_clickhouse' retrieved from /opt/airflow/dags/etl_clickhouse.py
[2025-10-29T16:30:22.638+0000] {logging_mixin.py:188} INFO - [2025-10-29T16:30:22.638+0000] {dag.py:3096} INFO - Sync 1 DAGs
[2025-10-29T16:30:22.656+0000] {logging_mixin.py:188} INFO - [2025-10-29T16:30:22.656+0000] {dag.py:3954} INFO - Setting next_dagrun for move_data_to_clickhouse to None, run_after=None
[2025-10-29T16:30:22.683+0000] {processor.py:183} INFO - Processing /opt/airflow/dags/etl_clickhouse.py took 0.820 seconds
[2025-10-29T16:30:53.009+0000] {processor.py:161} INFO - Started process (PID=1916) to work on /opt/airflow/dags/etl_clickhouse.py
[2025-10-29T16:30:53.011+0000] {processor.py:830} INFO - Processing file /opt/airflow/dags/etl_clickhouse.py for tasks to queue
[2025-10-29T16:30:53.015+0000] {logging_mixin.py:188} INFO - [2025-10-29T16:30:53.014+0000] {dagbag.py:545} INFO - Filling up the DagBag from /opt/airflow/dags/etl_clickhouse.py
[2025-10-29T16:30:53.812+0000] {processor.py:840} INFO - DAG(s) 'move_data_to_clickhouse' retrieved from /opt/airflow/dags/etl_clickhouse.py
[2025-10-29T16:30:53.850+0000] {logging_mixin.py:188} INFO - [2025-10-29T16:30:53.850+0000] {dag.py:3096} INFO - Sync 1 DAGs
[2025-10-29T16:30:53.866+0000] {logging_mixin.py:188} INFO - [2025-10-29T16:30:53.866+0000] {dag.py:3954} INFO - Setting next_dagrun for move_data_to_clickhouse to None, run_after=None
[2025-10-29T16:30:53.892+0000] {processor.py:183} INFO - Processing /opt/airflow/dags/etl_clickhouse.py took 0.895 seconds
[2025-10-29T16:31:24.331+0000] {processor.py:161} INFO - Started process (PID=1928) to work on /opt/airflow/dags/etl_clickhouse.py
[2025-10-29T16:31:24.332+0000] {processor.py:830} INFO - Processing file /opt/airflow/dags/etl_clickhouse.py for tasks to queue
[2025-10-29T16:31:24.335+0000] {logging_mixin.py:188} INFO - [2025-10-29T16:31:24.335+0000] {dagbag.py:545} INFO - Filling up the DagBag from /opt/airflow/dags/etl_clickhouse.py
[2025-10-29T16:31:25.047+0000] {processor.py:840} INFO - DAG(s) 'move_data_to_clickhouse' retrieved from /opt/airflow/dags/etl_clickhouse.py
[2025-10-29T16:31:25.080+0000] {logging_mixin.py:188} INFO - [2025-10-29T16:31:25.079+0000] {dag.py:3096} INFO - Sync 1 DAGs
[2025-10-29T16:31:25.094+0000] {logging_mixin.py:188} INFO - [2025-10-29T16:31:25.094+0000] {dag.py:3954} INFO - Setting next_dagrun for move_data_to_clickhouse to None, run_after=None
[2025-10-29T16:31:25.118+0000] {processor.py:183} INFO - Processing /opt/airflow/dags/etl_clickhouse.py took 0.800 seconds
[2025-10-29T16:31:55.649+0000] {processor.py:161} INFO - Started process (PID=1940) to work on /opt/airflow/dags/etl_clickhouse.py
[2025-10-29T16:31:55.651+0000] {processor.py:830} INFO - Processing file /opt/airflow/dags/etl_clickhouse.py for tasks to queue
[2025-10-29T16:31:55.655+0000] {logging_mixin.py:188} INFO - [2025-10-29T16:31:55.655+0000] {dagbag.py:545} INFO - Filling up the DagBag from /opt/airflow/dags/etl_clickhouse.py
[2025-10-29T16:31:56.607+0000] {processor.py:840} INFO - DAG(s) 'move_data_to_clickhouse' retrieved from /opt/airflow/dags/etl_clickhouse.py
[2025-10-29T16:31:56.643+0000] {logging_mixin.py:188} INFO - [2025-10-29T16:31:56.642+0000] {dag.py:3096} INFO - Sync 1 DAGs
[2025-10-29T16:31:56.668+0000] {logging_mixin.py:188} INFO - [2025-10-29T16:31:56.667+0000] {dag.py:3954} INFO - Setting next_dagrun for move_data_to_clickhouse to None, run_after=None
[2025-10-29T16:31:56.708+0000] {processor.py:183} INFO - Processing /opt/airflow/dags/etl_clickhouse.py took 1.068 seconds
[2025-10-29T16:32:27.104+0000] {processor.py:161} INFO - Started process (PID=1952) to work on /opt/airflow/dags/etl_clickhouse.py
[2025-10-29T16:32:27.106+0000] {processor.py:830} INFO - Processing file /opt/airflow/dags/etl_clickhouse.py for tasks to queue
[2025-10-29T16:32:27.113+0000] {logging_mixin.py:188} INFO - [2025-10-29T16:32:27.112+0000] {dagbag.py:545} INFO - Filling up the DagBag from /opt/airflow/dags/etl_clickhouse.py
[2025-10-29T16:32:27.892+0000] {processor.py:840} INFO - DAG(s) 'move_data_to_clickhouse' retrieved from /opt/airflow/dags/etl_clickhouse.py
[2025-10-29T16:32:27.927+0000] {logging_mixin.py:188} INFO - [2025-10-29T16:32:27.927+0000] {dag.py:3096} INFO - Sync 1 DAGs
[2025-10-29T16:32:27.943+0000] {logging_mixin.py:188} INFO - [2025-10-29T16:32:27.943+0000] {dag.py:3954} INFO - Setting next_dagrun for move_data_to_clickhouse to None, run_after=None
[2025-10-29T16:32:27.967+0000] {processor.py:183} INFO - Processing /opt/airflow/dags/etl_clickhouse.py took 0.877 seconds
[2025-10-29T16:32:58.328+0000] {processor.py:161} INFO - Started process (PID=1964) to work on /opt/airflow/dags/etl_clickhouse.py
[2025-10-29T16:32:58.330+0000] {processor.py:830} INFO - Processing file /opt/airflow/dags/etl_clickhouse.py for tasks to queue
[2025-10-29T16:32:58.333+0000] {logging_mixin.py:188} INFO - [2025-10-29T16:32:58.332+0000] {dagbag.py:545} INFO - Filling up the DagBag from /opt/airflow/dags/etl_clickhouse.py
[2025-10-29T16:32:59.167+0000] {processor.py:840} INFO - DAG(s) 'move_data_to_clickhouse' retrieved from /opt/airflow/dags/etl_clickhouse.py
[2025-10-29T16:32:59.211+0000] {logging_mixin.py:188} INFO - [2025-10-29T16:32:59.210+0000] {dag.py:3096} INFO - Sync 1 DAGs
[2025-10-29T16:32:59.225+0000] {logging_mixin.py:188} INFO - [2025-10-29T16:32:59.225+0000] {dag.py:3954} INFO - Setting next_dagrun for move_data_to_clickhouse to None, run_after=None
[2025-10-29T16:32:59.250+0000] {processor.py:183} INFO - Processing /opt/airflow/dags/etl_clickhouse.py took 0.931 seconds
[2025-10-29T16:33:29.641+0000] {processor.py:161} INFO - Started process (PID=1976) to work on /opt/airflow/dags/etl_clickhouse.py
[2025-10-29T16:33:29.643+0000] {processor.py:830} INFO - Processing file /opt/airflow/dags/etl_clickhouse.py for tasks to queue
[2025-10-29T16:33:29.646+0000] {logging_mixin.py:188} INFO - [2025-10-29T16:33:29.645+0000] {dagbag.py:545} INFO - Filling up the DagBag from /opt/airflow/dags/etl_clickhouse.py
[2025-10-29T16:33:30.333+0000] {processor.py:840} INFO - DAG(s) 'move_data_to_clickhouse' retrieved from /opt/airflow/dags/etl_clickhouse.py
[2025-10-29T16:33:30.371+0000] {logging_mixin.py:188} INFO - [2025-10-29T16:33:30.371+0000] {dag.py:3096} INFO - Sync 1 DAGs
[2025-10-29T16:33:30.385+0000] {logging_mixin.py:188} INFO - [2025-10-29T16:33:30.385+0000] {dag.py:3954} INFO - Setting next_dagrun for move_data_to_clickhouse to None, run_after=None
[2025-10-29T16:33:30.408+0000] {processor.py:183} INFO - Processing /opt/airflow/dags/etl_clickhouse.py took 0.776 seconds
[2025-10-29T16:34:00.806+0000] {processor.py:161} INFO - Started process (PID=1988) to work on /opt/airflow/dags/etl_clickhouse.py
[2025-10-29T16:34:00.808+0000] {processor.py:830} INFO - Processing file /opt/airflow/dags/etl_clickhouse.py for tasks to queue
[2025-10-29T16:34:00.810+0000] {logging_mixin.py:188} INFO - [2025-10-29T16:34:00.810+0000] {dagbag.py:545} INFO - Filling up the DagBag from /opt/airflow/dags/etl_clickhouse.py
[2025-10-29T16:34:01.528+0000] {processor.py:840} INFO - DAG(s) 'move_data_to_clickhouse' retrieved from /opt/airflow/dags/etl_clickhouse.py
[2025-10-29T16:34:01.564+0000] {logging_mixin.py:188} INFO - [2025-10-29T16:34:01.563+0000] {dag.py:3096} INFO - Sync 1 DAGs
[2025-10-29T16:34:01.579+0000] {logging_mixin.py:188} INFO - [2025-10-29T16:34:01.578+0000] {dag.py:3954} INFO - Setting next_dagrun for move_data_to_clickhouse to None, run_after=None
[2025-10-29T16:34:01.606+0000] {processor.py:183} INFO - Processing /opt/airflow/dags/etl_clickhouse.py took 0.809 seconds
[2025-10-29T16:34:31.951+0000] {processor.py:161} INFO - Started process (PID=2000) to work on /opt/airflow/dags/etl_clickhouse.py
[2025-10-29T16:34:31.953+0000] {processor.py:830} INFO - Processing file /opt/airflow/dags/etl_clickhouse.py for tasks to queue
[2025-10-29T16:34:31.955+0000] {logging_mixin.py:188} INFO - [2025-10-29T16:34:31.955+0000] {dagbag.py:545} INFO - Filling up the DagBag from /opt/airflow/dags/etl_clickhouse.py
[2025-10-29T16:34:32.643+0000] {processor.py:840} INFO - DAG(s) 'move_data_to_clickhouse' retrieved from /opt/airflow/dags/etl_clickhouse.py
[2025-10-29T16:34:32.676+0000] {logging_mixin.py:188} INFO - [2025-10-29T16:34:32.676+0000] {dag.py:3096} INFO - Sync 1 DAGs
[2025-10-29T16:34:32.690+0000] {logging_mixin.py:188} INFO - [2025-10-29T16:34:32.690+0000] {dag.py:3954} INFO - Setting next_dagrun for move_data_to_clickhouse to None, run_after=None
[2025-10-29T16:34:32.714+0000] {processor.py:183} INFO - Processing /opt/airflow/dags/etl_clickhouse.py took 0.772 seconds
[2025-10-29T16:35:03.158+0000] {processor.py:161} INFO - Started process (PID=2012) to work on /opt/airflow/dags/etl_clickhouse.py
[2025-10-29T16:35:03.159+0000] {processor.py:830} INFO - Processing file /opt/airflow/dags/etl_clickhouse.py for tasks to queue
[2025-10-29T16:35:03.162+0000] {logging_mixin.py:188} INFO - [2025-10-29T16:35:03.161+0000] {dagbag.py:545} INFO - Filling up the DagBag from /opt/airflow/dags/etl_clickhouse.py
[2025-10-29T16:35:03.939+0000] {processor.py:840} INFO - DAG(s) 'move_data_to_clickhouse' retrieved from /opt/airflow/dags/etl_clickhouse.py
[2025-10-29T16:35:03.974+0000] {logging_mixin.py:188} INFO - [2025-10-29T16:35:03.973+0000] {dag.py:3096} INFO - Sync 1 DAGs
[2025-10-29T16:35:03.985+0000] {logging_mixin.py:188} INFO - [2025-10-29T16:35:03.985+0000] {dag.py:3954} INFO - Setting next_dagrun for move_data_to_clickhouse to None, run_after=None
[2025-10-29T16:35:04.012+0000] {processor.py:183} INFO - Processing /opt/airflow/dags/etl_clickhouse.py took 0.862 seconds
[2025-10-29T16:35:34.348+0000] {processor.py:161} INFO - Started process (PID=2024) to work on /opt/airflow/dags/etl_clickhouse.py
[2025-10-29T16:35:34.349+0000] {processor.py:830} INFO - Processing file /opt/airflow/dags/etl_clickhouse.py for tasks to queue
[2025-10-29T16:35:34.352+0000] {logging_mixin.py:188} INFO - [2025-10-29T16:35:34.351+0000] {dagbag.py:545} INFO - Filling up the DagBag from /opt/airflow/dags/etl_clickhouse.py
[2025-10-29T16:35:35.044+0000] {processor.py:840} INFO - DAG(s) 'move_data_to_clickhouse' retrieved from /opt/airflow/dags/etl_clickhouse.py
[2025-10-29T16:35:35.081+0000] {logging_mixin.py:188} INFO - [2025-10-29T16:35:35.080+0000] {dag.py:3096} INFO - Sync 1 DAGs
[2025-10-29T16:35:35.094+0000] {logging_mixin.py:188} INFO - [2025-10-29T16:35:35.093+0000] {dag.py:3954} INFO - Setting next_dagrun for move_data_to_clickhouse to None, run_after=None
[2025-10-29T16:35:35.117+0000] {processor.py:183} INFO - Processing /opt/airflow/dags/etl_clickhouse.py took 0.778 seconds
[2025-10-29T16:36:05.633+0000] {processor.py:161} INFO - Started process (PID=2036) to work on /opt/airflow/dags/etl_clickhouse.py
[2025-10-29T16:36:05.635+0000] {processor.py:830} INFO - Processing file /opt/airflow/dags/etl_clickhouse.py for tasks to queue
[2025-10-29T16:36:05.638+0000] {logging_mixin.py:188} INFO - [2025-10-29T16:36:05.637+0000] {dagbag.py:545} INFO - Filling up the DagBag from /opt/airflow/dags/etl_clickhouse.py
[2025-10-29T16:36:06.309+0000] {processor.py:840} INFO - DAG(s) 'move_data_to_clickhouse' retrieved from /opt/airflow/dags/etl_clickhouse.py
[2025-10-29T16:36:06.343+0000] {logging_mixin.py:188} INFO - [2025-10-29T16:36:06.342+0000] {dag.py:3096} INFO - Sync 1 DAGs
[2025-10-29T16:36:06.356+0000] {logging_mixin.py:188} INFO - [2025-10-29T16:36:06.356+0000] {dag.py:3954} INFO - Setting next_dagrun for move_data_to_clickhouse to None, run_after=None
[2025-10-29T16:36:06.383+0000] {processor.py:183} INFO - Processing /opt/airflow/dags/etl_clickhouse.py took 0.760 seconds
[2025-10-29T16:36:36.782+0000] {processor.py:161} INFO - Started process (PID=2048) to work on /opt/airflow/dags/etl_clickhouse.py
[2025-10-29T16:36:36.784+0000] {processor.py:830} INFO - Processing file /opt/airflow/dags/etl_clickhouse.py for tasks to queue
[2025-10-29T16:36:36.787+0000] {logging_mixin.py:188} INFO - [2025-10-29T16:36:36.786+0000] {dagbag.py:545} INFO - Filling up the DagBag from /opt/airflow/dags/etl_clickhouse.py
[2025-10-29T16:36:37.518+0000] {processor.py:840} INFO - DAG(s) 'move_data_to_clickhouse' retrieved from /opt/airflow/dags/etl_clickhouse.py
[2025-10-29T16:36:37.556+0000] {logging_mixin.py:188} INFO - [2025-10-29T16:36:37.556+0000] {dag.py:3096} INFO - Sync 1 DAGs
[2025-10-29T16:36:37.576+0000] {logging_mixin.py:188} INFO - [2025-10-29T16:36:37.576+0000] {dag.py:3954} INFO - Setting next_dagrun for move_data_to_clickhouse to None, run_after=None
[2025-10-29T16:36:37.608+0000] {processor.py:183} INFO - Processing /opt/airflow/dags/etl_clickhouse.py took 0.834 seconds
[2025-10-29T16:37:08.069+0000] {processor.py:161} INFO - Started process (PID=2060) to work on /opt/airflow/dags/etl_clickhouse.py
[2025-10-29T16:37:08.070+0000] {processor.py:830} INFO - Processing file /opt/airflow/dags/etl_clickhouse.py for tasks to queue
[2025-10-29T16:37:08.073+0000] {logging_mixin.py:188} INFO - [2025-10-29T16:37:08.073+0000] {dagbag.py:545} INFO - Filling up the DagBag from /opt/airflow/dags/etl_clickhouse.py
[2025-10-29T16:37:08.796+0000] {processor.py:840} INFO - DAG(s) 'move_data_to_clickhouse' retrieved from /opt/airflow/dags/etl_clickhouse.py
[2025-10-29T16:37:08.829+0000] {logging_mixin.py:188} INFO - [2025-10-29T16:37:08.829+0000] {dag.py:3096} INFO - Sync 1 DAGs
[2025-10-29T16:37:08.845+0000] {logging_mixin.py:188} INFO - [2025-10-29T16:37:08.845+0000] {dag.py:3954} INFO - Setting next_dagrun for move_data_to_clickhouse to None, run_after=None
[2025-10-29T16:37:08.871+0000] {processor.py:183} INFO - Processing /opt/airflow/dags/etl_clickhouse.py took 0.811 seconds
[2025-10-29T16:37:39.298+0000] {processor.py:161} INFO - Started process (PID=2072) to work on /opt/airflow/dags/etl_clickhouse.py
[2025-10-29T16:37:39.300+0000] {processor.py:830} INFO - Processing file /opt/airflow/dags/etl_clickhouse.py for tasks to queue
[2025-10-29T16:37:39.303+0000] {logging_mixin.py:188} INFO - [2025-10-29T16:37:39.302+0000] {dagbag.py:545} INFO - Filling up the DagBag from /opt/airflow/dags/etl_clickhouse.py
[2025-10-29T16:37:40.025+0000] {processor.py:840} INFO - DAG(s) 'move_data_to_clickhouse' retrieved from /opt/airflow/dags/etl_clickhouse.py
[2025-10-29T16:37:40.059+0000] {logging_mixin.py:188} INFO - [2025-10-29T16:37:40.059+0000] {dag.py:3096} INFO - Sync 1 DAGs
[2025-10-29T16:37:40.073+0000] {logging_mixin.py:188} INFO - [2025-10-29T16:37:40.073+0000] {dag.py:3954} INFO - Setting next_dagrun for move_data_to_clickhouse to None, run_after=None
[2025-10-29T16:37:40.098+0000] {processor.py:183} INFO - Processing /opt/airflow/dags/etl_clickhouse.py took 0.810 seconds
[2025-10-29T16:38:10.574+0000] {processor.py:161} INFO - Started process (PID=2084) to work on /opt/airflow/dags/etl_clickhouse.py
[2025-10-29T16:38:10.576+0000] {processor.py:830} INFO - Processing file /opt/airflow/dags/etl_clickhouse.py for tasks to queue
[2025-10-29T16:38:10.579+0000] {logging_mixin.py:188} INFO - [2025-10-29T16:38:10.578+0000] {dagbag.py:545} INFO - Filling up the DagBag from /opt/airflow/dags/etl_clickhouse.py
[2025-10-29T16:38:11.300+0000] {processor.py:840} INFO - DAG(s) 'move_data_to_clickhouse' retrieved from /opt/airflow/dags/etl_clickhouse.py
[2025-10-29T16:38:11.333+0000] {logging_mixin.py:188} INFO - [2025-10-29T16:38:11.332+0000] {dag.py:3096} INFO - Sync 1 DAGs
[2025-10-29T16:38:11.348+0000] {logging_mixin.py:188} INFO - [2025-10-29T16:38:11.348+0000] {dag.py:3954} INFO - Setting next_dagrun for move_data_to_clickhouse to None, run_after=None
[2025-10-29T16:38:11.376+0000] {processor.py:183} INFO - Processing /opt/airflow/dags/etl_clickhouse.py took 0.812 seconds
[2025-10-29T16:38:41.843+0000] {processor.py:161} INFO - Started process (PID=2096) to work on /opt/airflow/dags/etl_clickhouse.py
[2025-10-29T16:38:41.845+0000] {processor.py:830} INFO - Processing file /opt/airflow/dags/etl_clickhouse.py for tasks to queue
[2025-10-29T16:38:41.847+0000] {logging_mixin.py:188} INFO - [2025-10-29T16:38:41.847+0000] {dagbag.py:545} INFO - Filling up the DagBag from /opt/airflow/dags/etl_clickhouse.py
[2025-10-29T16:38:42.577+0000] {processor.py:840} INFO - DAG(s) 'move_data_to_clickhouse' retrieved from /opt/airflow/dags/etl_clickhouse.py
[2025-10-29T16:38:42.617+0000] {logging_mixin.py:188} INFO - [2025-10-29T16:38:42.617+0000] {dag.py:3096} INFO - Sync 1 DAGs
[2025-10-29T16:38:42.637+0000] {logging_mixin.py:188} INFO - [2025-10-29T16:38:42.636+0000] {dag.py:3954} INFO - Setting next_dagrun for move_data_to_clickhouse to None, run_after=None
[2025-10-29T16:38:42.671+0000] {processor.py:183} INFO - Processing /opt/airflow/dags/etl_clickhouse.py took 0.837 seconds
[2025-10-29T16:39:13.079+0000] {processor.py:161} INFO - Started process (PID=2108) to work on /opt/airflow/dags/etl_clickhouse.py
[2025-10-29T16:39:13.080+0000] {processor.py:830} INFO - Processing file /opt/airflow/dags/etl_clickhouse.py for tasks to queue
[2025-10-29T16:39:13.083+0000] {logging_mixin.py:188} INFO - [2025-10-29T16:39:13.083+0000] {dagbag.py:545} INFO - Filling up the DagBag from /opt/airflow/dags/etl_clickhouse.py
[2025-10-29T16:39:13.798+0000] {processor.py:840} INFO - DAG(s) 'move_data_to_clickhouse' retrieved from /opt/airflow/dags/etl_clickhouse.py
[2025-10-29T16:39:13.834+0000] {logging_mixin.py:188} INFO - [2025-10-29T16:39:13.833+0000] {dag.py:3096} INFO - Sync 1 DAGs
[2025-10-29T16:39:13.848+0000] {logging_mixin.py:188} INFO - [2025-10-29T16:39:13.848+0000] {dag.py:3954} INFO - Setting next_dagrun for move_data_to_clickhouse to None, run_after=None
[2025-10-29T16:39:13.870+0000] {processor.py:183} INFO - Processing /opt/airflow/dags/etl_clickhouse.py took 0.801 seconds
[2025-10-29T16:39:44.275+0000] {processor.py:161} INFO - Started process (PID=2120) to work on /opt/airflow/dags/etl_clickhouse.py
[2025-10-29T16:39:44.276+0000] {processor.py:830} INFO - Processing file /opt/airflow/dags/etl_clickhouse.py for tasks to queue
[2025-10-29T16:39:44.279+0000] {logging_mixin.py:188} INFO - [2025-10-29T16:39:44.279+0000] {dagbag.py:545} INFO - Filling up the DagBag from /opt/airflow/dags/etl_clickhouse.py
[2025-10-29T16:39:44.939+0000] {processor.py:840} INFO - DAG(s) 'move_data_to_clickhouse' retrieved from /opt/airflow/dags/etl_clickhouse.py
[2025-10-29T16:39:44.974+0000] {logging_mixin.py:188} INFO - [2025-10-29T16:39:44.974+0000] {dag.py:3096} INFO - Sync 1 DAGs
[2025-10-29T16:39:44.989+0000] {logging_mixin.py:188} INFO - [2025-10-29T16:39:44.989+0000] {dag.py:3954} INFO - Setting next_dagrun for move_data_to_clickhouse to None, run_after=None
[2025-10-29T16:39:45.016+0000] {processor.py:183} INFO - Processing /opt/airflow/dags/etl_clickhouse.py took 0.750 seconds
[2025-10-29T16:40:15.469+0000] {processor.py:161} INFO - Started process (PID=2132) to work on /opt/airflow/dags/etl_clickhouse.py
[2025-10-29T16:40:15.471+0000] {processor.py:830} INFO - Processing file /opt/airflow/dags/etl_clickhouse.py for tasks to queue
[2025-10-29T16:40:15.474+0000] {logging_mixin.py:188} INFO - [2025-10-29T16:40:15.473+0000] {dagbag.py:545} INFO - Filling up the DagBag from /opt/airflow/dags/etl_clickhouse.py
[2025-10-29T16:40:16.123+0000] {processor.py:840} INFO - DAG(s) 'move_data_to_clickhouse' retrieved from /opt/airflow/dags/etl_clickhouse.py
[2025-10-29T16:40:16.157+0000] {logging_mixin.py:188} INFO - [2025-10-29T16:40:16.157+0000] {dag.py:3096} INFO - Sync 1 DAGs
[2025-10-29T16:40:16.175+0000] {logging_mixin.py:188} INFO - [2025-10-29T16:40:16.175+0000] {dag.py:3954} INFO - Setting next_dagrun for move_data_to_clickhouse to None, run_after=None
[2025-10-29T16:40:16.199+0000] {processor.py:183} INFO - Processing /opt/airflow/dags/etl_clickhouse.py took 0.740 seconds
[2025-10-29T16:40:46.642+0000] {processor.py:161} INFO - Started process (PID=2144) to work on /opt/airflow/dags/etl_clickhouse.py
[2025-10-29T16:40:46.644+0000] {processor.py:830} INFO - Processing file /opt/airflow/dags/etl_clickhouse.py for tasks to queue
[2025-10-29T16:40:46.648+0000] {logging_mixin.py:188} INFO - [2025-10-29T16:40:46.647+0000] {dagbag.py:545} INFO - Filling up the DagBag from /opt/airflow/dags/etl_clickhouse.py
[2025-10-29T16:40:47.426+0000] {processor.py:840} INFO - DAG(s) 'move_data_to_clickhouse' retrieved from /opt/airflow/dags/etl_clickhouse.py
[2025-10-29T16:40:47.471+0000] {logging_mixin.py:188} INFO - [2025-10-29T16:40:47.470+0000] {dag.py:3096} INFO - Sync 1 DAGs
[2025-10-29T16:40:47.491+0000] {logging_mixin.py:188} INFO - [2025-10-29T16:40:47.491+0000] {dag.py:3954} INFO - Setting next_dagrun for move_data_to_clickhouse to None, run_after=None
[2025-10-29T16:40:47.517+0000] {processor.py:183} INFO - Processing /opt/airflow/dags/etl_clickhouse.py took 0.886 seconds
[2025-10-29T16:41:17.987+0000] {processor.py:161} INFO - Started process (PID=2156) to work on /opt/airflow/dags/etl_clickhouse.py
[2025-10-29T16:41:17.988+0000] {processor.py:830} INFO - Processing file /opt/airflow/dags/etl_clickhouse.py for tasks to queue
[2025-10-29T16:41:17.990+0000] {logging_mixin.py:188} INFO - [2025-10-29T16:41:17.990+0000] {dagbag.py:545} INFO - Filling up the DagBag from /opt/airflow/dags/etl_clickhouse.py
[2025-10-29T16:41:18.671+0000] {processor.py:840} INFO - DAG(s) 'move_data_to_clickhouse' retrieved from /opt/airflow/dags/etl_clickhouse.py
[2025-10-29T16:41:18.704+0000] {logging_mixin.py:188} INFO - [2025-10-29T16:41:18.704+0000] {dag.py:3096} INFO - Sync 1 DAGs
[2025-10-29T16:41:18.719+0000] {logging_mixin.py:188} INFO - [2025-10-29T16:41:18.719+0000] {dag.py:3954} INFO - Setting next_dagrun for move_data_to_clickhouse to None, run_after=None
[2025-10-29T16:41:18.749+0000] {processor.py:183} INFO - Processing /opt/airflow/dags/etl_clickhouse.py took 0.771 seconds
[2025-10-29T16:41:49.190+0000] {processor.py:161} INFO - Started process (PID=2168) to work on /opt/airflow/dags/etl_clickhouse.py
[2025-10-29T16:41:49.192+0000] {processor.py:830} INFO - Processing file /opt/airflow/dags/etl_clickhouse.py for tasks to queue
[2025-10-29T16:41:49.195+0000] {logging_mixin.py:188} INFO - [2025-10-29T16:41:49.194+0000] {dagbag.py:545} INFO - Filling up the DagBag from /opt/airflow/dags/etl_clickhouse.py
[2025-10-29T16:41:49.924+0000] {processor.py:840} INFO - DAG(s) 'move_data_to_clickhouse' retrieved from /opt/airflow/dags/etl_clickhouse.py
[2025-10-29T16:41:49.961+0000] {logging_mixin.py:188} INFO - [2025-10-29T16:41:49.961+0000] {dag.py:3096} INFO - Sync 1 DAGs
[2025-10-29T16:41:49.975+0000] {logging_mixin.py:188} INFO - [2025-10-29T16:41:49.975+0000] {dag.py:3954} INFO - Setting next_dagrun for move_data_to_clickhouse to None, run_after=None
[2025-10-29T16:41:50.001+0000] {processor.py:183} INFO - Processing /opt/airflow/dags/etl_clickhouse.py took 0.821 seconds
[2025-10-29T16:42:20.438+0000] {processor.py:161} INFO - Started process (PID=2180) to work on /opt/airflow/dags/etl_clickhouse.py
[2025-10-29T16:42:20.440+0000] {processor.py:830} INFO - Processing file /opt/airflow/dags/etl_clickhouse.py for tasks to queue
[2025-10-29T16:42:20.443+0000] {logging_mixin.py:188} INFO - [2025-10-29T16:42:20.442+0000] {dagbag.py:545} INFO - Filling up the DagBag from /opt/airflow/dags/etl_clickhouse.py
[2025-10-29T16:42:21.126+0000] {processor.py:840} INFO - DAG(s) 'move_data_to_clickhouse' retrieved from /opt/airflow/dags/etl_clickhouse.py
[2025-10-29T16:42:21.159+0000] {logging_mixin.py:188} INFO - [2025-10-29T16:42:21.159+0000] {dag.py:3096} INFO - Sync 1 DAGs
[2025-10-29T16:42:21.173+0000] {logging_mixin.py:188} INFO - [2025-10-29T16:42:21.172+0000] {dag.py:3954} INFO - Setting next_dagrun for move_data_to_clickhouse to None, run_after=None
[2025-10-29T16:42:21.197+0000] {processor.py:183} INFO - Processing /opt/airflow/dags/etl_clickhouse.py took 0.769 seconds
[2025-10-29T16:42:51.594+0000] {processor.py:161} INFO - Started process (PID=2192) to work on /opt/airflow/dags/etl_clickhouse.py
[2025-10-29T16:42:51.595+0000] {processor.py:830} INFO - Processing file /opt/airflow/dags/etl_clickhouse.py for tasks to queue
[2025-10-29T16:42:51.598+0000] {logging_mixin.py:188} INFO - [2025-10-29T16:42:51.598+0000] {dagbag.py:545} INFO - Filling up the DagBag from /opt/airflow/dags/etl_clickhouse.py
[2025-10-29T16:42:52.225+0000] {processor.py:840} INFO - DAG(s) 'move_data_to_clickhouse' retrieved from /opt/airflow/dags/etl_clickhouse.py
[2025-10-29T16:42:52.256+0000] {logging_mixin.py:188} INFO - [2025-10-29T16:42:52.255+0000] {dag.py:3096} INFO - Sync 1 DAGs
[2025-10-29T16:42:52.268+0000] {logging_mixin.py:188} INFO - [2025-10-29T16:42:52.268+0000] {dag.py:3954} INFO - Setting next_dagrun for move_data_to_clickhouse to None, run_after=None
[2025-10-29T16:42:52.299+0000] {processor.py:183} INFO - Processing /opt/airflow/dags/etl_clickhouse.py took 0.714 seconds
[2025-10-29T16:43:22.821+0000] {processor.py:161} INFO - Started process (PID=2204) to work on /opt/airflow/dags/etl_clickhouse.py
[2025-10-29T16:43:22.822+0000] {processor.py:830} INFO - Processing file /opt/airflow/dags/etl_clickhouse.py for tasks to queue
[2025-10-29T16:43:22.825+0000] {logging_mixin.py:188} INFO - [2025-10-29T16:43:22.825+0000] {dagbag.py:545} INFO - Filling up the DagBag from /opt/airflow/dags/etl_clickhouse.py
[2025-10-29T16:43:23.531+0000] {processor.py:840} INFO - DAG(s) 'move_data_to_clickhouse' retrieved from /opt/airflow/dags/etl_clickhouse.py
[2025-10-29T16:43:23.570+0000] {logging_mixin.py:188} INFO - [2025-10-29T16:43:23.569+0000] {dag.py:3096} INFO - Sync 1 DAGs
[2025-10-29T16:43:23.584+0000] {logging_mixin.py:188} INFO - [2025-10-29T16:43:23.583+0000] {dag.py:3954} INFO - Setting next_dagrun for move_data_to_clickhouse to None, run_after=None
[2025-10-29T16:43:23.608+0000] {processor.py:183} INFO - Processing /opt/airflow/dags/etl_clickhouse.py took 0.797 seconds
[2025-10-29T16:43:54.052+0000] {processor.py:161} INFO - Started process (PID=2216) to work on /opt/airflow/dags/etl_clickhouse.py
[2025-10-29T16:43:54.054+0000] {processor.py:830} INFO - Processing file /opt/airflow/dags/etl_clickhouse.py for tasks to queue
[2025-10-29T16:43:54.056+0000] {logging_mixin.py:188} INFO - [2025-10-29T16:43:54.056+0000] {dagbag.py:545} INFO - Filling up the DagBag from /opt/airflow/dags/etl_clickhouse.py
[2025-10-29T16:43:54.699+0000] {processor.py:840} INFO - DAG(s) 'move_data_to_clickhouse' retrieved from /opt/airflow/dags/etl_clickhouse.py
[2025-10-29T16:43:54.733+0000] {logging_mixin.py:188} INFO - [2025-10-29T16:43:54.733+0000] {dag.py:3096} INFO - Sync 1 DAGs
[2025-10-29T16:43:54.747+0000] {logging_mixin.py:188} INFO - [2025-10-29T16:43:54.746+0000] {dag.py:3954} INFO - Setting next_dagrun for move_data_to_clickhouse to None, run_after=None
[2025-10-29T16:43:54.770+0000] {processor.py:183} INFO - Processing /opt/airflow/dags/etl_clickhouse.py took 0.729 seconds
[2025-10-29T16:44:25.155+0000] {processor.py:161} INFO - Started process (PID=2228) to work on /opt/airflow/dags/etl_clickhouse.py
[2025-10-29T16:44:25.157+0000] {processor.py:830} INFO - Processing file /opt/airflow/dags/etl_clickhouse.py for tasks to queue
[2025-10-29T16:44:25.159+0000] {logging_mixin.py:188} INFO - [2025-10-29T16:44:25.159+0000] {dagbag.py:545} INFO - Filling up the DagBag from /opt/airflow/dags/etl_clickhouse.py
[2025-10-29T16:44:25.847+0000] {processor.py:840} INFO - DAG(s) 'move_data_to_clickhouse' retrieved from /opt/airflow/dags/etl_clickhouse.py
[2025-10-29T16:44:25.882+0000] {logging_mixin.py:188} INFO - [2025-10-29T16:44:25.881+0000] {dag.py:3096} INFO - Sync 1 DAGs
[2025-10-29T16:44:25.895+0000] {logging_mixin.py:188} INFO - [2025-10-29T16:44:25.895+0000] {dag.py:3954} INFO - Setting next_dagrun for move_data_to_clickhouse to None, run_after=None
[2025-10-29T16:44:25.928+0000] {processor.py:183} INFO - Processing /opt/airflow/dags/etl_clickhouse.py took 0.782 seconds
[2025-10-29T16:44:56.388+0000] {processor.py:161} INFO - Started process (PID=2240) to work on /opt/airflow/dags/etl_clickhouse.py
[2025-10-29T16:44:56.391+0000] {processor.py:830} INFO - Processing file /opt/airflow/dags/etl_clickhouse.py for tasks to queue
[2025-10-29T16:44:56.394+0000] {logging_mixin.py:188} INFO - [2025-10-29T16:44:56.393+0000] {dagbag.py:545} INFO - Filling up the DagBag from /opt/airflow/dags/etl_clickhouse.py
[2025-10-29T16:44:57.133+0000] {processor.py:840} INFO - DAG(s) 'move_data_to_clickhouse' retrieved from /opt/airflow/dags/etl_clickhouse.py
[2025-10-29T16:44:57.173+0000] {logging_mixin.py:188} INFO - [2025-10-29T16:44:57.172+0000] {dag.py:3096} INFO - Sync 1 DAGs
[2025-10-29T16:44:57.190+0000] {logging_mixin.py:188} INFO - [2025-10-29T16:44:57.189+0000] {dag.py:3954} INFO - Setting next_dagrun for move_data_to_clickhouse to None, run_after=None
[2025-10-29T16:44:57.236+0000] {processor.py:183} INFO - Processing /opt/airflow/dags/etl_clickhouse.py took 0.859 seconds
[2025-10-29T16:45:27.681+0000] {processor.py:161} INFO - Started process (PID=2252) to work on /opt/airflow/dags/etl_clickhouse.py
[2025-10-29T16:45:27.682+0000] {processor.py:830} INFO - Processing file /opt/airflow/dags/etl_clickhouse.py for tasks to queue
[2025-10-29T16:45:27.685+0000] {logging_mixin.py:188} INFO - [2025-10-29T16:45:27.685+0000] {dagbag.py:545} INFO - Filling up the DagBag from /opt/airflow/dags/etl_clickhouse.py
[2025-10-29T16:45:28.416+0000] {processor.py:840} INFO - DAG(s) 'move_data_to_clickhouse' retrieved from /opt/airflow/dags/etl_clickhouse.py
[2025-10-29T16:45:28.448+0000] {logging_mixin.py:188} INFO - [2025-10-29T16:45:28.448+0000] {dag.py:3096} INFO - Sync 1 DAGs
[2025-10-29T16:45:28.464+0000] {logging_mixin.py:188} INFO - [2025-10-29T16:45:28.464+0000] {dag.py:3954} INFO - Setting next_dagrun for move_data_to_clickhouse to None, run_after=None
[2025-10-29T16:45:28.491+0000] {processor.py:183} INFO - Processing /opt/airflow/dags/etl_clickhouse.py took 0.819 seconds
[2025-10-29T16:45:58.916+0000] {processor.py:161} INFO - Started process (PID=2264) to work on /opt/airflow/dags/etl_clickhouse.py
[2025-10-29T16:45:58.917+0000] {processor.py:830} INFO - Processing file /opt/airflow/dags/etl_clickhouse.py for tasks to queue
[2025-10-29T16:45:58.920+0000] {logging_mixin.py:188} INFO - [2025-10-29T16:45:58.919+0000] {dagbag.py:545} INFO - Filling up the DagBag from /opt/airflow/dags/etl_clickhouse.py
[2025-10-29T16:45:59.634+0000] {processor.py:840} INFO - DAG(s) 'move_data_to_clickhouse' retrieved from /opt/airflow/dags/etl_clickhouse.py
[2025-10-29T16:45:59.670+0000] {logging_mixin.py:188} INFO - [2025-10-29T16:45:59.669+0000] {dag.py:3096} INFO - Sync 1 DAGs
[2025-10-29T16:45:59.684+0000] {logging_mixin.py:188} INFO - [2025-10-29T16:45:59.684+0000] {dag.py:3954} INFO - Setting next_dagrun for move_data_to_clickhouse to None, run_after=None
[2025-10-29T16:45:59.709+0000] {processor.py:183} INFO - Processing /opt/airflow/dags/etl_clickhouse.py took 0.802 seconds
[2025-10-29T16:46:30.139+0000] {processor.py:161} INFO - Started process (PID=2276) to work on /opt/airflow/dags/etl_clickhouse.py
[2025-10-29T16:46:30.141+0000] {processor.py:830} INFO - Processing file /opt/airflow/dags/etl_clickhouse.py for tasks to queue
[2025-10-29T16:46:30.143+0000] {logging_mixin.py:188} INFO - [2025-10-29T16:46:30.143+0000] {dagbag.py:545} INFO - Filling up the DagBag from /opt/airflow/dags/etl_clickhouse.py
[2025-10-29T16:46:30.850+0000] {processor.py:840} INFO - DAG(s) 'move_data_to_clickhouse' retrieved from /opt/airflow/dags/etl_clickhouse.py
[2025-10-29T16:46:30.882+0000] {logging_mixin.py:188} INFO - [2025-10-29T16:46:30.882+0000] {dag.py:3096} INFO - Sync 1 DAGs
[2025-10-29T16:46:30.896+0000] {logging_mixin.py:188} INFO - [2025-10-29T16:46:30.896+0000] {dag.py:3954} INFO - Setting next_dagrun for move_data_to_clickhouse to None, run_after=None
[2025-10-29T16:46:30.926+0000] {processor.py:183} INFO - Processing /opt/airflow/dags/etl_clickhouse.py took 0.797 seconds
[2025-10-29T16:47:01.440+0000] {processor.py:161} INFO - Started process (PID=2288) to work on /opt/airflow/dags/etl_clickhouse.py
[2025-10-29T16:47:01.442+0000] {processor.py:830} INFO - Processing file /opt/airflow/dags/etl_clickhouse.py for tasks to queue
[2025-10-29T16:47:01.445+0000] {logging_mixin.py:188} INFO - [2025-10-29T16:47:01.444+0000] {dagbag.py:545} INFO - Filling up the DagBag from /opt/airflow/dags/etl_clickhouse.py
[2025-10-29T16:47:02.280+0000] {processor.py:840} INFO - DAG(s) 'move_data_to_clickhouse' retrieved from /opt/airflow/dags/etl_clickhouse.py
[2025-10-29T16:47:02.312+0000] {logging_mixin.py:188} INFO - [2025-10-29T16:47:02.312+0000] {dag.py:3096} INFO - Sync 1 DAGs
[2025-10-29T16:47:02.326+0000] {logging_mixin.py:188} INFO - [2025-10-29T16:47:02.325+0000] {dag.py:3954} INFO - Setting next_dagrun for move_data_to_clickhouse to None, run_after=None
[2025-10-29T16:47:02.351+0000] {processor.py:183} INFO - Processing /opt/airflow/dags/etl_clickhouse.py took 0.924 seconds
[2025-10-29T16:47:32.794+0000] {processor.py:161} INFO - Started process (PID=2300) to work on /opt/airflow/dags/etl_clickhouse.py
[2025-10-29T16:47:32.796+0000] {processor.py:830} INFO - Processing file /opt/airflow/dags/etl_clickhouse.py for tasks to queue
[2025-10-29T16:47:32.800+0000] {logging_mixin.py:188} INFO - [2025-10-29T16:47:32.799+0000] {dagbag.py:545} INFO - Filling up the DagBag from /opt/airflow/dags/etl_clickhouse.py
[2025-10-29T16:47:33.466+0000] {processor.py:840} INFO - DAG(s) 'move_data_to_clickhouse' retrieved from /opt/airflow/dags/etl_clickhouse.py
[2025-10-29T16:47:33.498+0000] {logging_mixin.py:188} INFO - [2025-10-29T16:47:33.498+0000] {dag.py:3096} INFO - Sync 1 DAGs
[2025-10-29T16:47:33.512+0000] {logging_mixin.py:188} INFO - [2025-10-29T16:47:33.512+0000] {dag.py:3954} INFO - Setting next_dagrun for move_data_to_clickhouse to None, run_after=None
[2025-10-29T16:47:33.537+0000] {processor.py:183} INFO - Processing /opt/airflow/dags/etl_clickhouse.py took 0.752 seconds
[2025-10-29T16:48:03.965+0000] {processor.py:161} INFO - Started process (PID=2312) to work on /opt/airflow/dags/etl_clickhouse.py
[2025-10-29T16:48:03.967+0000] {processor.py:830} INFO - Processing file /opt/airflow/dags/etl_clickhouse.py for tasks to queue
[2025-10-29T16:48:03.969+0000] {logging_mixin.py:188} INFO - [2025-10-29T16:48:03.969+0000] {dagbag.py:545} INFO - Filling up the DagBag from /opt/airflow/dags/etl_clickhouse.py
[2025-10-29T16:48:04.618+0000] {processor.py:840} INFO - DAG(s) 'move_data_to_clickhouse' retrieved from /opt/airflow/dags/etl_clickhouse.py
[2025-10-29T16:48:04.652+0000] {logging_mixin.py:188} INFO - [2025-10-29T16:48:04.651+0000] {dag.py:3096} INFO - Sync 1 DAGs
[2025-10-29T16:48:04.666+0000] {logging_mixin.py:188} INFO - [2025-10-29T16:48:04.666+0000] {dag.py:3954} INFO - Setting next_dagrun for move_data_to_clickhouse to None, run_after=None
[2025-10-29T16:48:04.690+0000] {processor.py:183} INFO - Processing /opt/airflow/dags/etl_clickhouse.py took 0.734 seconds
[2025-10-29T16:48:35.170+0000] {processor.py:161} INFO - Started process (PID=2324) to work on /opt/airflow/dags/etl_clickhouse.py
[2025-10-29T16:48:35.172+0000] {processor.py:830} INFO - Processing file /opt/airflow/dags/etl_clickhouse.py for tasks to queue
[2025-10-29T16:48:35.178+0000] {logging_mixin.py:188} INFO - [2025-10-29T16:48:35.177+0000] {dagbag.py:545} INFO - Filling up the DagBag from /opt/airflow/dags/etl_clickhouse.py
[2025-10-29T16:48:36.086+0000] {processor.py:840} INFO - DAG(s) 'move_data_to_clickhouse' retrieved from /opt/airflow/dags/etl_clickhouse.py
[2025-10-29T16:48:36.123+0000] {logging_mixin.py:188} INFO - [2025-10-29T16:48:36.122+0000] {dag.py:3096} INFO - Sync 1 DAGs
[2025-10-29T16:48:36.137+0000] {logging_mixin.py:188} INFO - [2025-10-29T16:48:36.137+0000] {dag.py:3954} INFO - Setting next_dagrun for move_data_to_clickhouse to None, run_after=None
[2025-10-29T16:48:36.165+0000] {processor.py:183} INFO - Processing /opt/airflow/dags/etl_clickhouse.py took 1.008 seconds
[2025-10-29T16:49:06.639+0000] {processor.py:161} INFO - Started process (PID=2336) to work on /opt/airflow/dags/etl_clickhouse.py
[2025-10-29T16:49:06.640+0000] {processor.py:830} INFO - Processing file /opt/airflow/dags/etl_clickhouse.py for tasks to queue
[2025-10-29T16:49:06.643+0000] {logging_mixin.py:188} INFO - [2025-10-29T16:49:06.642+0000] {dagbag.py:545} INFO - Filling up the DagBag from /opt/airflow/dags/etl_clickhouse.py
[2025-10-29T16:49:07.361+0000] {processor.py:840} INFO - DAG(s) 'move_data_to_clickhouse' retrieved from /opt/airflow/dags/etl_clickhouse.py
[2025-10-29T16:49:07.395+0000] {logging_mixin.py:188} INFO - [2025-10-29T16:49:07.394+0000] {dag.py:3096} INFO - Sync 1 DAGs
[2025-10-29T16:49:07.408+0000] {logging_mixin.py:188} INFO - [2025-10-29T16:49:07.407+0000] {dag.py:3954} INFO - Setting next_dagrun for move_data_to_clickhouse to None, run_after=None
[2025-10-29T16:49:07.430+0000] {processor.py:183} INFO - Processing /opt/airflow/dags/etl_clickhouse.py took 0.802 seconds
[2025-10-29T16:49:37.881+0000] {processor.py:161} INFO - Started process (PID=2348) to work on /opt/airflow/dags/etl_clickhouse.py
[2025-10-29T16:49:37.883+0000] {processor.py:830} INFO - Processing file /opt/airflow/dags/etl_clickhouse.py for tasks to queue
[2025-10-29T16:49:37.885+0000] {logging_mixin.py:188} INFO - [2025-10-29T16:49:37.885+0000] {dagbag.py:545} INFO - Filling up the DagBag from /opt/airflow/dags/etl_clickhouse.py
[2025-10-29T16:49:38.674+0000] {processor.py:840} INFO - DAG(s) 'move_data_to_clickhouse' retrieved from /opt/airflow/dags/etl_clickhouse.py
[2025-10-29T16:49:38.706+0000] {logging_mixin.py:188} INFO - [2025-10-29T16:49:38.705+0000] {dag.py:3096} INFO - Sync 1 DAGs
[2025-10-29T16:49:38.720+0000] {logging_mixin.py:188} INFO - [2025-10-29T16:49:38.719+0000] {dag.py:3954} INFO - Setting next_dagrun for move_data_to_clickhouse to None, run_after=None
[2025-10-29T16:49:38.744+0000] {processor.py:183} INFO - Processing /opt/airflow/dags/etl_clickhouse.py took 0.872 seconds
[2025-10-29T16:50:09.183+0000] {processor.py:161} INFO - Started process (PID=2360) to work on /opt/airflow/dags/etl_clickhouse.py
[2025-10-29T16:50:09.185+0000] {processor.py:830} INFO - Processing file /opt/airflow/dags/etl_clickhouse.py for tasks to queue
[2025-10-29T16:50:09.187+0000] {logging_mixin.py:188} INFO - [2025-10-29T16:50:09.187+0000] {dagbag.py:545} INFO - Filling up the DagBag from /opt/airflow/dags/etl_clickhouse.py
[2025-10-29T16:50:09.986+0000] {processor.py:840} INFO - DAG(s) 'move_data_to_clickhouse' retrieved from /opt/airflow/dags/etl_clickhouse.py
[2025-10-29T16:50:10.025+0000] {logging_mixin.py:188} INFO - [2025-10-29T16:50:10.024+0000] {dag.py:3096} INFO - Sync 1 DAGs
[2025-10-29T16:50:10.042+0000] {logging_mixin.py:188} INFO - [2025-10-29T16:50:10.042+0000] {dag.py:3954} INFO - Setting next_dagrun for move_data_to_clickhouse to None, run_after=None
[2025-10-29T16:50:10.073+0000] {processor.py:183} INFO - Processing /opt/airflow/dags/etl_clickhouse.py took 0.900 seconds
[2025-10-29T16:50:40.598+0000] {processor.py:161} INFO - Started process (PID=2372) to work on /opt/airflow/dags/etl_clickhouse.py
[2025-10-29T16:50:40.599+0000] {processor.py:830} INFO - Processing file /opt/airflow/dags/etl_clickhouse.py for tasks to queue
[2025-10-29T16:50:40.602+0000] {logging_mixin.py:188} INFO - [2025-10-29T16:50:40.601+0000] {dagbag.py:545} INFO - Filling up the DagBag from /opt/airflow/dags/etl_clickhouse.py
[2025-10-29T16:50:41.249+0000] {processor.py:840} INFO - DAG(s) 'move_data_to_clickhouse' retrieved from /opt/airflow/dags/etl_clickhouse.py
[2025-10-29T16:50:41.285+0000] {logging_mixin.py:188} INFO - [2025-10-29T16:50:41.284+0000] {dag.py:3096} INFO - Sync 1 DAGs
[2025-10-29T16:50:41.298+0000] {logging_mixin.py:188} INFO - [2025-10-29T16:50:41.298+0000] {dag.py:3954} INFO - Setting next_dagrun for move_data_to_clickhouse to None, run_after=None
[2025-10-29T16:50:41.323+0000] {processor.py:183} INFO - Processing /opt/airflow/dags/etl_clickhouse.py took 0.734 seconds
[2025-10-29T16:51:11.729+0000] {processor.py:161} INFO - Started process (PID=2384) to work on /opt/airflow/dags/etl_clickhouse.py
[2025-10-29T16:51:11.731+0000] {processor.py:830} INFO - Processing file /opt/airflow/dags/etl_clickhouse.py for tasks to queue
[2025-10-29T16:51:11.734+0000] {logging_mixin.py:188} INFO - [2025-10-29T16:51:11.733+0000] {dagbag.py:545} INFO - Filling up the DagBag from /opt/airflow/dags/etl_clickhouse.py
[2025-10-29T16:51:12.473+0000] {processor.py:840} INFO - DAG(s) 'move_data_to_clickhouse' retrieved from /opt/airflow/dags/etl_clickhouse.py
[2025-10-29T16:51:12.510+0000] {logging_mixin.py:188} INFO - [2025-10-29T16:51:12.509+0000] {dag.py:3096} INFO - Sync 1 DAGs
[2025-10-29T16:51:12.527+0000] {logging_mixin.py:188} INFO - [2025-10-29T16:51:12.527+0000] {dag.py:3954} INFO - Setting next_dagrun for move_data_to_clickhouse to None, run_after=None
[2025-10-29T16:51:12.560+0000] {processor.py:183} INFO - Processing /opt/airflow/dags/etl_clickhouse.py took 0.840 seconds
[2025-10-29T16:51:42.905+0000] {processor.py:161} INFO - Started process (PID=2396) to work on /opt/airflow/dags/etl_clickhouse.py
[2025-10-29T16:51:42.907+0000] {processor.py:830} INFO - Processing file /opt/airflow/dags/etl_clickhouse.py for tasks to queue
[2025-10-29T16:51:42.909+0000] {logging_mixin.py:188} INFO - [2025-10-29T16:51:42.909+0000] {dagbag.py:545} INFO - Filling up the DagBag from /opt/airflow/dags/etl_clickhouse.py
[2025-10-29T16:51:43.689+0000] {processor.py:840} INFO - DAG(s) 'move_data_to_clickhouse' retrieved from /opt/airflow/dags/etl_clickhouse.py
[2025-10-29T16:51:43.726+0000] {logging_mixin.py:188} INFO - [2025-10-29T16:51:43.726+0000] {dag.py:3096} INFO - Sync 1 DAGs
[2025-10-29T16:51:43.742+0000] {logging_mixin.py:188} INFO - [2025-10-29T16:51:43.742+0000] {dag.py:3954} INFO - Setting next_dagrun for move_data_to_clickhouse to None, run_after=None
[2025-10-29T16:51:43.777+0000] {processor.py:183} INFO - Processing /opt/airflow/dags/etl_clickhouse.py took 0.883 seconds
[2025-10-29T16:52:14.191+0000] {processor.py:161} INFO - Started process (PID=2408) to work on /opt/airflow/dags/etl_clickhouse.py
[2025-10-29T16:52:14.192+0000] {processor.py:830} INFO - Processing file /opt/airflow/dags/etl_clickhouse.py for tasks to queue
[2025-10-29T16:52:14.195+0000] {logging_mixin.py:188} INFO - [2025-10-29T16:52:14.194+0000] {dagbag.py:545} INFO - Filling up the DagBag from /opt/airflow/dags/etl_clickhouse.py
[2025-10-29T16:52:14.998+0000] {processor.py:840} INFO - DAG(s) 'move_data_to_clickhouse' retrieved from /opt/airflow/dags/etl_clickhouse.py
[2025-10-29T16:52:15.035+0000] {logging_mixin.py:188} INFO - [2025-10-29T16:52:15.035+0000] {dag.py:3096} INFO - Sync 1 DAGs
[2025-10-29T16:52:15.052+0000] {logging_mixin.py:188} INFO - [2025-10-29T16:52:15.051+0000] {dag.py:3954} INFO - Setting next_dagrun for move_data_to_clickhouse to None, run_after=None
[2025-10-29T16:52:15.078+0000] {processor.py:183} INFO - Processing /opt/airflow/dags/etl_clickhouse.py took 0.898 seconds
[2025-10-29T16:52:45.550+0000] {processor.py:161} INFO - Started process (PID=2420) to work on /opt/airflow/dags/etl_clickhouse.py
[2025-10-29T16:52:45.551+0000] {processor.py:830} INFO - Processing file /opt/airflow/dags/etl_clickhouse.py for tasks to queue
[2025-10-29T16:52:45.554+0000] {logging_mixin.py:188} INFO - [2025-10-29T16:52:45.553+0000] {dagbag.py:545} INFO - Filling up the DagBag from /opt/airflow/dags/etl_clickhouse.py
[2025-10-29T16:52:46.204+0000] {processor.py:840} INFO - DAG(s) 'move_data_to_clickhouse' retrieved from /opt/airflow/dags/etl_clickhouse.py
[2025-10-29T16:52:46.238+0000] {logging_mixin.py:188} INFO - [2025-10-29T16:52:46.238+0000] {dag.py:3096} INFO - Sync 1 DAGs
[2025-10-29T16:52:46.250+0000] {logging_mixin.py:188} INFO - [2025-10-29T16:52:46.250+0000] {dag.py:3954} INFO - Setting next_dagrun for move_data_to_clickhouse to None, run_after=None
[2025-10-29T16:52:46.276+0000] {processor.py:183} INFO - Processing /opt/airflow/dags/etl_clickhouse.py took 0.735 seconds
[2025-10-29T16:53:16.666+0000] {processor.py:161} INFO - Started process (PID=2432) to work on /opt/airflow/dags/etl_clickhouse.py
[2025-10-29T16:53:16.668+0000] {processor.py:830} INFO - Processing file /opt/airflow/dags/etl_clickhouse.py for tasks to queue
[2025-10-29T16:53:16.670+0000] {logging_mixin.py:188} INFO - [2025-10-29T16:53:16.670+0000] {dagbag.py:545} INFO - Filling up the DagBag from /opt/airflow/dags/etl_clickhouse.py
[2025-10-29T16:53:17.350+0000] {processor.py:840} INFO - DAG(s) 'move_data_to_clickhouse' retrieved from /opt/airflow/dags/etl_clickhouse.py
[2025-10-29T16:53:17.386+0000] {logging_mixin.py:188} INFO - [2025-10-29T16:53:17.386+0000] {dag.py:3096} INFO - Sync 1 DAGs
[2025-10-29T16:53:17.401+0000] {logging_mixin.py:188} INFO - [2025-10-29T16:53:17.400+0000] {dag.py:3954} INFO - Setting next_dagrun for move_data_to_clickhouse to None, run_after=None
[2025-10-29T16:53:17.431+0000] {processor.py:183} INFO - Processing /opt/airflow/dags/etl_clickhouse.py took 0.774 seconds
[2025-10-29T16:53:47.871+0000] {processor.py:161} INFO - Started process (PID=2444) to work on /opt/airflow/dags/etl_clickhouse.py
[2025-10-29T16:53:47.875+0000] {processor.py:830} INFO - Processing file /opt/airflow/dags/etl_clickhouse.py for tasks to queue
[2025-10-29T16:53:47.893+0000] {logging_mixin.py:188} INFO - [2025-10-29T16:53:47.892+0000] {dagbag.py:545} INFO - Filling up the DagBag from /opt/airflow/dags/etl_clickhouse.py
[2025-10-29T16:53:48.657+0000] {processor.py:840} INFO - DAG(s) 'move_data_to_clickhouse' retrieved from /opt/airflow/dags/etl_clickhouse.py
[2025-10-29T16:53:48.689+0000] {logging_mixin.py:188} INFO - [2025-10-29T16:53:48.688+0000] {dag.py:3096} INFO - Sync 1 DAGs
[2025-10-29T16:53:48.702+0000] {logging_mixin.py:188} INFO - [2025-10-29T16:53:48.702+0000] {dag.py:3954} INFO - Setting next_dagrun for move_data_to_clickhouse to None, run_after=None
[2025-10-29T16:53:48.731+0000] {processor.py:183} INFO - Processing /opt/airflow/dags/etl_clickhouse.py took 0.884 seconds
[2025-10-29T16:54:19.121+0000] {processor.py:161} INFO - Started process (PID=2456) to work on /opt/airflow/dags/etl_clickhouse.py
[2025-10-29T16:54:19.122+0000] {processor.py:830} INFO - Processing file /opt/airflow/dags/etl_clickhouse.py for tasks to queue
[2025-10-29T16:54:19.125+0000] {logging_mixin.py:188} INFO - [2025-10-29T16:54:19.125+0000] {dagbag.py:545} INFO - Filling up the DagBag from /opt/airflow/dags/etl_clickhouse.py
[2025-10-29T16:54:19.948+0000] {processor.py:840} INFO - DAG(s) 'move_data_to_clickhouse' retrieved from /opt/airflow/dags/etl_clickhouse.py
[2025-10-29T16:54:19.981+0000] {logging_mixin.py:188} INFO - [2025-10-29T16:54:19.981+0000] {dag.py:3096} INFO - Sync 1 DAGs
[2025-10-29T16:54:19.996+0000] {logging_mixin.py:188} INFO - [2025-10-29T16:54:19.996+0000] {dag.py:3954} INFO - Setting next_dagrun for move_data_to_clickhouse to None, run_after=None
[2025-10-29T16:54:20.024+0000] {processor.py:183} INFO - Processing /opt/airflow/dags/etl_clickhouse.py took 0.926 seconds
[2025-10-29T16:54:50.451+0000] {processor.py:161} INFO - Started process (PID=2468) to work on /opt/airflow/dags/etl_clickhouse.py
[2025-10-29T16:54:50.453+0000] {processor.py:830} INFO - Processing file /opt/airflow/dags/etl_clickhouse.py for tasks to queue
[2025-10-29T16:54:50.456+0000] {logging_mixin.py:188} INFO - [2025-10-29T16:54:50.456+0000] {dagbag.py:545} INFO - Filling up the DagBag from /opt/airflow/dags/etl_clickhouse.py
[2025-10-29T16:54:51.276+0000] {processor.py:840} INFO - DAG(s) 'move_data_to_clickhouse' retrieved from /opt/airflow/dags/etl_clickhouse.py
[2025-10-29T16:54:51.318+0000] {logging_mixin.py:188} INFO - [2025-10-29T16:54:51.318+0000] {dag.py:3096} INFO - Sync 1 DAGs
[2025-10-29T16:54:51.336+0000] {logging_mixin.py:188} INFO - [2025-10-29T16:54:51.336+0000] {dag.py:3954} INFO - Setting next_dagrun for move_data_to_clickhouse to None, run_after=None
[2025-10-29T16:54:51.368+0000] {processor.py:183} INFO - Processing /opt/airflow/dags/etl_clickhouse.py took 0.931 seconds
[2025-10-29T16:55:21.745+0000] {processor.py:161} INFO - Started process (PID=2480) to work on /opt/airflow/dags/etl_clickhouse.py
[2025-10-29T16:55:21.747+0000] {processor.py:830} INFO - Processing file /opt/airflow/dags/etl_clickhouse.py for tasks to queue
[2025-10-29T16:55:21.750+0000] {logging_mixin.py:188} INFO - [2025-10-29T16:55:21.750+0000] {dagbag.py:545} INFO - Filling up the DagBag from /opt/airflow/dags/etl_clickhouse.py
[2025-10-29T16:55:22.537+0000] {processor.py:840} INFO - DAG(s) 'move_data_to_clickhouse' retrieved from /opt/airflow/dags/etl_clickhouse.py
[2025-10-29T16:55:22.579+0000] {logging_mixin.py:188} INFO - [2025-10-29T16:55:22.578+0000] {dag.py:3096} INFO - Sync 1 DAGs
[2025-10-29T16:55:22.595+0000] {logging_mixin.py:188} INFO - [2025-10-29T16:55:22.594+0000] {dag.py:3954} INFO - Setting next_dagrun for move_data_to_clickhouse to None, run_after=None
[2025-10-29T16:55:22.629+0000] {processor.py:183} INFO - Processing /opt/airflow/dags/etl_clickhouse.py took 0.894 seconds
[2025-10-29T16:55:52.999+0000] {processor.py:161} INFO - Started process (PID=2492) to work on /opt/airflow/dags/etl_clickhouse.py
[2025-10-29T16:55:53.006+0000] {processor.py:830} INFO - Processing file /opt/airflow/dags/etl_clickhouse.py for tasks to queue
[2025-10-29T16:55:53.010+0000] {logging_mixin.py:188} INFO - [2025-10-29T16:55:53.009+0000] {dagbag.py:545} INFO - Filling up the DagBag from /opt/airflow/dags/etl_clickhouse.py
[2025-10-29T16:55:53.894+0000] {processor.py:840} INFO - DAG(s) 'move_data_to_clickhouse' retrieved from /opt/airflow/dags/etl_clickhouse.py
[2025-10-29T16:55:53.950+0000] {logging_mixin.py:188} INFO - [2025-10-29T16:55:53.949+0000] {dag.py:3096} INFO - Sync 1 DAGs
[2025-10-29T16:55:53.967+0000] {logging_mixin.py:188} INFO - [2025-10-29T16:55:53.966+0000] {dag.py:3954} INFO - Setting next_dagrun for move_data_to_clickhouse to None, run_after=None
[2025-10-29T16:55:53.997+0000] {processor.py:183} INFO - Processing /opt/airflow/dags/etl_clickhouse.py took 1.008 seconds
[2025-10-29T16:56:24.495+0000] {processor.py:161} INFO - Started process (PID=2504) to work on /opt/airflow/dags/etl_clickhouse.py
[2025-10-29T16:56:24.496+0000] {processor.py:830} INFO - Processing file /opt/airflow/dags/etl_clickhouse.py for tasks to queue
[2025-10-29T16:56:24.499+0000] {logging_mixin.py:188} INFO - [2025-10-29T16:56:24.499+0000] {dagbag.py:545} INFO - Filling up the DagBag from /opt/airflow/dags/etl_clickhouse.py
[2025-10-29T16:56:25.273+0000] {processor.py:840} INFO - DAG(s) 'move_data_to_clickhouse' retrieved from /opt/airflow/dags/etl_clickhouse.py
[2025-10-29T16:56:25.304+0000] {logging_mixin.py:188} INFO - [2025-10-29T16:56:25.304+0000] {dag.py:3096} INFO - Sync 1 DAGs
[2025-10-29T16:56:25.316+0000] {logging_mixin.py:188} INFO - [2025-10-29T16:56:25.315+0000] {dag.py:3954} INFO - Setting next_dagrun for move_data_to_clickhouse to None, run_after=None
[2025-10-29T16:56:25.340+0000] {processor.py:183} INFO - Processing /opt/airflow/dags/etl_clickhouse.py took 0.856 seconds
[2025-10-29T16:56:55.735+0000] {processor.py:161} INFO - Started process (PID=2516) to work on /opt/airflow/dags/etl_clickhouse.py
[2025-10-29T16:56:55.736+0000] {processor.py:830} INFO - Processing file /opt/airflow/dags/etl_clickhouse.py for tasks to queue
[2025-10-29T16:56:55.739+0000] {logging_mixin.py:188} INFO - [2025-10-29T16:56:55.738+0000] {dagbag.py:545} INFO - Filling up the DagBag from /opt/airflow/dags/etl_clickhouse.py
[2025-10-29T16:56:56.424+0000] {processor.py:840} INFO - DAG(s) 'move_data_to_clickhouse' retrieved from /opt/airflow/dags/etl_clickhouse.py
[2025-10-29T16:56:56.462+0000] {logging_mixin.py:188} INFO - [2025-10-29T16:56:56.461+0000] {dag.py:3096} INFO - Sync 1 DAGs
[2025-10-29T16:56:56.488+0000] {logging_mixin.py:188} INFO - [2025-10-29T16:56:56.488+0000] {dag.py:3954} INFO - Setting next_dagrun for move_data_to_clickhouse to None, run_after=None
[2025-10-29T16:56:56.522+0000] {processor.py:183} INFO - Processing /opt/airflow/dags/etl_clickhouse.py took 0.797 seconds
[2025-10-29T16:57:26.926+0000] {processor.py:161} INFO - Started process (PID=2528) to work on /opt/airflow/dags/etl_clickhouse.py
[2025-10-29T16:57:26.928+0000] {processor.py:830} INFO - Processing file /opt/airflow/dags/etl_clickhouse.py for tasks to queue
[2025-10-29T16:57:26.930+0000] {logging_mixin.py:188} INFO - [2025-10-29T16:57:26.930+0000] {dagbag.py:545} INFO - Filling up the DagBag from /opt/airflow/dags/etl_clickhouse.py
[2025-10-29T16:57:27.742+0000] {processor.py:840} INFO - DAG(s) 'move_data_to_clickhouse' retrieved from /opt/airflow/dags/etl_clickhouse.py
[2025-10-29T16:57:27.781+0000] {logging_mixin.py:188} INFO - [2025-10-29T16:57:27.781+0000] {dag.py:3096} INFO - Sync 1 DAGs
[2025-10-29T16:57:27.797+0000] {logging_mixin.py:188} INFO - [2025-10-29T16:57:27.797+0000] {dag.py:3954} INFO - Setting next_dagrun for move_data_to_clickhouse to None, run_after=None
[2025-10-29T16:57:27.824+0000] {processor.py:183} INFO - Processing /opt/airflow/dags/etl_clickhouse.py took 0.907 seconds
[2025-10-29T16:57:58.257+0000] {processor.py:161} INFO - Started process (PID=2540) to work on /opt/airflow/dags/etl_clickhouse.py
[2025-10-29T16:57:58.273+0000] {processor.py:830} INFO - Processing file /opt/airflow/dags/etl_clickhouse.py for tasks to queue
[2025-10-29T16:57:58.279+0000] {logging_mixin.py:188} INFO - [2025-10-29T16:57:58.278+0000] {dagbag.py:545} INFO - Filling up the DagBag from /opt/airflow/dags/etl_clickhouse.py
[2025-10-29T16:57:59.044+0000] {processor.py:840} INFO - DAG(s) 'move_data_to_clickhouse' retrieved from /opt/airflow/dags/etl_clickhouse.py
[2025-10-29T16:57:59.076+0000] {logging_mixin.py:188} INFO - [2025-10-29T16:57:59.076+0000] {dag.py:3096} INFO - Sync 1 DAGs
[2025-10-29T16:57:59.089+0000] {logging_mixin.py:188} INFO - [2025-10-29T16:57:59.089+0000] {dag.py:3954} INFO - Setting next_dagrun for move_data_to_clickhouse to None, run_after=None
[2025-10-29T16:57:59.112+0000] {processor.py:183} INFO - Processing /opt/airflow/dags/etl_clickhouse.py took 0.873 seconds
[2025-10-29T16:58:29.548+0000] {processor.py:161} INFO - Started process (PID=2552) to work on /opt/airflow/dags/etl_clickhouse.py
[2025-10-29T16:58:29.550+0000] {processor.py:830} INFO - Processing file /opt/airflow/dags/etl_clickhouse.py for tasks to queue
[2025-10-29T16:58:29.552+0000] {logging_mixin.py:188} INFO - [2025-10-29T16:58:29.552+0000] {dagbag.py:545} INFO - Filling up the DagBag from /opt/airflow/dags/etl_clickhouse.py
[2025-10-29T16:58:30.211+0000] {processor.py:840} INFO - DAG(s) 'move_data_to_clickhouse' retrieved from /opt/airflow/dags/etl_clickhouse.py
[2025-10-29T16:58:30.242+0000] {logging_mixin.py:188} INFO - [2025-10-29T16:58:30.241+0000] {dag.py:3096} INFO - Sync 1 DAGs
[2025-10-29T16:58:30.253+0000] {logging_mixin.py:188} INFO - [2025-10-29T16:58:30.253+0000] {dag.py:3954} INFO - Setting next_dagrun for move_data_to_clickhouse to None, run_after=None
[2025-10-29T16:58:30.278+0000] {processor.py:183} INFO - Processing /opt/airflow/dags/etl_clickhouse.py took 0.739 seconds
[2025-10-29T16:59:00.753+0000] {processor.py:161} INFO - Started process (PID=2564) to work on /opt/airflow/dags/etl_clickhouse.py
[2025-10-29T16:59:00.754+0000] {processor.py:830} INFO - Processing file /opt/airflow/dags/etl_clickhouse.py for tasks to queue
[2025-10-29T16:59:00.757+0000] {logging_mixin.py:188} INFO - [2025-10-29T16:59:00.757+0000] {dagbag.py:545} INFO - Filling up the DagBag from /opt/airflow/dags/etl_clickhouse.py
[2025-10-29T16:59:01.431+0000] {processor.py:840} INFO - DAG(s) 'move_data_to_clickhouse' retrieved from /opt/airflow/dags/etl_clickhouse.py
[2025-10-29T16:59:01.463+0000] {logging_mixin.py:188} INFO - [2025-10-29T16:59:01.462+0000] {dag.py:3096} INFO - Sync 1 DAGs
[2025-10-29T16:59:01.477+0000] {logging_mixin.py:188} INFO - [2025-10-29T16:59:01.477+0000] {dag.py:3954} INFO - Setting next_dagrun for move_data_to_clickhouse to None, run_after=None
[2025-10-29T16:59:01.501+0000] {processor.py:183} INFO - Processing /opt/airflow/dags/etl_clickhouse.py took 0.758 seconds
[2025-10-29T16:59:31.923+0000] {processor.py:161} INFO - Started process (PID=2576) to work on /opt/airflow/dags/etl_clickhouse.py
[2025-10-29T16:59:31.924+0000] {processor.py:830} INFO - Processing file /opt/airflow/dags/etl_clickhouse.py for tasks to queue
[2025-10-29T16:59:31.927+0000] {logging_mixin.py:188} INFO - [2025-10-29T16:59:31.926+0000] {dagbag.py:545} INFO - Filling up the DagBag from /opt/airflow/dags/etl_clickhouse.py
[2025-10-29T16:59:32.577+0000] {processor.py:840} INFO - DAG(s) 'move_data_to_clickhouse' retrieved from /opt/airflow/dags/etl_clickhouse.py
[2025-10-29T16:59:32.611+0000] {logging_mixin.py:188} INFO - [2025-10-29T16:59:32.611+0000] {dag.py:3096} INFO - Sync 1 DAGs
[2025-10-29T16:59:32.624+0000] {logging_mixin.py:188} INFO - [2025-10-29T16:59:32.624+0000] {dag.py:3954} INFO - Setting next_dagrun for move_data_to_clickhouse to None, run_after=None
[2025-10-29T16:59:32.646+0000] {processor.py:183} INFO - Processing /opt/airflow/dags/etl_clickhouse.py took 0.732 seconds
[2025-10-29T17:00:03.163+0000] {processor.py:161} INFO - Started process (PID=2588) to work on /opt/airflow/dags/etl_clickhouse.py
[2025-10-29T17:00:03.164+0000] {processor.py:830} INFO - Processing file /opt/airflow/dags/etl_clickhouse.py for tasks to queue
[2025-10-29T17:00:03.167+0000] {logging_mixin.py:188} INFO - [2025-10-29T17:00:03.166+0000] {dagbag.py:545} INFO - Filling up the DagBag from /opt/airflow/dags/etl_clickhouse.py
[2025-10-29T17:00:03.816+0000] {processor.py:840} INFO - DAG(s) 'move_data_to_clickhouse' retrieved from /opt/airflow/dags/etl_clickhouse.py
[2025-10-29T17:00:03.850+0000] {logging_mixin.py:188} INFO - [2025-10-29T17:00:03.849+0000] {dag.py:3096} INFO - Sync 1 DAGs
[2025-10-29T17:00:03.863+0000] {logging_mixin.py:188} INFO - [2025-10-29T17:00:03.863+0000] {dag.py:3954} INFO - Setting next_dagrun for move_data_to_clickhouse to None, run_after=None
[2025-10-29T17:00:03.886+0000] {processor.py:183} INFO - Processing /opt/airflow/dags/etl_clickhouse.py took 0.732 seconds
[2025-10-29T17:00:34.264+0000] {processor.py:161} INFO - Started process (PID=2600) to work on /opt/airflow/dags/etl_clickhouse.py
[2025-10-29T17:00:34.266+0000] {processor.py:830} INFO - Processing file /opt/airflow/dags/etl_clickhouse.py for tasks to queue
[2025-10-29T17:00:34.268+0000] {logging_mixin.py:188} INFO - [2025-10-29T17:00:34.268+0000] {dagbag.py:545} INFO - Filling up the DagBag from /opt/airflow/dags/etl_clickhouse.py
[2025-10-29T17:00:34.977+0000] {processor.py:840} INFO - DAG(s) 'move_data_to_clickhouse' retrieved from /opt/airflow/dags/etl_clickhouse.py
[2025-10-29T17:00:35.020+0000] {logging_mixin.py:188} INFO - [2025-10-29T17:00:35.019+0000] {dag.py:3096} INFO - Sync 1 DAGs
[2025-10-29T17:00:35.033+0000] {logging_mixin.py:188} INFO - [2025-10-29T17:00:35.032+0000] {dag.py:3954} INFO - Setting next_dagrun for move_data_to_clickhouse to None, run_after=None
[2025-10-29T17:00:35.061+0000] {processor.py:183} INFO - Processing /opt/airflow/dags/etl_clickhouse.py took 0.808 seconds
[2025-10-29T17:01:05.422+0000] {processor.py:161} INFO - Started process (PID=2612) to work on /opt/airflow/dags/etl_clickhouse.py
[2025-10-29T17:01:05.423+0000] {processor.py:830} INFO - Processing file /opt/airflow/dags/etl_clickhouse.py for tasks to queue
[2025-10-29T17:01:05.426+0000] {logging_mixin.py:188} INFO - [2025-10-29T17:01:05.425+0000] {dagbag.py:545} INFO - Filling up the DagBag from /opt/airflow/dags/etl_clickhouse.py
[2025-10-29T17:01:06.087+0000] {processor.py:840} INFO - DAG(s) 'move_data_to_clickhouse' retrieved from /opt/airflow/dags/etl_clickhouse.py
[2025-10-29T17:01:06.125+0000] {logging_mixin.py:188} INFO - [2025-10-29T17:01:06.124+0000] {dag.py:3096} INFO - Sync 1 DAGs
[2025-10-29T17:01:06.147+0000] {logging_mixin.py:188} INFO - [2025-10-29T17:01:06.147+0000] {dag.py:3954} INFO - Setting next_dagrun for move_data_to_clickhouse to None, run_after=None
[2025-10-29T17:01:06.175+0000] {processor.py:183} INFO - Processing /opt/airflow/dags/etl_clickhouse.py took 0.761 seconds
[2025-10-29T17:01:36.713+0000] {processor.py:161} INFO - Started process (PID=2624) to work on /opt/airflow/dags/etl_clickhouse.py
[2025-10-29T17:01:36.715+0000] {processor.py:830} INFO - Processing file /opt/airflow/dags/etl_clickhouse.py for tasks to queue
[2025-10-29T17:01:36.717+0000] {logging_mixin.py:188} INFO - [2025-10-29T17:01:36.717+0000] {dagbag.py:545} INFO - Filling up the DagBag from /opt/airflow/dags/etl_clickhouse.py
[2025-10-29T17:01:37.482+0000] {processor.py:840} INFO - DAG(s) 'move_data_to_clickhouse' retrieved from /opt/airflow/dags/etl_clickhouse.py
[2025-10-29T17:01:37.517+0000] {logging_mixin.py:188} INFO - [2025-10-29T17:01:37.517+0000] {dag.py:3096} INFO - Sync 1 DAGs
[2025-10-29T17:01:37.536+0000] {logging_mixin.py:188} INFO - [2025-10-29T17:01:37.536+0000] {dag.py:3954} INFO - Setting next_dagrun for move_data_to_clickhouse to None, run_after=None
[2025-10-29T17:01:37.561+0000] {processor.py:183} INFO - Processing /opt/airflow/dags/etl_clickhouse.py took 0.857 seconds
[2025-10-29T17:02:08.057+0000] {processor.py:161} INFO - Started process (PID=2636) to work on /opt/airflow/dags/etl_clickhouse.py
[2025-10-29T17:02:08.059+0000] {processor.py:830} INFO - Processing file /opt/airflow/dags/etl_clickhouse.py for tasks to queue
[2025-10-29T17:02:08.062+0000] {logging_mixin.py:188} INFO - [2025-10-29T17:02:08.061+0000] {dagbag.py:545} INFO - Filling up the DagBag from /opt/airflow/dags/etl_clickhouse.py
[2025-10-29T17:02:08.728+0000] {processor.py:840} INFO - DAG(s) 'move_data_to_clickhouse' retrieved from /opt/airflow/dags/etl_clickhouse.py
[2025-10-29T17:02:08.765+0000] {logging_mixin.py:188} INFO - [2025-10-29T17:02:08.765+0000] {dag.py:3096} INFO - Sync 1 DAGs
[2025-10-29T17:02:08.778+0000] {logging_mixin.py:188} INFO - [2025-10-29T17:02:08.778+0000] {dag.py:3954} INFO - Setting next_dagrun for move_data_to_clickhouse to None, run_after=None
[2025-10-29T17:02:08.802+0000] {processor.py:183} INFO - Processing /opt/airflow/dags/etl_clickhouse.py took 0.753 seconds
[2025-10-29T17:02:39.174+0000] {processor.py:161} INFO - Started process (PID=2648) to work on /opt/airflow/dags/etl_clickhouse.py
[2025-10-29T17:02:39.176+0000] {processor.py:830} INFO - Processing file /opt/airflow/dags/etl_clickhouse.py for tasks to queue
[2025-10-29T17:02:39.178+0000] {logging_mixin.py:188} INFO - [2025-10-29T17:02:39.178+0000] {dagbag.py:545} INFO - Filling up the DagBag from /opt/airflow/dags/etl_clickhouse.py
[2025-10-29T17:02:40.122+0000] {processor.py:840} INFO - DAG(s) 'move_data_to_clickhouse' retrieved from /opt/airflow/dags/etl_clickhouse.py
[2025-10-29T17:02:40.157+0000] {logging_mixin.py:188} INFO - [2025-10-29T17:02:40.156+0000] {dag.py:3096} INFO - Sync 1 DAGs
[2025-10-29T17:02:40.172+0000] {logging_mixin.py:188} INFO - [2025-10-29T17:02:40.172+0000] {dag.py:3954} INFO - Setting next_dagrun for move_data_to_clickhouse to None, run_after=None
[2025-10-29T17:02:40.201+0000] {processor.py:183} INFO - Processing /opt/airflow/dags/etl_clickhouse.py took 1.035 seconds
[2025-10-29T17:03:10.664+0000] {processor.py:161} INFO - Started process (PID=2660) to work on /opt/airflow/dags/etl_clickhouse.py
[2025-10-29T17:03:10.666+0000] {processor.py:830} INFO - Processing file /opt/airflow/dags/etl_clickhouse.py for tasks to queue
[2025-10-29T17:03:10.668+0000] {logging_mixin.py:188} INFO - [2025-10-29T17:03:10.668+0000] {dagbag.py:545} INFO - Filling up the DagBag from /opt/airflow/dags/etl_clickhouse.py
[2025-10-29T17:03:11.423+0000] {processor.py:840} INFO - DAG(s) 'move_data_to_clickhouse' retrieved from /opt/airflow/dags/etl_clickhouse.py
[2025-10-29T17:03:11.460+0000] {logging_mixin.py:188} INFO - [2025-10-29T17:03:11.460+0000] {dag.py:3096} INFO - Sync 1 DAGs
[2025-10-29T17:03:11.474+0000] {logging_mixin.py:188} INFO - [2025-10-29T17:03:11.473+0000] {dag.py:3954} INFO - Setting next_dagrun for move_data_to_clickhouse to None, run_after=None
[2025-10-29T17:03:11.496+0000] {processor.py:183} INFO - Processing /opt/airflow/dags/etl_clickhouse.py took 0.846 seconds
[2025-10-29T17:03:41.718+0000] {processor.py:161} INFO - Started process (PID=2672) to work on /opt/airflow/dags/etl_clickhouse.py
[2025-10-29T17:03:41.720+0000] {processor.py:830} INFO - Processing file /opt/airflow/dags/etl_clickhouse.py for tasks to queue
[2025-10-29T17:03:41.723+0000] {logging_mixin.py:188} INFO - [2025-10-29T17:03:41.722+0000] {dagbag.py:545} INFO - Filling up the DagBag from /opt/airflow/dags/etl_clickhouse.py
[2025-10-29T17:03:42.426+0000] {processor.py:840} INFO - DAG(s) 'move_data_to_clickhouse' retrieved from /opt/airflow/dags/etl_clickhouse.py
[2025-10-29T17:03:42.463+0000] {logging_mixin.py:188} INFO - [2025-10-29T17:03:42.463+0000] {dag.py:3096} INFO - Sync 1 DAGs
[2025-10-29T17:03:42.477+0000] {logging_mixin.py:188} INFO - [2025-10-29T17:03:42.476+0000] {dag.py:3954} INFO - Setting next_dagrun for move_data_to_clickhouse to None, run_after=None
[2025-10-29T17:03:42.501+0000] {processor.py:183} INFO - Processing /opt/airflow/dags/etl_clickhouse.py took 0.793 seconds
[2025-10-29T17:04:13.000+0000] {processor.py:161} INFO - Started process (PID=2684) to work on /opt/airflow/dags/etl_clickhouse.py
[2025-10-29T17:04:13.006+0000] {processor.py:830} INFO - Processing file /opt/airflow/dags/etl_clickhouse.py for tasks to queue
[2025-10-29T17:04:13.009+0000] {logging_mixin.py:188} INFO - [2025-10-29T17:04:13.009+0000] {dagbag.py:545} INFO - Filling up the DagBag from /opt/airflow/dags/etl_clickhouse.py
[2025-10-29T17:04:13.701+0000] {processor.py:840} INFO - DAG(s) 'move_data_to_clickhouse' retrieved from /opt/airflow/dags/etl_clickhouse.py
[2025-10-29T17:04:13.736+0000] {logging_mixin.py:188} INFO - [2025-10-29T17:04:13.735+0000] {dag.py:3096} INFO - Sync 1 DAGs
[2025-10-29T17:04:13.752+0000] {logging_mixin.py:188} INFO - [2025-10-29T17:04:13.751+0000] {dag.py:3954} INFO - Setting next_dagrun for move_data_to_clickhouse to None, run_after=None
[2025-10-29T17:04:13.778+0000] {processor.py:183} INFO - Processing /opt/airflow/dags/etl_clickhouse.py took 0.788 seconds
[2025-10-29T17:04:44.262+0000] {processor.py:161} INFO - Started process (PID=2696) to work on /opt/airflow/dags/etl_clickhouse.py
[2025-10-29T17:04:44.264+0000] {processor.py:830} INFO - Processing file /opt/airflow/dags/etl_clickhouse.py for tasks to queue
[2025-10-29T17:04:44.266+0000] {logging_mixin.py:188} INFO - [2025-10-29T17:04:44.266+0000] {dagbag.py:545} INFO - Filling up the DagBag from /opt/airflow/dags/etl_clickhouse.py
[2025-10-29T17:04:44.935+0000] {processor.py:840} INFO - DAG(s) 'move_data_to_clickhouse' retrieved from /opt/airflow/dags/etl_clickhouse.py
[2025-10-29T17:04:44.967+0000] {logging_mixin.py:188} INFO - [2025-10-29T17:04:44.966+0000] {dag.py:3096} INFO - Sync 1 DAGs
[2025-10-29T17:04:44.982+0000] {logging_mixin.py:188} INFO - [2025-10-29T17:04:44.981+0000] {dag.py:3954} INFO - Setting next_dagrun for move_data_to_clickhouse to None, run_after=None
[2025-10-29T17:04:45.008+0000] {processor.py:183} INFO - Processing /opt/airflow/dags/etl_clickhouse.py took 0.756 seconds
[2025-10-29T17:05:15.460+0000] {processor.py:161} INFO - Started process (PID=2708) to work on /opt/airflow/dags/etl_clickhouse.py
[2025-10-29T17:05:15.462+0000] {processor.py:830} INFO - Processing file /opt/airflow/dags/etl_clickhouse.py for tasks to queue
[2025-10-29T17:05:15.466+0000] {logging_mixin.py:188} INFO - [2025-10-29T17:05:15.465+0000] {dagbag.py:545} INFO - Filling up the DagBag from /opt/airflow/dags/etl_clickhouse.py
[2025-10-29T17:05:16.199+0000] {processor.py:840} INFO - DAG(s) 'move_data_to_clickhouse' retrieved from /opt/airflow/dags/etl_clickhouse.py
[2025-10-29T17:05:16.235+0000] {logging_mixin.py:188} INFO - [2025-10-29T17:05:16.235+0000] {dag.py:3096} INFO - Sync 1 DAGs
[2025-10-29T17:05:16.251+0000] {logging_mixin.py:188} INFO - [2025-10-29T17:05:16.251+0000] {dag.py:3954} INFO - Setting next_dagrun for move_data_to_clickhouse to None, run_after=None
[2025-10-29T17:05:16.281+0000] {processor.py:183} INFO - Processing /opt/airflow/dags/etl_clickhouse.py took 0.837 seconds
[2025-10-29T17:05:46.740+0000] {processor.py:161} INFO - Started process (PID=2720) to work on /opt/airflow/dags/etl_clickhouse.py
[2025-10-29T17:05:46.741+0000] {processor.py:830} INFO - Processing file /opt/airflow/dags/etl_clickhouse.py for tasks to queue
[2025-10-29T17:05:46.745+0000] {logging_mixin.py:188} INFO - [2025-10-29T17:05:46.744+0000] {dagbag.py:545} INFO - Filling up the DagBag from /opt/airflow/dags/etl_clickhouse.py
[2025-10-29T17:05:47.489+0000] {processor.py:840} INFO - DAG(s) 'move_data_to_clickhouse' retrieved from /opt/airflow/dags/etl_clickhouse.py
[2025-10-29T17:05:47.523+0000] {logging_mixin.py:188} INFO - [2025-10-29T17:05:47.523+0000] {dag.py:3096} INFO - Sync 1 DAGs
[2025-10-29T17:05:47.538+0000] {logging_mixin.py:188} INFO - [2025-10-29T17:05:47.537+0000] {dag.py:3954} INFO - Setting next_dagrun for move_data_to_clickhouse to None, run_after=None
[2025-10-29T17:05:47.561+0000] {processor.py:183} INFO - Processing /opt/airflow/dags/etl_clickhouse.py took 0.830 seconds
[2025-10-29T17:06:18.101+0000] {processor.py:161} INFO - Started process (PID=2732) to work on /opt/airflow/dags/etl_clickhouse.py
[2025-10-29T17:06:18.103+0000] {processor.py:830} INFO - Processing file /opt/airflow/dags/etl_clickhouse.py for tasks to queue
[2025-10-29T17:06:18.106+0000] {logging_mixin.py:188} INFO - [2025-10-29T17:06:18.105+0000] {dagbag.py:545} INFO - Filling up the DagBag from /opt/airflow/dags/etl_clickhouse.py
[2025-10-29T17:06:18.773+0000] {processor.py:840} INFO - DAG(s) 'move_data_to_clickhouse' retrieved from /opt/airflow/dags/etl_clickhouse.py
[2025-10-29T17:06:18.807+0000] {logging_mixin.py:188} INFO - [2025-10-29T17:06:18.807+0000] {dag.py:3096} INFO - Sync 1 DAGs
[2025-10-29T17:06:18.821+0000] {logging_mixin.py:188} INFO - [2025-10-29T17:06:18.820+0000] {dag.py:3954} INFO - Setting next_dagrun for move_data_to_clickhouse to None, run_after=None
[2025-10-29T17:06:18.845+0000] {processor.py:183} INFO - Processing /opt/airflow/dags/etl_clickhouse.py took 0.753 seconds
[2025-10-29T17:06:49.284+0000] {processor.py:161} INFO - Started process (PID=2744) to work on /opt/airflow/dags/etl_clickhouse.py
[2025-10-29T17:06:49.286+0000] {processor.py:830} INFO - Processing file /opt/airflow/dags/etl_clickhouse.py for tasks to queue
[2025-10-29T17:06:49.288+0000] {logging_mixin.py:188} INFO - [2025-10-29T17:06:49.288+0000] {dagbag.py:545} INFO - Filling up the DagBag from /opt/airflow/dags/etl_clickhouse.py
[2025-10-29T17:06:50.009+0000] {processor.py:840} INFO - DAG(s) 'move_data_to_clickhouse' retrieved from /opt/airflow/dags/etl_clickhouse.py
[2025-10-29T17:06:50.041+0000] {logging_mixin.py:188} INFO - [2025-10-29T17:06:50.041+0000] {dag.py:3096} INFO - Sync 1 DAGs
[2025-10-29T17:06:50.054+0000] {logging_mixin.py:188} INFO - [2025-10-29T17:06:50.054+0000] {dag.py:3954} INFO - Setting next_dagrun for move_data_to_clickhouse to None, run_after=None
[2025-10-29T17:06:50.078+0000] {processor.py:183} INFO - Processing /opt/airflow/dags/etl_clickhouse.py took 0.802 seconds
[2025-10-29T17:07:20.511+0000] {processor.py:161} INFO - Started process (PID=2756) to work on /opt/airflow/dags/etl_clickhouse.py
[2025-10-29T17:07:20.513+0000] {processor.py:830} INFO - Processing file /opt/airflow/dags/etl_clickhouse.py for tasks to queue
[2025-10-29T17:07:20.517+0000] {logging_mixin.py:188} INFO - [2025-10-29T17:07:20.516+0000] {dagbag.py:545} INFO - Filling up the DagBag from /opt/airflow/dags/etl_clickhouse.py
[2025-10-29T17:07:21.270+0000] {processor.py:840} INFO - DAG(s) 'move_data_to_clickhouse' retrieved from /opt/airflow/dags/etl_clickhouse.py
[2025-10-29T17:07:21.299+0000] {logging_mixin.py:188} INFO - [2025-10-29T17:07:21.299+0000] {dag.py:3096} INFO - Sync 1 DAGs
[2025-10-29T17:07:21.312+0000] {logging_mixin.py:188} INFO - [2025-10-29T17:07:21.311+0000] {dag.py:3954} INFO - Setting next_dagrun for move_data_to_clickhouse to None, run_after=None
[2025-10-29T17:07:21.335+0000] {processor.py:183} INFO - Processing /opt/airflow/dags/etl_clickhouse.py took 0.834 seconds
[2025-10-29T17:07:51.827+0000] {processor.py:161} INFO - Started process (PID=2768) to work on /opt/airflow/dags/etl_clickhouse.py
[2025-10-29T17:07:51.828+0000] {processor.py:830} INFO - Processing file /opt/airflow/dags/etl_clickhouse.py for tasks to queue
[2025-10-29T17:07:51.831+0000] {logging_mixin.py:188} INFO - [2025-10-29T17:07:51.830+0000] {dagbag.py:545} INFO - Filling up the DagBag from /opt/airflow/dags/etl_clickhouse.py
[2025-10-29T17:07:52.488+0000] {processor.py:840} INFO - DAG(s) 'move_data_to_clickhouse' retrieved from /opt/airflow/dags/etl_clickhouse.py
[2025-10-29T17:07:52.521+0000] {logging_mixin.py:188} INFO - [2025-10-29T17:07:52.520+0000] {dag.py:3096} INFO - Sync 1 DAGs
[2025-10-29T17:07:52.535+0000] {logging_mixin.py:188} INFO - [2025-10-29T17:07:52.535+0000] {dag.py:3954} INFO - Setting next_dagrun for move_data_to_clickhouse to None, run_after=None
[2025-10-29T17:07:52.558+0000] {processor.py:183} INFO - Processing /opt/airflow/dags/etl_clickhouse.py took 0.741 seconds
[2025-10-29T17:08:23.051+0000] {processor.py:161} INFO - Started process (PID=2780) to work on /opt/airflow/dags/etl_clickhouse.py
[2025-10-29T17:08:23.053+0000] {processor.py:830} INFO - Processing file /opt/airflow/dags/etl_clickhouse.py for tasks to queue
[2025-10-29T17:08:23.056+0000] {logging_mixin.py:188} INFO - [2025-10-29T17:08:23.055+0000] {dagbag.py:545} INFO - Filling up the DagBag from /opt/airflow/dags/etl_clickhouse.py
[2025-10-29T17:08:23.713+0000] {processor.py:840} INFO - DAG(s) 'move_data_to_clickhouse' retrieved from /opt/airflow/dags/etl_clickhouse.py
[2025-10-29T17:08:23.751+0000] {logging_mixin.py:188} INFO - [2025-10-29T17:08:23.750+0000] {dag.py:3096} INFO - Sync 1 DAGs
[2025-10-29T17:08:23.766+0000] {logging_mixin.py:188} INFO - [2025-10-29T17:08:23.765+0000] {dag.py:3954} INFO - Setting next_dagrun for move_data_to_clickhouse to None, run_after=None
[2025-10-29T17:08:23.793+0000] {processor.py:183} INFO - Processing /opt/airflow/dags/etl_clickhouse.py took 0.750 seconds
[2025-10-29T17:08:54.180+0000] {processor.py:161} INFO - Started process (PID=2792) to work on /opt/airflow/dags/etl_clickhouse.py
[2025-10-29T17:08:54.181+0000] {processor.py:830} INFO - Processing file /opt/airflow/dags/etl_clickhouse.py for tasks to queue
[2025-10-29T17:08:54.184+0000] {logging_mixin.py:188} INFO - [2025-10-29T17:08:54.183+0000] {dagbag.py:545} INFO - Filling up the DagBag from /opt/airflow/dags/etl_clickhouse.py
[2025-10-29T17:08:54.841+0000] {processor.py:840} INFO - DAG(s) 'move_data_to_clickhouse' retrieved from /opt/airflow/dags/etl_clickhouse.py
[2025-10-29T17:08:54.872+0000] {logging_mixin.py:188} INFO - [2025-10-29T17:08:54.871+0000] {dag.py:3096} INFO - Sync 1 DAGs
[2025-10-29T17:08:54.885+0000] {logging_mixin.py:188} INFO - [2025-10-29T17:08:54.884+0000] {dag.py:3954} INFO - Setting next_dagrun for move_data_to_clickhouse to None, run_after=None
[2025-10-29T17:08:54.909+0000] {processor.py:183} INFO - Processing /opt/airflow/dags/etl_clickhouse.py took 0.739 seconds
[2025-10-29T17:09:25.414+0000] {processor.py:161} INFO - Started process (PID=2804) to work on /opt/airflow/dags/etl_clickhouse.py
[2025-10-29T17:09:25.415+0000] {processor.py:830} INFO - Processing file /opt/airflow/dags/etl_clickhouse.py for tasks to queue
[2025-10-29T17:09:25.418+0000] {logging_mixin.py:188} INFO - [2025-10-29T17:09:25.417+0000] {dagbag.py:545} INFO - Filling up the DagBag from /opt/airflow/dags/etl_clickhouse.py
[2025-10-29T17:09:26.067+0000] {processor.py:840} INFO - DAG(s) 'move_data_to_clickhouse' retrieved from /opt/airflow/dags/etl_clickhouse.py
[2025-10-29T17:09:26.100+0000] {logging_mixin.py:188} INFO - [2025-10-29T17:09:26.099+0000] {dag.py:3096} INFO - Sync 1 DAGs
[2025-10-29T17:09:26.114+0000] {logging_mixin.py:188} INFO - [2025-10-29T17:09:26.114+0000] {dag.py:3954} INFO - Setting next_dagrun for move_data_to_clickhouse to None, run_after=None
[2025-10-29T17:09:26.138+0000] {processor.py:183} INFO - Processing /opt/airflow/dags/etl_clickhouse.py took 0.734 seconds
[2025-10-29T17:09:56.640+0000] {processor.py:161} INFO - Started process (PID=2816) to work on /opt/airflow/dags/etl_clickhouse.py
[2025-10-29T17:09:56.642+0000] {processor.py:830} INFO - Processing file /opt/airflow/dags/etl_clickhouse.py for tasks to queue
[2025-10-29T17:09:56.644+0000] {logging_mixin.py:188} INFO - [2025-10-29T17:09:56.644+0000] {dagbag.py:545} INFO - Filling up the DagBag from /opt/airflow/dags/etl_clickhouse.py
[2025-10-29T17:09:57.329+0000] {processor.py:840} INFO - DAG(s) 'move_data_to_clickhouse' retrieved from /opt/airflow/dags/etl_clickhouse.py
[2025-10-29T17:09:57.364+0000] {logging_mixin.py:188} INFO - [2025-10-29T17:09:57.364+0000] {dag.py:3096} INFO - Sync 1 DAGs
[2025-10-29T17:09:57.388+0000] {logging_mixin.py:188} INFO - [2025-10-29T17:09:57.387+0000] {dag.py:3954} INFO - Setting next_dagrun for move_data_to_clickhouse to None, run_after=None
[2025-10-29T17:09:57.421+0000] {processor.py:183} INFO - Processing /opt/airflow/dags/etl_clickhouse.py took 0.789 seconds
[2025-10-29T17:10:27.922+0000] {processor.py:161} INFO - Started process (PID=2828) to work on /opt/airflow/dags/etl_clickhouse.py
[2025-10-29T17:10:27.923+0000] {processor.py:830} INFO - Processing file /opt/airflow/dags/etl_clickhouse.py for tasks to queue
[2025-10-29T17:10:27.926+0000] {logging_mixin.py:188} INFO - [2025-10-29T17:10:27.925+0000] {dagbag.py:545} INFO - Filling up the DagBag from /opt/airflow/dags/etl_clickhouse.py
[2025-10-29T17:10:28.617+0000] {processor.py:840} INFO - DAG(s) 'move_data_to_clickhouse' retrieved from /opt/airflow/dags/etl_clickhouse.py
[2025-10-29T17:10:28.651+0000] {logging_mixin.py:188} INFO - [2025-10-29T17:10:28.651+0000] {dag.py:3096} INFO - Sync 1 DAGs
[2025-10-29T17:10:28.664+0000] {logging_mixin.py:188} INFO - [2025-10-29T17:10:28.664+0000] {dag.py:3954} INFO - Setting next_dagrun for move_data_to_clickhouse to None, run_after=None
[2025-10-29T17:10:28.690+0000] {processor.py:183} INFO - Processing /opt/airflow/dags/etl_clickhouse.py took 0.776 seconds
[2025-10-29T17:10:59.097+0000] {processor.py:161} INFO - Started process (PID=2840) to work on /opt/airflow/dags/etl_clickhouse.py
[2025-10-29T17:10:59.098+0000] {processor.py:830} INFO - Processing file /opt/airflow/dags/etl_clickhouse.py for tasks to queue
[2025-10-29T17:10:59.101+0000] {logging_mixin.py:188} INFO - [2025-10-29T17:10:59.101+0000] {dagbag.py:545} INFO - Filling up the DagBag from /opt/airflow/dags/etl_clickhouse.py
[2025-10-29T17:10:59.777+0000] {processor.py:840} INFO - DAG(s) 'move_data_to_clickhouse' retrieved from /opt/airflow/dags/etl_clickhouse.py
[2025-10-29T17:10:59.810+0000] {logging_mixin.py:188} INFO - [2025-10-29T17:10:59.810+0000] {dag.py:3096} INFO - Sync 1 DAGs
[2025-10-29T17:10:59.824+0000] {logging_mixin.py:188} INFO - [2025-10-29T17:10:59.823+0000] {dag.py:3954} INFO - Setting next_dagrun for move_data_to_clickhouse to None, run_after=None
[2025-10-29T17:10:59.848+0000] {processor.py:183} INFO - Processing /opt/airflow/dags/etl_clickhouse.py took 0.760 seconds
[2025-10-29T17:11:30.320+0000] {processor.py:161} INFO - Started process (PID=2852) to work on /opt/airflow/dags/etl_clickhouse.py
[2025-10-29T17:11:30.321+0000] {processor.py:830} INFO - Processing file /opt/airflow/dags/etl_clickhouse.py for tasks to queue
[2025-10-29T17:11:30.324+0000] {logging_mixin.py:188} INFO - [2025-10-29T17:11:30.323+0000] {dagbag.py:545} INFO - Filling up the DagBag from /opt/airflow/dags/etl_clickhouse.py
[2025-10-29T17:11:30.963+0000] {processor.py:840} INFO - DAG(s) 'move_data_to_clickhouse' retrieved from /opt/airflow/dags/etl_clickhouse.py
[2025-10-29T17:11:30.996+0000] {logging_mixin.py:188} INFO - [2025-10-29T17:11:30.995+0000] {dag.py:3096} INFO - Sync 1 DAGs
[2025-10-29T17:11:31.009+0000] {logging_mixin.py:188} INFO - [2025-10-29T17:11:31.009+0000] {dag.py:3954} INFO - Setting next_dagrun for move_data_to_clickhouse to None, run_after=None
[2025-10-29T17:11:31.035+0000] {processor.py:183} INFO - Processing /opt/airflow/dags/etl_clickhouse.py took 0.724 seconds
[2025-10-29T17:12:01.468+0000] {processor.py:161} INFO - Started process (PID=2864) to work on /opt/airflow/dags/etl_clickhouse.py
[2025-10-29T17:12:01.470+0000] {processor.py:830} INFO - Processing file /opt/airflow/dags/etl_clickhouse.py for tasks to queue
[2025-10-29T17:12:01.473+0000] {logging_mixin.py:188} INFO - [2025-10-29T17:12:01.473+0000] {dagbag.py:545} INFO - Filling up the DagBag from /opt/airflow/dags/etl_clickhouse.py
[2025-10-29T17:12:02.181+0000] {processor.py:840} INFO - DAG(s) 'move_data_to_clickhouse' retrieved from /opt/airflow/dags/etl_clickhouse.py
[2025-10-29T17:12:02.225+0000] {logging_mixin.py:188} INFO - [2025-10-29T17:12:02.224+0000] {dag.py:3096} INFO - Sync 1 DAGs
[2025-10-29T17:12:02.240+0000] {logging_mixin.py:188} INFO - [2025-10-29T17:12:02.240+0000] {dag.py:3954} INFO - Setting next_dagrun for move_data_to_clickhouse to None, run_after=None
[2025-10-29T17:12:02.267+0000] {processor.py:183} INFO - Processing /opt/airflow/dags/etl_clickhouse.py took 0.809 seconds
[2025-10-29T17:12:32.688+0000] {processor.py:161} INFO - Started process (PID=2876) to work on /opt/airflow/dags/etl_clickhouse.py
[2025-10-29T17:12:32.690+0000] {processor.py:830} INFO - Processing file /opt/airflow/dags/etl_clickhouse.py for tasks to queue
[2025-10-29T17:12:32.695+0000] {logging_mixin.py:188} INFO - [2025-10-29T17:12:32.694+0000] {dagbag.py:545} INFO - Filling up the DagBag from /opt/airflow/dags/etl_clickhouse.py
[2025-10-29T17:12:33.682+0000] {processor.py:840} INFO - DAG(s) 'move_data_to_clickhouse' retrieved from /opt/airflow/dags/etl_clickhouse.py
[2025-10-29T17:12:33.735+0000] {logging_mixin.py:188} INFO - [2025-10-29T17:12:33.734+0000] {dag.py:3096} INFO - Sync 1 DAGs
[2025-10-29T17:12:33.749+0000] {logging_mixin.py:188} INFO - [2025-10-29T17:12:33.749+0000] {dag.py:3954} INFO - Setting next_dagrun for move_data_to_clickhouse to None, run_after=None
[2025-10-29T17:12:33.794+0000] {processor.py:183} INFO - Processing /opt/airflow/dags/etl_clickhouse.py took 1.120 seconds
[2025-10-29T17:13:04.141+0000] {processor.py:161} INFO - Started process (PID=2888) to work on /opt/airflow/dags/etl_clickhouse.py
[2025-10-29T17:13:04.143+0000] {processor.py:830} INFO - Processing file /opt/airflow/dags/etl_clickhouse.py for tasks to queue
[2025-10-29T17:13:04.146+0000] {logging_mixin.py:188} INFO - [2025-10-29T17:13:04.145+0000] {dagbag.py:545} INFO - Filling up the DagBag from /opt/airflow/dags/etl_clickhouse.py
[2025-10-29T17:13:04.847+0000] {processor.py:840} INFO - DAG(s) 'move_data_to_clickhouse' retrieved from /opt/airflow/dags/etl_clickhouse.py
[2025-10-29T17:13:04.882+0000] {logging_mixin.py:188} INFO - [2025-10-29T17:13:04.881+0000] {dag.py:3096} INFO - Sync 1 DAGs
[2025-10-29T17:13:04.895+0000] {logging_mixin.py:188} INFO - [2025-10-29T17:13:04.895+0000] {dag.py:3954} INFO - Setting next_dagrun for move_data_to_clickhouse to None, run_after=None
[2025-10-29T17:13:04.919+0000] {processor.py:183} INFO - Processing /opt/airflow/dags/etl_clickhouse.py took 0.788 seconds
[2025-10-29T17:13:35.446+0000] {processor.py:161} INFO - Started process (PID=2900) to work on /opt/airflow/dags/etl_clickhouse.py
[2025-10-29T17:13:35.447+0000] {processor.py:830} INFO - Processing file /opt/airflow/dags/etl_clickhouse.py for tasks to queue
[2025-10-29T17:13:35.450+0000] {logging_mixin.py:188} INFO - [2025-10-29T17:13:35.450+0000] {dagbag.py:545} INFO - Filling up the DagBag from /opt/airflow/dags/etl_clickhouse.py
[2025-10-29T17:13:36.102+0000] {processor.py:840} INFO - DAG(s) 'move_data_to_clickhouse' retrieved from /opt/airflow/dags/etl_clickhouse.py
[2025-10-29T17:13:36.136+0000] {logging_mixin.py:188} INFO - [2025-10-29T17:13:36.136+0000] {dag.py:3096} INFO - Sync 1 DAGs
[2025-10-29T17:13:36.149+0000] {logging_mixin.py:188} INFO - [2025-10-29T17:13:36.149+0000] {dag.py:3954} INFO - Setting next_dagrun for move_data_to_clickhouse to None, run_after=None
[2025-10-29T17:13:36.173+0000] {processor.py:183} INFO - Processing /opt/airflow/dags/etl_clickhouse.py took 0.735 seconds
[2025-10-29T17:14:06.731+0000] {processor.py:161} INFO - Started process (PID=2912) to work on /opt/airflow/dags/etl_clickhouse.py
[2025-10-29T17:14:06.733+0000] {processor.py:830} INFO - Processing file /opt/airflow/dags/etl_clickhouse.py for tasks to queue
[2025-10-29T17:14:06.735+0000] {logging_mixin.py:188} INFO - [2025-10-29T17:14:06.735+0000] {dagbag.py:545} INFO - Filling up the DagBag from /opt/airflow/dags/etl_clickhouse.py
[2025-10-29T17:14:07.452+0000] {processor.py:840} INFO - DAG(s) 'move_data_to_clickhouse' retrieved from /opt/airflow/dags/etl_clickhouse.py
[2025-10-29T17:14:07.494+0000] {logging_mixin.py:188} INFO - [2025-10-29T17:14:07.493+0000] {dag.py:3096} INFO - Sync 1 DAGs
[2025-10-29T17:14:07.510+0000] {logging_mixin.py:188} INFO - [2025-10-29T17:14:07.509+0000] {dag.py:3954} INFO - Setting next_dagrun for move_data_to_clickhouse to None, run_after=None
[2025-10-29T17:14:07.533+0000] {processor.py:183} INFO - Processing /opt/airflow/dags/etl_clickhouse.py took 0.811 seconds
[2025-10-29T17:14:38.008+0000] {processor.py:161} INFO - Started process (PID=2924) to work on /opt/airflow/dags/etl_clickhouse.py
[2025-10-29T17:14:38.009+0000] {processor.py:830} INFO - Processing file /opt/airflow/dags/etl_clickhouse.py for tasks to queue
[2025-10-29T17:14:38.012+0000] {logging_mixin.py:188} INFO - [2025-10-29T17:14:38.012+0000] {dagbag.py:545} INFO - Filling up the DagBag from /opt/airflow/dags/etl_clickhouse.py
[2025-10-29T17:14:38.660+0000] {processor.py:840} INFO - DAG(s) 'move_data_to_clickhouse' retrieved from /opt/airflow/dags/etl_clickhouse.py
[2025-10-29T17:14:38.693+0000] {logging_mixin.py:188} INFO - [2025-10-29T17:14:38.693+0000] {dag.py:3096} INFO - Sync 1 DAGs
[2025-10-29T17:14:38.708+0000] {logging_mixin.py:188} INFO - [2025-10-29T17:14:38.708+0000] {dag.py:3954} INFO - Setting next_dagrun for move_data_to_clickhouse to None, run_after=None
[2025-10-29T17:14:38.732+0000] {processor.py:183} INFO - Processing /opt/airflow/dags/etl_clickhouse.py took 0.734 seconds
[2025-10-29T17:15:09.186+0000] {processor.py:161} INFO - Started process (PID=2936) to work on /opt/airflow/dags/etl_clickhouse.py
[2025-10-29T17:15:09.187+0000] {processor.py:830} INFO - Processing file /opt/airflow/dags/etl_clickhouse.py for tasks to queue
[2025-10-29T17:15:09.190+0000] {logging_mixin.py:188} INFO - [2025-10-29T17:15:09.190+0000] {dagbag.py:545} INFO - Filling up the DagBag from /opt/airflow/dags/etl_clickhouse.py
[2025-10-29T17:15:09.874+0000] {processor.py:840} INFO - DAG(s) 'move_data_to_clickhouse' retrieved from /opt/airflow/dags/etl_clickhouse.py
[2025-10-29T17:15:09.912+0000] {logging_mixin.py:188} INFO - [2025-10-29T17:15:09.911+0000] {dag.py:3096} INFO - Sync 1 DAGs
[2025-10-29T17:15:09.926+0000] {logging_mixin.py:188} INFO - [2025-10-29T17:15:09.926+0000] {dag.py:3954} INFO - Setting next_dagrun for move_data_to_clickhouse to None, run_after=None
[2025-10-29T17:15:09.958+0000] {processor.py:183} INFO - Processing /opt/airflow/dags/etl_clickhouse.py took 0.782 seconds
[2025-10-29T17:15:40.340+0000] {processor.py:161} INFO - Started process (PID=2948) to work on /opt/airflow/dags/etl_clickhouse.py
[2025-10-29T17:15:40.342+0000] {processor.py:830} INFO - Processing file /opt/airflow/dags/etl_clickhouse.py for tasks to queue
[2025-10-29T17:15:40.344+0000] {logging_mixin.py:188} INFO - [2025-10-29T17:15:40.344+0000] {dagbag.py:545} INFO - Filling up the DagBag from /opt/airflow/dags/etl_clickhouse.py
[2025-10-29T17:15:41.111+0000] {processor.py:840} INFO - DAG(s) 'move_data_to_clickhouse' retrieved from /opt/airflow/dags/etl_clickhouse.py
[2025-10-29T17:15:41.148+0000] {logging_mixin.py:188} INFO - [2025-10-29T17:15:41.148+0000] {dag.py:3096} INFO - Sync 1 DAGs
[2025-10-29T17:15:41.176+0000] {logging_mixin.py:188} INFO - [2025-10-29T17:15:41.176+0000] {dag.py:3954} INFO - Setting next_dagrun for move_data_to_clickhouse to None, run_after=None
[2025-10-29T17:15:41.202+0000] {processor.py:183} INFO - Processing /opt/airflow/dags/etl_clickhouse.py took 0.872 seconds
[2025-10-29T17:16:11.744+0000] {processor.py:161} INFO - Started process (PID=2960) to work on /opt/airflow/dags/etl_clickhouse.py
[2025-10-29T17:16:11.746+0000] {processor.py:830} INFO - Processing file /opt/airflow/dags/etl_clickhouse.py for tasks to queue
[2025-10-29T17:16:11.749+0000] {logging_mixin.py:188} INFO - [2025-10-29T17:16:11.748+0000] {dagbag.py:545} INFO - Filling up the DagBag from /opt/airflow/dags/etl_clickhouse.py
[2025-10-29T17:16:12.398+0000] {processor.py:840} INFO - DAG(s) 'move_data_to_clickhouse' retrieved from /opt/airflow/dags/etl_clickhouse.py
[2025-10-29T17:16:12.429+0000] {logging_mixin.py:188} INFO - [2025-10-29T17:16:12.428+0000] {dag.py:3096} INFO - Sync 1 DAGs
[2025-10-29T17:16:12.441+0000] {logging_mixin.py:188} INFO - [2025-10-29T17:16:12.441+0000] {dag.py:3954} INFO - Setting next_dagrun for move_data_to_clickhouse to None, run_after=None
[2025-10-29T17:16:12.465+0000] {processor.py:183} INFO - Processing /opt/airflow/dags/etl_clickhouse.py took 0.730 seconds
[2025-10-29T17:16:42.993+0000] {processor.py:161} INFO - Started process (PID=2972) to work on /opt/airflow/dags/etl_clickhouse.py
[2025-10-29T17:16:42.995+0000] {processor.py:830} INFO - Processing file /opt/airflow/dags/etl_clickhouse.py for tasks to queue
[2025-10-29T17:16:42.997+0000] {logging_mixin.py:188} INFO - [2025-10-29T17:16:42.997+0000] {dagbag.py:545} INFO - Filling up the DagBag from /opt/airflow/dags/etl_clickhouse.py
[2025-10-29T17:16:43.712+0000] {processor.py:840} INFO - DAG(s) 'move_data_to_clickhouse' retrieved from /opt/airflow/dags/etl_clickhouse.py
[2025-10-29T17:16:43.744+0000] {logging_mixin.py:188} INFO - [2025-10-29T17:16:43.743+0000] {dag.py:3096} INFO - Sync 1 DAGs
[2025-10-29T17:16:43.758+0000] {logging_mixin.py:188} INFO - [2025-10-29T17:16:43.758+0000] {dag.py:3954} INFO - Setting next_dagrun for move_data_to_clickhouse to None, run_after=None
[2025-10-29T17:16:43.784+0000] {processor.py:183} INFO - Processing /opt/airflow/dags/etl_clickhouse.py took 0.799 seconds
[2025-10-29T17:17:14.201+0000] {processor.py:161} INFO - Started process (PID=2984) to work on /opt/airflow/dags/etl_clickhouse.py
[2025-10-29T17:17:14.202+0000] {processor.py:830} INFO - Processing file /opt/airflow/dags/etl_clickhouse.py for tasks to queue
[2025-10-29T17:17:14.205+0000] {logging_mixin.py:188} INFO - [2025-10-29T17:17:14.204+0000] {dagbag.py:545} INFO - Filling up the DagBag from /opt/airflow/dags/etl_clickhouse.py
[2025-10-29T17:17:14.881+0000] {processor.py:840} INFO - DAG(s) 'move_data_to_clickhouse' retrieved from /opt/airflow/dags/etl_clickhouse.py
[2025-10-29T17:17:14.919+0000] {logging_mixin.py:188} INFO - [2025-10-29T17:17:14.919+0000] {dag.py:3096} INFO - Sync 1 DAGs
[2025-10-29T17:17:14.936+0000] {logging_mixin.py:188} INFO - [2025-10-29T17:17:14.936+0000] {dag.py:3954} INFO - Setting next_dagrun for move_data_to_clickhouse to None, run_after=None
[2025-10-29T17:17:14.960+0000] {processor.py:183} INFO - Processing /opt/airflow/dags/etl_clickhouse.py took 0.767 seconds
[2025-10-29T17:17:45.377+0000] {processor.py:161} INFO - Started process (PID=2996) to work on /opt/airflow/dags/etl_clickhouse.py
[2025-10-29T17:17:45.379+0000] {processor.py:830} INFO - Processing file /opt/airflow/dags/etl_clickhouse.py for tasks to queue
[2025-10-29T17:17:45.382+0000] {logging_mixin.py:188} INFO - [2025-10-29T17:17:45.382+0000] {dagbag.py:545} INFO - Filling up the DagBag from /opt/airflow/dags/etl_clickhouse.py
[2025-10-29T17:17:46.012+0000] {processor.py:840} INFO - DAG(s) 'move_data_to_clickhouse' retrieved from /opt/airflow/dags/etl_clickhouse.py
[2025-10-29T17:17:46.044+0000] {logging_mixin.py:188} INFO - [2025-10-29T17:17:46.044+0000] {dag.py:3096} INFO - Sync 1 DAGs
[2025-10-29T17:17:46.057+0000] {logging_mixin.py:188} INFO - [2025-10-29T17:17:46.057+0000] {dag.py:3954} INFO - Setting next_dagrun for move_data_to_clickhouse to None, run_after=None
[2025-10-29T17:17:46.083+0000] {processor.py:183} INFO - Processing /opt/airflow/dags/etl_clickhouse.py took 0.719 seconds
[2025-10-29T17:18:16.531+0000] {processor.py:161} INFO - Started process (PID=3008) to work on /opt/airflow/dags/etl_clickhouse.py
[2025-10-29T17:18:16.532+0000] {processor.py:830} INFO - Processing file /opt/airflow/dags/etl_clickhouse.py for tasks to queue
[2025-10-29T17:18:16.535+0000] {logging_mixin.py:188} INFO - [2025-10-29T17:18:16.535+0000] {dagbag.py:545} INFO - Filling up the DagBag from /opt/airflow/dags/etl_clickhouse.py
[2025-10-29T17:18:17.153+0000] {processor.py:840} INFO - DAG(s) 'move_data_to_clickhouse' retrieved from /opt/airflow/dags/etl_clickhouse.py
[2025-10-29T17:18:17.186+0000] {logging_mixin.py:188} INFO - [2025-10-29T17:18:17.186+0000] {dag.py:3096} INFO - Sync 1 DAGs
[2025-10-29T17:18:17.199+0000] {logging_mixin.py:188} INFO - [2025-10-29T17:18:17.199+0000] {dag.py:3954} INFO - Setting next_dagrun for move_data_to_clickhouse to None, run_after=None
[2025-10-29T17:18:17.224+0000] {processor.py:183} INFO - Processing /opt/airflow/dags/etl_clickhouse.py took 0.702 seconds
[2025-10-29T17:18:47.726+0000] {processor.py:161} INFO - Started process (PID=3020) to work on /opt/airflow/dags/etl_clickhouse.py
[2025-10-29T17:18:47.728+0000] {processor.py:830} INFO - Processing file /opt/airflow/dags/etl_clickhouse.py for tasks to queue
[2025-10-29T17:18:47.733+0000] {logging_mixin.py:188} INFO - [2025-10-29T17:18:47.732+0000] {dagbag.py:545} INFO - Filling up the DagBag from /opt/airflow/dags/etl_clickhouse.py
[2025-10-29T17:18:48.624+0000] {processor.py:840} INFO - DAG(s) 'move_data_to_clickhouse' retrieved from /opt/airflow/dags/etl_clickhouse.py
[2025-10-29T17:18:48.673+0000] {logging_mixin.py:188} INFO - [2025-10-29T17:18:48.672+0000] {dag.py:3096} INFO - Sync 1 DAGs
[2025-10-29T17:18:48.692+0000] {logging_mixin.py:188} INFO - [2025-10-29T17:18:48.691+0000] {dag.py:3954} INFO - Setting next_dagrun for move_data_to_clickhouse to None, run_after=None
[2025-10-29T17:18:48.728+0000] {processor.py:183} INFO - Processing /opt/airflow/dags/etl_clickhouse.py took 1.015 seconds
[2025-10-29T17:19:19.233+0000] {processor.py:161} INFO - Started process (PID=3032) to work on /opt/airflow/dags/etl_clickhouse.py
[2025-10-29T17:19:19.234+0000] {processor.py:830} INFO - Processing file /opt/airflow/dags/etl_clickhouse.py for tasks to queue
[2025-10-29T17:19:19.237+0000] {logging_mixin.py:188} INFO - [2025-10-29T17:19:19.236+0000] {dagbag.py:545} INFO - Filling up the DagBag from /opt/airflow/dags/etl_clickhouse.py
[2025-10-29T17:19:19.886+0000] {processor.py:840} INFO - DAG(s) 'move_data_to_clickhouse' retrieved from /opt/airflow/dags/etl_clickhouse.py
[2025-10-29T17:19:19.920+0000] {logging_mixin.py:188} INFO - [2025-10-29T17:19:19.919+0000] {dag.py:3096} INFO - Sync 1 DAGs
[2025-10-29T17:19:19.934+0000] {logging_mixin.py:188} INFO - [2025-10-29T17:19:19.933+0000] {dag.py:3954} INFO - Setting next_dagrun for move_data_to_clickhouse to None, run_after=None
[2025-10-29T17:19:19.959+0000] {processor.py:183} INFO - Processing /opt/airflow/dags/etl_clickhouse.py took 0.735 seconds
[2025-10-29T17:19:50.477+0000] {processor.py:161} INFO - Started process (PID=3044) to work on /opt/airflow/dags/etl_clickhouse.py
[2025-10-29T17:19:50.478+0000] {processor.py:830} INFO - Processing file /opt/airflow/dags/etl_clickhouse.py for tasks to queue
[2025-10-29T17:19:50.481+0000] {logging_mixin.py:188} INFO - [2025-10-29T17:19:50.481+0000] {dagbag.py:545} INFO - Filling up the DagBag from /opt/airflow/dags/etl_clickhouse.py
[2025-10-29T17:19:51.261+0000] {processor.py:840} INFO - DAG(s) 'move_data_to_clickhouse' retrieved from /opt/airflow/dags/etl_clickhouse.py
[2025-10-29T17:19:51.307+0000] {logging_mixin.py:188} INFO - [2025-10-29T17:19:51.306+0000] {dag.py:3096} INFO - Sync 1 DAGs
[2025-10-29T17:19:51.321+0000] {logging_mixin.py:188} INFO - [2025-10-29T17:19:51.321+0000] {dag.py:3954} INFO - Setting next_dagrun for move_data_to_clickhouse to None, run_after=None
[2025-10-29T17:19:51.353+0000] {processor.py:183} INFO - Processing /opt/airflow/dags/etl_clickhouse.py took 0.886 seconds
[2025-10-29T17:20:21.861+0000] {processor.py:161} INFO - Started process (PID=3056) to work on /opt/airflow/dags/etl_clickhouse.py
[2025-10-29T17:20:21.863+0000] {processor.py:830} INFO - Processing file /opt/airflow/dags/etl_clickhouse.py for tasks to queue
[2025-10-29T17:20:21.866+0000] {logging_mixin.py:188} INFO - [2025-10-29T17:20:21.865+0000] {dagbag.py:545} INFO - Filling up the DagBag from /opt/airflow/dags/etl_clickhouse.py
[2025-10-29T17:20:22.498+0000] {processor.py:840} INFO - DAG(s) 'move_data_to_clickhouse' retrieved from /opt/airflow/dags/etl_clickhouse.py
[2025-10-29T17:20:22.530+0000] {logging_mixin.py:188} INFO - [2025-10-29T17:20:22.530+0000] {dag.py:3096} INFO - Sync 1 DAGs
[2025-10-29T17:20:22.545+0000] {logging_mixin.py:188} INFO - [2025-10-29T17:20:22.545+0000] {dag.py:3954} INFO - Setting next_dagrun for move_data_to_clickhouse to None, run_after=None
[2025-10-29T17:20:22.570+0000] {processor.py:183} INFO - Processing /opt/airflow/dags/etl_clickhouse.py took 0.717 seconds
[2025-10-29T17:20:53.006+0000] {processor.py:161} INFO - Started process (PID=3068) to work on /opt/airflow/dags/etl_clickhouse.py
[2025-10-29T17:20:53.007+0000] {processor.py:830} INFO - Processing file /opt/airflow/dags/etl_clickhouse.py for tasks to queue
[2025-10-29T17:20:53.010+0000] {logging_mixin.py:188} INFO - [2025-10-29T17:20:53.010+0000] {dagbag.py:545} INFO - Filling up the DagBag from /opt/airflow/dags/etl_clickhouse.py
[2025-10-29T17:20:53.784+0000] {processor.py:840} INFO - DAG(s) 'move_data_to_clickhouse' retrieved from /opt/airflow/dags/etl_clickhouse.py
[2025-10-29T17:20:53.827+0000] {logging_mixin.py:188} INFO - [2025-10-29T17:20:53.827+0000] {dag.py:3096} INFO - Sync 1 DAGs
[2025-10-29T17:20:53.846+0000] {logging_mixin.py:188} INFO - [2025-10-29T17:20:53.846+0000] {dag.py:3954} INFO - Setting next_dagrun for move_data_to_clickhouse to None, run_after=None
[2025-10-29T17:20:53.878+0000] {processor.py:183} INFO - Processing /opt/airflow/dags/etl_clickhouse.py took 0.882 seconds
[2025-10-29T17:21:24.499+0000] {processor.py:161} INFO - Started process (PID=3080) to work on /opt/airflow/dags/etl_clickhouse.py
[2025-10-29T17:21:24.500+0000] {processor.py:830} INFO - Processing file /opt/airflow/dags/etl_clickhouse.py for tasks to queue
[2025-10-29T17:21:24.503+0000] {logging_mixin.py:188} INFO - [2025-10-29T17:21:24.502+0000] {dagbag.py:545} INFO - Filling up the DagBag from /opt/airflow/dags/etl_clickhouse.py
[2025-10-29T17:21:25.141+0000] {processor.py:840} INFO - DAG(s) 'move_data_to_clickhouse' retrieved from /opt/airflow/dags/etl_clickhouse.py
[2025-10-29T17:21:25.172+0000] {logging_mixin.py:188} INFO - [2025-10-29T17:21:25.172+0000] {dag.py:3096} INFO - Sync 1 DAGs
[2025-10-29T17:21:25.185+0000] {logging_mixin.py:188} INFO - [2025-10-29T17:21:25.185+0000] {dag.py:3954} INFO - Setting next_dagrun for move_data_to_clickhouse to None, run_after=None
[2025-10-29T17:21:25.211+0000] {processor.py:183} INFO - Processing /opt/airflow/dags/etl_clickhouse.py took 0.724 seconds
[2025-10-29T17:21:55.736+0000] {processor.py:161} INFO - Started process (PID=3092) to work on /opt/airflow/dags/etl_clickhouse.py
[2025-10-29T17:21:55.738+0000] {processor.py:830} INFO - Processing file /opt/airflow/dags/etl_clickhouse.py for tasks to queue
[2025-10-29T17:21:55.741+0000] {logging_mixin.py:188} INFO - [2025-10-29T17:21:55.741+0000] {dagbag.py:545} INFO - Filling up the DagBag from /opt/airflow/dags/etl_clickhouse.py
[2025-10-29T17:21:56.523+0000] {processor.py:840} INFO - DAG(s) 'move_data_to_clickhouse' retrieved from /opt/airflow/dags/etl_clickhouse.py
[2025-10-29T17:21:56.563+0000] {logging_mixin.py:188} INFO - [2025-10-29T17:21:56.562+0000] {dag.py:3096} INFO - Sync 1 DAGs
[2025-10-29T17:21:56.580+0000] {logging_mixin.py:188} INFO - [2025-10-29T17:21:56.580+0000] {dag.py:3954} INFO - Setting next_dagrun for move_data_to_clickhouse to None, run_after=None
[2025-10-29T17:21:56.604+0000] {processor.py:183} INFO - Processing /opt/airflow/dags/etl_clickhouse.py took 0.880 seconds
[2025-10-29T17:22:27.067+0000] {processor.py:161} INFO - Started process (PID=3104) to work on /opt/airflow/dags/etl_clickhouse.py
[2025-10-29T17:22:27.069+0000] {processor.py:830} INFO - Processing file /opt/airflow/dags/etl_clickhouse.py for tasks to queue
[2025-10-29T17:22:27.071+0000] {logging_mixin.py:188} INFO - [2025-10-29T17:22:27.071+0000] {dagbag.py:545} INFO - Filling up the DagBag from /opt/airflow/dags/etl_clickhouse.py
[2025-10-29T17:22:27.776+0000] {processor.py:840} INFO - DAG(s) 'move_data_to_clickhouse' retrieved from /opt/airflow/dags/etl_clickhouse.py
[2025-10-29T17:22:27.811+0000] {logging_mixin.py:188} INFO - [2025-10-29T17:22:27.810+0000] {dag.py:3096} INFO - Sync 1 DAGs
[2025-10-29T17:22:27.824+0000] {logging_mixin.py:188} INFO - [2025-10-29T17:22:27.823+0000] {dag.py:3954} INFO - Setting next_dagrun for move_data_to_clickhouse to None, run_after=None
[2025-10-29T17:22:27.848+0000] {processor.py:183} INFO - Processing /opt/airflow/dags/etl_clickhouse.py took 0.790 seconds
[2025-10-29T17:22:58.309+0000] {processor.py:161} INFO - Started process (PID=3116) to work on /opt/airflow/dags/etl_clickhouse.py
[2025-10-29T17:22:58.311+0000] {processor.py:830} INFO - Processing file /opt/airflow/dags/etl_clickhouse.py for tasks to queue
[2025-10-29T17:22:58.314+0000] {logging_mixin.py:188} INFO - [2025-10-29T17:22:58.314+0000] {dagbag.py:545} INFO - Filling up the DagBag from /opt/airflow/dags/etl_clickhouse.py
[2025-10-29T17:22:59.116+0000] {processor.py:840} INFO - DAG(s) 'move_data_to_clickhouse' retrieved from /opt/airflow/dags/etl_clickhouse.py
[2025-10-29T17:22:59.150+0000] {logging_mixin.py:188} INFO - [2025-10-29T17:22:59.149+0000] {dag.py:3096} INFO - Sync 1 DAGs
[2025-10-29T17:22:59.165+0000] {logging_mixin.py:188} INFO - [2025-10-29T17:22:59.165+0000] {dag.py:3954} INFO - Setting next_dagrun for move_data_to_clickhouse to None, run_after=None
[2025-10-29T17:22:59.190+0000] {processor.py:183} INFO - Processing /opt/airflow/dags/etl_clickhouse.py took 0.893 seconds
[2025-10-29T17:23:29.622+0000] {processor.py:161} INFO - Started process (PID=3128) to work on /opt/airflow/dags/etl_clickhouse.py
[2025-10-29T17:23:29.623+0000] {processor.py:830} INFO - Processing file /opt/airflow/dags/etl_clickhouse.py for tasks to queue
[2025-10-29T17:23:29.626+0000] {logging_mixin.py:188} INFO - [2025-10-29T17:23:29.626+0000] {dagbag.py:545} INFO - Filling up the DagBag from /opt/airflow/dags/etl_clickhouse.py
[2025-10-29T17:23:30.283+0000] {processor.py:840} INFO - DAG(s) 'move_data_to_clickhouse' retrieved from /opt/airflow/dags/etl_clickhouse.py
[2025-10-29T17:23:30.316+0000] {logging_mixin.py:188} INFO - [2025-10-29T17:23:30.315+0000] {dag.py:3096} INFO - Sync 1 DAGs
[2025-10-29T17:23:30.328+0000] {logging_mixin.py:188} INFO - [2025-10-29T17:23:30.328+0000] {dag.py:3954} INFO - Setting next_dagrun for move_data_to_clickhouse to None, run_after=None
[2025-10-29T17:23:30.353+0000] {processor.py:183} INFO - Processing /opt/airflow/dags/etl_clickhouse.py took 0.740 seconds
[2025-10-29T17:24:00.772+0000] {processor.py:161} INFO - Started process (PID=3140) to work on /opt/airflow/dags/etl_clickhouse.py
[2025-10-29T17:24:00.774+0000] {processor.py:830} INFO - Processing file /opt/airflow/dags/etl_clickhouse.py for tasks to queue
[2025-10-29T17:24:00.779+0000] {logging_mixin.py:188} INFO - [2025-10-29T17:24:00.778+0000] {dagbag.py:545} INFO - Filling up the DagBag from /opt/airflow/dags/etl_clickhouse.py
[2025-10-29T17:24:01.541+0000] {processor.py:840} INFO - DAG(s) 'move_data_to_clickhouse' retrieved from /opt/airflow/dags/etl_clickhouse.py
[2025-10-29T17:24:01.585+0000] {logging_mixin.py:188} INFO - [2025-10-29T17:24:01.585+0000] {dag.py:3096} INFO - Sync 1 DAGs
[2025-10-29T17:24:01.601+0000] {logging_mixin.py:188} INFO - [2025-10-29T17:24:01.601+0000] {dag.py:3954} INFO - Setting next_dagrun for move_data_to_clickhouse to None, run_after=None
[2025-10-29T17:24:01.632+0000] {processor.py:183} INFO - Processing /opt/airflow/dags/etl_clickhouse.py took 0.875 seconds
[2025-10-29T17:24:32.125+0000] {processor.py:161} INFO - Started process (PID=3152) to work on /opt/airflow/dags/etl_clickhouse.py
[2025-10-29T17:24:32.126+0000] {processor.py:830} INFO - Processing file /opt/airflow/dags/etl_clickhouse.py for tasks to queue
[2025-10-29T17:24:32.129+0000] {logging_mixin.py:188} INFO - [2025-10-29T17:24:32.129+0000] {dagbag.py:545} INFO - Filling up the DagBag from /opt/airflow/dags/etl_clickhouse.py
[2025-10-29T17:24:32.788+0000] {processor.py:840} INFO - DAG(s) 'move_data_to_clickhouse' retrieved from /opt/airflow/dags/etl_clickhouse.py
[2025-10-29T17:24:32.822+0000] {logging_mixin.py:188} INFO - [2025-10-29T17:24:32.822+0000] {dag.py:3096} INFO - Sync 1 DAGs
[2025-10-29T17:24:32.836+0000] {logging_mixin.py:188} INFO - [2025-10-29T17:24:32.835+0000] {dag.py:3954} INFO - Setting next_dagrun for move_data_to_clickhouse to None, run_after=None
[2025-10-29T17:24:32.860+0000] {processor.py:183} INFO - Processing /opt/airflow/dags/etl_clickhouse.py took 0.745 seconds
[2025-10-29T17:25:03.331+0000] {processor.py:161} INFO - Started process (PID=3164) to work on /opt/airflow/dags/etl_clickhouse.py
[2025-10-29T17:25:03.332+0000] {processor.py:830} INFO - Processing file /opt/airflow/dags/etl_clickhouse.py for tasks to queue
[2025-10-29T17:25:03.335+0000] {logging_mixin.py:188} INFO - [2025-10-29T17:25:03.335+0000] {dagbag.py:545} INFO - Filling up the DagBag from /opt/airflow/dags/etl_clickhouse.py
[2025-10-29T17:25:04.116+0000] {processor.py:840} INFO - DAG(s) 'move_data_to_clickhouse' retrieved from /opt/airflow/dags/etl_clickhouse.py
[2025-10-29T17:25:04.155+0000] {logging_mixin.py:188} INFO - [2025-10-29T17:25:04.155+0000] {dag.py:3096} INFO - Sync 1 DAGs
[2025-10-29T17:25:04.171+0000] {logging_mixin.py:188} INFO - [2025-10-29T17:25:04.171+0000] {dag.py:3954} INFO - Setting next_dagrun for move_data_to_clickhouse to None, run_after=None
[2025-10-29T17:25:04.198+0000] {processor.py:183} INFO - Processing /opt/airflow/dags/etl_clickhouse.py took 0.878 seconds
[2025-10-29T17:25:34.729+0000] {processor.py:161} INFO - Started process (PID=3176) to work on /opt/airflow/dags/etl_clickhouse.py
[2025-10-29T17:25:34.731+0000] {processor.py:830} INFO - Processing file /opt/airflow/dags/etl_clickhouse.py for tasks to queue
[2025-10-29T17:25:34.733+0000] {logging_mixin.py:188} INFO - [2025-10-29T17:25:34.733+0000] {dagbag.py:545} INFO - Filling up the DagBag from /opt/airflow/dags/etl_clickhouse.py
[2025-10-29T17:25:35.481+0000] {processor.py:840} INFO - DAG(s) 'move_data_to_clickhouse' retrieved from /opt/airflow/dags/etl_clickhouse.py
[2025-10-29T17:25:35.522+0000] {logging_mixin.py:188} INFO - [2025-10-29T17:25:35.522+0000] {dag.py:3096} INFO - Sync 1 DAGs
[2025-10-29T17:25:35.537+0000] {logging_mixin.py:188} INFO - [2025-10-29T17:25:35.537+0000] {dag.py:3954} INFO - Setting next_dagrun for move_data_to_clickhouse to None, run_after=None
[2025-10-29T17:25:35.556+0000] {processor.py:183} INFO - Processing /opt/airflow/dags/etl_clickhouse.py took 0.838 seconds
[2025-10-29T17:26:05.960+0000] {processor.py:161} INFO - Started process (PID=3188) to work on /opt/airflow/dags/etl_clickhouse.py
[2025-10-29T17:26:05.961+0000] {processor.py:830} INFO - Processing file /opt/airflow/dags/etl_clickhouse.py for tasks to queue
[2025-10-29T17:26:05.965+0000] {logging_mixin.py:188} INFO - [2025-10-29T17:26:05.964+0000] {dagbag.py:545} INFO - Filling up the DagBag from /opt/airflow/dags/etl_clickhouse.py
[2025-10-29T17:26:06.748+0000] {processor.py:840} INFO - DAG(s) 'move_data_to_clickhouse' retrieved from /opt/airflow/dags/etl_clickhouse.py
[2025-10-29T17:26:06.780+0000] {logging_mixin.py:188} INFO - [2025-10-29T17:26:06.779+0000] {dag.py:3096} INFO - Sync 1 DAGs
[2025-10-29T17:26:06.793+0000] {logging_mixin.py:188} INFO - [2025-10-29T17:26:06.793+0000] {dag.py:3954} INFO - Setting next_dagrun for move_data_to_clickhouse to None, run_after=None
[2025-10-29T17:26:06.816+0000] {processor.py:183} INFO - Processing /opt/airflow/dags/etl_clickhouse.py took 0.871 seconds
[2025-10-29T17:26:37.332+0000] {processor.py:161} INFO - Started process (PID=3200) to work on /opt/airflow/dags/etl_clickhouse.py
[2025-10-29T17:26:37.334+0000] {processor.py:830} INFO - Processing file /opt/airflow/dags/etl_clickhouse.py for tasks to queue
[2025-10-29T17:26:37.337+0000] {logging_mixin.py:188} INFO - [2025-10-29T17:26:37.336+0000] {dagbag.py:545} INFO - Filling up the DagBag from /opt/airflow/dags/etl_clickhouse.py
[2025-10-29T17:26:38.058+0000] {processor.py:840} INFO - DAG(s) 'move_data_to_clickhouse' retrieved from /opt/airflow/dags/etl_clickhouse.py
[2025-10-29T17:26:38.091+0000] {logging_mixin.py:188} INFO - [2025-10-29T17:26:38.091+0000] {dag.py:3096} INFO - Sync 1 DAGs
[2025-10-29T17:26:38.105+0000] {logging_mixin.py:188} INFO - [2025-10-29T17:26:38.104+0000] {dag.py:3954} INFO - Setting next_dagrun for move_data_to_clickhouse to None, run_after=None
[2025-10-29T17:26:38.128+0000] {processor.py:183} INFO - Processing /opt/airflow/dags/etl_clickhouse.py took 0.805 seconds
[2025-10-29T17:27:08.639+0000] {processor.py:161} INFO - Started process (PID=3212) to work on /opt/airflow/dags/etl_clickhouse.py
[2025-10-29T17:27:08.641+0000] {processor.py:830} INFO - Processing file /opt/airflow/dags/etl_clickhouse.py for tasks to queue
[2025-10-29T17:27:08.644+0000] {logging_mixin.py:188} INFO - [2025-10-29T17:27:08.643+0000] {dagbag.py:545} INFO - Filling up the DagBag from /opt/airflow/dags/etl_clickhouse.py
[2025-10-29T17:27:09.314+0000] {processor.py:840} INFO - DAG(s) 'move_data_to_clickhouse' retrieved from /opt/airflow/dags/etl_clickhouse.py
[2025-10-29T17:27:09.346+0000] {logging_mixin.py:188} INFO - [2025-10-29T17:27:09.346+0000] {dag.py:3096} INFO - Sync 1 DAGs
[2025-10-29T17:27:09.358+0000] {logging_mixin.py:188} INFO - [2025-10-29T17:27:09.358+0000] {dag.py:3954} INFO - Setting next_dagrun for move_data_to_clickhouse to None, run_after=None
[2025-10-29T17:27:09.384+0000] {processor.py:183} INFO - Processing /opt/airflow/dags/etl_clickhouse.py took 0.755 seconds
[2025-10-29T17:27:39.860+0000] {processor.py:161} INFO - Started process (PID=3224) to work on /opt/airflow/dags/etl_clickhouse.py
[2025-10-29T17:27:39.861+0000] {processor.py:830} INFO - Processing file /opt/airflow/dags/etl_clickhouse.py for tasks to queue
[2025-10-29T17:27:39.864+0000] {logging_mixin.py:188} INFO - [2025-10-29T17:27:39.864+0000] {dagbag.py:545} INFO - Filling up the DagBag from /opt/airflow/dags/etl_clickhouse.py
[2025-10-29T17:27:40.528+0000] {processor.py:840} INFO - DAG(s) 'move_data_to_clickhouse' retrieved from /opt/airflow/dags/etl_clickhouse.py
[2025-10-29T17:27:40.563+0000] {logging_mixin.py:188} INFO - [2025-10-29T17:27:40.563+0000] {dag.py:3096} INFO - Sync 1 DAGs
[2025-10-29T17:27:40.580+0000] {logging_mixin.py:188} INFO - [2025-10-29T17:27:40.579+0000] {dag.py:3954} INFO - Setting next_dagrun for move_data_to_clickhouse to None, run_after=None
[2025-10-29T17:27:40.604+0000] {processor.py:183} INFO - Processing /opt/airflow/dags/etl_clickhouse.py took 0.754 seconds
[2025-10-29T17:28:11.026+0000] {processor.py:161} INFO - Started process (PID=3236) to work on /opt/airflow/dags/etl_clickhouse.py
[2025-10-29T17:28:11.027+0000] {processor.py:830} INFO - Processing file /opt/airflow/dags/etl_clickhouse.py for tasks to queue
[2025-10-29T17:28:11.030+0000] {logging_mixin.py:188} INFO - [2025-10-29T17:28:11.029+0000] {dagbag.py:545} INFO - Filling up the DagBag from /opt/airflow/dags/etl_clickhouse.py
[2025-10-29T17:28:11.756+0000] {processor.py:840} INFO - DAG(s) 'move_data_to_clickhouse' retrieved from /opt/airflow/dags/etl_clickhouse.py
[2025-10-29T17:28:11.793+0000] {logging_mixin.py:188} INFO - [2025-10-29T17:28:11.793+0000] {dag.py:3096} INFO - Sync 1 DAGs
[2025-10-29T17:28:11.807+0000] {logging_mixin.py:188} INFO - [2025-10-29T17:28:11.807+0000] {dag.py:3954} INFO - Setting next_dagrun for move_data_to_clickhouse to None, run_after=None
[2025-10-29T17:28:11.831+0000] {processor.py:183} INFO - Processing /opt/airflow/dags/etl_clickhouse.py took 0.814 seconds
[2025-10-29T17:28:42.305+0000] {processor.py:161} INFO - Started process (PID=3248) to work on /opt/airflow/dags/etl_clickhouse.py
[2025-10-29T17:28:42.306+0000] {processor.py:830} INFO - Processing file /opt/airflow/dags/etl_clickhouse.py for tasks to queue
[2025-10-29T17:28:42.309+0000] {logging_mixin.py:188} INFO - [2025-10-29T17:28:42.308+0000] {dagbag.py:545} INFO - Filling up the DagBag from /opt/airflow/dags/etl_clickhouse.py
[2025-10-29T17:28:43.029+0000] {processor.py:840} INFO - DAG(s) 'move_data_to_clickhouse' retrieved from /opt/airflow/dags/etl_clickhouse.py
[2025-10-29T17:28:43.061+0000] {logging_mixin.py:188} INFO - [2025-10-29T17:28:43.061+0000] {dag.py:3096} INFO - Sync 1 DAGs
[2025-10-29T17:28:43.074+0000] {logging_mixin.py:188} INFO - [2025-10-29T17:28:43.073+0000] {dag.py:3954} INFO - Setting next_dagrun for move_data_to_clickhouse to None, run_after=None
[2025-10-29T17:28:43.097+0000] {processor.py:183} INFO - Processing /opt/airflow/dags/etl_clickhouse.py took 0.801 seconds
[2025-10-29T17:29:13.568+0000] {processor.py:161} INFO - Started process (PID=3260) to work on /opt/airflow/dags/etl_clickhouse.py
[2025-10-29T17:29:13.570+0000] {processor.py:830} INFO - Processing file /opt/airflow/dags/etl_clickhouse.py for tasks to queue
[2025-10-29T17:29:13.573+0000] {logging_mixin.py:188} INFO - [2025-10-29T17:29:13.573+0000] {dagbag.py:545} INFO - Filling up the DagBag from /opt/airflow/dags/etl_clickhouse.py
[2025-10-29T17:29:14.300+0000] {processor.py:840} INFO - DAG(s) 'move_data_to_clickhouse' retrieved from /opt/airflow/dags/etl_clickhouse.py
[2025-10-29T17:29:14.335+0000] {logging_mixin.py:188} INFO - [2025-10-29T17:29:14.335+0000] {dag.py:3096} INFO - Sync 1 DAGs
[2025-10-29T17:29:14.348+0000] {logging_mixin.py:188} INFO - [2025-10-29T17:29:14.348+0000] {dag.py:3954} INFO - Setting next_dagrun for move_data_to_clickhouse to None, run_after=None
[2025-10-29T17:29:14.372+0000] {processor.py:183} INFO - Processing /opt/airflow/dags/etl_clickhouse.py took 0.814 seconds
[2025-10-29T17:29:44.737+0000] {processor.py:161} INFO - Started process (PID=3272) to work on /opt/airflow/dags/etl_clickhouse.py
[2025-10-29T17:29:44.738+0000] {processor.py:830} INFO - Processing file /opt/airflow/dags/etl_clickhouse.py for tasks to queue
[2025-10-29T17:29:44.741+0000] {logging_mixin.py:188} INFO - [2025-10-29T17:29:44.740+0000] {dagbag.py:545} INFO - Filling up the DagBag from /opt/airflow/dags/etl_clickhouse.py
[2025-10-29T17:29:45.408+0000] {processor.py:840} INFO - DAG(s) 'move_data_to_clickhouse' retrieved from /opt/airflow/dags/etl_clickhouse.py
[2025-10-29T17:29:45.453+0000] {logging_mixin.py:188} INFO - [2025-10-29T17:29:45.452+0000] {dag.py:3096} INFO - Sync 1 DAGs
[2025-10-29T17:29:45.470+0000] {logging_mixin.py:188} INFO - [2025-10-29T17:29:45.470+0000] {dag.py:3954} INFO - Setting next_dagrun for move_data_to_clickhouse to None, run_after=None
[2025-10-29T17:29:45.497+0000] {processor.py:183} INFO - Processing /opt/airflow/dags/etl_clickhouse.py took 0.769 seconds
[2025-10-29T17:30:15.909+0000] {processor.py:161} INFO - Started process (PID=3284) to work on /opt/airflow/dags/etl_clickhouse.py
[2025-10-29T17:30:15.911+0000] {processor.py:830} INFO - Processing file /opt/airflow/dags/etl_clickhouse.py for tasks to queue
[2025-10-29T17:30:15.918+0000] {logging_mixin.py:188} INFO - [2025-10-29T17:30:15.918+0000] {dagbag.py:545} INFO - Filling up the DagBag from /opt/airflow/dags/etl_clickhouse.py
[2025-10-29T17:30:16.561+0000] {processor.py:840} INFO - DAG(s) 'move_data_to_clickhouse' retrieved from /opt/airflow/dags/etl_clickhouse.py
[2025-10-29T17:30:16.596+0000] {logging_mixin.py:188} INFO - [2025-10-29T17:30:16.595+0000] {dag.py:3096} INFO - Sync 1 DAGs
[2025-10-29T17:30:16.608+0000] {logging_mixin.py:188} INFO - [2025-10-29T17:30:16.607+0000] {dag.py:3954} INFO - Setting next_dagrun for move_data_to_clickhouse to None, run_after=None
[2025-10-29T17:30:16.632+0000] {processor.py:183} INFO - Processing /opt/airflow/dags/etl_clickhouse.py took 0.734 seconds
[2025-10-29T17:30:47.099+0000] {processor.py:161} INFO - Started process (PID=3296) to work on /opt/airflow/dags/etl_clickhouse.py
[2025-10-29T17:30:47.102+0000] {processor.py:830} INFO - Processing file /opt/airflow/dags/etl_clickhouse.py for tasks to queue
[2025-10-29T17:30:47.106+0000] {logging_mixin.py:188} INFO - [2025-10-29T17:30:47.105+0000] {dagbag.py:545} INFO - Filling up the DagBag from /opt/airflow/dags/etl_clickhouse.py
[2025-10-29T17:30:47.880+0000] {processor.py:840} INFO - DAG(s) 'move_data_to_clickhouse' retrieved from /opt/airflow/dags/etl_clickhouse.py
[2025-10-29T17:30:47.916+0000] {logging_mixin.py:188} INFO - [2025-10-29T17:30:47.915+0000] {dag.py:3096} INFO - Sync 1 DAGs
[2025-10-29T17:30:47.931+0000] {logging_mixin.py:188} INFO - [2025-10-29T17:30:47.931+0000] {dag.py:3954} INFO - Setting next_dagrun for move_data_to_clickhouse to None, run_after=None
[2025-10-29T17:30:47.964+0000] {processor.py:183} INFO - Processing /opt/airflow/dags/etl_clickhouse.py took 0.879 seconds
[2025-10-29T17:31:18.450+0000] {processor.py:161} INFO - Started process (PID=3308) to work on /opt/airflow/dags/etl_clickhouse.py
[2025-10-29T17:31:18.452+0000] {processor.py:830} INFO - Processing file /opt/airflow/dags/etl_clickhouse.py for tasks to queue
[2025-10-29T17:31:18.455+0000] {logging_mixin.py:188} INFO - [2025-10-29T17:31:18.455+0000] {dagbag.py:545} INFO - Filling up the DagBag from /opt/airflow/dags/etl_clickhouse.py
[2025-10-29T17:31:19.192+0000] {processor.py:840} INFO - DAG(s) 'move_data_to_clickhouse' retrieved from /opt/airflow/dags/etl_clickhouse.py
[2025-10-29T17:31:19.226+0000] {logging_mixin.py:188} INFO - [2025-10-29T17:31:19.225+0000] {dag.py:3096} INFO - Sync 1 DAGs
[2025-10-29T17:31:19.238+0000] {logging_mixin.py:188} INFO - [2025-10-29T17:31:19.237+0000] {dag.py:3954} INFO - Setting next_dagrun for move_data_to_clickhouse to None, run_after=None
[2025-10-29T17:31:19.263+0000] {processor.py:183} INFO - Processing /opt/airflow/dags/etl_clickhouse.py took 0.824 seconds
[2025-10-29T17:31:49.718+0000] {processor.py:161} INFO - Started process (PID=3320) to work on /opt/airflow/dags/etl_clickhouse.py
[2025-10-29T17:31:49.720+0000] {processor.py:830} INFO - Processing file /opt/airflow/dags/etl_clickhouse.py for tasks to queue
[2025-10-29T17:31:49.724+0000] {logging_mixin.py:188} INFO - [2025-10-29T17:31:49.723+0000] {dagbag.py:545} INFO - Filling up the DagBag from /opt/airflow/dags/etl_clickhouse.py
[2025-10-29T17:31:50.463+0000] {processor.py:840} INFO - DAG(s) 'move_data_to_clickhouse' retrieved from /opt/airflow/dags/etl_clickhouse.py
[2025-10-29T17:31:50.495+0000] {logging_mixin.py:188} INFO - [2025-10-29T17:31:50.495+0000] {dag.py:3096} INFO - Sync 1 DAGs
[2025-10-29T17:31:50.510+0000] {logging_mixin.py:188} INFO - [2025-10-29T17:31:50.510+0000] {dag.py:3954} INFO - Setting next_dagrun for move_data_to_clickhouse to None, run_after=None
[2025-10-29T17:31:50.533+0000] {processor.py:183} INFO - Processing /opt/airflow/dags/etl_clickhouse.py took 0.826 seconds
[2025-10-29T17:32:21.022+0000] {processor.py:161} INFO - Started process (PID=3332) to work on /opt/airflow/dags/etl_clickhouse.py
[2025-10-29T17:32:21.024+0000] {processor.py:830} INFO - Processing file /opt/airflow/dags/etl_clickhouse.py for tasks to queue
[2025-10-29T17:32:21.026+0000] {logging_mixin.py:188} INFO - [2025-10-29T17:32:21.026+0000] {dagbag.py:545} INFO - Filling up the DagBag from /opt/airflow/dags/etl_clickhouse.py
[2025-10-29T17:32:21.759+0000] {processor.py:840} INFO - DAG(s) 'move_data_to_clickhouse' retrieved from /opt/airflow/dags/etl_clickhouse.py
[2025-10-29T17:32:21.796+0000] {logging_mixin.py:188} INFO - [2025-10-29T17:32:21.795+0000] {dag.py:3096} INFO - Sync 1 DAGs
[2025-10-29T17:32:21.809+0000] {logging_mixin.py:188} INFO - [2025-10-29T17:32:21.809+0000] {dag.py:3954} INFO - Setting next_dagrun for move_data_to_clickhouse to None, run_after=None
[2025-10-29T17:32:21.833+0000] {processor.py:183} INFO - Processing /opt/airflow/dags/etl_clickhouse.py took 0.822 seconds
[2025-10-29T17:32:52.313+0000] {processor.py:161} INFO - Started process (PID=3344) to work on /opt/airflow/dags/etl_clickhouse.py
[2025-10-29T17:32:52.315+0000] {processor.py:830} INFO - Processing file /opt/airflow/dags/etl_clickhouse.py for tasks to queue
[2025-10-29T17:32:52.318+0000] {logging_mixin.py:188} INFO - [2025-10-29T17:32:52.317+0000] {dagbag.py:545} INFO - Filling up the DagBag from /opt/airflow/dags/etl_clickhouse.py
[2025-10-29T17:32:52.989+0000] {processor.py:840} INFO - DAG(s) 'move_data_to_clickhouse' retrieved from /opt/airflow/dags/etl_clickhouse.py
[2025-10-29T17:32:53.024+0000] {logging_mixin.py:188} INFO - [2025-10-29T17:32:53.023+0000] {dag.py:3096} INFO - Sync 1 DAGs
[2025-10-29T17:32:53.038+0000] {logging_mixin.py:188} INFO - [2025-10-29T17:32:53.038+0000] {dag.py:3954} INFO - Setting next_dagrun for move_data_to_clickhouse to None, run_after=None
[2025-10-29T17:32:53.062+0000] {processor.py:183} INFO - Processing /opt/airflow/dags/etl_clickhouse.py took 0.758 seconds
[2025-10-29T17:33:23.509+0000] {processor.py:161} INFO - Started process (PID=3356) to work on /opt/airflow/dags/etl_clickhouse.py
[2025-10-29T17:33:23.510+0000] {processor.py:830} INFO - Processing file /opt/airflow/dags/etl_clickhouse.py for tasks to queue
[2025-10-29T17:33:23.513+0000] {logging_mixin.py:188} INFO - [2025-10-29T17:33:23.513+0000] {dagbag.py:545} INFO - Filling up the DagBag from /opt/airflow/dags/etl_clickhouse.py
[2025-10-29T17:33:24.185+0000] {processor.py:840} INFO - DAG(s) 'move_data_to_clickhouse' retrieved from /opt/airflow/dags/etl_clickhouse.py
[2025-10-29T17:33:24.219+0000] {logging_mixin.py:188} INFO - [2025-10-29T17:33:24.219+0000] {dag.py:3096} INFO - Sync 1 DAGs
[2025-10-29T17:33:24.234+0000] {logging_mixin.py:188} INFO - [2025-10-29T17:33:24.233+0000] {dag.py:3954} INFO - Setting next_dagrun for move_data_to_clickhouse to None, run_after=None
[2025-10-29T17:33:24.260+0000] {processor.py:183} INFO - Processing /opt/airflow/dags/etl_clickhouse.py took 0.760 seconds
[2025-10-29T17:33:54.786+0000] {processor.py:161} INFO - Started process (PID=3368) to work on /opt/airflow/dags/etl_clickhouse.py
[2025-10-29T17:33:54.787+0000] {processor.py:830} INFO - Processing file /opt/airflow/dags/etl_clickhouse.py for tasks to queue
[2025-10-29T17:33:54.790+0000] {logging_mixin.py:188} INFO - [2025-10-29T17:33:54.790+0000] {dagbag.py:545} INFO - Filling up the DagBag from /opt/airflow/dags/etl_clickhouse.py
[2025-10-29T17:33:55.483+0000] {processor.py:840} INFO - DAG(s) 'move_data_to_clickhouse' retrieved from /opt/airflow/dags/etl_clickhouse.py
[2025-10-29T17:33:55.518+0000] {logging_mixin.py:188} INFO - [2025-10-29T17:33:55.517+0000] {dag.py:3096} INFO - Sync 1 DAGs
[2025-10-29T17:33:55.534+0000] {logging_mixin.py:188} INFO - [2025-10-29T17:33:55.534+0000] {dag.py:3954} INFO - Setting next_dagrun for move_data_to_clickhouse to None, run_after=None
[2025-10-29T17:33:55.558+0000] {processor.py:183} INFO - Processing /opt/airflow/dags/etl_clickhouse.py took 0.786 seconds
[2025-10-29T17:34:26.030+0000] {processor.py:161} INFO - Started process (PID=3380) to work on /opt/airflow/dags/etl_clickhouse.py
[2025-10-29T17:34:26.032+0000] {processor.py:830} INFO - Processing file /opt/airflow/dags/etl_clickhouse.py for tasks to queue
[2025-10-29T17:34:26.035+0000] {logging_mixin.py:188} INFO - [2025-10-29T17:34:26.034+0000] {dagbag.py:545} INFO - Filling up the DagBag from /opt/airflow/dags/etl_clickhouse.py
[2025-10-29T17:34:26.750+0000] {processor.py:840} INFO - DAG(s) 'move_data_to_clickhouse' retrieved from /opt/airflow/dags/etl_clickhouse.py
[2025-10-29T17:34:26.784+0000] {logging_mixin.py:188} INFO - [2025-10-29T17:34:26.784+0000] {dag.py:3096} INFO - Sync 1 DAGs
[2025-10-29T17:34:26.804+0000] {logging_mixin.py:188} INFO - [2025-10-29T17:34:26.804+0000] {dag.py:3954} INFO - Setting next_dagrun for move_data_to_clickhouse to None, run_after=None
[2025-10-29T17:34:26.830+0000] {processor.py:183} INFO - Processing /opt/airflow/dags/etl_clickhouse.py took 0.810 seconds
[2025-10-29T17:34:57.204+0000] {processor.py:161} INFO - Started process (PID=3392) to work on /opt/airflow/dags/etl_clickhouse.py
[2025-10-29T17:34:57.206+0000] {processor.py:830} INFO - Processing file /opt/airflow/dags/etl_clickhouse.py for tasks to queue
[2025-10-29T17:34:57.208+0000] {logging_mixin.py:188} INFO - [2025-10-29T17:34:57.208+0000] {dagbag.py:545} INFO - Filling up the DagBag from /opt/airflow/dags/etl_clickhouse.py
[2025-10-29T17:34:57.912+0000] {processor.py:840} INFO - DAG(s) 'move_data_to_clickhouse' retrieved from /opt/airflow/dags/etl_clickhouse.py
[2025-10-29T17:34:57.943+0000] {logging_mixin.py:188} INFO - [2025-10-29T17:34:57.942+0000] {dag.py:3096} INFO - Sync 1 DAGs
[2025-10-29T17:34:57.955+0000] {logging_mixin.py:188} INFO - [2025-10-29T17:34:57.955+0000] {dag.py:3954} INFO - Setting next_dagrun for move_data_to_clickhouse to None, run_after=None
[2025-10-29T17:34:57.978+0000] {processor.py:183} INFO - Processing /opt/airflow/dags/etl_clickhouse.py took 0.783 seconds
[2025-10-29T17:35:28.496+0000] {processor.py:161} INFO - Started process (PID=3404) to work on /opt/airflow/dags/etl_clickhouse.py
[2025-10-29T17:35:28.497+0000] {processor.py:830} INFO - Processing file /opt/airflow/dags/etl_clickhouse.py for tasks to queue
[2025-10-29T17:35:28.500+0000] {logging_mixin.py:188} INFO - [2025-10-29T17:35:28.499+0000] {dagbag.py:545} INFO - Filling up the DagBag from /opt/airflow/dags/etl_clickhouse.py
[2025-10-29T17:35:29.147+0000] {processor.py:840} INFO - DAG(s) 'move_data_to_clickhouse' retrieved from /opt/airflow/dags/etl_clickhouse.py
[2025-10-29T17:35:29.178+0000] {logging_mixin.py:188} INFO - [2025-10-29T17:35:29.177+0000] {dag.py:3096} INFO - Sync 1 DAGs
[2025-10-29T17:35:29.191+0000] {logging_mixin.py:188} INFO - [2025-10-29T17:35:29.190+0000] {dag.py:3954} INFO - Setting next_dagrun for move_data_to_clickhouse to None, run_after=None
[2025-10-29T17:35:29.211+0000] {processor.py:183} INFO - Processing /opt/airflow/dags/etl_clickhouse.py took 0.724 seconds
[2025-10-29T17:35:59.577+0000] {processor.py:161} INFO - Started process (PID=3416) to work on /opt/airflow/dags/etl_clickhouse.py
[2025-10-29T17:35:59.580+0000] {processor.py:830} INFO - Processing file /opt/airflow/dags/etl_clickhouse.py for tasks to queue
[2025-10-29T17:35:59.583+0000] {logging_mixin.py:188} INFO - [2025-10-29T17:35:59.582+0000] {dagbag.py:545} INFO - Filling up the DagBag from /opt/airflow/dags/etl_clickhouse.py
[2025-10-29T17:36:00.334+0000] {processor.py:840} INFO - DAG(s) 'move_data_to_clickhouse' retrieved from /opt/airflow/dags/etl_clickhouse.py
[2025-10-29T17:36:00.368+0000] {logging_mixin.py:188} INFO - [2025-10-29T17:36:00.367+0000] {dag.py:3096} INFO - Sync 1 DAGs
[2025-10-29T17:36:00.382+0000] {logging_mixin.py:188} INFO - [2025-10-29T17:36:00.382+0000] {dag.py:3954} INFO - Setting next_dagrun for move_data_to_clickhouse to None, run_after=None
[2025-10-29T17:36:00.408+0000] {processor.py:183} INFO - Processing /opt/airflow/dags/etl_clickhouse.py took 0.842 seconds
[2025-10-29T17:36:30.789+0000] {processor.py:161} INFO - Started process (PID=3428) to work on /opt/airflow/dags/etl_clickhouse.py
[2025-10-29T17:36:30.792+0000] {processor.py:830} INFO - Processing file /opt/airflow/dags/etl_clickhouse.py for tasks to queue
[2025-10-29T17:36:30.797+0000] {logging_mixin.py:188} INFO - [2025-10-29T17:36:30.796+0000] {dagbag.py:545} INFO - Filling up the DagBag from /opt/airflow/dags/etl_clickhouse.py
[2025-10-29T17:36:31.545+0000] {processor.py:840} INFO - DAG(s) 'move_data_to_clickhouse' retrieved from /opt/airflow/dags/etl_clickhouse.py
[2025-10-29T17:36:31.598+0000] {logging_mixin.py:188} INFO - [2025-10-29T17:36:31.597+0000] {dag.py:3096} INFO - Sync 1 DAGs
[2025-10-29T17:36:31.623+0000] {logging_mixin.py:188} INFO - [2025-10-29T17:36:31.622+0000] {dag.py:3954} INFO - Setting next_dagrun for move_data_to_clickhouse to None, run_after=None
[2025-10-29T17:36:31.657+0000] {processor.py:183} INFO - Processing /opt/airflow/dags/etl_clickhouse.py took 0.878 seconds
[2025-10-29T17:37:02.152+0000] {processor.py:161} INFO - Started process (PID=3440) to work on /opt/airflow/dags/etl_clickhouse.py
[2025-10-29T17:37:02.154+0000] {processor.py:830} INFO - Processing file /opt/airflow/dags/etl_clickhouse.py for tasks to queue
[2025-10-29T17:37:02.157+0000] {logging_mixin.py:188} INFO - [2025-10-29T17:37:02.157+0000] {dagbag.py:545} INFO - Filling up the DagBag from /opt/airflow/dags/etl_clickhouse.py
[2025-10-29T17:37:02.931+0000] {processor.py:840} INFO - DAG(s) 'move_data_to_clickhouse' retrieved from /opt/airflow/dags/etl_clickhouse.py
[2025-10-29T17:37:02.969+0000] {logging_mixin.py:188} INFO - [2025-10-29T17:37:02.968+0000] {dag.py:3096} INFO - Sync 1 DAGs
[2025-10-29T17:37:02.982+0000] {logging_mixin.py:188} INFO - [2025-10-29T17:37:02.982+0000] {dag.py:3954} INFO - Setting next_dagrun for move_data_to_clickhouse to None, run_after=None
[2025-10-29T17:37:03.011+0000] {processor.py:183} INFO - Processing /opt/airflow/dags/etl_clickhouse.py took 0.868 seconds
[2025-10-29T17:37:33.362+0000] {processor.py:161} INFO - Started process (PID=3452) to work on /opt/airflow/dags/etl_clickhouse.py
[2025-10-29T17:37:33.364+0000] {processor.py:830} INFO - Processing file /opt/airflow/dags/etl_clickhouse.py for tasks to queue
[2025-10-29T17:37:33.366+0000] {logging_mixin.py:188} INFO - [2025-10-29T17:37:33.366+0000] {dagbag.py:545} INFO - Filling up the DagBag from /opt/airflow/dags/etl_clickhouse.py
[2025-10-29T17:37:34.140+0000] {processor.py:840} INFO - DAG(s) 'move_data_to_clickhouse' retrieved from /opt/airflow/dags/etl_clickhouse.py
[2025-10-29T17:37:34.174+0000] {logging_mixin.py:188} INFO - [2025-10-29T17:37:34.174+0000] {dag.py:3096} INFO - Sync 1 DAGs
[2025-10-29T17:37:34.188+0000] {logging_mixin.py:188} INFO - [2025-10-29T17:37:34.188+0000] {dag.py:3954} INFO - Setting next_dagrun for move_data_to_clickhouse to None, run_after=None
[2025-10-29T17:37:34.210+0000] {processor.py:183} INFO - Processing /opt/airflow/dags/etl_clickhouse.py took 0.858 seconds
[2025-10-29T17:38:04.577+0000] {processor.py:161} INFO - Started process (PID=3464) to work on /opt/airflow/dags/etl_clickhouse.py
[2025-10-29T17:38:04.578+0000] {processor.py:830} INFO - Processing file /opt/airflow/dags/etl_clickhouse.py for tasks to queue
[2025-10-29T17:38:04.581+0000] {logging_mixin.py:188} INFO - [2025-10-29T17:38:04.580+0000] {dagbag.py:545} INFO - Filling up the DagBag from /opt/airflow/dags/etl_clickhouse.py
[2025-10-29T17:38:05.285+0000] {processor.py:840} INFO - DAG(s) 'move_data_to_clickhouse' retrieved from /opt/airflow/dags/etl_clickhouse.py
[2025-10-29T17:38:05.321+0000] {logging_mixin.py:188} INFO - [2025-10-29T17:38:05.321+0000] {dag.py:3096} INFO - Sync 1 DAGs
[2025-10-29T17:38:05.337+0000] {logging_mixin.py:188} INFO - [2025-10-29T17:38:05.336+0000] {dag.py:3954} INFO - Setting next_dagrun for move_data_to_clickhouse to None, run_after=None
[2025-10-29T17:38:05.364+0000] {processor.py:183} INFO - Processing /opt/airflow/dags/etl_clickhouse.py took 0.797 seconds
[2025-10-29T17:38:35.890+0000] {processor.py:161} INFO - Started process (PID=3476) to work on /opt/airflow/dags/etl_clickhouse.py
[2025-10-29T17:38:35.892+0000] {processor.py:830} INFO - Processing file /opt/airflow/dags/etl_clickhouse.py for tasks to queue
[2025-10-29T17:38:35.895+0000] {logging_mixin.py:188} INFO - [2025-10-29T17:38:35.894+0000] {dagbag.py:545} INFO - Filling up the DagBag from /opt/airflow/dags/etl_clickhouse.py
[2025-10-29T17:38:36.548+0000] {processor.py:840} INFO - DAG(s) 'move_data_to_clickhouse' retrieved from /opt/airflow/dags/etl_clickhouse.py
[2025-10-29T17:38:36.579+0000] {logging_mixin.py:188} INFO - [2025-10-29T17:38:36.579+0000] {dag.py:3096} INFO - Sync 1 DAGs
[2025-10-29T17:38:36.594+0000] {logging_mixin.py:188} INFO - [2025-10-29T17:38:36.593+0000] {dag.py:3954} INFO - Setting next_dagrun for move_data_to_clickhouse to None, run_after=None
[2025-10-29T17:38:36.617+0000] {processor.py:183} INFO - Processing /opt/airflow/dags/etl_clickhouse.py took 0.739 seconds
[2025-10-29T17:39:07.110+0000] {processor.py:161} INFO - Started process (PID=3488) to work on /opt/airflow/dags/etl_clickhouse.py
[2025-10-29T17:39:07.112+0000] {processor.py:830} INFO - Processing file /opt/airflow/dags/etl_clickhouse.py for tasks to queue
[2025-10-29T17:39:07.115+0000] {logging_mixin.py:188} INFO - [2025-10-29T17:39:07.114+0000] {dagbag.py:545} INFO - Filling up the DagBag from /opt/airflow/dags/etl_clickhouse.py
[2025-10-29T17:39:07.821+0000] {processor.py:840} INFO - DAG(s) 'move_data_to_clickhouse' retrieved from /opt/airflow/dags/etl_clickhouse.py
[2025-10-29T17:39:07.855+0000] {logging_mixin.py:188} INFO - [2025-10-29T17:39:07.855+0000] {dag.py:3096} INFO - Sync 1 DAGs
[2025-10-29T17:39:07.868+0000] {logging_mixin.py:188} INFO - [2025-10-29T17:39:07.868+0000] {dag.py:3954} INFO - Setting next_dagrun for move_data_to_clickhouse to None, run_after=None
[2025-10-29T17:39:07.891+0000] {processor.py:183} INFO - Processing /opt/airflow/dags/etl_clickhouse.py took 0.790 seconds
[2025-10-29T17:39:38.377+0000] {processor.py:161} INFO - Started process (PID=3500) to work on /opt/airflow/dags/etl_clickhouse.py
[2025-10-29T17:39:38.378+0000] {processor.py:830} INFO - Processing file /opt/airflow/dags/etl_clickhouse.py for tasks to queue
[2025-10-29T17:39:38.381+0000] {logging_mixin.py:188} INFO - [2025-10-29T17:39:38.381+0000] {dagbag.py:545} INFO - Filling up the DagBag from /opt/airflow/dags/etl_clickhouse.py
[2025-10-29T17:39:39.057+0000] {processor.py:840} INFO - DAG(s) 'move_data_to_clickhouse' retrieved from /opt/airflow/dags/etl_clickhouse.py
[2025-10-29T17:39:39.088+0000] {logging_mixin.py:188} INFO - [2025-10-29T17:39:39.087+0000] {dag.py:3096} INFO - Sync 1 DAGs
[2025-10-29T17:39:39.100+0000] {logging_mixin.py:188} INFO - [2025-10-29T17:39:39.100+0000] {dag.py:3954} INFO - Setting next_dagrun for move_data_to_clickhouse to None, run_after=None
[2025-10-29T17:39:39.123+0000] {processor.py:183} INFO - Processing /opt/airflow/dags/etl_clickhouse.py took 0.756 seconds
[2025-10-29T17:40:09.555+0000] {processor.py:161} INFO - Started process (PID=3512) to work on /opt/airflow/dags/etl_clickhouse.py
[2025-10-29T17:40:09.557+0000] {processor.py:830} INFO - Processing file /opt/airflow/dags/etl_clickhouse.py for tasks to queue
[2025-10-29T17:40:09.560+0000] {logging_mixin.py:188} INFO - [2025-10-29T17:40:09.559+0000] {dagbag.py:545} INFO - Filling up the DagBag from /opt/airflow/dags/etl_clickhouse.py
[2025-10-29T17:40:10.254+0000] {processor.py:840} INFO - DAG(s) 'move_data_to_clickhouse' retrieved from /opt/airflow/dags/etl_clickhouse.py
[2025-10-29T17:40:10.288+0000] {logging_mixin.py:188} INFO - [2025-10-29T17:40:10.288+0000] {dag.py:3096} INFO - Sync 1 DAGs
[2025-10-29T17:40:10.302+0000] {logging_mixin.py:188} INFO - [2025-10-29T17:40:10.301+0000] {dag.py:3954} INFO - Setting next_dagrun for move_data_to_clickhouse to None, run_after=None
[2025-10-29T17:40:10.327+0000] {processor.py:183} INFO - Processing /opt/airflow/dags/etl_clickhouse.py took 0.782 seconds
[2025-10-29T17:40:40.776+0000] {processor.py:161} INFO - Started process (PID=3524) to work on /opt/airflow/dags/etl_clickhouse.py
[2025-10-29T17:40:40.777+0000] {processor.py:830} INFO - Processing file /opt/airflow/dags/etl_clickhouse.py for tasks to queue
[2025-10-29T17:40:40.780+0000] {logging_mixin.py:188} INFO - [2025-10-29T17:40:40.779+0000] {dagbag.py:545} INFO - Filling up the DagBag from /opt/airflow/dags/etl_clickhouse.py
[2025-10-29T17:40:41.420+0000] {processor.py:840} INFO - DAG(s) 'move_data_to_clickhouse' retrieved from /opt/airflow/dags/etl_clickhouse.py
[2025-10-29T17:40:41.452+0000] {logging_mixin.py:188} INFO - [2025-10-29T17:40:41.451+0000] {dag.py:3096} INFO - Sync 1 DAGs
[2025-10-29T17:40:41.467+0000] {logging_mixin.py:188} INFO - [2025-10-29T17:40:41.467+0000] {dag.py:3954} INFO - Setting next_dagrun for move_data_to_clickhouse to None, run_after=None
[2025-10-29T17:40:41.491+0000] {processor.py:183} INFO - Processing /opt/airflow/dags/etl_clickhouse.py took 0.724 seconds
[2025-10-29T17:41:12.040+0000] {processor.py:161} INFO - Started process (PID=3536) to work on /opt/airflow/dags/etl_clickhouse.py
[2025-10-29T17:41:12.041+0000] {processor.py:830} INFO - Processing file /opt/airflow/dags/etl_clickhouse.py for tasks to queue
[2025-10-29T17:41:12.044+0000] {logging_mixin.py:188} INFO - [2025-10-29T17:41:12.043+0000] {dagbag.py:545} INFO - Filling up the DagBag from /opt/airflow/dags/etl_clickhouse.py
[2025-10-29T17:41:12.712+0000] {processor.py:840} INFO - DAG(s) 'move_data_to_clickhouse' retrieved from /opt/airflow/dags/etl_clickhouse.py
[2025-10-29T17:41:12.764+0000] {logging_mixin.py:188} INFO - [2025-10-29T17:41:12.764+0000] {dag.py:3096} INFO - Sync 1 DAGs
[2025-10-29T17:41:12.783+0000] {logging_mixin.py:188} INFO - [2025-10-29T17:41:12.783+0000] {dag.py:3954} INFO - Setting next_dagrun for move_data_to_clickhouse to None, run_after=None
[2025-10-29T17:41:12.813+0000] {processor.py:183} INFO - Processing /opt/airflow/dags/etl_clickhouse.py took 0.784 seconds
[2025-10-29T17:41:43.271+0000] {processor.py:161} INFO - Started process (PID=3548) to work on /opt/airflow/dags/etl_clickhouse.py
[2025-10-29T17:41:43.273+0000] {processor.py:830} INFO - Processing file /opt/airflow/dags/etl_clickhouse.py for tasks to queue
[2025-10-29T17:41:43.275+0000] {logging_mixin.py:188} INFO - [2025-10-29T17:41:43.275+0000] {dagbag.py:545} INFO - Filling up the DagBag from /opt/airflow/dags/etl_clickhouse.py
[2025-10-29T17:41:43.925+0000] {processor.py:840} INFO - DAG(s) 'move_data_to_clickhouse' retrieved from /opt/airflow/dags/etl_clickhouse.py
[2025-10-29T17:41:43.974+0000] {logging_mixin.py:188} INFO - [2025-10-29T17:41:43.973+0000] {dag.py:3096} INFO - Sync 1 DAGs
[2025-10-29T17:41:43.986+0000] {logging_mixin.py:188} INFO - [2025-10-29T17:41:43.985+0000] {dag.py:3954} INFO - Setting next_dagrun for move_data_to_clickhouse to None, run_after=None
[2025-10-29T17:41:44.009+0000] {processor.py:183} INFO - Processing /opt/airflow/dags/etl_clickhouse.py took 0.747 seconds
[2025-10-29T17:42:14.534+0000] {processor.py:161} INFO - Started process (PID=3560) to work on /opt/airflow/dags/etl_clickhouse.py
[2025-10-29T17:42:14.535+0000] {processor.py:830} INFO - Processing file /opt/airflow/dags/etl_clickhouse.py for tasks to queue
[2025-10-29T17:42:14.538+0000] {logging_mixin.py:188} INFO - [2025-10-29T17:42:14.537+0000] {dagbag.py:545} INFO - Filling up the DagBag from /opt/airflow/dags/etl_clickhouse.py
[2025-10-29T17:42:15.181+0000] {processor.py:840} INFO - DAG(s) 'move_data_to_clickhouse' retrieved from /opt/airflow/dags/etl_clickhouse.py
[2025-10-29T17:42:15.212+0000] {logging_mixin.py:188} INFO - [2025-10-29T17:42:15.212+0000] {dag.py:3096} INFO - Sync 1 DAGs
[2025-10-29T17:42:15.226+0000] {logging_mixin.py:188} INFO - [2025-10-29T17:42:15.225+0000] {dag.py:3954} INFO - Setting next_dagrun for move_data_to_clickhouse to None, run_after=None
[2025-10-29T17:42:15.251+0000] {processor.py:183} INFO - Processing /opt/airflow/dags/etl_clickhouse.py took 0.726 seconds
[2025-10-29T17:42:45.789+0000] {processor.py:161} INFO - Started process (PID=3572) to work on /opt/airflow/dags/etl_clickhouse.py
[2025-10-29T17:42:45.791+0000] {processor.py:830} INFO - Processing file /opt/airflow/dags/etl_clickhouse.py for tasks to queue
[2025-10-29T17:42:45.794+0000] {logging_mixin.py:188} INFO - [2025-10-29T17:42:45.793+0000] {dagbag.py:545} INFO - Filling up the DagBag from /opt/airflow/dags/etl_clickhouse.py
[2025-10-29T17:42:46.473+0000] {processor.py:840} INFO - DAG(s) 'move_data_to_clickhouse' retrieved from /opt/airflow/dags/etl_clickhouse.py
[2025-10-29T17:42:46.506+0000] {logging_mixin.py:188} INFO - [2025-10-29T17:42:46.505+0000] {dag.py:3096} INFO - Sync 1 DAGs
[2025-10-29T17:42:46.521+0000] {logging_mixin.py:188} INFO - [2025-10-29T17:42:46.520+0000] {dag.py:3954} INFO - Setting next_dagrun for move_data_to_clickhouse to None, run_after=None
[2025-10-29T17:42:46.548+0000] {processor.py:183} INFO - Processing /opt/airflow/dags/etl_clickhouse.py took 0.770 seconds
[2025-10-29T17:43:17.015+0000] {processor.py:161} INFO - Started process (PID=3584) to work on /opt/airflow/dags/etl_clickhouse.py
[2025-10-29T17:43:17.016+0000] {processor.py:830} INFO - Processing file /opt/airflow/dags/etl_clickhouse.py for tasks to queue
[2025-10-29T17:43:17.019+0000] {logging_mixin.py:188} INFO - [2025-10-29T17:43:17.018+0000] {dagbag.py:545} INFO - Filling up the DagBag from /opt/airflow/dags/etl_clickhouse.py
[2025-10-29T17:43:17.737+0000] {processor.py:840} INFO - DAG(s) 'move_data_to_clickhouse' retrieved from /opt/airflow/dags/etl_clickhouse.py
[2025-10-29T17:43:17.771+0000] {logging_mixin.py:188} INFO - [2025-10-29T17:43:17.770+0000] {dag.py:3096} INFO - Sync 1 DAGs
[2025-10-29T17:43:17.783+0000] {logging_mixin.py:188} INFO - [2025-10-29T17:43:17.783+0000] {dag.py:3954} INFO - Setting next_dagrun for move_data_to_clickhouse to None, run_after=None
[2025-10-29T17:43:17.808+0000] {processor.py:183} INFO - Processing /opt/airflow/dags/etl_clickhouse.py took 0.802 seconds
[2025-10-29T17:43:48.318+0000] {processor.py:161} INFO - Started process (PID=3596) to work on /opt/airflow/dags/etl_clickhouse.py
[2025-10-29T17:43:48.320+0000] {processor.py:830} INFO - Processing file /opt/airflow/dags/etl_clickhouse.py for tasks to queue
[2025-10-29T17:43:48.323+0000] {logging_mixin.py:188} INFO - [2025-10-29T17:43:48.322+0000] {dagbag.py:545} INFO - Filling up the DagBag from /opt/airflow/dags/etl_clickhouse.py
[2025-10-29T17:43:49.285+0000] {processor.py:840} INFO - DAG(s) 'move_data_to_clickhouse' retrieved from /opt/airflow/dags/etl_clickhouse.py
[2025-10-29T17:43:49.317+0000] {logging_mixin.py:188} INFO - [2025-10-29T17:43:49.317+0000] {dag.py:3096} INFO - Sync 1 DAGs
[2025-10-29T17:43:49.329+0000] {logging_mixin.py:188} INFO - [2025-10-29T17:43:49.329+0000] {dag.py:3954} INFO - Setting next_dagrun for move_data_to_clickhouse to None, run_after=None
[2025-10-29T17:43:49.353+0000] {processor.py:183} INFO - Processing /opt/airflow/dags/etl_clickhouse.py took 1.047 seconds
[2025-10-29T17:44:19.819+0000] {processor.py:161} INFO - Started process (PID=3608) to work on /opt/airflow/dags/etl_clickhouse.py
[2025-10-29T17:44:19.821+0000] {processor.py:830} INFO - Processing file /opt/airflow/dags/etl_clickhouse.py for tasks to queue
[2025-10-29T17:44:19.824+0000] {logging_mixin.py:188} INFO - [2025-10-29T17:44:19.823+0000] {dagbag.py:545} INFO - Filling up the DagBag from /opt/airflow/dags/etl_clickhouse.py
[2025-10-29T17:44:20.490+0000] {processor.py:840} INFO - DAG(s) 'move_data_to_clickhouse' retrieved from /opt/airflow/dags/etl_clickhouse.py
[2025-10-29T17:44:20.520+0000] {logging_mixin.py:188} INFO - [2025-10-29T17:44:20.520+0000] {dag.py:3096} INFO - Sync 1 DAGs
[2025-10-29T17:44:20.532+0000] {logging_mixin.py:188} INFO - [2025-10-29T17:44:20.532+0000] {dag.py:3954} INFO - Setting next_dagrun for move_data_to_clickhouse to None, run_after=None
[2025-10-29T17:44:20.555+0000] {processor.py:183} INFO - Processing /opt/airflow/dags/etl_clickhouse.py took 0.745 seconds
[2025-10-29T17:44:51.071+0000] {processor.py:161} INFO - Started process (PID=3620) to work on /opt/airflow/dags/etl_clickhouse.py
[2025-10-29T17:44:51.072+0000] {processor.py:830} INFO - Processing file /opt/airflow/dags/etl_clickhouse.py for tasks to queue
[2025-10-29T17:44:51.075+0000] {logging_mixin.py:188} INFO - [2025-10-29T17:44:51.074+0000] {dagbag.py:545} INFO - Filling up the DagBag from /opt/airflow/dags/etl_clickhouse.py
[2025-10-29T17:44:51.763+0000] {processor.py:840} INFO - DAG(s) 'move_data_to_clickhouse' retrieved from /opt/airflow/dags/etl_clickhouse.py
[2025-10-29T17:44:51.798+0000] {logging_mixin.py:188} INFO - [2025-10-29T17:44:51.797+0000] {dag.py:3096} INFO - Sync 1 DAGs
[2025-10-29T17:44:51.813+0000] {logging_mixin.py:188} INFO - [2025-10-29T17:44:51.812+0000] {dag.py:3954} INFO - Setting next_dagrun for move_data_to_clickhouse to None, run_after=None
[2025-10-29T17:44:51.836+0000] {processor.py:183} INFO - Processing /opt/airflow/dags/etl_clickhouse.py took 0.774 seconds
[2025-10-29T17:45:22.323+0000] {processor.py:161} INFO - Started process (PID=3632) to work on /opt/airflow/dags/etl_clickhouse.py
[2025-10-29T17:45:22.324+0000] {processor.py:830} INFO - Processing file /opt/airflow/dags/etl_clickhouse.py for tasks to queue
[2025-10-29T17:45:22.327+0000] {logging_mixin.py:188} INFO - [2025-10-29T17:45:22.327+0000] {dagbag.py:545} INFO - Filling up the DagBag from /opt/airflow/dags/etl_clickhouse.py
[2025-10-29T17:45:23.033+0000] {processor.py:840} INFO - DAG(s) 'move_data_to_clickhouse' retrieved from /opt/airflow/dags/etl_clickhouse.py
[2025-10-29T17:45:23.065+0000] {logging_mixin.py:188} INFO - [2025-10-29T17:45:23.065+0000] {dag.py:3096} INFO - Sync 1 DAGs
[2025-10-29T17:45:23.080+0000] {logging_mixin.py:188} INFO - [2025-10-29T17:45:23.080+0000] {dag.py:3954} INFO - Setting next_dagrun for move_data_to_clickhouse to None, run_after=None
[2025-10-29T17:45:23.103+0000] {processor.py:183} INFO - Processing /opt/airflow/dags/etl_clickhouse.py took 0.789 seconds
[2025-10-29T17:45:53.667+0000] {processor.py:161} INFO - Started process (PID=3644) to work on /opt/airflow/dags/etl_clickhouse.py
[2025-10-29T17:45:53.668+0000] {processor.py:830} INFO - Processing file /opt/airflow/dags/etl_clickhouse.py for tasks to queue
[2025-10-29T17:45:53.671+0000] {logging_mixin.py:188} INFO - [2025-10-29T17:45:53.670+0000] {dagbag.py:545} INFO - Filling up the DagBag from /opt/airflow/dags/etl_clickhouse.py
[2025-10-29T17:45:54.341+0000] {processor.py:840} INFO - DAG(s) 'move_data_to_clickhouse' retrieved from /opt/airflow/dags/etl_clickhouse.py
[2025-10-29T17:45:54.376+0000] {logging_mixin.py:188} INFO - [2025-10-29T17:45:54.375+0000] {dag.py:3096} INFO - Sync 1 DAGs
[2025-10-29T17:45:54.389+0000] {logging_mixin.py:188} INFO - [2025-10-29T17:45:54.388+0000] {dag.py:3954} INFO - Setting next_dagrun for move_data_to_clickhouse to None, run_after=None
[2025-10-29T17:45:54.411+0000] {processor.py:183} INFO - Processing /opt/airflow/dags/etl_clickhouse.py took 0.753 seconds
[2025-10-29T17:46:25.065+0000] {processor.py:161} INFO - Started process (PID=3656) to work on /opt/airflow/dags/etl_clickhouse.py
[2025-10-29T17:46:25.067+0000] {processor.py:830} INFO - Processing file /opt/airflow/dags/etl_clickhouse.py for tasks to queue
[2025-10-29T17:46:25.069+0000] {logging_mixin.py:188} INFO - [2025-10-29T17:46:25.069+0000] {dagbag.py:545} INFO - Filling up the DagBag from /opt/airflow/dags/etl_clickhouse.py
[2025-10-29T17:46:25.732+0000] {processor.py:840} INFO - DAG(s) 'move_data_to_clickhouse' retrieved from /opt/airflow/dags/etl_clickhouse.py
[2025-10-29T17:46:25.772+0000] {logging_mixin.py:188} INFO - [2025-10-29T17:46:25.771+0000] {dag.py:3096} INFO - Sync 1 DAGs
[2025-10-29T17:46:25.786+0000] {logging_mixin.py:188} INFO - [2025-10-29T17:46:25.786+0000] {dag.py:3954} INFO - Setting next_dagrun for move_data_to_clickhouse to None, run_after=None
[2025-10-29T17:46:25.810+0000] {processor.py:183} INFO - Processing /opt/airflow/dags/etl_clickhouse.py took 0.756 seconds
[2025-10-29T17:46:56.272+0000] {processor.py:161} INFO - Started process (PID=3668) to work on /opt/airflow/dags/etl_clickhouse.py
[2025-10-29T17:46:56.274+0000] {processor.py:830} INFO - Processing file /opt/airflow/dags/etl_clickhouse.py for tasks to queue
[2025-10-29T17:46:56.276+0000] {logging_mixin.py:188} INFO - [2025-10-29T17:46:56.276+0000] {dagbag.py:545} INFO - Filling up the DagBag from /opt/airflow/dags/etl_clickhouse.py
[2025-10-29T17:46:56.925+0000] {processor.py:840} INFO - DAG(s) 'move_data_to_clickhouse' retrieved from /opt/airflow/dags/etl_clickhouse.py
[2025-10-29T17:46:56.958+0000] {logging_mixin.py:188} INFO - [2025-10-29T17:46:56.958+0000] {dag.py:3096} INFO - Sync 1 DAGs
[2025-10-29T17:46:56.971+0000] {logging_mixin.py:188} INFO - [2025-10-29T17:46:56.971+0000] {dag.py:3954} INFO - Setting next_dagrun for move_data_to_clickhouse to None, run_after=None
[2025-10-29T17:46:56.996+0000] {processor.py:183} INFO - Processing /opt/airflow/dags/etl_clickhouse.py took 0.732 seconds
[2025-10-29T17:47:27.496+0000] {processor.py:161} INFO - Started process (PID=3680) to work on /opt/airflow/dags/etl_clickhouse.py
[2025-10-29T17:47:27.497+0000] {processor.py:830} INFO - Processing file /opt/airflow/dags/etl_clickhouse.py for tasks to queue
[2025-10-29T17:47:27.500+0000] {logging_mixin.py:188} INFO - [2025-10-29T17:47:27.499+0000] {dagbag.py:545} INFO - Filling up the DagBag from /opt/airflow/dags/etl_clickhouse.py
[2025-10-29T17:47:28.227+0000] {processor.py:840} INFO - DAG(s) 'move_data_to_clickhouse' retrieved from /opt/airflow/dags/etl_clickhouse.py
[2025-10-29T17:47:28.260+0000] {logging_mixin.py:188} INFO - [2025-10-29T17:47:28.259+0000] {dag.py:3096} INFO - Sync 1 DAGs
[2025-10-29T17:47:28.274+0000] {logging_mixin.py:188} INFO - [2025-10-29T17:47:28.274+0000] {dag.py:3954} INFO - Setting next_dagrun for move_data_to_clickhouse to None, run_after=None
[2025-10-29T17:47:28.296+0000] {processor.py:183} INFO - Processing /opt/airflow/dags/etl_clickhouse.py took 0.810 seconds
[2025-10-29T17:47:58.784+0000] {processor.py:161} INFO - Started process (PID=3692) to work on /opt/airflow/dags/etl_clickhouse.py
[2025-10-29T17:47:58.786+0000] {processor.py:830} INFO - Processing file /opt/airflow/dags/etl_clickhouse.py for tasks to queue
[2025-10-29T17:47:58.789+0000] {logging_mixin.py:188} INFO - [2025-10-29T17:47:58.788+0000] {dagbag.py:545} INFO - Filling up the DagBag from /opt/airflow/dags/etl_clickhouse.py
[2025-10-29T17:47:59.471+0000] {processor.py:840} INFO - DAG(s) 'move_data_to_clickhouse' retrieved from /opt/airflow/dags/etl_clickhouse.py
[2025-10-29T17:47:59.506+0000] {logging_mixin.py:188} INFO - [2025-10-29T17:47:59.505+0000] {dag.py:3096} INFO - Sync 1 DAGs
[2025-10-29T17:47:59.517+0000] {logging_mixin.py:188} INFO - [2025-10-29T17:47:59.517+0000] {dag.py:3954} INFO - Setting next_dagrun for move_data_to_clickhouse to None, run_after=None
[2025-10-29T17:47:59.541+0000] {processor.py:183} INFO - Processing /opt/airflow/dags/etl_clickhouse.py took 0.765 seconds
[2025-10-29T17:48:30.050+0000] {processor.py:161} INFO - Started process (PID=3704) to work on /opt/airflow/dags/etl_clickhouse.py
[2025-10-29T17:48:30.051+0000] {processor.py:830} INFO - Processing file /opt/airflow/dags/etl_clickhouse.py for tasks to queue
[2025-10-29T17:48:30.054+0000] {logging_mixin.py:188} INFO - [2025-10-29T17:48:30.054+0000] {dagbag.py:545} INFO - Filling up the DagBag from /opt/airflow/dags/etl_clickhouse.py
[2025-10-29T17:48:30.708+0000] {processor.py:840} INFO - DAG(s) 'move_data_to_clickhouse' retrieved from /opt/airflow/dags/etl_clickhouse.py
[2025-10-29T17:48:30.740+0000] {logging_mixin.py:188} INFO - [2025-10-29T17:48:30.740+0000] {dag.py:3096} INFO - Sync 1 DAGs
[2025-10-29T17:48:30.752+0000] {logging_mixin.py:188} INFO - [2025-10-29T17:48:30.752+0000] {dag.py:3954} INFO - Setting next_dagrun for move_data_to_clickhouse to None, run_after=None
[2025-10-29T17:48:30.775+0000] {processor.py:183} INFO - Processing /opt/airflow/dags/etl_clickhouse.py took 0.734 seconds
[2025-10-29T17:49:01.251+0000] {processor.py:161} INFO - Started process (PID=3716) to work on /opt/airflow/dags/etl_clickhouse.py
[2025-10-29T17:49:01.253+0000] {processor.py:830} INFO - Processing file /opt/airflow/dags/etl_clickhouse.py for tasks to queue
[2025-10-29T17:49:01.255+0000] {logging_mixin.py:188} INFO - [2025-10-29T17:49:01.255+0000] {dagbag.py:545} INFO - Filling up the DagBag from /opt/airflow/dags/etl_clickhouse.py
[2025-10-29T17:49:01.884+0000] {processor.py:840} INFO - DAG(s) 'move_data_to_clickhouse' retrieved from /opt/airflow/dags/etl_clickhouse.py
[2025-10-29T17:49:01.917+0000] {logging_mixin.py:188} INFO - [2025-10-29T17:49:01.916+0000] {dag.py:3096} INFO - Sync 1 DAGs
[2025-10-29T17:49:01.931+0000] {logging_mixin.py:188} INFO - [2025-10-29T17:49:01.930+0000] {dag.py:3954} INFO - Setting next_dagrun for move_data_to_clickhouse to None, run_after=None
[2025-10-29T17:49:01.959+0000] {processor.py:183} INFO - Processing /opt/airflow/dags/etl_clickhouse.py took 0.717 seconds
[2025-10-29T17:49:32.490+0000] {processor.py:161} INFO - Started process (PID=3728) to work on /opt/airflow/dags/etl_clickhouse.py
[2025-10-29T17:49:32.492+0000] {processor.py:830} INFO - Processing file /opt/airflow/dags/etl_clickhouse.py for tasks to queue
[2025-10-29T17:49:32.496+0000] {logging_mixin.py:188} INFO - [2025-10-29T17:49:32.495+0000] {dagbag.py:545} INFO - Filling up the DagBag from /opt/airflow/dags/etl_clickhouse.py
[2025-10-29T17:49:33.128+0000] {processor.py:840} INFO - DAG(s) 'move_data_to_clickhouse' retrieved from /opt/airflow/dags/etl_clickhouse.py
[2025-10-29T17:49:33.158+0000] {logging_mixin.py:188} INFO - [2025-10-29T17:49:33.158+0000] {dag.py:3096} INFO - Sync 1 DAGs
[2025-10-29T17:49:33.172+0000] {logging_mixin.py:188} INFO - [2025-10-29T17:49:33.172+0000] {dag.py:3954} INFO - Setting next_dagrun for move_data_to_clickhouse to None, run_after=None
[2025-10-29T17:49:33.195+0000] {processor.py:183} INFO - Processing /opt/airflow/dags/etl_clickhouse.py took 0.718 seconds
[2025-10-29T17:50:03.628+0000] {processor.py:161} INFO - Started process (PID=3740) to work on /opt/airflow/dags/etl_clickhouse.py
[2025-10-29T17:50:03.629+0000] {processor.py:830} INFO - Processing file /opt/airflow/dags/etl_clickhouse.py for tasks to queue
[2025-10-29T17:50:03.632+0000] {logging_mixin.py:188} INFO - [2025-10-29T17:50:03.631+0000] {dagbag.py:545} INFO - Filling up the DagBag from /opt/airflow/dags/etl_clickhouse.py
[2025-10-29T17:50:04.308+0000] {processor.py:840} INFO - DAG(s) 'move_data_to_clickhouse' retrieved from /opt/airflow/dags/etl_clickhouse.py
[2025-10-29T17:50:04.342+0000] {logging_mixin.py:188} INFO - [2025-10-29T17:50:04.342+0000] {dag.py:3096} INFO - Sync 1 DAGs
[2025-10-29T17:50:04.355+0000] {logging_mixin.py:188} INFO - [2025-10-29T17:50:04.355+0000] {dag.py:3954} INFO - Setting next_dagrun for move_data_to_clickhouse to None, run_after=None
[2025-10-29T17:50:04.381+0000] {processor.py:183} INFO - Processing /opt/airflow/dags/etl_clickhouse.py took 0.763 seconds
[2025-10-29T17:50:34.881+0000] {processor.py:161} INFO - Started process (PID=3752) to work on /opt/airflow/dags/etl_clickhouse.py
[2025-10-29T17:50:34.883+0000] {processor.py:830} INFO - Processing file /opt/airflow/dags/etl_clickhouse.py for tasks to queue
[2025-10-29T17:50:34.885+0000] {logging_mixin.py:188} INFO - [2025-10-29T17:50:34.885+0000] {dagbag.py:545} INFO - Filling up the DagBag from /opt/airflow/dags/etl_clickhouse.py
[2025-10-29T17:50:35.582+0000] {processor.py:840} INFO - DAG(s) 'move_data_to_clickhouse' retrieved from /opt/airflow/dags/etl_clickhouse.py
[2025-10-29T17:50:35.615+0000] {logging_mixin.py:188} INFO - [2025-10-29T17:50:35.614+0000] {dag.py:3096} INFO - Sync 1 DAGs
[2025-10-29T17:50:35.628+0000] {logging_mixin.py:188} INFO - [2025-10-29T17:50:35.627+0000] {dag.py:3954} INFO - Setting next_dagrun for move_data_to_clickhouse to None, run_after=None
[2025-10-29T17:50:35.653+0000] {processor.py:183} INFO - Processing /opt/airflow/dags/etl_clickhouse.py took 0.782 seconds
[2025-10-29T17:51:06.117+0000] {processor.py:161} INFO - Started process (PID=3764) to work on /opt/airflow/dags/etl_clickhouse.py
[2025-10-29T17:51:06.118+0000] {processor.py:830} INFO - Processing file /opt/airflow/dags/etl_clickhouse.py for tasks to queue
[2025-10-29T17:51:06.121+0000] {logging_mixin.py:188} INFO - [2025-10-29T17:51:06.121+0000] {dagbag.py:545} INFO - Filling up the DagBag from /opt/airflow/dags/etl_clickhouse.py
[2025-10-29T17:51:06.777+0000] {processor.py:840} INFO - DAG(s) 'move_data_to_clickhouse' retrieved from /opt/airflow/dags/etl_clickhouse.py
[2025-10-29T17:51:06.810+0000] {logging_mixin.py:188} INFO - [2025-10-29T17:51:06.809+0000] {dag.py:3096} INFO - Sync 1 DAGs
[2025-10-29T17:51:06.823+0000] {logging_mixin.py:188} INFO - [2025-10-29T17:51:06.822+0000] {dag.py:3954} INFO - Setting next_dagrun for move_data_to_clickhouse to None, run_after=None
[2025-10-29T17:51:06.847+0000] {processor.py:183} INFO - Processing /opt/airflow/dags/etl_clickhouse.py took 0.739 seconds
[2025-10-29T17:51:37.430+0000] {processor.py:161} INFO - Started process (PID=3776) to work on /opt/airflow/dags/etl_clickhouse.py
[2025-10-29T17:51:37.431+0000] {processor.py:830} INFO - Processing file /opt/airflow/dags/etl_clickhouse.py for tasks to queue
[2025-10-29T17:51:37.434+0000] {logging_mixin.py:188} INFO - [2025-10-29T17:51:37.433+0000] {dagbag.py:545} INFO - Filling up the DagBag from /opt/airflow/dags/etl_clickhouse.py
[2025-10-29T17:51:38.158+0000] {processor.py:840} INFO - DAG(s) 'move_data_to_clickhouse' retrieved from /opt/airflow/dags/etl_clickhouse.py
[2025-10-29T17:51:38.192+0000] {logging_mixin.py:188} INFO - [2025-10-29T17:51:38.191+0000] {dag.py:3096} INFO - Sync 1 DAGs
[2025-10-29T17:51:38.206+0000] {logging_mixin.py:188} INFO - [2025-10-29T17:51:38.206+0000] {dag.py:3954} INFO - Setting next_dagrun for move_data_to_clickhouse to None, run_after=None
[2025-10-29T17:51:38.230+0000] {processor.py:183} INFO - Processing /opt/airflow/dags/etl_clickhouse.py took 0.809 seconds
[2025-10-29T17:52:08.769+0000] {processor.py:161} INFO - Started process (PID=3788) to work on /opt/airflow/dags/etl_clickhouse.py
[2025-10-29T17:52:08.770+0000] {processor.py:830} INFO - Processing file /opt/airflow/dags/etl_clickhouse.py for tasks to queue
[2025-10-29T17:52:08.773+0000] {logging_mixin.py:188} INFO - [2025-10-29T17:52:08.772+0000] {dagbag.py:545} INFO - Filling up the DagBag from /opt/airflow/dags/etl_clickhouse.py
[2025-10-29T17:52:09.456+0000] {processor.py:840} INFO - DAG(s) 'move_data_to_clickhouse' retrieved from /opt/airflow/dags/etl_clickhouse.py
[2025-10-29T17:52:09.489+0000] {logging_mixin.py:188} INFO - [2025-10-29T17:52:09.488+0000] {dag.py:3096} INFO - Sync 1 DAGs
[2025-10-29T17:52:09.501+0000] {logging_mixin.py:188} INFO - [2025-10-29T17:52:09.501+0000] {dag.py:3954} INFO - Setting next_dagrun for move_data_to_clickhouse to None, run_after=None
[2025-10-29T17:52:09.525+0000] {processor.py:183} INFO - Processing /opt/airflow/dags/etl_clickhouse.py took 0.766 seconds
[2025-10-29T17:52:40.101+0000] {processor.py:161} INFO - Started process (PID=3800) to work on /opt/airflow/dags/etl_clickhouse.py
[2025-10-29T17:52:40.103+0000] {processor.py:830} INFO - Processing file /opt/airflow/dags/etl_clickhouse.py for tasks to queue
[2025-10-29T17:52:40.105+0000] {logging_mixin.py:188} INFO - [2025-10-29T17:52:40.105+0000] {dagbag.py:545} INFO - Filling up the DagBag from /opt/airflow/dags/etl_clickhouse.py
[2025-10-29T17:52:40.809+0000] {processor.py:840} INFO - DAG(s) 'move_data_to_clickhouse' retrieved from /opt/airflow/dags/etl_clickhouse.py
[2025-10-29T17:52:40.843+0000] {logging_mixin.py:188} INFO - [2025-10-29T17:52:40.842+0000] {dag.py:3096} INFO - Sync 1 DAGs
[2025-10-29T17:52:40.857+0000] {logging_mixin.py:188} INFO - [2025-10-29T17:52:40.857+0000] {dag.py:3954} INFO - Setting next_dagrun for move_data_to_clickhouse to None, run_after=None
[2025-10-29T17:52:40.884+0000] {processor.py:183} INFO - Processing /opt/airflow/dags/etl_clickhouse.py took 0.792 seconds
[2025-10-29T17:53:11.371+0000] {processor.py:161} INFO - Started process (PID=3812) to work on /opt/airflow/dags/etl_clickhouse.py
[2025-10-29T17:53:11.373+0000] {processor.py:830} INFO - Processing file /opt/airflow/dags/etl_clickhouse.py for tasks to queue
[2025-10-29T17:53:11.375+0000] {logging_mixin.py:188} INFO - [2025-10-29T17:53:11.375+0000] {dagbag.py:545} INFO - Filling up the DagBag from /opt/airflow/dags/etl_clickhouse.py
[2025-10-29T17:53:12.039+0000] {processor.py:840} INFO - DAG(s) 'move_data_to_clickhouse' retrieved from /opt/airflow/dags/etl_clickhouse.py
[2025-10-29T17:53:12.074+0000] {logging_mixin.py:188} INFO - [2025-10-29T17:53:12.073+0000] {dag.py:3096} INFO - Sync 1 DAGs
[2025-10-29T17:53:12.086+0000] {logging_mixin.py:188} INFO - [2025-10-29T17:53:12.085+0000] {dag.py:3954} INFO - Setting next_dagrun for move_data_to_clickhouse to None, run_after=None
[2025-10-29T17:53:12.111+0000] {processor.py:183} INFO - Processing /opt/airflow/dags/etl_clickhouse.py took 0.748 seconds
[2025-10-29T17:53:42.615+0000] {processor.py:161} INFO - Started process (PID=3824) to work on /opt/airflow/dags/etl_clickhouse.py
[2025-10-29T17:53:42.617+0000] {processor.py:830} INFO - Processing file /opt/airflow/dags/etl_clickhouse.py for tasks to queue
[2025-10-29T17:53:42.620+0000] {logging_mixin.py:188} INFO - [2025-10-29T17:53:42.620+0000] {dagbag.py:545} INFO - Filling up the DagBag from /opt/airflow/dags/etl_clickhouse.py
[2025-10-29T17:53:43.376+0000] {processor.py:840} INFO - DAG(s) 'move_data_to_clickhouse' retrieved from /opt/airflow/dags/etl_clickhouse.py
[2025-10-29T17:53:43.409+0000] {logging_mixin.py:188} INFO - [2025-10-29T17:53:43.409+0000] {dag.py:3096} INFO - Sync 1 DAGs
[2025-10-29T17:53:43.425+0000] {logging_mixin.py:188} INFO - [2025-10-29T17:53:43.425+0000] {dag.py:3954} INFO - Setting next_dagrun for move_data_to_clickhouse to None, run_after=None
[2025-10-29T17:53:43.448+0000] {processor.py:183} INFO - Processing /opt/airflow/dags/etl_clickhouse.py took 0.842 seconds
[2025-10-29T17:54:13.935+0000] {processor.py:161} INFO - Started process (PID=3836) to work on /opt/airflow/dags/etl_clickhouse.py
[2025-10-29T17:54:13.936+0000] {processor.py:830} INFO - Processing file /opt/airflow/dags/etl_clickhouse.py for tasks to queue
[2025-10-29T17:54:13.939+0000] {logging_mixin.py:188} INFO - [2025-10-29T17:54:13.938+0000] {dagbag.py:545} INFO - Filling up the DagBag from /opt/airflow/dags/etl_clickhouse.py
[2025-10-29T17:54:14.594+0000] {processor.py:840} INFO - DAG(s) 'move_data_to_clickhouse' retrieved from /opt/airflow/dags/etl_clickhouse.py
[2025-10-29T17:54:14.626+0000] {logging_mixin.py:188} INFO - [2025-10-29T17:54:14.625+0000] {dag.py:3096} INFO - Sync 1 DAGs
[2025-10-29T17:54:14.639+0000] {logging_mixin.py:188} INFO - [2025-10-29T17:54:14.638+0000] {dag.py:3954} INFO - Setting next_dagrun for move_data_to_clickhouse to None, run_after=None
[2025-10-29T17:54:14.663+0000] {processor.py:183} INFO - Processing /opt/airflow/dags/etl_clickhouse.py took 0.737 seconds
[2025-10-29T17:54:45.177+0000] {processor.py:161} INFO - Started process (PID=3848) to work on /opt/airflow/dags/etl_clickhouse.py
[2025-10-29T17:54:45.179+0000] {processor.py:830} INFO - Processing file /opt/airflow/dags/etl_clickhouse.py for tasks to queue
[2025-10-29T17:54:45.182+0000] {logging_mixin.py:188} INFO - [2025-10-29T17:54:45.181+0000] {dagbag.py:545} INFO - Filling up the DagBag from /opt/airflow/dags/etl_clickhouse.py
[2025-10-29T17:54:45.872+0000] {processor.py:840} INFO - DAG(s) 'move_data_to_clickhouse' retrieved from /opt/airflow/dags/etl_clickhouse.py
[2025-10-29T17:54:45.906+0000] {logging_mixin.py:188} INFO - [2025-10-29T17:54:45.905+0000] {dag.py:3096} INFO - Sync 1 DAGs
[2025-10-29T17:54:45.919+0000] {logging_mixin.py:188} INFO - [2025-10-29T17:54:45.919+0000] {dag.py:3954} INFO - Setting next_dagrun for move_data_to_clickhouse to None, run_after=None
[2025-10-29T17:54:45.944+0000] {processor.py:183} INFO - Processing /opt/airflow/dags/etl_clickhouse.py took 0.778 seconds
[2025-10-29T17:55:16.411+0000] {processor.py:161} INFO - Started process (PID=3860) to work on /opt/airflow/dags/etl_clickhouse.py
[2025-10-29T17:55:16.412+0000] {processor.py:830} INFO - Processing file /opt/airflow/dags/etl_clickhouse.py for tasks to queue
[2025-10-29T17:55:16.415+0000] {logging_mixin.py:188} INFO - [2025-10-29T17:55:16.414+0000] {dagbag.py:545} INFO - Filling up the DagBag from /opt/airflow/dags/etl_clickhouse.py
[2025-10-29T17:55:17.107+0000] {processor.py:840} INFO - DAG(s) 'move_data_to_clickhouse' retrieved from /opt/airflow/dags/etl_clickhouse.py
[2025-10-29T17:55:17.140+0000] {logging_mixin.py:188} INFO - [2025-10-29T17:55:17.139+0000] {dag.py:3096} INFO - Sync 1 DAGs
[2025-10-29T17:55:17.154+0000] {logging_mixin.py:188} INFO - [2025-10-29T17:55:17.153+0000] {dag.py:3954} INFO - Setting next_dagrun for move_data_to_clickhouse to None, run_after=None
[2025-10-29T17:55:17.177+0000] {processor.py:183} INFO - Processing /opt/airflow/dags/etl_clickhouse.py took 0.775 seconds
[2025-10-29T17:55:47.762+0000] {processor.py:161} INFO - Started process (PID=3872) to work on /opt/airflow/dags/etl_clickhouse.py
[2025-10-29T17:55:47.763+0000] {processor.py:830} INFO - Processing file /opt/airflow/dags/etl_clickhouse.py for tasks to queue
[2025-10-29T17:55:47.766+0000] {logging_mixin.py:188} INFO - [2025-10-29T17:55:47.766+0000] {dagbag.py:545} INFO - Filling up the DagBag from /opt/airflow/dags/etl_clickhouse.py
[2025-10-29T17:55:48.520+0000] {processor.py:840} INFO - DAG(s) 'move_data_to_clickhouse' retrieved from /opt/airflow/dags/etl_clickhouse.py
[2025-10-29T17:55:48.558+0000] {logging_mixin.py:188} INFO - [2025-10-29T17:55:48.558+0000] {dag.py:3096} INFO - Sync 1 DAGs
[2025-10-29T17:55:48.574+0000] {logging_mixin.py:188} INFO - [2025-10-29T17:55:48.574+0000] {dag.py:3954} INFO - Setting next_dagrun for move_data_to_clickhouse to None, run_after=None
[2025-10-29T17:55:48.603+0000] {processor.py:183} INFO - Processing /opt/airflow/dags/etl_clickhouse.py took 0.850 seconds
[2025-10-29T17:56:19.168+0000] {processor.py:161} INFO - Started process (PID=3884) to work on /opt/airflow/dags/etl_clickhouse.py
[2025-10-29T17:56:19.169+0000] {processor.py:830} INFO - Processing file /opt/airflow/dags/etl_clickhouse.py for tasks to queue
[2025-10-29T17:56:19.173+0000] {logging_mixin.py:188} INFO - [2025-10-29T17:56:19.172+0000] {dagbag.py:545} INFO - Filling up the DagBag from /opt/airflow/dags/etl_clickhouse.py
[2025-10-29T17:56:19.849+0000] {processor.py:840} INFO - DAG(s) 'move_data_to_clickhouse' retrieved from /opt/airflow/dags/etl_clickhouse.py
[2025-10-29T17:56:19.883+0000] {logging_mixin.py:188} INFO - [2025-10-29T17:56:19.882+0000] {dag.py:3096} INFO - Sync 1 DAGs
[2025-10-29T17:56:19.896+0000] {logging_mixin.py:188} INFO - [2025-10-29T17:56:19.895+0000] {dag.py:3954} INFO - Setting next_dagrun for move_data_to_clickhouse to None, run_after=None
[2025-10-29T17:56:19.921+0000] {processor.py:183} INFO - Processing /opt/airflow/dags/etl_clickhouse.py took 0.761 seconds
[2025-10-29T17:56:50.421+0000] {processor.py:161} INFO - Started process (PID=3896) to work on /opt/airflow/dags/etl_clickhouse.py
[2025-10-29T17:56:50.422+0000] {processor.py:830} INFO - Processing file /opt/airflow/dags/etl_clickhouse.py for tasks to queue
[2025-10-29T17:56:50.425+0000] {logging_mixin.py:188} INFO - [2025-10-29T17:56:50.425+0000] {dagbag.py:545} INFO - Filling up the DagBag from /opt/airflow/dags/etl_clickhouse.py
[2025-10-29T17:56:51.099+0000] {processor.py:840} INFO - DAG(s) 'move_data_to_clickhouse' retrieved from /opt/airflow/dags/etl_clickhouse.py
[2025-10-29T17:56:51.133+0000] {logging_mixin.py:188} INFO - [2025-10-29T17:56:51.132+0000] {dag.py:3096} INFO - Sync 1 DAGs
[2025-10-29T17:56:51.147+0000] {logging_mixin.py:188} INFO - [2025-10-29T17:56:51.146+0000] {dag.py:3954} INFO - Setting next_dagrun for move_data_to_clickhouse to None, run_after=None
[2025-10-29T17:56:51.170+0000] {processor.py:183} INFO - Processing /opt/airflow/dags/etl_clickhouse.py took 0.762 seconds
[2025-10-29T17:57:21.744+0000] {processor.py:161} INFO - Started process (PID=3908) to work on /opt/airflow/dags/etl_clickhouse.py
[2025-10-29T17:57:21.745+0000] {processor.py:830} INFO - Processing file /opt/airflow/dags/etl_clickhouse.py for tasks to queue
[2025-10-29T17:57:21.748+0000] {logging_mixin.py:188} INFO - [2025-10-29T17:57:21.748+0000] {dagbag.py:545} INFO - Filling up the DagBag from /opt/airflow/dags/etl_clickhouse.py
[2025-10-29T17:57:22.374+0000] {processor.py:840} INFO - DAG(s) 'move_data_to_clickhouse' retrieved from /opt/airflow/dags/etl_clickhouse.py
[2025-10-29T17:57:22.404+0000] {logging_mixin.py:188} INFO - [2025-10-29T17:57:22.404+0000] {dag.py:3096} INFO - Sync 1 DAGs
[2025-10-29T17:57:22.416+0000] {logging_mixin.py:188} INFO - [2025-10-29T17:57:22.416+0000] {dag.py:3954} INFO - Setting next_dagrun for move_data_to_clickhouse to None, run_after=None
[2025-10-29T17:57:22.439+0000] {processor.py:183} INFO - Processing /opt/airflow/dags/etl_clickhouse.py took 0.705 seconds
[2025-10-29T17:57:53.020+0000] {processor.py:161} INFO - Started process (PID=3920) to work on /opt/airflow/dags/etl_clickhouse.py
[2025-10-29T17:57:53.022+0000] {processor.py:830} INFO - Processing file /opt/airflow/dags/etl_clickhouse.py for tasks to queue
[2025-10-29T17:57:53.024+0000] {logging_mixin.py:188} INFO - [2025-10-29T17:57:53.024+0000] {dagbag.py:545} INFO - Filling up the DagBag from /opt/airflow/dags/etl_clickhouse.py
[2025-10-29T17:57:53.636+0000] {processor.py:840} INFO - DAG(s) 'move_data_to_clickhouse' retrieved from /opt/airflow/dags/etl_clickhouse.py
[2025-10-29T17:57:53.668+0000] {logging_mixin.py:188} INFO - [2025-10-29T17:57:53.667+0000] {dag.py:3096} INFO - Sync 1 DAGs
[2025-10-29T17:57:53.682+0000] {logging_mixin.py:188} INFO - [2025-10-29T17:57:53.681+0000] {dag.py:3954} INFO - Setting next_dagrun for move_data_to_clickhouse to None, run_after=None
[2025-10-29T17:57:53.704+0000] {processor.py:183} INFO - Processing /opt/airflow/dags/etl_clickhouse.py took 0.692 seconds
[2025-10-29T17:58:24.181+0000] {processor.py:161} INFO - Started process (PID=3932) to work on /opt/airflow/dags/etl_clickhouse.py
[2025-10-29T17:58:24.183+0000] {processor.py:830} INFO - Processing file /opt/airflow/dags/etl_clickhouse.py for tasks to queue
[2025-10-29T17:58:24.186+0000] {logging_mixin.py:188} INFO - [2025-10-29T17:58:24.185+0000] {dagbag.py:545} INFO - Filling up the DagBag from /opt/airflow/dags/etl_clickhouse.py
[2025-10-29T17:58:24.842+0000] {processor.py:840} INFO - DAG(s) 'move_data_to_clickhouse' retrieved from /opt/airflow/dags/etl_clickhouse.py
[2025-10-29T17:58:24.874+0000] {logging_mixin.py:188} INFO - [2025-10-29T17:58:24.873+0000] {dag.py:3096} INFO - Sync 1 DAGs
[2025-10-29T17:58:24.888+0000] {logging_mixin.py:188} INFO - [2025-10-29T17:58:24.888+0000] {dag.py:3954} INFO - Setting next_dagrun for move_data_to_clickhouse to None, run_after=None
[2025-10-29T17:58:24.917+0000] {processor.py:183} INFO - Processing /opt/airflow/dags/etl_clickhouse.py took 0.745 seconds
[2025-10-29T17:58:55.407+0000] {processor.py:161} INFO - Started process (PID=3944) to work on /opt/airflow/dags/etl_clickhouse.py
[2025-10-29T17:58:55.409+0000] {processor.py:830} INFO - Processing file /opt/airflow/dags/etl_clickhouse.py for tasks to queue
[2025-10-29T17:58:55.412+0000] {logging_mixin.py:188} INFO - [2025-10-29T17:58:55.411+0000] {dagbag.py:545} INFO - Filling up the DagBag from /opt/airflow/dags/etl_clickhouse.py
[2025-10-29T17:58:56.099+0000] {processor.py:840} INFO - DAG(s) 'move_data_to_clickhouse' retrieved from /opt/airflow/dags/etl_clickhouse.py
[2025-10-29T17:58:56.132+0000] {logging_mixin.py:188} INFO - [2025-10-29T17:58:56.132+0000] {dag.py:3096} INFO - Sync 1 DAGs
[2025-10-29T17:58:56.144+0000] {logging_mixin.py:188} INFO - [2025-10-29T17:58:56.144+0000] {dag.py:3954} INFO - Setting next_dagrun for move_data_to_clickhouse to None, run_after=None
[2025-10-29T17:58:56.166+0000] {processor.py:183} INFO - Processing /opt/airflow/dags/etl_clickhouse.py took 0.768 seconds
[2025-10-29T17:59:26.690+0000] {processor.py:161} INFO - Started process (PID=3956) to work on /opt/airflow/dags/etl_clickhouse.py
[2025-10-29T17:59:26.692+0000] {processor.py:830} INFO - Processing file /opt/airflow/dags/etl_clickhouse.py for tasks to queue
[2025-10-29T17:59:26.695+0000] {logging_mixin.py:188} INFO - [2025-10-29T17:59:26.694+0000] {dagbag.py:545} INFO - Filling up the DagBag from /opt/airflow/dags/etl_clickhouse.py
[2025-10-29T17:59:27.410+0000] {processor.py:840} INFO - DAG(s) 'move_data_to_clickhouse' retrieved from /opt/airflow/dags/etl_clickhouse.py
[2025-10-29T17:59:27.444+0000] {logging_mixin.py:188} INFO - [2025-10-29T17:59:27.444+0000] {dag.py:3096} INFO - Sync 1 DAGs
[2025-10-29T17:59:27.456+0000] {logging_mixin.py:188} INFO - [2025-10-29T17:59:27.456+0000] {dag.py:3954} INFO - Setting next_dagrun for move_data_to_clickhouse to None, run_after=None
[2025-10-29T17:59:27.479+0000] {processor.py:183} INFO - Processing /opt/airflow/dags/etl_clickhouse.py took 0.797 seconds
[2025-10-29T17:59:57.990+0000] {processor.py:161} INFO - Started process (PID=3968) to work on /opt/airflow/dags/etl_clickhouse.py
[2025-10-29T17:59:57.992+0000] {processor.py:830} INFO - Processing file /opt/airflow/dags/etl_clickhouse.py for tasks to queue
[2025-10-29T17:59:57.994+0000] {logging_mixin.py:188} INFO - [2025-10-29T17:59:57.994+0000] {dagbag.py:545} INFO - Filling up the DagBag from /opt/airflow/dags/etl_clickhouse.py
[2025-10-29T17:59:58.720+0000] {processor.py:840} INFO - DAG(s) 'move_data_to_clickhouse' retrieved from /opt/airflow/dags/etl_clickhouse.py
[2025-10-29T17:59:58.754+0000] {logging_mixin.py:188} INFO - [2025-10-29T17:59:58.754+0000] {dag.py:3096} INFO - Sync 1 DAGs
[2025-10-29T17:59:58.766+0000] {logging_mixin.py:188} INFO - [2025-10-29T17:59:58.766+0000] {dag.py:3954} INFO - Setting next_dagrun for move_data_to_clickhouse to None, run_after=None
[2025-10-29T17:59:58.796+0000] {processor.py:183} INFO - Processing /opt/airflow/dags/etl_clickhouse.py took 0.817 seconds
[2025-10-29T18:00:29.322+0000] {processor.py:161} INFO - Started process (PID=3980) to work on /opt/airflow/dags/etl_clickhouse.py
[2025-10-29T18:00:29.324+0000] {processor.py:830} INFO - Processing file /opt/airflow/dags/etl_clickhouse.py for tasks to queue
[2025-10-29T18:00:29.327+0000] {logging_mixin.py:188} INFO - [2025-10-29T18:00:29.326+0000] {dagbag.py:545} INFO - Filling up the DagBag from /opt/airflow/dags/etl_clickhouse.py
[2025-10-29T18:00:30.015+0000] {processor.py:840} INFO - DAG(s) 'move_data_to_clickhouse' retrieved from /opt/airflow/dags/etl_clickhouse.py
[2025-10-29T18:00:30.047+0000] {logging_mixin.py:188} INFO - [2025-10-29T18:00:30.047+0000] {dag.py:3096} INFO - Sync 1 DAGs
[2025-10-29T18:00:30.062+0000] {logging_mixin.py:188} INFO - [2025-10-29T18:00:30.062+0000] {dag.py:3954} INFO - Setting next_dagrun for move_data_to_clickhouse to None, run_after=None
[2025-10-29T18:00:30.085+0000] {processor.py:183} INFO - Processing /opt/airflow/dags/etl_clickhouse.py took 0.772 seconds
[2025-10-29T18:01:00.677+0000] {processor.py:161} INFO - Started process (PID=3992) to work on /opt/airflow/dags/etl_clickhouse.py
[2025-10-29T18:01:00.678+0000] {processor.py:830} INFO - Processing file /opt/airflow/dags/etl_clickhouse.py for tasks to queue
[2025-10-29T18:01:00.681+0000] {logging_mixin.py:188} INFO - [2025-10-29T18:01:00.681+0000] {dagbag.py:545} INFO - Filling up the DagBag from /opt/airflow/dags/etl_clickhouse.py
[2025-10-29T18:01:01.355+0000] {processor.py:840} INFO - DAG(s) 'move_data_to_clickhouse' retrieved from /opt/airflow/dags/etl_clickhouse.py
[2025-10-29T18:01:01.390+0000] {logging_mixin.py:188} INFO - [2025-10-29T18:01:01.390+0000] {dag.py:3096} INFO - Sync 1 DAGs
[2025-10-29T18:01:01.402+0000] {logging_mixin.py:188} INFO - [2025-10-29T18:01:01.402+0000] {dag.py:3954} INFO - Setting next_dagrun for move_data_to_clickhouse to None, run_after=None
[2025-10-29T18:01:01.426+0000] {processor.py:183} INFO - Processing /opt/airflow/dags/etl_clickhouse.py took 0.758 seconds
[2025-10-29T18:01:31.986+0000] {processor.py:161} INFO - Started process (PID=4004) to work on /opt/airflow/dags/etl_clickhouse.py
[2025-10-29T18:01:31.988+0000] {processor.py:830} INFO - Processing file /opt/airflow/dags/etl_clickhouse.py for tasks to queue
[2025-10-29T18:01:31.991+0000] {logging_mixin.py:188} INFO - [2025-10-29T18:01:31.991+0000] {dagbag.py:545} INFO - Filling up the DagBag from /opt/airflow/dags/etl_clickhouse.py
[2025-10-29T18:01:32.646+0000] {processor.py:840} INFO - DAG(s) 'move_data_to_clickhouse' retrieved from /opt/airflow/dags/etl_clickhouse.py
[2025-10-29T18:01:32.679+0000] {logging_mixin.py:188} INFO - [2025-10-29T18:01:32.678+0000] {dag.py:3096} INFO - Sync 1 DAGs
[2025-10-29T18:01:32.692+0000] {logging_mixin.py:188} INFO - [2025-10-29T18:01:32.691+0000] {dag.py:3954} INFO - Setting next_dagrun for move_data_to_clickhouse to None, run_after=None
[2025-10-29T18:01:32.715+0000] {processor.py:183} INFO - Processing /opt/airflow/dags/etl_clickhouse.py took 0.738 seconds
[2025-10-29T18:02:03.029+0000] {processor.py:161} INFO - Started process (PID=4016) to work on /opt/airflow/dags/etl_clickhouse.py
[2025-10-29T18:02:03.030+0000] {processor.py:830} INFO - Processing file /opt/airflow/dags/etl_clickhouse.py for tasks to queue
[2025-10-29T18:02:03.033+0000] {logging_mixin.py:188} INFO - [2025-10-29T18:02:03.032+0000] {dagbag.py:545} INFO - Filling up the DagBag from /opt/airflow/dags/etl_clickhouse.py
[2025-10-29T18:02:03.868+0000] {processor.py:840} INFO - DAG(s) 'move_data_to_clickhouse' retrieved from /opt/airflow/dags/etl_clickhouse.py
[2025-10-29T18:02:03.911+0000] {logging_mixin.py:188} INFO - [2025-10-29T18:02:03.910+0000] {dag.py:3096} INFO - Sync 1 DAGs
[2025-10-29T18:02:03.928+0000] {logging_mixin.py:188} INFO - [2025-10-29T18:02:03.928+0000] {dag.py:3954} INFO - Setting next_dagrun for move_data_to_clickhouse to None, run_after=None
[2025-10-29T18:02:03.956+0000] {processor.py:183} INFO - Processing /opt/airflow/dags/etl_clickhouse.py took 0.937 seconds
[2025-10-29T18:02:34.285+0000] {processor.py:161} INFO - Started process (PID=4028) to work on /opt/airflow/dags/etl_clickhouse.py
[2025-10-29T18:02:34.287+0000] {processor.py:830} INFO - Processing file /opt/airflow/dags/etl_clickhouse.py for tasks to queue
[2025-10-29T18:02:34.290+0000] {logging_mixin.py:188} INFO - [2025-10-29T18:02:34.289+0000] {dagbag.py:545} INFO - Filling up the DagBag from /opt/airflow/dags/etl_clickhouse.py
[2025-10-29T18:02:34.910+0000] {processor.py:840} INFO - DAG(s) 'move_data_to_clickhouse' retrieved from /opt/airflow/dags/etl_clickhouse.py
[2025-10-29T18:02:34.942+0000] {logging_mixin.py:188} INFO - [2025-10-29T18:02:34.942+0000] {dag.py:3096} INFO - Sync 1 DAGs
[2025-10-29T18:02:34.957+0000] {logging_mixin.py:188} INFO - [2025-10-29T18:02:34.956+0000] {dag.py:3954} INFO - Setting next_dagrun for move_data_to_clickhouse to None, run_after=None
[2025-10-29T18:02:34.981+0000] {processor.py:183} INFO - Processing /opt/airflow/dags/etl_clickhouse.py took 0.705 seconds
[2025-10-29T18:03:05.488+0000] {processor.py:161} INFO - Started process (PID=4040) to work on /opt/airflow/dags/etl_clickhouse.py
[2025-10-29T18:03:05.490+0000] {processor.py:830} INFO - Processing file /opt/airflow/dags/etl_clickhouse.py for tasks to queue
[2025-10-29T18:03:05.492+0000] {logging_mixin.py:188} INFO - [2025-10-29T18:03:05.492+0000] {dagbag.py:545} INFO - Filling up the DagBag from /opt/airflow/dags/etl_clickhouse.py
[2025-10-29T18:03:06.138+0000] {processor.py:840} INFO - DAG(s) 'move_data_to_clickhouse' retrieved from /opt/airflow/dags/etl_clickhouse.py
[2025-10-29T18:03:06.172+0000] {logging_mixin.py:188} INFO - [2025-10-29T18:03:06.171+0000] {dag.py:3096} INFO - Sync 1 DAGs
[2025-10-29T18:03:06.185+0000] {logging_mixin.py:188} INFO - [2025-10-29T18:03:06.184+0000] {dag.py:3954} INFO - Setting next_dagrun for move_data_to_clickhouse to None, run_after=None
[2025-10-29T18:03:06.208+0000] {processor.py:183} INFO - Processing /opt/airflow/dags/etl_clickhouse.py took 0.729 seconds
[2025-10-29T18:03:36.620+0000] {processor.py:161} INFO - Started process (PID=4052) to work on /opt/airflow/dags/etl_clickhouse.py
[2025-10-29T18:03:36.621+0000] {processor.py:830} INFO - Processing file /opt/airflow/dags/etl_clickhouse.py for tasks to queue
[2025-10-29T18:03:36.624+0000] {logging_mixin.py:188} INFO - [2025-10-29T18:03:36.623+0000] {dagbag.py:545} INFO - Filling up the DagBag from /opt/airflow/dags/etl_clickhouse.py
[2025-10-29T18:03:37.311+0000] {processor.py:840} INFO - DAG(s) 'move_data_to_clickhouse' retrieved from /opt/airflow/dags/etl_clickhouse.py
[2025-10-29T18:03:37.353+0000] {logging_mixin.py:188} INFO - [2025-10-29T18:03:37.352+0000] {dag.py:3096} INFO - Sync 1 DAGs
[2025-10-29T18:03:37.366+0000] {logging_mixin.py:188} INFO - [2025-10-29T18:03:37.366+0000] {dag.py:3954} INFO - Setting next_dagrun for move_data_to_clickhouse to None, run_after=None
[2025-10-29T18:03:37.388+0000] {processor.py:183} INFO - Processing /opt/airflow/dags/etl_clickhouse.py took 0.781 seconds
[2025-10-29T18:04:07.811+0000] {processor.py:161} INFO - Started process (PID=4064) to work on /opt/airflow/dags/etl_clickhouse.py
[2025-10-29T18:04:07.813+0000] {processor.py:830} INFO - Processing file /opt/airflow/dags/etl_clickhouse.py for tasks to queue
[2025-10-29T18:04:07.818+0000] {logging_mixin.py:188} INFO - [2025-10-29T18:04:07.817+0000] {dagbag.py:545} INFO - Filling up the DagBag from /opt/airflow/dags/etl_clickhouse.py
[2025-10-29T18:04:08.452+0000] {processor.py:840} INFO - DAG(s) 'move_data_to_clickhouse' retrieved from /opt/airflow/dags/etl_clickhouse.py
[2025-10-29T18:04:08.483+0000] {logging_mixin.py:188} INFO - [2025-10-29T18:04:08.483+0000] {dag.py:3096} INFO - Sync 1 DAGs
[2025-10-29T18:04:08.497+0000] {logging_mixin.py:188} INFO - [2025-10-29T18:04:08.496+0000] {dag.py:3954} INFO - Setting next_dagrun for move_data_to_clickhouse to None, run_after=None
[2025-10-29T18:04:08.520+0000] {processor.py:183} INFO - Processing /opt/airflow/dags/etl_clickhouse.py took 0.724 seconds
[2025-10-29T18:04:38.933+0000] {processor.py:161} INFO - Started process (PID=4076) to work on /opt/airflow/dags/etl_clickhouse.py
[2025-10-29T18:04:38.935+0000] {processor.py:830} INFO - Processing file /opt/airflow/dags/etl_clickhouse.py for tasks to queue
[2025-10-29T18:04:38.938+0000] {logging_mixin.py:188} INFO - [2025-10-29T18:04:38.937+0000] {dagbag.py:545} INFO - Filling up the DagBag from /opt/airflow/dags/etl_clickhouse.py
[2025-10-29T18:04:39.585+0000] {processor.py:840} INFO - DAG(s) 'move_data_to_clickhouse' retrieved from /opt/airflow/dags/etl_clickhouse.py
[2025-10-29T18:04:39.618+0000] {logging_mixin.py:188} INFO - [2025-10-29T18:04:39.617+0000] {dag.py:3096} INFO - Sync 1 DAGs
[2025-10-29T18:04:39.632+0000] {logging_mixin.py:188} INFO - [2025-10-29T18:04:39.632+0000] {dag.py:3954} INFO - Setting next_dagrun for move_data_to_clickhouse to None, run_after=None
[2025-10-29T18:04:39.656+0000] {processor.py:183} INFO - Processing /opt/airflow/dags/etl_clickhouse.py took 0.731 seconds
[2025-10-29T18:05:10.184+0000] {processor.py:161} INFO - Started process (PID=4088) to work on /opt/airflow/dags/etl_clickhouse.py
[2025-10-29T18:05:10.185+0000] {processor.py:830} INFO - Processing file /opt/airflow/dags/etl_clickhouse.py for tasks to queue
[2025-10-29T18:05:10.190+0000] {logging_mixin.py:188} INFO - [2025-10-29T18:05:10.189+0000] {dagbag.py:545} INFO - Filling up the DagBag from /opt/airflow/dags/etl_clickhouse.py
[2025-10-29T18:05:10.844+0000] {processor.py:840} INFO - DAG(s) 'move_data_to_clickhouse' retrieved from /opt/airflow/dags/etl_clickhouse.py
[2025-10-29T18:05:10.874+0000] {logging_mixin.py:188} INFO - [2025-10-29T18:05:10.874+0000] {dag.py:3096} INFO - Sync 1 DAGs
[2025-10-29T18:05:10.888+0000] {logging_mixin.py:188} INFO - [2025-10-29T18:05:10.888+0000] {dag.py:3954} INFO - Setting next_dagrun for move_data_to_clickhouse to None, run_after=None
[2025-10-29T18:05:10.911+0000] {processor.py:183} INFO - Processing /opt/airflow/dags/etl_clickhouse.py took 0.739 seconds
[2025-10-29T18:05:41.404+0000] {processor.py:161} INFO - Started process (PID=4100) to work on /opt/airflow/dags/etl_clickhouse.py
[2025-10-29T18:05:41.405+0000] {processor.py:830} INFO - Processing file /opt/airflow/dags/etl_clickhouse.py for tasks to queue
[2025-10-29T18:05:41.408+0000] {logging_mixin.py:188} INFO - [2025-10-29T18:05:41.407+0000] {dagbag.py:545} INFO - Filling up the DagBag from /opt/airflow/dags/etl_clickhouse.py
[2025-10-29T18:05:42.145+0000] {processor.py:840} INFO - DAG(s) 'move_data_to_clickhouse' retrieved from /opt/airflow/dags/etl_clickhouse.py
[2025-10-29T18:05:42.176+0000] {logging_mixin.py:188} INFO - [2025-10-29T18:05:42.176+0000] {dag.py:3096} INFO - Sync 1 DAGs
[2025-10-29T18:05:42.188+0000] {logging_mixin.py:188} INFO - [2025-10-29T18:05:42.188+0000] {dag.py:3954} INFO - Setting next_dagrun for move_data_to_clickhouse to None, run_after=None
[2025-10-29T18:05:42.210+0000] {processor.py:183} INFO - Processing /opt/airflow/dags/etl_clickhouse.py took 0.815 seconds
[2025-10-29T18:06:12.789+0000] {processor.py:161} INFO - Started process (PID=4112) to work on /opt/airflow/dags/etl_clickhouse.py
[2025-10-29T18:06:12.790+0000] {processor.py:830} INFO - Processing file /opt/airflow/dags/etl_clickhouse.py for tasks to queue
[2025-10-29T18:06:12.793+0000] {logging_mixin.py:188} INFO - [2025-10-29T18:06:12.793+0000] {dagbag.py:545} INFO - Filling up the DagBag from /opt/airflow/dags/etl_clickhouse.py
[2025-10-29T18:06:13.492+0000] {processor.py:840} INFO - DAG(s) 'move_data_to_clickhouse' retrieved from /opt/airflow/dags/etl_clickhouse.py
[2025-10-29T18:06:13.523+0000] {logging_mixin.py:188} INFO - [2025-10-29T18:06:13.523+0000] {dag.py:3096} INFO - Sync 1 DAGs
[2025-10-29T18:06:13.536+0000] {logging_mixin.py:188} INFO - [2025-10-29T18:06:13.536+0000] {dag.py:3954} INFO - Setting next_dagrun for move_data_to_clickhouse to None, run_after=None
[2025-10-29T18:06:13.561+0000] {processor.py:183} INFO - Processing /opt/airflow/dags/etl_clickhouse.py took 0.781 seconds
[2025-10-29T18:06:44.085+0000] {processor.py:161} INFO - Started process (PID=4124) to work on /opt/airflow/dags/etl_clickhouse.py
[2025-10-29T18:06:44.086+0000] {processor.py:830} INFO - Processing file /opt/airflow/dags/etl_clickhouse.py for tasks to queue
[2025-10-29T18:06:44.089+0000] {logging_mixin.py:188} INFO - [2025-10-29T18:06:44.088+0000] {dagbag.py:545} INFO - Filling up the DagBag from /opt/airflow/dags/etl_clickhouse.py
[2025-10-29T18:06:44.750+0000] {processor.py:840} INFO - DAG(s) 'move_data_to_clickhouse' retrieved from /opt/airflow/dags/etl_clickhouse.py
[2025-10-29T18:06:44.783+0000] {logging_mixin.py:188} INFO - [2025-10-29T18:06:44.783+0000] {dag.py:3096} INFO - Sync 1 DAGs
[2025-10-29T18:06:44.797+0000] {logging_mixin.py:188} INFO - [2025-10-29T18:06:44.796+0000] {dag.py:3954} INFO - Setting next_dagrun for move_data_to_clickhouse to None, run_after=None
[2025-10-29T18:06:44.822+0000] {processor.py:183} INFO - Processing /opt/airflow/dags/etl_clickhouse.py took 0.746 seconds
[2025-10-29T18:07:15.366+0000] {processor.py:161} INFO - Started process (PID=4136) to work on /opt/airflow/dags/etl_clickhouse.py
[2025-10-29T18:07:15.367+0000] {processor.py:830} INFO - Processing file /opt/airflow/dags/etl_clickhouse.py for tasks to queue
[2025-10-29T18:07:15.370+0000] {logging_mixin.py:188} INFO - [2025-10-29T18:07:15.369+0000] {dagbag.py:545} INFO - Filling up the DagBag from /opt/airflow/dags/etl_clickhouse.py
[2025-10-29T18:07:16.009+0000] {processor.py:840} INFO - DAG(s) 'move_data_to_clickhouse' retrieved from /opt/airflow/dags/etl_clickhouse.py
[2025-10-29T18:07:16.040+0000] {logging_mixin.py:188} INFO - [2025-10-29T18:07:16.040+0000] {dag.py:3096} INFO - Sync 1 DAGs
[2025-10-29T18:07:16.054+0000] {logging_mixin.py:188} INFO - [2025-10-29T18:07:16.054+0000] {dag.py:3954} INFO - Setting next_dagrun for move_data_to_clickhouse to None, run_after=None
[2025-10-29T18:07:16.085+0000] {processor.py:183} INFO - Processing /opt/airflow/dags/etl_clickhouse.py took 0.728 seconds
[2025-10-29T18:07:46.568+0000] {processor.py:161} INFO - Started process (PID=4148) to work on /opt/airflow/dags/etl_clickhouse.py
[2025-10-29T18:07:46.570+0000] {processor.py:830} INFO - Processing file /opt/airflow/dags/etl_clickhouse.py for tasks to queue
[2025-10-29T18:07:46.572+0000] {logging_mixin.py:188} INFO - [2025-10-29T18:07:46.572+0000] {dagbag.py:545} INFO - Filling up the DagBag from /opt/airflow/dags/etl_clickhouse.py
[2025-10-29T18:07:47.261+0000] {processor.py:840} INFO - DAG(s) 'move_data_to_clickhouse' retrieved from /opt/airflow/dags/etl_clickhouse.py
[2025-10-29T18:07:47.297+0000] {logging_mixin.py:188} INFO - [2025-10-29T18:07:47.296+0000] {dag.py:3096} INFO - Sync 1 DAGs
[2025-10-29T18:07:47.316+0000] {logging_mixin.py:188} INFO - [2025-10-29T18:07:47.316+0000] {dag.py:3954} INFO - Setting next_dagrun for move_data_to_clickhouse to None, run_after=None
[2025-10-29T18:07:47.348+0000] {processor.py:183} INFO - Processing /opt/airflow/dags/etl_clickhouse.py took 0.789 seconds
[2025-10-29T18:08:17.854+0000] {processor.py:161} INFO - Started process (PID=4160) to work on /opt/airflow/dags/etl_clickhouse.py
[2025-10-29T18:08:17.855+0000] {processor.py:830} INFO - Processing file /opt/airflow/dags/etl_clickhouse.py for tasks to queue
[2025-10-29T18:08:17.858+0000] {logging_mixin.py:188} INFO - [2025-10-29T18:08:17.857+0000] {dagbag.py:545} INFO - Filling up the DagBag from /opt/airflow/dags/etl_clickhouse.py
[2025-10-29T18:08:18.480+0000] {processor.py:840} INFO - DAG(s) 'move_data_to_clickhouse' retrieved from /opt/airflow/dags/etl_clickhouse.py
[2025-10-29T18:08:18.510+0000] {logging_mixin.py:188} INFO - [2025-10-29T18:08:18.509+0000] {dag.py:3096} INFO - Sync 1 DAGs
[2025-10-29T18:08:18.521+0000] {logging_mixin.py:188} INFO - [2025-10-29T18:08:18.521+0000] {dag.py:3954} INFO - Setting next_dagrun for move_data_to_clickhouse to None, run_after=None
[2025-10-29T18:08:18.543+0000] {processor.py:183} INFO - Processing /opt/airflow/dags/etl_clickhouse.py took 0.699 seconds
[2025-10-29T18:08:49.111+0000] {processor.py:161} INFO - Started process (PID=4172) to work on /opt/airflow/dags/etl_clickhouse.py
[2025-10-29T18:08:49.112+0000] {processor.py:830} INFO - Processing file /opt/airflow/dags/etl_clickhouse.py for tasks to queue
[2025-10-29T18:08:49.115+0000] {logging_mixin.py:188} INFO - [2025-10-29T18:08:49.114+0000] {dagbag.py:545} INFO - Filling up the DagBag from /opt/airflow/dags/etl_clickhouse.py
[2025-10-29T18:08:49.825+0000] {processor.py:840} INFO - DAG(s) 'move_data_to_clickhouse' retrieved from /opt/airflow/dags/etl_clickhouse.py
[2025-10-29T18:08:49.870+0000] {logging_mixin.py:188} INFO - [2025-10-29T18:08:49.870+0000] {dag.py:3096} INFO - Sync 1 DAGs
[2025-10-29T18:08:49.888+0000] {logging_mixin.py:188} INFO - [2025-10-29T18:08:49.888+0000] {dag.py:3954} INFO - Setting next_dagrun for move_data_to_clickhouse to None, run_after=None
[2025-10-29T18:08:49.910+0000] {processor.py:183} INFO - Processing /opt/airflow/dags/etl_clickhouse.py took 0.809 seconds
[2025-10-29T18:09:20.406+0000] {processor.py:161} INFO - Started process (PID=4184) to work on /opt/airflow/dags/etl_clickhouse.py
[2025-10-29T18:09:20.407+0000] {processor.py:830} INFO - Processing file /opt/airflow/dags/etl_clickhouse.py for tasks to queue
[2025-10-29T18:09:20.410+0000] {logging_mixin.py:188} INFO - [2025-10-29T18:09:20.409+0000] {dagbag.py:545} INFO - Filling up the DagBag from /opt/airflow/dags/etl_clickhouse.py
[2025-10-29T18:09:21.047+0000] {processor.py:840} INFO - DAG(s) 'move_data_to_clickhouse' retrieved from /opt/airflow/dags/etl_clickhouse.py
[2025-10-29T18:09:21.080+0000] {logging_mixin.py:188} INFO - [2025-10-29T18:09:21.079+0000] {dag.py:3096} INFO - Sync 1 DAGs
[2025-10-29T18:09:21.095+0000] {logging_mixin.py:188} INFO - [2025-10-29T18:09:21.095+0000] {dag.py:3954} INFO - Setting next_dagrun for move_data_to_clickhouse to None, run_after=None
[2025-10-29T18:09:21.119+0000] {processor.py:183} INFO - Processing /opt/airflow/dags/etl_clickhouse.py took 0.722 seconds
[2025-10-29T18:09:51.560+0000] {processor.py:161} INFO - Started process (PID=4196) to work on /opt/airflow/dags/etl_clickhouse.py
[2025-10-29T18:09:51.561+0000] {processor.py:830} INFO - Processing file /opt/airflow/dags/etl_clickhouse.py for tasks to queue
[2025-10-29T18:09:51.564+0000] {logging_mixin.py:188} INFO - [2025-10-29T18:09:51.563+0000] {dagbag.py:545} INFO - Filling up the DagBag from /opt/airflow/dags/etl_clickhouse.py
[2025-10-29T18:09:52.222+0000] {processor.py:840} INFO - DAG(s) 'move_data_to_clickhouse' retrieved from /opt/airflow/dags/etl_clickhouse.py
[2025-10-29T18:09:52.253+0000] {logging_mixin.py:188} INFO - [2025-10-29T18:09:52.253+0000] {dag.py:3096} INFO - Sync 1 DAGs
[2025-10-29T18:09:52.266+0000] {logging_mixin.py:188} INFO - [2025-10-29T18:09:52.265+0000] {dag.py:3954} INFO - Setting next_dagrun for move_data_to_clickhouse to None, run_after=None
[2025-10-29T18:09:52.291+0000] {processor.py:183} INFO - Processing /opt/airflow/dags/etl_clickhouse.py took 0.741 seconds
[2025-10-29T18:10:22.806+0000] {processor.py:161} INFO - Started process (PID=4208) to work on /opt/airflow/dags/etl_clickhouse.py
[2025-10-29T18:10:22.808+0000] {processor.py:830} INFO - Processing file /opt/airflow/dags/etl_clickhouse.py for tasks to queue
[2025-10-29T18:10:22.810+0000] {logging_mixin.py:188} INFO - [2025-10-29T18:10:22.810+0000] {dagbag.py:545} INFO - Filling up the DagBag from /opt/airflow/dags/etl_clickhouse.py
[2025-10-29T18:10:23.459+0000] {processor.py:840} INFO - DAG(s) 'move_data_to_clickhouse' retrieved from /opt/airflow/dags/etl_clickhouse.py
[2025-10-29T18:10:23.490+0000] {logging_mixin.py:188} INFO - [2025-10-29T18:10:23.490+0000] {dag.py:3096} INFO - Sync 1 DAGs
[2025-10-29T18:10:23.503+0000] {logging_mixin.py:188} INFO - [2025-10-29T18:10:23.502+0000] {dag.py:3954} INFO - Setting next_dagrun for move_data_to_clickhouse to None, run_after=None
[2025-10-29T18:10:23.524+0000] {processor.py:183} INFO - Processing /opt/airflow/dags/etl_clickhouse.py took 0.729 seconds
[2025-10-29T18:10:53.965+0000] {processor.py:161} INFO - Started process (PID=4220) to work on /opt/airflow/dags/etl_clickhouse.py
[2025-10-29T18:10:53.966+0000] {processor.py:830} INFO - Processing file /opt/airflow/dags/etl_clickhouse.py for tasks to queue
[2025-10-29T18:10:53.969+0000] {logging_mixin.py:188} INFO - [2025-10-29T18:10:53.969+0000] {dagbag.py:545} INFO - Filling up the DagBag from /opt/airflow/dags/etl_clickhouse.py
[2025-10-29T18:10:54.611+0000] {processor.py:840} INFO - DAG(s) 'move_data_to_clickhouse' retrieved from /opt/airflow/dags/etl_clickhouse.py
[2025-10-29T18:10:54.641+0000] {logging_mixin.py:188} INFO - [2025-10-29T18:10:54.640+0000] {dag.py:3096} INFO - Sync 1 DAGs
[2025-10-29T18:10:54.654+0000] {logging_mixin.py:188} INFO - [2025-10-29T18:10:54.653+0000] {dag.py:3954} INFO - Setting next_dagrun for move_data_to_clickhouse to None, run_after=None
[2025-10-29T18:10:54.678+0000] {processor.py:183} INFO - Processing /opt/airflow/dags/etl_clickhouse.py took 0.724 seconds
[2025-10-29T18:11:25.229+0000] {processor.py:161} INFO - Started process (PID=4232) to work on /opt/airflow/dags/etl_clickhouse.py
[2025-10-29T18:11:25.230+0000] {processor.py:830} INFO - Processing file /opt/airflow/dags/etl_clickhouse.py for tasks to queue
[2025-10-29T18:11:25.233+0000] {logging_mixin.py:188} INFO - [2025-10-29T18:11:25.232+0000] {dagbag.py:545} INFO - Filling up the DagBag from /opt/airflow/dags/etl_clickhouse.py
[2025-10-29T18:11:25.894+0000] {processor.py:840} INFO - DAG(s) 'move_data_to_clickhouse' retrieved from /opt/airflow/dags/etl_clickhouse.py
[2025-10-29T18:11:25.928+0000] {logging_mixin.py:188} INFO - [2025-10-29T18:11:25.927+0000] {dag.py:3096} INFO - Sync 1 DAGs
[2025-10-29T18:11:25.943+0000] {logging_mixin.py:188} INFO - [2025-10-29T18:11:25.942+0000] {dag.py:3954} INFO - Setting next_dagrun for move_data_to_clickhouse to None, run_after=None
[2025-10-29T18:11:25.966+0000] {processor.py:183} INFO - Processing /opt/airflow/dags/etl_clickhouse.py took 0.750 seconds
[2025-10-29T18:11:56.460+0000] {processor.py:161} INFO - Started process (PID=4244) to work on /opt/airflow/dags/etl_clickhouse.py
[2025-10-29T18:11:56.462+0000] {processor.py:830} INFO - Processing file /opt/airflow/dags/etl_clickhouse.py for tasks to queue
[2025-10-29T18:11:56.467+0000] {logging_mixin.py:188} INFO - [2025-10-29T18:11:56.466+0000] {dagbag.py:545} INFO - Filling up the DagBag from /opt/airflow/dags/etl_clickhouse.py
[2025-10-29T18:11:57.149+0000] {processor.py:840} INFO - DAG(s) 'move_data_to_clickhouse' retrieved from /opt/airflow/dags/etl_clickhouse.py
[2025-10-29T18:11:57.183+0000] {logging_mixin.py:188} INFO - [2025-10-29T18:11:57.183+0000] {dag.py:3096} INFO - Sync 1 DAGs
[2025-10-29T18:11:57.196+0000] {logging_mixin.py:188} INFO - [2025-10-29T18:11:57.196+0000] {dag.py:3954} INFO - Setting next_dagrun for move_data_to_clickhouse to None, run_after=None
[2025-10-29T18:11:57.218+0000] {processor.py:183} INFO - Processing /opt/airflow/dags/etl_clickhouse.py took 0.770 seconds
[2025-10-29T18:12:27.828+0000] {processor.py:161} INFO - Started process (PID=4256) to work on /opt/airflow/dags/etl_clickhouse.py
[2025-10-29T18:12:27.830+0000] {processor.py:830} INFO - Processing file /opt/airflow/dags/etl_clickhouse.py for tasks to queue
[2025-10-29T18:12:27.835+0000] {logging_mixin.py:188} INFO - [2025-10-29T18:12:27.834+0000] {dagbag.py:545} INFO - Filling up the DagBag from /opt/airflow/dags/etl_clickhouse.py
[2025-10-29T18:12:28.529+0000] {processor.py:840} INFO - DAG(s) 'move_data_to_clickhouse' retrieved from /opt/airflow/dags/etl_clickhouse.py
[2025-10-29T18:12:28.561+0000] {logging_mixin.py:188} INFO - [2025-10-29T18:12:28.560+0000] {dag.py:3096} INFO - Sync 1 DAGs
[2025-10-29T18:12:28.572+0000] {logging_mixin.py:188} INFO - [2025-10-29T18:12:28.572+0000] {dag.py:3954} INFO - Setting next_dagrun for move_data_to_clickhouse to None, run_after=None
[2025-10-29T18:12:28.597+0000] {processor.py:183} INFO - Processing /opt/airflow/dags/etl_clickhouse.py took 0.778 seconds
[2025-10-29T18:12:59.056+0000] {processor.py:161} INFO - Started process (PID=4268) to work on /opt/airflow/dags/etl_clickhouse.py
[2025-10-29T18:12:59.057+0000] {processor.py:830} INFO - Processing file /opt/airflow/dags/etl_clickhouse.py for tasks to queue
[2025-10-29T18:12:59.060+0000] {logging_mixin.py:188} INFO - [2025-10-29T18:12:59.060+0000] {dagbag.py:545} INFO - Filling up the DagBag from /opt/airflow/dags/etl_clickhouse.py
[2025-10-29T18:12:59.690+0000] {processor.py:840} INFO - DAG(s) 'move_data_to_clickhouse' retrieved from /opt/airflow/dags/etl_clickhouse.py
[2025-10-29T18:12:59.722+0000] {logging_mixin.py:188} INFO - [2025-10-29T18:12:59.721+0000] {dag.py:3096} INFO - Sync 1 DAGs
[2025-10-29T18:12:59.734+0000] {logging_mixin.py:188} INFO - [2025-10-29T18:12:59.734+0000] {dag.py:3954} INFO - Setting next_dagrun for move_data_to_clickhouse to None, run_after=None
[2025-10-29T18:12:59.758+0000] {processor.py:183} INFO - Processing /opt/airflow/dags/etl_clickhouse.py took 0.711 seconds
[2025-10-29T18:13:30.267+0000] {processor.py:161} INFO - Started process (PID=4280) to work on /opt/airflow/dags/etl_clickhouse.py
[2025-10-29T18:13:30.269+0000] {processor.py:830} INFO - Processing file /opt/airflow/dags/etl_clickhouse.py for tasks to queue
[2025-10-29T18:13:30.272+0000] {logging_mixin.py:188} INFO - [2025-10-29T18:13:30.271+0000] {dagbag.py:545} INFO - Filling up the DagBag from /opt/airflow/dags/etl_clickhouse.py
[2025-10-29T18:13:30.906+0000] {processor.py:840} INFO - DAG(s) 'move_data_to_clickhouse' retrieved from /opt/airflow/dags/etl_clickhouse.py
[2025-10-29T18:13:30.938+0000] {logging_mixin.py:188} INFO - [2025-10-29T18:13:30.938+0000] {dag.py:3096} INFO - Sync 1 DAGs
[2025-10-29T18:13:30.953+0000] {logging_mixin.py:188} INFO - [2025-10-29T18:13:30.952+0000] {dag.py:3954} INFO - Setting next_dagrun for move_data_to_clickhouse to None, run_after=None
[2025-10-29T18:13:30.975+0000] {processor.py:183} INFO - Processing /opt/airflow/dags/etl_clickhouse.py took 0.717 seconds
[2025-10-29T18:14:01.448+0000] {processor.py:161} INFO - Started process (PID=4292) to work on /opt/airflow/dags/etl_clickhouse.py
[2025-10-29T18:14:01.450+0000] {processor.py:830} INFO - Processing file /opt/airflow/dags/etl_clickhouse.py for tasks to queue
[2025-10-29T18:14:01.452+0000] {logging_mixin.py:188} INFO - [2025-10-29T18:14:01.452+0000] {dagbag.py:545} INFO - Filling up the DagBag from /opt/airflow/dags/etl_clickhouse.py
[2025-10-29T18:14:02.089+0000] {processor.py:840} INFO - DAG(s) 'move_data_to_clickhouse' retrieved from /opt/airflow/dags/etl_clickhouse.py
[2025-10-29T18:14:02.123+0000] {logging_mixin.py:188} INFO - [2025-10-29T18:14:02.122+0000] {dag.py:3096} INFO - Sync 1 DAGs
[2025-10-29T18:14:02.135+0000] {logging_mixin.py:188} INFO - [2025-10-29T18:14:02.134+0000] {dag.py:3954} INFO - Setting next_dagrun for move_data_to_clickhouse to None, run_after=None
[2025-10-29T18:14:02.156+0000] {processor.py:183} INFO - Processing /opt/airflow/dags/etl_clickhouse.py took 0.717 seconds
[2025-10-29T18:14:32.705+0000] {processor.py:161} INFO - Started process (PID=4304) to work on /opt/airflow/dags/etl_clickhouse.py
[2025-10-29T18:14:32.707+0000] {processor.py:830} INFO - Processing file /opt/airflow/dags/etl_clickhouse.py for tasks to queue
[2025-10-29T18:14:32.710+0000] {logging_mixin.py:188} INFO - [2025-10-29T18:14:32.709+0000] {dagbag.py:545} INFO - Filling up the DagBag from /opt/airflow/dags/etl_clickhouse.py
[2025-10-29T18:14:33.370+0000] {processor.py:840} INFO - DAG(s) 'move_data_to_clickhouse' retrieved from /opt/airflow/dags/etl_clickhouse.py
[2025-10-29T18:14:33.402+0000] {logging_mixin.py:188} INFO - [2025-10-29T18:14:33.402+0000] {dag.py:3096} INFO - Sync 1 DAGs
[2025-10-29T18:14:33.415+0000] {logging_mixin.py:188} INFO - [2025-10-29T18:14:33.415+0000] {dag.py:3954} INFO - Setting next_dagrun for move_data_to_clickhouse to None, run_after=None
[2025-10-29T18:14:33.437+0000] {processor.py:183} INFO - Processing /opt/airflow/dags/etl_clickhouse.py took 0.741 seconds
[2025-10-29T18:15:03.852+0000] {processor.py:161} INFO - Started process (PID=4316) to work on /opt/airflow/dags/etl_clickhouse.py
[2025-10-29T18:15:03.854+0000] {processor.py:830} INFO - Processing file /opt/airflow/dags/etl_clickhouse.py for tasks to queue
[2025-10-29T18:15:03.857+0000] {logging_mixin.py:188} INFO - [2025-10-29T18:15:03.856+0000] {dagbag.py:545} INFO - Filling up the DagBag from /opt/airflow/dags/etl_clickhouse.py
[2025-10-29T18:15:04.532+0000] {processor.py:840} INFO - DAG(s) 'move_data_to_clickhouse' retrieved from /opt/airflow/dags/etl_clickhouse.py
[2025-10-29T18:15:04.565+0000] {logging_mixin.py:188} INFO - [2025-10-29T18:15:04.564+0000] {dag.py:3096} INFO - Sync 1 DAGs
[2025-10-29T18:15:04.577+0000] {logging_mixin.py:188} INFO - [2025-10-29T18:15:04.577+0000] {dag.py:3954} INFO - Setting next_dagrun for move_data_to_clickhouse to None, run_after=None
[2025-10-29T18:15:04.604+0000] {processor.py:183} INFO - Processing /opt/airflow/dags/etl_clickhouse.py took 0.761 seconds
[2025-10-29T18:15:35.094+0000] {processor.py:161} INFO - Started process (PID=4328) to work on /opt/airflow/dags/etl_clickhouse.py
[2025-10-29T18:15:35.095+0000] {processor.py:830} INFO - Processing file /opt/airflow/dags/etl_clickhouse.py for tasks to queue
[2025-10-29T18:15:35.098+0000] {logging_mixin.py:188} INFO - [2025-10-29T18:15:35.097+0000] {dagbag.py:545} INFO - Filling up the DagBag from /opt/airflow/dags/etl_clickhouse.py
[2025-10-29T18:15:35.765+0000] {processor.py:840} INFO - DAG(s) 'move_data_to_clickhouse' retrieved from /opt/airflow/dags/etl_clickhouse.py
[2025-10-29T18:15:35.796+0000] {logging_mixin.py:188} INFO - [2025-10-29T18:15:35.796+0000] {dag.py:3096} INFO - Sync 1 DAGs
[2025-10-29T18:15:35.811+0000] {logging_mixin.py:188} INFO - [2025-10-29T18:15:35.811+0000] {dag.py:3954} INFO - Setting next_dagrun for move_data_to_clickhouse to None, run_after=None
[2025-10-29T18:15:35.836+0000] {processor.py:183} INFO - Processing /opt/airflow/dags/etl_clickhouse.py took 0.752 seconds
[2025-10-29T18:16:06.331+0000] {processor.py:161} INFO - Started process (PID=4340) to work on /opt/airflow/dags/etl_clickhouse.py
[2025-10-29T18:16:06.333+0000] {processor.py:830} INFO - Processing file /opt/airflow/dags/etl_clickhouse.py for tasks to queue
[2025-10-29T18:16:06.335+0000] {logging_mixin.py:188} INFO - [2025-10-29T18:16:06.335+0000] {dagbag.py:545} INFO - Filling up the DagBag from /opt/airflow/dags/etl_clickhouse.py
[2025-10-29T18:16:06.983+0000] {processor.py:840} INFO - DAG(s) 'move_data_to_clickhouse' retrieved from /opt/airflow/dags/etl_clickhouse.py
[2025-10-29T18:16:07.016+0000] {logging_mixin.py:188} INFO - [2025-10-29T18:16:07.016+0000] {dag.py:3096} INFO - Sync 1 DAGs
[2025-10-29T18:16:07.033+0000] {logging_mixin.py:188} INFO - [2025-10-29T18:16:07.032+0000] {dag.py:3954} INFO - Setting next_dagrun for move_data_to_clickhouse to None, run_after=None
[2025-10-29T18:16:07.059+0000] {processor.py:183} INFO - Processing /opt/airflow/dags/etl_clickhouse.py took 0.736 seconds
[2025-10-29T18:16:37.676+0000] {processor.py:161} INFO - Started process (PID=4352) to work on /opt/airflow/dags/etl_clickhouse.py
[2025-10-29T18:16:37.678+0000] {processor.py:830} INFO - Processing file /opt/airflow/dags/etl_clickhouse.py for tasks to queue
[2025-10-29T18:16:37.680+0000] {logging_mixin.py:188} INFO - [2025-10-29T18:16:37.680+0000] {dagbag.py:545} INFO - Filling up the DagBag from /opt/airflow/dags/etl_clickhouse.py
[2025-10-29T18:16:38.352+0000] {processor.py:840} INFO - DAG(s) 'move_data_to_clickhouse' retrieved from /opt/airflow/dags/etl_clickhouse.py
[2025-10-29T18:16:38.390+0000] {logging_mixin.py:188} INFO - [2025-10-29T18:16:38.390+0000] {dag.py:3096} INFO - Sync 1 DAGs
[2025-10-29T18:16:38.408+0000] {logging_mixin.py:188} INFO - [2025-10-29T18:16:38.407+0000] {dag.py:3954} INFO - Setting next_dagrun for move_data_to_clickhouse to None, run_after=None
[2025-10-29T18:16:38.431+0000] {processor.py:183} INFO - Processing /opt/airflow/dags/etl_clickhouse.py took 0.764 seconds
[2025-10-29T18:17:08.926+0000] {processor.py:161} INFO - Started process (PID=4364) to work on /opt/airflow/dags/etl_clickhouse.py
[2025-10-29T18:17:08.927+0000] {processor.py:830} INFO - Processing file /opt/airflow/dags/etl_clickhouse.py for tasks to queue
[2025-10-29T18:17:08.930+0000] {logging_mixin.py:188} INFO - [2025-10-29T18:17:08.929+0000] {dagbag.py:545} INFO - Filling up the DagBag from /opt/airflow/dags/etl_clickhouse.py
[2025-10-29T18:17:09.554+0000] {processor.py:840} INFO - DAG(s) 'move_data_to_clickhouse' retrieved from /opt/airflow/dags/etl_clickhouse.py
[2025-10-29T18:17:09.585+0000] {logging_mixin.py:188} INFO - [2025-10-29T18:17:09.585+0000] {dag.py:3096} INFO - Sync 1 DAGs
[2025-10-29T18:17:09.598+0000] {logging_mixin.py:188} INFO - [2025-10-29T18:17:09.598+0000] {dag.py:3954} INFO - Setting next_dagrun for move_data_to_clickhouse to None, run_after=None
[2025-10-29T18:17:09.622+0000] {processor.py:183} INFO - Processing /opt/airflow/dags/etl_clickhouse.py took 0.705 seconds
[2025-10-29T18:17:40.134+0000] {processor.py:161} INFO - Started process (PID=4376) to work on /opt/airflow/dags/etl_clickhouse.py
[2025-10-29T18:17:40.135+0000] {processor.py:830} INFO - Processing file /opt/airflow/dags/etl_clickhouse.py for tasks to queue
[2025-10-29T18:17:40.138+0000] {logging_mixin.py:188} INFO - [2025-10-29T18:17:40.138+0000] {dagbag.py:545} INFO - Filling up the DagBag from /opt/airflow/dags/etl_clickhouse.py
[2025-10-29T18:17:40.819+0000] {processor.py:840} INFO - DAG(s) 'move_data_to_clickhouse' retrieved from /opt/airflow/dags/etl_clickhouse.py
[2025-10-29T18:17:40.854+0000] {logging_mixin.py:188} INFO - [2025-10-29T18:17:40.854+0000] {dag.py:3096} INFO - Sync 1 DAGs
[2025-10-29T18:17:40.869+0000] {logging_mixin.py:188} INFO - [2025-10-29T18:17:40.868+0000] {dag.py:3954} INFO - Setting next_dagrun for move_data_to_clickhouse to None, run_after=None
[2025-10-29T18:17:40.897+0000] {processor.py:183} INFO - Processing /opt/airflow/dags/etl_clickhouse.py took 0.772 seconds
[2025-10-29T18:18:11.379+0000] {processor.py:161} INFO - Started process (PID=4388) to work on /opt/airflow/dags/etl_clickhouse.py
[2025-10-29T18:18:11.380+0000] {processor.py:830} INFO - Processing file /opt/airflow/dags/etl_clickhouse.py for tasks to queue
[2025-10-29T18:18:11.383+0000] {logging_mixin.py:188} INFO - [2025-10-29T18:18:11.382+0000] {dagbag.py:545} INFO - Filling up the DagBag from /opt/airflow/dags/etl_clickhouse.py
[2025-10-29T18:18:12.002+0000] {processor.py:840} INFO - DAG(s) 'move_data_to_clickhouse' retrieved from /opt/airflow/dags/etl_clickhouse.py
[2025-10-29T18:18:12.035+0000] {logging_mixin.py:188} INFO - [2025-10-29T18:18:12.034+0000] {dag.py:3096} INFO - Sync 1 DAGs
[2025-10-29T18:18:12.049+0000] {logging_mixin.py:188} INFO - [2025-10-29T18:18:12.049+0000] {dag.py:3954} INFO - Setting next_dagrun for move_data_to_clickhouse to None, run_after=None
[2025-10-29T18:18:12.072+0000] {processor.py:183} INFO - Processing /opt/airflow/dags/etl_clickhouse.py took 0.703 seconds
[2025-10-29T18:18:42.520+0000] {processor.py:161} INFO - Started process (PID=4400) to work on /opt/airflow/dags/etl_clickhouse.py
[2025-10-29T18:18:42.521+0000] {processor.py:830} INFO - Processing file /opt/airflow/dags/etl_clickhouse.py for tasks to queue
[2025-10-29T18:18:42.524+0000] {logging_mixin.py:188} INFO - [2025-10-29T18:18:42.523+0000] {dagbag.py:545} INFO - Filling up the DagBag from /opt/airflow/dags/etl_clickhouse.py
[2025-10-29T18:18:43.152+0000] {processor.py:840} INFO - DAG(s) 'move_data_to_clickhouse' retrieved from /opt/airflow/dags/etl_clickhouse.py
[2025-10-29T18:18:43.185+0000] {logging_mixin.py:188} INFO - [2025-10-29T18:18:43.184+0000] {dag.py:3096} INFO - Sync 1 DAGs
[2025-10-29T18:18:43.196+0000] {logging_mixin.py:188} INFO - [2025-10-29T18:18:43.196+0000] {dag.py:3954} INFO - Setting next_dagrun for move_data_to_clickhouse to None, run_after=None
[2025-10-29T18:18:43.221+0000] {processor.py:183} INFO - Processing /opt/airflow/dags/etl_clickhouse.py took 0.710 seconds
[2025-10-29T18:19:13.784+0000] {processor.py:161} INFO - Started process (PID=4412) to work on /opt/airflow/dags/etl_clickhouse.py
[2025-10-29T18:19:13.785+0000] {processor.py:830} INFO - Processing file /opt/airflow/dags/etl_clickhouse.py for tasks to queue
[2025-10-29T18:19:13.788+0000] {logging_mixin.py:188} INFO - [2025-10-29T18:19:13.787+0000] {dagbag.py:545} INFO - Filling up the DagBag from /opt/airflow/dags/etl_clickhouse.py
[2025-10-29T18:19:14.479+0000] {processor.py:840} INFO - DAG(s) 'move_data_to_clickhouse' retrieved from /opt/airflow/dags/etl_clickhouse.py
[2025-10-29T18:19:14.511+0000] {logging_mixin.py:188} INFO - [2025-10-29T18:19:14.511+0000] {dag.py:3096} INFO - Sync 1 DAGs
[2025-10-29T18:19:14.525+0000] {logging_mixin.py:188} INFO - [2025-10-29T18:19:14.524+0000] {dag.py:3954} INFO - Setting next_dagrun for move_data_to_clickhouse to None, run_after=None
[2025-10-29T18:19:14.549+0000] {processor.py:183} INFO - Processing /opt/airflow/dags/etl_clickhouse.py took 0.775 seconds
[2025-10-29T18:19:45.069+0000] {processor.py:161} INFO - Started process (PID=4424) to work on /opt/airflow/dags/etl_clickhouse.py
[2025-10-29T18:19:45.071+0000] {processor.py:830} INFO - Processing file /opt/airflow/dags/etl_clickhouse.py for tasks to queue
[2025-10-29T18:19:45.073+0000] {logging_mixin.py:188} INFO - [2025-10-29T18:19:45.073+0000] {dagbag.py:545} INFO - Filling up the DagBag from /opt/airflow/dags/etl_clickhouse.py
[2025-10-29T18:19:45.716+0000] {processor.py:840} INFO - DAG(s) 'move_data_to_clickhouse' retrieved from /opt/airflow/dags/etl_clickhouse.py
[2025-10-29T18:19:45.747+0000] {logging_mixin.py:188} INFO - [2025-10-29T18:19:45.747+0000] {dag.py:3096} INFO - Sync 1 DAGs
[2025-10-29T18:19:45.760+0000] {logging_mixin.py:188} INFO - [2025-10-29T18:19:45.760+0000] {dag.py:3954} INFO - Setting next_dagrun for move_data_to_clickhouse to None, run_after=None
[2025-10-29T18:19:45.786+0000] {processor.py:183} INFO - Processing /opt/airflow/dags/etl_clickhouse.py took 0.726 seconds
[2025-10-29T18:20:16.263+0000] {processor.py:161} INFO - Started process (PID=4436) to work on /opt/airflow/dags/etl_clickhouse.py
[2025-10-29T18:20:16.264+0000] {processor.py:830} INFO - Processing file /opt/airflow/dags/etl_clickhouse.py for tasks to queue
[2025-10-29T18:20:16.267+0000] {logging_mixin.py:188} INFO - [2025-10-29T18:20:16.267+0000] {dagbag.py:545} INFO - Filling up the DagBag from /opt/airflow/dags/etl_clickhouse.py
[2025-10-29T18:20:16.975+0000] {processor.py:840} INFO - DAG(s) 'move_data_to_clickhouse' retrieved from /opt/airflow/dags/etl_clickhouse.py
[2025-10-29T18:20:17.013+0000] {logging_mixin.py:188} INFO - [2025-10-29T18:20:17.013+0000] {dag.py:3096} INFO - Sync 1 DAGs
[2025-10-29T18:20:17.031+0000] {logging_mixin.py:188} INFO - [2025-10-29T18:20:17.030+0000] {dag.py:3954} INFO - Setting next_dagrun for move_data_to_clickhouse to None, run_after=None
[2025-10-29T18:20:17.060+0000] {processor.py:183} INFO - Processing /opt/airflow/dags/etl_clickhouse.py took 0.806 seconds
[2025-10-29T18:20:47.547+0000] {processor.py:161} INFO - Started process (PID=4448) to work on /opt/airflow/dags/etl_clickhouse.py
[2025-10-29T18:20:47.549+0000] {processor.py:830} INFO - Processing file /opt/airflow/dags/etl_clickhouse.py for tasks to queue
[2025-10-29T18:20:47.552+0000] {logging_mixin.py:188} INFO - [2025-10-29T18:20:47.551+0000] {dagbag.py:545} INFO - Filling up the DagBag from /opt/airflow/dags/etl_clickhouse.py
[2025-10-29T18:20:48.304+0000] {processor.py:840} INFO - DAG(s) 'move_data_to_clickhouse' retrieved from /opt/airflow/dags/etl_clickhouse.py
[2025-10-29T18:20:48.342+0000] {logging_mixin.py:188} INFO - [2025-10-29T18:20:48.342+0000] {dag.py:3096} INFO - Sync 1 DAGs
[2025-10-29T18:20:48.360+0000] {logging_mixin.py:188} INFO - [2025-10-29T18:20:48.360+0000] {dag.py:3954} INFO - Setting next_dagrun for move_data_to_clickhouse to None, run_after=None
[2025-10-29T18:20:48.390+0000] {processor.py:183} INFO - Processing /opt/airflow/dags/etl_clickhouse.py took 0.854 seconds
[2025-10-29T18:21:18.939+0000] {processor.py:161} INFO - Started process (PID=4460) to work on /opt/airflow/dags/etl_clickhouse.py
[2025-10-29T18:21:18.941+0000] {processor.py:830} INFO - Processing file /opt/airflow/dags/etl_clickhouse.py for tasks to queue
[2025-10-29T18:21:18.944+0000] {logging_mixin.py:188} INFO - [2025-10-29T18:21:18.944+0000] {dagbag.py:545} INFO - Filling up the DagBag from /opt/airflow/dags/etl_clickhouse.py
[2025-10-29T18:21:19.585+0000] {processor.py:840} INFO - DAG(s) 'move_data_to_clickhouse' retrieved from /opt/airflow/dags/etl_clickhouse.py
[2025-10-29T18:21:19.617+0000] {logging_mixin.py:188} INFO - [2025-10-29T18:21:19.617+0000] {dag.py:3096} INFO - Sync 1 DAGs
[2025-10-29T18:21:19.630+0000] {logging_mixin.py:188} INFO - [2025-10-29T18:21:19.630+0000] {dag.py:3954} INFO - Setting next_dagrun for move_data_to_clickhouse to None, run_after=None
[2025-10-29T18:21:19.660+0000] {processor.py:183} INFO - Processing /opt/airflow/dags/etl_clickhouse.py took 0.731 seconds
[2025-10-29T18:21:50.097+0000] {processor.py:161} INFO - Started process (PID=4472) to work on /opt/airflow/dags/etl_clickhouse.py
[2025-10-29T18:21:50.098+0000] {processor.py:830} INFO - Processing file /opt/airflow/dags/etl_clickhouse.py for tasks to queue
[2025-10-29T18:21:50.101+0000] {logging_mixin.py:188} INFO - [2025-10-29T18:21:50.100+0000] {dagbag.py:545} INFO - Filling up the DagBag from /opt/airflow/dags/etl_clickhouse.py
[2025-10-29T18:21:50.815+0000] {processor.py:840} INFO - DAG(s) 'move_data_to_clickhouse' retrieved from /opt/airflow/dags/etl_clickhouse.py
[2025-10-29T18:21:50.847+0000] {logging_mixin.py:188} INFO - [2025-10-29T18:21:50.846+0000] {dag.py:3096} INFO - Sync 1 DAGs
[2025-10-29T18:21:50.859+0000] {logging_mixin.py:188} INFO - [2025-10-29T18:21:50.859+0000] {dag.py:3954} INFO - Setting next_dagrun for move_data_to_clickhouse to None, run_after=None
[2025-10-29T18:21:50.885+0000] {processor.py:183} INFO - Processing /opt/airflow/dags/etl_clickhouse.py took 0.798 seconds
[2025-10-29T18:22:21.408+0000] {processor.py:161} INFO - Started process (PID=4484) to work on /opt/airflow/dags/etl_clickhouse.py
[2025-10-29T18:22:21.409+0000] {processor.py:830} INFO - Processing file /opt/airflow/dags/etl_clickhouse.py for tasks to queue
[2025-10-29T18:22:21.412+0000] {logging_mixin.py:188} INFO - [2025-10-29T18:22:21.412+0000] {dagbag.py:545} INFO - Filling up the DagBag from /opt/airflow/dags/etl_clickhouse.py
[2025-10-29T18:22:22.093+0000] {processor.py:840} INFO - DAG(s) 'move_data_to_clickhouse' retrieved from /opt/airflow/dags/etl_clickhouse.py
[2025-10-29T18:22:22.124+0000] {logging_mixin.py:188} INFO - [2025-10-29T18:22:22.123+0000] {dag.py:3096} INFO - Sync 1 DAGs
[2025-10-29T18:22:22.138+0000] {logging_mixin.py:188} INFO - [2025-10-29T18:22:22.138+0000] {dag.py:3954} INFO - Setting next_dagrun for move_data_to_clickhouse to None, run_after=None
[2025-10-29T18:22:22.162+0000] {processor.py:183} INFO - Processing /opt/airflow/dags/etl_clickhouse.py took 0.763 seconds
[2025-10-29T18:22:52.559+0000] {processor.py:161} INFO - Started process (PID=4496) to work on /opt/airflow/dags/etl_clickhouse.py
[2025-10-29T18:22:52.560+0000] {processor.py:830} INFO - Processing file /opt/airflow/dags/etl_clickhouse.py for tasks to queue
[2025-10-29T18:22:52.564+0000] {logging_mixin.py:188} INFO - [2025-10-29T18:22:52.563+0000] {dagbag.py:545} INFO - Filling up the DagBag from /opt/airflow/dags/etl_clickhouse.py
[2025-10-29T18:22:53.202+0000] {processor.py:840} INFO - DAG(s) 'move_data_to_clickhouse' retrieved from /opt/airflow/dags/etl_clickhouse.py
[2025-10-29T18:22:53.237+0000] {logging_mixin.py:188} INFO - [2025-10-29T18:22:53.237+0000] {dag.py:3096} INFO - Sync 1 DAGs
[2025-10-29T18:22:53.251+0000] {logging_mixin.py:188} INFO - [2025-10-29T18:22:53.251+0000] {dag.py:3954} INFO - Setting next_dagrun for move_data_to_clickhouse to None, run_after=None
[2025-10-29T18:22:53.276+0000] {processor.py:183} INFO - Processing /opt/airflow/dags/etl_clickhouse.py took 0.727 seconds
[2025-10-29T18:23:23.853+0000] {processor.py:161} INFO - Started process (PID=4508) to work on /opt/airflow/dags/etl_clickhouse.py
[2025-10-29T18:23:23.855+0000] {processor.py:830} INFO - Processing file /opt/airflow/dags/etl_clickhouse.py for tasks to queue
[2025-10-29T18:23:23.858+0000] {logging_mixin.py:188} INFO - [2025-10-29T18:23:23.858+0000] {dagbag.py:545} INFO - Filling up the DagBag from /opt/airflow/dags/etl_clickhouse.py
[2025-10-29T18:23:24.526+0000] {processor.py:840} INFO - DAG(s) 'move_data_to_clickhouse' retrieved from /opt/airflow/dags/etl_clickhouse.py
[2025-10-29T18:23:24.557+0000] {logging_mixin.py:188} INFO - [2025-10-29T18:23:24.556+0000] {dag.py:3096} INFO - Sync 1 DAGs
[2025-10-29T18:23:24.569+0000] {logging_mixin.py:188} INFO - [2025-10-29T18:23:24.568+0000] {dag.py:3954} INFO - Setting next_dagrun for move_data_to_clickhouse to None, run_after=None
[2025-10-29T18:23:24.592+0000] {processor.py:183} INFO - Processing /opt/airflow/dags/etl_clickhouse.py took 0.751 seconds
[2025-10-29T18:23:55.142+0000] {processor.py:161} INFO - Started process (PID=4520) to work on /opt/airflow/dags/etl_clickhouse.py
[2025-10-29T18:23:55.143+0000] {processor.py:830} INFO - Processing file /opt/airflow/dags/etl_clickhouse.py for tasks to queue
[2025-10-29T18:23:55.147+0000] {logging_mixin.py:188} INFO - [2025-10-29T18:23:55.146+0000] {dagbag.py:545} INFO - Filling up the DagBag from /opt/airflow/dags/etl_clickhouse.py
[2025-10-29T18:23:55.794+0000] {processor.py:840} INFO - DAG(s) 'move_data_to_clickhouse' retrieved from /opt/airflow/dags/etl_clickhouse.py
[2025-10-29T18:23:55.825+0000] {logging_mixin.py:188} INFO - [2025-10-29T18:23:55.824+0000] {dag.py:3096} INFO - Sync 1 DAGs
[2025-10-29T18:23:55.837+0000] {logging_mixin.py:188} INFO - [2025-10-29T18:23:55.837+0000] {dag.py:3954} INFO - Setting next_dagrun for move_data_to_clickhouse to None, run_after=None
[2025-10-29T18:23:55.861+0000] {processor.py:183} INFO - Processing /opt/airflow/dags/etl_clickhouse.py took 0.732 seconds
[2025-10-29T18:24:26.392+0000] {processor.py:161} INFO - Started process (PID=4532) to work on /opt/airflow/dags/etl_clickhouse.py
[2025-10-29T18:24:26.394+0000] {processor.py:830} INFO - Processing file /opt/airflow/dags/etl_clickhouse.py for tasks to queue
[2025-10-29T18:24:26.397+0000] {logging_mixin.py:188} INFO - [2025-10-29T18:24:26.396+0000] {dagbag.py:545} INFO - Filling up the DagBag from /opt/airflow/dags/etl_clickhouse.py
[2025-10-29T18:24:27.050+0000] {processor.py:840} INFO - DAG(s) 'move_data_to_clickhouse' retrieved from /opt/airflow/dags/etl_clickhouse.py
[2025-10-29T18:24:27.081+0000] {logging_mixin.py:188} INFO - [2025-10-29T18:24:27.080+0000] {dag.py:3096} INFO - Sync 1 DAGs
[2025-10-29T18:24:27.094+0000] {logging_mixin.py:188} INFO - [2025-10-29T18:24:27.094+0000] {dag.py:3954} INFO - Setting next_dagrun for move_data_to_clickhouse to None, run_after=None
[2025-10-29T18:24:27.116+0000] {processor.py:183} INFO - Processing /opt/airflow/dags/etl_clickhouse.py took 0.732 seconds
[2025-10-29T18:24:57.632+0000] {processor.py:161} INFO - Started process (PID=4544) to work on /opt/airflow/dags/etl_clickhouse.py
[2025-10-29T18:24:57.634+0000] {processor.py:830} INFO - Processing file /opt/airflow/dags/etl_clickhouse.py for tasks to queue
[2025-10-29T18:24:57.636+0000] {logging_mixin.py:188} INFO - [2025-10-29T18:24:57.636+0000] {dagbag.py:545} INFO - Filling up the DagBag from /opt/airflow/dags/etl_clickhouse.py
[2025-10-29T18:24:58.349+0000] {processor.py:840} INFO - DAG(s) 'move_data_to_clickhouse' retrieved from /opt/airflow/dags/etl_clickhouse.py
[2025-10-29T18:24:58.382+0000] {logging_mixin.py:188} INFO - [2025-10-29T18:24:58.381+0000] {dag.py:3096} INFO - Sync 1 DAGs
[2025-10-29T18:24:58.395+0000] {logging_mixin.py:188} INFO - [2025-10-29T18:24:58.395+0000] {dag.py:3954} INFO - Setting next_dagrun for move_data_to_clickhouse to None, run_after=None
[2025-10-29T18:24:58.420+0000] {processor.py:183} INFO - Processing /opt/airflow/dags/etl_clickhouse.py took 0.797 seconds
[2025-10-29T18:25:28.927+0000] {processor.py:161} INFO - Started process (PID=4556) to work on /opt/airflow/dags/etl_clickhouse.py
[2025-10-29T18:25:28.929+0000] {processor.py:830} INFO - Processing file /opt/airflow/dags/etl_clickhouse.py for tasks to queue
[2025-10-29T18:25:28.933+0000] {logging_mixin.py:188} INFO - [2025-10-29T18:25:28.932+0000] {dagbag.py:545} INFO - Filling up the DagBag from /opt/airflow/dags/etl_clickhouse.py
[2025-10-29T18:25:29.657+0000] {processor.py:840} INFO - DAG(s) 'move_data_to_clickhouse' retrieved from /opt/airflow/dags/etl_clickhouse.py
[2025-10-29T18:25:29.692+0000] {logging_mixin.py:188} INFO - [2025-10-29T18:25:29.692+0000] {dag.py:3096} INFO - Sync 1 DAGs
[2025-10-29T18:25:29.710+0000] {logging_mixin.py:188} INFO - [2025-10-29T18:25:29.709+0000] {dag.py:3954} INFO - Setting next_dagrun for move_data_to_clickhouse to None, run_after=None
[2025-10-29T18:25:29.739+0000] {processor.py:183} INFO - Processing /opt/airflow/dags/etl_clickhouse.py took 0.825 seconds
[2025-10-29T18:26:00.262+0000] {processor.py:161} INFO - Started process (PID=4568) to work on /opt/airflow/dags/etl_clickhouse.py
[2025-10-29T18:26:00.264+0000] {processor.py:830} INFO - Processing file /opt/airflow/dags/etl_clickhouse.py for tasks to queue
[2025-10-29T18:26:00.267+0000] {logging_mixin.py:188} INFO - [2025-10-29T18:26:00.267+0000] {dagbag.py:545} INFO - Filling up the DagBag from /opt/airflow/dags/etl_clickhouse.py
[2025-10-29T18:26:00.940+0000] {processor.py:840} INFO - DAG(s) 'move_data_to_clickhouse' retrieved from /opt/airflow/dags/etl_clickhouse.py
[2025-10-29T18:26:00.973+0000] {logging_mixin.py:188} INFO - [2025-10-29T18:26:00.972+0000] {dag.py:3096} INFO - Sync 1 DAGs
[2025-10-29T18:26:00.986+0000] {logging_mixin.py:188} INFO - [2025-10-29T18:26:00.985+0000] {dag.py:3954} INFO - Setting next_dagrun for move_data_to_clickhouse to None, run_after=None
[2025-10-29T18:26:01.011+0000] {processor.py:183} INFO - Processing /opt/airflow/dags/etl_clickhouse.py took 0.760 seconds
[2025-10-29T18:26:31.528+0000] {processor.py:161} INFO - Started process (PID=4580) to work on /opt/airflow/dags/etl_clickhouse.py
[2025-10-29T18:26:31.530+0000] {processor.py:830} INFO - Processing file /opt/airflow/dags/etl_clickhouse.py for tasks to queue
[2025-10-29T18:26:31.533+0000] {logging_mixin.py:188} INFO - [2025-10-29T18:26:31.533+0000] {dagbag.py:545} INFO - Filling up the DagBag from /opt/airflow/dags/etl_clickhouse.py
[2025-10-29T18:26:32.201+0000] {processor.py:840} INFO - DAG(s) 'move_data_to_clickhouse' retrieved from /opt/airflow/dags/etl_clickhouse.py
[2025-10-29T18:26:32.232+0000] {logging_mixin.py:188} INFO - [2025-10-29T18:26:32.231+0000] {dag.py:3096} INFO - Sync 1 DAGs
[2025-10-29T18:26:32.245+0000] {logging_mixin.py:188} INFO - [2025-10-29T18:26:32.244+0000] {dag.py:3954} INFO - Setting next_dagrun for move_data_to_clickhouse to None, run_after=None
[2025-10-29T18:26:32.270+0000] {processor.py:183} INFO - Processing /opt/airflow/dags/etl_clickhouse.py took 0.753 seconds
[2025-10-29T18:27:02.798+0000] {processor.py:161} INFO - Started process (PID=4592) to work on /opt/airflow/dags/etl_clickhouse.py
[2025-10-29T18:27:02.801+0000] {processor.py:830} INFO - Processing file /opt/airflow/dags/etl_clickhouse.py for tasks to queue
[2025-10-29T18:27:02.805+0000] {logging_mixin.py:188} INFO - [2025-10-29T18:27:02.804+0000] {dagbag.py:545} INFO - Filling up the DagBag from /opt/airflow/dags/etl_clickhouse.py
[2025-10-29T18:27:03.501+0000] {processor.py:840} INFO - DAG(s) 'move_data_to_clickhouse' retrieved from /opt/airflow/dags/etl_clickhouse.py
[2025-10-29T18:27:03.535+0000] {logging_mixin.py:188} INFO - [2025-10-29T18:27:03.534+0000] {dag.py:3096} INFO - Sync 1 DAGs
[2025-10-29T18:27:03.547+0000] {logging_mixin.py:188} INFO - [2025-10-29T18:27:03.547+0000] {dag.py:3954} INFO - Setting next_dagrun for move_data_to_clickhouse to None, run_after=None
[2025-10-29T18:27:03.570+0000] {processor.py:183} INFO - Processing /opt/airflow/dags/etl_clickhouse.py took 0.783 seconds
[2025-10-29T18:27:34.074+0000] {processor.py:161} INFO - Started process (PID=4604) to work on /opt/airflow/dags/etl_clickhouse.py
[2025-10-29T18:27:34.076+0000] {processor.py:830} INFO - Processing file /opt/airflow/dags/etl_clickhouse.py for tasks to queue
[2025-10-29T18:27:34.079+0000] {logging_mixin.py:188} INFO - [2025-10-29T18:27:34.078+0000] {dagbag.py:545} INFO - Filling up the DagBag from /opt/airflow/dags/etl_clickhouse.py
[2025-10-29T18:27:34.745+0000] {processor.py:840} INFO - DAG(s) 'move_data_to_clickhouse' retrieved from /opt/airflow/dags/etl_clickhouse.py
[2025-10-29T18:27:34.776+0000] {logging_mixin.py:188} INFO - [2025-10-29T18:27:34.776+0000] {dag.py:3096} INFO - Sync 1 DAGs
[2025-10-29T18:27:34.788+0000] {logging_mixin.py:188} INFO - [2025-10-29T18:27:34.788+0000] {dag.py:3954} INFO - Setting next_dagrun for move_data_to_clickhouse to None, run_after=None
[2025-10-29T18:27:34.812+0000] {processor.py:183} INFO - Processing /opt/airflow/dags/etl_clickhouse.py took 0.747 seconds
[2025-10-29T18:28:05.243+0000] {processor.py:161} INFO - Started process (PID=4616) to work on /opt/airflow/dags/etl_clickhouse.py
[2025-10-29T18:28:05.245+0000] {processor.py:830} INFO - Processing file /opt/airflow/dags/etl_clickhouse.py for tasks to queue
[2025-10-29T18:28:05.247+0000] {logging_mixin.py:188} INFO - [2025-10-29T18:28:05.247+0000] {dagbag.py:545} INFO - Filling up the DagBag from /opt/airflow/dags/etl_clickhouse.py
[2025-10-29T18:28:05.917+0000] {processor.py:840} INFO - DAG(s) 'move_data_to_clickhouse' retrieved from /opt/airflow/dags/etl_clickhouse.py
[2025-10-29T18:28:05.950+0000] {logging_mixin.py:188} INFO - [2025-10-29T18:28:05.950+0000] {dag.py:3096} INFO - Sync 1 DAGs
[2025-10-29T18:28:05.963+0000] {logging_mixin.py:188} INFO - [2025-10-29T18:28:05.963+0000] {dag.py:3954} INFO - Setting next_dagrun for move_data_to_clickhouse to None, run_after=None
[2025-10-29T18:28:05.987+0000] {processor.py:183} INFO - Processing /opt/airflow/dags/etl_clickhouse.py took 0.752 seconds
[2025-10-29T18:28:36.478+0000] {processor.py:161} INFO - Started process (PID=4628) to work on /opt/airflow/dags/etl_clickhouse.py
[2025-10-29T18:28:36.479+0000] {processor.py:830} INFO - Processing file /opt/airflow/dags/etl_clickhouse.py for tasks to queue
[2025-10-29T18:28:36.482+0000] {logging_mixin.py:188} INFO - [2025-10-29T18:28:36.481+0000] {dagbag.py:545} INFO - Filling up the DagBag from /opt/airflow/dags/etl_clickhouse.py
[2025-10-29T18:28:37.148+0000] {processor.py:840} INFO - DAG(s) 'move_data_to_clickhouse' retrieved from /opt/airflow/dags/etl_clickhouse.py
[2025-10-29T18:28:37.181+0000] {logging_mixin.py:188} INFO - [2025-10-29T18:28:37.180+0000] {dag.py:3096} INFO - Sync 1 DAGs
[2025-10-29T18:28:37.193+0000] {logging_mixin.py:188} INFO - [2025-10-29T18:28:37.193+0000] {dag.py:3954} INFO - Setting next_dagrun for move_data_to_clickhouse to None, run_after=None
[2025-10-29T18:28:37.218+0000] {processor.py:183} INFO - Processing /opt/airflow/dags/etl_clickhouse.py took 0.750 seconds
[2025-10-29T18:29:07.619+0000] {processor.py:161} INFO - Started process (PID=4640) to work on /opt/airflow/dags/etl_clickhouse.py
[2025-10-29T18:29:07.621+0000] {processor.py:830} INFO - Processing file /opt/airflow/dags/etl_clickhouse.py for tasks to queue
[2025-10-29T18:29:07.624+0000] {logging_mixin.py:188} INFO - [2025-10-29T18:29:07.623+0000] {dagbag.py:545} INFO - Filling up the DagBag from /opt/airflow/dags/etl_clickhouse.py
[2025-10-29T18:29:08.313+0000] {processor.py:840} INFO - DAG(s) 'move_data_to_clickhouse' retrieved from /opt/airflow/dags/etl_clickhouse.py
[2025-10-29T18:29:08.345+0000] {logging_mixin.py:188} INFO - [2025-10-29T18:29:08.345+0000] {dag.py:3096} INFO - Sync 1 DAGs
[2025-10-29T18:29:08.360+0000] {logging_mixin.py:188} INFO - [2025-10-29T18:29:08.360+0000] {dag.py:3954} INFO - Setting next_dagrun for move_data_to_clickhouse to None, run_after=None
[2025-10-29T18:29:08.383+0000] {processor.py:183} INFO - Processing /opt/airflow/dags/etl_clickhouse.py took 0.772 seconds
[2025-10-29T18:29:38.897+0000] {processor.py:161} INFO - Started process (PID=4652) to work on /opt/airflow/dags/etl_clickhouse.py
[2025-10-29T18:29:38.899+0000] {processor.py:830} INFO - Processing file /opt/airflow/dags/etl_clickhouse.py for tasks to queue
[2025-10-29T18:29:38.903+0000] {logging_mixin.py:188} INFO - [2025-10-29T18:29:38.902+0000] {dagbag.py:545} INFO - Filling up the DagBag from /opt/airflow/dags/etl_clickhouse.py
[2025-10-29T18:29:39.558+0000] {processor.py:840} INFO - DAG(s) 'move_data_to_clickhouse' retrieved from /opt/airflow/dags/etl_clickhouse.py
[2025-10-29T18:29:39.592+0000] {logging_mixin.py:188} INFO - [2025-10-29T18:29:39.591+0000] {dag.py:3096} INFO - Sync 1 DAGs
[2025-10-29T18:29:39.604+0000] {logging_mixin.py:188} INFO - [2025-10-29T18:29:39.604+0000] {dag.py:3954} INFO - Setting next_dagrun for move_data_to_clickhouse to None, run_after=None
[2025-10-29T18:29:39.628+0000] {processor.py:183} INFO - Processing /opt/airflow/dags/etl_clickhouse.py took 0.741 seconds
[2025-10-29T18:30:10.099+0000] {processor.py:161} INFO - Started process (PID=4664) to work on /opt/airflow/dags/etl_clickhouse.py
[2025-10-29T18:30:10.101+0000] {processor.py:830} INFO - Processing file /opt/airflow/dags/etl_clickhouse.py for tasks to queue
[2025-10-29T18:30:10.104+0000] {logging_mixin.py:188} INFO - [2025-10-29T18:30:10.103+0000] {dagbag.py:545} INFO - Filling up the DagBag from /opt/airflow/dags/etl_clickhouse.py
[2025-10-29T18:30:10.831+0000] {processor.py:840} INFO - DAG(s) 'move_data_to_clickhouse' retrieved from /opt/airflow/dags/etl_clickhouse.py
[2025-10-29T18:30:10.868+0000] {logging_mixin.py:188} INFO - [2025-10-29T18:30:10.868+0000] {dag.py:3096} INFO - Sync 1 DAGs
[2025-10-29T18:30:10.887+0000] {logging_mixin.py:188} INFO - [2025-10-29T18:30:10.886+0000] {dag.py:3954} INFO - Setting next_dagrun for move_data_to_clickhouse to None, run_after=None
[2025-10-29T18:30:10.912+0000] {processor.py:183} INFO - Processing /opt/airflow/dags/etl_clickhouse.py took 0.823 seconds
[2025-10-29T18:30:41.392+0000] {processor.py:161} INFO - Started process (PID=4676) to work on /opt/airflow/dags/etl_clickhouse.py
[2025-10-29T18:30:41.394+0000] {processor.py:830} INFO - Processing file /opt/airflow/dags/etl_clickhouse.py for tasks to queue
[2025-10-29T18:30:41.396+0000] {logging_mixin.py:188} INFO - [2025-10-29T18:30:41.396+0000] {dagbag.py:545} INFO - Filling up the DagBag from /opt/airflow/dags/etl_clickhouse.py
[2025-10-29T18:30:42.035+0000] {processor.py:840} INFO - DAG(s) 'move_data_to_clickhouse' retrieved from /opt/airflow/dags/etl_clickhouse.py
[2025-10-29T18:30:42.066+0000] {logging_mixin.py:188} INFO - [2025-10-29T18:30:42.066+0000] {dag.py:3096} INFO - Sync 1 DAGs
[2025-10-29T18:30:42.078+0000] {logging_mixin.py:188} INFO - [2025-10-29T18:30:42.078+0000] {dag.py:3954} INFO - Setting next_dagrun for move_data_to_clickhouse to None, run_after=None
[2025-10-29T18:30:42.106+0000] {processor.py:183} INFO - Processing /opt/airflow/dags/etl_clickhouse.py took 0.723 seconds
[2025-10-29T18:31:12.663+0000] {processor.py:161} INFO - Started process (PID=4688) to work on /opt/airflow/dags/etl_clickhouse.py
[2025-10-29T18:31:12.665+0000] {processor.py:830} INFO - Processing file /opt/airflow/dags/etl_clickhouse.py for tasks to queue
[2025-10-29T18:31:12.669+0000] {logging_mixin.py:188} INFO - [2025-10-29T18:31:12.669+0000] {dagbag.py:545} INFO - Filling up the DagBag from /opt/airflow/dags/etl_clickhouse.py
[2025-10-29T18:31:13.323+0000] {processor.py:840} INFO - DAG(s) 'move_data_to_clickhouse' retrieved from /opt/airflow/dags/etl_clickhouse.py
[2025-10-29T18:31:13.354+0000] {logging_mixin.py:188} INFO - [2025-10-29T18:31:13.353+0000] {dag.py:3096} INFO - Sync 1 DAGs
[2025-10-29T18:31:13.367+0000] {logging_mixin.py:188} INFO - [2025-10-29T18:31:13.367+0000] {dag.py:3954} INFO - Setting next_dagrun for move_data_to_clickhouse to None, run_after=None
[2025-10-29T18:31:13.391+0000] {processor.py:183} INFO - Processing /opt/airflow/dags/etl_clickhouse.py took 0.740 seconds
[2025-10-29T18:31:44.031+0000] {processor.py:161} INFO - Started process (PID=4700) to work on /opt/airflow/dags/etl_clickhouse.py
[2025-10-29T18:31:44.033+0000] {processor.py:830} INFO - Processing file /opt/airflow/dags/etl_clickhouse.py for tasks to queue
[2025-10-29T18:31:44.036+0000] {logging_mixin.py:188} INFO - [2025-10-29T18:31:44.035+0000] {dagbag.py:545} INFO - Filling up the DagBag from /opt/airflow/dags/etl_clickhouse.py
[2025-10-29T18:31:44.742+0000] {processor.py:840} INFO - DAG(s) 'move_data_to_clickhouse' retrieved from /opt/airflow/dags/etl_clickhouse.py
[2025-10-29T18:31:44.774+0000] {logging_mixin.py:188} INFO - [2025-10-29T18:31:44.773+0000] {dag.py:3096} INFO - Sync 1 DAGs
[2025-10-29T18:31:44.786+0000] {logging_mixin.py:188} INFO - [2025-10-29T18:31:44.785+0000] {dag.py:3954} INFO - Setting next_dagrun for move_data_to_clickhouse to None, run_after=None
[2025-10-29T18:31:44.809+0000] {processor.py:183} INFO - Processing /opt/airflow/dags/etl_clickhouse.py took 0.787 seconds
[2025-10-29T18:32:15.283+0000] {processor.py:161} INFO - Started process (PID=4712) to work on /opt/airflow/dags/etl_clickhouse.py
[2025-10-29T18:32:15.284+0000] {processor.py:830} INFO - Processing file /opt/airflow/dags/etl_clickhouse.py for tasks to queue
[2025-10-29T18:32:15.287+0000] {logging_mixin.py:188} INFO - [2025-10-29T18:32:15.286+0000] {dagbag.py:545} INFO - Filling up the DagBag from /opt/airflow/dags/etl_clickhouse.py
[2025-10-29T18:32:15.970+0000] {processor.py:840} INFO - DAG(s) 'move_data_to_clickhouse' retrieved from /opt/airflow/dags/etl_clickhouse.py
[2025-10-29T18:32:16.002+0000] {logging_mixin.py:188} INFO - [2025-10-29T18:32:16.001+0000] {dag.py:3096} INFO - Sync 1 DAGs
[2025-10-29T18:32:16.015+0000] {logging_mixin.py:188} INFO - [2025-10-29T18:32:16.015+0000] {dag.py:3954} INFO - Setting next_dagrun for move_data_to_clickhouse to None, run_after=None
[2025-10-29T18:32:16.040+0000] {processor.py:183} INFO - Processing /opt/airflow/dags/etl_clickhouse.py took 0.766 seconds
[2025-10-29T18:32:46.314+0000] {processor.py:161} INFO - Started process (PID=4724) to work on /opt/airflow/dags/etl_clickhouse.py
[2025-10-29T18:32:46.316+0000] {processor.py:830} INFO - Processing file /opt/airflow/dags/etl_clickhouse.py for tasks to queue
[2025-10-29T18:32:46.320+0000] {logging_mixin.py:188} INFO - [2025-10-29T18:32:46.320+0000] {dagbag.py:545} INFO - Filling up the DagBag from /opt/airflow/dags/etl_clickhouse.py
[2025-10-29T18:32:47.153+0000] {processor.py:840} INFO - DAG(s) 'move_data_to_clickhouse' retrieved from /opt/airflow/dags/etl_clickhouse.py
[2025-10-29T18:32:47.199+0000] {logging_mixin.py:188} INFO - [2025-10-29T18:32:47.198+0000] {dag.py:3096} INFO - Sync 1 DAGs
[2025-10-29T18:32:47.227+0000] {logging_mixin.py:188} INFO - [2025-10-29T18:32:47.227+0000] {dag.py:3954} INFO - Setting next_dagrun for move_data_to_clickhouse to None, run_after=None
[2025-10-29T18:32:47.277+0000] {processor.py:183} INFO - Processing /opt/airflow/dags/etl_clickhouse.py took 0.974 seconds
[2025-10-29T18:33:17.676+0000] {processor.py:161} INFO - Started process (PID=4736) to work on /opt/airflow/dags/etl_clickhouse.py
[2025-10-29T18:33:18.411+0000] {processor.py:830} INFO - Processing file /opt/airflow/dags/etl_clickhouse.py for tasks to queue
[2025-10-29T18:33:18.417+0000] {logging_mixin.py:188} INFO - [2025-10-29T18:33:18.416+0000] {dagbag.py:545} INFO - Filling up the DagBag from /opt/airflow/dags/etl_clickhouse.py
[2025-10-29T18:33:19.353+0000] {processor.py:840} INFO - DAG(s) 'move_data_to_clickhouse' retrieved from /opt/airflow/dags/etl_clickhouse.py
[2025-10-29T18:33:19.384+0000] {logging_mixin.py:188} INFO - [2025-10-29T18:33:19.384+0000] {dag.py:3096} INFO - Sync 1 DAGs
[2025-10-29T18:33:19.397+0000] {logging_mixin.py:188} INFO - [2025-10-29T18:33:19.397+0000] {dag.py:3954} INFO - Setting next_dagrun for move_data_to_clickhouse to None, run_after=None
[2025-10-29T18:33:23.157+0000] {processor.py:183} INFO - Processing /opt/airflow/dags/etl_clickhouse.py took 5.490 seconds
[2025-10-29T18:33:53.512+0000] {processor.py:161} INFO - Started process (PID=4748) to work on /opt/airflow/dags/etl_clickhouse.py
[2025-10-29T18:34:03.488+0000] {processor.py:830} INFO - Processing file /opt/airflow/dags/etl_clickhouse.py for tasks to queue
[2025-10-29T18:34:03.492+0000] {logging_mixin.py:188} INFO - [2025-10-29T18:34:03.492+0000] {dagbag.py:545} INFO - Filling up the DagBag from /opt/airflow/dags/etl_clickhouse.py
[2025-10-29T18:34:04.310+0000] {processor.py:840} INFO - DAG(s) 'move_data_to_clickhouse' retrieved from /opt/airflow/dags/etl_clickhouse.py
[2025-10-29T18:34:04.356+0000] {logging_mixin.py:188} INFO - [2025-10-29T18:34:04.355+0000] {dag.py:3096} INFO - Sync 1 DAGs
[2025-10-29T18:34:04.393+0000] {logging_mixin.py:188} INFO - [2025-10-29T18:34:04.392+0000] {dag.py:3954} INFO - Setting next_dagrun for move_data_to_clickhouse to None, run_after=None
[2025-10-29T18:34:04.497+0000] {processor.py:183} INFO - Processing /opt/airflow/dags/etl_clickhouse.py took 10.998 seconds
[2025-10-29T18:34:34.831+0000] {processor.py:161} INFO - Started process (PID=4760) to work on /opt/airflow/dags/etl_clickhouse.py
[2025-10-29T18:34:34.832+0000] {processor.py:830} INFO - Processing file /opt/airflow/dags/etl_clickhouse.py for tasks to queue
[2025-10-29T18:34:34.836+0000] {logging_mixin.py:188} INFO - [2025-10-29T18:34:34.835+0000] {dagbag.py:545} INFO - Filling up the DagBag from /opt/airflow/dags/etl_clickhouse.py
[2025-10-29T18:34:35.515+0000] {processor.py:840} INFO - DAG(s) 'move_data_to_clickhouse' retrieved from /opt/airflow/dags/etl_clickhouse.py
[2025-10-29T18:34:35.552+0000] {logging_mixin.py:188} INFO - [2025-10-29T18:34:35.551+0000] {dag.py:3096} INFO - Sync 1 DAGs
[2025-10-29T18:34:35.568+0000] {logging_mixin.py:188} INFO - [2025-10-29T18:34:35.568+0000] {dag.py:3954} INFO - Setting next_dagrun for move_data_to_clickhouse to None, run_after=None
[2025-10-29T18:34:35.591+0000] {processor.py:183} INFO - Processing /opt/airflow/dags/etl_clickhouse.py took 0.772 seconds
[2025-10-29T18:35:05.872+0000] {processor.py:161} INFO - Started process (PID=4772) to work on /opt/airflow/dags/etl_clickhouse.py
[2025-10-29T18:35:05.873+0000] {processor.py:830} INFO - Processing file /opt/airflow/dags/etl_clickhouse.py for tasks to queue
[2025-10-29T18:35:05.876+0000] {logging_mixin.py:188} INFO - [2025-10-29T18:35:05.876+0000] {dagbag.py:545} INFO - Filling up the DagBag from /opt/airflow/dags/etl_clickhouse.py
[2025-10-29T18:35:06.616+0000] {processor.py:840} INFO - DAG(s) 'move_data_to_clickhouse' retrieved from /opt/airflow/dags/etl_clickhouse.py
[2025-10-29T18:35:06.657+0000] {logging_mixin.py:188} INFO - [2025-10-29T18:35:06.656+0000] {dag.py:3096} INFO - Sync 1 DAGs
[2025-10-29T18:35:06.676+0000] {logging_mixin.py:188} INFO - [2025-10-29T18:35:06.676+0000] {dag.py:3954} INFO - Setting next_dagrun for move_data_to_clickhouse to None, run_after=None
[2025-10-29T18:35:06.702+0000] {processor.py:183} INFO - Processing /opt/airflow/dags/etl_clickhouse.py took 0.840 seconds
[2025-10-29T18:35:36.958+0000] {processor.py:161} INFO - Started process (PID=4784) to work on /opt/airflow/dags/etl_clickhouse.py
[2025-10-29T18:35:36.959+0000] {processor.py:830} INFO - Processing file /opt/airflow/dags/etl_clickhouse.py for tasks to queue
[2025-10-29T18:35:36.962+0000] {logging_mixin.py:188} INFO - [2025-10-29T18:35:36.962+0000] {dagbag.py:545} INFO - Filling up the DagBag from /opt/airflow/dags/etl_clickhouse.py
[2025-10-29T18:35:37.740+0000] {processor.py:840} INFO - DAG(s) 'move_data_to_clickhouse' retrieved from /opt/airflow/dags/etl_clickhouse.py
[2025-10-29T18:35:37.776+0000] {logging_mixin.py:188} INFO - [2025-10-29T18:35:37.775+0000] {dag.py:3096} INFO - Sync 1 DAGs
[2025-10-29T18:35:37.794+0000] {logging_mixin.py:188} INFO - [2025-10-29T18:35:37.794+0000] {dag.py:3954} INFO - Setting next_dagrun for move_data_to_clickhouse to None, run_after=None
[2025-10-29T18:35:37.822+0000] {processor.py:183} INFO - Processing /opt/airflow/dags/etl_clickhouse.py took 0.876 seconds
[2025-10-29T18:36:08.078+0000] {processor.py:161} INFO - Started process (PID=4796) to work on /opt/airflow/dags/etl_clickhouse.py
[2025-10-29T18:36:08.080+0000] {processor.py:830} INFO - Processing file /opt/airflow/dags/etl_clickhouse.py for tasks to queue
[2025-10-29T18:36:08.083+0000] {logging_mixin.py:188} INFO - [2025-10-29T18:36:08.082+0000] {dagbag.py:545} INFO - Filling up the DagBag from /opt/airflow/dags/etl_clickhouse.py
[2025-10-29T18:36:09.313+0000] {processor.py:840} INFO - DAG(s) 'move_data_to_clickhouse' retrieved from /opt/airflow/dags/etl_clickhouse.py
[2025-10-29T18:36:09.348+0000] {logging_mixin.py:188} INFO - [2025-10-29T18:36:09.347+0000] {dag.py:3096} INFO - Sync 1 DAGs
[2025-10-29T18:36:09.363+0000] {logging_mixin.py:188} INFO - [2025-10-29T18:36:09.363+0000] {dag.py:3954} INFO - Setting next_dagrun for move_data_to_clickhouse to None, run_after=None
[2025-10-29T18:36:09.386+0000] {processor.py:183} INFO - Processing /opt/airflow/dags/etl_clickhouse.py took 1.319 seconds
[2025-10-29T18:36:39.731+0000] {processor.py:161} INFO - Started process (PID=4808) to work on /opt/airflow/dags/etl_clickhouse.py
[2025-10-29T18:36:39.733+0000] {processor.py:830} INFO - Processing file /opt/airflow/dags/etl_clickhouse.py for tasks to queue
[2025-10-29T18:36:39.735+0000] {logging_mixin.py:188} INFO - [2025-10-29T18:36:39.735+0000] {dagbag.py:545} INFO - Filling up the DagBag from /opt/airflow/dags/etl_clickhouse.py
[2025-10-29T18:36:40.525+0000] {processor.py:840} INFO - DAG(s) 'move_data_to_clickhouse' retrieved from /opt/airflow/dags/etl_clickhouse.py
[2025-10-29T18:36:40.568+0000] {logging_mixin.py:188} INFO - [2025-10-29T18:36:40.567+0000] {dag.py:3096} INFO - Sync 1 DAGs
[2025-10-29T18:36:40.589+0000] {logging_mixin.py:188} INFO - [2025-10-29T18:36:40.588+0000] {dag.py:3954} INFO - Setting next_dagrun for move_data_to_clickhouse to None, run_after=None
[2025-10-29T18:36:40.634+0000] {processor.py:183} INFO - Processing /opt/airflow/dags/etl_clickhouse.py took 0.913 seconds
[2025-10-29T18:37:10.956+0000] {processor.py:161} INFO - Started process (PID=4820) to work on /opt/airflow/dags/etl_clickhouse.py
[2025-10-29T18:37:10.958+0000] {processor.py:830} INFO - Processing file /opt/airflow/dags/etl_clickhouse.py for tasks to queue
[2025-10-29T18:37:10.960+0000] {logging_mixin.py:188} INFO - [2025-10-29T18:37:10.960+0000] {dagbag.py:545} INFO - Filling up the DagBag from /opt/airflow/dags/etl_clickhouse.py
[2025-10-29T18:37:11.654+0000] {processor.py:840} INFO - DAG(s) 'move_data_to_clickhouse' retrieved from /opt/airflow/dags/etl_clickhouse.py
[2025-10-29T18:37:11.688+0000] {logging_mixin.py:188} INFO - [2025-10-29T18:37:11.688+0000] {dag.py:3096} INFO - Sync 1 DAGs
[2025-10-29T18:37:11.702+0000] {logging_mixin.py:188} INFO - [2025-10-29T18:37:11.701+0000] {dag.py:3954} INFO - Setting next_dagrun for move_data_to_clickhouse to None, run_after=None
[2025-10-29T18:37:11.729+0000] {processor.py:183} INFO - Processing /opt/airflow/dags/etl_clickhouse.py took 0.782 seconds
[2025-10-29T18:37:42.018+0000] {processor.py:161} INFO - Started process (PID=4832) to work on /opt/airflow/dags/etl_clickhouse.py
[2025-10-29T18:37:42.019+0000] {processor.py:830} INFO - Processing file /opt/airflow/dags/etl_clickhouse.py for tasks to queue
[2025-10-29T18:37:42.022+0000] {logging_mixin.py:188} INFO - [2025-10-29T18:37:42.022+0000] {dagbag.py:545} INFO - Filling up the DagBag from /opt/airflow/dags/etl_clickhouse.py
[2025-10-29T18:37:42.753+0000] {processor.py:840} INFO - DAG(s) 'move_data_to_clickhouse' retrieved from /opt/airflow/dags/etl_clickhouse.py
[2025-10-29T18:37:42.798+0000] {logging_mixin.py:188} INFO - [2025-10-29T18:37:42.797+0000] {dag.py:3096} INFO - Sync 1 DAGs
[2025-10-29T18:37:42.812+0000] {logging_mixin.py:188} INFO - [2025-10-29T18:37:42.812+0000] {dag.py:3954} INFO - Setting next_dagrun for move_data_to_clickhouse to None, run_after=None
[2025-10-29T18:37:42.839+0000] {processor.py:183} INFO - Processing /opt/airflow/dags/etl_clickhouse.py took 0.831 seconds
[2025-10-29T18:38:13.114+0000] {processor.py:161} INFO - Started process (PID=4844) to work on /opt/airflow/dags/etl_clickhouse.py
[2025-10-29T18:38:13.115+0000] {processor.py:830} INFO - Processing file /opt/airflow/dags/etl_clickhouse.py for tasks to queue
[2025-10-29T18:38:13.118+0000] {logging_mixin.py:188} INFO - [2025-10-29T18:38:13.118+0000] {dagbag.py:545} INFO - Filling up the DagBag from /opt/airflow/dags/etl_clickhouse.py
[2025-10-29T18:38:13.799+0000] {processor.py:840} INFO - DAG(s) 'move_data_to_clickhouse' retrieved from /opt/airflow/dags/etl_clickhouse.py
[2025-10-29T18:38:13.834+0000] {logging_mixin.py:188} INFO - [2025-10-29T18:38:13.833+0000] {dag.py:3096} INFO - Sync 1 DAGs
[2025-10-29T18:38:13.846+0000] {logging_mixin.py:188} INFO - [2025-10-29T18:38:13.846+0000] {dag.py:3954} INFO - Setting next_dagrun for move_data_to_clickhouse to None, run_after=None
[2025-10-29T18:38:14.005+0000] {processor.py:183} INFO - Processing /opt/airflow/dags/etl_clickhouse.py took 0.901 seconds
[2025-10-29T18:38:44.299+0000] {processor.py:161} INFO - Started process (PID=4856) to work on /opt/airflow/dags/etl_clickhouse.py
[2025-10-29T18:38:44.301+0000] {processor.py:830} INFO - Processing file /opt/airflow/dags/etl_clickhouse.py for tasks to queue
[2025-10-29T18:38:44.304+0000] {logging_mixin.py:188} INFO - [2025-10-29T18:38:44.303+0000] {dagbag.py:545} INFO - Filling up the DagBag from /opt/airflow/dags/etl_clickhouse.py
[2025-10-29T18:38:45.001+0000] {processor.py:840} INFO - DAG(s) 'move_data_to_clickhouse' retrieved from /opt/airflow/dags/etl_clickhouse.py
[2025-10-29T18:38:45.038+0000] {logging_mixin.py:188} INFO - [2025-10-29T18:38:45.037+0000] {dag.py:3096} INFO - Sync 1 DAGs
[2025-10-29T18:38:45.055+0000] {logging_mixin.py:188} INFO - [2025-10-29T18:38:45.055+0000] {dag.py:3954} INFO - Setting next_dagrun for move_data_to_clickhouse to None, run_after=None
[2025-10-29T18:38:45.082+0000] {processor.py:183} INFO - Processing /opt/airflow/dags/etl_clickhouse.py took 0.794 seconds
[2025-10-29T18:39:15.395+0000] {processor.py:161} INFO - Started process (PID=4868) to work on /opt/airflow/dags/etl_clickhouse.py
[2025-10-29T18:39:15.397+0000] {processor.py:830} INFO - Processing file /opt/airflow/dags/etl_clickhouse.py for tasks to queue
[2025-10-29T18:39:15.399+0000] {logging_mixin.py:188} INFO - [2025-10-29T18:39:15.399+0000] {dagbag.py:545} INFO - Filling up the DagBag from /opt/airflow/dags/etl_clickhouse.py
[2025-10-29T18:39:16.072+0000] {processor.py:840} INFO - DAG(s) 'move_data_to_clickhouse' retrieved from /opt/airflow/dags/etl_clickhouse.py
[2025-10-29T18:39:16.107+0000] {logging_mixin.py:188} INFO - [2025-10-29T18:39:16.107+0000] {dag.py:3096} INFO - Sync 1 DAGs
[2025-10-29T18:39:16.122+0000] {logging_mixin.py:188} INFO - [2025-10-29T18:39:16.122+0000] {dag.py:3954} INFO - Setting next_dagrun for move_data_to_clickhouse to None, run_after=None
[2025-10-29T18:39:16.148+0000] {processor.py:183} INFO - Processing /opt/airflow/dags/etl_clickhouse.py took 0.762 seconds
[2025-10-29T18:39:46.433+0000] {processor.py:161} INFO - Started process (PID=4880) to work on /opt/airflow/dags/etl_clickhouse.py
[2025-10-29T18:39:46.434+0000] {processor.py:830} INFO - Processing file /opt/airflow/dags/etl_clickhouse.py for tasks to queue
[2025-10-29T18:39:46.437+0000] {logging_mixin.py:188} INFO - [2025-10-29T18:39:46.437+0000] {dagbag.py:545} INFO - Filling up the DagBag from /opt/airflow/dags/etl_clickhouse.py
[2025-10-29T18:39:47.211+0000] {processor.py:840} INFO - DAG(s) 'move_data_to_clickhouse' retrieved from /opt/airflow/dags/etl_clickhouse.py
[2025-10-29T18:39:47.252+0000] {logging_mixin.py:188} INFO - [2025-10-29T18:39:47.252+0000] {dag.py:3096} INFO - Sync 1 DAGs
[2025-10-29T18:39:47.269+0000] {logging_mixin.py:188} INFO - [2025-10-29T18:39:47.269+0000] {dag.py:3954} INFO - Setting next_dagrun for move_data_to_clickhouse to None, run_after=None
[2025-10-29T18:39:47.295+0000] {processor.py:183} INFO - Processing /opt/airflow/dags/etl_clickhouse.py took 0.872 seconds
[2025-10-29T18:40:17.591+0000] {processor.py:161} INFO - Started process (PID=4892) to work on /opt/airflow/dags/etl_clickhouse.py
[2025-10-29T18:40:17.593+0000] {processor.py:830} INFO - Processing file /opt/airflow/dags/etl_clickhouse.py for tasks to queue
[2025-10-29T18:40:17.595+0000] {logging_mixin.py:188} INFO - [2025-10-29T18:40:17.595+0000] {dagbag.py:545} INFO - Filling up the DagBag from /opt/airflow/dags/etl_clickhouse.py
[2025-10-29T18:40:18.320+0000] {processor.py:840} INFO - DAG(s) 'move_data_to_clickhouse' retrieved from /opt/airflow/dags/etl_clickhouse.py
[2025-10-29T18:40:18.359+0000] {logging_mixin.py:188} INFO - [2025-10-29T18:40:18.358+0000] {dag.py:3096} INFO - Sync 1 DAGs
[2025-10-29T18:40:18.373+0000] {logging_mixin.py:188} INFO - [2025-10-29T18:40:18.373+0000] {dag.py:3954} INFO - Setting next_dagrun for move_data_to_clickhouse to None, run_after=None
[2025-10-29T18:40:18.425+0000] {processor.py:183} INFO - Processing /opt/airflow/dags/etl_clickhouse.py took 0.842 seconds
[2025-10-29T18:40:48.681+0000] {processor.py:161} INFO - Started process (PID=4904) to work on /opt/airflow/dags/etl_clickhouse.py
[2025-10-29T18:40:48.684+0000] {processor.py:830} INFO - Processing file /opt/airflow/dags/etl_clickhouse.py for tasks to queue
[2025-10-29T18:40:48.690+0000] {logging_mixin.py:188} INFO - [2025-10-29T18:40:48.689+0000] {dagbag.py:545} INFO - Filling up the DagBag from /opt/airflow/dags/etl_clickhouse.py
[2025-10-29T18:40:49.514+0000] {processor.py:840} INFO - DAG(s) 'move_data_to_clickhouse' retrieved from /opt/airflow/dags/etl_clickhouse.py
[2025-10-29T18:40:49.556+0000] {logging_mixin.py:188} INFO - [2025-10-29T18:40:49.555+0000] {dag.py:3096} INFO - Sync 1 DAGs
[2025-10-29T18:40:49.573+0000] {logging_mixin.py:188} INFO - [2025-10-29T18:40:49.573+0000] {dag.py:3954} INFO - Setting next_dagrun for move_data_to_clickhouse to None, run_after=None
[2025-10-29T18:40:49.600+0000] {processor.py:183} INFO - Processing /opt/airflow/dags/etl_clickhouse.py took 0.938 seconds
[2025-10-29T18:41:19.927+0000] {processor.py:161} INFO - Started process (PID=4916) to work on /opt/airflow/dags/etl_clickhouse.py
[2025-10-29T18:41:19.928+0000] {processor.py:830} INFO - Processing file /opt/airflow/dags/etl_clickhouse.py for tasks to queue
[2025-10-29T18:41:19.931+0000] {logging_mixin.py:188} INFO - [2025-10-29T18:41:19.930+0000] {dagbag.py:545} INFO - Filling up the DagBag from /opt/airflow/dags/etl_clickhouse.py
[2025-10-29T18:41:20.679+0000] {processor.py:840} INFO - DAG(s) 'move_data_to_clickhouse' retrieved from /opt/airflow/dags/etl_clickhouse.py
[2025-10-29T18:41:20.712+0000] {logging_mixin.py:188} INFO - [2025-10-29T18:41:20.712+0000] {dag.py:3096} INFO - Sync 1 DAGs
[2025-10-29T18:41:20.727+0000] {logging_mixin.py:188} INFO - [2025-10-29T18:41:20.727+0000] {dag.py:3954} INFO - Setting next_dagrun for move_data_to_clickhouse to None, run_after=None
[2025-10-29T18:41:20.749+0000] {processor.py:183} INFO - Processing /opt/airflow/dags/etl_clickhouse.py took 0.831 seconds
[2025-10-29T18:41:51.130+0000] {processor.py:161} INFO - Started process (PID=4928) to work on /opt/airflow/dags/etl_clickhouse.py
[2025-10-29T18:41:51.132+0000] {processor.py:830} INFO - Processing file /opt/airflow/dags/etl_clickhouse.py for tasks to queue
[2025-10-29T18:41:51.134+0000] {logging_mixin.py:188} INFO - [2025-10-29T18:41:51.134+0000] {dagbag.py:545} INFO - Filling up the DagBag from /opt/airflow/dags/etl_clickhouse.py
[2025-10-29T18:41:51.799+0000] {processor.py:840} INFO - DAG(s) 'move_data_to_clickhouse' retrieved from /opt/airflow/dags/etl_clickhouse.py
[2025-10-29T18:41:51.832+0000] {logging_mixin.py:188} INFO - [2025-10-29T18:41:51.832+0000] {dag.py:3096} INFO - Sync 1 DAGs
[2025-10-29T18:41:51.846+0000] {logging_mixin.py:188} INFO - [2025-10-29T18:41:51.845+0000] {dag.py:3954} INFO - Setting next_dagrun for move_data_to_clickhouse to None, run_after=None
[2025-10-29T18:41:51.871+0000] {processor.py:183} INFO - Processing /opt/airflow/dags/etl_clickhouse.py took 0.750 seconds
[2025-10-29T18:42:22.317+0000] {processor.py:161} INFO - Started process (PID=4940) to work on /opt/airflow/dags/etl_clickhouse.py
[2025-10-29T18:42:22.319+0000] {processor.py:830} INFO - Processing file /opt/airflow/dags/etl_clickhouse.py for tasks to queue
[2025-10-29T18:42:22.321+0000] {logging_mixin.py:188} INFO - [2025-10-29T18:42:22.321+0000] {dagbag.py:545} INFO - Filling up the DagBag from /opt/airflow/dags/etl_clickhouse.py
[2025-10-29T18:42:23.110+0000] {processor.py:840} INFO - DAG(s) 'move_data_to_clickhouse' retrieved from /opt/airflow/dags/etl_clickhouse.py
[2025-10-29T18:42:23.145+0000] {logging_mixin.py:188} INFO - [2025-10-29T18:42:23.145+0000] {dag.py:3096} INFO - Sync 1 DAGs
[2025-10-29T18:42:23.163+0000] {logging_mixin.py:188} INFO - [2025-10-29T18:42:23.163+0000] {dag.py:3954} INFO - Setting next_dagrun for move_data_to_clickhouse to None, run_after=None
[2025-10-29T18:42:23.197+0000] {processor.py:183} INFO - Processing /opt/airflow/dags/etl_clickhouse.py took 0.889 seconds
[2025-10-29T18:42:53.631+0000] {processor.py:161} INFO - Started process (PID=4952) to work on /opt/airflow/dags/etl_clickhouse.py
[2025-10-29T18:42:53.633+0000] {processor.py:830} INFO - Processing file /opt/airflow/dags/etl_clickhouse.py for tasks to queue
[2025-10-29T18:42:53.635+0000] {logging_mixin.py:188} INFO - [2025-10-29T18:42:53.635+0000] {dagbag.py:545} INFO - Filling up the DagBag from /opt/airflow/dags/etl_clickhouse.py
[2025-10-29T18:42:54.283+0000] {processor.py:840} INFO - DAG(s) 'move_data_to_clickhouse' retrieved from /opt/airflow/dags/etl_clickhouse.py
[2025-10-29T18:42:54.313+0000] {logging_mixin.py:188} INFO - [2025-10-29T18:42:54.313+0000] {dag.py:3096} INFO - Sync 1 DAGs
[2025-10-29T18:42:54.325+0000] {logging_mixin.py:188} INFO - [2025-10-29T18:42:54.325+0000] {dag.py:3954} INFO - Setting next_dagrun for move_data_to_clickhouse to None, run_after=None
[2025-10-29T18:42:54.348+0000] {processor.py:183} INFO - Processing /opt/airflow/dags/etl_clickhouse.py took 0.726 seconds
[2025-10-29T18:43:24.803+0000] {processor.py:161} INFO - Started process (PID=4964) to work on /opt/airflow/dags/etl_clickhouse.py
[2025-10-29T18:43:24.805+0000] {processor.py:830} INFO - Processing file /opt/airflow/dags/etl_clickhouse.py for tasks to queue
[2025-10-29T18:43:24.808+0000] {logging_mixin.py:188} INFO - [2025-10-29T18:43:24.807+0000] {dagbag.py:545} INFO - Filling up the DagBag from /opt/airflow/dags/etl_clickhouse.py
[2025-10-29T18:43:25.442+0000] {processor.py:840} INFO - DAG(s) 'move_data_to_clickhouse' retrieved from /opt/airflow/dags/etl_clickhouse.py
[2025-10-29T18:43:25.472+0000] {logging_mixin.py:188} INFO - [2025-10-29T18:43:25.471+0000] {dag.py:3096} INFO - Sync 1 DAGs
[2025-10-29T18:43:25.484+0000] {logging_mixin.py:188} INFO - [2025-10-29T18:43:25.484+0000] {dag.py:3954} INFO - Setting next_dagrun for move_data_to_clickhouse to None, run_after=None
[2025-10-29T18:43:25.510+0000] {processor.py:183} INFO - Processing /opt/airflow/dags/etl_clickhouse.py took 0.719 seconds
[2025-10-29T18:43:56.055+0000] {processor.py:161} INFO - Started process (PID=4976) to work on /opt/airflow/dags/etl_clickhouse.py
[2025-10-29T18:43:56.056+0000] {processor.py:830} INFO - Processing file /opt/airflow/dags/etl_clickhouse.py for tasks to queue
[2025-10-29T18:43:56.059+0000] {logging_mixin.py:188} INFO - [2025-10-29T18:43:56.059+0000] {dagbag.py:545} INFO - Filling up the DagBag from /opt/airflow/dags/etl_clickhouse.py
[2025-10-29T18:43:56.674+0000] {processor.py:840} INFO - DAG(s) 'move_data_to_clickhouse' retrieved from /opt/airflow/dags/etl_clickhouse.py
[2025-10-29T18:43:56.706+0000] {logging_mixin.py:188} INFO - [2025-10-29T18:43:56.705+0000] {dag.py:3096} INFO - Sync 1 DAGs
[2025-10-29T18:43:56.718+0000] {logging_mixin.py:188} INFO - [2025-10-29T18:43:56.718+0000] {dag.py:3954} INFO - Setting next_dagrun for move_data_to_clickhouse to None, run_after=None
[2025-10-29T18:43:56.743+0000] {processor.py:183} INFO - Processing /opt/airflow/dags/etl_clickhouse.py took 0.698 seconds
[2025-10-29T18:44:27.249+0000] {processor.py:161} INFO - Started process (PID=4988) to work on /opt/airflow/dags/etl_clickhouse.py
[2025-10-29T18:44:27.250+0000] {processor.py:830} INFO - Processing file /opt/airflow/dags/etl_clickhouse.py for tasks to queue
[2025-10-29T18:44:27.253+0000] {logging_mixin.py:188} INFO - [2025-10-29T18:44:27.252+0000] {dagbag.py:545} INFO - Filling up the DagBag from /opt/airflow/dags/etl_clickhouse.py
[2025-10-29T18:44:27.986+0000] {processor.py:840} INFO - DAG(s) 'move_data_to_clickhouse' retrieved from /opt/airflow/dags/etl_clickhouse.py
[2025-10-29T18:44:28.019+0000] {logging_mixin.py:188} INFO - [2025-10-29T18:44:28.018+0000] {dag.py:3096} INFO - Sync 1 DAGs
[2025-10-29T18:44:28.032+0000] {logging_mixin.py:188} INFO - [2025-10-29T18:44:28.031+0000] {dag.py:3954} INFO - Setting next_dagrun for move_data_to_clickhouse to None, run_after=None
[2025-10-29T18:44:28.056+0000] {processor.py:183} INFO - Processing /opt/airflow/dags/etl_clickhouse.py took 0.817 seconds
[2025-10-29T18:44:58.457+0000] {processor.py:161} INFO - Started process (PID=5000) to work on /opt/airflow/dags/etl_clickhouse.py
[2025-10-29T18:44:58.459+0000] {processor.py:830} INFO - Processing file /opt/airflow/dags/etl_clickhouse.py for tasks to queue
[2025-10-29T18:44:58.462+0000] {logging_mixin.py:188} INFO - [2025-10-29T18:44:58.462+0000] {dagbag.py:545} INFO - Filling up the DagBag from /opt/airflow/dags/etl_clickhouse.py
[2025-10-29T18:44:59.233+0000] {processor.py:840} INFO - DAG(s) 'move_data_to_clickhouse' retrieved from /opt/airflow/dags/etl_clickhouse.py
[2025-10-29T18:44:59.266+0000] {logging_mixin.py:188} INFO - [2025-10-29T18:44:59.266+0000] {dag.py:3096} INFO - Sync 1 DAGs
[2025-10-29T18:44:59.279+0000] {logging_mixin.py:188} INFO - [2025-10-29T18:44:59.279+0000] {dag.py:3954} INFO - Setting next_dagrun for move_data_to_clickhouse to None, run_after=None
[2025-10-29T18:44:59.337+0000] {processor.py:183} INFO - Processing /opt/airflow/dags/etl_clickhouse.py took 0.889 seconds
[2025-10-29T18:45:29.866+0000] {processor.py:161} INFO - Started process (PID=5012) to work on /opt/airflow/dags/etl_clickhouse.py
[2025-10-29T18:45:29.867+0000] {processor.py:830} INFO - Processing file /opt/airflow/dags/etl_clickhouse.py for tasks to queue
[2025-10-29T18:45:29.870+0000] {logging_mixin.py:188} INFO - [2025-10-29T18:45:29.869+0000] {dagbag.py:545} INFO - Filling up the DagBag from /opt/airflow/dags/etl_clickhouse.py
[2025-10-29T18:45:30.544+0000] {processor.py:840} INFO - DAG(s) 'move_data_to_clickhouse' retrieved from /opt/airflow/dags/etl_clickhouse.py
[2025-10-29T18:45:30.577+0000] {logging_mixin.py:188} INFO - [2025-10-29T18:45:30.577+0000] {dag.py:3096} INFO - Sync 1 DAGs
[2025-10-29T18:45:30.590+0000] {logging_mixin.py:188} INFO - [2025-10-29T18:45:30.590+0000] {dag.py:3954} INFO - Setting next_dagrun for move_data_to_clickhouse to None, run_after=None
[2025-10-29T18:45:30.616+0000] {processor.py:183} INFO - Processing /opt/airflow/dags/etl_clickhouse.py took 0.758 seconds
[2025-10-29T18:46:01.154+0000] {processor.py:161} INFO - Started process (PID=5024) to work on /opt/airflow/dags/etl_clickhouse.py
[2025-10-29T18:46:01.155+0000] {processor.py:830} INFO - Processing file /opt/airflow/dags/etl_clickhouse.py for tasks to queue
[2025-10-29T18:46:01.158+0000] {logging_mixin.py:188} INFO - [2025-10-29T18:46:01.157+0000] {dagbag.py:545} INFO - Filling up the DagBag from /opt/airflow/dags/etl_clickhouse.py
[2025-10-29T18:46:01.802+0000] {processor.py:840} INFO - DAG(s) 'move_data_to_clickhouse' retrieved from /opt/airflow/dags/etl_clickhouse.py
[2025-10-29T18:46:01.835+0000] {logging_mixin.py:188} INFO - [2025-10-29T18:46:01.834+0000] {dag.py:3096} INFO - Sync 1 DAGs
[2025-10-29T18:46:01.847+0000] {logging_mixin.py:188} INFO - [2025-10-29T18:46:01.847+0000] {dag.py:3954} INFO - Setting next_dagrun for move_data_to_clickhouse to None, run_after=None
[2025-10-29T18:46:01.875+0000] {processor.py:183} INFO - Processing /opt/airflow/dags/etl_clickhouse.py took 0.730 seconds
[2025-10-29T18:46:32.491+0000] {processor.py:161} INFO - Started process (PID=5036) to work on /opt/airflow/dags/etl_clickhouse.py
[2025-10-29T18:46:32.493+0000] {processor.py:830} INFO - Processing file /opt/airflow/dags/etl_clickhouse.py for tasks to queue
[2025-10-29T18:46:32.495+0000] {logging_mixin.py:188} INFO - [2025-10-29T18:46:32.495+0000] {dagbag.py:545} INFO - Filling up the DagBag from /opt/airflow/dags/etl_clickhouse.py
[2025-10-29T18:46:33.149+0000] {processor.py:840} INFO - DAG(s) 'move_data_to_clickhouse' retrieved from /opt/airflow/dags/etl_clickhouse.py
[2025-10-29T18:46:33.183+0000] {logging_mixin.py:188} INFO - [2025-10-29T18:46:33.183+0000] {dag.py:3096} INFO - Sync 1 DAGs
[2025-10-29T18:46:33.196+0000] {logging_mixin.py:188} INFO - [2025-10-29T18:46:33.196+0000] {dag.py:3954} INFO - Setting next_dagrun for move_data_to_clickhouse to None, run_after=None
[2025-10-29T18:46:33.220+0000] {processor.py:183} INFO - Processing /opt/airflow/dags/etl_clickhouse.py took 0.739 seconds
[2025-10-29T18:47:03.664+0000] {processor.py:161} INFO - Started process (PID=5048) to work on /opt/airflow/dags/etl_clickhouse.py
[2025-10-29T18:47:03.666+0000] {processor.py:830} INFO - Processing file /opt/airflow/dags/etl_clickhouse.py for tasks to queue
[2025-10-29T18:47:03.668+0000] {logging_mixin.py:188} INFO - [2025-10-29T18:47:03.668+0000] {dagbag.py:545} INFO - Filling up the DagBag from /opt/airflow/dags/etl_clickhouse.py
[2025-10-29T18:47:04.326+0000] {processor.py:840} INFO - DAG(s) 'move_data_to_clickhouse' retrieved from /opt/airflow/dags/etl_clickhouse.py
[2025-10-29T18:47:04.360+0000] {logging_mixin.py:188} INFO - [2025-10-29T18:47:04.360+0000] {dag.py:3096} INFO - Sync 1 DAGs
[2025-10-29T18:47:04.374+0000] {logging_mixin.py:188} INFO - [2025-10-29T18:47:04.373+0000] {dag.py:3954} INFO - Setting next_dagrun for move_data_to_clickhouse to None, run_after=None
[2025-10-29T18:47:04.398+0000] {processor.py:183} INFO - Processing /opt/airflow/dags/etl_clickhouse.py took 0.744 seconds
[2025-10-29T18:47:34.893+0000] {processor.py:161} INFO - Started process (PID=5060) to work on /opt/airflow/dags/etl_clickhouse.py
[2025-10-29T18:47:34.895+0000] {processor.py:830} INFO - Processing file /opt/airflow/dags/etl_clickhouse.py for tasks to queue
[2025-10-29T18:47:34.897+0000] {logging_mixin.py:188} INFO - [2025-10-29T18:47:34.897+0000] {dagbag.py:545} INFO - Filling up the DagBag from /opt/airflow/dags/etl_clickhouse.py
[2025-10-29T18:47:35.533+0000] {processor.py:840} INFO - DAG(s) 'move_data_to_clickhouse' retrieved from /opt/airflow/dags/etl_clickhouse.py
[2025-10-29T18:47:35.569+0000] {logging_mixin.py:188} INFO - [2025-10-29T18:47:35.568+0000] {dag.py:3096} INFO - Sync 1 DAGs
[2025-10-29T18:47:35.582+0000] {logging_mixin.py:188} INFO - [2025-10-29T18:47:35.581+0000] {dag.py:3954} INFO - Setting next_dagrun for move_data_to_clickhouse to None, run_after=None
[2025-10-29T18:47:35.631+0000] {processor.py:183} INFO - Processing /opt/airflow/dags/etl_clickhouse.py took 0.749 seconds
[2025-10-29T18:48:06.077+0000] {processor.py:161} INFO - Started process (PID=5072) to work on /opt/airflow/dags/etl_clickhouse.py
[2025-10-29T18:48:06.079+0000] {processor.py:830} INFO - Processing file /opt/airflow/dags/etl_clickhouse.py for tasks to queue
[2025-10-29T18:48:06.082+0000] {logging_mixin.py:188} INFO - [2025-10-29T18:48:06.081+0000] {dagbag.py:545} INFO - Filling up the DagBag from /opt/airflow/dags/etl_clickhouse.py
[2025-10-29T18:48:06.721+0000] {processor.py:840} INFO - DAG(s) 'move_data_to_clickhouse' retrieved from /opt/airflow/dags/etl_clickhouse.py
[2025-10-29T18:48:06.752+0000] {logging_mixin.py:188} INFO - [2025-10-29T18:48:06.752+0000] {dag.py:3096} INFO - Sync 1 DAGs
[2025-10-29T18:48:06.765+0000] {logging_mixin.py:188} INFO - [2025-10-29T18:48:06.765+0000] {dag.py:3954} INFO - Setting next_dagrun for move_data_to_clickhouse to None, run_after=None
[2025-10-29T18:48:06.791+0000] {processor.py:183} INFO - Processing /opt/airflow/dags/etl_clickhouse.py took 0.723 seconds
[2025-10-29T18:48:37.223+0000] {processor.py:161} INFO - Started process (PID=5084) to work on /opt/airflow/dags/etl_clickhouse.py
[2025-10-29T18:48:37.224+0000] {processor.py:830} INFO - Processing file /opt/airflow/dags/etl_clickhouse.py for tasks to queue
[2025-10-29T18:48:37.227+0000] {logging_mixin.py:188} INFO - [2025-10-29T18:48:37.226+0000] {dagbag.py:545} INFO - Filling up the DagBag from /opt/airflow/dags/etl_clickhouse.py
[2025-10-29T18:48:37.867+0000] {processor.py:840} INFO - DAG(s) 'move_data_to_clickhouse' retrieved from /opt/airflow/dags/etl_clickhouse.py
[2025-10-29T18:48:37.902+0000] {logging_mixin.py:188} INFO - [2025-10-29T18:48:37.902+0000] {dag.py:3096} INFO - Sync 1 DAGs
[2025-10-29T18:48:37.915+0000] {logging_mixin.py:188} INFO - [2025-10-29T18:48:37.915+0000] {dag.py:3954} INFO - Setting next_dagrun for move_data_to_clickhouse to None, run_after=None
[2025-10-29T18:48:37.944+0000] {processor.py:183} INFO - Processing /opt/airflow/dags/etl_clickhouse.py took 0.731 seconds
[2025-10-29T18:49:08.396+0000] {processor.py:161} INFO - Started process (PID=5096) to work on /opt/airflow/dags/etl_clickhouse.py
[2025-10-29T18:49:08.398+0000] {processor.py:830} INFO - Processing file /opt/airflow/dags/etl_clickhouse.py for tasks to queue
[2025-10-29T18:49:08.402+0000] {logging_mixin.py:188} INFO - [2025-10-29T18:49:08.401+0000] {dagbag.py:545} INFO - Filling up the DagBag from /opt/airflow/dags/etl_clickhouse.py
[2025-10-29T18:49:09.071+0000] {processor.py:840} INFO - DAG(s) 'move_data_to_clickhouse' retrieved from /opt/airflow/dags/etl_clickhouse.py
[2025-10-29T18:49:09.110+0000] {logging_mixin.py:188} INFO - [2025-10-29T18:49:09.110+0000] {dag.py:3096} INFO - Sync 1 DAGs
[2025-10-29T18:49:09.125+0000] {logging_mixin.py:188} INFO - [2025-10-29T18:49:09.125+0000] {dag.py:3954} INFO - Setting next_dagrun for move_data_to_clickhouse to None, run_after=None
[2025-10-29T18:49:09.156+0000] {processor.py:183} INFO - Processing /opt/airflow/dags/etl_clickhouse.py took 0.769 seconds
[2025-10-29T18:49:39.648+0000] {processor.py:161} INFO - Started process (PID=5108) to work on /opt/airflow/dags/etl_clickhouse.py
[2025-10-29T18:49:39.650+0000] {processor.py:830} INFO - Processing file /opt/airflow/dags/etl_clickhouse.py for tasks to queue
[2025-10-29T18:49:39.652+0000] {logging_mixin.py:188} INFO - [2025-10-29T18:49:39.652+0000] {dagbag.py:545} INFO - Filling up the DagBag from /opt/airflow/dags/etl_clickhouse.py
[2025-10-29T18:49:40.294+0000] {processor.py:840} INFO - DAG(s) 'move_data_to_clickhouse' retrieved from /opt/airflow/dags/etl_clickhouse.py
[2025-10-29T18:49:40.326+0000] {logging_mixin.py:188} INFO - [2025-10-29T18:49:40.325+0000] {dag.py:3096} INFO - Sync 1 DAGs
[2025-10-29T18:49:40.338+0000] {logging_mixin.py:188} INFO - [2025-10-29T18:49:40.338+0000] {dag.py:3954} INFO - Setting next_dagrun for move_data_to_clickhouse to None, run_after=None
[2025-10-29T18:49:40.362+0000] {processor.py:183} INFO - Processing /opt/airflow/dags/etl_clickhouse.py took 0.722 seconds
[2025-10-29T18:50:10.846+0000] {processor.py:161} INFO - Started process (PID=5120) to work on /opt/airflow/dags/etl_clickhouse.py
[2025-10-29T18:50:10.847+0000] {processor.py:830} INFO - Processing file /opt/airflow/dags/etl_clickhouse.py for tasks to queue
[2025-10-29T18:50:10.850+0000] {logging_mixin.py:188} INFO - [2025-10-29T18:50:10.849+0000] {dagbag.py:545} INFO - Filling up the DagBag from /opt/airflow/dags/etl_clickhouse.py
[2025-10-29T18:50:11.526+0000] {processor.py:840} INFO - DAG(s) 'move_data_to_clickhouse' retrieved from /opt/airflow/dags/etl_clickhouse.py
[2025-10-29T18:50:11.558+0000] {logging_mixin.py:188} INFO - [2025-10-29T18:50:11.558+0000] {dag.py:3096} INFO - Sync 1 DAGs
[2025-10-29T18:50:11.572+0000] {logging_mixin.py:188} INFO - [2025-10-29T18:50:11.572+0000] {dag.py:3954} INFO - Setting next_dagrun for move_data_to_clickhouse to None, run_after=None
[2025-10-29T18:50:11.597+0000] {processor.py:183} INFO - Processing /opt/airflow/dags/etl_clickhouse.py took 0.761 seconds
[2025-10-29T18:50:42.107+0000] {processor.py:161} INFO - Started process (PID=5132) to work on /opt/airflow/dags/etl_clickhouse.py
[2025-10-29T18:50:42.108+0000] {processor.py:830} INFO - Processing file /opt/airflow/dags/etl_clickhouse.py for tasks to queue
[2025-10-29T18:50:42.111+0000] {logging_mixin.py:188} INFO - [2025-10-29T18:50:42.110+0000] {dagbag.py:545} INFO - Filling up the DagBag from /opt/airflow/dags/etl_clickhouse.py
[2025-10-29T18:50:42.769+0000] {processor.py:840} INFO - DAG(s) 'move_data_to_clickhouse' retrieved from /opt/airflow/dags/etl_clickhouse.py
[2025-10-29T18:50:42.804+0000] {logging_mixin.py:188} INFO - [2025-10-29T18:50:42.804+0000] {dag.py:3096} INFO - Sync 1 DAGs
[2025-10-29T18:50:42.816+0000] {logging_mixin.py:188} INFO - [2025-10-29T18:50:42.816+0000] {dag.py:3954} INFO - Setting next_dagrun for move_data_to_clickhouse to None, run_after=None
[2025-10-29T18:50:42.843+0000] {processor.py:183} INFO - Processing /opt/airflow/dags/etl_clickhouse.py took 0.745 seconds
[2025-10-29T18:51:13.317+0000] {processor.py:161} INFO - Started process (PID=5144) to work on /opt/airflow/dags/etl_clickhouse.py
[2025-10-29T18:51:13.319+0000] {processor.py:830} INFO - Processing file /opt/airflow/dags/etl_clickhouse.py for tasks to queue
[2025-10-29T18:51:13.322+0000] {logging_mixin.py:188} INFO - [2025-10-29T18:51:13.321+0000] {dagbag.py:545} INFO - Filling up the DagBag from /opt/airflow/dags/etl_clickhouse.py
[2025-10-29T18:51:14.012+0000] {processor.py:840} INFO - DAG(s) 'move_data_to_clickhouse' retrieved from /opt/airflow/dags/etl_clickhouse.py
[2025-10-29T18:51:14.043+0000] {logging_mixin.py:188} INFO - [2025-10-29T18:51:14.042+0000] {dag.py:3096} INFO - Sync 1 DAGs
[2025-10-29T18:51:14.055+0000] {logging_mixin.py:188} INFO - [2025-10-29T18:51:14.054+0000] {dag.py:3954} INFO - Setting next_dagrun for move_data_to_clickhouse to None, run_after=None
[2025-10-29T18:51:14.078+0000] {processor.py:183} INFO - Processing /opt/airflow/dags/etl_clickhouse.py took 0.770 seconds
[2025-10-29T18:51:44.668+0000] {processor.py:161} INFO - Started process (PID=5156) to work on /opt/airflow/dags/etl_clickhouse.py
[2025-10-29T18:51:44.670+0000] {processor.py:830} INFO - Processing file /opt/airflow/dags/etl_clickhouse.py for tasks to queue
[2025-10-29T18:51:44.674+0000] {logging_mixin.py:188} INFO - [2025-10-29T18:51:44.673+0000] {dagbag.py:545} INFO - Filling up the DagBag from /opt/airflow/dags/etl_clickhouse.py
[2025-10-29T18:51:45.340+0000] {processor.py:840} INFO - DAG(s) 'move_data_to_clickhouse' retrieved from /opt/airflow/dags/etl_clickhouse.py
[2025-10-29T18:51:45.371+0000] {logging_mixin.py:188} INFO - [2025-10-29T18:51:45.371+0000] {dag.py:3096} INFO - Sync 1 DAGs
[2025-10-29T18:51:45.383+0000] {logging_mixin.py:188} INFO - [2025-10-29T18:51:45.383+0000] {dag.py:3954} INFO - Setting next_dagrun for move_data_to_clickhouse to None, run_after=None
[2025-10-29T18:51:45.406+0000] {processor.py:183} INFO - Processing /opt/airflow/dags/etl_clickhouse.py took 0.748 seconds
[2025-10-29T18:52:15.900+0000] {processor.py:161} INFO - Started process (PID=5168) to work on /opt/airflow/dags/etl_clickhouse.py
[2025-10-29T18:52:15.901+0000] {processor.py:830} INFO - Processing file /opt/airflow/dags/etl_clickhouse.py for tasks to queue
[2025-10-29T18:52:15.904+0000] {logging_mixin.py:188} INFO - [2025-10-29T18:52:15.903+0000] {dagbag.py:545} INFO - Filling up the DagBag from /opt/airflow/dags/etl_clickhouse.py
[2025-10-29T18:52:16.646+0000] {processor.py:840} INFO - DAG(s) 'move_data_to_clickhouse' retrieved from /opt/airflow/dags/etl_clickhouse.py
[2025-10-29T18:52:16.684+0000] {logging_mixin.py:188} INFO - [2025-10-29T18:52:16.684+0000] {dag.py:3096} INFO - Sync 1 DAGs
[2025-10-29T18:52:16.700+0000] {logging_mixin.py:188} INFO - [2025-10-29T18:52:16.700+0000] {dag.py:3954} INFO - Setting next_dagrun for move_data_to_clickhouse to None, run_after=None
[2025-10-29T18:52:16.727+0000] {processor.py:183} INFO - Processing /opt/airflow/dags/etl_clickhouse.py took 0.837 seconds
[2025-10-29T18:52:47.155+0000] {processor.py:161} INFO - Started process (PID=5180) to work on /opt/airflow/dags/etl_clickhouse.py
[2025-10-29T18:52:47.156+0000] {processor.py:830} INFO - Processing file /opt/airflow/dags/etl_clickhouse.py for tasks to queue
[2025-10-29T18:52:47.159+0000] {logging_mixin.py:188} INFO - [2025-10-29T18:52:47.158+0000] {dagbag.py:545} INFO - Filling up the DagBag from /opt/airflow/dags/etl_clickhouse.py
[2025-10-29T18:52:47.918+0000] {processor.py:840} INFO - DAG(s) 'move_data_to_clickhouse' retrieved from /opt/airflow/dags/etl_clickhouse.py
[2025-10-29T18:52:47.962+0000] {logging_mixin.py:188} INFO - [2025-10-29T18:52:47.962+0000] {dag.py:3096} INFO - Sync 1 DAGs
[2025-10-29T18:52:47.976+0000] {logging_mixin.py:188} INFO - [2025-10-29T18:52:47.976+0000] {dag.py:3954} INFO - Setting next_dagrun for move_data_to_clickhouse to None, run_after=None
[2025-10-29T18:52:48.001+0000] {processor.py:183} INFO - Processing /opt/airflow/dags/etl_clickhouse.py took 0.856 seconds
[2025-10-29T18:53:18.495+0000] {processor.py:161} INFO - Started process (PID=5192) to work on /opt/airflow/dags/etl_clickhouse.py
[2025-10-29T18:53:18.497+0000] {processor.py:830} INFO - Processing file /opt/airflow/dags/etl_clickhouse.py for tasks to queue
[2025-10-29T18:53:18.499+0000] {logging_mixin.py:188} INFO - [2025-10-29T18:53:18.499+0000] {dagbag.py:545} INFO - Filling up the DagBag from /opt/airflow/dags/etl_clickhouse.py
[2025-10-29T18:53:19.177+0000] {processor.py:840} INFO - DAG(s) 'move_data_to_clickhouse' retrieved from /opt/airflow/dags/etl_clickhouse.py
[2025-10-29T18:53:19.224+0000] {logging_mixin.py:188} INFO - [2025-10-29T18:53:19.223+0000] {dag.py:3096} INFO - Sync 1 DAGs
[2025-10-29T18:53:19.237+0000] {logging_mixin.py:188} INFO - [2025-10-29T18:53:19.237+0000] {dag.py:3954} INFO - Setting next_dagrun for move_data_to_clickhouse to None, run_after=None
[2025-10-29T18:53:19.265+0000] {processor.py:183} INFO - Processing /opt/airflow/dags/etl_clickhouse.py took 0.779 seconds
[2025-10-29T18:53:49.795+0000] {processor.py:161} INFO - Started process (PID=5204) to work on /opt/airflow/dags/etl_clickhouse.py
[2025-10-29T18:53:49.797+0000] {processor.py:830} INFO - Processing file /opt/airflow/dags/etl_clickhouse.py for tasks to queue
[2025-10-29T18:53:49.800+0000] {logging_mixin.py:188} INFO - [2025-10-29T18:53:49.799+0000] {dagbag.py:545} INFO - Filling up the DagBag from /opt/airflow/dags/etl_clickhouse.py
[2025-10-29T18:53:50.511+0000] {processor.py:840} INFO - DAG(s) 'move_data_to_clickhouse' retrieved from /opt/airflow/dags/etl_clickhouse.py
[2025-10-29T18:53:50.542+0000] {logging_mixin.py:188} INFO - [2025-10-29T18:53:50.542+0000] {dag.py:3096} INFO - Sync 1 DAGs
[2025-10-29T18:53:50.554+0000] {logging_mixin.py:188} INFO - [2025-10-29T18:53:50.554+0000] {dag.py:3954} INFO - Setting next_dagrun for move_data_to_clickhouse to None, run_after=None
[2025-10-29T18:53:50.577+0000] {processor.py:183} INFO - Processing /opt/airflow/dags/etl_clickhouse.py took 0.793 seconds
[2025-10-29T18:54:21.053+0000] {processor.py:161} INFO - Started process (PID=5216) to work on /opt/airflow/dags/etl_clickhouse.py
[2025-10-29T18:54:21.055+0000] {processor.py:830} INFO - Processing file /opt/airflow/dags/etl_clickhouse.py for tasks to queue
[2025-10-29T18:54:21.059+0000] {logging_mixin.py:188} INFO - [2025-10-29T18:54:21.058+0000] {dagbag.py:545} INFO - Filling up the DagBag from /opt/airflow/dags/etl_clickhouse.py
[2025-10-29T18:54:21.802+0000] {processor.py:840} INFO - DAG(s) 'move_data_to_clickhouse' retrieved from /opt/airflow/dags/etl_clickhouse.py
[2025-10-29T18:54:21.891+0000] {logging_mixin.py:188} INFO - [2025-10-29T18:54:21.889+0000] {dag.py:3096} INFO - Sync 1 DAGs
[2025-10-29T18:54:21.932+0000] {logging_mixin.py:188} INFO - [2025-10-29T18:54:21.932+0000] {dag.py:3954} INFO - Setting next_dagrun for move_data_to_clickhouse to None, run_after=None
[2025-10-29T18:54:21.977+0000] {processor.py:183} INFO - Processing /opt/airflow/dags/etl_clickhouse.py took 0.938 seconds
[2025-10-29T18:54:52.408+0000] {processor.py:161} INFO - Started process (PID=5228) to work on /opt/airflow/dags/etl_clickhouse.py
[2025-10-29T18:54:52.409+0000] {processor.py:830} INFO - Processing file /opt/airflow/dags/etl_clickhouse.py for tasks to queue
[2025-10-29T18:54:52.412+0000] {logging_mixin.py:188} INFO - [2025-10-29T18:54:52.411+0000] {dagbag.py:545} INFO - Filling up the DagBag from /opt/airflow/dags/etl_clickhouse.py
[2025-10-29T18:54:53.078+0000] {processor.py:840} INFO - DAG(s) 'move_data_to_clickhouse' retrieved from /opt/airflow/dags/etl_clickhouse.py
[2025-10-29T18:54:53.115+0000] {logging_mixin.py:188} INFO - [2025-10-29T18:54:53.115+0000] {dag.py:3096} INFO - Sync 1 DAGs
[2025-10-29T18:54:53.136+0000] {logging_mixin.py:188} INFO - [2025-10-29T18:54:53.135+0000] {dag.py:3954} INFO - Setting next_dagrun for move_data_to_clickhouse to None, run_after=None
[2025-10-29T18:54:53.214+0000] {processor.py:183} INFO - Processing /opt/airflow/dags/etl_clickhouse.py took 0.814 seconds
[2025-10-29T18:55:23.668+0000] {processor.py:161} INFO - Started process (PID=5240) to work on /opt/airflow/dags/etl_clickhouse.py
[2025-10-29T18:55:23.670+0000] {processor.py:830} INFO - Processing file /opt/airflow/dags/etl_clickhouse.py for tasks to queue
[2025-10-29T18:55:23.672+0000] {logging_mixin.py:188} INFO - [2025-10-29T18:55:23.672+0000] {dagbag.py:545} INFO - Filling up the DagBag from /opt/airflow/dags/etl_clickhouse.py
[2025-10-29T18:55:24.348+0000] {processor.py:840} INFO - DAG(s) 'move_data_to_clickhouse' retrieved from /opt/airflow/dags/etl_clickhouse.py
[2025-10-29T18:55:24.381+0000] {logging_mixin.py:188} INFO - [2025-10-29T18:55:24.380+0000] {dag.py:3096} INFO - Sync 1 DAGs
[2025-10-29T18:55:24.394+0000] {logging_mixin.py:188} INFO - [2025-10-29T18:55:24.394+0000] {dag.py:3954} INFO - Setting next_dagrun for move_data_to_clickhouse to None, run_after=None
[2025-10-29T18:55:24.418+0000] {processor.py:183} INFO - Processing /opt/airflow/dags/etl_clickhouse.py took 0.760 seconds
[2025-10-29T18:55:54.853+0000] {processor.py:161} INFO - Started process (PID=5252) to work on /opt/airflow/dags/etl_clickhouse.py
[2025-10-29T18:55:54.854+0000] {processor.py:830} INFO - Processing file /opt/airflow/dags/etl_clickhouse.py for tasks to queue
[2025-10-29T18:55:54.857+0000] {logging_mixin.py:188} INFO - [2025-10-29T18:55:54.856+0000] {dagbag.py:545} INFO - Filling up the DagBag from /opt/airflow/dags/etl_clickhouse.py
[2025-10-29T18:55:55.576+0000] {processor.py:840} INFO - DAG(s) 'move_data_to_clickhouse' retrieved from /opt/airflow/dags/etl_clickhouse.py
[2025-10-29T18:55:55.611+0000] {logging_mixin.py:188} INFO - [2025-10-29T18:55:55.611+0000] {dag.py:3096} INFO - Sync 1 DAGs
[2025-10-29T18:55:55.626+0000] {logging_mixin.py:188} INFO - [2025-10-29T18:55:55.625+0000] {dag.py:3954} INFO - Setting next_dagrun for move_data_to_clickhouse to None, run_after=None
[2025-10-29T18:55:55.654+0000] {processor.py:183} INFO - Processing /opt/airflow/dags/etl_clickhouse.py took 0.815 seconds
[2025-10-29T18:56:26.180+0000] {processor.py:161} INFO - Started process (PID=5264) to work on /opt/airflow/dags/etl_clickhouse.py
[2025-10-29T18:56:26.184+0000] {processor.py:830} INFO - Processing file /opt/airflow/dags/etl_clickhouse.py for tasks to queue
[2025-10-29T18:56:26.186+0000] {logging_mixin.py:188} INFO - [2025-10-29T18:56:26.186+0000] {dagbag.py:545} INFO - Filling up the DagBag from /opt/airflow/dags/etl_clickhouse.py
[2025-10-29T18:56:26.853+0000] {processor.py:840} INFO - DAG(s) 'move_data_to_clickhouse' retrieved from /opt/airflow/dags/etl_clickhouse.py
[2025-10-29T18:56:26.886+0000] {logging_mixin.py:188} INFO - [2025-10-29T18:56:26.885+0000] {dag.py:3096} INFO - Sync 1 DAGs
[2025-10-29T18:56:26.899+0000] {logging_mixin.py:188} INFO - [2025-10-29T18:56:26.899+0000] {dag.py:3954} INFO - Setting next_dagrun for move_data_to_clickhouse to None, run_after=None
[2025-10-29T18:56:26.924+0000] {processor.py:183} INFO - Processing /opt/airflow/dags/etl_clickhouse.py took 0.753 seconds
[2025-10-29T18:56:57.330+0000] {processor.py:161} INFO - Started process (PID=5276) to work on /opt/airflow/dags/etl_clickhouse.py
[2025-10-29T18:56:57.332+0000] {processor.py:830} INFO - Processing file /opt/airflow/dags/etl_clickhouse.py for tasks to queue
[2025-10-29T18:56:57.335+0000] {logging_mixin.py:188} INFO - [2025-10-29T18:56:57.334+0000] {dagbag.py:545} INFO - Filling up the DagBag from /opt/airflow/dags/etl_clickhouse.py
[2025-10-29T18:56:58.065+0000] {processor.py:840} INFO - DAG(s) 'move_data_to_clickhouse' retrieved from /opt/airflow/dags/etl_clickhouse.py
[2025-10-29T18:56:58.101+0000] {logging_mixin.py:188} INFO - [2025-10-29T18:56:58.100+0000] {dag.py:3096} INFO - Sync 1 DAGs
[2025-10-29T18:56:58.113+0000] {logging_mixin.py:188} INFO - [2025-10-29T18:56:58.113+0000] {dag.py:3954} INFO - Setting next_dagrun for move_data_to_clickhouse to None, run_after=None
[2025-10-29T18:56:58.139+0000] {processor.py:183} INFO - Processing /opt/airflow/dags/etl_clickhouse.py took 0.820 seconds
[2025-10-29T18:57:28.589+0000] {processor.py:161} INFO - Started process (PID=5288) to work on /opt/airflow/dags/etl_clickhouse.py
[2025-10-29T18:57:28.591+0000] {processor.py:830} INFO - Processing file /opt/airflow/dags/etl_clickhouse.py for tasks to queue
[2025-10-29T18:57:28.594+0000] {logging_mixin.py:188} INFO - [2025-10-29T18:57:28.593+0000] {dagbag.py:545} INFO - Filling up the DagBag from /opt/airflow/dags/etl_clickhouse.py
[2025-10-29T18:57:29.342+0000] {processor.py:840} INFO - DAG(s) 'move_data_to_clickhouse' retrieved from /opt/airflow/dags/etl_clickhouse.py
[2025-10-29T18:57:29.373+0000] {logging_mixin.py:188} INFO - [2025-10-29T18:57:29.373+0000] {dag.py:3096} INFO - Sync 1 DAGs
[2025-10-29T18:57:29.385+0000] {logging_mixin.py:188} INFO - [2025-10-29T18:57:29.385+0000] {dag.py:3954} INFO - Setting next_dagrun for move_data_to_clickhouse to None, run_after=None
[2025-10-29T18:57:29.408+0000] {processor.py:183} INFO - Processing /opt/airflow/dags/etl_clickhouse.py took 0.828 seconds
[2025-10-29T18:57:59.872+0000] {processor.py:161} INFO - Started process (PID=5300) to work on /opt/airflow/dags/etl_clickhouse.py
[2025-10-29T18:57:59.874+0000] {processor.py:830} INFO - Processing file /opt/airflow/dags/etl_clickhouse.py for tasks to queue
[2025-10-29T18:57:59.877+0000] {logging_mixin.py:188} INFO - [2025-10-29T18:57:59.877+0000] {dagbag.py:545} INFO - Filling up the DagBag from /opt/airflow/dags/etl_clickhouse.py
[2025-10-29T18:58:00.563+0000] {processor.py:840} INFO - DAG(s) 'move_data_to_clickhouse' retrieved from /opt/airflow/dags/etl_clickhouse.py
[2025-10-29T18:58:00.595+0000] {logging_mixin.py:188} INFO - [2025-10-29T18:58:00.595+0000] {dag.py:3096} INFO - Sync 1 DAGs
[2025-10-29T18:58:00.609+0000] {logging_mixin.py:188} INFO - [2025-10-29T18:58:00.609+0000] {dag.py:3954} INFO - Setting next_dagrun for move_data_to_clickhouse to None, run_after=None
[2025-10-29T18:58:00.632+0000] {processor.py:183} INFO - Processing /opt/airflow/dags/etl_clickhouse.py took 0.770 seconds
[2025-10-29T18:58:31.082+0000] {processor.py:161} INFO - Started process (PID=5312) to work on /opt/airflow/dags/etl_clickhouse.py
[2025-10-29T18:58:31.084+0000] {processor.py:830} INFO - Processing file /opt/airflow/dags/etl_clickhouse.py for tasks to queue
[2025-10-29T18:58:31.087+0000] {logging_mixin.py:188} INFO - [2025-10-29T18:58:31.086+0000] {dagbag.py:545} INFO - Filling up the DagBag from /opt/airflow/dags/etl_clickhouse.py
[2025-10-29T18:58:31.747+0000] {processor.py:840} INFO - DAG(s) 'move_data_to_clickhouse' retrieved from /opt/airflow/dags/etl_clickhouse.py
[2025-10-29T18:58:31.796+0000] {logging_mixin.py:188} INFO - [2025-10-29T18:58:31.796+0000] {dag.py:3096} INFO - Sync 1 DAGs
[2025-10-29T18:58:31.811+0000] {logging_mixin.py:188} INFO - [2025-10-29T18:58:31.811+0000] {dag.py:3954} INFO - Setting next_dagrun for move_data_to_clickhouse to None, run_after=None
[2025-10-29T18:58:31.836+0000] {processor.py:183} INFO - Processing /opt/airflow/dags/etl_clickhouse.py took 0.763 seconds
[2025-10-29T18:59:02.283+0000] {processor.py:161} INFO - Started process (PID=5324) to work on /opt/airflow/dags/etl_clickhouse.py
[2025-10-29T18:59:02.284+0000] {processor.py:830} INFO - Processing file /opt/airflow/dags/etl_clickhouse.py for tasks to queue
[2025-10-29T18:59:02.287+0000] {logging_mixin.py:188} INFO - [2025-10-29T18:59:02.286+0000] {dagbag.py:545} INFO - Filling up the DagBag from /opt/airflow/dags/etl_clickhouse.py
[2025-10-29T18:59:02.940+0000] {processor.py:840} INFO - DAG(s) 'move_data_to_clickhouse' retrieved from /opt/airflow/dags/etl_clickhouse.py
[2025-10-29T18:59:02.973+0000] {logging_mixin.py:188} INFO - [2025-10-29T18:59:02.973+0000] {dag.py:3096} INFO - Sync 1 DAGs
[2025-10-29T18:59:02.988+0000] {logging_mixin.py:188} INFO - [2025-10-29T18:59:02.988+0000] {dag.py:3954} INFO - Setting next_dagrun for move_data_to_clickhouse to None, run_after=None
[2025-10-29T18:59:03.012+0000] {processor.py:183} INFO - Processing /opt/airflow/dags/etl_clickhouse.py took 0.739 seconds
[2025-10-29T18:59:33.484+0000] {processor.py:161} INFO - Started process (PID=5336) to work on /opt/airflow/dags/etl_clickhouse.py
[2025-10-29T18:59:33.486+0000] {processor.py:830} INFO - Processing file /opt/airflow/dags/etl_clickhouse.py for tasks to queue
[2025-10-29T18:59:33.488+0000] {logging_mixin.py:188} INFO - [2025-10-29T18:59:33.488+0000] {dagbag.py:545} INFO - Filling up the DagBag from /opt/airflow/dags/etl_clickhouse.py
[2025-10-29T18:59:34.187+0000] {processor.py:840} INFO - DAG(s) 'move_data_to_clickhouse' retrieved from /opt/airflow/dags/etl_clickhouse.py
[2025-10-29T18:59:34.220+0000] {logging_mixin.py:188} INFO - [2025-10-29T18:59:34.219+0000] {dag.py:3096} INFO - Sync 1 DAGs
[2025-10-29T18:59:34.233+0000] {logging_mixin.py:188} INFO - [2025-10-29T18:59:34.233+0000] {dag.py:3954} INFO - Setting next_dagrun for move_data_to_clickhouse to None, run_after=None
[2025-10-29T18:59:34.257+0000] {processor.py:183} INFO - Processing /opt/airflow/dags/etl_clickhouse.py took 0.782 seconds
[2025-10-29T19:00:04.709+0000] {processor.py:161} INFO - Started process (PID=5348) to work on /opt/airflow/dags/etl_clickhouse.py
[2025-10-29T19:00:04.710+0000] {processor.py:830} INFO - Processing file /opt/airflow/dags/etl_clickhouse.py for tasks to queue
[2025-10-29T19:00:04.713+0000] {logging_mixin.py:188} INFO - [2025-10-29T19:00:04.712+0000] {dagbag.py:545} INFO - Filling up the DagBag from /opt/airflow/dags/etl_clickhouse.py
[2025-10-29T19:00:05.394+0000] {processor.py:840} INFO - DAG(s) 'move_data_to_clickhouse' retrieved from /opt/airflow/dags/etl_clickhouse.py
[2025-10-29T19:00:05.427+0000] {logging_mixin.py:188} INFO - [2025-10-29T19:00:05.427+0000] {dag.py:3096} INFO - Sync 1 DAGs
[2025-10-29T19:00:05.440+0000] {logging_mixin.py:188} INFO - [2025-10-29T19:00:05.440+0000] {dag.py:3954} INFO - Setting next_dagrun for move_data_to_clickhouse to None, run_after=None
[2025-10-29T19:00:05.463+0000] {processor.py:183} INFO - Processing /opt/airflow/dags/etl_clickhouse.py took 0.764 seconds
[2025-10-29T19:00:35.893+0000] {processor.py:161} INFO - Started process (PID=5360) to work on /opt/airflow/dags/etl_clickhouse.py
[2025-10-29T19:00:35.895+0000] {processor.py:830} INFO - Processing file /opt/airflow/dags/etl_clickhouse.py for tasks to queue
[2025-10-29T19:00:35.898+0000] {logging_mixin.py:188} INFO - [2025-10-29T19:00:35.897+0000] {dagbag.py:545} INFO - Filling up the DagBag from /opt/airflow/dags/etl_clickhouse.py
[2025-10-29T19:00:36.568+0000] {processor.py:840} INFO - DAG(s) 'move_data_to_clickhouse' retrieved from /opt/airflow/dags/etl_clickhouse.py
[2025-10-29T19:00:36.599+0000] {logging_mixin.py:188} INFO - [2025-10-29T19:00:36.599+0000] {dag.py:3096} INFO - Sync 1 DAGs
[2025-10-29T19:00:36.613+0000] {logging_mixin.py:188} INFO - [2025-10-29T19:00:36.612+0000] {dag.py:3954} INFO - Setting next_dagrun for move_data_to_clickhouse to None, run_after=None
[2025-10-29T19:00:36.638+0000] {processor.py:183} INFO - Processing /opt/airflow/dags/etl_clickhouse.py took 0.756 seconds
[2025-10-29T19:01:07.079+0000] {processor.py:161} INFO - Started process (PID=5372) to work on /opt/airflow/dags/etl_clickhouse.py
[2025-10-29T19:01:07.081+0000] {processor.py:830} INFO - Processing file /opt/airflow/dags/etl_clickhouse.py for tasks to queue
[2025-10-29T19:01:07.084+0000] {logging_mixin.py:188} INFO - [2025-10-29T19:01:07.084+0000] {dagbag.py:545} INFO - Filling up the DagBag from /opt/airflow/dags/etl_clickhouse.py
[2025-10-29T19:01:07.884+0000] {processor.py:840} INFO - DAG(s) 'move_data_to_clickhouse' retrieved from /opt/airflow/dags/etl_clickhouse.py
[2025-10-29T19:01:07.947+0000] {logging_mixin.py:188} INFO - [2025-10-29T19:01:07.946+0000] {dag.py:3096} INFO - Sync 1 DAGs
[2025-10-29T19:01:08.000+0000] {logging_mixin.py:188} INFO - [2025-10-29T19:01:07.999+0000] {dag.py:3954} INFO - Setting next_dagrun for move_data_to_clickhouse to None, run_after=None
[2025-10-29T19:01:08.046+0000] {processor.py:183} INFO - Processing /opt/airflow/dags/etl_clickhouse.py took 0.978 seconds
[2025-10-29T19:01:38.560+0000] {processor.py:161} INFO - Started process (PID=5384) to work on /opt/airflow/dags/etl_clickhouse.py
[2025-10-29T19:01:38.562+0000] {processor.py:830} INFO - Processing file /opt/airflow/dags/etl_clickhouse.py for tasks to queue
[2025-10-29T19:01:38.564+0000] {logging_mixin.py:188} INFO - [2025-10-29T19:01:38.564+0000] {dagbag.py:545} INFO - Filling up the DagBag from /opt/airflow/dags/etl_clickhouse.py
[2025-10-29T19:01:39.405+0000] {processor.py:840} INFO - DAG(s) 'move_data_to_clickhouse' retrieved from /opt/airflow/dags/etl_clickhouse.py
[2025-10-29T19:01:39.443+0000] {logging_mixin.py:188} INFO - [2025-10-29T19:01:39.443+0000] {dag.py:3096} INFO - Sync 1 DAGs
[2025-10-29T19:01:39.459+0000] {logging_mixin.py:188} INFO - [2025-10-29T19:01:39.459+0000] {dag.py:3954} INFO - Setting next_dagrun for move_data_to_clickhouse to None, run_after=None
[2025-10-29T19:01:39.487+0000] {processor.py:183} INFO - Processing /opt/airflow/dags/etl_clickhouse.py took 0.936 seconds
[2025-10-29T19:02:09.871+0000] {processor.py:161} INFO - Started process (PID=5396) to work on /opt/airflow/dags/etl_clickhouse.py
[2025-10-29T19:02:09.874+0000] {processor.py:830} INFO - Processing file /opt/airflow/dags/etl_clickhouse.py for tasks to queue
[2025-10-29T19:02:09.877+0000] {logging_mixin.py:188} INFO - [2025-10-29T19:02:09.877+0000] {dagbag.py:545} INFO - Filling up the DagBag from /opt/airflow/dags/etl_clickhouse.py
[2025-10-29T19:02:10.635+0000] {processor.py:840} INFO - DAG(s) 'move_data_to_clickhouse' retrieved from /opt/airflow/dags/etl_clickhouse.py
[2025-10-29T19:02:10.671+0000] {logging_mixin.py:188} INFO - [2025-10-29T19:02:10.670+0000] {dag.py:3096} INFO - Sync 1 DAGs
[2025-10-29T19:02:10.688+0000] {logging_mixin.py:188} INFO - [2025-10-29T19:02:10.687+0000] {dag.py:3954} INFO - Setting next_dagrun for move_data_to_clickhouse to None, run_after=None
[2025-10-29T19:02:10.717+0000] {processor.py:183} INFO - Processing /opt/airflow/dags/etl_clickhouse.py took 0.860 seconds
[2025-10-29T19:02:41.029+0000] {processor.py:161} INFO - Started process (PID=5408) to work on /opt/airflow/dags/etl_clickhouse.py
[2025-10-29T19:02:41.031+0000] {processor.py:830} INFO - Processing file /opt/airflow/dags/etl_clickhouse.py for tasks to queue
[2025-10-29T19:02:41.035+0000] {logging_mixin.py:188} INFO - [2025-10-29T19:02:41.034+0000] {dagbag.py:545} INFO - Filling up the DagBag from /opt/airflow/dags/etl_clickhouse.py
[2025-10-29T19:02:41.800+0000] {processor.py:840} INFO - DAG(s) 'move_data_to_clickhouse' retrieved from /opt/airflow/dags/etl_clickhouse.py
[2025-10-29T19:02:41.834+0000] {logging_mixin.py:188} INFO - [2025-10-29T19:02:41.834+0000] {dag.py:3096} INFO - Sync 1 DAGs
[2025-10-29T19:02:41.847+0000] {logging_mixin.py:188} INFO - [2025-10-29T19:02:41.847+0000] {dag.py:3954} INFO - Setting next_dagrun for move_data_to_clickhouse to None, run_after=None
[2025-10-29T19:02:41.878+0000] {processor.py:183} INFO - Processing /opt/airflow/dags/etl_clickhouse.py took 0.862 seconds
[2025-10-29T19:03:12.252+0000] {processor.py:161} INFO - Started process (PID=5420) to work on /opt/airflow/dags/etl_clickhouse.py
[2025-10-29T19:03:12.254+0000] {processor.py:830} INFO - Processing file /opt/airflow/dags/etl_clickhouse.py for tasks to queue
[2025-10-29T19:03:12.256+0000] {logging_mixin.py:188} INFO - [2025-10-29T19:03:12.256+0000] {dagbag.py:545} INFO - Filling up the DagBag from /opt/airflow/dags/etl_clickhouse.py
[2025-10-29T19:03:12.957+0000] {processor.py:840} INFO - DAG(s) 'move_data_to_clickhouse' retrieved from /opt/airflow/dags/etl_clickhouse.py
[2025-10-29T19:03:13.014+0000] {logging_mixin.py:188} INFO - [2025-10-29T19:03:13.014+0000] {dag.py:3096} INFO - Sync 1 DAGs
[2025-10-29T19:03:13.027+0000] {logging_mixin.py:188} INFO - [2025-10-29T19:03:13.026+0000] {dag.py:3954} INFO - Setting next_dagrun for move_data_to_clickhouse to None, run_after=None
[2025-10-29T19:03:13.052+0000] {processor.py:183} INFO - Processing /opt/airflow/dags/etl_clickhouse.py took 0.810 seconds
[2025-10-29T19:03:43.508+0000] {processor.py:161} INFO - Started process (PID=5432) to work on /opt/airflow/dags/etl_clickhouse.py
[2025-10-29T19:03:43.509+0000] {processor.py:830} INFO - Processing file /opt/airflow/dags/etl_clickhouse.py for tasks to queue
[2025-10-29T19:03:43.512+0000] {logging_mixin.py:188} INFO - [2025-10-29T19:03:43.511+0000] {dagbag.py:545} INFO - Filling up the DagBag from /opt/airflow/dags/etl_clickhouse.py
[2025-10-29T19:03:44.185+0000] {processor.py:840} INFO - DAG(s) 'move_data_to_clickhouse' retrieved from /opt/airflow/dags/etl_clickhouse.py
[2025-10-29T19:03:44.218+0000] {logging_mixin.py:188} INFO - [2025-10-29T19:03:44.218+0000] {dag.py:3096} INFO - Sync 1 DAGs
[2025-10-29T19:03:44.231+0000] {logging_mixin.py:188} INFO - [2025-10-29T19:03:44.231+0000] {dag.py:3954} INFO - Setting next_dagrun for move_data_to_clickhouse to None, run_after=None
[2025-10-29T19:03:44.254+0000] {processor.py:183} INFO - Processing /opt/airflow/dags/etl_clickhouse.py took 0.756 seconds
[2025-10-29T19:04:14.710+0000] {processor.py:161} INFO - Started process (PID=5444) to work on /opt/airflow/dags/etl_clickhouse.py
[2025-10-29T19:04:14.711+0000] {processor.py:830} INFO - Processing file /opt/airflow/dags/etl_clickhouse.py for tasks to queue
[2025-10-29T19:04:14.714+0000] {logging_mixin.py:188} INFO - [2025-10-29T19:04:14.714+0000] {dagbag.py:545} INFO - Filling up the DagBag from /opt/airflow/dags/etl_clickhouse.py
[2025-10-29T19:04:15.414+0000] {processor.py:840} INFO - DAG(s) 'move_data_to_clickhouse' retrieved from /opt/airflow/dags/etl_clickhouse.py
[2025-10-29T19:04:15.445+0000] {logging_mixin.py:188} INFO - [2025-10-29T19:04:15.445+0000] {dag.py:3096} INFO - Sync 1 DAGs
[2025-10-29T19:04:15.458+0000] {logging_mixin.py:188} INFO - [2025-10-29T19:04:15.457+0000] {dag.py:3954} INFO - Setting next_dagrun for move_data_to_clickhouse to None, run_after=None
[2025-10-29T19:04:15.487+0000] {processor.py:183} INFO - Processing /opt/airflow/dags/etl_clickhouse.py took 0.787 seconds
[2025-10-29T19:04:45.921+0000] {processor.py:161} INFO - Started process (PID=5456) to work on /opt/airflow/dags/etl_clickhouse.py
[2025-10-29T19:04:45.923+0000] {processor.py:830} INFO - Processing file /opt/airflow/dags/etl_clickhouse.py for tasks to queue
[2025-10-29T19:04:45.926+0000] {logging_mixin.py:188} INFO - [2025-10-29T19:04:45.925+0000] {dagbag.py:545} INFO - Filling up the DagBag from /opt/airflow/dags/etl_clickhouse.py
[2025-10-29T19:04:46.759+0000] {processor.py:840} INFO - DAG(s) 'move_data_to_clickhouse' retrieved from /opt/airflow/dags/etl_clickhouse.py
[2025-10-29T19:04:46.809+0000] {logging_mixin.py:188} INFO - [2025-10-29T19:04:46.808+0000] {dag.py:3096} INFO - Sync 1 DAGs
[2025-10-29T19:04:46.825+0000] {logging_mixin.py:188} INFO - [2025-10-29T19:04:46.824+0000] {dag.py:3954} INFO - Setting next_dagrun for move_data_to_clickhouse to None, run_after=None
[2025-10-29T19:04:46.857+0000] {processor.py:183} INFO - Processing /opt/airflow/dags/etl_clickhouse.py took 0.947 seconds
[2025-10-29T19:05:17.659+0000] {processor.py:161} INFO - Started process (PID=5468) to work on /opt/airflow/dags/etl_clickhouse.py
[2025-10-29T19:05:18.006+0000] {processor.py:830} INFO - Processing file /opt/airflow/dags/etl_clickhouse.py for tasks to queue
[2025-10-29T19:05:18.010+0000] {logging_mixin.py:188} INFO - [2025-10-29T19:05:18.009+0000] {dagbag.py:545} INFO - Filling up the DagBag from /opt/airflow/dags/etl_clickhouse.py
[2025-10-29T19:05:18.833+0000] {processor.py:840} INFO - DAG(s) 'move_data_to_clickhouse' retrieved from /opt/airflow/dags/etl_clickhouse.py
[2025-10-29T19:05:18.872+0000] {logging_mixin.py:188} INFO - [2025-10-29T19:05:18.872+0000] {dag.py:3096} INFO - Sync 1 DAGs
[2025-10-29T19:05:18.885+0000] {logging_mixin.py:188} INFO - [2025-10-29T19:05:18.885+0000] {dag.py:3954} INFO - Setting next_dagrun for move_data_to_clickhouse to None, run_after=None
[2025-10-29T19:05:22.771+0000] {processor.py:183} INFO - Processing /opt/airflow/dags/etl_clickhouse.py took 5.122 seconds
[2025-10-29T19:05:53.081+0000] {processor.py:161} INFO - Started process (PID=5480) to work on /opt/airflow/dags/etl_clickhouse.py
[2025-10-29T19:05:53.082+0000] {processor.py:830} INFO - Processing file /opt/airflow/dags/etl_clickhouse.py for tasks to queue
[2025-10-29T19:05:53.085+0000] {logging_mixin.py:188} INFO - [2025-10-29T19:05:53.084+0000] {dagbag.py:545} INFO - Filling up the DagBag from /opt/airflow/dags/etl_clickhouse.py
[2025-10-29T19:05:53.738+0000] {processor.py:840} INFO - DAG(s) 'move_data_to_clickhouse' retrieved from /opt/airflow/dags/etl_clickhouse.py
[2025-10-29T19:05:53.772+0000] {logging_mixin.py:188} INFO - [2025-10-29T19:05:53.772+0000] {dag.py:3096} INFO - Sync 1 DAGs
[2025-10-29T19:05:53.785+0000] {logging_mixin.py:188} INFO - [2025-10-29T19:05:53.785+0000] {dag.py:3954} INFO - Setting next_dagrun for move_data_to_clickhouse to None, run_after=None
[2025-10-29T19:05:53.809+0000] {processor.py:183} INFO - Processing /opt/airflow/dags/etl_clickhouse.py took 0.737 seconds
[2025-10-29T19:06:24.334+0000] {processor.py:161} INFO - Started process (PID=5492) to work on /opt/airflow/dags/etl_clickhouse.py
[2025-10-29T19:06:24.336+0000] {processor.py:830} INFO - Processing file /opt/airflow/dags/etl_clickhouse.py for tasks to queue
[2025-10-29T19:06:24.338+0000] {logging_mixin.py:188} INFO - [2025-10-29T19:06:24.338+0000] {dagbag.py:545} INFO - Filling up the DagBag from /opt/airflow/dags/etl_clickhouse.py
[2025-10-29T19:06:24.983+0000] {processor.py:840} INFO - DAG(s) 'move_data_to_clickhouse' retrieved from /opt/airflow/dags/etl_clickhouse.py
[2025-10-29T19:06:25.016+0000] {logging_mixin.py:188} INFO - [2025-10-29T19:06:25.015+0000] {dag.py:3096} INFO - Sync 1 DAGs
[2025-10-29T19:06:25.032+0000] {logging_mixin.py:188} INFO - [2025-10-29T19:06:25.032+0000] {dag.py:3954} INFO - Setting next_dagrun for move_data_to_clickhouse to None, run_after=None
[2025-10-29T19:06:25.062+0000] {processor.py:183} INFO - Processing /opt/airflow/dags/etl_clickhouse.py took 0.738 seconds
[2025-10-29T19:06:55.577+0000] {processor.py:161} INFO - Started process (PID=5504) to work on /opt/airflow/dags/etl_clickhouse.py
[2025-10-29T19:06:55.583+0000] {processor.py:830} INFO - Processing file /opt/airflow/dags/etl_clickhouse.py for tasks to queue
[2025-10-29T19:06:55.590+0000] {logging_mixin.py:188} INFO - [2025-10-29T19:06:55.589+0000] {dagbag.py:545} INFO - Filling up the DagBag from /opt/airflow/dags/etl_clickhouse.py
[2025-10-29T19:06:57.000+0000] {processor.py:840} INFO - DAG(s) 'move_data_to_clickhouse' retrieved from /opt/airflow/dags/etl_clickhouse.py
[2025-10-29T19:06:57.057+0000] {logging_mixin.py:188} INFO - [2025-10-29T19:06:57.056+0000] {dag.py:3096} INFO - Sync 1 DAGs
[2025-10-29T19:06:57.075+0000] {logging_mixin.py:188} INFO - [2025-10-29T19:06:57.075+0000] {dag.py:3954} INFO - Setting next_dagrun for move_data_to_clickhouse to None, run_after=None
[2025-10-29T19:06:57.115+0000] {processor.py:183} INFO - Processing /opt/airflow/dags/etl_clickhouse.py took 1.565 seconds
[2025-10-29T19:07:27.451+0000] {processor.py:161} INFO - Started process (PID=5516) to work on /opt/airflow/dags/etl_clickhouse.py
[2025-10-29T19:07:27.453+0000] {processor.py:830} INFO - Processing file /opt/airflow/dags/etl_clickhouse.py for tasks to queue
[2025-10-29T19:07:27.456+0000] {logging_mixin.py:188} INFO - [2025-10-29T19:07:27.455+0000] {dagbag.py:545} INFO - Filling up the DagBag from /opt/airflow/dags/etl_clickhouse.py
[2025-10-29T19:07:28.155+0000] {processor.py:840} INFO - DAG(s) 'move_data_to_clickhouse' retrieved from /opt/airflow/dags/etl_clickhouse.py
[2025-10-29T19:07:28.188+0000] {logging_mixin.py:188} INFO - [2025-10-29T19:07:28.188+0000] {dag.py:3096} INFO - Sync 1 DAGs
[2025-10-29T19:07:28.201+0000] {logging_mixin.py:188} INFO - [2025-10-29T19:07:28.201+0000] {dag.py:3954} INFO - Setting next_dagrun for move_data_to_clickhouse to None, run_after=None
[2025-10-29T19:07:28.229+0000] {processor.py:183} INFO - Processing /opt/airflow/dags/etl_clickhouse.py took 0.791 seconds
[2025-10-29T19:07:58.696+0000] {processor.py:161} INFO - Started process (PID=5528) to work on /opt/airflow/dags/etl_clickhouse.py
[2025-10-29T19:07:58.698+0000] {processor.py:830} INFO - Processing file /opt/airflow/dags/etl_clickhouse.py for tasks to queue
[2025-10-29T19:07:58.701+0000] {logging_mixin.py:188} INFO - [2025-10-29T19:07:58.700+0000] {dagbag.py:545} INFO - Filling up the DagBag from /opt/airflow/dags/etl_clickhouse.py
[2025-10-29T19:07:59.476+0000] {processor.py:840} INFO - DAG(s) 'move_data_to_clickhouse' retrieved from /opt/airflow/dags/etl_clickhouse.py
[2025-10-29T19:07:59.519+0000] {logging_mixin.py:188} INFO - [2025-10-29T19:07:59.518+0000] {dag.py:3096} INFO - Sync 1 DAGs
[2025-10-29T19:07:59.538+0000] {logging_mixin.py:188} INFO - [2025-10-29T19:07:59.538+0000] {dag.py:3954} INFO - Setting next_dagrun for move_data_to_clickhouse to None, run_after=None
[2025-10-29T19:07:59.572+0000] {processor.py:183} INFO - Processing /opt/airflow/dags/etl_clickhouse.py took 0.885 seconds
[2025-10-29T19:08:29.955+0000] {processor.py:161} INFO - Started process (PID=5540) to work on /opt/airflow/dags/etl_clickhouse.py
[2025-10-29T19:08:29.956+0000] {processor.py:830} INFO - Processing file /opt/airflow/dags/etl_clickhouse.py for tasks to queue
[2025-10-29T19:08:29.959+0000] {logging_mixin.py:188} INFO - [2025-10-29T19:08:29.959+0000] {dagbag.py:545} INFO - Filling up the DagBag from /opt/airflow/dags/etl_clickhouse.py
[2025-10-29T19:08:30.683+0000] {processor.py:840} INFO - DAG(s) 'move_data_to_clickhouse' retrieved from /opt/airflow/dags/etl_clickhouse.py
[2025-10-29T19:08:30.719+0000] {logging_mixin.py:188} INFO - [2025-10-29T19:08:30.719+0000] {dag.py:3096} INFO - Sync 1 DAGs
[2025-10-29T19:08:30.733+0000] {logging_mixin.py:188} INFO - [2025-10-29T19:08:30.732+0000] {dag.py:3954} INFO - Setting next_dagrun for move_data_to_clickhouse to None, run_after=None
[2025-10-29T19:08:30.755+0000] {processor.py:183} INFO - Processing /opt/airflow/dags/etl_clickhouse.py took 0.811 seconds
[2025-10-29T19:09:01.116+0000] {processor.py:161} INFO - Started process (PID=5552) to work on /opt/airflow/dags/etl_clickhouse.py
[2025-10-29T19:09:01.118+0000] {processor.py:830} INFO - Processing file /opt/airflow/dags/etl_clickhouse.py for tasks to queue
[2025-10-29T19:09:01.121+0000] {logging_mixin.py:188} INFO - [2025-10-29T19:09:01.121+0000] {dagbag.py:545} INFO - Filling up the DagBag from /opt/airflow/dags/etl_clickhouse.py
[2025-10-29T19:09:01.865+0000] {processor.py:840} INFO - DAG(s) 'move_data_to_clickhouse' retrieved from /opt/airflow/dags/etl_clickhouse.py
[2025-10-29T19:09:01.901+0000] {logging_mixin.py:188} INFO - [2025-10-29T19:09:01.901+0000] {dag.py:3096} INFO - Sync 1 DAGs
[2025-10-29T19:09:01.916+0000] {logging_mixin.py:188} INFO - [2025-10-29T19:09:01.915+0000] {dag.py:3954} INFO - Setting next_dagrun for move_data_to_clickhouse to None, run_after=None
[2025-10-29T19:09:01.946+0000] {processor.py:183} INFO - Processing /opt/airflow/dags/etl_clickhouse.py took 0.841 seconds
[2025-10-29T19:09:32.321+0000] {processor.py:161} INFO - Started process (PID=5564) to work on /opt/airflow/dags/etl_clickhouse.py
[2025-10-29T19:09:32.323+0000] {processor.py:830} INFO - Processing file /opt/airflow/dags/etl_clickhouse.py for tasks to queue
[2025-10-29T19:09:32.325+0000] {logging_mixin.py:188} INFO - [2025-10-29T19:09:32.325+0000] {dagbag.py:545} INFO - Filling up the DagBag from /opt/airflow/dags/etl_clickhouse.py
[2025-10-29T19:09:33.075+0000] {processor.py:840} INFO - DAG(s) 'move_data_to_clickhouse' retrieved from /opt/airflow/dags/etl_clickhouse.py
[2025-10-29T19:09:33.115+0000] {logging_mixin.py:188} INFO - [2025-10-29T19:09:33.114+0000] {dag.py:3096} INFO - Sync 1 DAGs
[2025-10-29T19:09:33.128+0000] {logging_mixin.py:188} INFO - [2025-10-29T19:09:33.128+0000] {dag.py:3954} INFO - Setting next_dagrun for move_data_to_clickhouse to None, run_after=None
[2025-10-29T19:09:33.158+0000] {processor.py:183} INFO - Processing /opt/airflow/dags/etl_clickhouse.py took 0.847 seconds
[2025-10-29T19:10:03.550+0000] {processor.py:161} INFO - Started process (PID=5576) to work on /opt/airflow/dags/etl_clickhouse.py
[2025-10-29T19:10:03.551+0000] {processor.py:830} INFO - Processing file /opt/airflow/dags/etl_clickhouse.py for tasks to queue
[2025-10-29T19:10:03.554+0000] {logging_mixin.py:188} INFO - [2025-10-29T19:10:03.554+0000] {dagbag.py:545} INFO - Filling up the DagBag from /opt/airflow/dags/etl_clickhouse.py
[2025-10-29T19:10:04.519+0000] {processor.py:840} INFO - DAG(s) 'move_data_to_clickhouse' retrieved from /opt/airflow/dags/etl_clickhouse.py
[2025-10-29T19:10:04.578+0000] {logging_mixin.py:188} INFO - [2025-10-29T19:10:04.577+0000] {dag.py:3096} INFO - Sync 1 DAGs
[2025-10-29T19:10:04.597+0000] {logging_mixin.py:188} INFO - [2025-10-29T19:10:04.597+0000] {dag.py:3954} INFO - Setting next_dagrun for move_data_to_clickhouse to None, run_after=None
[2025-10-29T19:10:04.641+0000] {processor.py:183} INFO - Processing /opt/airflow/dags/etl_clickhouse.py took 1.104 seconds
[2025-10-29T19:10:35.037+0000] {processor.py:161} INFO - Started process (PID=5588) to work on /opt/airflow/dags/etl_clickhouse.py
[2025-10-29T19:10:35.041+0000] {processor.py:830} INFO - Processing file /opt/airflow/dags/etl_clickhouse.py for tasks to queue
[2025-10-29T19:10:35.047+0000] {logging_mixin.py:188} INFO - [2025-10-29T19:10:35.045+0000] {dagbag.py:545} INFO - Filling up the DagBag from /opt/airflow/dags/etl_clickhouse.py
[2025-10-29T19:10:36.177+0000] {processor.py:840} INFO - DAG(s) 'move_data_to_clickhouse' retrieved from /opt/airflow/dags/etl_clickhouse.py
[2025-10-29T19:10:36.213+0000] {logging_mixin.py:188} INFO - [2025-10-29T19:10:36.212+0000] {dag.py:3096} INFO - Sync 1 DAGs
[2025-10-29T19:10:36.227+0000] {logging_mixin.py:188} INFO - [2025-10-29T19:10:36.227+0000] {dag.py:3954} INFO - Setting next_dagrun for move_data_to_clickhouse to None, run_after=None
[2025-10-29T19:10:36.261+0000] {processor.py:183} INFO - Processing /opt/airflow/dags/etl_clickhouse.py took 1.245 seconds
[2025-10-29T19:11:06.680+0000] {processor.py:161} INFO - Started process (PID=5600) to work on /opt/airflow/dags/etl_clickhouse.py
[2025-10-29T19:11:06.682+0000] {processor.py:830} INFO - Processing file /opt/airflow/dags/etl_clickhouse.py for tasks to queue
[2025-10-29T19:11:06.684+0000] {logging_mixin.py:188} INFO - [2025-10-29T19:11:06.684+0000] {dagbag.py:545} INFO - Filling up the DagBag from /opt/airflow/dags/etl_clickhouse.py
[2025-10-29T19:11:07.449+0000] {processor.py:840} INFO - DAG(s) 'move_data_to_clickhouse' retrieved from /opt/airflow/dags/etl_clickhouse.py
[2025-10-29T19:11:07.482+0000] {logging_mixin.py:188} INFO - [2025-10-29T19:11:07.481+0000] {dag.py:3096} INFO - Sync 1 DAGs
[2025-10-29T19:11:07.495+0000] {logging_mixin.py:188} INFO - [2025-10-29T19:11:07.495+0000] {dag.py:3954} INFO - Setting next_dagrun for move_data_to_clickhouse to None, run_after=None
[2025-10-29T19:11:07.555+0000] {processor.py:183} INFO - Processing /opt/airflow/dags/etl_clickhouse.py took 0.885 seconds
[2025-10-29T19:11:38.076+0000] {processor.py:161} INFO - Started process (PID=5612) to work on /opt/airflow/dags/etl_clickhouse.py
[2025-10-29T19:11:38.078+0000] {processor.py:830} INFO - Processing file /opt/airflow/dags/etl_clickhouse.py for tasks to queue
[2025-10-29T19:11:38.081+0000] {logging_mixin.py:188} INFO - [2025-10-29T19:11:38.080+0000] {dagbag.py:545} INFO - Filling up the DagBag from /opt/airflow/dags/etl_clickhouse.py
[2025-10-29T19:11:38.918+0000] {processor.py:840} INFO - DAG(s) 'move_data_to_clickhouse' retrieved from /opt/airflow/dags/etl_clickhouse.py
[2025-10-29T19:11:38.976+0000] {logging_mixin.py:188} INFO - [2025-10-29T19:11:38.976+0000] {dag.py:3096} INFO - Sync 1 DAGs
[2025-10-29T19:11:39.002+0000] {logging_mixin.py:188} INFO - [2025-10-29T19:11:39.002+0000] {dag.py:3954} INFO - Setting next_dagrun for move_data_to_clickhouse to None, run_after=None
[2025-10-29T19:11:39.071+0000] {processor.py:183} INFO - Processing /opt/airflow/dags/etl_clickhouse.py took 1.005 seconds
[2025-10-29T19:12:09.579+0000] {processor.py:161} INFO - Started process (PID=5624) to work on /opt/airflow/dags/etl_clickhouse.py
[2025-10-29T19:12:09.581+0000] {processor.py:830} INFO - Processing file /opt/airflow/dags/etl_clickhouse.py for tasks to queue
[2025-10-29T19:12:09.584+0000] {logging_mixin.py:188} INFO - [2025-10-29T19:12:09.583+0000] {dagbag.py:545} INFO - Filling up the DagBag from /opt/airflow/dags/etl_clickhouse.py
[2025-10-29T19:12:10.476+0000] {processor.py:840} INFO - DAG(s) 'move_data_to_clickhouse' retrieved from /opt/airflow/dags/etl_clickhouse.py
[2025-10-29T19:12:10.514+0000] {logging_mixin.py:188} INFO - [2025-10-29T19:12:10.514+0000] {dag.py:3096} INFO - Sync 1 DAGs
[2025-10-29T19:12:10.528+0000] {logging_mixin.py:188} INFO - [2025-10-29T19:12:10.528+0000] {dag.py:3954} INFO - Setting next_dagrun for move_data_to_clickhouse to None, run_after=None
[2025-10-29T19:12:10.558+0000] {processor.py:183} INFO - Processing /opt/airflow/dags/etl_clickhouse.py took 0.990 seconds
[2025-10-29T19:12:41.020+0000] {processor.py:161} INFO - Started process (PID=5636) to work on /opt/airflow/dags/etl_clickhouse.py
[2025-10-29T19:12:41.022+0000] {processor.py:830} INFO - Processing file /opt/airflow/dags/etl_clickhouse.py for tasks to queue
[2025-10-29T19:12:41.025+0000] {logging_mixin.py:188} INFO - [2025-10-29T19:12:41.024+0000] {dagbag.py:545} INFO - Filling up the DagBag from /opt/airflow/dags/etl_clickhouse.py
[2025-10-29T19:12:41.711+0000] {processor.py:840} INFO - DAG(s) 'move_data_to_clickhouse' retrieved from /opt/airflow/dags/etl_clickhouse.py
[2025-10-29T19:12:41.743+0000] {logging_mixin.py:188} INFO - [2025-10-29T19:12:41.743+0000] {dag.py:3096} INFO - Sync 1 DAGs
[2025-10-29T19:12:41.759+0000] {logging_mixin.py:188} INFO - [2025-10-29T19:12:41.758+0000] {dag.py:3954} INFO - Setting next_dagrun for move_data_to_clickhouse to None, run_after=None
[2025-10-29T19:12:41.781+0000] {processor.py:183} INFO - Processing /opt/airflow/dags/etl_clickhouse.py took 0.772 seconds
[2025-10-29T19:13:12.172+0000] {processor.py:161} INFO - Started process (PID=5648) to work on /opt/airflow/dags/etl_clickhouse.py
[2025-10-29T19:13:12.173+0000] {processor.py:830} INFO - Processing file /opt/airflow/dags/etl_clickhouse.py for tasks to queue
[2025-10-29T19:13:12.176+0000] {logging_mixin.py:188} INFO - [2025-10-29T19:13:12.175+0000] {dagbag.py:545} INFO - Filling up the DagBag from /opt/airflow/dags/etl_clickhouse.py
[2025-10-29T19:13:12.906+0000] {processor.py:840} INFO - DAG(s) 'move_data_to_clickhouse' retrieved from /opt/airflow/dags/etl_clickhouse.py
[2025-10-29T19:13:12.945+0000] {logging_mixin.py:188} INFO - [2025-10-29T19:13:12.944+0000] {dag.py:3096} INFO - Sync 1 DAGs
[2025-10-29T19:13:12.957+0000] {logging_mixin.py:188} INFO - [2025-10-29T19:13:12.957+0000] {dag.py:3954} INFO - Setting next_dagrun for move_data_to_clickhouse to None, run_after=None
[2025-10-29T19:13:12.981+0000] {processor.py:183} INFO - Processing /opt/airflow/dags/etl_clickhouse.py took 0.818 seconds
[2025-10-29T19:13:43.348+0000] {processor.py:161} INFO - Started process (PID=5660) to work on /opt/airflow/dags/etl_clickhouse.py
[2025-10-29T19:13:43.350+0000] {processor.py:830} INFO - Processing file /opt/airflow/dags/etl_clickhouse.py for tasks to queue
[2025-10-29T19:13:43.353+0000] {logging_mixin.py:188} INFO - [2025-10-29T19:13:43.352+0000] {dagbag.py:545} INFO - Filling up the DagBag from /opt/airflow/dags/etl_clickhouse.py
[2025-10-29T19:13:44.061+0000] {processor.py:840} INFO - DAG(s) 'move_data_to_clickhouse' retrieved from /opt/airflow/dags/etl_clickhouse.py
[2025-10-29T19:13:44.102+0000] {logging_mixin.py:188} INFO - [2025-10-29T19:13:44.102+0000] {dag.py:3096} INFO - Sync 1 DAGs
[2025-10-29T19:13:44.115+0000] {logging_mixin.py:188} INFO - [2025-10-29T19:13:44.115+0000] {dag.py:3954} INFO - Setting next_dagrun for move_data_to_clickhouse to None, run_after=None
[2025-10-29T19:13:44.138+0000] {processor.py:183} INFO - Processing /opt/airflow/dags/etl_clickhouse.py took 0.798 seconds
[2025-10-29T19:14:14.569+0000] {processor.py:161} INFO - Started process (PID=5672) to work on /opt/airflow/dags/etl_clickhouse.py
[2025-10-29T19:14:14.571+0000] {processor.py:830} INFO - Processing file /opt/airflow/dags/etl_clickhouse.py for tasks to queue
[2025-10-29T19:14:14.574+0000] {logging_mixin.py:188} INFO - [2025-10-29T19:14:14.573+0000] {dagbag.py:545} INFO - Filling up the DagBag from /opt/airflow/dags/etl_clickhouse.py
[2025-10-29T19:14:15.258+0000] {processor.py:840} INFO - DAG(s) 'move_data_to_clickhouse' retrieved from /opt/airflow/dags/etl_clickhouse.py
[2025-10-29T19:14:15.291+0000] {logging_mixin.py:188} INFO - [2025-10-29T19:14:15.291+0000] {dag.py:3096} INFO - Sync 1 DAGs
[2025-10-29T19:14:15.304+0000] {logging_mixin.py:188} INFO - [2025-10-29T19:14:15.303+0000] {dag.py:3954} INFO - Setting next_dagrun for move_data_to_clickhouse to None, run_after=None
[2025-10-29T19:14:15.327+0000] {processor.py:183} INFO - Processing /opt/airflow/dags/etl_clickhouse.py took 0.769 seconds
[2025-10-29T19:14:45.775+0000] {processor.py:161} INFO - Started process (PID=5684) to work on /opt/airflow/dags/etl_clickhouse.py
[2025-10-29T19:14:45.776+0000] {processor.py:830} INFO - Processing file /opt/airflow/dags/etl_clickhouse.py for tasks to queue
[2025-10-29T19:14:45.779+0000] {logging_mixin.py:188} INFO - [2025-10-29T19:14:45.778+0000] {dagbag.py:545} INFO - Filling up the DagBag from /opt/airflow/dags/etl_clickhouse.py
[2025-10-29T19:14:46.514+0000] {processor.py:840} INFO - DAG(s) 'move_data_to_clickhouse' retrieved from /opt/airflow/dags/etl_clickhouse.py
[2025-10-29T19:14:46.556+0000] {logging_mixin.py:188} INFO - [2025-10-29T19:14:46.555+0000] {dag.py:3096} INFO - Sync 1 DAGs
[2025-10-29T19:14:46.575+0000] {logging_mixin.py:188} INFO - [2025-10-29T19:14:46.574+0000] {dag.py:3954} INFO - Setting next_dagrun for move_data_to_clickhouse to None, run_after=None
[2025-10-29T19:14:46.605+0000] {processor.py:183} INFO - Processing /opt/airflow/dags/etl_clickhouse.py took 0.840 seconds
[2025-10-29T19:15:17.009+0000] {processor.py:161} INFO - Started process (PID=5696) to work on /opt/airflow/dags/etl_clickhouse.py
[2025-10-29T19:15:17.011+0000] {processor.py:830} INFO - Processing file /opt/airflow/dags/etl_clickhouse.py for tasks to queue
[2025-10-29T19:15:17.014+0000] {logging_mixin.py:188} INFO - [2025-10-29T19:15:17.013+0000] {dagbag.py:545} INFO - Filling up the DagBag from /opt/airflow/dags/etl_clickhouse.py
[2025-10-29T19:15:17.686+0000] {processor.py:840} INFO - DAG(s) 'move_data_to_clickhouse' retrieved from /opt/airflow/dags/etl_clickhouse.py
[2025-10-29T19:15:17.720+0000] {logging_mixin.py:188} INFO - [2025-10-29T19:15:17.719+0000] {dag.py:3096} INFO - Sync 1 DAGs
[2025-10-29T19:15:17.732+0000] {logging_mixin.py:188} INFO - [2025-10-29T19:15:17.732+0000] {dag.py:3954} INFO - Setting next_dagrun for move_data_to_clickhouse to None, run_after=None
[2025-10-29T19:15:17.757+0000] {processor.py:183} INFO - Processing /opt/airflow/dags/etl_clickhouse.py took 0.759 seconds
[2025-10-29T19:15:48.135+0000] {processor.py:161} INFO - Started process (PID=5708) to work on /opt/airflow/dags/etl_clickhouse.py
[2025-10-29T19:15:48.137+0000] {processor.py:830} INFO - Processing file /opt/airflow/dags/etl_clickhouse.py for tasks to queue
[2025-10-29T19:15:48.140+0000] {logging_mixin.py:188} INFO - [2025-10-29T19:15:48.139+0000] {dagbag.py:545} INFO - Filling up the DagBag from /opt/airflow/dags/etl_clickhouse.py
[2025-10-29T19:15:48.973+0000] {processor.py:840} INFO - DAG(s) 'move_data_to_clickhouse' retrieved from /opt/airflow/dags/etl_clickhouse.py
[2025-10-29T19:15:49.021+0000] {logging_mixin.py:188} INFO - [2025-10-29T19:15:49.020+0000] {dag.py:3096} INFO - Sync 1 DAGs
[2025-10-29T19:15:49.045+0000] {logging_mixin.py:188} INFO - [2025-10-29T19:15:49.045+0000] {dag.py:3954} INFO - Setting next_dagrun for move_data_to_clickhouse to None, run_after=None
[2025-10-29T19:15:49.080+0000] {processor.py:183} INFO - Processing /opt/airflow/dags/etl_clickhouse.py took 0.956 seconds
[2025-10-29T19:16:19.458+0000] {processor.py:161} INFO - Started process (PID=5720) to work on /opt/airflow/dags/etl_clickhouse.py
[2025-10-29T19:16:19.459+0000] {processor.py:830} INFO - Processing file /opt/airflow/dags/etl_clickhouse.py for tasks to queue
[2025-10-29T19:16:19.462+0000] {logging_mixin.py:188} INFO - [2025-10-29T19:16:19.462+0000] {dagbag.py:545} INFO - Filling up the DagBag from /opt/airflow/dags/etl_clickhouse.py
[2025-10-29T19:16:20.157+0000] {processor.py:840} INFO - DAG(s) 'move_data_to_clickhouse' retrieved from /opt/airflow/dags/etl_clickhouse.py
[2025-10-29T19:16:20.193+0000] {logging_mixin.py:188} INFO - [2025-10-29T19:16:20.192+0000] {dag.py:3096} INFO - Sync 1 DAGs
[2025-10-29T19:16:20.208+0000] {logging_mixin.py:188} INFO - [2025-10-29T19:16:20.208+0000] {dag.py:3954} INFO - Setting next_dagrun for move_data_to_clickhouse to None, run_after=None
[2025-10-29T19:16:20.234+0000] {processor.py:183} INFO - Processing /opt/airflow/dags/etl_clickhouse.py took 0.786 seconds
[2025-10-29T19:16:50.634+0000] {processor.py:161} INFO - Started process (PID=5732) to work on /opt/airflow/dags/etl_clickhouse.py
[2025-10-29T19:16:50.636+0000] {processor.py:830} INFO - Processing file /opt/airflow/dags/etl_clickhouse.py for tasks to queue
[2025-10-29T19:16:50.639+0000] {logging_mixin.py:188} INFO - [2025-10-29T19:16:50.639+0000] {dagbag.py:545} INFO - Filling up the DagBag from /opt/airflow/dags/etl_clickhouse.py
[2025-10-29T19:16:51.288+0000] {processor.py:840} INFO - DAG(s) 'move_data_to_clickhouse' retrieved from /opt/airflow/dags/etl_clickhouse.py
[2025-10-29T19:16:51.319+0000] {logging_mixin.py:188} INFO - [2025-10-29T19:16:51.319+0000] {dag.py:3096} INFO - Sync 1 DAGs
[2025-10-29T19:16:51.332+0000] {logging_mixin.py:188} INFO - [2025-10-29T19:16:51.332+0000] {dag.py:3954} INFO - Setting next_dagrun for move_data_to_clickhouse to None, run_after=None
[2025-10-29T19:16:51.356+0000] {processor.py:183} INFO - Processing /opt/airflow/dags/etl_clickhouse.py took 0.731 seconds
[2025-10-29T19:17:21.794+0000] {processor.py:161} INFO - Started process (PID=5744) to work on /opt/airflow/dags/etl_clickhouse.py
[2025-10-29T19:17:21.796+0000] {processor.py:830} INFO - Processing file /opt/airflow/dags/etl_clickhouse.py for tasks to queue
[2025-10-29T19:17:21.799+0000] {logging_mixin.py:188} INFO - [2025-10-29T19:17:21.798+0000] {dagbag.py:545} INFO - Filling up the DagBag from /opt/airflow/dags/etl_clickhouse.py
[2025-10-29T19:17:22.655+0000] {processor.py:840} INFO - DAG(s) 'move_data_to_clickhouse' retrieved from /opt/airflow/dags/etl_clickhouse.py
[2025-10-29T19:17:22.693+0000] {logging_mixin.py:188} INFO - [2025-10-29T19:17:22.693+0000] {dag.py:3096} INFO - Sync 1 DAGs
[2025-10-29T19:17:22.711+0000] {logging_mixin.py:188} INFO - [2025-10-29T19:17:22.711+0000] {dag.py:3954} INFO - Setting next_dagrun for move_data_to_clickhouse to None, run_after=None
[2025-10-29T19:17:22.742+0000] {processor.py:183} INFO - Processing /opt/airflow/dags/etl_clickhouse.py took 0.958 seconds
[2025-10-29T19:17:53.255+0000] {processor.py:161} INFO - Started process (PID=5756) to work on /opt/airflow/dags/etl_clickhouse.py
[2025-10-29T19:17:53.258+0000] {processor.py:830} INFO - Processing file /opt/airflow/dags/etl_clickhouse.py for tasks to queue
[2025-10-29T19:17:53.264+0000] {logging_mixin.py:188} INFO - [2025-10-29T19:17:53.263+0000] {dagbag.py:545} INFO - Filling up the DagBag from /opt/airflow/dags/etl_clickhouse.py
[2025-10-29T19:17:54.285+0000] {processor.py:840} INFO - DAG(s) 'move_data_to_clickhouse' retrieved from /opt/airflow/dags/etl_clickhouse.py
[2025-10-29T19:17:54.323+0000] {logging_mixin.py:188} INFO - [2025-10-29T19:17:54.323+0000] {dag.py:3096} INFO - Sync 1 DAGs
[2025-10-29T19:17:54.339+0000] {logging_mixin.py:188} INFO - [2025-10-29T19:17:54.338+0000] {dag.py:3954} INFO - Setting next_dagrun for move_data_to_clickhouse to None, run_after=None
[2025-10-29T19:17:54.371+0000] {processor.py:183} INFO - Processing /opt/airflow/dags/etl_clickhouse.py took 1.136 seconds
[2025-10-29T19:18:24.847+0000] {processor.py:161} INFO - Started process (PID=5768) to work on /opt/airflow/dags/etl_clickhouse.py
[2025-10-29T19:18:24.849+0000] {processor.py:830} INFO - Processing file /opt/airflow/dags/etl_clickhouse.py for tasks to queue
[2025-10-29T19:18:24.852+0000] {logging_mixin.py:188} INFO - [2025-10-29T19:18:24.851+0000] {dagbag.py:545} INFO - Filling up the DagBag from /opt/airflow/dags/etl_clickhouse.py
[2025-10-29T19:18:25.511+0000] {processor.py:840} INFO - DAG(s) 'move_data_to_clickhouse' retrieved from /opt/airflow/dags/etl_clickhouse.py
[2025-10-29T19:18:25.542+0000] {logging_mixin.py:188} INFO - [2025-10-29T19:18:25.541+0000] {dag.py:3096} INFO - Sync 1 DAGs
[2025-10-29T19:18:25.555+0000] {logging_mixin.py:188} INFO - [2025-10-29T19:18:25.555+0000] {dag.py:3954} INFO - Setting next_dagrun for move_data_to_clickhouse to None, run_after=None
[2025-10-29T19:18:25.580+0000] {processor.py:183} INFO - Processing /opt/airflow/dags/etl_clickhouse.py took 0.744 seconds
[2025-10-29T19:18:56.076+0000] {processor.py:161} INFO - Started process (PID=5780) to work on /opt/airflow/dags/etl_clickhouse.py
[2025-10-29T19:18:56.078+0000] {processor.py:830} INFO - Processing file /opt/airflow/dags/etl_clickhouse.py for tasks to queue
[2025-10-29T19:18:56.080+0000] {logging_mixin.py:188} INFO - [2025-10-29T19:18:56.080+0000] {dagbag.py:545} INFO - Filling up the DagBag from /opt/airflow/dags/etl_clickhouse.py
[2025-10-29T19:18:56.793+0000] {processor.py:840} INFO - DAG(s) 'move_data_to_clickhouse' retrieved from /opt/airflow/dags/etl_clickhouse.py
[2025-10-29T19:18:56.828+0000] {logging_mixin.py:188} INFO - [2025-10-29T19:18:56.827+0000] {dag.py:3096} INFO - Sync 1 DAGs
[2025-10-29T19:18:56.843+0000] {logging_mixin.py:188} INFO - [2025-10-29T19:18:56.843+0000] {dag.py:3954} INFO - Setting next_dagrun for move_data_to_clickhouse to None, run_after=None
[2025-10-29T19:18:56.866+0000] {processor.py:183} INFO - Processing /opt/airflow/dags/etl_clickhouse.py took 0.803 seconds
[2025-10-29T19:19:27.230+0000] {processor.py:161} INFO - Started process (PID=5792) to work on /opt/airflow/dags/etl_clickhouse.py
[2025-10-29T19:19:27.232+0000] {processor.py:830} INFO - Processing file /opt/airflow/dags/etl_clickhouse.py for tasks to queue
[2025-10-29T19:19:27.235+0000] {logging_mixin.py:188} INFO - [2025-10-29T19:19:27.234+0000] {dagbag.py:545} INFO - Filling up the DagBag from /opt/airflow/dags/etl_clickhouse.py
[2025-10-29T19:19:27.870+0000] {processor.py:840} INFO - DAG(s) 'move_data_to_clickhouse' retrieved from /opt/airflow/dags/etl_clickhouse.py
[2025-10-29T19:19:27.904+0000] {logging_mixin.py:188} INFO - [2025-10-29T19:19:27.903+0000] {dag.py:3096} INFO - Sync 1 DAGs
[2025-10-29T19:19:27.916+0000] {logging_mixin.py:188} INFO - [2025-10-29T19:19:27.916+0000] {dag.py:3954} INFO - Setting next_dagrun for move_data_to_clickhouse to None, run_after=None
[2025-10-29T19:19:27.954+0000] {processor.py:183} INFO - Processing /opt/airflow/dags/etl_clickhouse.py took 0.733 seconds
[2025-10-29T19:19:58.337+0000] {processor.py:161} INFO - Started process (PID=5804) to work on /opt/airflow/dags/etl_clickhouse.py
[2025-10-29T19:19:58.338+0000] {processor.py:830} INFO - Processing file /opt/airflow/dags/etl_clickhouse.py for tasks to queue
[2025-10-29T19:19:58.341+0000] {logging_mixin.py:188} INFO - [2025-10-29T19:19:58.340+0000] {dagbag.py:545} INFO - Filling up the DagBag from /opt/airflow/dags/etl_clickhouse.py
[2025-10-29T19:19:59.048+0000] {processor.py:840} INFO - DAG(s) 'move_data_to_clickhouse' retrieved from /opt/airflow/dags/etl_clickhouse.py
[2025-10-29T19:19:59.081+0000] {logging_mixin.py:188} INFO - [2025-10-29T19:19:59.081+0000] {dag.py:3096} INFO - Sync 1 DAGs
[2025-10-29T19:19:59.094+0000] {logging_mixin.py:188} INFO - [2025-10-29T19:19:59.093+0000] {dag.py:3954} INFO - Setting next_dagrun for move_data_to_clickhouse to None, run_after=None
[2025-10-29T19:19:59.117+0000] {processor.py:183} INFO - Processing /opt/airflow/dags/etl_clickhouse.py took 0.790 seconds
[2025-10-29T19:20:29.527+0000] {processor.py:161} INFO - Started process (PID=5816) to work on /opt/airflow/dags/etl_clickhouse.py
[2025-10-29T19:20:29.529+0000] {processor.py:830} INFO - Processing file /opt/airflow/dags/etl_clickhouse.py for tasks to queue
[2025-10-29T19:20:29.533+0000] {logging_mixin.py:188} INFO - [2025-10-29T19:20:29.532+0000] {dagbag.py:545} INFO - Filling up the DagBag from /opt/airflow/dags/etl_clickhouse.py
[2025-10-29T19:20:30.379+0000] {processor.py:840} INFO - DAG(s) 'move_data_to_clickhouse' retrieved from /opt/airflow/dags/etl_clickhouse.py
[2025-10-29T19:20:30.416+0000] {logging_mixin.py:188} INFO - [2025-10-29T19:20:30.415+0000] {dag.py:3096} INFO - Sync 1 DAGs
[2025-10-29T19:20:30.431+0000] {logging_mixin.py:188} INFO - [2025-10-29T19:20:30.430+0000] {dag.py:3954} INFO - Setting next_dagrun for move_data_to_clickhouse to None, run_after=None
[2025-10-29T19:20:30.464+0000] {processor.py:183} INFO - Processing /opt/airflow/dags/etl_clickhouse.py took 0.953 seconds
[2025-10-29T19:21:00.913+0000] {processor.py:161} INFO - Started process (PID=5828) to work on /opt/airflow/dags/etl_clickhouse.py
[2025-10-29T19:21:00.915+0000] {processor.py:830} INFO - Processing file /opt/airflow/dags/etl_clickhouse.py for tasks to queue
[2025-10-29T19:21:00.918+0000] {logging_mixin.py:188} INFO - [2025-10-29T19:21:00.917+0000] {dagbag.py:545} INFO - Filling up the DagBag from /opt/airflow/dags/etl_clickhouse.py
[2025-10-29T19:21:01.625+0000] {processor.py:840} INFO - DAG(s) 'move_data_to_clickhouse' retrieved from /opt/airflow/dags/etl_clickhouse.py
[2025-10-29T19:21:01.657+0000] {logging_mixin.py:188} INFO - [2025-10-29T19:21:01.656+0000] {dag.py:3096} INFO - Sync 1 DAGs
[2025-10-29T19:21:01.669+0000] {logging_mixin.py:188} INFO - [2025-10-29T19:21:01.669+0000] {dag.py:3954} INFO - Setting next_dagrun for move_data_to_clickhouse to None, run_after=None
[2025-10-29T19:21:01.695+0000] {processor.py:183} INFO - Processing /opt/airflow/dags/etl_clickhouse.py took 0.791 seconds
[2025-10-29T19:21:32.140+0000] {processor.py:161} INFO - Started process (PID=5840) to work on /opt/airflow/dags/etl_clickhouse.py
[2025-10-29T19:21:32.142+0000] {processor.py:830} INFO - Processing file /opt/airflow/dags/etl_clickhouse.py for tasks to queue
[2025-10-29T19:21:32.145+0000] {logging_mixin.py:188} INFO - [2025-10-29T19:21:32.144+0000] {dagbag.py:545} INFO - Filling up the DagBag from /opt/airflow/dags/etl_clickhouse.py
[2025-10-29T19:21:32.818+0000] {processor.py:840} INFO - DAG(s) 'move_data_to_clickhouse' retrieved from /opt/airflow/dags/etl_clickhouse.py
[2025-10-29T19:21:32.851+0000] {logging_mixin.py:188} INFO - [2025-10-29T19:21:32.851+0000] {dag.py:3096} INFO - Sync 1 DAGs
[2025-10-29T19:21:32.864+0000] {logging_mixin.py:188} INFO - [2025-10-29T19:21:32.864+0000] {dag.py:3954} INFO - Setting next_dagrun for move_data_to_clickhouse to None, run_after=None
[2025-10-29T19:21:32.890+0000] {processor.py:183} INFO - Processing /opt/airflow/dags/etl_clickhouse.py took 0.759 seconds
[2025-10-29T19:22:03.469+0000] {processor.py:161} INFO - Started process (PID=5852) to work on /opt/airflow/dags/etl_clickhouse.py
[2025-10-29T19:22:03.470+0000] {processor.py:830} INFO - Processing file /opt/airflow/dags/etl_clickhouse.py for tasks to queue
[2025-10-29T19:22:03.473+0000] {logging_mixin.py:188} INFO - [2025-10-29T19:22:03.472+0000] {dagbag.py:545} INFO - Filling up the DagBag from /opt/airflow/dags/etl_clickhouse.py
[2025-10-29T19:22:04.175+0000] {processor.py:840} INFO - DAG(s) 'move_data_to_clickhouse' retrieved from /opt/airflow/dags/etl_clickhouse.py
[2025-10-29T19:22:04.209+0000] {logging_mixin.py:188} INFO - [2025-10-29T19:22:04.208+0000] {dag.py:3096} INFO - Sync 1 DAGs
[2025-10-29T19:22:04.221+0000] {logging_mixin.py:188} INFO - [2025-10-29T19:22:04.220+0000] {dag.py:3954} INFO - Setting next_dagrun for move_data_to_clickhouse to None, run_after=None
[2025-10-29T19:22:04.243+0000] {processor.py:183} INFO - Processing /opt/airflow/dags/etl_clickhouse.py took 0.783 seconds
[2025-10-29T19:22:34.675+0000] {processor.py:161} INFO - Started process (PID=5864) to work on /opt/airflow/dags/etl_clickhouse.py
[2025-10-29T19:22:34.677+0000] {processor.py:830} INFO - Processing file /opt/airflow/dags/etl_clickhouse.py for tasks to queue
[2025-10-29T19:22:34.679+0000] {logging_mixin.py:188} INFO - [2025-10-29T19:22:34.679+0000] {dagbag.py:545} INFO - Filling up the DagBag from /opt/airflow/dags/etl_clickhouse.py
[2025-10-29T19:22:35.350+0000] {processor.py:840} INFO - DAG(s) 'move_data_to_clickhouse' retrieved from /opt/airflow/dags/etl_clickhouse.py
[2025-10-29T19:22:35.383+0000] {logging_mixin.py:188} INFO - [2025-10-29T19:22:35.383+0000] {dag.py:3096} INFO - Sync 1 DAGs
[2025-10-29T19:22:35.396+0000] {logging_mixin.py:188} INFO - [2025-10-29T19:22:35.396+0000] {dag.py:3954} INFO - Setting next_dagrun for move_data_to_clickhouse to None, run_after=None
[2025-10-29T19:22:35.418+0000] {processor.py:183} INFO - Processing /opt/airflow/dags/etl_clickhouse.py took 0.753 seconds
[2025-10-29T19:23:05.900+0000] {processor.py:161} INFO - Started process (PID=5876) to work on /opt/airflow/dags/etl_clickhouse.py
[2025-10-29T19:23:05.901+0000] {processor.py:830} INFO - Processing file /opt/airflow/dags/etl_clickhouse.py for tasks to queue
[2025-10-29T19:23:05.904+0000] {logging_mixin.py:188} INFO - [2025-10-29T19:23:05.903+0000] {dagbag.py:545} INFO - Filling up the DagBag from /opt/airflow/dags/etl_clickhouse.py
[2025-10-29T19:23:06.654+0000] {processor.py:840} INFO - DAG(s) 'move_data_to_clickhouse' retrieved from /opt/airflow/dags/etl_clickhouse.py
[2025-10-29T19:23:06.688+0000] {logging_mixin.py:188} INFO - [2025-10-29T19:23:06.687+0000] {dag.py:3096} INFO - Sync 1 DAGs
[2025-10-29T19:23:06.701+0000] {logging_mixin.py:188} INFO - [2025-10-29T19:23:06.700+0000] {dag.py:3954} INFO - Setting next_dagrun for move_data_to_clickhouse to None, run_after=None
[2025-10-29T19:23:06.724+0000] {processor.py:183} INFO - Processing /opt/airflow/dags/etl_clickhouse.py took 0.833 seconds
[2025-10-29T19:23:37.096+0000] {processor.py:161} INFO - Started process (PID=5888) to work on /opt/airflow/dags/etl_clickhouse.py
[2025-10-29T19:23:37.097+0000] {processor.py:830} INFO - Processing file /opt/airflow/dags/etl_clickhouse.py for tasks to queue
[2025-10-29T19:23:37.100+0000] {logging_mixin.py:188} INFO - [2025-10-29T19:23:37.099+0000] {dagbag.py:545} INFO - Filling up the DagBag from /opt/airflow/dags/etl_clickhouse.py
[2025-10-29T19:23:37.815+0000] {processor.py:840} INFO - DAG(s) 'move_data_to_clickhouse' retrieved from /opt/airflow/dags/etl_clickhouse.py
[2025-10-29T19:23:37.848+0000] {logging_mixin.py:188} INFO - [2025-10-29T19:23:37.847+0000] {dag.py:3096} INFO - Sync 1 DAGs
[2025-10-29T19:23:37.861+0000] {logging_mixin.py:188} INFO - [2025-10-29T19:23:37.861+0000] {dag.py:3954} INFO - Setting next_dagrun for move_data_to_clickhouse to None, run_after=None
[2025-10-29T19:23:37.887+0000] {processor.py:183} INFO - Processing /opt/airflow/dags/etl_clickhouse.py took 0.800 seconds
[2025-10-29T19:24:08.250+0000] {processor.py:161} INFO - Started process (PID=5900) to work on /opt/airflow/dags/etl_clickhouse.py
[2025-10-29T19:24:08.251+0000] {processor.py:830} INFO - Processing file /opt/airflow/dags/etl_clickhouse.py for tasks to queue
[2025-10-29T19:24:08.254+0000] {logging_mixin.py:188} INFO - [2025-10-29T19:24:08.253+0000] {dagbag.py:545} INFO - Filling up the DagBag from /opt/airflow/dags/etl_clickhouse.py
[2025-10-29T19:24:09.050+0000] {processor.py:840} INFO - DAG(s) 'move_data_to_clickhouse' retrieved from /opt/airflow/dags/etl_clickhouse.py
[2025-10-29T19:24:09.086+0000] {logging_mixin.py:188} INFO - [2025-10-29T19:24:09.086+0000] {dag.py:3096} INFO - Sync 1 DAGs
[2025-10-29T19:24:09.099+0000] {logging_mixin.py:188} INFO - [2025-10-29T19:24:09.098+0000] {dag.py:3954} INFO - Setting next_dagrun for move_data_to_clickhouse to None, run_after=None
[2025-10-29T19:24:09.129+0000] {processor.py:183} INFO - Processing /opt/airflow/dags/etl_clickhouse.py took 0.889 seconds
[2025-10-29T19:24:39.477+0000] {processor.py:161} INFO - Started process (PID=5912) to work on /opt/airflow/dags/etl_clickhouse.py
[2025-10-29T19:24:39.479+0000] {processor.py:830} INFO - Processing file /opt/airflow/dags/etl_clickhouse.py for tasks to queue
[2025-10-29T19:24:39.483+0000] {logging_mixin.py:188} INFO - [2025-10-29T19:24:39.482+0000] {dagbag.py:545} INFO - Filling up the DagBag from /opt/airflow/dags/etl_clickhouse.py
[2025-10-29T19:24:40.275+0000] {processor.py:840} INFO - DAG(s) 'move_data_to_clickhouse' retrieved from /opt/airflow/dags/etl_clickhouse.py
[2025-10-29T19:24:40.308+0000] {logging_mixin.py:188} INFO - [2025-10-29T19:24:40.308+0000] {dag.py:3096} INFO - Sync 1 DAGs
[2025-10-29T19:24:40.321+0000] {logging_mixin.py:188} INFO - [2025-10-29T19:24:40.321+0000] {dag.py:3954} INFO - Setting next_dagrun for move_data_to_clickhouse to None, run_after=None
[2025-10-29T19:24:40.344+0000] {processor.py:183} INFO - Processing /opt/airflow/dags/etl_clickhouse.py took 0.876 seconds
[2025-10-29T19:25:10.784+0000] {processor.py:161} INFO - Started process (PID=5924) to work on /opt/airflow/dags/etl_clickhouse.py
[2025-10-29T19:25:10.786+0000] {processor.py:830} INFO - Processing file /opt/airflow/dags/etl_clickhouse.py for tasks to queue
[2025-10-29T19:25:10.789+0000] {logging_mixin.py:188} INFO - [2025-10-29T19:25:10.788+0000] {dagbag.py:545} INFO - Filling up the DagBag from /opt/airflow/dags/etl_clickhouse.py
[2025-10-29T19:25:11.456+0000] {processor.py:840} INFO - DAG(s) 'move_data_to_clickhouse' retrieved from /opt/airflow/dags/etl_clickhouse.py
[2025-10-29T19:25:11.497+0000] {logging_mixin.py:188} INFO - [2025-10-29T19:25:11.497+0000] {dag.py:3096} INFO - Sync 1 DAGs
[2025-10-29T19:25:11.511+0000] {logging_mixin.py:188} INFO - [2025-10-29T19:25:11.510+0000] {dag.py:3954} INFO - Setting next_dagrun for move_data_to_clickhouse to None, run_after=None
[2025-10-29T19:25:11.532+0000] {processor.py:183} INFO - Processing /opt/airflow/dags/etl_clickhouse.py took 0.757 seconds
[2025-10-29T19:25:42.059+0000] {processor.py:161} INFO - Started process (PID=5936) to work on /opt/airflow/dags/etl_clickhouse.py
[2025-10-29T19:25:42.060+0000] {processor.py:830} INFO - Processing file /opt/airflow/dags/etl_clickhouse.py for tasks to queue
[2025-10-29T19:25:42.064+0000] {logging_mixin.py:188} INFO - [2025-10-29T19:25:42.063+0000] {dagbag.py:545} INFO - Filling up the DagBag from /opt/airflow/dags/etl_clickhouse.py
[2025-10-29T19:25:42.956+0000] {processor.py:840} INFO - DAG(s) 'move_data_to_clickhouse' retrieved from /opt/airflow/dags/etl_clickhouse.py
[2025-10-29T19:25:42.996+0000] {logging_mixin.py:188} INFO - [2025-10-29T19:25:42.995+0000] {dag.py:3096} INFO - Sync 1 DAGs
[2025-10-29T19:25:43.013+0000] {logging_mixin.py:188} INFO - [2025-10-29T19:25:43.012+0000] {dag.py:3954} INFO - Setting next_dagrun for move_data_to_clickhouse to None, run_after=None
[2025-10-29T19:25:43.043+0000] {processor.py:183} INFO - Processing /opt/airflow/dags/etl_clickhouse.py took 1.000 seconds
[2025-10-29T19:26:13.392+0000] {processor.py:161} INFO - Started process (PID=5948) to work on /opt/airflow/dags/etl_clickhouse.py
[2025-10-29T19:26:13.393+0000] {processor.py:830} INFO - Processing file /opt/airflow/dags/etl_clickhouse.py for tasks to queue
[2025-10-29T19:26:13.396+0000] {logging_mixin.py:188} INFO - [2025-10-29T19:26:13.396+0000] {dagbag.py:545} INFO - Filling up the DagBag from /opt/airflow/dags/etl_clickhouse.py
[2025-10-29T19:26:14.252+0000] {processor.py:840} INFO - DAG(s) 'move_data_to_clickhouse' retrieved from /opt/airflow/dags/etl_clickhouse.py
[2025-10-29T19:26:14.295+0000] {logging_mixin.py:188} INFO - [2025-10-29T19:26:14.294+0000] {dag.py:3096} INFO - Sync 1 DAGs
[2025-10-29T19:26:14.311+0000] {logging_mixin.py:188} INFO - [2025-10-29T19:26:14.310+0000] {dag.py:3954} INFO - Setting next_dagrun for move_data_to_clickhouse to None, run_after=None
[2025-10-29T19:26:14.337+0000] {processor.py:183} INFO - Processing /opt/airflow/dags/etl_clickhouse.py took 0.953 seconds
[2025-10-29T19:26:44.791+0000] {processor.py:161} INFO - Started process (PID=5960) to work on /opt/airflow/dags/etl_clickhouse.py
[2025-10-29T19:26:44.793+0000] {processor.py:830} INFO - Processing file /opt/airflow/dags/etl_clickhouse.py for tasks to queue
[2025-10-29T19:26:44.799+0000] {logging_mixin.py:188} INFO - [2025-10-29T19:26:44.798+0000] {dagbag.py:545} INFO - Filling up the DagBag from /opt/airflow/dags/etl_clickhouse.py
[2025-10-29T19:26:45.596+0000] {processor.py:840} INFO - DAG(s) 'move_data_to_clickhouse' retrieved from /opt/airflow/dags/etl_clickhouse.py
[2025-10-29T19:26:45.630+0000] {logging_mixin.py:188} INFO - [2025-10-29T19:26:45.630+0000] {dag.py:3096} INFO - Sync 1 DAGs
[2025-10-29T19:26:45.645+0000] {logging_mixin.py:188} INFO - [2025-10-29T19:26:45.645+0000] {dag.py:3954} INFO - Setting next_dagrun for move_data_to_clickhouse to None, run_after=None
[2025-10-29T19:26:45.676+0000] {processor.py:183} INFO - Processing /opt/airflow/dags/etl_clickhouse.py took 0.898 seconds
[2025-10-29T19:27:16.118+0000] {processor.py:161} INFO - Started process (PID=5972) to work on /opt/airflow/dags/etl_clickhouse.py
[2025-10-29T19:27:16.119+0000] {processor.py:830} INFO - Processing file /opt/airflow/dags/etl_clickhouse.py for tasks to queue
[2025-10-29T19:27:16.122+0000] {logging_mixin.py:188} INFO - [2025-10-29T19:27:16.122+0000] {dagbag.py:545} INFO - Filling up the DagBag from /opt/airflow/dags/etl_clickhouse.py
[2025-10-29T19:27:16.864+0000] {processor.py:840} INFO - DAG(s) 'move_data_to_clickhouse' retrieved from /opt/airflow/dags/etl_clickhouse.py
[2025-10-29T19:27:16.898+0000] {logging_mixin.py:188} INFO - [2025-10-29T19:27:16.897+0000] {dag.py:3096} INFO - Sync 1 DAGs
[2025-10-29T19:27:16.910+0000] {logging_mixin.py:188} INFO - [2025-10-29T19:27:16.910+0000] {dag.py:3954} INFO - Setting next_dagrun for move_data_to_clickhouse to None, run_after=None
[2025-10-29T19:27:16.936+0000] {processor.py:183} INFO - Processing /opt/airflow/dags/etl_clickhouse.py took 0.831 seconds
[2025-10-29T19:27:47.365+0000] {processor.py:161} INFO - Started process (PID=5984) to work on /opt/airflow/dags/etl_clickhouse.py
[2025-10-29T19:27:47.373+0000] {processor.py:830} INFO - Processing file /opt/airflow/dags/etl_clickhouse.py for tasks to queue
[2025-10-29T19:27:47.382+0000] {logging_mixin.py:188} INFO - [2025-10-29T19:27:47.381+0000] {dagbag.py:545} INFO - Filling up the DagBag from /opt/airflow/dags/etl_clickhouse.py
[2025-10-29T19:27:48.837+0000] {processor.py:840} INFO - DAG(s) 'move_data_to_clickhouse' retrieved from /opt/airflow/dags/etl_clickhouse.py
[2025-10-29T19:27:48.929+0000] {logging_mixin.py:188} INFO - [2025-10-29T19:27:48.929+0000] {dag.py:3096} INFO - Sync 1 DAGs
[2025-10-29T19:27:48.957+0000] {logging_mixin.py:188} INFO - [2025-10-29T19:27:48.957+0000] {dag.py:3954} INFO - Setting next_dagrun for move_data_to_clickhouse to None, run_after=None
[2025-10-29T19:27:49.032+0000] {processor.py:183} INFO - Processing /opt/airflow/dags/etl_clickhouse.py took 1.683 seconds
[2025-10-29T19:28:19.353+0000] {processor.py:161} INFO - Started process (PID=5996) to work on /opt/airflow/dags/etl_clickhouse.py
[2025-10-29T19:28:19.354+0000] {processor.py:830} INFO - Processing file /opt/airflow/dags/etl_clickhouse.py for tasks to queue
[2025-10-29T19:28:19.357+0000] {logging_mixin.py:188} INFO - [2025-10-29T19:28:19.357+0000] {dagbag.py:545} INFO - Filling up the DagBag from /opt/airflow/dags/etl_clickhouse.py
[2025-10-29T19:28:20.053+0000] {processor.py:840} INFO - DAG(s) 'move_data_to_clickhouse' retrieved from /opt/airflow/dags/etl_clickhouse.py
[2025-10-29T19:28:20.088+0000] {logging_mixin.py:188} INFO - [2025-10-29T19:28:20.088+0000] {dag.py:3096} INFO - Sync 1 DAGs
[2025-10-29T19:28:20.101+0000] {logging_mixin.py:188} INFO - [2025-10-29T19:28:20.101+0000] {dag.py:3954} INFO - Setting next_dagrun for move_data_to_clickhouse to None, run_after=None
[2025-10-29T19:28:20.124+0000] {processor.py:183} INFO - Processing /opt/airflow/dags/etl_clickhouse.py took 0.780 seconds
[2025-10-29T19:28:50.666+0000] {processor.py:161} INFO - Started process (PID=6008) to work on /opt/airflow/dags/etl_clickhouse.py
[2025-10-29T19:28:50.667+0000] {processor.py:830} INFO - Processing file /opt/airflow/dags/etl_clickhouse.py for tasks to queue
[2025-10-29T19:28:50.670+0000] {logging_mixin.py:188} INFO - [2025-10-29T19:28:50.669+0000] {dagbag.py:545} INFO - Filling up the DagBag from /opt/airflow/dags/etl_clickhouse.py
[2025-10-29T19:28:51.324+0000] {processor.py:840} INFO - DAG(s) 'move_data_to_clickhouse' retrieved from /opt/airflow/dags/etl_clickhouse.py
[2025-10-29T19:28:51.358+0000] {logging_mixin.py:188} INFO - [2025-10-29T19:28:51.357+0000] {dag.py:3096} INFO - Sync 1 DAGs
[2025-10-29T19:28:51.380+0000] {logging_mixin.py:188} INFO - [2025-10-29T19:28:51.380+0000] {dag.py:3954} INFO - Setting next_dagrun for move_data_to_clickhouse to None, run_after=None
[2025-10-29T19:28:51.405+0000] {processor.py:183} INFO - Processing /opt/airflow/dags/etl_clickhouse.py took 0.750 seconds
[2025-10-29T19:29:21.779+0000] {processor.py:161} INFO - Started process (PID=6020) to work on /opt/airflow/dags/etl_clickhouse.py
[2025-10-29T19:29:21.780+0000] {processor.py:830} INFO - Processing file /opt/airflow/dags/etl_clickhouse.py for tasks to queue
[2025-10-29T19:29:21.783+0000] {logging_mixin.py:188} INFO - [2025-10-29T19:29:21.783+0000] {dagbag.py:545} INFO - Filling up the DagBag from /opt/airflow/dags/etl_clickhouse.py
[2025-10-29T19:29:22.461+0000] {processor.py:840} INFO - DAG(s) 'move_data_to_clickhouse' retrieved from /opt/airflow/dags/etl_clickhouse.py
[2025-10-29T19:29:22.496+0000] {logging_mixin.py:188} INFO - [2025-10-29T19:29:22.496+0000] {dag.py:3096} INFO - Sync 1 DAGs
[2025-10-29T19:29:22.510+0000] {logging_mixin.py:188} INFO - [2025-10-29T19:29:22.509+0000] {dag.py:3954} INFO - Setting next_dagrun for move_data_to_clickhouse to None, run_after=None
[2025-10-29T19:29:22.533+0000] {processor.py:183} INFO - Processing /opt/airflow/dags/etl_clickhouse.py took 0.765 seconds
[2025-10-29T19:29:52.969+0000] {processor.py:161} INFO - Started process (PID=6032) to work on /opt/airflow/dags/etl_clickhouse.py
[2025-10-29T19:29:52.972+0000] {processor.py:830} INFO - Processing file /opt/airflow/dags/etl_clickhouse.py for tasks to queue
[2025-10-29T19:29:52.974+0000] {logging_mixin.py:188} INFO - [2025-10-29T19:29:52.974+0000] {dagbag.py:545} INFO - Filling up the DagBag from /opt/airflow/dags/etl_clickhouse.py
[2025-10-29T19:29:53.798+0000] {processor.py:840} INFO - DAG(s) 'move_data_to_clickhouse' retrieved from /opt/airflow/dags/etl_clickhouse.py
[2025-10-29T19:29:53.908+0000] {logging_mixin.py:188} INFO - [2025-10-29T19:29:53.907+0000] {dag.py:3096} INFO - Sync 1 DAGs
[2025-10-29T19:29:53.929+0000] {logging_mixin.py:188} INFO - [2025-10-29T19:29:53.929+0000] {dag.py:3954} INFO - Setting next_dagrun for move_data_to_clickhouse to None, run_after=None
[2025-10-29T19:29:53.959+0000] {processor.py:183} INFO - Processing /opt/airflow/dags/etl_clickhouse.py took 0.999 seconds
[2025-10-29T19:30:24.426+0000] {processor.py:161} INFO - Started process (PID=6044) to work on /opt/airflow/dags/etl_clickhouse.py
[2025-10-29T19:30:24.427+0000] {processor.py:830} INFO - Processing file /opt/airflow/dags/etl_clickhouse.py for tasks to queue
[2025-10-29T19:30:24.430+0000] {logging_mixin.py:188} INFO - [2025-10-29T19:30:24.430+0000] {dagbag.py:545} INFO - Filling up the DagBag from /opt/airflow/dags/etl_clickhouse.py
[2025-10-29T19:30:25.079+0000] {processor.py:840} INFO - DAG(s) 'move_data_to_clickhouse' retrieved from /opt/airflow/dags/etl_clickhouse.py
[2025-10-29T19:30:25.113+0000] {logging_mixin.py:188} INFO - [2025-10-29T19:30:25.113+0000] {dag.py:3096} INFO - Sync 1 DAGs
[2025-10-29T19:30:25.127+0000] {logging_mixin.py:188} INFO - [2025-10-29T19:30:25.127+0000] {dag.py:3954} INFO - Setting next_dagrun for move_data_to_clickhouse to None, run_after=None
[2025-10-29T19:30:25.150+0000] {processor.py:183} INFO - Processing /opt/airflow/dags/etl_clickhouse.py took 0.736 seconds
[2025-10-29T19:30:55.642+0000] {processor.py:161} INFO - Started process (PID=6056) to work on /opt/airflow/dags/etl_clickhouse.py
[2025-10-29T19:30:55.643+0000] {processor.py:830} INFO - Processing file /opt/airflow/dags/etl_clickhouse.py for tasks to queue
[2025-10-29T19:30:55.646+0000] {logging_mixin.py:188} INFO - [2025-10-29T19:30:55.646+0000] {dagbag.py:545} INFO - Filling up the DagBag from /opt/airflow/dags/etl_clickhouse.py
[2025-10-29T19:30:56.331+0000] {processor.py:840} INFO - DAG(s) 'move_data_to_clickhouse' retrieved from /opt/airflow/dags/etl_clickhouse.py
[2025-10-29T19:30:56.361+0000] {logging_mixin.py:188} INFO - [2025-10-29T19:30:56.361+0000] {dag.py:3096} INFO - Sync 1 DAGs
[2025-10-29T19:30:56.374+0000] {logging_mixin.py:188} INFO - [2025-10-29T19:30:56.373+0000] {dag.py:3954} INFO - Setting next_dagrun for move_data_to_clickhouse to None, run_after=None
[2025-10-29T19:30:56.397+0000] {processor.py:183} INFO - Processing /opt/airflow/dags/etl_clickhouse.py took 0.765 seconds
[2025-10-29T19:31:26.877+0000] {processor.py:161} INFO - Started process (PID=6068) to work on /opt/airflow/dags/etl_clickhouse.py
[2025-10-29T19:31:26.879+0000] {processor.py:830} INFO - Processing file /opt/airflow/dags/etl_clickhouse.py for tasks to queue
[2025-10-29T19:31:26.883+0000] {logging_mixin.py:188} INFO - [2025-10-29T19:31:26.882+0000] {dagbag.py:545} INFO - Filling up the DagBag from /opt/airflow/dags/etl_clickhouse.py
[2025-10-29T19:31:27.613+0000] {processor.py:840} INFO - DAG(s) 'move_data_to_clickhouse' retrieved from /opt/airflow/dags/etl_clickhouse.py
[2025-10-29T19:31:27.648+0000] {logging_mixin.py:188} INFO - [2025-10-29T19:31:27.647+0000] {dag.py:3096} INFO - Sync 1 DAGs
[2025-10-29T19:31:27.661+0000] {logging_mixin.py:188} INFO - [2025-10-29T19:31:27.661+0000] {dag.py:3954} INFO - Setting next_dagrun for move_data_to_clickhouse to None, run_after=None
[2025-10-29T19:31:27.685+0000] {processor.py:183} INFO - Processing /opt/airflow/dags/etl_clickhouse.py took 0.821 seconds
[2025-10-29T19:31:58.082+0000] {processor.py:161} INFO - Started process (PID=6080) to work on /opt/airflow/dags/etl_clickhouse.py
[2025-10-29T19:31:58.084+0000] {processor.py:830} INFO - Processing file /opt/airflow/dags/etl_clickhouse.py for tasks to queue
[2025-10-29T19:31:58.086+0000] {logging_mixin.py:188} INFO - [2025-10-29T19:31:58.086+0000] {dagbag.py:545} INFO - Filling up the DagBag from /opt/airflow/dags/etl_clickhouse.py
[2025-10-29T19:31:58.740+0000] {processor.py:840} INFO - DAG(s) 'move_data_to_clickhouse' retrieved from /opt/airflow/dags/etl_clickhouse.py
[2025-10-29T19:31:58.778+0000] {logging_mixin.py:188} INFO - [2025-10-29T19:31:58.778+0000] {dag.py:3096} INFO - Sync 1 DAGs
[2025-10-29T19:31:58.793+0000] {logging_mixin.py:188} INFO - [2025-10-29T19:31:58.793+0000] {dag.py:3954} INFO - Setting next_dagrun for move_data_to_clickhouse to None, run_after=None
[2025-10-29T19:31:58.822+0000] {processor.py:183} INFO - Processing /opt/airflow/dags/etl_clickhouse.py took 0.749 seconds
[2025-10-29T19:32:29.213+0000] {processor.py:161} INFO - Started process (PID=6092) to work on /opt/airflow/dags/etl_clickhouse.py
[2025-10-29T19:32:29.216+0000] {processor.py:830} INFO - Processing file /opt/airflow/dags/etl_clickhouse.py for tasks to queue
[2025-10-29T19:32:29.218+0000] {logging_mixin.py:188} INFO - [2025-10-29T19:32:29.218+0000] {dagbag.py:545} INFO - Filling up the DagBag from /opt/airflow/dags/etl_clickhouse.py
[2025-10-29T19:32:30.047+0000] {processor.py:840} INFO - DAG(s) 'move_data_to_clickhouse' retrieved from /opt/airflow/dags/etl_clickhouse.py
[2025-10-29T19:32:30.098+0000] {logging_mixin.py:188} INFO - [2025-10-29T19:32:30.097+0000] {dag.py:3096} INFO - Sync 1 DAGs
[2025-10-29T19:32:30.119+0000] {logging_mixin.py:188} INFO - [2025-10-29T19:32:30.119+0000] {dag.py:3954} INFO - Setting next_dagrun for move_data_to_clickhouse to None, run_after=None
[2025-10-29T19:32:30.157+0000] {processor.py:183} INFO - Processing /opt/airflow/dags/etl_clickhouse.py took 0.954 seconds
[2025-10-29T19:33:00.610+0000] {processor.py:161} INFO - Started process (PID=6104) to work on /opt/airflow/dags/etl_clickhouse.py
[2025-10-29T19:33:00.611+0000] {processor.py:830} INFO - Processing file /opt/airflow/dags/etl_clickhouse.py for tasks to queue
[2025-10-29T19:33:00.614+0000] {logging_mixin.py:188} INFO - [2025-10-29T19:33:00.614+0000] {dagbag.py:545} INFO - Filling up the DagBag from /opt/airflow/dags/etl_clickhouse.py
[2025-10-29T19:33:01.405+0000] {processor.py:840} INFO - DAG(s) 'move_data_to_clickhouse' retrieved from /opt/airflow/dags/etl_clickhouse.py
[2025-10-29T19:33:01.447+0000] {logging_mixin.py:188} INFO - [2025-10-29T19:33:01.446+0000] {dag.py:3096} INFO - Sync 1 DAGs
[2025-10-29T19:33:01.459+0000] {logging_mixin.py:188} INFO - [2025-10-29T19:33:01.459+0000] {dag.py:3954} INFO - Setting next_dagrun for move_data_to_clickhouse to None, run_after=None
[2025-10-29T19:33:01.482+0000] {processor.py:183} INFO - Processing /opt/airflow/dags/etl_clickhouse.py took 0.882 seconds
[2025-10-29T19:33:31.891+0000] {processor.py:161} INFO - Started process (PID=6116) to work on /opt/airflow/dags/etl_clickhouse.py
[2025-10-29T19:33:31.892+0000] {processor.py:830} INFO - Processing file /opt/airflow/dags/etl_clickhouse.py for tasks to queue
[2025-10-29T19:33:31.895+0000] {logging_mixin.py:188} INFO - [2025-10-29T19:33:31.894+0000] {dagbag.py:545} INFO - Filling up the DagBag from /opt/airflow/dags/etl_clickhouse.py
[2025-10-29T19:33:32.565+0000] {processor.py:840} INFO - DAG(s) 'move_data_to_clickhouse' retrieved from /opt/airflow/dags/etl_clickhouse.py
[2025-10-29T19:33:32.596+0000] {logging_mixin.py:188} INFO - [2025-10-29T19:33:32.595+0000] {dag.py:3096} INFO - Sync 1 DAGs
[2025-10-29T19:33:32.609+0000] {logging_mixin.py:188} INFO - [2025-10-29T19:33:32.608+0000] {dag.py:3954} INFO - Setting next_dagrun for move_data_to_clickhouse to None, run_after=None
[2025-10-29T19:33:32.633+0000] {processor.py:183} INFO - Processing /opt/airflow/dags/etl_clickhouse.py took 0.751 seconds
[2025-10-29T19:34:02.973+0000] {processor.py:161} INFO - Started process (PID=6128) to work on /opt/airflow/dags/etl_clickhouse.py
[2025-10-29T19:34:02.974+0000] {processor.py:830} INFO - Processing file /opt/airflow/dags/etl_clickhouse.py for tasks to queue
[2025-10-29T19:34:02.977+0000] {logging_mixin.py:188} INFO - [2025-10-29T19:34:02.977+0000] {dagbag.py:545} INFO - Filling up the DagBag from /opt/airflow/dags/etl_clickhouse.py
[2025-10-29T19:34:03.624+0000] {processor.py:840} INFO - DAG(s) 'move_data_to_clickhouse' retrieved from /opt/airflow/dags/etl_clickhouse.py
[2025-10-29T19:34:03.656+0000] {logging_mixin.py:188} INFO - [2025-10-29T19:34:03.656+0000] {dag.py:3096} INFO - Sync 1 DAGs
[2025-10-29T19:34:03.669+0000] {logging_mixin.py:188} INFO - [2025-10-29T19:34:03.668+0000] {dag.py:3954} INFO - Setting next_dagrun for move_data_to_clickhouse to None, run_after=None
[2025-10-29T19:34:03.694+0000] {processor.py:183} INFO - Processing /opt/airflow/dags/etl_clickhouse.py took 0.730 seconds
[2025-10-29T19:34:34.084+0000] {processor.py:161} INFO - Started process (PID=6140) to work on /opt/airflow/dags/etl_clickhouse.py
[2025-10-29T19:34:34.086+0000] {processor.py:830} INFO - Processing file /opt/airflow/dags/etl_clickhouse.py for tasks to queue
[2025-10-29T19:34:34.089+0000] {logging_mixin.py:188} INFO - [2025-10-29T19:34:34.089+0000] {dagbag.py:545} INFO - Filling up the DagBag from /opt/airflow/dags/etl_clickhouse.py
[2025-10-29T19:34:34.755+0000] {processor.py:840} INFO - DAG(s) 'move_data_to_clickhouse' retrieved from /opt/airflow/dags/etl_clickhouse.py
[2025-10-29T19:34:34.788+0000] {logging_mixin.py:188} INFO - [2025-10-29T19:34:34.787+0000] {dag.py:3096} INFO - Sync 1 DAGs
[2025-10-29T19:34:34.800+0000] {logging_mixin.py:188} INFO - [2025-10-29T19:34:34.799+0000] {dag.py:3954} INFO - Setting next_dagrun for move_data_to_clickhouse to None, run_after=None
[2025-10-29T19:34:34.822+0000] {processor.py:183} INFO - Processing /opt/airflow/dags/etl_clickhouse.py took 0.749 seconds
[2025-10-29T19:35:05.250+0000] {processor.py:161} INFO - Started process (PID=6152) to work on /opt/airflow/dags/etl_clickhouse.py
[2025-10-29T19:35:05.252+0000] {processor.py:830} INFO - Processing file /opt/airflow/dags/etl_clickhouse.py for tasks to queue
[2025-10-29T19:35:05.255+0000] {logging_mixin.py:188} INFO - [2025-10-29T19:35:05.255+0000] {dagbag.py:545} INFO - Filling up the DagBag from /opt/airflow/dags/etl_clickhouse.py
[2025-10-29T19:35:05.900+0000] {processor.py:840} INFO - DAG(s) 'move_data_to_clickhouse' retrieved from /opt/airflow/dags/etl_clickhouse.py
[2025-10-29T19:35:05.931+0000] {logging_mixin.py:188} INFO - [2025-10-29T19:35:05.930+0000] {dag.py:3096} INFO - Sync 1 DAGs
[2025-10-29T19:35:05.944+0000] {logging_mixin.py:188} INFO - [2025-10-29T19:35:05.943+0000] {dag.py:3954} INFO - Setting next_dagrun for move_data_to_clickhouse to None, run_after=None
[2025-10-29T19:35:05.968+0000] {processor.py:183} INFO - Processing /opt/airflow/dags/etl_clickhouse.py took 0.728 seconds
[2025-10-29T19:35:36.423+0000] {processor.py:161} INFO - Started process (PID=6164) to work on /opt/airflow/dags/etl_clickhouse.py
[2025-10-29T19:35:36.425+0000] {processor.py:830} INFO - Processing file /opt/airflow/dags/etl_clickhouse.py for tasks to queue
[2025-10-29T19:35:36.428+0000] {logging_mixin.py:188} INFO - [2025-10-29T19:35:36.428+0000] {dagbag.py:545} INFO - Filling up the DagBag from /opt/airflow/dags/etl_clickhouse.py
[2025-10-29T19:35:37.133+0000] {processor.py:840} INFO - DAG(s) 'move_data_to_clickhouse' retrieved from /opt/airflow/dags/etl_clickhouse.py
[2025-10-29T19:35:37.169+0000] {logging_mixin.py:188} INFO - [2025-10-29T19:35:37.169+0000] {dag.py:3096} INFO - Sync 1 DAGs
[2025-10-29T19:35:37.184+0000] {logging_mixin.py:188} INFO - [2025-10-29T19:35:37.183+0000] {dag.py:3954} INFO - Setting next_dagrun for move_data_to_clickhouse to None, run_after=None
[2025-10-29T19:35:37.210+0000] {processor.py:183} INFO - Processing /opt/airflow/dags/etl_clickhouse.py took 0.796 seconds
[2025-10-29T19:36:07.728+0000] {processor.py:161} INFO - Started process (PID=6176) to work on /opt/airflow/dags/etl_clickhouse.py
[2025-10-29T19:36:07.729+0000] {processor.py:830} INFO - Processing file /opt/airflow/dags/etl_clickhouse.py for tasks to queue
[2025-10-29T19:36:07.732+0000] {logging_mixin.py:188} INFO - [2025-10-29T19:36:07.732+0000] {dagbag.py:545} INFO - Filling up the DagBag from /opt/airflow/dags/etl_clickhouse.py
[2025-10-29T19:36:08.452+0000] {processor.py:840} INFO - DAG(s) 'move_data_to_clickhouse' retrieved from /opt/airflow/dags/etl_clickhouse.py
[2025-10-29T19:36:08.486+0000] {logging_mixin.py:188} INFO - [2025-10-29T19:36:08.485+0000] {dag.py:3096} INFO - Sync 1 DAGs
[2025-10-29T19:36:08.499+0000] {logging_mixin.py:188} INFO - [2025-10-29T19:36:08.499+0000] {dag.py:3954} INFO - Setting next_dagrun for move_data_to_clickhouse to None, run_after=None
[2025-10-29T19:36:08.528+0000] {processor.py:183} INFO - Processing /opt/airflow/dags/etl_clickhouse.py took 0.808 seconds
[2025-10-29T19:36:39.029+0000] {processor.py:161} INFO - Started process (PID=6188) to work on /opt/airflow/dags/etl_clickhouse.py
[2025-10-29T19:36:39.031+0000] {processor.py:830} INFO - Processing file /opt/airflow/dags/etl_clickhouse.py for tasks to queue
[2025-10-29T19:36:39.035+0000] {logging_mixin.py:188} INFO - [2025-10-29T19:36:39.034+0000] {dagbag.py:545} INFO - Filling up the DagBag from /opt/airflow/dags/etl_clickhouse.py
[2025-10-29T19:36:40.029+0000] {processor.py:840} INFO - DAG(s) 'move_data_to_clickhouse' retrieved from /opt/airflow/dags/etl_clickhouse.py
[2025-10-29T19:36:40.078+0000] {logging_mixin.py:188} INFO - [2025-10-29T19:36:40.078+0000] {dag.py:3096} INFO - Sync 1 DAGs
[2025-10-29T19:36:40.095+0000] {logging_mixin.py:188} INFO - [2025-10-29T19:36:40.095+0000] {dag.py:3954} INFO - Setting next_dagrun for move_data_to_clickhouse to None, run_after=None
[2025-10-29T19:36:40.121+0000] {processor.py:183} INFO - Processing /opt/airflow/dags/etl_clickhouse.py took 1.103 seconds
[2025-10-29T19:37:10.469+0000] {processor.py:161} INFO - Started process (PID=6200) to work on /opt/airflow/dags/etl_clickhouse.py
[2025-10-29T19:37:10.471+0000] {processor.py:830} INFO - Processing file /opt/airflow/dags/etl_clickhouse.py for tasks to queue
[2025-10-29T19:37:10.475+0000] {logging_mixin.py:188} INFO - [2025-10-29T19:37:10.474+0000] {dagbag.py:545} INFO - Filling up the DagBag from /opt/airflow/dags/etl_clickhouse.py
[2025-10-29T19:37:11.314+0000] {processor.py:840} INFO - DAG(s) 'move_data_to_clickhouse' retrieved from /opt/airflow/dags/etl_clickhouse.py
[2025-10-29T19:37:11.348+0000] {logging_mixin.py:188} INFO - [2025-10-29T19:37:11.347+0000] {dag.py:3096} INFO - Sync 1 DAGs
[2025-10-29T19:37:11.361+0000] {logging_mixin.py:188} INFO - [2025-10-29T19:37:11.361+0000] {dag.py:3954} INFO - Setting next_dagrun for move_data_to_clickhouse to None, run_after=None
[2025-10-29T19:37:11.389+0000] {processor.py:183} INFO - Processing /opt/airflow/dags/etl_clickhouse.py took 0.933 seconds
[2025-10-29T19:37:41.762+0000] {processor.py:161} INFO - Started process (PID=6212) to work on /opt/airflow/dags/etl_clickhouse.py
[2025-10-29T19:37:41.764+0000] {processor.py:830} INFO - Processing file /opt/airflow/dags/etl_clickhouse.py for tasks to queue
[2025-10-29T19:37:41.767+0000] {logging_mixin.py:188} INFO - [2025-10-29T19:37:41.766+0000] {dagbag.py:545} INFO - Filling up the DagBag from /opt/airflow/dags/etl_clickhouse.py
[2025-10-29T19:37:42.452+0000] {processor.py:840} INFO - DAG(s) 'move_data_to_clickhouse' retrieved from /opt/airflow/dags/etl_clickhouse.py
[2025-10-29T19:37:42.484+0000] {logging_mixin.py:188} INFO - [2025-10-29T19:37:42.484+0000] {dag.py:3096} INFO - Sync 1 DAGs
[2025-10-29T19:37:42.497+0000] {logging_mixin.py:188} INFO - [2025-10-29T19:37:42.497+0000] {dag.py:3954} INFO - Setting next_dagrun for move_data_to_clickhouse to None, run_after=None
[2025-10-29T19:37:42.522+0000] {processor.py:183} INFO - Processing /opt/airflow/dags/etl_clickhouse.py took 0.769 seconds
[2025-10-29T19:38:12.868+0000] {processor.py:161} INFO - Started process (PID=6224) to work on /opt/airflow/dags/etl_clickhouse.py
[2025-10-29T19:38:12.870+0000] {processor.py:830} INFO - Processing file /opt/airflow/dags/etl_clickhouse.py for tasks to queue
[2025-10-29T19:38:12.872+0000] {logging_mixin.py:188} INFO - [2025-10-29T19:38:12.872+0000] {dagbag.py:545} INFO - Filling up the DagBag from /opt/airflow/dags/etl_clickhouse.py
[2025-10-29T19:38:13.570+0000] {processor.py:840} INFO - DAG(s) 'move_data_to_clickhouse' retrieved from /opt/airflow/dags/etl_clickhouse.py
[2025-10-29T19:38:13.606+0000] {logging_mixin.py:188} INFO - [2025-10-29T19:38:13.606+0000] {dag.py:3096} INFO - Sync 1 DAGs
[2025-10-29T19:38:13.620+0000] {logging_mixin.py:188} INFO - [2025-10-29T19:38:13.619+0000] {dag.py:3954} INFO - Setting next_dagrun for move_data_to_clickhouse to None, run_after=None
[2025-10-29T19:38:13.647+0000] {processor.py:183} INFO - Processing /opt/airflow/dags/etl_clickhouse.py took 0.788 seconds
[2025-10-29T19:38:44.077+0000] {processor.py:161} INFO - Started process (PID=6236) to work on /opt/airflow/dags/etl_clickhouse.py
[2025-10-29T19:38:44.079+0000] {processor.py:830} INFO - Processing file /opt/airflow/dags/etl_clickhouse.py for tasks to queue
[2025-10-29T19:38:44.082+0000] {logging_mixin.py:188} INFO - [2025-10-29T19:38:44.081+0000] {dagbag.py:545} INFO - Filling up the DagBag from /opt/airflow/dags/etl_clickhouse.py
[2025-10-29T19:38:44.806+0000] {processor.py:840} INFO - DAG(s) 'move_data_to_clickhouse' retrieved from /opt/airflow/dags/etl_clickhouse.py
[2025-10-29T19:38:44.864+0000] {logging_mixin.py:188} INFO - [2025-10-29T19:38:44.863+0000] {dag.py:3096} INFO - Sync 1 DAGs
[2025-10-29T19:38:44.888+0000] {logging_mixin.py:188} INFO - [2025-10-29T19:38:44.888+0000] {dag.py:3954} INFO - Setting next_dagrun for move_data_to_clickhouse to None, run_after=None
[2025-10-29T19:38:44.921+0000] {processor.py:183} INFO - Processing /opt/airflow/dags/etl_clickhouse.py took 0.853 seconds
[2025-10-29T19:39:15.349+0000] {processor.py:161} INFO - Started process (PID=6248) to work on /opt/airflow/dags/etl_clickhouse.py
[2025-10-29T19:39:15.351+0000] {processor.py:830} INFO - Processing file /opt/airflow/dags/etl_clickhouse.py for tasks to queue
[2025-10-29T19:39:15.354+0000] {logging_mixin.py:188} INFO - [2025-10-29T19:39:15.353+0000] {dagbag.py:545} INFO - Filling up the DagBag from /opt/airflow/dags/etl_clickhouse.py
[2025-10-29T19:39:16.059+0000] {processor.py:840} INFO - DAG(s) 'move_data_to_clickhouse' retrieved from /opt/airflow/dags/etl_clickhouse.py
[2025-10-29T19:39:16.091+0000] {logging_mixin.py:188} INFO - [2025-10-29T19:39:16.091+0000] {dag.py:3096} INFO - Sync 1 DAGs
[2025-10-29T19:39:16.105+0000] {logging_mixin.py:188} INFO - [2025-10-29T19:39:16.104+0000] {dag.py:3954} INFO - Setting next_dagrun for move_data_to_clickhouse to None, run_after=None
[2025-10-29T19:39:16.128+0000] {processor.py:183} INFO - Processing /opt/airflow/dags/etl_clickhouse.py took 0.787 seconds
[2025-10-29T19:39:46.563+0000] {processor.py:161} INFO - Started process (PID=6260) to work on /opt/airflow/dags/etl_clickhouse.py
[2025-10-29T19:39:46.564+0000] {processor.py:830} INFO - Processing file /opt/airflow/dags/etl_clickhouse.py for tasks to queue
[2025-10-29T19:39:46.567+0000] {logging_mixin.py:188} INFO - [2025-10-29T19:39:46.567+0000] {dagbag.py:545} INFO - Filling up the DagBag from /opt/airflow/dags/etl_clickhouse.py
[2025-10-29T19:39:47.341+0000] {processor.py:840} INFO - DAG(s) 'move_data_to_clickhouse' retrieved from /opt/airflow/dags/etl_clickhouse.py
[2025-10-29T19:39:47.373+0000] {logging_mixin.py:188} INFO - [2025-10-29T19:39:47.373+0000] {dag.py:3096} INFO - Sync 1 DAGs
[2025-10-29T19:39:47.386+0000] {logging_mixin.py:188} INFO - [2025-10-29T19:39:47.385+0000] {dag.py:3954} INFO - Setting next_dagrun for move_data_to_clickhouse to None, run_after=None
[2025-10-29T19:39:47.409+0000] {processor.py:183} INFO - Processing /opt/airflow/dags/etl_clickhouse.py took 0.858 seconds
[2025-10-29T19:40:17.857+0000] {processor.py:161} INFO - Started process (PID=6272) to work on /opt/airflow/dags/etl_clickhouse.py
[2025-10-29T19:40:17.859+0000] {processor.py:830} INFO - Processing file /opt/airflow/dags/etl_clickhouse.py for tasks to queue
[2025-10-29T19:40:17.862+0000] {logging_mixin.py:188} INFO - [2025-10-29T19:40:17.861+0000] {dagbag.py:545} INFO - Filling up the DagBag from /opt/airflow/dags/etl_clickhouse.py
[2025-10-29T19:40:18.542+0000] {processor.py:840} INFO - DAG(s) 'move_data_to_clickhouse' retrieved from /opt/airflow/dags/etl_clickhouse.py
[2025-10-29T19:40:18.574+0000] {logging_mixin.py:188} INFO - [2025-10-29T19:40:18.574+0000] {dag.py:3096} INFO - Sync 1 DAGs
[2025-10-29T19:40:18.588+0000] {logging_mixin.py:188} INFO - [2025-10-29T19:40:18.587+0000] {dag.py:3954} INFO - Setting next_dagrun for move_data_to_clickhouse to None, run_after=None
[2025-10-29T19:40:18.615+0000] {processor.py:183} INFO - Processing /opt/airflow/dags/etl_clickhouse.py took 0.766 seconds
[2025-10-29T19:40:49.058+0000] {processor.py:161} INFO - Started process (PID=6284) to work on /opt/airflow/dags/etl_clickhouse.py
[2025-10-29T19:40:49.059+0000] {processor.py:830} INFO - Processing file /opt/airflow/dags/etl_clickhouse.py for tasks to queue
[2025-10-29T19:40:49.062+0000] {logging_mixin.py:188} INFO - [2025-10-29T19:40:49.061+0000] {dagbag.py:545} INFO - Filling up the DagBag from /opt/airflow/dags/etl_clickhouse.py
[2025-10-29T19:40:49.798+0000] {processor.py:840} INFO - DAG(s) 'move_data_to_clickhouse' retrieved from /opt/airflow/dags/etl_clickhouse.py
[2025-10-29T19:40:49.838+0000] {logging_mixin.py:188} INFO - [2025-10-29T19:40:49.837+0000] {dag.py:3096} INFO - Sync 1 DAGs
[2025-10-29T19:40:49.853+0000] {logging_mixin.py:188} INFO - [2025-10-29T19:40:49.852+0000] {dag.py:3954} INFO - Setting next_dagrun for move_data_to_clickhouse to None, run_after=None
[2025-10-29T19:40:49.883+0000] {processor.py:183} INFO - Processing /opt/airflow/dags/etl_clickhouse.py took 0.835 seconds
[2025-10-29T19:41:20.281+0000] {processor.py:161} INFO - Started process (PID=6296) to work on /opt/airflow/dags/etl_clickhouse.py
[2025-10-29T19:41:20.283+0000] {processor.py:830} INFO - Processing file /opt/airflow/dags/etl_clickhouse.py for tasks to queue
[2025-10-29T19:41:20.287+0000] {logging_mixin.py:188} INFO - [2025-10-29T19:41:20.287+0000] {dagbag.py:545} INFO - Filling up the DagBag from /opt/airflow/dags/etl_clickhouse.py
[2025-10-29T19:41:21.172+0000] {processor.py:840} INFO - DAG(s) 'move_data_to_clickhouse' retrieved from /opt/airflow/dags/etl_clickhouse.py
[2025-10-29T19:41:21.266+0000] {logging_mixin.py:188} INFO - [2025-10-29T19:41:21.265+0000] {dag.py:3096} INFO - Sync 1 DAGs
[2025-10-29T19:41:21.291+0000] {logging_mixin.py:188} INFO - [2025-10-29T19:41:21.290+0000] {dag.py:3954} INFO - Setting next_dagrun for move_data_to_clickhouse to None, run_after=None
[2025-10-29T19:41:21.335+0000] {processor.py:183} INFO - Processing /opt/airflow/dags/etl_clickhouse.py took 1.069 seconds
[2025-10-29T19:41:51.850+0000] {processor.py:161} INFO - Started process (PID=6308) to work on /opt/airflow/dags/etl_clickhouse.py
[2025-10-29T19:41:51.852+0000] {processor.py:830} INFO - Processing file /opt/airflow/dags/etl_clickhouse.py for tasks to queue
[2025-10-29T19:41:51.855+0000] {logging_mixin.py:188} INFO - [2025-10-29T19:41:51.854+0000] {dagbag.py:545} INFO - Filling up the DagBag from /opt/airflow/dags/etl_clickhouse.py
[2025-10-29T19:41:52.719+0000] {processor.py:840} INFO - DAG(s) 'move_data_to_clickhouse' retrieved from /opt/airflow/dags/etl_clickhouse.py
[2025-10-29T19:41:52.753+0000] {logging_mixin.py:188} INFO - [2025-10-29T19:41:52.753+0000] {dag.py:3096} INFO - Sync 1 DAGs
[2025-10-29T19:41:52.767+0000] {logging_mixin.py:188} INFO - [2025-10-29T19:41:52.767+0000] {dag.py:3954} INFO - Setting next_dagrun for move_data_to_clickhouse to None, run_after=None
[2025-10-29T19:41:52.791+0000] {processor.py:183} INFO - Processing /opt/airflow/dags/etl_clickhouse.py took 0.951 seconds
[2025-10-29T19:42:23.207+0000] {processor.py:161} INFO - Started process (PID=6320) to work on /opt/airflow/dags/etl_clickhouse.py
[2025-10-29T19:42:23.209+0000] {processor.py:830} INFO - Processing file /opt/airflow/dags/etl_clickhouse.py for tasks to queue
[2025-10-29T19:42:23.212+0000] {logging_mixin.py:188} INFO - [2025-10-29T19:42:23.211+0000] {dagbag.py:545} INFO - Filling up the DagBag from /opt/airflow/dags/etl_clickhouse.py
[2025-10-29T19:42:23.867+0000] {processor.py:840} INFO - DAG(s) 'move_data_to_clickhouse' retrieved from /opt/airflow/dags/etl_clickhouse.py
[2025-10-29T19:42:23.903+0000] {logging_mixin.py:188} INFO - [2025-10-29T19:42:23.903+0000] {dag.py:3096} INFO - Sync 1 DAGs
[2025-10-29T19:42:23.918+0000] {logging_mixin.py:188} INFO - [2025-10-29T19:42:23.918+0000] {dag.py:3954} INFO - Setting next_dagrun for move_data_to_clickhouse to None, run_after=None
[2025-10-29T19:42:23.943+0000] {processor.py:183} INFO - Processing /opt/airflow/dags/etl_clickhouse.py took 0.745 seconds
[2025-10-29T19:42:54.329+0000] {processor.py:161} INFO - Started process (PID=6332) to work on /opt/airflow/dags/etl_clickhouse.py
[2025-10-29T19:42:54.331+0000] {processor.py:830} INFO - Processing file /opt/airflow/dags/etl_clickhouse.py for tasks to queue
[2025-10-29T19:42:54.334+0000] {logging_mixin.py:188} INFO - [2025-10-29T19:42:54.334+0000] {dagbag.py:545} INFO - Filling up the DagBag from /opt/airflow/dags/etl_clickhouse.py
[2025-10-29T19:42:55.094+0000] {processor.py:840} INFO - DAG(s) 'move_data_to_clickhouse' retrieved from /opt/airflow/dags/etl_clickhouse.py
[2025-10-29T19:42:55.127+0000] {logging_mixin.py:188} INFO - [2025-10-29T19:42:55.127+0000] {dag.py:3096} INFO - Sync 1 DAGs
[2025-10-29T19:42:55.140+0000] {logging_mixin.py:188} INFO - [2025-10-29T19:42:55.140+0000] {dag.py:3954} INFO - Setting next_dagrun for move_data_to_clickhouse to None, run_after=None
[2025-10-29T19:42:55.171+0000] {processor.py:183} INFO - Processing /opt/airflow/dags/etl_clickhouse.py took 0.854 seconds
[2025-10-29T19:43:25.636+0000] {processor.py:161} INFO - Started process (PID=6344) to work on /opt/airflow/dags/etl_clickhouse.py
[2025-10-29T19:43:25.638+0000] {processor.py:830} INFO - Processing file /opt/airflow/dags/etl_clickhouse.py for tasks to queue
[2025-10-29T19:43:25.640+0000] {logging_mixin.py:188} INFO - [2025-10-29T19:43:25.640+0000] {dagbag.py:545} INFO - Filling up the DagBag from /opt/airflow/dags/etl_clickhouse.py
[2025-10-29T19:43:26.310+0000] {processor.py:840} INFO - DAG(s) 'move_data_to_clickhouse' retrieved from /opt/airflow/dags/etl_clickhouse.py
[2025-10-29T19:43:26.341+0000] {logging_mixin.py:188} INFO - [2025-10-29T19:43:26.341+0000] {dag.py:3096} INFO - Sync 1 DAGs
[2025-10-29T19:43:26.355+0000] {logging_mixin.py:188} INFO - [2025-10-29T19:43:26.354+0000] {dag.py:3954} INFO - Setting next_dagrun for move_data_to_clickhouse to None, run_after=None
[2025-10-29T19:43:26.379+0000] {processor.py:183} INFO - Processing /opt/airflow/dags/etl_clickhouse.py took 0.753 seconds
[2025-10-29T19:43:56.870+0000] {processor.py:161} INFO - Started process (PID=6356) to work on /opt/airflow/dags/etl_clickhouse.py
[2025-10-29T19:43:56.872+0000] {processor.py:830} INFO - Processing file /opt/airflow/dags/etl_clickhouse.py for tasks to queue
[2025-10-29T19:43:56.875+0000] {logging_mixin.py:188} INFO - [2025-10-29T19:43:56.874+0000] {dagbag.py:545} INFO - Filling up the DagBag from /opt/airflow/dags/etl_clickhouse.py
[2025-10-29T19:43:57.565+0000] {processor.py:840} INFO - DAG(s) 'move_data_to_clickhouse' retrieved from /opt/airflow/dags/etl_clickhouse.py
[2025-10-29T19:43:57.601+0000] {logging_mixin.py:188} INFO - [2025-10-29T19:43:57.600+0000] {dag.py:3096} INFO - Sync 1 DAGs
[2025-10-29T19:43:57.615+0000] {logging_mixin.py:188} INFO - [2025-10-29T19:43:57.615+0000] {dag.py:3954} INFO - Setting next_dagrun for move_data_to_clickhouse to None, run_after=None
[2025-10-29T19:43:57.641+0000] {processor.py:183} INFO - Processing /opt/airflow/dags/etl_clickhouse.py took 0.781 seconds
[2025-10-29T19:44:27.996+0000] {processor.py:161} INFO - Started process (PID=6368) to work on /opt/airflow/dags/etl_clickhouse.py
[2025-10-29T19:44:27.998+0000] {processor.py:830} INFO - Processing file /opt/airflow/dags/etl_clickhouse.py for tasks to queue
[2025-10-29T19:44:28.001+0000] {logging_mixin.py:188} INFO - [2025-10-29T19:44:28.000+0000] {dagbag.py:545} INFO - Filling up the DagBag from /opt/airflow/dags/etl_clickhouse.py
[2025-10-29T19:44:28.786+0000] {processor.py:840} INFO - DAG(s) 'move_data_to_clickhouse' retrieved from /opt/airflow/dags/etl_clickhouse.py
[2025-10-29T19:44:28.830+0000] {logging_mixin.py:188} INFO - [2025-10-29T19:44:28.830+0000] {dag.py:3096} INFO - Sync 1 DAGs
[2025-10-29T19:44:28.861+0000] {logging_mixin.py:188} INFO - [2025-10-29T19:44:28.861+0000] {dag.py:3954} INFO - Setting next_dagrun for move_data_to_clickhouse to None, run_after=None
[2025-10-29T19:44:28.908+0000] {processor.py:183} INFO - Processing /opt/airflow/dags/etl_clickhouse.py took 0.925 seconds
[2025-10-29T19:44:59.328+0000] {processor.py:161} INFO - Started process (PID=6380) to work on /opt/airflow/dags/etl_clickhouse.py
[2025-10-29T19:44:59.330+0000] {processor.py:830} INFO - Processing file /opt/airflow/dags/etl_clickhouse.py for tasks to queue
[2025-10-29T19:44:59.332+0000] {logging_mixin.py:188} INFO - [2025-10-29T19:44:59.332+0000] {dagbag.py:545} INFO - Filling up the DagBag from /opt/airflow/dags/etl_clickhouse.py
[2025-10-29T19:45:00.176+0000] {processor.py:840} INFO - DAG(s) 'move_data_to_clickhouse' retrieved from /opt/airflow/dags/etl_clickhouse.py
[2025-10-29T19:45:00.213+0000] {logging_mixin.py:188} INFO - [2025-10-29T19:45:00.213+0000] {dag.py:3096} INFO - Sync 1 DAGs
[2025-10-29T19:45:00.231+0000] {logging_mixin.py:188} INFO - [2025-10-29T19:45:00.231+0000] {dag.py:3954} INFO - Setting next_dagrun for move_data_to_clickhouse to None, run_after=None
[2025-10-29T19:45:00.267+0000] {processor.py:183} INFO - Processing /opt/airflow/dags/etl_clickhouse.py took 0.948 seconds
[2025-10-29T19:45:30.663+0000] {processor.py:161} INFO - Started process (PID=6392) to work on /opt/airflow/dags/etl_clickhouse.py
[2025-10-29T19:45:30.665+0000] {processor.py:830} INFO - Processing file /opt/airflow/dags/etl_clickhouse.py for tasks to queue
[2025-10-29T19:45:30.668+0000] {logging_mixin.py:188} INFO - [2025-10-29T19:45:30.668+0000] {dagbag.py:545} INFO - Filling up the DagBag from /opt/airflow/dags/etl_clickhouse.py
[2025-10-29T19:45:31.361+0000] {processor.py:840} INFO - DAG(s) 'move_data_to_clickhouse' retrieved from /opt/airflow/dags/etl_clickhouse.py
[2025-10-29T19:45:31.396+0000] {logging_mixin.py:188} INFO - [2025-10-29T19:45:31.396+0000] {dag.py:3096} INFO - Sync 1 DAGs
[2025-10-29T19:45:31.409+0000] {logging_mixin.py:188} INFO - [2025-10-29T19:45:31.409+0000] {dag.py:3954} INFO - Setting next_dagrun for move_data_to_clickhouse to None, run_after=None
[2025-10-29T19:45:31.436+0000] {processor.py:183} INFO - Processing /opt/airflow/dags/etl_clickhouse.py took 0.781 seconds
[2025-10-29T19:46:01.769+0000] {processor.py:161} INFO - Started process (PID=6404) to work on /opt/airflow/dags/etl_clickhouse.py
[2025-10-29T19:46:01.770+0000] {processor.py:830} INFO - Processing file /opt/airflow/dags/etl_clickhouse.py for tasks to queue
[2025-10-29T19:46:01.773+0000] {logging_mixin.py:188} INFO - [2025-10-29T19:46:01.772+0000] {dagbag.py:545} INFO - Filling up the DagBag from /opt/airflow/dags/etl_clickhouse.py
[2025-10-29T19:46:02.484+0000] {processor.py:840} INFO - DAG(s) 'move_data_to_clickhouse' retrieved from /opt/airflow/dags/etl_clickhouse.py
[2025-10-29T19:46:02.518+0000] {logging_mixin.py:188} INFO - [2025-10-29T19:46:02.518+0000] {dag.py:3096} INFO - Sync 1 DAGs
[2025-10-29T19:46:02.532+0000] {logging_mixin.py:188} INFO - [2025-10-29T19:46:02.532+0000] {dag.py:3954} INFO - Setting next_dagrun for move_data_to_clickhouse to None, run_after=None
[2025-10-29T19:46:02.556+0000] {processor.py:183} INFO - Processing /opt/airflow/dags/etl_clickhouse.py took 0.796 seconds
[2025-10-29T19:46:33.080+0000] {processor.py:161} INFO - Started process (PID=6416) to work on /opt/airflow/dags/etl_clickhouse.py
[2025-10-29T19:46:33.082+0000] {processor.py:830} INFO - Processing file /opt/airflow/dags/etl_clickhouse.py for tasks to queue
[2025-10-29T19:46:33.085+0000] {logging_mixin.py:188} INFO - [2025-10-29T19:46:33.084+0000] {dagbag.py:545} INFO - Filling up the DagBag from /opt/airflow/dags/etl_clickhouse.py
[2025-10-29T19:46:33.812+0000] {processor.py:840} INFO - DAG(s) 'move_data_to_clickhouse' retrieved from /opt/airflow/dags/etl_clickhouse.py
[2025-10-29T19:46:33.852+0000] {logging_mixin.py:188} INFO - [2025-10-29T19:46:33.851+0000] {dag.py:3096} INFO - Sync 1 DAGs
[2025-10-29T19:46:33.874+0000] {logging_mixin.py:188} INFO - [2025-10-29T19:46:33.873+0000] {dag.py:3954} INFO - Setting next_dagrun for move_data_to_clickhouse to None, run_after=None
[2025-10-29T19:46:33.897+0000] {processor.py:183} INFO - Processing /opt/airflow/dags/etl_clickhouse.py took 0.825 seconds
[2025-10-29T19:47:04.331+0000] {processor.py:161} INFO - Started process (PID=6428) to work on /opt/airflow/dags/etl_clickhouse.py
[2025-10-29T19:47:04.333+0000] {processor.py:830} INFO - Processing file /opt/airflow/dags/etl_clickhouse.py for tasks to queue
[2025-10-29T19:47:04.336+0000] {logging_mixin.py:188} INFO - [2025-10-29T19:47:04.335+0000] {dagbag.py:545} INFO - Filling up the DagBag from /opt/airflow/dags/etl_clickhouse.py
[2025-10-29T19:47:05.104+0000] {processor.py:840} INFO - DAG(s) 'move_data_to_clickhouse' retrieved from /opt/airflow/dags/etl_clickhouse.py
[2025-10-29T19:47:05.138+0000] {logging_mixin.py:188} INFO - [2025-10-29T19:47:05.137+0000] {dag.py:3096} INFO - Sync 1 DAGs
[2025-10-29T19:47:05.151+0000] {logging_mixin.py:188} INFO - [2025-10-29T19:47:05.151+0000] {dag.py:3954} INFO - Setting next_dagrun for move_data_to_clickhouse to None, run_after=None
[2025-10-29T19:47:05.175+0000] {processor.py:183} INFO - Processing /opt/airflow/dags/etl_clickhouse.py took 0.854 seconds
[2025-10-29T19:47:35.567+0000] {processor.py:161} INFO - Started process (PID=6440) to work on /opt/airflow/dags/etl_clickhouse.py
[2025-10-29T19:47:35.569+0000] {processor.py:830} INFO - Processing file /opt/airflow/dags/etl_clickhouse.py for tasks to queue
[2025-10-29T19:47:35.572+0000] {logging_mixin.py:188} INFO - [2025-10-29T19:47:35.571+0000] {dagbag.py:545} INFO - Filling up the DagBag from /opt/airflow/dags/etl_clickhouse.py
[2025-10-29T19:47:36.252+0000] {processor.py:840} INFO - DAG(s) 'move_data_to_clickhouse' retrieved from /opt/airflow/dags/etl_clickhouse.py
[2025-10-29T19:47:36.284+0000] {logging_mixin.py:188} INFO - [2025-10-29T19:47:36.284+0000] {dag.py:3096} INFO - Sync 1 DAGs
[2025-10-29T19:47:36.297+0000] {logging_mixin.py:188} INFO - [2025-10-29T19:47:36.297+0000] {dag.py:3954} INFO - Setting next_dagrun for move_data_to_clickhouse to None, run_after=None
[2025-10-29T19:47:36.322+0000] {processor.py:183} INFO - Processing /opt/airflow/dags/etl_clickhouse.py took 0.764 seconds
[2025-10-29T19:48:06.783+0000] {processor.py:161} INFO - Started process (PID=6452) to work on /opt/airflow/dags/etl_clickhouse.py
[2025-10-29T19:48:06.784+0000] {processor.py:830} INFO - Processing file /opt/airflow/dags/etl_clickhouse.py for tasks to queue
[2025-10-29T19:48:06.787+0000] {logging_mixin.py:188} INFO - [2025-10-29T19:48:06.786+0000] {dagbag.py:545} INFO - Filling up the DagBag from /opt/airflow/dags/etl_clickhouse.py
[2025-10-29T19:48:07.561+0000] {processor.py:840} INFO - DAG(s) 'move_data_to_clickhouse' retrieved from /opt/airflow/dags/etl_clickhouse.py
[2025-10-29T19:48:07.593+0000] {logging_mixin.py:188} INFO - [2025-10-29T19:48:07.592+0000] {dag.py:3096} INFO - Sync 1 DAGs
[2025-10-29T19:48:07.606+0000] {logging_mixin.py:188} INFO - [2025-10-29T19:48:07.605+0000] {dag.py:3954} INFO - Setting next_dagrun for move_data_to_clickhouse to None, run_after=None
[2025-10-29T19:48:07.630+0000] {processor.py:183} INFO - Processing /opt/airflow/dags/etl_clickhouse.py took 0.855 seconds
[2025-10-29T19:48:38.042+0000] {processor.py:161} INFO - Started process (PID=6464) to work on /opt/airflow/dags/etl_clickhouse.py
[2025-10-29T19:48:38.043+0000] {processor.py:830} INFO - Processing file /opt/airflow/dags/etl_clickhouse.py for tasks to queue
[2025-10-29T19:48:38.046+0000] {logging_mixin.py:188} INFO - [2025-10-29T19:48:38.045+0000] {dagbag.py:545} INFO - Filling up the DagBag from /opt/airflow/dags/etl_clickhouse.py
[2025-10-29T19:48:38.740+0000] {processor.py:840} INFO - DAG(s) 'move_data_to_clickhouse' retrieved from /opt/airflow/dags/etl_clickhouse.py
[2025-10-29T19:48:38.773+0000] {logging_mixin.py:188} INFO - [2025-10-29T19:48:38.773+0000] {dag.py:3096} INFO - Sync 1 DAGs
[2025-10-29T19:48:38.788+0000] {logging_mixin.py:188} INFO - [2025-10-29T19:48:38.788+0000] {dag.py:3954} INFO - Setting next_dagrun for move_data_to_clickhouse to None, run_after=None
[2025-10-29T19:48:38.814+0000] {processor.py:183} INFO - Processing /opt/airflow/dags/etl_clickhouse.py took 0.781 seconds
[2025-10-29T19:49:09.249+0000] {processor.py:161} INFO - Started process (PID=6476) to work on /opt/airflow/dags/etl_clickhouse.py
[2025-10-29T19:49:09.250+0000] {processor.py:830} INFO - Processing file /opt/airflow/dags/etl_clickhouse.py for tasks to queue
[2025-10-29T19:49:09.253+0000] {logging_mixin.py:188} INFO - [2025-10-29T19:49:09.252+0000] {dagbag.py:545} INFO - Filling up the DagBag from /opt/airflow/dags/etl_clickhouse.py
[2025-10-29T19:49:09.997+0000] {processor.py:840} INFO - DAG(s) 'move_data_to_clickhouse' retrieved from /opt/airflow/dags/etl_clickhouse.py
[2025-10-29T19:49:10.035+0000] {logging_mixin.py:188} INFO - [2025-10-29T19:49:10.034+0000] {dag.py:3096} INFO - Sync 1 DAGs
[2025-10-29T19:49:10.048+0000] {logging_mixin.py:188} INFO - [2025-10-29T19:49:10.048+0000] {dag.py:3954} INFO - Setting next_dagrun for move_data_to_clickhouse to None, run_after=None
[2025-10-29T19:49:10.072+0000] {processor.py:183} INFO - Processing /opt/airflow/dags/etl_clickhouse.py took 0.833 seconds
[2025-10-29T19:49:40.486+0000] {processor.py:161} INFO - Started process (PID=6488) to work on /opt/airflow/dags/etl_clickhouse.py
[2025-10-29T19:49:40.488+0000] {processor.py:830} INFO - Processing file /opt/airflow/dags/etl_clickhouse.py for tasks to queue
[2025-10-29T19:49:40.491+0000] {logging_mixin.py:188} INFO - [2025-10-29T19:49:40.491+0000] {dagbag.py:545} INFO - Filling up the DagBag from /opt/airflow/dags/etl_clickhouse.py
[2025-10-29T19:49:41.290+0000] {processor.py:840} INFO - DAG(s) 'move_data_to_clickhouse' retrieved from /opt/airflow/dags/etl_clickhouse.py
[2025-10-29T19:49:41.323+0000] {logging_mixin.py:188} INFO - [2025-10-29T19:49:41.323+0000] {dag.py:3096} INFO - Sync 1 DAGs
[2025-10-29T19:49:41.335+0000] {logging_mixin.py:188} INFO - [2025-10-29T19:49:41.334+0000] {dag.py:3954} INFO - Setting next_dagrun for move_data_to_clickhouse to None, run_after=None
[2025-10-29T19:49:41.383+0000] {processor.py:183} INFO - Processing /opt/airflow/dags/etl_clickhouse.py took 0.907 seconds
[2025-10-29T19:50:11.797+0000] {processor.py:161} INFO - Started process (PID=6500) to work on /opt/airflow/dags/etl_clickhouse.py
[2025-10-29T19:50:11.800+0000] {processor.py:830} INFO - Processing file /opt/airflow/dags/etl_clickhouse.py for tasks to queue
[2025-10-29T19:50:11.803+0000] {logging_mixin.py:188} INFO - [2025-10-29T19:50:11.802+0000] {dagbag.py:545} INFO - Filling up the DagBag from /opt/airflow/dags/etl_clickhouse.py
[2025-10-29T19:50:12.546+0000] {processor.py:840} INFO - DAG(s) 'move_data_to_clickhouse' retrieved from /opt/airflow/dags/etl_clickhouse.py
[2025-10-29T19:50:12.579+0000] {logging_mixin.py:188} INFO - [2025-10-29T19:50:12.578+0000] {dag.py:3096} INFO - Sync 1 DAGs
[2025-10-29T19:50:12.594+0000] {logging_mixin.py:188} INFO - [2025-10-29T19:50:12.593+0000] {dag.py:3954} INFO - Setting next_dagrun for move_data_to_clickhouse to None, run_after=None
[2025-10-29T19:50:12.618+0000] {processor.py:183} INFO - Processing /opt/airflow/dags/etl_clickhouse.py took 0.833 seconds
[2025-10-29T19:50:42.944+0000] {processor.py:161} INFO - Started process (PID=6512) to work on /opt/airflow/dags/etl_clickhouse.py
[2025-10-29T19:50:42.945+0000] {processor.py:830} INFO - Processing file /opt/airflow/dags/etl_clickhouse.py for tasks to queue
[2025-10-29T19:50:42.948+0000] {logging_mixin.py:188} INFO - [2025-10-29T19:50:42.948+0000] {dagbag.py:545} INFO - Filling up the DagBag from /opt/airflow/dags/etl_clickhouse.py
[2025-10-29T19:50:43.628+0000] {processor.py:840} INFO - DAG(s) 'move_data_to_clickhouse' retrieved from /opt/airflow/dags/etl_clickhouse.py
[2025-10-29T19:50:43.663+0000] {logging_mixin.py:188} INFO - [2025-10-29T19:50:43.662+0000] {dag.py:3096} INFO - Sync 1 DAGs
[2025-10-29T19:50:43.678+0000] {logging_mixin.py:188} INFO - [2025-10-29T19:50:43.678+0000] {dag.py:3954} INFO - Setting next_dagrun for move_data_to_clickhouse to None, run_after=None
[2025-10-29T19:50:43.703+0000] {processor.py:183} INFO - Processing /opt/airflow/dags/etl_clickhouse.py took 0.769 seconds
[2025-10-29T19:51:14.161+0000] {processor.py:161} INFO - Started process (PID=6524) to work on /opt/airflow/dags/etl_clickhouse.py
[2025-10-29T19:51:14.163+0000] {processor.py:830} INFO - Processing file /opt/airflow/dags/etl_clickhouse.py for tasks to queue
[2025-10-29T19:51:14.166+0000] {logging_mixin.py:188} INFO - [2025-10-29T19:51:14.165+0000] {dagbag.py:545} INFO - Filling up the DagBag from /opt/airflow/dags/etl_clickhouse.py
[2025-10-29T19:51:15.034+0000] {processor.py:840} INFO - DAG(s) 'move_data_to_clickhouse' retrieved from /opt/airflow/dags/etl_clickhouse.py
[2025-10-29T19:51:15.073+0000] {logging_mixin.py:188} INFO - [2025-10-29T19:51:15.071+0000] {dag.py:3096} INFO - Sync 1 DAGs
[2025-10-29T19:51:15.091+0000] {logging_mixin.py:188} INFO - [2025-10-29T19:51:15.090+0000] {dag.py:3954} INFO - Setting next_dagrun for move_data_to_clickhouse to None, run_after=None
[2025-10-29T19:51:15.123+0000] {processor.py:183} INFO - Processing /opt/airflow/dags/etl_clickhouse.py took 0.970 seconds
[2025-10-29T19:51:45.525+0000] {processor.py:161} INFO - Started process (PID=6536) to work on /opt/airflow/dags/etl_clickhouse.py
[2025-10-29T19:51:45.527+0000] {processor.py:830} INFO - Processing file /opt/airflow/dags/etl_clickhouse.py for tasks to queue
[2025-10-29T19:51:45.530+0000] {logging_mixin.py:188} INFO - [2025-10-29T19:51:45.529+0000] {dagbag.py:545} INFO - Filling up the DagBag from /opt/airflow/dags/etl_clickhouse.py
[2025-10-29T19:51:46.396+0000] {processor.py:840} INFO - DAG(s) 'move_data_to_clickhouse' retrieved from /opt/airflow/dags/etl_clickhouse.py
[2025-10-29T19:51:46.446+0000] {logging_mixin.py:188} INFO - [2025-10-29T19:51:46.445+0000] {dag.py:3096} INFO - Sync 1 DAGs
[2025-10-29T19:51:46.466+0000] {logging_mixin.py:188} INFO - [2025-10-29T19:51:46.465+0000] {dag.py:3954} INFO - Setting next_dagrun for move_data_to_clickhouse to None, run_after=None
[2025-10-29T19:51:46.495+0000] {processor.py:183} INFO - Processing /opt/airflow/dags/etl_clickhouse.py took 0.980 seconds
[2025-10-29T19:52:16.832+0000] {processor.py:161} INFO - Started process (PID=6548) to work on /opt/airflow/dags/etl_clickhouse.py
[2025-10-29T19:52:16.834+0000] {processor.py:830} INFO - Processing file /opt/airflow/dags/etl_clickhouse.py for tasks to queue
[2025-10-29T19:52:16.837+0000] {logging_mixin.py:188} INFO - [2025-10-29T19:52:16.836+0000] {dagbag.py:545} INFO - Filling up the DagBag from /opt/airflow/dags/etl_clickhouse.py
[2025-10-29T19:52:17.569+0000] {processor.py:840} INFO - DAG(s) 'move_data_to_clickhouse' retrieved from /opt/airflow/dags/etl_clickhouse.py
[2025-10-29T19:52:17.607+0000] {logging_mixin.py:188} INFO - [2025-10-29T19:52:17.607+0000] {dag.py:3096} INFO - Sync 1 DAGs
[2025-10-29T19:52:17.622+0000] {logging_mixin.py:188} INFO - [2025-10-29T19:52:17.622+0000] {dag.py:3954} INFO - Setting next_dagrun for move_data_to_clickhouse to None, run_after=None
[2025-10-29T19:52:17.653+0000] {processor.py:183} INFO - Processing /opt/airflow/dags/etl_clickhouse.py took 0.831 seconds
[2025-10-29T19:52:48.185+0000] {processor.py:161} INFO - Started process (PID=6560) to work on /opt/airflow/dags/etl_clickhouse.py
[2025-10-29T19:52:48.188+0000] {processor.py:830} INFO - Processing file /opt/airflow/dags/etl_clickhouse.py for tasks to queue
[2025-10-29T19:52:48.194+0000] {logging_mixin.py:188} INFO - [2025-10-29T19:52:48.193+0000] {dagbag.py:545} INFO - Filling up the DagBag from /opt/airflow/dags/etl_clickhouse.py
[2025-10-29T19:52:49.060+0000] {processor.py:840} INFO - DAG(s) 'move_data_to_clickhouse' retrieved from /opt/airflow/dags/etl_clickhouse.py
[2025-10-29T19:52:49.136+0000] {logging_mixin.py:188} INFO - [2025-10-29T19:52:49.135+0000] {dag.py:3096} INFO - Sync 1 DAGs
[2025-10-29T19:52:49.196+0000] {logging_mixin.py:188} INFO - [2025-10-29T19:52:49.196+0000] {dag.py:3954} INFO - Setting next_dagrun for move_data_to_clickhouse to None, run_after=None
[2025-10-29T19:52:49.252+0000] {processor.py:183} INFO - Processing /opt/airflow/dags/etl_clickhouse.py took 1.085 seconds
[2025-10-29T19:53:19.471+0000] {processor.py:161} INFO - Started process (PID=6572) to work on /opt/airflow/dags/etl_clickhouse.py
[2025-10-29T19:53:19.473+0000] {processor.py:830} INFO - Processing file /opt/airflow/dags/etl_clickhouse.py for tasks to queue
[2025-10-29T19:53:19.476+0000] {logging_mixin.py:188} INFO - [2025-10-29T19:53:19.475+0000] {dagbag.py:545} INFO - Filling up the DagBag from /opt/airflow/dags/etl_clickhouse.py
[2025-10-29T19:53:20.041+0000] {processor.py:840} INFO - DAG(s) 'move_data_to_clickhouse' retrieved from /opt/airflow/dags/etl_clickhouse.py
[2025-10-29T19:53:20.084+0000] {logging_mixin.py:188} INFO - [2025-10-29T19:53:20.084+0000] {dag.py:3096} INFO - Sync 1 DAGs
[2025-10-29T19:53:20.102+0000] {logging_mixin.py:188} INFO - [2025-10-29T19:53:20.102+0000] {dag.py:3954} INFO - Setting next_dagrun for move_data_to_clickhouse to None, run_after=None
[2025-10-29T19:53:20.132+0000] {processor.py:183} INFO - Processing /opt/airflow/dags/etl_clickhouse.py took 0.670 seconds
[2025-10-29T19:53:50.487+0000] {processor.py:161} INFO - Started process (PID=6584) to work on /opt/airflow/dags/etl_clickhouse.py
[2025-10-29T19:53:50.488+0000] {processor.py:830} INFO - Processing file /opt/airflow/dags/etl_clickhouse.py for tasks to queue
[2025-10-29T19:53:50.491+0000] {logging_mixin.py:188} INFO - [2025-10-29T19:53:50.491+0000] {dagbag.py:545} INFO - Filling up the DagBag from /opt/airflow/dags/etl_clickhouse.py
[2025-10-29T19:53:51.101+0000] {processor.py:840} INFO - DAG(s) 'move_data_to_clickhouse' retrieved from /opt/airflow/dags/etl_clickhouse.py
[2025-10-29T19:53:51.141+0000] {logging_mixin.py:188} INFO - [2025-10-29T19:53:51.141+0000] {dag.py:3096} INFO - Sync 1 DAGs
[2025-10-29T19:53:51.158+0000] {logging_mixin.py:188} INFO - [2025-10-29T19:53:51.158+0000] {dag.py:3954} INFO - Setting next_dagrun for move_data_to_clickhouse to None, run_after=None
[2025-10-29T19:53:51.187+0000] {processor.py:183} INFO - Processing /opt/airflow/dags/etl_clickhouse.py took 0.709 seconds
[2025-10-29T19:54:21.448+0000] {processor.py:161} INFO - Started process (PID=6596) to work on /opt/airflow/dags/etl_clickhouse.py
[2025-10-29T19:54:21.451+0000] {processor.py:830} INFO - Processing file /opt/airflow/dags/etl_clickhouse.py for tasks to queue
[2025-10-29T19:54:21.456+0000] {logging_mixin.py:188} INFO - [2025-10-29T19:54:21.455+0000] {dagbag.py:545} INFO - Filling up the DagBag from /opt/airflow/dags/etl_clickhouse.py
[2025-10-29T19:54:22.087+0000] {processor.py:840} INFO - DAG(s) 'move_data_to_clickhouse' retrieved from /opt/airflow/dags/etl_clickhouse.py
[2025-10-29T19:54:22.136+0000] {logging_mixin.py:188} INFO - [2025-10-29T19:54:22.136+0000] {dag.py:3096} INFO - Sync 1 DAGs
[2025-10-29T19:54:22.211+0000] {logging_mixin.py:188} INFO - [2025-10-29T19:54:22.210+0000] {dag.py:3954} INFO - Setting next_dagrun for move_data_to_clickhouse to None, run_after=None
[2025-10-29T19:54:22.274+0000] {processor.py:183} INFO - Processing /opt/airflow/dags/etl_clickhouse.py took 0.839 seconds
[2025-10-29T19:54:52.532+0000] {processor.py:161} INFO - Started process (PID=6608) to work on /opt/airflow/dags/etl_clickhouse.py
[2025-10-29T19:54:52.534+0000] {processor.py:830} INFO - Processing file /opt/airflow/dags/etl_clickhouse.py for tasks to queue
[2025-10-29T19:54:52.537+0000] {logging_mixin.py:188} INFO - [2025-10-29T19:54:52.537+0000] {dagbag.py:545} INFO - Filling up the DagBag from /opt/airflow/dags/etl_clickhouse.py
[2025-10-29T19:54:53.095+0000] {processor.py:840} INFO - DAG(s) 'move_data_to_clickhouse' retrieved from /opt/airflow/dags/etl_clickhouse.py
[2025-10-29T19:54:53.150+0000] {logging_mixin.py:188} INFO - [2025-10-29T19:54:53.150+0000] {dag.py:3096} INFO - Sync 1 DAGs
[2025-10-29T19:54:53.170+0000] {logging_mixin.py:188} INFO - [2025-10-29T19:54:53.169+0000] {dag.py:3954} INFO - Setting next_dagrun for move_data_to_clickhouse to None, run_after=None
[2025-10-29T19:54:53.200+0000] {processor.py:183} INFO - Processing /opt/airflow/dags/etl_clickhouse.py took 0.678 seconds
[2025-10-29T19:55:23.468+0000] {processor.py:161} INFO - Started process (PID=6620) to work on /opt/airflow/dags/etl_clickhouse.py
[2025-10-29T19:55:23.470+0000] {processor.py:830} INFO - Processing file /opt/airflow/dags/etl_clickhouse.py for tasks to queue
[2025-10-29T19:55:23.473+0000] {logging_mixin.py:188} INFO - [2025-10-29T19:55:23.473+0000] {dagbag.py:545} INFO - Filling up the DagBag from /opt/airflow/dags/etl_clickhouse.py
[2025-10-29T19:55:24.065+0000] {processor.py:840} INFO - DAG(s) 'move_data_to_clickhouse' retrieved from /opt/airflow/dags/etl_clickhouse.py
[2025-10-29T19:55:24.127+0000] {logging_mixin.py:188} INFO - [2025-10-29T19:55:24.127+0000] {dag.py:3096} INFO - Sync 1 DAGs
[2025-10-29T19:55:24.146+0000] {logging_mixin.py:188} INFO - [2025-10-29T19:55:24.146+0000] {dag.py:3954} INFO - Setting next_dagrun for move_data_to_clickhouse to None, run_after=None
[2025-10-29T19:55:24.177+0000] {processor.py:183} INFO - Processing /opt/airflow/dags/etl_clickhouse.py took 0.719 seconds
[2025-10-29T19:55:54.457+0000] {processor.py:161} INFO - Started process (PID=6632) to work on /opt/airflow/dags/etl_clickhouse.py
[2025-10-29T19:55:54.459+0000] {processor.py:830} INFO - Processing file /opt/airflow/dags/etl_clickhouse.py for tasks to queue
[2025-10-29T19:55:54.462+0000] {logging_mixin.py:188} INFO - [2025-10-29T19:55:54.462+0000] {dagbag.py:545} INFO - Filling up the DagBag from /opt/airflow/dags/etl_clickhouse.py
[2025-10-29T19:55:55.050+0000] {processor.py:840} INFO - DAG(s) 'move_data_to_clickhouse' retrieved from /opt/airflow/dags/etl_clickhouse.py
[2025-10-29T19:55:55.091+0000] {logging_mixin.py:188} INFO - [2025-10-29T19:55:55.091+0000] {dag.py:3096} INFO - Sync 1 DAGs
[2025-10-29T19:55:55.111+0000] {logging_mixin.py:188} INFO - [2025-10-29T19:55:55.111+0000] {dag.py:3954} INFO - Setting next_dagrun for move_data_to_clickhouse to None, run_after=None
[2025-10-29T19:55:55.142+0000] {processor.py:183} INFO - Processing /opt/airflow/dags/etl_clickhouse.py took 0.695 seconds
[2025-10-29T19:56:25.474+0000] {processor.py:161} INFO - Started process (PID=6644) to work on /opt/airflow/dags/etl_clickhouse.py
[2025-10-29T19:56:25.476+0000] {processor.py:830} INFO - Processing file /opt/airflow/dags/etl_clickhouse.py for tasks to queue
[2025-10-29T19:56:25.479+0000] {logging_mixin.py:188} INFO - [2025-10-29T19:56:25.479+0000] {dagbag.py:545} INFO - Filling up the DagBag from /opt/airflow/dags/etl_clickhouse.py
[2025-10-29T19:56:26.034+0000] {processor.py:840} INFO - DAG(s) 'move_data_to_clickhouse' retrieved from /opt/airflow/dags/etl_clickhouse.py
[2025-10-29T19:56:26.080+0000] {logging_mixin.py:188} INFO - [2025-10-29T19:56:26.079+0000] {dag.py:3096} INFO - Sync 1 DAGs
[2025-10-29T19:56:26.102+0000] {logging_mixin.py:188} INFO - [2025-10-29T19:56:26.102+0000] {dag.py:3954} INFO - Setting next_dagrun for move_data_to_clickhouse to None, run_after=None
[2025-10-29T19:56:26.133+0000] {processor.py:183} INFO - Processing /opt/airflow/dags/etl_clickhouse.py took 0.673 seconds
[2025-10-29T19:56:56.396+0000] {processor.py:161} INFO - Started process (PID=6656) to work on /opt/airflow/dags/etl_clickhouse.py
[2025-10-29T19:56:56.398+0000] {processor.py:830} INFO - Processing file /opt/airflow/dags/etl_clickhouse.py for tasks to queue
[2025-10-29T19:56:56.401+0000] {logging_mixin.py:188} INFO - [2025-10-29T19:56:56.400+0000] {dagbag.py:545} INFO - Filling up the DagBag from /opt/airflow/dags/etl_clickhouse.py
[2025-10-29T19:56:57.078+0000] {processor.py:840} INFO - DAG(s) 'move_data_to_clickhouse' retrieved from /opt/airflow/dags/etl_clickhouse.py
[2025-10-29T19:56:57.138+0000] {logging_mixin.py:188} INFO - [2025-10-29T19:56:57.137+0000] {dag.py:3096} INFO - Sync 1 DAGs
[2025-10-29T19:56:57.159+0000] {logging_mixin.py:188} INFO - [2025-10-29T19:56:57.158+0000] {dag.py:3954} INFO - Setting next_dagrun for move_data_to_clickhouse to None, run_after=None
[2025-10-29T19:56:57.197+0000] {processor.py:183} INFO - Processing /opt/airflow/dags/etl_clickhouse.py took 0.811 seconds
[2025-10-29T19:57:27.563+0000] {processor.py:161} INFO - Started process (PID=6668) to work on /opt/airflow/dags/etl_clickhouse.py
[2025-10-29T19:57:27.565+0000] {processor.py:830} INFO - Processing file /opt/airflow/dags/etl_clickhouse.py for tasks to queue
[2025-10-29T19:57:27.568+0000] {logging_mixin.py:188} INFO - [2025-10-29T19:57:27.567+0000] {dagbag.py:545} INFO - Filling up the DagBag from /opt/airflow/dags/etl_clickhouse.py
[2025-10-29T19:57:28.080+0000] {processor.py:840} INFO - DAG(s) 'move_data_to_clickhouse' retrieved from /opt/airflow/dags/etl_clickhouse.py
[2025-10-29T19:57:28.133+0000] {logging_mixin.py:188} INFO - [2025-10-29T19:57:28.132+0000] {dag.py:3096} INFO - Sync 1 DAGs
[2025-10-29T19:57:28.154+0000] {logging_mixin.py:188} INFO - [2025-10-29T19:57:28.154+0000] {dag.py:3954} INFO - Setting next_dagrun for move_data_to_clickhouse to None, run_after=None
[2025-10-29T19:57:28.188+0000] {processor.py:183} INFO - Processing /opt/airflow/dags/etl_clickhouse.py took 0.635 seconds
[2025-10-29T19:57:58.441+0000] {processor.py:161} INFO - Started process (PID=6680) to work on /opt/airflow/dags/etl_clickhouse.py
[2025-10-29T19:57:58.443+0000] {processor.py:830} INFO - Processing file /opt/airflow/dags/etl_clickhouse.py for tasks to queue
[2025-10-29T19:57:58.446+0000] {logging_mixin.py:188} INFO - [2025-10-29T19:57:58.445+0000] {dagbag.py:545} INFO - Filling up the DagBag from /opt/airflow/dags/etl_clickhouse.py
[2025-10-29T19:57:59.005+0000] {processor.py:840} INFO - DAG(s) 'move_data_to_clickhouse' retrieved from /opt/airflow/dags/etl_clickhouse.py
[2025-10-29T19:57:59.050+0000] {logging_mixin.py:188} INFO - [2025-10-29T19:57:59.050+0000] {dag.py:3096} INFO - Sync 1 DAGs
[2025-10-29T19:57:59.070+0000] {logging_mixin.py:188} INFO - [2025-10-29T19:57:59.069+0000] {dag.py:3954} INFO - Setting next_dagrun for move_data_to_clickhouse to None, run_after=None
[2025-10-29T19:57:59.101+0000] {processor.py:183} INFO - Processing /opt/airflow/dags/etl_clickhouse.py took 0.671 seconds
[2025-10-29T19:58:29.370+0000] {processor.py:161} INFO - Started process (PID=6692) to work on /opt/airflow/dags/etl_clickhouse.py
[2025-10-29T19:58:29.371+0000] {processor.py:830} INFO - Processing file /opt/airflow/dags/etl_clickhouse.py for tasks to queue
[2025-10-29T19:58:29.374+0000] {logging_mixin.py:188} INFO - [2025-10-29T19:58:29.373+0000] {dagbag.py:545} INFO - Filling up the DagBag from /opt/airflow/dags/etl_clickhouse.py
[2025-10-29T19:58:29.970+0000] {processor.py:840} INFO - DAG(s) 'move_data_to_clickhouse' retrieved from /opt/airflow/dags/etl_clickhouse.py
[2025-10-29T19:58:30.018+0000] {logging_mixin.py:188} INFO - [2025-10-29T19:58:30.017+0000] {dag.py:3096} INFO - Sync 1 DAGs
[2025-10-29T19:58:30.038+0000] {logging_mixin.py:188} INFO - [2025-10-29T19:58:30.038+0000] {dag.py:3954} INFO - Setting next_dagrun for move_data_to_clickhouse to None, run_after=None
[2025-10-29T19:58:30.066+0000] {processor.py:183} INFO - Processing /opt/airflow/dags/etl_clickhouse.py took 0.706 seconds
[2025-10-29T19:59:00.344+0000] {processor.py:161} INFO - Started process (PID=6704) to work on /opt/airflow/dags/etl_clickhouse.py
[2025-10-29T19:59:00.408+0000] {processor.py:830} INFO - Processing file /opt/airflow/dags/etl_clickhouse.py for tasks to queue
[2025-10-29T19:59:00.412+0000] {logging_mixin.py:188} INFO - [2025-10-29T19:59:00.412+0000] {dagbag.py:545} INFO - Filling up the DagBag from /opt/airflow/dags/etl_clickhouse.py
[2025-10-29T19:59:00.939+0000] {processor.py:840} INFO - DAG(s) 'move_data_to_clickhouse' retrieved from /opt/airflow/dags/etl_clickhouse.py
[2025-10-29T19:59:00.981+0000] {logging_mixin.py:188} INFO - [2025-10-29T19:59:00.981+0000] {dag.py:3096} INFO - Sync 1 DAGs
[2025-10-29T19:59:00.998+0000] {logging_mixin.py:188} INFO - [2025-10-29T19:59:00.998+0000] {dag.py:3954} INFO - Setting next_dagrun for move_data_to_clickhouse to None, run_after=None
[2025-10-29T19:59:03.583+0000] {processor.py:183} INFO - Processing /opt/airflow/dags/etl_clickhouse.py took 3.252 seconds
[2025-10-29T19:59:34.307+0000] {processor.py:161} INFO - Started process (PID=6716) to work on /opt/airflow/dags/etl_clickhouse.py
[2025-10-29T19:59:34.309+0000] {processor.py:830} INFO - Processing file /opt/airflow/dags/etl_clickhouse.py for tasks to queue
[2025-10-29T19:59:34.312+0000] {logging_mixin.py:188} INFO - [2025-10-29T19:59:34.311+0000] {dagbag.py:545} INFO - Filling up the DagBag from /opt/airflow/dags/etl_clickhouse.py
[2025-10-29T19:59:34.785+0000] {processor.py:840} INFO - DAG(s) 'move_data_to_clickhouse' retrieved from /opt/airflow/dags/etl_clickhouse.py
[2025-10-29T19:59:34.831+0000] {logging_mixin.py:188} INFO - [2025-10-29T19:59:34.831+0000] {dag.py:3096} INFO - Sync 1 DAGs
[2025-10-29T19:59:34.849+0000] {logging_mixin.py:188} INFO - [2025-10-29T19:59:34.849+0000] {dag.py:3954} INFO - Setting next_dagrun for move_data_to_clickhouse to None, run_after=None
[2025-10-29T19:59:35.255+0000] {processor.py:183} INFO - Processing /opt/airflow/dags/etl_clickhouse.py took 0.957 seconds
[2025-10-29T20:00:05.677+0000] {processor.py:161} INFO - Started process (PID=6728) to work on /opt/airflow/dags/etl_clickhouse.py
[2025-10-29T20:00:05.679+0000] {processor.py:830} INFO - Processing file /opt/airflow/dags/etl_clickhouse.py for tasks to queue
[2025-10-29T20:00:05.682+0000] {logging_mixin.py:188} INFO - [2025-10-29T20:00:05.681+0000] {dagbag.py:545} INFO - Filling up the DagBag from /opt/airflow/dags/etl_clickhouse.py
[2025-10-29T20:00:06.189+0000] {processor.py:840} INFO - DAG(s) 'move_data_to_clickhouse' retrieved from /opt/airflow/dags/etl_clickhouse.py
[2025-10-29T20:00:06.230+0000] {logging_mixin.py:188} INFO - [2025-10-29T20:00:06.230+0000] {dag.py:3096} INFO - Sync 1 DAGs
[2025-10-29T20:00:06.247+0000] {logging_mixin.py:188} INFO - [2025-10-29T20:00:06.247+0000] {dag.py:3954} INFO - Setting next_dagrun for move_data_to_clickhouse to None, run_after=None
[2025-10-29T20:00:11.173+0000] {processor.py:183} INFO - Processing /opt/airflow/dags/etl_clickhouse.py took 5.510 seconds
[2025-10-29T20:00:41.458+0000] {processor.py:161} INFO - Started process (PID=6740) to work on /opt/airflow/dags/etl_clickhouse.py
[2025-10-29T20:00:41.459+0000] {processor.py:830} INFO - Processing file /opt/airflow/dags/etl_clickhouse.py for tasks to queue
[2025-10-29T20:00:41.462+0000] {logging_mixin.py:188} INFO - [2025-10-29T20:00:41.461+0000] {dagbag.py:545} INFO - Filling up the DagBag from /opt/airflow/dags/etl_clickhouse.py
[2025-10-29T20:00:42.017+0000] {processor.py:840} INFO - DAG(s) 'move_data_to_clickhouse' retrieved from /opt/airflow/dags/etl_clickhouse.py
[2025-10-29T20:00:42.069+0000] {logging_mixin.py:188} INFO - [2025-10-29T20:00:42.068+0000] {dag.py:3096} INFO - Sync 1 DAGs
[2025-10-29T20:00:42.092+0000] {logging_mixin.py:188} INFO - [2025-10-29T20:00:42.092+0000] {dag.py:3954} INFO - Setting next_dagrun for move_data_to_clickhouse to None, run_after=None
[2025-10-29T20:00:42.122+0000] {processor.py:183} INFO - Processing /opt/airflow/dags/etl_clickhouse.py took 0.673 seconds
[2025-10-29T20:01:12.337+0000] {processor.py:161} INFO - Started process (PID=6752) to work on /opt/airflow/dags/etl_clickhouse.py
[2025-10-29T20:01:12.339+0000] {processor.py:830} INFO - Processing file /opt/airflow/dags/etl_clickhouse.py for tasks to queue
[2025-10-29T20:01:12.342+0000] {logging_mixin.py:188} INFO - [2025-10-29T20:01:12.341+0000] {dagbag.py:545} INFO - Filling up the DagBag from /opt/airflow/dags/etl_clickhouse.py
[2025-10-29T20:01:12.829+0000] {processor.py:840} INFO - DAG(s) 'move_data_to_clickhouse' retrieved from /opt/airflow/dags/etl_clickhouse.py
[2025-10-29T20:01:12.873+0000] {logging_mixin.py:188} INFO - [2025-10-29T20:01:12.873+0000] {dag.py:3096} INFO - Sync 1 DAGs
[2025-10-29T20:01:12.891+0000] {logging_mixin.py:188} INFO - [2025-10-29T20:01:12.891+0000] {dag.py:3954} INFO - Setting next_dagrun for move_data_to_clickhouse to None, run_after=None
[2025-10-29T20:01:12.921+0000] {processor.py:183} INFO - Processing /opt/airflow/dags/etl_clickhouse.py took 0.594 seconds
[2025-10-29T20:01:43.252+0000] {processor.py:161} INFO - Started process (PID=6764) to work on /opt/airflow/dags/etl_clickhouse.py
[2025-10-29T20:01:43.254+0000] {processor.py:830} INFO - Processing file /opt/airflow/dags/etl_clickhouse.py for tasks to queue
[2025-10-29T20:01:43.256+0000] {logging_mixin.py:188} INFO - [2025-10-29T20:01:43.256+0000] {dagbag.py:545} INFO - Filling up the DagBag from /opt/airflow/dags/etl_clickhouse.py
[2025-10-29T20:01:43.850+0000] {processor.py:840} INFO - DAG(s) 'move_data_to_clickhouse' retrieved from /opt/airflow/dags/etl_clickhouse.py
[2025-10-29T20:01:43.899+0000] {logging_mixin.py:188} INFO - [2025-10-29T20:01:43.899+0000] {dag.py:3096} INFO - Sync 1 DAGs
[2025-10-29T20:01:43.923+0000] {logging_mixin.py:188} INFO - [2025-10-29T20:01:43.922+0000] {dag.py:3954} INFO - Setting next_dagrun for move_data_to_clickhouse to None, run_after=None
[2025-10-29T20:01:43.950+0000] {processor.py:183} INFO - Processing /opt/airflow/dags/etl_clickhouse.py took 0.707 seconds
[2025-10-29T20:02:14.202+0000] {processor.py:161} INFO - Started process (PID=6776) to work on /opt/airflow/dags/etl_clickhouse.py
[2025-10-29T20:02:14.205+0000] {processor.py:830} INFO - Processing file /opt/airflow/dags/etl_clickhouse.py for tasks to queue
[2025-10-29T20:02:14.209+0000] {logging_mixin.py:188} INFO - [2025-10-29T20:02:14.209+0000] {dagbag.py:545} INFO - Filling up the DagBag from /opt/airflow/dags/etl_clickhouse.py
[2025-10-29T20:02:15.065+0000] {processor.py:840} INFO - DAG(s) 'move_data_to_clickhouse' retrieved from /opt/airflow/dags/etl_clickhouse.py
[2025-10-29T20:02:15.133+0000] {logging_mixin.py:188} INFO - [2025-10-29T20:02:15.132+0000] {dag.py:3096} INFO - Sync 1 DAGs
[2025-10-29T20:02:15.162+0000] {logging_mixin.py:188} INFO - [2025-10-29T20:02:15.161+0000] {dag.py:3954} INFO - Setting next_dagrun for move_data_to_clickhouse to None, run_after=None
[2025-10-29T20:02:15.214+0000] {processor.py:183} INFO - Processing /opt/airflow/dags/etl_clickhouse.py took 1.026 seconds
[2025-10-29T20:02:45.476+0000] {processor.py:161} INFO - Started process (PID=6788) to work on /opt/airflow/dags/etl_clickhouse.py
[2025-10-29T20:02:45.478+0000] {processor.py:830} INFO - Processing file /opt/airflow/dags/etl_clickhouse.py for tasks to queue
[2025-10-29T20:02:45.483+0000] {logging_mixin.py:188} INFO - [2025-10-29T20:02:45.482+0000] {dagbag.py:545} INFO - Filling up the DagBag from /opt/airflow/dags/etl_clickhouse.py
[2025-10-29T20:02:46.242+0000] {processor.py:840} INFO - DAG(s) 'move_data_to_clickhouse' retrieved from /opt/airflow/dags/etl_clickhouse.py
[2025-10-29T20:02:46.298+0000] {logging_mixin.py:188} INFO - [2025-10-29T20:02:46.298+0000] {dag.py:3096} INFO - Sync 1 DAGs
[2025-10-29T20:02:46.323+0000] {logging_mixin.py:188} INFO - [2025-10-29T20:02:46.323+0000] {dag.py:3954} INFO - Setting next_dagrun for move_data_to_clickhouse to None, run_after=None
[2025-10-29T20:02:46.401+0000] {processor.py:183} INFO - Processing /opt/airflow/dags/etl_clickhouse.py took 0.940 seconds
[2025-10-29T20:03:16.840+0000] {processor.py:161} INFO - Started process (PID=6800) to work on /opt/airflow/dags/etl_clickhouse.py
[2025-10-29T20:03:16.841+0000] {processor.py:830} INFO - Processing file /opt/airflow/dags/etl_clickhouse.py for tasks to queue
[2025-10-29T20:03:16.844+0000] {logging_mixin.py:188} INFO - [2025-10-29T20:03:16.844+0000] {dagbag.py:545} INFO - Filling up the DagBag from /opt/airflow/dags/etl_clickhouse.py
[2025-10-29T20:03:17.441+0000] {processor.py:840} INFO - DAG(s) 'move_data_to_clickhouse' retrieved from /opt/airflow/dags/etl_clickhouse.py
[2025-10-29T20:03:17.490+0000] {logging_mixin.py:188} INFO - [2025-10-29T20:03:17.490+0000] {dag.py:3096} INFO - Sync 1 DAGs
[2025-10-29T20:03:17.511+0000] {logging_mixin.py:188} INFO - [2025-10-29T20:03:17.511+0000] {dag.py:3954} INFO - Setting next_dagrun for move_data_to_clickhouse to None, run_after=None
[2025-10-29T20:03:17.546+0000] {processor.py:183} INFO - Processing /opt/airflow/dags/etl_clickhouse.py took 0.715 seconds
[2025-10-29T20:03:47.829+0000] {processor.py:161} INFO - Started process (PID=6812) to work on /opt/airflow/dags/etl_clickhouse.py
[2025-10-29T20:03:47.830+0000] {processor.py:830} INFO - Processing file /opt/airflow/dags/etl_clickhouse.py for tasks to queue
[2025-10-29T20:03:47.834+0000] {logging_mixin.py:188} INFO - [2025-10-29T20:03:47.833+0000] {dagbag.py:545} INFO - Filling up the DagBag from /opt/airflow/dags/etl_clickhouse.py
[2025-10-29T20:03:48.575+0000] {processor.py:840} INFO - DAG(s) 'move_data_to_clickhouse' retrieved from /opt/airflow/dags/etl_clickhouse.py
[2025-10-29T20:03:48.633+0000] {logging_mixin.py:188} INFO - [2025-10-29T20:03:48.632+0000] {dag.py:3096} INFO - Sync 1 DAGs
[2025-10-29T20:03:48.666+0000] {logging_mixin.py:188} INFO - [2025-10-29T20:03:48.665+0000] {dag.py:3954} INFO - Setting next_dagrun for move_data_to_clickhouse to None, run_after=None
[2025-10-29T20:03:48.713+0000] {processor.py:183} INFO - Processing /opt/airflow/dags/etl_clickhouse.py took 0.897 seconds
[2025-10-29T20:04:18.923+0000] {processor.py:161} INFO - Started process (PID=6824) to work on /opt/airflow/dags/etl_clickhouse.py
[2025-10-29T20:04:18.925+0000] {processor.py:830} INFO - Processing file /opt/airflow/dags/etl_clickhouse.py for tasks to queue
[2025-10-29T20:04:18.929+0000] {logging_mixin.py:188} INFO - [2025-10-29T20:04:18.928+0000] {dagbag.py:545} INFO - Filling up the DagBag from /opt/airflow/dags/etl_clickhouse.py
[2025-10-29T20:04:19.566+0000] {processor.py:840} INFO - DAG(s) 'move_data_to_clickhouse' retrieved from /opt/airflow/dags/etl_clickhouse.py
[2025-10-29T20:04:19.616+0000] {logging_mixin.py:188} INFO - [2025-10-29T20:04:19.616+0000] {dag.py:3096} INFO - Sync 1 DAGs
[2025-10-29T20:04:19.638+0000] {logging_mixin.py:188} INFO - [2025-10-29T20:04:19.637+0000] {dag.py:3954} INFO - Setting next_dagrun for move_data_to_clickhouse to None, run_after=None
[2025-10-29T20:04:19.677+0000] {processor.py:183} INFO - Processing /opt/airflow/dags/etl_clickhouse.py took 0.763 seconds
[2025-10-29T20:04:50.048+0000] {processor.py:161} INFO - Started process (PID=6836) to work on /opt/airflow/dags/etl_clickhouse.py
[2025-10-29T20:04:50.050+0000] {processor.py:830} INFO - Processing file /opt/airflow/dags/etl_clickhouse.py for tasks to queue
[2025-10-29T20:04:50.052+0000] {logging_mixin.py:188} INFO - [2025-10-29T20:04:50.052+0000] {dagbag.py:545} INFO - Filling up the DagBag from /opt/airflow/dags/etl_clickhouse.py
[2025-10-29T20:04:50.544+0000] {processor.py:840} INFO - DAG(s) 'move_data_to_clickhouse' retrieved from /opt/airflow/dags/etl_clickhouse.py
[2025-10-29T20:04:50.586+0000] {logging_mixin.py:188} INFO - [2025-10-29T20:04:50.585+0000] {dag.py:3096} INFO - Sync 1 DAGs
[2025-10-29T20:04:50.609+0000] {logging_mixin.py:188} INFO - [2025-10-29T20:04:50.609+0000] {dag.py:3954} INFO - Setting next_dagrun for move_data_to_clickhouse to None, run_after=None
[2025-10-29T20:04:50.636+0000] {processor.py:183} INFO - Processing /opt/airflow/dags/etl_clickhouse.py took 0.597 seconds
[2025-10-29T20:05:21.011+0000] {processor.py:161} INFO - Started process (PID=6848) to work on /opt/airflow/dags/etl_clickhouse.py
[2025-10-29T20:05:21.013+0000] {processor.py:830} INFO - Processing file /opt/airflow/dags/etl_clickhouse.py for tasks to queue
[2025-10-29T20:05:21.016+0000] {logging_mixin.py:188} INFO - [2025-10-29T20:05:21.015+0000] {dagbag.py:545} INFO - Filling up the DagBag from /opt/airflow/dags/etl_clickhouse.py
[2025-10-29T20:05:21.509+0000] {processor.py:840} INFO - DAG(s) 'move_data_to_clickhouse' retrieved from /opt/airflow/dags/etl_clickhouse.py
[2025-10-29T20:05:21.548+0000] {logging_mixin.py:188} INFO - [2025-10-29T20:05:21.547+0000] {dag.py:3096} INFO - Sync 1 DAGs
[2025-10-29T20:05:21.563+0000] {logging_mixin.py:188} INFO - [2025-10-29T20:05:21.563+0000] {dag.py:3954} INFO - Setting next_dagrun for move_data_to_clickhouse to None, run_after=None
[2025-10-29T20:05:21.591+0000] {processor.py:183} INFO - Processing /opt/airflow/dags/etl_clickhouse.py took 0.590 seconds
[2025-10-29T20:05:52.087+0000] {processor.py:161} INFO - Started process (PID=6860) to work on /opt/airflow/dags/etl_clickhouse.py
[2025-10-29T20:05:52.089+0000] {processor.py:830} INFO - Processing file /opt/airflow/dags/etl_clickhouse.py for tasks to queue
[2025-10-29T20:05:52.093+0000] {logging_mixin.py:188} INFO - [2025-10-29T20:05:52.092+0000] {dagbag.py:545} INFO - Filling up the DagBag from /opt/airflow/dags/etl_clickhouse.py
[2025-10-29T20:05:52.560+0000] {processor.py:840} INFO - DAG(s) 'move_data_to_clickhouse' retrieved from /opt/airflow/dags/etl_clickhouse.py
[2025-10-29T20:05:52.599+0000] {logging_mixin.py:188} INFO - [2025-10-29T20:05:52.598+0000] {dag.py:3096} INFO - Sync 1 DAGs
[2025-10-29T20:05:52.616+0000] {logging_mixin.py:188} INFO - [2025-10-29T20:05:52.616+0000] {dag.py:3954} INFO - Setting next_dagrun for move_data_to_clickhouse to None, run_after=None
[2025-10-29T20:05:52.642+0000] {processor.py:183} INFO - Processing /opt/airflow/dags/etl_clickhouse.py took 0.568 seconds
[2025-10-29T20:06:22.979+0000] {processor.py:161} INFO - Started process (PID=6872) to work on /opt/airflow/dags/etl_clickhouse.py
[2025-10-29T20:06:22.981+0000] {processor.py:830} INFO - Processing file /opt/airflow/dags/etl_clickhouse.py for tasks to queue
[2025-10-29T20:06:22.985+0000] {logging_mixin.py:188} INFO - [2025-10-29T20:06:22.985+0000] {dagbag.py:545} INFO - Filling up the DagBag from /opt/airflow/dags/etl_clickhouse.py
[2025-10-29T20:06:23.467+0000] {processor.py:840} INFO - DAG(s) 'move_data_to_clickhouse' retrieved from /opt/airflow/dags/etl_clickhouse.py
[2025-10-29T20:06:23.508+0000] {logging_mixin.py:188} INFO - [2025-10-29T20:06:23.508+0000] {dag.py:3096} INFO - Sync 1 DAGs
[2025-10-29T20:06:23.525+0000] {logging_mixin.py:188} INFO - [2025-10-29T20:06:23.524+0000] {dag.py:3954} INFO - Setting next_dagrun for move_data_to_clickhouse to None, run_after=None
[2025-10-29T20:06:23.722+0000] {processor.py:183} INFO - Processing /opt/airflow/dags/etl_clickhouse.py took 0.756 seconds
[2025-10-29T20:06:54.152+0000] {processor.py:161} INFO - Started process (PID=6884) to work on /opt/airflow/dags/etl_clickhouse.py
[2025-10-29T20:06:54.154+0000] {processor.py:830} INFO - Processing file /opt/airflow/dags/etl_clickhouse.py for tasks to queue
[2025-10-29T20:06:54.158+0000] {logging_mixin.py:188} INFO - [2025-10-29T20:06:54.157+0000] {dagbag.py:545} INFO - Filling up the DagBag from /opt/airflow/dags/etl_clickhouse.py
[2025-10-29T20:06:54.666+0000] {processor.py:840} INFO - DAG(s) 'move_data_to_clickhouse' retrieved from /opt/airflow/dags/etl_clickhouse.py
[2025-10-29T20:06:54.704+0000] {logging_mixin.py:188} INFO - [2025-10-29T20:06:54.703+0000] {dag.py:3096} INFO - Sync 1 DAGs
[2025-10-29T20:06:54.723+0000] {logging_mixin.py:188} INFO - [2025-10-29T20:06:54.723+0000] {dag.py:3954} INFO - Setting next_dagrun for move_data_to_clickhouse to None, run_after=None
[2025-10-29T20:06:55.255+0000] {processor.py:183} INFO - Processing /opt/airflow/dags/etl_clickhouse.py took 1.112 seconds
[2025-10-29T20:07:25.767+0000] {processor.py:161} INFO - Started process (PID=6902) to work on /opt/airflow/dags/etl_clickhouse.py
[2025-10-29T20:07:25.768+0000] {processor.py:830} INFO - Processing file /opt/airflow/dags/etl_clickhouse.py for tasks to queue
[2025-10-29T20:07:25.771+0000] {logging_mixin.py:188} INFO - [2025-10-29T20:07:25.770+0000] {dagbag.py:545} INFO - Filling up the DagBag from /opt/airflow/dags/etl_clickhouse.py
[2025-10-29T20:07:26.216+0000] {processor.py:840} INFO - DAG(s) 'move_data_to_clickhouse' retrieved from /opt/airflow/dags/etl_clickhouse.py
[2025-10-29T20:07:26.250+0000] {logging_mixin.py:188} INFO - [2025-10-29T20:07:26.250+0000] {dag.py:3096} INFO - Sync 1 DAGs
[2025-10-29T20:07:26.265+0000] {logging_mixin.py:188} INFO - [2025-10-29T20:07:26.264+0000] {dag.py:3954} INFO - Setting next_dagrun for move_data_to_clickhouse to None, run_after=None
[2025-10-29T20:07:26.293+0000] {processor.py:183} INFO - Processing /opt/airflow/dags/etl_clickhouse.py took 0.534 seconds
[2025-10-29T20:07:56.681+0000] {processor.py:161} INFO - Started process (PID=6908) to work on /opt/airflow/dags/etl_clickhouse.py
[2025-10-29T20:07:56.682+0000] {processor.py:830} INFO - Processing file /opt/airflow/dags/etl_clickhouse.py for tasks to queue
[2025-10-29T20:07:56.685+0000] {logging_mixin.py:188} INFO - [2025-10-29T20:07:56.684+0000] {dagbag.py:545} INFO - Filling up the DagBag from /opt/airflow/dags/etl_clickhouse.py
[2025-10-29T20:07:57.208+0000] {processor.py:840} INFO - DAG(s) 'move_data_to_clickhouse' retrieved from /opt/airflow/dags/etl_clickhouse.py
[2025-10-29T20:07:57.247+0000] {logging_mixin.py:188} INFO - [2025-10-29T20:07:57.246+0000] {dag.py:3096} INFO - Sync 1 DAGs
[2025-10-29T20:07:57.264+0000] {logging_mixin.py:188} INFO - [2025-10-29T20:07:57.264+0000] {dag.py:3954} INFO - Setting next_dagrun for move_data_to_clickhouse to None, run_after=None
[2025-10-29T20:07:57.291+0000] {processor.py:183} INFO - Processing /opt/airflow/dags/etl_clickhouse.py took 0.619 seconds
[2025-10-29T20:08:27.735+0000] {processor.py:161} INFO - Started process (PID=6920) to work on /opt/airflow/dags/etl_clickhouse.py
[2025-10-29T20:08:27.736+0000] {processor.py:830} INFO - Processing file /opt/airflow/dags/etl_clickhouse.py for tasks to queue
[2025-10-29T20:08:27.739+0000] {logging_mixin.py:188} INFO - [2025-10-29T20:08:27.738+0000] {dagbag.py:545} INFO - Filling up the DagBag from /opt/airflow/dags/etl_clickhouse.py
[2025-10-29T20:08:28.197+0000] {processor.py:840} INFO - DAG(s) 'move_data_to_clickhouse' retrieved from /opt/airflow/dags/etl_clickhouse.py
[2025-10-29T20:08:28.232+0000] {logging_mixin.py:188} INFO - [2025-10-29T20:08:28.232+0000] {dag.py:3096} INFO - Sync 1 DAGs
[2025-10-29T20:08:28.247+0000] {logging_mixin.py:188} INFO - [2025-10-29T20:08:28.246+0000] {dag.py:3954} INFO - Setting next_dagrun for move_data_to_clickhouse to None, run_after=None
[2025-10-29T20:08:28.273+0000] {processor.py:183} INFO - Processing /opt/airflow/dags/etl_clickhouse.py took 0.547 seconds
[2025-10-29T20:08:58.732+0000] {processor.py:161} INFO - Started process (PID=6932) to work on /opt/airflow/dags/etl_clickhouse.py
[2025-10-29T20:08:58.733+0000] {processor.py:830} INFO - Processing file /opt/airflow/dags/etl_clickhouse.py for tasks to queue
[2025-10-29T20:08:58.736+0000] {logging_mixin.py:188} INFO - [2025-10-29T20:08:58.735+0000] {dagbag.py:545} INFO - Filling up the DagBag from /opt/airflow/dags/etl_clickhouse.py
[2025-10-29T20:08:59.208+0000] {processor.py:840} INFO - DAG(s) 'move_data_to_clickhouse' retrieved from /opt/airflow/dags/etl_clickhouse.py
[2025-10-29T20:08:59.243+0000] {logging_mixin.py:188} INFO - [2025-10-29T20:08:59.243+0000] {dag.py:3096} INFO - Sync 1 DAGs
[2025-10-29T20:08:59.258+0000] {logging_mixin.py:188} INFO - [2025-10-29T20:08:59.258+0000] {dag.py:3954} INFO - Setting next_dagrun for move_data_to_clickhouse to None, run_after=None
[2025-10-29T20:08:59.287+0000] {processor.py:183} INFO - Processing /opt/airflow/dags/etl_clickhouse.py took 0.567 seconds
[2025-10-29T20:09:29.805+0000] {processor.py:161} INFO - Started process (PID=6944) to work on /opt/airflow/dags/etl_clickhouse.py
[2025-10-29T20:09:29.807+0000] {processor.py:830} INFO - Processing file /opt/airflow/dags/etl_clickhouse.py for tasks to queue
[2025-10-29T20:09:29.810+0000] {logging_mixin.py:188} INFO - [2025-10-29T20:09:29.809+0000] {dagbag.py:545} INFO - Filling up the DagBag from /opt/airflow/dags/etl_clickhouse.py
[2025-10-29T20:09:30.316+0000] {processor.py:840} INFO - DAG(s) 'move_data_to_clickhouse' retrieved from /opt/airflow/dags/etl_clickhouse.py
[2025-10-29T20:09:30.350+0000] {logging_mixin.py:188} INFO - [2025-10-29T20:09:30.350+0000] {dag.py:3096} INFO - Sync 1 DAGs
[2025-10-29T20:09:30.365+0000] {logging_mixin.py:188} INFO - [2025-10-29T20:09:30.364+0000] {dag.py:3954} INFO - Setting next_dagrun for move_data_to_clickhouse to None, run_after=None
[2025-10-29T20:09:30.390+0000] {processor.py:183} INFO - Processing /opt/airflow/dags/etl_clickhouse.py took 0.595 seconds
[2025-10-29T20:10:00.827+0000] {processor.py:161} INFO - Started process (PID=6956) to work on /opt/airflow/dags/etl_clickhouse.py
[2025-10-29T20:10:00.829+0000] {processor.py:830} INFO - Processing file /opt/airflow/dags/etl_clickhouse.py for tasks to queue
[2025-10-29T20:10:00.832+0000] {logging_mixin.py:188} INFO - [2025-10-29T20:10:00.831+0000] {dagbag.py:545} INFO - Filling up the DagBag from /opt/airflow/dags/etl_clickhouse.py
[2025-10-29T20:10:01.296+0000] {processor.py:840} INFO - DAG(s) 'move_data_to_clickhouse' retrieved from /opt/airflow/dags/etl_clickhouse.py
[2025-10-29T20:10:01.334+0000] {logging_mixin.py:188} INFO - [2025-10-29T20:10:01.334+0000] {dag.py:3096} INFO - Sync 1 DAGs
[2025-10-29T20:10:01.352+0000] {logging_mixin.py:188} INFO - [2025-10-29T20:10:01.352+0000] {dag.py:3954} INFO - Setting next_dagrun for move_data_to_clickhouse to None, run_after=None
[2025-10-29T20:10:01.378+0000] {processor.py:183} INFO - Processing /opt/airflow/dags/etl_clickhouse.py took 0.560 seconds
[2025-10-29T20:10:31.844+0000] {processor.py:161} INFO - Started process (PID=6968) to work on /opt/airflow/dags/etl_clickhouse.py
[2025-10-29T20:10:31.845+0000] {processor.py:830} INFO - Processing file /opt/airflow/dags/etl_clickhouse.py for tasks to queue
[2025-10-29T20:10:31.848+0000] {logging_mixin.py:188} INFO - [2025-10-29T20:10:31.847+0000] {dagbag.py:545} INFO - Filling up the DagBag from /opt/airflow/dags/etl_clickhouse.py
[2025-10-29T20:10:32.335+0000] {processor.py:840} INFO - DAG(s) 'move_data_to_clickhouse' retrieved from /opt/airflow/dags/etl_clickhouse.py
[2025-10-29T20:10:32.377+0000] {logging_mixin.py:188} INFO - [2025-10-29T20:10:32.376+0000] {dag.py:3096} INFO - Sync 1 DAGs
[2025-10-29T20:10:32.394+0000] {logging_mixin.py:188} INFO - [2025-10-29T20:10:32.394+0000] {dag.py:3954} INFO - Setting next_dagrun for move_data_to_clickhouse to None, run_after=None
[2025-10-29T20:10:32.430+0000] {processor.py:183} INFO - Processing /opt/airflow/dags/etl_clickhouse.py took 0.595 seconds
[2025-10-29T20:11:02.830+0000] {processor.py:161} INFO - Started process (PID=6980) to work on /opt/airflow/dags/etl_clickhouse.py
[2025-10-29T20:11:02.831+0000] {processor.py:830} INFO - Processing file /opt/airflow/dags/etl_clickhouse.py for tasks to queue
[2025-10-29T20:11:02.834+0000] {logging_mixin.py:188} INFO - [2025-10-29T20:11:02.834+0000] {dagbag.py:545} INFO - Filling up the DagBag from /opt/airflow/dags/etl_clickhouse.py
[2025-10-29T20:11:03.278+0000] {processor.py:840} INFO - DAG(s) 'move_data_to_clickhouse' retrieved from /opt/airflow/dags/etl_clickhouse.py
[2025-10-29T20:11:03.316+0000] {logging_mixin.py:188} INFO - [2025-10-29T20:11:03.316+0000] {dag.py:3096} INFO - Sync 1 DAGs
[2025-10-29T20:11:03.333+0000] {logging_mixin.py:188} INFO - [2025-10-29T20:11:03.333+0000] {dag.py:3954} INFO - Setting next_dagrun for move_data_to_clickhouse to None, run_after=None
[2025-10-29T20:11:03.358+0000] {processor.py:183} INFO - Processing /opt/airflow/dags/etl_clickhouse.py took 0.538 seconds
[2025-10-29T20:11:33.917+0000] {processor.py:161} INFO - Started process (PID=6992) to work on /opt/airflow/dags/etl_clickhouse.py
[2025-10-29T20:11:33.919+0000] {processor.py:830} INFO - Processing file /opt/airflow/dags/etl_clickhouse.py for tasks to queue
[2025-10-29T20:11:33.922+0000] {logging_mixin.py:188} INFO - [2025-10-29T20:11:33.922+0000] {dagbag.py:545} INFO - Filling up the DagBag from /opt/airflow/dags/etl_clickhouse.py
[2025-10-29T20:11:34.424+0000] {processor.py:840} INFO - DAG(s) 'move_data_to_clickhouse' retrieved from /opt/airflow/dags/etl_clickhouse.py
[2025-10-29T20:11:34.463+0000] {logging_mixin.py:188} INFO - [2025-10-29T20:11:34.463+0000] {dag.py:3096} INFO - Sync 1 DAGs
[2025-10-29T20:11:34.481+0000] {logging_mixin.py:188} INFO - [2025-10-29T20:11:34.481+0000] {dag.py:3954} INFO - Setting next_dagrun for move_data_to_clickhouse to None, run_after=None
[2025-10-29T20:11:34.506+0000] {processor.py:183} INFO - Processing /opt/airflow/dags/etl_clickhouse.py took 0.599 seconds
[2025-10-29T20:12:04.966+0000] {processor.py:161} INFO - Started process (PID=7004) to work on /opt/airflow/dags/etl_clickhouse.py
[2025-10-29T20:12:04.968+0000] {processor.py:830} INFO - Processing file /opt/airflow/dags/etl_clickhouse.py for tasks to queue
[2025-10-29T20:12:04.970+0000] {logging_mixin.py:188} INFO - [2025-10-29T20:12:04.970+0000] {dagbag.py:545} INFO - Filling up the DagBag from /opt/airflow/dags/etl_clickhouse.py
[2025-10-29T20:12:05.460+0000] {processor.py:840} INFO - DAG(s) 'move_data_to_clickhouse' retrieved from /opt/airflow/dags/etl_clickhouse.py
[2025-10-29T20:12:05.498+0000] {logging_mixin.py:188} INFO - [2025-10-29T20:12:05.498+0000] {dag.py:3096} INFO - Sync 1 DAGs
[2025-10-29T20:12:05.520+0000] {logging_mixin.py:188} INFO - [2025-10-29T20:12:05.520+0000] {dag.py:3954} INFO - Setting next_dagrun for move_data_to_clickhouse to None, run_after=None
[2025-10-29T20:12:05.551+0000] {processor.py:183} INFO - Processing /opt/airflow/dags/etl_clickhouse.py took 0.594 seconds
[2025-10-29T20:12:36.003+0000] {processor.py:161} INFO - Started process (PID=7016) to work on /opt/airflow/dags/etl_clickhouse.py
[2025-10-29T20:12:36.005+0000] {processor.py:830} INFO - Processing file /opt/airflow/dags/etl_clickhouse.py for tasks to queue
[2025-10-29T20:12:36.008+0000] {logging_mixin.py:188} INFO - [2025-10-29T20:12:36.007+0000] {dagbag.py:545} INFO - Filling up the DagBag from /opt/airflow/dags/etl_clickhouse.py
[2025-10-29T20:12:36.463+0000] {processor.py:840} INFO - DAG(s) 'move_data_to_clickhouse' retrieved from /opt/airflow/dags/etl_clickhouse.py
[2025-10-29T20:12:36.509+0000] {logging_mixin.py:188} INFO - [2025-10-29T20:12:36.508+0000] {dag.py:3096} INFO - Sync 1 DAGs
[2025-10-29T20:12:36.526+0000] {logging_mixin.py:188} INFO - [2025-10-29T20:12:36.526+0000] {dag.py:3954} INFO - Setting next_dagrun for move_data_to_clickhouse to None, run_after=None
[2025-10-29T20:12:36.558+0000] {processor.py:183} INFO - Processing /opt/airflow/dags/etl_clickhouse.py took 0.564 seconds
[2025-10-29T20:13:07.028+0000] {processor.py:161} INFO - Started process (PID=7028) to work on /opt/airflow/dags/etl_clickhouse.py
[2025-10-29T20:13:07.029+0000] {processor.py:830} INFO - Processing file /opt/airflow/dags/etl_clickhouse.py for tasks to queue
[2025-10-29T20:13:07.032+0000] {logging_mixin.py:188} INFO - [2025-10-29T20:13:07.031+0000] {dagbag.py:545} INFO - Filling up the DagBag from /opt/airflow/dags/etl_clickhouse.py
[2025-10-29T20:13:07.478+0000] {processor.py:840} INFO - DAG(s) 'move_data_to_clickhouse' retrieved from /opt/airflow/dags/etl_clickhouse.py
[2025-10-29T20:13:07.516+0000] {logging_mixin.py:188} INFO - [2025-10-29T20:13:07.515+0000] {dag.py:3096} INFO - Sync 1 DAGs
[2025-10-29T20:13:07.532+0000] {logging_mixin.py:188} INFO - [2025-10-29T20:13:07.532+0000] {dag.py:3954} INFO - Setting next_dagrun for move_data_to_clickhouse to None, run_after=None
[2025-10-29T20:13:07.575+0000] {processor.py:183} INFO - Processing /opt/airflow/dags/etl_clickhouse.py took 0.555 seconds
[2025-10-29T20:13:38.021+0000] {processor.py:161} INFO - Started process (PID=7040) to work on /opt/airflow/dags/etl_clickhouse.py
[2025-10-29T20:13:38.023+0000] {processor.py:830} INFO - Processing file /opt/airflow/dags/etl_clickhouse.py for tasks to queue
[2025-10-29T20:13:38.025+0000] {logging_mixin.py:188} INFO - [2025-10-29T20:13:38.025+0000] {dagbag.py:545} INFO - Filling up the DagBag from /opt/airflow/dags/etl_clickhouse.py
[2025-10-29T20:13:38.464+0000] {processor.py:840} INFO - DAG(s) 'move_data_to_clickhouse' retrieved from /opt/airflow/dags/etl_clickhouse.py
[2025-10-29T20:13:38.503+0000] {logging_mixin.py:188} INFO - [2025-10-29T20:13:38.503+0000] {dag.py:3096} INFO - Sync 1 DAGs
[2025-10-29T20:13:38.520+0000] {logging_mixin.py:188} INFO - [2025-10-29T20:13:38.520+0000] {dag.py:3954} INFO - Setting next_dagrun for move_data_to_clickhouse to None, run_after=None
[2025-10-29T20:13:38.548+0000] {processor.py:183} INFO - Processing /opt/airflow/dags/etl_clickhouse.py took 0.536 seconds
[2025-10-29T20:14:08.927+0000] {processor.py:161} INFO - Started process (PID=7052) to work on /opt/airflow/dags/etl_clickhouse.py
[2025-10-29T20:14:08.929+0000] {processor.py:830} INFO - Processing file /opt/airflow/dags/etl_clickhouse.py for tasks to queue
[2025-10-29T20:14:08.932+0000] {logging_mixin.py:188} INFO - [2025-10-29T20:14:08.931+0000] {dagbag.py:545} INFO - Filling up the DagBag from /opt/airflow/dags/etl_clickhouse.py
[2025-10-29T20:14:09.445+0000] {processor.py:840} INFO - DAG(s) 'move_data_to_clickhouse' retrieved from /opt/airflow/dags/etl_clickhouse.py
[2025-10-29T20:14:09.484+0000] {logging_mixin.py:188} INFO - [2025-10-29T20:14:09.483+0000] {dag.py:3096} INFO - Sync 1 DAGs
[2025-10-29T20:14:09.502+0000] {logging_mixin.py:188} INFO - [2025-10-29T20:14:09.502+0000] {dag.py:3954} INFO - Setting next_dagrun for move_data_to_clickhouse to None, run_after=None
[2025-10-29T20:14:09.527+0000] {processor.py:183} INFO - Processing /opt/airflow/dags/etl_clickhouse.py took 0.610 seconds
[2025-10-29T20:14:39.912+0000] {processor.py:161} INFO - Started process (PID=7064) to work on /opt/airflow/dags/etl_clickhouse.py
[2025-10-29T20:14:39.914+0000] {processor.py:830} INFO - Processing file /opt/airflow/dags/etl_clickhouse.py for tasks to queue
[2025-10-29T20:14:39.917+0000] {logging_mixin.py:188} INFO - [2025-10-29T20:14:39.916+0000] {dagbag.py:545} INFO - Filling up the DagBag from /opt/airflow/dags/etl_clickhouse.py
[2025-10-29T20:14:40.415+0000] {processor.py:840} INFO - DAG(s) 'move_data_to_clickhouse' retrieved from /opt/airflow/dags/etl_clickhouse.py
[2025-10-29T20:14:40.454+0000] {logging_mixin.py:188} INFO - [2025-10-29T20:14:40.453+0000] {dag.py:3096} INFO - Sync 1 DAGs
[2025-10-29T20:14:40.469+0000] {logging_mixin.py:188} INFO - [2025-10-29T20:14:40.468+0000] {dag.py:3954} INFO - Setting next_dagrun for move_data_to_clickhouse to None, run_after=None
[2025-10-29T20:14:40.499+0000] {processor.py:183} INFO - Processing /opt/airflow/dags/etl_clickhouse.py took 0.595 seconds
[2025-10-29T20:15:10.853+0000] {processor.py:161} INFO - Started process (PID=7076) to work on /opt/airflow/dags/etl_clickhouse.py
[2025-10-29T20:15:10.855+0000] {processor.py:830} INFO - Processing file /opt/airflow/dags/etl_clickhouse.py for tasks to queue
[2025-10-29T20:15:10.858+0000] {logging_mixin.py:188} INFO - [2025-10-29T20:15:10.858+0000] {dagbag.py:545} INFO - Filling up the DagBag from /opt/airflow/dags/etl_clickhouse.py
[2025-10-29T20:15:11.516+0000] {processor.py:840} INFO - DAG(s) 'move_data_to_clickhouse' retrieved from /opt/airflow/dags/etl_clickhouse.py
[2025-10-29T20:15:11.565+0000] {logging_mixin.py:188} INFO - [2025-10-29T20:15:11.565+0000] {dag.py:3096} INFO - Sync 1 DAGs
[2025-10-29T20:15:11.585+0000] {logging_mixin.py:188} INFO - [2025-10-29T20:15:11.584+0000] {dag.py:3954} INFO - Setting next_dagrun for move_data_to_clickhouse to None, run_after=None
[2025-10-29T20:15:11.612+0000] {processor.py:183} INFO - Processing /opt/airflow/dags/etl_clickhouse.py took 0.769 seconds
[2025-10-29T20:15:41.923+0000] {processor.py:161} INFO - Started process (PID=7088) to work on /opt/airflow/dags/etl_clickhouse.py
[2025-10-29T20:15:41.925+0000] {processor.py:830} INFO - Processing file /opt/airflow/dags/etl_clickhouse.py for tasks to queue
[2025-10-29T20:15:41.927+0000] {logging_mixin.py:188} INFO - [2025-10-29T20:15:41.927+0000] {dagbag.py:545} INFO - Filling up the DagBag from /opt/airflow/dags/etl_clickhouse.py
[2025-10-29T20:15:42.372+0000] {processor.py:840} INFO - DAG(s) 'move_data_to_clickhouse' retrieved from /opt/airflow/dags/etl_clickhouse.py
[2025-10-29T20:15:42.415+0000] {logging_mixin.py:188} INFO - [2025-10-29T20:15:42.415+0000] {dag.py:3096} INFO - Sync 1 DAGs
[2025-10-29T20:15:42.433+0000] {logging_mixin.py:188} INFO - [2025-10-29T20:15:42.433+0000] {dag.py:3954} INFO - Setting next_dagrun for move_data_to_clickhouse to None, run_after=None
[2025-10-29T20:15:42.458+0000] {processor.py:183} INFO - Processing /opt/airflow/dags/etl_clickhouse.py took 0.545 seconds
[2025-10-29T20:16:12.831+0000] {processor.py:161} INFO - Started process (PID=7100) to work on /opt/airflow/dags/etl_clickhouse.py
[2025-10-29T20:16:12.834+0000] {processor.py:830} INFO - Processing file /opt/airflow/dags/etl_clickhouse.py for tasks to queue
[2025-10-29T20:16:12.838+0000] {logging_mixin.py:188} INFO - [2025-10-29T20:16:12.837+0000] {dagbag.py:545} INFO - Filling up the DagBag from /opt/airflow/dags/etl_clickhouse.py
[2025-10-29T20:16:13.433+0000] {processor.py:840} INFO - DAG(s) 'move_data_to_clickhouse' retrieved from /opt/airflow/dags/etl_clickhouse.py
[2025-10-29T20:16:13.481+0000] {logging_mixin.py:188} INFO - [2025-10-29T20:16:13.480+0000] {dag.py:3096} INFO - Sync 1 DAGs
[2025-10-29T20:16:13.499+0000] {logging_mixin.py:188} INFO - [2025-10-29T20:16:13.498+0000] {dag.py:3954} INFO - Setting next_dagrun for move_data_to_clickhouse to None, run_after=None
[2025-10-29T20:16:18.814+0000] {processor.py:183} INFO - Processing /opt/airflow/dags/etl_clickhouse.py took 5.998 seconds
[2025-10-29T20:16:50.603+0000] {processor.py:161} INFO - Started process (PID=7112) to work on /opt/airflow/dags/etl_clickhouse.py
[2025-10-29T20:16:50.606+0000] {processor.py:830} INFO - Processing file /opt/airflow/dags/etl_clickhouse.py for tasks to queue
[2025-10-29T20:16:50.614+0000] {logging_mixin.py:188} INFO - [2025-10-29T20:16:50.613+0000] {dagbag.py:545} INFO - Filling up the DagBag from /opt/airflow/dags/etl_clickhouse.py
[2025-10-29T20:16:51.621+0000] {processor.py:840} INFO - DAG(s) 'move_data_to_clickhouse' retrieved from /opt/airflow/dags/etl_clickhouse.py
[2025-10-29T20:16:51.678+0000] {logging_mixin.py:188} INFO - [2025-10-29T20:16:51.677+0000] {dag.py:3096} INFO - Sync 1 DAGs
[2025-10-29T20:16:51.703+0000] {logging_mixin.py:188} INFO - [2025-10-29T20:16:51.703+0000] {dag.py:3954} INFO - Setting next_dagrun for move_data_to_clickhouse to None, run_after=None
[2025-10-29T20:16:51.889+0000] {processor.py:183} INFO - Processing /opt/airflow/dags/etl_clickhouse.py took 1.301 seconds
[2025-10-29T20:17:22.300+0000] {processor.py:161} INFO - Started process (PID=7124) to work on /opt/airflow/dags/etl_clickhouse.py
[2025-10-29T20:17:22.302+0000] {processor.py:830} INFO - Processing file /opt/airflow/dags/etl_clickhouse.py for tasks to queue
[2025-10-29T20:17:22.306+0000] {logging_mixin.py:188} INFO - [2025-10-29T20:17:22.305+0000] {dagbag.py:545} INFO - Filling up the DagBag from /opt/airflow/dags/etl_clickhouse.py
[2025-10-29T20:17:22.825+0000] {processor.py:840} INFO - DAG(s) 'move_data_to_clickhouse' retrieved from /opt/airflow/dags/etl_clickhouse.py
[2025-10-29T20:17:22.867+0000] {logging_mixin.py:188} INFO - [2025-10-29T20:17:22.866+0000] {dag.py:3096} INFO - Sync 1 DAGs
[2025-10-29T20:17:22.883+0000] {logging_mixin.py:188} INFO - [2025-10-29T20:17:22.882+0000] {dag.py:3954} INFO - Setting next_dagrun for move_data_to_clickhouse to None, run_after=None
[2025-10-29T20:17:22.911+0000] {processor.py:183} INFO - Processing /opt/airflow/dags/etl_clickhouse.py took 0.623 seconds
[2025-10-29T20:17:53.257+0000] {processor.py:161} INFO - Started process (PID=7136) to work on /opt/airflow/dags/etl_clickhouse.py
[2025-10-29T20:17:53.259+0000] {processor.py:830} INFO - Processing file /opt/airflow/dags/etl_clickhouse.py for tasks to queue
[2025-10-29T20:17:53.265+0000] {logging_mixin.py:188} INFO - [2025-10-29T20:17:53.264+0000] {dagbag.py:545} INFO - Filling up the DagBag from /opt/airflow/dags/etl_clickhouse.py
[2025-10-29T20:17:53.906+0000] {processor.py:840} INFO - DAG(s) 'move_data_to_clickhouse' retrieved from /opt/airflow/dags/etl_clickhouse.py
[2025-10-29T20:17:53.948+0000] {logging_mixin.py:188} INFO - [2025-10-29T20:17:53.947+0000] {dag.py:3096} INFO - Sync 1 DAGs
[2025-10-29T20:17:53.966+0000] {logging_mixin.py:188} INFO - [2025-10-29T20:17:53.966+0000] {dag.py:3954} INFO - Setting next_dagrun for move_data_to_clickhouse to None, run_after=None
[2025-10-29T20:17:54.001+0000] {processor.py:183} INFO - Processing /opt/airflow/dags/etl_clickhouse.py took 0.759 seconds
[2025-10-29T20:18:24.367+0000] {processor.py:161} INFO - Started process (PID=7148) to work on /opt/airflow/dags/etl_clickhouse.py
[2025-10-29T20:18:24.370+0000] {processor.py:830} INFO - Processing file /opt/airflow/dags/etl_clickhouse.py for tasks to queue
[2025-10-29T20:18:24.373+0000] {logging_mixin.py:188} INFO - [2025-10-29T20:18:24.372+0000] {dagbag.py:545} INFO - Filling up the DagBag from /opt/airflow/dags/etl_clickhouse.py
[2025-10-29T20:18:24.892+0000] {processor.py:840} INFO - DAG(s) 'move_data_to_clickhouse' retrieved from /opt/airflow/dags/etl_clickhouse.py
[2025-10-29T20:18:24.928+0000] {logging_mixin.py:188} INFO - [2025-10-29T20:18:24.927+0000] {dag.py:3096} INFO - Sync 1 DAGs
[2025-10-29T20:18:24.947+0000] {logging_mixin.py:188} INFO - [2025-10-29T20:18:24.946+0000] {dag.py:3954} INFO - Setting next_dagrun for move_data_to_clickhouse to None, run_after=None
[2025-10-29T20:18:25.003+0000] {processor.py:183} INFO - Processing /opt/airflow/dags/etl_clickhouse.py took 0.652 seconds
[2025-10-29T20:18:55.264+0000] {processor.py:161} INFO - Started process (PID=7160) to work on /opt/airflow/dags/etl_clickhouse.py
[2025-10-29T20:18:55.265+0000] {processor.py:830} INFO - Processing file /opt/airflow/dags/etl_clickhouse.py for tasks to queue
[2025-10-29T20:18:55.268+0000] {logging_mixin.py:188} INFO - [2025-10-29T20:18:55.268+0000] {dagbag.py:545} INFO - Filling up the DagBag from /opt/airflow/dags/etl_clickhouse.py
[2025-10-29T20:18:55.780+0000] {processor.py:840} INFO - DAG(s) 'move_data_to_clickhouse' retrieved from /opt/airflow/dags/etl_clickhouse.py
[2025-10-29T20:18:55.837+0000] {logging_mixin.py:188} INFO - [2025-10-29T20:18:55.836+0000] {dag.py:3096} INFO - Sync 1 DAGs
[2025-10-29T20:18:55.852+0000] {logging_mixin.py:188} INFO - [2025-10-29T20:18:55.852+0000] {dag.py:3954} INFO - Setting next_dagrun for move_data_to_clickhouse to None, run_after=None
[2025-10-29T20:18:56.021+0000] {processor.py:183} INFO - Processing /opt/airflow/dags/etl_clickhouse.py took 0.766 seconds
[2025-10-29T20:19:26.417+0000] {processor.py:161} INFO - Started process (PID=7172) to work on /opt/airflow/dags/etl_clickhouse.py
[2025-10-29T20:19:26.419+0000] {processor.py:830} INFO - Processing file /opt/airflow/dags/etl_clickhouse.py for tasks to queue
[2025-10-29T20:19:26.422+0000] {logging_mixin.py:188} INFO - [2025-10-29T20:19:26.422+0000] {dagbag.py:545} INFO - Filling up the DagBag from /opt/airflow/dags/etl_clickhouse.py
[2025-10-29T20:19:27.045+0000] {processor.py:840} INFO - DAG(s) 'move_data_to_clickhouse' retrieved from /opt/airflow/dags/etl_clickhouse.py
[2025-10-29T20:19:27.087+0000] {logging_mixin.py:188} INFO - [2025-10-29T20:19:27.086+0000] {dag.py:3096} INFO - Sync 1 DAGs
[2025-10-29T20:19:27.110+0000] {logging_mixin.py:188} INFO - [2025-10-29T20:19:27.110+0000] {dag.py:3954} INFO - Setting next_dagrun for move_data_to_clickhouse to None, run_after=None
[2025-10-29T20:19:27.145+0000] {processor.py:183} INFO - Processing /opt/airflow/dags/etl_clickhouse.py took 0.741 seconds
[2025-10-29T20:19:57.669+0000] {processor.py:161} INFO - Started process (PID=7184) to work on /opt/airflow/dags/etl_clickhouse.py
[2025-10-29T20:19:57.671+0000] {processor.py:830} INFO - Processing file /opt/airflow/dags/etl_clickhouse.py for tasks to queue
[2025-10-29T20:19:57.674+0000] {logging_mixin.py:188} INFO - [2025-10-29T20:19:57.674+0000] {dagbag.py:545} INFO - Filling up the DagBag from /opt/airflow/dags/etl_clickhouse.py
[2025-10-29T20:19:58.253+0000] {processor.py:840} INFO - DAG(s) 'move_data_to_clickhouse' retrieved from /opt/airflow/dags/etl_clickhouse.py
[2025-10-29T20:19:58.311+0000] {logging_mixin.py:188} INFO - [2025-10-29T20:19:58.310+0000] {dag.py:3096} INFO - Sync 1 DAGs
[2025-10-29T20:19:58.337+0000] {logging_mixin.py:188} INFO - [2025-10-29T20:19:58.336+0000] {dag.py:3954} INFO - Setting next_dagrun for move_data_to_clickhouse to None, run_after=None
[2025-10-29T20:19:58.383+0000] {processor.py:183} INFO - Processing /opt/airflow/dags/etl_clickhouse.py took 0.727 seconds
[2025-10-29T20:20:28.791+0000] {processor.py:161} INFO - Started process (PID=7196) to work on /opt/airflow/dags/etl_clickhouse.py
[2025-10-29T20:20:28.792+0000] {processor.py:830} INFO - Processing file /opt/airflow/dags/etl_clickhouse.py for tasks to queue
[2025-10-29T20:20:28.795+0000] {logging_mixin.py:188} INFO - [2025-10-29T20:20:28.795+0000] {dagbag.py:545} INFO - Filling up the DagBag from /opt/airflow/dags/etl_clickhouse.py
[2025-10-29T20:20:29.276+0000] {processor.py:840} INFO - DAG(s) 'move_data_to_clickhouse' retrieved from /opt/airflow/dags/etl_clickhouse.py
[2025-10-29T20:20:29.315+0000] {logging_mixin.py:188} INFO - [2025-10-29T20:20:29.314+0000] {dag.py:3096} INFO - Sync 1 DAGs
[2025-10-29T20:20:29.333+0000] {logging_mixin.py:188} INFO - [2025-10-29T20:20:29.333+0000] {dag.py:3954} INFO - Setting next_dagrun for move_data_to_clickhouse to None, run_after=None
[2025-10-29T20:20:29.360+0000] {processor.py:183} INFO - Processing /opt/airflow/dags/etl_clickhouse.py took 0.577 seconds
[2025-10-29T20:20:59.909+0000] {processor.py:161} INFO - Started process (PID=7208) to work on /opt/airflow/dags/etl_clickhouse.py
[2025-10-29T20:20:59.914+0000] {processor.py:830} INFO - Processing file /opt/airflow/dags/etl_clickhouse.py for tasks to queue
[2025-10-29T20:20:59.922+0000] {logging_mixin.py:188} INFO - [2025-10-29T20:20:59.921+0000] {dagbag.py:545} INFO - Filling up the DagBag from /opt/airflow/dags/etl_clickhouse.py
[2025-10-29T20:21:00.527+0000] {processor.py:840} INFO - DAG(s) 'move_data_to_clickhouse' retrieved from /opt/airflow/dags/etl_clickhouse.py
[2025-10-29T20:21:00.569+0000] {logging_mixin.py:188} INFO - [2025-10-29T20:21:00.569+0000] {dag.py:3096} INFO - Sync 1 DAGs
[2025-10-29T20:21:00.587+0000] {logging_mixin.py:188} INFO - [2025-10-29T20:21:00.586+0000] {dag.py:3954} INFO - Setting next_dagrun for move_data_to_clickhouse to None, run_after=None
[2025-10-29T20:21:00.614+0000] {processor.py:183} INFO - Processing /opt/airflow/dags/etl_clickhouse.py took 0.734 seconds
[2025-10-29T20:21:31.080+0000] {processor.py:161} INFO - Started process (PID=7220) to work on /opt/airflow/dags/etl_clickhouse.py
[2025-10-29T20:21:31.082+0000] {processor.py:830} INFO - Processing file /opt/airflow/dags/etl_clickhouse.py for tasks to queue
[2025-10-29T20:21:31.085+0000] {logging_mixin.py:188} INFO - [2025-10-29T20:21:31.085+0000] {dagbag.py:545} INFO - Filling up the DagBag from /opt/airflow/dags/etl_clickhouse.py
[2025-10-29T20:21:31.583+0000] {processor.py:840} INFO - DAG(s) 'move_data_to_clickhouse' retrieved from /opt/airflow/dags/etl_clickhouse.py
[2025-10-29T20:21:31.618+0000] {logging_mixin.py:188} INFO - [2025-10-29T20:21:31.618+0000] {dag.py:3096} INFO - Sync 1 DAGs
[2025-10-29T20:21:31.634+0000] {logging_mixin.py:188} INFO - [2025-10-29T20:21:31.633+0000] {dag.py:3954} INFO - Setting next_dagrun for move_data_to_clickhouse to None, run_after=None
[2025-10-29T20:21:31.660+0000] {processor.py:183} INFO - Processing /opt/airflow/dags/etl_clickhouse.py took 0.594 seconds
[2025-10-29T20:22:02.087+0000] {processor.py:161} INFO - Started process (PID=7232) to work on /opt/airflow/dags/etl_clickhouse.py
[2025-10-29T20:22:02.088+0000] {processor.py:830} INFO - Processing file /opt/airflow/dags/etl_clickhouse.py for tasks to queue
[2025-10-29T20:22:02.091+0000] {logging_mixin.py:188} INFO - [2025-10-29T20:22:02.091+0000] {dagbag.py:545} INFO - Filling up the DagBag from /opt/airflow/dags/etl_clickhouse.py
[2025-10-29T20:22:02.557+0000] {processor.py:840} INFO - DAG(s) 'move_data_to_clickhouse' retrieved from /opt/airflow/dags/etl_clickhouse.py
[2025-10-29T20:22:02.594+0000] {logging_mixin.py:188} INFO - [2025-10-29T20:22:02.593+0000] {dag.py:3096} INFO - Sync 1 DAGs
[2025-10-29T20:22:02.609+0000] {logging_mixin.py:188} INFO - [2025-10-29T20:22:02.609+0000] {dag.py:3954} INFO - Setting next_dagrun for move_data_to_clickhouse to None, run_after=None
[2025-10-29T20:22:02.636+0000] {processor.py:183} INFO - Processing /opt/airflow/dags/etl_clickhouse.py took 0.558 seconds
[2025-10-29T20:22:33.013+0000] {processor.py:161} INFO - Started process (PID=7244) to work on /opt/airflow/dags/etl_clickhouse.py
[2025-10-29T20:22:33.014+0000] {processor.py:830} INFO - Processing file /opt/airflow/dags/etl_clickhouse.py for tasks to queue
[2025-10-29T20:22:33.018+0000] {logging_mixin.py:188} INFO - [2025-10-29T20:22:33.017+0000] {dagbag.py:545} INFO - Filling up the DagBag from /opt/airflow/dags/etl_clickhouse.py
[2025-10-29T20:22:33.551+0000] {processor.py:840} INFO - DAG(s) 'move_data_to_clickhouse' retrieved from /opt/airflow/dags/etl_clickhouse.py
[2025-10-29T20:22:33.590+0000] {logging_mixin.py:188} INFO - [2025-10-29T20:22:33.590+0000] {dag.py:3096} INFO - Sync 1 DAGs
[2025-10-29T20:22:33.609+0000] {logging_mixin.py:188} INFO - [2025-10-29T20:22:33.608+0000] {dag.py:3954} INFO - Setting next_dagrun for move_data_to_clickhouse to None, run_after=None
[2025-10-29T20:22:33.637+0000] {processor.py:183} INFO - Processing /opt/airflow/dags/etl_clickhouse.py took 0.637 seconds
[2025-10-29T20:23:04.048+0000] {processor.py:161} INFO - Started process (PID=7256) to work on /opt/airflow/dags/etl_clickhouse.py
[2025-10-29T20:23:04.051+0000] {processor.py:830} INFO - Processing file /opt/airflow/dags/etl_clickhouse.py for tasks to queue
[2025-10-29T20:23:04.054+0000] {logging_mixin.py:188} INFO - [2025-10-29T20:23:04.054+0000] {dagbag.py:545} INFO - Filling up the DagBag from /opt/airflow/dags/etl_clickhouse.py
[2025-10-29T20:23:04.540+0000] {processor.py:840} INFO - DAG(s) 'move_data_to_clickhouse' retrieved from /opt/airflow/dags/etl_clickhouse.py
[2025-10-29T20:23:04.577+0000] {logging_mixin.py:188} INFO - [2025-10-29T20:23:04.577+0000] {dag.py:3096} INFO - Sync 1 DAGs
[2025-10-29T20:23:04.592+0000] {logging_mixin.py:188} INFO - [2025-10-29T20:23:04.592+0000] {dag.py:3954} INFO - Setting next_dagrun for move_data_to_clickhouse to None, run_after=None
[2025-10-29T20:23:04.616+0000] {processor.py:183} INFO - Processing /opt/airflow/dags/etl_clickhouse.py took 0.578 seconds
[2025-10-29T20:23:34.994+0000] {processor.py:161} INFO - Started process (PID=7268) to work on /opt/airflow/dags/etl_clickhouse.py
[2025-10-29T20:23:34.995+0000] {processor.py:830} INFO - Processing file /opt/airflow/dags/etl_clickhouse.py for tasks to queue
[2025-10-29T20:23:34.998+0000] {logging_mixin.py:188} INFO - [2025-10-29T20:23:34.997+0000] {dagbag.py:545} INFO - Filling up the DagBag from /opt/airflow/dags/etl_clickhouse.py
[2025-10-29T20:23:35.533+0000] {processor.py:840} INFO - DAG(s) 'move_data_to_clickhouse' retrieved from /opt/airflow/dags/etl_clickhouse.py
[2025-10-29T20:23:35.582+0000] {logging_mixin.py:188} INFO - [2025-10-29T20:23:35.582+0000] {dag.py:3096} INFO - Sync 1 DAGs
[2025-10-29T20:23:35.603+0000] {logging_mixin.py:188} INFO - [2025-10-29T20:23:35.603+0000] {dag.py:3954} INFO - Setting next_dagrun for move_data_to_clickhouse to None, run_after=None
[2025-10-29T20:23:35.631+0000] {processor.py:183} INFO - Processing /opt/airflow/dags/etl_clickhouse.py took 0.646 seconds
[2025-10-29T20:24:05.920+0000] {processor.py:161} INFO - Started process (PID=7280) to work on /opt/airflow/dags/etl_clickhouse.py
[2025-10-29T20:24:05.922+0000] {processor.py:830} INFO - Processing file /opt/airflow/dags/etl_clickhouse.py for tasks to queue
[2025-10-29T20:24:05.926+0000] {logging_mixin.py:188} INFO - [2025-10-29T20:24:05.925+0000] {dagbag.py:545} INFO - Filling up the DagBag from /opt/airflow/dags/etl_clickhouse.py
[2025-10-29T20:24:06.445+0000] {processor.py:840} INFO - DAG(s) 'move_data_to_clickhouse' retrieved from /opt/airflow/dags/etl_clickhouse.py
[2025-10-29T20:24:06.481+0000] {logging_mixin.py:188} INFO - [2025-10-29T20:24:06.480+0000] {dag.py:3096} INFO - Sync 1 DAGs
[2025-10-29T20:24:06.496+0000] {logging_mixin.py:188} INFO - [2025-10-29T20:24:06.496+0000] {dag.py:3954} INFO - Setting next_dagrun for move_data_to_clickhouse to None, run_after=None
[2025-10-29T20:24:06.524+0000] {processor.py:183} INFO - Processing /opt/airflow/dags/etl_clickhouse.py took 0.615 seconds
[2025-10-29T20:24:36.809+0000] {processor.py:161} INFO - Started process (PID=7292) to work on /opt/airflow/dags/etl_clickhouse.py
[2025-10-29T20:24:36.811+0000] {processor.py:830} INFO - Processing file /opt/airflow/dags/etl_clickhouse.py for tasks to queue
[2025-10-29T20:24:36.814+0000] {logging_mixin.py:188} INFO - [2025-10-29T20:24:36.813+0000] {dagbag.py:545} INFO - Filling up the DagBag from /opt/airflow/dags/etl_clickhouse.py
[2025-10-29T20:24:37.312+0000] {processor.py:840} INFO - DAG(s) 'move_data_to_clickhouse' retrieved from /opt/airflow/dags/etl_clickhouse.py
[2025-10-29T20:24:37.351+0000] {logging_mixin.py:188} INFO - [2025-10-29T20:24:37.350+0000] {dag.py:3096} INFO - Sync 1 DAGs
[2025-10-29T20:24:37.384+0000] {logging_mixin.py:188} INFO - [2025-10-29T20:24:37.384+0000] {dag.py:3954} INFO - Setting next_dagrun for move_data_to_clickhouse to None, run_after=None
[2025-10-29T20:24:37.409+0000] {processor.py:183} INFO - Processing /opt/airflow/dags/etl_clickhouse.py took 0.609 seconds
[2025-10-29T20:25:07.765+0000] {processor.py:161} INFO - Started process (PID=7304) to work on /opt/airflow/dags/etl_clickhouse.py
[2025-10-29T20:25:07.767+0000] {processor.py:830} INFO - Processing file /opt/airflow/dags/etl_clickhouse.py for tasks to queue
[2025-10-29T20:25:07.770+0000] {logging_mixin.py:188} INFO - [2025-10-29T20:25:07.769+0000] {dagbag.py:545} INFO - Filling up the DagBag from /opt/airflow/dags/etl_clickhouse.py
[2025-10-29T20:25:08.284+0000] {processor.py:840} INFO - DAG(s) 'move_data_to_clickhouse' retrieved from /opt/airflow/dags/etl_clickhouse.py
[2025-10-29T20:25:08.321+0000] {logging_mixin.py:188} INFO - [2025-10-29T20:25:08.321+0000] {dag.py:3096} INFO - Sync 1 DAGs
[2025-10-29T20:25:08.338+0000] {logging_mixin.py:188} INFO - [2025-10-29T20:25:08.338+0000] {dag.py:3954} INFO - Setting next_dagrun for move_data_to_clickhouse to None, run_after=None
[2025-10-29T20:25:08.367+0000] {processor.py:183} INFO - Processing /opt/airflow/dags/etl_clickhouse.py took 0.612 seconds
[2025-10-29T20:25:38.804+0000] {processor.py:161} INFO - Started process (PID=7316) to work on /opt/airflow/dags/etl_clickhouse.py
[2025-10-29T20:25:38.806+0000] {processor.py:830} INFO - Processing file /opt/airflow/dags/etl_clickhouse.py for tasks to queue
[2025-10-29T20:25:38.808+0000] {logging_mixin.py:188} INFO - [2025-10-29T20:25:38.808+0000] {dagbag.py:545} INFO - Filling up the DagBag from /opt/airflow/dags/etl_clickhouse.py
[2025-10-29T20:25:39.238+0000] {processor.py:840} INFO - DAG(s) 'move_data_to_clickhouse' retrieved from /opt/airflow/dags/etl_clickhouse.py
[2025-10-29T20:25:39.275+0000] {logging_mixin.py:188} INFO - [2025-10-29T20:25:39.275+0000] {dag.py:3096} INFO - Sync 1 DAGs
[2025-10-29T20:25:39.292+0000] {logging_mixin.py:188} INFO - [2025-10-29T20:25:39.291+0000] {dag.py:3954} INFO - Setting next_dagrun for move_data_to_clickhouse to None, run_after=None
[2025-10-29T20:25:39.318+0000] {processor.py:183} INFO - Processing /opt/airflow/dags/etl_clickhouse.py took 0.522 seconds
[2025-10-29T20:26:09.835+0000] {processor.py:161} INFO - Started process (PID=7328) to work on /opt/airflow/dags/etl_clickhouse.py
[2025-10-29T20:26:09.837+0000] {processor.py:830} INFO - Processing file /opt/airflow/dags/etl_clickhouse.py for tasks to queue
[2025-10-29T20:26:09.840+0000] {logging_mixin.py:188} INFO - [2025-10-29T20:26:09.840+0000] {dagbag.py:545} INFO - Filling up the DagBag from /opt/airflow/dags/etl_clickhouse.py
[2025-10-29T20:26:10.317+0000] {processor.py:840} INFO - DAG(s) 'move_data_to_clickhouse' retrieved from /opt/airflow/dags/etl_clickhouse.py
[2025-10-29T20:26:10.358+0000] {logging_mixin.py:188} INFO - [2025-10-29T20:26:10.358+0000] {dag.py:3096} INFO - Sync 1 DAGs
[2025-10-29T20:26:10.377+0000] {logging_mixin.py:188} INFO - [2025-10-29T20:26:10.376+0000] {dag.py:3954} INFO - Setting next_dagrun for move_data_to_clickhouse to None, run_after=None
[2025-10-29T20:26:10.407+0000] {processor.py:183} INFO - Processing /opt/airflow/dags/etl_clickhouse.py took 0.583 seconds
[2025-10-29T20:26:40.956+0000] {processor.py:161} INFO - Started process (PID=7340) to work on /opt/airflow/dags/etl_clickhouse.py
[2025-10-29T20:26:40.957+0000] {processor.py:830} INFO - Processing file /opt/airflow/dags/etl_clickhouse.py for tasks to queue
[2025-10-29T20:26:40.960+0000] {logging_mixin.py:188} INFO - [2025-10-29T20:26:40.959+0000] {dagbag.py:545} INFO - Filling up the DagBag from /opt/airflow/dags/etl_clickhouse.py
[2025-10-29T20:26:41.424+0000] {processor.py:840} INFO - DAG(s) 'move_data_to_clickhouse' retrieved from /opt/airflow/dags/etl_clickhouse.py
[2025-10-29T20:26:41.462+0000] {logging_mixin.py:188} INFO - [2025-10-29T20:26:41.461+0000] {dag.py:3096} INFO - Sync 1 DAGs
[2025-10-29T20:26:41.480+0000] {logging_mixin.py:188} INFO - [2025-10-29T20:26:41.480+0000] {dag.py:3954} INFO - Setting next_dagrun for move_data_to_clickhouse to None, run_after=None
[2025-10-29T20:26:41.506+0000] {processor.py:183} INFO - Processing /opt/airflow/dags/etl_clickhouse.py took 0.559 seconds
[2025-10-29T20:27:11.904+0000] {processor.py:161} INFO - Started process (PID=7352) to work on /opt/airflow/dags/etl_clickhouse.py
[2025-10-29T20:27:11.907+0000] {processor.py:830} INFO - Processing file /opt/airflow/dags/etl_clickhouse.py for tasks to queue
[2025-10-29T20:27:11.911+0000] {logging_mixin.py:188} INFO - [2025-10-29T20:27:11.911+0000] {dagbag.py:545} INFO - Filling up the DagBag from /opt/airflow/dags/etl_clickhouse.py
[2025-10-29T20:27:12.386+0000] {processor.py:840} INFO - DAG(s) 'move_data_to_clickhouse' retrieved from /opt/airflow/dags/etl_clickhouse.py
[2025-10-29T20:27:12.433+0000] {logging_mixin.py:188} INFO - [2025-10-29T20:27:12.432+0000] {dag.py:3096} INFO - Sync 1 DAGs
[2025-10-29T20:27:12.449+0000] {logging_mixin.py:188} INFO - [2025-10-29T20:27:12.449+0000] {dag.py:3954} INFO - Setting next_dagrun for move_data_to_clickhouse to None, run_after=None
[2025-10-29T20:27:12.475+0000] {processor.py:183} INFO - Processing /opt/airflow/dags/etl_clickhouse.py took 0.584 seconds
[2025-10-29T20:27:43.010+0000] {processor.py:161} INFO - Started process (PID=7364) to work on /opt/airflow/dags/etl_clickhouse.py
[2025-10-29T20:27:43.011+0000] {processor.py:830} INFO - Processing file /opt/airflow/dags/etl_clickhouse.py for tasks to queue
[2025-10-29T20:27:43.014+0000] {logging_mixin.py:188} INFO - [2025-10-29T20:27:43.014+0000] {dagbag.py:545} INFO - Filling up the DagBag from /opt/airflow/dags/etl_clickhouse.py
[2025-10-29T20:27:43.449+0000] {processor.py:840} INFO - DAG(s) 'move_data_to_clickhouse' retrieved from /opt/airflow/dags/etl_clickhouse.py
[2025-10-29T20:27:43.487+0000] {logging_mixin.py:188} INFO - [2025-10-29T20:27:43.487+0000] {dag.py:3096} INFO - Sync 1 DAGs
[2025-10-29T20:27:43.508+0000] {logging_mixin.py:188} INFO - [2025-10-29T20:27:43.507+0000] {dag.py:3954} INFO - Setting next_dagrun for move_data_to_clickhouse to None, run_after=None
[2025-10-29T20:27:43.543+0000] {processor.py:183} INFO - Processing /opt/airflow/dags/etl_clickhouse.py took 0.542 seconds
[2025-10-29T20:28:13.989+0000] {processor.py:161} INFO - Started process (PID=7376) to work on /opt/airflow/dags/etl_clickhouse.py
[2025-10-29T20:28:13.991+0000] {processor.py:830} INFO - Processing file /opt/airflow/dags/etl_clickhouse.py for tasks to queue
[2025-10-29T20:28:13.998+0000] {logging_mixin.py:188} INFO - [2025-10-29T20:28:13.997+0000] {dagbag.py:545} INFO - Filling up the DagBag from /opt/airflow/dags/etl_clickhouse.py
[2025-10-29T20:28:14.455+0000] {processor.py:840} INFO - DAG(s) 'move_data_to_clickhouse' retrieved from /opt/airflow/dags/etl_clickhouse.py
[2025-10-29T20:28:14.489+0000] {logging_mixin.py:188} INFO - [2025-10-29T20:28:14.488+0000] {dag.py:3096} INFO - Sync 1 DAGs
[2025-10-29T20:28:14.505+0000] {logging_mixin.py:188} INFO - [2025-10-29T20:28:14.504+0000] {dag.py:3954} INFO - Setting next_dagrun for move_data_to_clickhouse to None, run_after=None
[2025-10-29T20:28:14.531+0000] {processor.py:183} INFO - Processing /opt/airflow/dags/etl_clickhouse.py took 0.552 seconds
[2025-10-29T20:28:45.034+0000] {processor.py:161} INFO - Started process (PID=7388) to work on /opt/airflow/dags/etl_clickhouse.py
[2025-10-29T20:28:45.036+0000] {processor.py:830} INFO - Processing file /opt/airflow/dags/etl_clickhouse.py for tasks to queue
[2025-10-29T20:28:45.039+0000] {logging_mixin.py:188} INFO - [2025-10-29T20:28:45.038+0000] {dagbag.py:545} INFO - Filling up the DagBag from /opt/airflow/dags/etl_clickhouse.py
[2025-10-29T20:28:45.558+0000] {processor.py:840} INFO - DAG(s) 'move_data_to_clickhouse' retrieved from /opt/airflow/dags/etl_clickhouse.py
[2025-10-29T20:28:45.604+0000] {logging_mixin.py:188} INFO - [2025-10-29T20:28:45.603+0000] {dag.py:3096} INFO - Sync 1 DAGs
[2025-10-29T20:28:45.623+0000] {logging_mixin.py:188} INFO - [2025-10-29T20:28:45.623+0000] {dag.py:3954} INFO - Setting next_dagrun for move_data_to_clickhouse to None, run_after=None
[2025-10-29T20:28:45.650+0000] {processor.py:183} INFO - Processing /opt/airflow/dags/etl_clickhouse.py took 0.627 seconds
[2025-10-29T20:29:16.054+0000] {processor.py:161} INFO - Started process (PID=7400) to work on /opt/airflow/dags/etl_clickhouse.py
[2025-10-29T20:29:16.055+0000] {processor.py:830} INFO - Processing file /opt/airflow/dags/etl_clickhouse.py for tasks to queue
[2025-10-29T20:29:16.058+0000] {logging_mixin.py:188} INFO - [2025-10-29T20:29:16.058+0000] {dagbag.py:545} INFO - Filling up the DagBag from /opt/airflow/dags/etl_clickhouse.py
[2025-10-29T20:29:16.495+0000] {processor.py:840} INFO - DAG(s) 'move_data_to_clickhouse' retrieved from /opt/airflow/dags/etl_clickhouse.py
[2025-10-29T20:29:16.534+0000] {logging_mixin.py:188} INFO - [2025-10-29T20:29:16.533+0000] {dag.py:3096} INFO - Sync 1 DAGs
[2025-10-29T20:29:16.550+0000] {logging_mixin.py:188} INFO - [2025-10-29T20:29:16.550+0000] {dag.py:3954} INFO - Setting next_dagrun for move_data_to_clickhouse to None, run_after=None
[2025-10-29T20:29:16.575+0000] {processor.py:183} INFO - Processing /opt/airflow/dags/etl_clickhouse.py took 0.533 seconds
[2025-10-29T20:29:47.082+0000] {processor.py:161} INFO - Started process (PID=7412) to work on /opt/airflow/dags/etl_clickhouse.py
[2025-10-29T20:29:47.084+0000] {processor.py:830} INFO - Processing file /opt/airflow/dags/etl_clickhouse.py for tasks to queue
[2025-10-29T20:29:47.087+0000] {logging_mixin.py:188} INFO - [2025-10-29T20:29:47.087+0000] {dagbag.py:545} INFO - Filling up the DagBag from /opt/airflow/dags/etl_clickhouse.py
[2025-10-29T20:29:47.596+0000] {processor.py:840} INFO - DAG(s) 'move_data_to_clickhouse' retrieved from /opt/airflow/dags/etl_clickhouse.py
[2025-10-29T20:29:47.642+0000] {logging_mixin.py:188} INFO - [2025-10-29T20:29:47.641+0000] {dag.py:3096} INFO - Sync 1 DAGs
[2025-10-29T20:29:47.663+0000] {logging_mixin.py:188} INFO - [2025-10-29T20:29:47.663+0000] {dag.py:3954} INFO - Setting next_dagrun for move_data_to_clickhouse to None, run_after=None
[2025-10-29T20:29:47.692+0000] {processor.py:183} INFO - Processing /opt/airflow/dags/etl_clickhouse.py took 0.623 seconds
[2025-10-29T20:30:18.062+0000] {processor.py:161} INFO - Started process (PID=7424) to work on /opt/airflow/dags/etl_clickhouse.py
[2025-10-29T20:30:18.064+0000] {processor.py:830} INFO - Processing file /opt/airflow/dags/etl_clickhouse.py for tasks to queue
[2025-10-29T20:30:18.066+0000] {logging_mixin.py:188} INFO - [2025-10-29T20:30:18.066+0000] {dagbag.py:545} INFO - Filling up the DagBag from /opt/airflow/dags/etl_clickhouse.py
[2025-10-29T20:30:18.498+0000] {processor.py:840} INFO - DAG(s) 'move_data_to_clickhouse' retrieved from /opt/airflow/dags/etl_clickhouse.py
[2025-10-29T20:30:18.534+0000] {logging_mixin.py:188} INFO - [2025-10-29T20:30:18.534+0000] {dag.py:3096} INFO - Sync 1 DAGs
[2025-10-29T20:30:18.551+0000] {logging_mixin.py:188} INFO - [2025-10-29T20:30:18.551+0000] {dag.py:3954} INFO - Setting next_dagrun for move_data_to_clickhouse to None, run_after=None
[2025-10-29T20:30:18.578+0000] {processor.py:183} INFO - Processing /opt/airflow/dags/etl_clickhouse.py took 0.524 seconds
[2025-10-29T20:30:49.069+0000] {processor.py:161} INFO - Started process (PID=7436) to work on /opt/airflow/dags/etl_clickhouse.py
[2025-10-29T20:30:49.071+0000] {processor.py:830} INFO - Processing file /opt/airflow/dags/etl_clickhouse.py for tasks to queue
[2025-10-29T20:30:49.074+0000] {logging_mixin.py:188} INFO - [2025-10-29T20:30:49.073+0000] {dagbag.py:545} INFO - Filling up the DagBag from /opt/airflow/dags/etl_clickhouse.py
[2025-10-29T20:30:49.515+0000] {processor.py:840} INFO - DAG(s) 'move_data_to_clickhouse' retrieved from /opt/airflow/dags/etl_clickhouse.py
[2025-10-29T20:30:49.550+0000] {logging_mixin.py:188} INFO - [2025-10-29T20:30:49.549+0000] {dag.py:3096} INFO - Sync 1 DAGs
[2025-10-29T20:30:49.566+0000] {logging_mixin.py:188} INFO - [2025-10-29T20:30:49.566+0000] {dag.py:3954} INFO - Setting next_dagrun for move_data_to_clickhouse to None, run_after=None
[2025-10-29T20:30:49.594+0000] {processor.py:183} INFO - Processing /opt/airflow/dags/etl_clickhouse.py took 0.533 seconds
[2025-10-29T20:31:20.048+0000] {processor.py:161} INFO - Started process (PID=7448) to work on /opt/airflow/dags/etl_clickhouse.py
[2025-10-29T20:31:20.049+0000] {processor.py:830} INFO - Processing file /opt/airflow/dags/etl_clickhouse.py for tasks to queue
[2025-10-29T20:31:20.052+0000] {logging_mixin.py:188} INFO - [2025-10-29T20:31:20.052+0000] {dagbag.py:545} INFO - Filling up the DagBag from /opt/airflow/dags/etl_clickhouse.py
[2025-10-29T20:31:20.493+0000] {processor.py:840} INFO - DAG(s) 'move_data_to_clickhouse' retrieved from /opt/airflow/dags/etl_clickhouse.py
[2025-10-29T20:31:20.529+0000] {logging_mixin.py:188} INFO - [2025-10-29T20:31:20.528+0000] {dag.py:3096} INFO - Sync 1 DAGs
[2025-10-29T20:31:20.548+0000] {logging_mixin.py:188} INFO - [2025-10-29T20:31:20.547+0000] {dag.py:3954} INFO - Setting next_dagrun for move_data_to_clickhouse to None, run_after=None
[2025-10-29T20:31:20.575+0000] {processor.py:183} INFO - Processing /opt/airflow/dags/etl_clickhouse.py took 0.536 seconds
[2025-10-29T20:31:51.016+0000] {processor.py:161} INFO - Started process (PID=7460) to work on /opt/airflow/dags/etl_clickhouse.py
[2025-10-29T20:31:51.018+0000] {processor.py:830} INFO - Processing file /opt/airflow/dags/etl_clickhouse.py for tasks to queue
[2025-10-29T20:31:51.020+0000] {logging_mixin.py:188} INFO - [2025-10-29T20:31:51.020+0000] {dagbag.py:545} INFO - Filling up the DagBag from /opt/airflow/dags/etl_clickhouse.py
[2025-10-29T20:31:51.535+0000] {processor.py:840} INFO - DAG(s) 'move_data_to_clickhouse' retrieved from /opt/airflow/dags/etl_clickhouse.py
[2025-10-29T20:31:51.575+0000] {logging_mixin.py:188} INFO - [2025-10-29T20:31:51.575+0000] {dag.py:3096} INFO - Sync 1 DAGs
[2025-10-29T20:31:51.598+0000] {logging_mixin.py:188} INFO - [2025-10-29T20:31:51.598+0000] {dag.py:3954} INFO - Setting next_dagrun for move_data_to_clickhouse to None, run_after=None
[2025-10-29T20:31:51.630+0000] {processor.py:183} INFO - Processing /opt/airflow/dags/etl_clickhouse.py took 0.623 seconds
[2025-10-29T20:32:22.060+0000] {processor.py:161} INFO - Started process (PID=7472) to work on /opt/airflow/dags/etl_clickhouse.py
[2025-10-29T20:32:22.062+0000] {processor.py:830} INFO - Processing file /opt/airflow/dags/etl_clickhouse.py for tasks to queue
[2025-10-29T20:32:22.065+0000] {logging_mixin.py:188} INFO - [2025-10-29T20:32:22.064+0000] {dagbag.py:545} INFO - Filling up the DagBag from /opt/airflow/dags/etl_clickhouse.py
[2025-10-29T20:32:22.550+0000] {processor.py:840} INFO - DAG(s) 'move_data_to_clickhouse' retrieved from /opt/airflow/dags/etl_clickhouse.py
[2025-10-29T20:32:22.591+0000] {logging_mixin.py:188} INFO - [2025-10-29T20:32:22.590+0000] {dag.py:3096} INFO - Sync 1 DAGs
[2025-10-29T20:32:22.607+0000] {logging_mixin.py:188} INFO - [2025-10-29T20:32:22.606+0000] {dag.py:3954} INFO - Setting next_dagrun for move_data_to_clickhouse to None, run_after=None
[2025-10-29T20:32:22.634+0000] {processor.py:183} INFO - Processing /opt/airflow/dags/etl_clickhouse.py took 0.584 seconds
[2025-10-29T20:32:53.113+0000] {processor.py:161} INFO - Started process (PID=7484) to work on /opt/airflow/dags/etl_clickhouse.py
[2025-10-29T20:32:53.114+0000] {processor.py:830} INFO - Processing file /opt/airflow/dags/etl_clickhouse.py for tasks to queue
[2025-10-29T20:32:53.117+0000] {logging_mixin.py:188} INFO - [2025-10-29T20:32:53.116+0000] {dagbag.py:545} INFO - Filling up the DagBag from /opt/airflow/dags/etl_clickhouse.py
[2025-10-29T20:32:53.552+0000] {processor.py:840} INFO - DAG(s) 'move_data_to_clickhouse' retrieved from /opt/airflow/dags/etl_clickhouse.py
[2025-10-29T20:32:53.591+0000] {logging_mixin.py:188} INFO - [2025-10-29T20:32:53.590+0000] {dag.py:3096} INFO - Sync 1 DAGs
[2025-10-29T20:32:53.610+0000] {logging_mixin.py:188} INFO - [2025-10-29T20:32:53.610+0000] {dag.py:3954} INFO - Setting next_dagrun for move_data_to_clickhouse to None, run_after=None
[2025-10-29T20:32:53.634+0000] {processor.py:183} INFO - Processing /opt/airflow/dags/etl_clickhouse.py took 0.529 seconds
[2025-10-29T20:33:24.053+0000] {processor.py:161} INFO - Started process (PID=7496) to work on /opt/airflow/dags/etl_clickhouse.py
[2025-10-29T20:33:24.054+0000] {processor.py:830} INFO - Processing file /opt/airflow/dags/etl_clickhouse.py for tasks to queue
[2025-10-29T20:33:24.057+0000] {logging_mixin.py:188} INFO - [2025-10-29T20:33:24.056+0000] {dagbag.py:545} INFO - Filling up the DagBag from /opt/airflow/dags/etl_clickhouse.py
[2025-10-29T20:33:24.503+0000] {processor.py:840} INFO - DAG(s) 'move_data_to_clickhouse' retrieved from /opt/airflow/dags/etl_clickhouse.py
[2025-10-29T20:33:24.543+0000] {logging_mixin.py:188} INFO - [2025-10-29T20:33:24.543+0000] {dag.py:3096} INFO - Sync 1 DAGs
[2025-10-29T20:33:24.559+0000] {logging_mixin.py:188} INFO - [2025-10-29T20:33:24.559+0000] {dag.py:3954} INFO - Setting next_dagrun for move_data_to_clickhouse to None, run_after=None
[2025-10-29T20:33:24.584+0000] {processor.py:183} INFO - Processing /opt/airflow/dags/etl_clickhouse.py took 0.541 seconds
[2025-10-29T20:33:55.084+0000] {processor.py:161} INFO - Started process (PID=7508) to work on /opt/airflow/dags/etl_clickhouse.py
[2025-10-29T20:33:55.086+0000] {processor.py:830} INFO - Processing file /opt/airflow/dags/etl_clickhouse.py for tasks to queue
[2025-10-29T20:33:55.089+0000] {logging_mixin.py:188} INFO - [2025-10-29T20:33:55.088+0000] {dagbag.py:545} INFO - Filling up the DagBag from /opt/airflow/dags/etl_clickhouse.py
[2025-10-29T20:33:55.558+0000] {processor.py:840} INFO - DAG(s) 'move_data_to_clickhouse' retrieved from /opt/airflow/dags/etl_clickhouse.py
[2025-10-29T20:33:55.596+0000] {logging_mixin.py:188} INFO - [2025-10-29T20:33:55.595+0000] {dag.py:3096} INFO - Sync 1 DAGs
[2025-10-29T20:33:55.613+0000] {logging_mixin.py:188} INFO - [2025-10-29T20:33:55.612+0000] {dag.py:3954} INFO - Setting next_dagrun for move_data_to_clickhouse to None, run_after=None
[2025-10-29T20:33:55.638+0000] {processor.py:183} INFO - Processing /opt/airflow/dags/etl_clickhouse.py took 0.563 seconds
[2025-10-29T20:34:26.024+0000] {processor.py:161} INFO - Started process (PID=7520) to work on /opt/airflow/dags/etl_clickhouse.py
[2025-10-29T20:34:26.026+0000] {processor.py:830} INFO - Processing file /opt/airflow/dags/etl_clickhouse.py for tasks to queue
[2025-10-29T20:34:26.028+0000] {logging_mixin.py:188} INFO - [2025-10-29T20:34:26.028+0000] {dagbag.py:545} INFO - Filling up the DagBag from /opt/airflow/dags/etl_clickhouse.py
[2025-10-29T20:34:26.488+0000] {processor.py:840} INFO - DAG(s) 'move_data_to_clickhouse' retrieved from /opt/airflow/dags/etl_clickhouse.py
[2025-10-29T20:34:26.525+0000] {logging_mixin.py:188} INFO - [2025-10-29T20:34:26.525+0000] {dag.py:3096} INFO - Sync 1 DAGs
[2025-10-29T20:34:26.541+0000] {logging_mixin.py:188} INFO - [2025-10-29T20:34:26.540+0000] {dag.py:3954} INFO - Setting next_dagrun for move_data_to_clickhouse to None, run_after=None
[2025-10-29T20:34:26.929+0000] {processor.py:183} INFO - Processing /opt/airflow/dags/etl_clickhouse.py took 0.913 seconds
[2025-10-29T20:34:57.433+0000] {processor.py:161} INFO - Started process (PID=7532) to work on /opt/airflow/dags/etl_clickhouse.py
[2025-10-29T20:34:57.434+0000] {processor.py:830} INFO - Processing file /opt/airflow/dags/etl_clickhouse.py for tasks to queue
[2025-10-29T20:34:57.437+0000] {logging_mixin.py:188} INFO - [2025-10-29T20:34:57.436+0000] {dagbag.py:545} INFO - Filling up the DagBag from /opt/airflow/dags/etl_clickhouse.py
[2025-10-29T20:34:57.873+0000] {processor.py:840} INFO - DAG(s) 'move_data_to_clickhouse' retrieved from /opt/airflow/dags/etl_clickhouse.py
[2025-10-29T20:34:57.909+0000] {logging_mixin.py:188} INFO - [2025-10-29T20:34:57.909+0000] {dag.py:3096} INFO - Sync 1 DAGs
[2025-10-29T20:34:57.927+0000] {logging_mixin.py:188} INFO - [2025-10-29T20:34:57.926+0000] {dag.py:3954} INFO - Setting next_dagrun for move_data_to_clickhouse to None, run_after=None
[2025-10-29T20:34:57.961+0000] {processor.py:183} INFO - Processing /opt/airflow/dags/etl_clickhouse.py took 0.537 seconds
[2025-10-29T20:35:28.429+0000] {processor.py:161} INFO - Started process (PID=7544) to work on /opt/airflow/dags/etl_clickhouse.py
[2025-10-29T20:35:28.430+0000] {processor.py:830} INFO - Processing file /opt/airflow/dags/etl_clickhouse.py for tasks to queue
[2025-10-29T20:35:28.433+0000] {logging_mixin.py:188} INFO - [2025-10-29T20:35:28.433+0000] {dagbag.py:545} INFO - Filling up the DagBag from /opt/airflow/dags/etl_clickhouse.py
[2025-10-29T20:35:28.871+0000] {processor.py:840} INFO - DAG(s) 'move_data_to_clickhouse' retrieved from /opt/airflow/dags/etl_clickhouse.py
[2025-10-29T20:35:28.907+0000] {logging_mixin.py:188} INFO - [2025-10-29T20:35:28.906+0000] {dag.py:3096} INFO - Sync 1 DAGs
[2025-10-29T20:35:28.921+0000] {logging_mixin.py:188} INFO - [2025-10-29T20:35:28.921+0000] {dag.py:3954} INFO - Setting next_dagrun for move_data_to_clickhouse to None, run_after=None
[2025-10-29T20:35:28.946+0000] {processor.py:183} INFO - Processing /opt/airflow/dags/etl_clickhouse.py took 0.526 seconds
[2025-10-29T20:35:59.445+0000] {processor.py:161} INFO - Started process (PID=7556) to work on /opt/airflow/dags/etl_clickhouse.py
[2025-10-29T20:35:59.447+0000] {processor.py:830} INFO - Processing file /opt/airflow/dags/etl_clickhouse.py for tasks to queue
[2025-10-29T20:35:59.450+0000] {logging_mixin.py:188} INFO - [2025-10-29T20:35:59.450+0000] {dagbag.py:545} INFO - Filling up the DagBag from /opt/airflow/dags/etl_clickhouse.py
[2025-10-29T20:35:59.964+0000] {processor.py:840} INFO - DAG(s) 'move_data_to_clickhouse' retrieved from /opt/airflow/dags/etl_clickhouse.py
[2025-10-29T20:36:00.015+0000] {logging_mixin.py:188} INFO - [2025-10-29T20:36:00.014+0000] {dag.py:3096} INFO - Sync 1 DAGs
[2025-10-29T20:36:00.034+0000] {logging_mixin.py:188} INFO - [2025-10-29T20:36:00.033+0000] {dag.py:3954} INFO - Setting next_dagrun for move_data_to_clickhouse to None, run_after=None
[2025-10-29T20:36:00.061+0000] {processor.py:183} INFO - Processing /opt/airflow/dags/etl_clickhouse.py took 0.625 seconds
[2025-10-29T20:36:30.623+0000] {processor.py:161} INFO - Started process (PID=7568) to work on /opt/airflow/dags/etl_clickhouse.py
[2025-10-29T20:36:30.625+0000] {processor.py:830} INFO - Processing file /opt/airflow/dags/etl_clickhouse.py for tasks to queue
[2025-10-29T20:36:30.628+0000] {logging_mixin.py:188} INFO - [2025-10-29T20:36:30.628+0000] {dagbag.py:545} INFO - Filling up the DagBag from /opt/airflow/dags/etl_clickhouse.py
[2025-10-29T20:36:31.108+0000] {processor.py:840} INFO - DAG(s) 'move_data_to_clickhouse' retrieved from /opt/airflow/dags/etl_clickhouse.py
[2025-10-29T20:36:31.151+0000] {logging_mixin.py:188} INFO - [2025-10-29T20:36:31.151+0000] {dag.py:3096} INFO - Sync 1 DAGs
[2025-10-29T20:36:31.168+0000] {logging_mixin.py:188} INFO - [2025-10-29T20:36:31.168+0000] {dag.py:3954} INFO - Setting next_dagrun for move_data_to_clickhouse to None, run_after=None
[2025-10-29T20:36:31.194+0000] {processor.py:183} INFO - Processing /opt/airflow/dags/etl_clickhouse.py took 0.584 seconds
[2025-10-29T20:37:01.640+0000] {processor.py:161} INFO - Started process (PID=7580) to work on /opt/airflow/dags/etl_clickhouse.py
[2025-10-29T20:37:01.642+0000] {processor.py:830} INFO - Processing file /opt/airflow/dags/etl_clickhouse.py for tasks to queue
[2025-10-29T20:37:01.644+0000] {logging_mixin.py:188} INFO - [2025-10-29T20:37:01.644+0000] {dagbag.py:545} INFO - Filling up the DagBag from /opt/airflow/dags/etl_clickhouse.py
[2025-10-29T20:37:02.118+0000] {processor.py:840} INFO - DAG(s) 'move_data_to_clickhouse' retrieved from /opt/airflow/dags/etl_clickhouse.py
[2025-10-29T20:37:02.156+0000] {logging_mixin.py:188} INFO - [2025-10-29T20:37:02.156+0000] {dag.py:3096} INFO - Sync 1 DAGs
[2025-10-29T20:37:02.175+0000] {logging_mixin.py:188} INFO - [2025-10-29T20:37:02.175+0000] {dag.py:3954} INFO - Setting next_dagrun for move_data_to_clickhouse to None, run_after=None
[2025-10-29T20:37:02.201+0000] {processor.py:183} INFO - Processing /opt/airflow/dags/etl_clickhouse.py took 0.570 seconds
[2025-10-29T20:37:32.684+0000] {processor.py:161} INFO - Started process (PID=7592) to work on /opt/airflow/dags/etl_clickhouse.py
[2025-10-29T20:37:32.685+0000] {processor.py:830} INFO - Processing file /opt/airflow/dags/etl_clickhouse.py for tasks to queue
[2025-10-29T20:37:32.688+0000] {logging_mixin.py:188} INFO - [2025-10-29T20:37:32.688+0000] {dagbag.py:545} INFO - Filling up the DagBag from /opt/airflow/dags/etl_clickhouse.py
[2025-10-29T20:37:33.125+0000] {processor.py:840} INFO - DAG(s) 'move_data_to_clickhouse' retrieved from /opt/airflow/dags/etl_clickhouse.py
[2025-10-29T20:37:33.165+0000] {logging_mixin.py:188} INFO - [2025-10-29T20:37:33.164+0000] {dag.py:3096} INFO - Sync 1 DAGs
[2025-10-29T20:37:33.185+0000] {logging_mixin.py:188} INFO - [2025-10-29T20:37:33.185+0000] {dag.py:3954} INFO - Setting next_dagrun for move_data_to_clickhouse to None, run_after=None
[2025-10-29T20:37:33.220+0000] {processor.py:183} INFO - Processing /opt/airflow/dags/etl_clickhouse.py took 0.546 seconds
[2025-10-29T20:38:03.762+0000] {processor.py:161} INFO - Started process (PID=7604) to work on /opt/airflow/dags/etl_clickhouse.py
[2025-10-29T20:38:03.763+0000] {processor.py:830} INFO - Processing file /opt/airflow/dags/etl_clickhouse.py for tasks to queue
[2025-10-29T20:38:03.766+0000] {logging_mixin.py:188} INFO - [2025-10-29T20:38:03.765+0000] {dagbag.py:545} INFO - Filling up the DagBag from /opt/airflow/dags/etl_clickhouse.py
[2025-10-29T20:38:04.228+0000] {processor.py:840} INFO - DAG(s) 'move_data_to_clickhouse' retrieved from /opt/airflow/dags/etl_clickhouse.py
[2025-10-29T20:38:04.270+0000] {logging_mixin.py:188} INFO - [2025-10-29T20:38:04.269+0000] {dag.py:3096} INFO - Sync 1 DAGs
[2025-10-29T20:38:04.290+0000] {logging_mixin.py:188} INFO - [2025-10-29T20:38:04.290+0000] {dag.py:3954} INFO - Setting next_dagrun for move_data_to_clickhouse to None, run_after=None
[2025-10-29T20:38:04.315+0000] {processor.py:183} INFO - Processing /opt/airflow/dags/etl_clickhouse.py took 0.562 seconds
[2025-10-29T20:38:34.775+0000] {processor.py:161} INFO - Started process (PID=7616) to work on /opt/airflow/dags/etl_clickhouse.py
[2025-10-29T20:38:34.777+0000] {processor.py:830} INFO - Processing file /opt/airflow/dags/etl_clickhouse.py for tasks to queue
[2025-10-29T20:38:34.780+0000] {logging_mixin.py:188} INFO - [2025-10-29T20:38:34.779+0000] {dagbag.py:545} INFO - Filling up the DagBag from /opt/airflow/dags/etl_clickhouse.py
[2025-10-29T20:38:35.245+0000] {processor.py:840} INFO - DAG(s) 'move_data_to_clickhouse' retrieved from /opt/airflow/dags/etl_clickhouse.py
[2025-10-29T20:38:35.285+0000] {logging_mixin.py:188} INFO - [2025-10-29T20:38:35.284+0000] {dag.py:3096} INFO - Sync 1 DAGs
[2025-10-29T20:38:35.307+0000] {logging_mixin.py:188} INFO - [2025-10-29T20:38:35.307+0000] {dag.py:3954} INFO - Setting next_dagrun for move_data_to_clickhouse to None, run_after=None
[2025-10-29T20:38:35.334+0000] {processor.py:183} INFO - Processing /opt/airflow/dags/etl_clickhouse.py took 0.568 seconds
[2025-10-29T20:39:05.739+0000] {processor.py:161} INFO - Started process (PID=7628) to work on /opt/airflow/dags/etl_clickhouse.py
[2025-10-29T20:39:05.740+0000] {processor.py:830} INFO - Processing file /opt/airflow/dags/etl_clickhouse.py for tasks to queue
[2025-10-29T20:39:05.743+0000] {logging_mixin.py:188} INFO - [2025-10-29T20:39:05.743+0000] {dagbag.py:545} INFO - Filling up the DagBag from /opt/airflow/dags/etl_clickhouse.py
[2025-10-29T20:39:06.216+0000] {processor.py:840} INFO - DAG(s) 'move_data_to_clickhouse' retrieved from /opt/airflow/dags/etl_clickhouse.py
[2025-10-29T20:39:06.254+0000] {logging_mixin.py:188} INFO - [2025-10-29T20:39:06.254+0000] {dag.py:3096} INFO - Sync 1 DAGs
[2025-10-29T20:39:06.271+0000] {logging_mixin.py:188} INFO - [2025-10-29T20:39:06.271+0000] {dag.py:3954} INFO - Setting next_dagrun for move_data_to_clickhouse to None, run_after=None
[2025-10-29T20:39:06.295+0000] {processor.py:183} INFO - Processing /opt/airflow/dags/etl_clickhouse.py took 0.564 seconds
[2025-10-29T20:39:36.755+0000] {processor.py:161} INFO - Started process (PID=7640) to work on /opt/airflow/dags/etl_clickhouse.py
[2025-10-29T20:39:36.757+0000] {processor.py:830} INFO - Processing file /opt/airflow/dags/etl_clickhouse.py for tasks to queue
[2025-10-29T20:39:36.759+0000] {logging_mixin.py:188} INFO - [2025-10-29T20:39:36.759+0000] {dagbag.py:545} INFO - Filling up the DagBag from /opt/airflow/dags/etl_clickhouse.py
[2025-10-29T20:39:37.222+0000] {processor.py:840} INFO - DAG(s) 'move_data_to_clickhouse' retrieved from /opt/airflow/dags/etl_clickhouse.py
[2025-10-29T20:39:37.261+0000] {logging_mixin.py:188} INFO - [2025-10-29T20:39:37.260+0000] {dag.py:3096} INFO - Sync 1 DAGs
[2025-10-29T20:39:37.279+0000] {logging_mixin.py:188} INFO - [2025-10-29T20:39:37.279+0000] {dag.py:3954} INFO - Setting next_dagrun for move_data_to_clickhouse to None, run_after=None
[2025-10-29T20:39:37.312+0000] {processor.py:183} INFO - Processing /opt/airflow/dags/etl_clickhouse.py took 0.566 seconds
[2025-10-29T20:40:07.809+0000] {processor.py:161} INFO - Started process (PID=7652) to work on /opt/airflow/dags/etl_clickhouse.py
[2025-10-29T20:40:07.811+0000] {processor.py:830} INFO - Processing file /opt/airflow/dags/etl_clickhouse.py for tasks to queue
[2025-10-29T20:40:07.813+0000] {logging_mixin.py:188} INFO - [2025-10-29T20:40:07.813+0000] {dagbag.py:545} INFO - Filling up the DagBag from /opt/airflow/dags/etl_clickhouse.py
[2025-10-29T20:40:08.283+0000] {processor.py:840} INFO - DAG(s) 'move_data_to_clickhouse' retrieved from /opt/airflow/dags/etl_clickhouse.py
[2025-10-29T20:40:08.321+0000] {logging_mixin.py:188} INFO - [2025-10-29T20:40:08.321+0000] {dag.py:3096} INFO - Sync 1 DAGs
[2025-10-29T20:40:08.338+0000] {logging_mixin.py:188} INFO - [2025-10-29T20:40:08.338+0000] {dag.py:3954} INFO - Setting next_dagrun for move_data_to_clickhouse to None, run_after=None
[2025-10-29T20:40:08.364+0000] {processor.py:183} INFO - Processing /opt/airflow/dags/etl_clickhouse.py took 0.563 seconds
[2025-10-29T20:40:38.838+0000] {processor.py:161} INFO - Started process (PID=7664) to work on /opt/airflow/dags/etl_clickhouse.py
[2025-10-29T20:40:38.840+0000] {processor.py:830} INFO - Processing file /opt/airflow/dags/etl_clickhouse.py for tasks to queue
[2025-10-29T20:40:38.843+0000] {logging_mixin.py:188} INFO - [2025-10-29T20:40:38.842+0000] {dagbag.py:545} INFO - Filling up the DagBag from /opt/airflow/dags/etl_clickhouse.py
[2025-10-29T20:40:39.291+0000] {processor.py:840} INFO - DAG(s) 'move_data_to_clickhouse' retrieved from /opt/airflow/dags/etl_clickhouse.py
[2025-10-29T20:40:39.327+0000] {logging_mixin.py:188} INFO - [2025-10-29T20:40:39.326+0000] {dag.py:3096} INFO - Sync 1 DAGs
[2025-10-29T20:40:39.343+0000] {logging_mixin.py:188} INFO - [2025-10-29T20:40:39.343+0000] {dag.py:3954} INFO - Setting next_dagrun for move_data_to_clickhouse to None, run_after=None
[2025-10-29T20:40:39.369+0000] {processor.py:183} INFO - Processing /opt/airflow/dags/etl_clickhouse.py took 0.541 seconds
[2025-10-29T20:41:09.871+0000] {processor.py:161} INFO - Started process (PID=7676) to work on /opt/airflow/dags/etl_clickhouse.py
[2025-10-29T20:41:09.873+0000] {processor.py:830} INFO - Processing file /opt/airflow/dags/etl_clickhouse.py for tasks to queue
[2025-10-29T20:41:09.876+0000] {logging_mixin.py:188} INFO - [2025-10-29T20:41:09.875+0000] {dagbag.py:545} INFO - Filling up the DagBag from /opt/airflow/dags/etl_clickhouse.py
[2025-10-29T20:41:10.427+0000] {processor.py:840} INFO - DAG(s) 'move_data_to_clickhouse' retrieved from /opt/airflow/dags/etl_clickhouse.py
[2025-10-29T20:41:10.470+0000] {logging_mixin.py:188} INFO - [2025-10-29T20:41:10.469+0000] {dag.py:3096} INFO - Sync 1 DAGs
[2025-10-29T20:41:10.488+0000] {logging_mixin.py:188} INFO - [2025-10-29T20:41:10.488+0000] {dag.py:3954} INFO - Setting next_dagrun for move_data_to_clickhouse to None, run_after=None
[2025-10-29T20:41:10.513+0000] {processor.py:183} INFO - Processing /opt/airflow/dags/etl_clickhouse.py took 0.652 seconds
[2025-10-29T20:41:41.053+0000] {processor.py:161} INFO - Started process (PID=7688) to work on /opt/airflow/dags/etl_clickhouse.py
[2025-10-29T20:41:41.055+0000] {processor.py:830} INFO - Processing file /opt/airflow/dags/etl_clickhouse.py for tasks to queue
[2025-10-29T20:41:41.057+0000] {logging_mixin.py:188} INFO - [2025-10-29T20:41:41.057+0000] {dagbag.py:545} INFO - Filling up the DagBag from /opt/airflow/dags/etl_clickhouse.py
[2025-10-29T20:41:41.527+0000] {processor.py:840} INFO - DAG(s) 'move_data_to_clickhouse' retrieved from /opt/airflow/dags/etl_clickhouse.py
[2025-10-29T20:41:41.566+0000] {logging_mixin.py:188} INFO - [2025-10-29T20:41:41.566+0000] {dag.py:3096} INFO - Sync 1 DAGs
[2025-10-29T20:41:41.582+0000] {logging_mixin.py:188} INFO - [2025-10-29T20:41:41.582+0000] {dag.py:3954} INFO - Setting next_dagrun for move_data_to_clickhouse to None, run_after=None
[2025-10-29T20:41:41.607+0000] {processor.py:183} INFO - Processing /opt/airflow/dags/etl_clickhouse.py took 0.563 seconds
[2025-10-29T20:42:12.067+0000] {processor.py:161} INFO - Started process (PID=7700) to work on /opt/airflow/dags/etl_clickhouse.py
[2025-10-29T20:42:12.069+0000] {processor.py:830} INFO - Processing file /opt/airflow/dags/etl_clickhouse.py for tasks to queue
[2025-10-29T20:42:12.072+0000] {logging_mixin.py:188} INFO - [2025-10-29T20:42:12.071+0000] {dagbag.py:545} INFO - Filling up the DagBag from /opt/airflow/dags/etl_clickhouse.py
[2025-10-29T20:42:12.514+0000] {processor.py:840} INFO - DAG(s) 'move_data_to_clickhouse' retrieved from /opt/airflow/dags/etl_clickhouse.py
[2025-10-29T20:42:12.567+0000] {logging_mixin.py:188} INFO - [2025-10-29T20:42:12.567+0000] {dag.py:3096} INFO - Sync 1 DAGs
[2025-10-29T20:42:12.589+0000] {logging_mixin.py:188} INFO - [2025-10-29T20:42:12.589+0000] {dag.py:3954} INFO - Setting next_dagrun for move_data_to_clickhouse to None, run_after=None
[2025-10-29T20:42:12.623+0000] {processor.py:183} INFO - Processing /opt/airflow/dags/etl_clickhouse.py took 0.566 seconds
[2025-10-29T20:42:43.053+0000] {processor.py:161} INFO - Started process (PID=7712) to work on /opt/airflow/dags/etl_clickhouse.py
[2025-10-29T20:42:43.055+0000] {processor.py:830} INFO - Processing file /opt/airflow/dags/etl_clickhouse.py for tasks to queue
[2025-10-29T20:42:43.058+0000] {logging_mixin.py:188} INFO - [2025-10-29T20:42:43.057+0000] {dagbag.py:545} INFO - Filling up the DagBag from /opt/airflow/dags/etl_clickhouse.py
[2025-10-29T20:42:43.499+0000] {processor.py:840} INFO - DAG(s) 'move_data_to_clickhouse' retrieved from /opt/airflow/dags/etl_clickhouse.py
[2025-10-29T20:42:43.534+0000] {logging_mixin.py:188} INFO - [2025-10-29T20:42:43.533+0000] {dag.py:3096} INFO - Sync 1 DAGs
[2025-10-29T20:42:43.548+0000] {logging_mixin.py:188} INFO - [2025-10-29T20:42:43.548+0000] {dag.py:3954} INFO - Setting next_dagrun for move_data_to_clickhouse to None, run_after=None
[2025-10-29T20:42:43.574+0000] {processor.py:183} INFO - Processing /opt/airflow/dags/etl_clickhouse.py took 0.529 seconds
[2025-10-29T20:43:14.009+0000] {processor.py:161} INFO - Started process (PID=7724) to work on /opt/airflow/dags/etl_clickhouse.py
[2025-10-29T20:43:14.011+0000] {processor.py:830} INFO - Processing file /opt/airflow/dags/etl_clickhouse.py for tasks to queue
[2025-10-29T20:43:14.016+0000] {logging_mixin.py:188} INFO - [2025-10-29T20:43:14.015+0000] {dagbag.py:545} INFO - Filling up the DagBag from /opt/airflow/dags/etl_clickhouse.py
[2025-10-29T20:43:14.484+0000] {processor.py:840} INFO - DAG(s) 'move_data_to_clickhouse' retrieved from /opt/airflow/dags/etl_clickhouse.py
[2025-10-29T20:43:14.519+0000] {logging_mixin.py:188} INFO - [2025-10-29T20:43:14.519+0000] {dag.py:3096} INFO - Sync 1 DAGs
[2025-10-29T20:43:14.535+0000] {logging_mixin.py:188} INFO - [2025-10-29T20:43:14.535+0000] {dag.py:3954} INFO - Setting next_dagrun for move_data_to_clickhouse to None, run_after=None
[2025-10-29T20:43:14.564+0000] {processor.py:183} INFO - Processing /opt/airflow/dags/etl_clickhouse.py took 0.571 seconds
[2025-10-29T20:43:44.989+0000] {processor.py:161} INFO - Started process (PID=7736) to work on /opt/airflow/dags/etl_clickhouse.py
[2025-10-29T20:43:44.991+0000] {processor.py:830} INFO - Processing file /opt/airflow/dags/etl_clickhouse.py for tasks to queue
[2025-10-29T20:43:44.993+0000] {logging_mixin.py:188} INFO - [2025-10-29T20:43:44.993+0000] {dagbag.py:545} INFO - Filling up the DagBag from /opt/airflow/dags/etl_clickhouse.py
[2025-10-29T20:43:45.460+0000] {processor.py:840} INFO - DAG(s) 'move_data_to_clickhouse' retrieved from /opt/airflow/dags/etl_clickhouse.py
[2025-10-29T20:43:45.505+0000] {logging_mixin.py:188} INFO - [2025-10-29T20:43:45.504+0000] {dag.py:3096} INFO - Sync 1 DAGs
[2025-10-29T20:43:45.521+0000] {logging_mixin.py:188} INFO - [2025-10-29T20:43:45.521+0000] {dag.py:3954} INFO - Setting next_dagrun for move_data_to_clickhouse to None, run_after=None
[2025-10-29T20:43:46.379+0000] {processor.py:183} INFO - Processing /opt/airflow/dags/etl_clickhouse.py took 1.399 seconds
[2025-10-29T20:44:16.791+0000] {processor.py:161} INFO - Started process (PID=7748) to work on /opt/airflow/dags/etl_clickhouse.py
[2025-10-29T20:44:16.792+0000] {processor.py:830} INFO - Processing file /opt/airflow/dags/etl_clickhouse.py for tasks to queue
[2025-10-29T20:44:16.795+0000] {logging_mixin.py:188} INFO - [2025-10-29T20:44:16.794+0000] {dagbag.py:545} INFO - Filling up the DagBag from /opt/airflow/dags/etl_clickhouse.py
[2025-10-29T20:44:17.317+0000] {processor.py:840} INFO - DAG(s) 'move_data_to_clickhouse' retrieved from /opt/airflow/dags/etl_clickhouse.py
[2025-10-29T20:44:17.356+0000] {logging_mixin.py:188} INFO - [2025-10-29T20:44:17.356+0000] {dag.py:3096} INFO - Sync 1 DAGs
[2025-10-29T20:44:17.373+0000] {logging_mixin.py:188} INFO - [2025-10-29T20:44:17.373+0000] {dag.py:3954} INFO - Setting next_dagrun for move_data_to_clickhouse to None, run_after=None
[2025-10-29T20:44:17.710+0000] {processor.py:183} INFO - Processing /opt/airflow/dags/etl_clickhouse.py took 0.928 seconds
[2025-10-29T20:44:48.034+0000] {processor.py:161} INFO - Started process (PID=7760) to work on /opt/airflow/dags/etl_clickhouse.py
[2025-10-29T20:44:48.035+0000] {processor.py:830} INFO - Processing file /opt/airflow/dags/etl_clickhouse.py for tasks to queue
[2025-10-29T20:44:48.038+0000] {logging_mixin.py:188} INFO - [2025-10-29T20:44:48.037+0000] {dagbag.py:545} INFO - Filling up the DagBag from /opt/airflow/dags/etl_clickhouse.py
[2025-10-29T20:44:48.553+0000] {processor.py:840} INFO - DAG(s) 'move_data_to_clickhouse' retrieved from /opt/airflow/dags/etl_clickhouse.py
[2025-10-29T20:44:48.594+0000] {logging_mixin.py:188} INFO - [2025-10-29T20:44:48.594+0000] {dag.py:3096} INFO - Sync 1 DAGs
[2025-10-29T20:44:48.612+0000] {logging_mixin.py:188} INFO - [2025-10-29T20:44:48.611+0000] {dag.py:3954} INFO - Setting next_dagrun for move_data_to_clickhouse to None, run_after=None
[2025-10-29T20:44:48.637+0000] {processor.py:183} INFO - Processing /opt/airflow/dags/etl_clickhouse.py took 0.614 seconds
[2025-10-29T20:45:19.050+0000] {processor.py:161} INFO - Started process (PID=7772) to work on /opt/airflow/dags/etl_clickhouse.py
[2025-10-29T20:45:19.051+0000] {processor.py:830} INFO - Processing file /opt/airflow/dags/etl_clickhouse.py for tasks to queue
[2025-10-29T20:45:19.054+0000] {logging_mixin.py:188} INFO - [2025-10-29T20:45:19.053+0000] {dagbag.py:545} INFO - Filling up the DagBag from /opt/airflow/dags/etl_clickhouse.py
[2025-10-29T20:45:19.538+0000] {processor.py:840} INFO - DAG(s) 'move_data_to_clickhouse' retrieved from /opt/airflow/dags/etl_clickhouse.py
[2025-10-29T20:45:19.578+0000] {logging_mixin.py:188} INFO - [2025-10-29T20:45:19.577+0000] {dag.py:3096} INFO - Sync 1 DAGs
[2025-10-29T20:45:19.597+0000] {logging_mixin.py:188} INFO - [2025-10-29T20:45:19.597+0000] {dag.py:3954} INFO - Setting next_dagrun for move_data_to_clickhouse to None, run_after=None
[2025-10-29T20:45:19.623+0000] {processor.py:183} INFO - Processing /opt/airflow/dags/etl_clickhouse.py took 0.582 seconds
[2025-10-29T20:45:49.997+0000] {processor.py:161} INFO - Started process (PID=7784) to work on /opt/airflow/dags/etl_clickhouse.py
[2025-10-29T20:45:50.059+0000] {processor.py:830} INFO - Processing file /opt/airflow/dags/etl_clickhouse.py for tasks to queue
[2025-10-29T20:45:50.062+0000] {logging_mixin.py:188} INFO - [2025-10-29T20:45:50.062+0000] {dagbag.py:545} INFO - Filling up the DagBag from /opt/airflow/dags/etl_clickhouse.py
[2025-10-29T20:45:50.633+0000] {processor.py:840} INFO - DAG(s) 'move_data_to_clickhouse' retrieved from /opt/airflow/dags/etl_clickhouse.py
[2025-10-29T20:45:50.678+0000] {logging_mixin.py:188} INFO - [2025-10-29T20:45:50.678+0000] {dag.py:3096} INFO - Sync 1 DAGs
[2025-10-29T20:45:50.699+0000] {logging_mixin.py:188} INFO - [2025-10-29T20:45:50.699+0000] {dag.py:3954} INFO - Setting next_dagrun for move_data_to_clickhouse to None, run_after=None
[2025-10-29T20:45:50.857+0000] {processor.py:183} INFO - Processing /opt/airflow/dags/etl_clickhouse.py took 0.875 seconds
[2025-10-29T20:46:21.153+0000] {processor.py:161} INFO - Started process (PID=7796) to work on /opt/airflow/dags/etl_clickhouse.py
[2025-10-29T20:46:21.154+0000] {processor.py:830} INFO - Processing file /opt/airflow/dags/etl_clickhouse.py for tasks to queue
[2025-10-29T20:46:21.157+0000] {logging_mixin.py:188} INFO - [2025-10-29T20:46:21.157+0000] {dagbag.py:545} INFO - Filling up the DagBag from /opt/airflow/dags/etl_clickhouse.py
[2025-10-29T20:46:21.762+0000] {processor.py:840} INFO - DAG(s) 'move_data_to_clickhouse' retrieved from /opt/airflow/dags/etl_clickhouse.py
[2025-10-29T20:46:21.802+0000] {logging_mixin.py:188} INFO - [2025-10-29T20:46:21.802+0000] {dag.py:3096} INFO - Sync 1 DAGs
[2025-10-29T20:46:21.835+0000] {logging_mixin.py:188} INFO - [2025-10-29T20:46:21.835+0000] {dag.py:3954} INFO - Setting next_dagrun for move_data_to_clickhouse to None, run_after=None
[2025-10-29T20:46:21.860+0000] {processor.py:183} INFO - Processing /opt/airflow/dags/etl_clickhouse.py took 0.717 seconds
