[2025-10-29T15:15:57.685+0000] {manager.py:470} INFO - Processing files using up to 2 processes at a time 
[2025-10-29T15:15:57.687+0000] {manager.py:471} INFO - Process each file at most once every 30 seconds
[2025-10-29T15:15:57.689+0000] {manager.py:472} INFO - Checking for new files in /opt/airflow/dags every 300 seconds
[2025-10-29T15:15:57.691+0000] {manager.py:737} INFO - Searching for files in /opt/airflow/dags
[2025-10-29T15:15:57.781+0000] {manager.py:740} INFO - There are 2 files in /opt/airflow/dags
[2025-10-29T15:15:58.013+0000] {manager.py:878} INFO - 
================================================================================
DAG File Processing Stats

File Path                              PID  Runtime      # DAGs    # Errors  Last Runtime    Last Run
-----------------------------------  -----  ---------  --------  ----------  --------------  ----------
/opt/airflow/dags/data_ingestion.py    188  0.10s             0           0
/opt/airflow/dags/etl_clickhouse.py    185  0.13s             0           0
================================================================================
[2025-10-29T15:16:28.633+0000] {manager.py:878} INFO - 
================================================================================
DAG File Processing Stats

File Path                            PID    Runtime      # DAGs    # Errors  Last Runtime    Last Run
-----------------------------------  -----  ---------  --------  ----------  --------------  -------------------
/opt/airflow/dags/data_ingestion.py                           1           0  3.49s           2025-10-29T15:16:01
/opt/airflow/dags/etl_clickhouse.py                           1           0  3.47s           2025-10-29T15:16:01
================================================================================
[2025-10-29T15:16:58.714+0000] {manager.py:878} INFO - 
================================================================================
DAG File Processing Stats

File Path                            PID    Runtime      # DAGs    # Errors  Last Runtime    Last Run
-----------------------------------  -----  ---------  --------  ----------  --------------  -------------------
/opt/airflow/dags/etl_clickhouse.py                           1           0  0.63s           2025-10-29T15:16:32
/opt/airflow/dags/data_ingestion.py                           1           0  0.59s           2025-10-29T15:16:32
================================================================================
[2025-10-29T15:17:28.719+0000] {manager.py:878} INFO - 
================================================================================
DAG File Processing Stats

File Path                            PID    Runtime      # DAGs    # Errors  Last Runtime    Last Run
-----------------------------------  -----  ---------  --------  ----------  --------------  -------------------
/opt/airflow/dags/etl_clickhouse.py                           1           0  0.61s           2025-10-29T15:17:03
/opt/airflow/dags/data_ingestion.py                           1           0  0.57s           2025-10-29T15:17:03
================================================================================
[2025-10-29T15:17:58.748+0000] {manager.py:878} INFO - 
================================================================================
DAG File Processing Stats

File Path                            PID    Runtime      # DAGs    # Errors  Last Runtime    Last Run
-----------------------------------  -----  ---------  --------  ----------  --------------  -------------------
/opt/airflow/dags/etl_clickhouse.py                           1           0  0.78s           2025-10-29T15:17:34
/opt/airflow/dags/data_ingestion.py                           1           0  0.57s           2025-10-29T15:17:34
================================================================================
[2025-10-29T15:18:29.011+0000] {manager.py:878} INFO - 
================================================================================
DAG File Processing Stats

File Path                            PID    Runtime      # DAGs    # Errors  Last Runtime    Last Run
-----------------------------------  -----  ---------  --------  ----------  --------------  -------------------
/opt/airflow/dags/etl_clickhouse.py                           1           0  0.82s           2025-10-29T15:18:05
/opt/airflow/dags/data_ingestion.py                           1           0  0.78s           2025-10-29T15:18:05
================================================================================
[2025-10-29T15:18:59.222+0000] {manager.py:878} INFO - 
================================================================================
DAG File Processing Stats

File Path                            PID    Runtime      # DAGs    # Errors  Last Runtime    Last Run
-----------------------------------  -----  ---------  --------  ----------  --------------  -------------------
/opt/airflow/dags/etl_clickhouse.py                           1           0  0.89s           2025-10-29T15:18:36
/opt/airflow/dags/data_ingestion.py                           1           0  0.83s           2025-10-29T15:18:36
================================================================================
[2025-10-29T15:19:29.227+0000] {manager.py:878} INFO - 
================================================================================
DAG File Processing Stats

File Path                            PID    Runtime      # DAGs    # Errors  Last Runtime    Last Run
-----------------------------------  -----  ---------  --------  ----------  --------------  -------------------
/opt/airflow/dags/etl_clickhouse.py                           1           0  0.62s           2025-10-29T15:19:08
/opt/airflow/dags/data_ingestion.py                           1           0  0.56s           2025-10-29T15:19:07
================================================================================
[2025-10-29T15:19:59.265+0000] {manager.py:878} INFO - 
================================================================================
DAG File Processing Stats

File Path                            PID    Runtime      # DAGs    # Errors  Last Runtime    Last Run
-----------------------------------  -----  ---------  --------  ----------  --------------  -------------------
/opt/airflow/dags/etl_clickhouse.py                           1           0  0.74s           2025-10-29T15:19:39
/opt/airflow/dags/data_ingestion.py                           1           0  0.67s           2025-10-29T15:19:39
================================================================================
[2025-10-29T15:20:29.694+0000] {manager.py:878} INFO - 
================================================================================
DAG File Processing Stats

File Path                            PID    Runtime      # DAGs    # Errors  Last Runtime    Last Run
-----------------------------------  -----  ---------  --------  ----------  --------------  -------------------
/opt/airflow/dags/etl_clickhouse.py                           1           0  1.01s           2025-10-29T15:20:10
/opt/airflow/dags/data_ingestion.py                           1           0  0.95s           2025-10-29T15:20:10
================================================================================
[2025-10-29T15:20:57.928+0000] {manager.py:737} INFO - Searching for files in /opt/airflow/dags
[2025-10-29T15:20:57.983+0000] {manager.py:740} INFO - There are 2 files in /opt/airflow/dags
[2025-10-29T15:21:00.018+0000] {manager.py:878} INFO - 
================================================================================
DAG File Processing Stats

File Path                            PID    Runtime      # DAGs    # Errors  Last Runtime    Last Run
-----------------------------------  -----  ---------  --------  ----------  --------------  -------------------
/opt/airflow/dags/etl_clickhouse.py                           1           0  0.88s           2025-10-29T15:20:41
/opt/airflow/dags/data_ingestion.py                           1           0  0.82s           2025-10-29T15:20:41
================================================================================
[2025-10-29T15:21:30.109+0000] {manager.py:878} INFO - 
================================================================================
DAG File Processing Stats

File Path                            PID    Runtime      # DAGs    # Errors  Last Runtime    Last Run
-----------------------------------  -----  ---------  --------  ----------  --------------  -------------------
/opt/airflow/dags/etl_clickhouse.py                           1           0  0.65s           2025-10-29T15:21:12
/opt/airflow/dags/data_ingestion.py                           1           0  0.60s           2025-10-29T15:21:12
================================================================================
[2025-10-29T15:22:01.093+0000] {manager.py:878} INFO - 
================================================================================
DAG File Processing Stats

File Path                            PID    Runtime      # DAGs    # Errors  Last Runtime    Last Run
-----------------------------------  -----  ---------  --------  ----------  --------------  -------------------
/opt/airflow/dags/etl_clickhouse.py                           1           0  0.63s           2025-10-29T15:21:43
/opt/airflow/dags/data_ingestion.py                           1           0  0.60s           2025-10-29T15:21:43
================================================================================
[2025-10-29T15:22:31.128+0000] {manager.py:878} INFO - 
================================================================================
DAG File Processing Stats

File Path                            PID    Runtime      # DAGs    # Errors  Last Runtime    Last Run
-----------------------------------  -----  ---------  --------  ----------  --------------  -------------------
/opt/airflow/dags/etl_clickhouse.py                           1           0  0.91s           2025-10-29T15:22:15
/opt/airflow/dags/data_ingestion.py                           1           0  0.67s           2025-10-29T15:22:14
================================================================================
[2025-10-29T15:23:01.446+0000] {manager.py:878} INFO - 
================================================================================
DAG File Processing Stats

File Path                            PID    Runtime      # DAGs    # Errors  Last Runtime    Last Run
-----------------------------------  -----  ---------  --------  ----------  --------------  -------------------
/opt/airflow/dags/etl_clickhouse.py                           1           0  0.97s           2025-10-29T15:22:46
/opt/airflow/dags/data_ingestion.py                           1           0  0.93s           2025-10-29T15:22:46
================================================================================
[2025-10-29T15:23:31.769+0000] {manager.py:878} INFO - 
================================================================================
DAG File Processing Stats

File Path                            PID    Runtime      # DAGs    # Errors  Last Runtime    Last Run
-----------------------------------  -----  ---------  --------  ----------  --------------  -------------------
/opt/airflow/dags/etl_clickhouse.py                           1           0  1.02s           2025-10-29T15:23:17
/opt/airflow/dags/data_ingestion.py                           1           0  0.94s           2025-10-29T15:23:17
================================================================================
[2025-10-29T15:24:01.832+0000] {manager.py:878} INFO - 
================================================================================
DAG File Processing Stats

File Path                            PID    Runtime      # DAGs    # Errors  Last Runtime    Last Run
-----------------------------------  -----  ---------  --------  ----------  --------------  -------------------
/opt/airflow/dags/etl_clickhouse.py                           1           0  0.59s           2025-10-29T15:23:48
/opt/airflow/dags/data_ingestion.py                           1           0  0.55s           2025-10-29T15:23:48
================================================================================
[2025-10-29T15:24:31.920+0000] {manager.py:878} INFO - 
================================================================================
DAG File Processing Stats

File Path                            PID    Runtime      # DAGs    # Errors  Last Runtime    Last Run
-----------------------------------  -----  ---------  --------  ----------  --------------  -------------------
/opt/airflow/dags/etl_clickhouse.py                           1           0  0.74s           2025-10-29T15:24:19
/opt/airflow/dags/data_ingestion.py                           1           0  0.53s           2025-10-29T15:24:19
================================================================================
[2025-10-29T15:25:02.145+0000] {manager.py:878} INFO - 
================================================================================
DAG File Processing Stats

File Path                            PID    Runtime      # DAGs    # Errors  Last Runtime    Last Run
-----------------------------------  -----  ---------  --------  ----------  --------------  -------------------
/opt/airflow/dags/etl_clickhouse.py                           1           0  0.99s           2025-10-29T15:24:51
/opt/airflow/dags/data_ingestion.py                           1           0  0.93s           2025-10-29T15:24:51
================================================================================
[2025-10-29T15:25:32.389+0000] {manager.py:878} INFO - 
================================================================================
DAG File Processing Stats

File Path                            PID    Runtime      # DAGs    # Errors  Last Runtime    Last Run
-----------------------------------  -----  ---------  --------  ----------  --------------  -------------------
/opt/airflow/dags/etl_clickhouse.py                           1           0  0.86s           2025-10-29T15:25:22
/opt/airflow/dags/data_ingestion.py                           1           0  0.82s           2025-10-29T15:25:22
================================================================================
[2025-10-29T15:25:58.554+0000] {manager.py:737} INFO - Searching for files in /opt/airflow/dags
[2025-10-29T15:25:58.588+0000] {manager.py:740} INFO - There are 2 files in /opt/airflow/dags
[2025-10-29T15:26:02.674+0000] {manager.py:878} INFO - 
================================================================================
DAG File Processing Stats

File Path                            PID    Runtime      # DAGs    # Errors  Last Runtime    Last Run
-----------------------------------  -----  ---------  --------  ----------  --------------  -------------------
/opt/airflow/dags/etl_clickhouse.py                           1           0  0.88s           2025-10-29T15:25:53
/opt/airflow/dags/data_ingestion.py                           1           0  0.83s           2025-10-29T15:25:53
================================================================================
[2025-10-29T15:26:32.764+0000] {manager.py:878} INFO - 
================================================================================
DAG File Processing Stats

File Path                            PID    Runtime      # DAGs    # Errors  Last Runtime    Last Run
-----------------------------------  -----  ---------  --------  ----------  --------------  -------------------
/opt/airflow/dags/etl_clickhouse.py                           1           0  0.66s           2025-10-29T15:26:24
/opt/airflow/dags/data_ingestion.py                           1           0  0.61s           2025-10-29T15:26:24
================================================================================
[2025-10-29T15:27:02.904+0000] {manager.py:878} INFO - 
================================================================================
DAG File Processing Stats

File Path                            PID    Runtime      # DAGs    # Errors  Last Runtime    Last Run
-----------------------------------  -----  ---------  --------  ----------  --------------  -------------------
/opt/airflow/dags/etl_clickhouse.py                           1           0  0.77s           2025-10-29T15:26:55
/opt/airflow/dags/data_ingestion.py                           1           0  0.53s           2025-10-29T15:26:55
================================================================================
[2025-10-29T15:27:33.147+0000] {manager.py:878} INFO - 
================================================================================
DAG File Processing Stats

File Path                            PID    Runtime      # DAGs    # Errors  Last Runtime    Last Run
-----------------------------------  -----  ---------  --------  ----------  --------------  -------------------
/opt/airflow/dags/etl_clickhouse.py                           1           0  1.15s           2025-10-29T15:27:27
/opt/airflow/dags/data_ingestion.py                           1           0  1.08s           2025-10-29T15:27:27
================================================================================
[2025-10-29T15:28:03.387+0000] {manager.py:878} INFO - 
================================================================================
DAG File Processing Stats

File Path                            PID    Runtime      # DAGs    # Errors  Last Runtime    Last Run
-----------------------------------  -----  ---------  --------  ----------  --------------  -------------------
/opt/airflow/dags/etl_clickhouse.py                           1           0  0.90s           2025-10-29T15:27:58
/opt/airflow/dags/data_ingestion.py                           1           0  0.84s           2025-10-29T15:27:58
================================================================================
[2025-10-29T15:28:33.397+0000] {manager.py:878} INFO - 
================================================================================
DAG File Processing Stats

File Path                            PID    Runtime      # DAGs    # Errors  Last Runtime    Last Run
-----------------------------------  -----  ---------  --------  ----------  --------------  -------------------
/opt/airflow/dags/etl_clickhouse.py                           1           0  0.65s           2025-10-29T15:28:29
/opt/airflow/dags/data_ingestion.py                           1           0  0.59s           2025-10-29T15:28:29
================================================================================
[2025-10-29T15:29:03.482+0000] {manager.py:878} INFO - 
================================================================================
DAG File Processing Stats

File Path                            PID    Runtime      # DAGs    # Errors  Last Runtime    Last Run
-----------------------------------  -----  ---------  --------  ----------  --------------  -------------------
/opt/airflow/dags/etl_clickhouse.py                           1           0  0.75s           2025-10-29T15:29:00
/opt/airflow/dags/data_ingestion.py                           1           0  0.53s           2025-10-29T15:29:00
================================================================================
[2025-10-29T15:29:33.760+0000] {manager.py:878} INFO - 
================================================================================
DAG File Processing Stats

File Path                            PID    Runtime      # DAGs    # Errors  Last Runtime    Last Run
-----------------------------------  -----  ---------  --------  ----------  --------------  -------------------
/opt/airflow/dags/etl_clickhouse.py                           1           0  0.85s           2025-10-29T15:29:31
/opt/airflow/dags/data_ingestion.py                           1           0  0.80s           2025-10-29T15:29:31
================================================================================
[2025-10-29T15:30:04.161+0000] {manager.py:878} INFO - 
================================================================================
DAG File Processing Stats

File Path                            PID    Runtime      # DAGs    # Errors  Last Runtime    Last Run
-----------------------------------  -----  ---------  --------  ----------  --------------  -------------------
/opt/airflow/dags/etl_clickhouse.py                           1           0  1.04s           2025-10-29T15:30:03
/opt/airflow/dags/data_ingestion.py                           1           0  0.92s           2025-10-29T15:30:03
================================================================================
[2025-10-29T15:30:34.226+0000] {manager.py:878} INFO - 
================================================================================
DAG File Processing Stats

File Path                              PID  Runtime      # DAGs    # Errors  Last Runtime    Last Run
-----------------------------------  -----  ---------  --------  ----------  --------------  -------------------
/opt/airflow/dags/data_ingestion.py    524  0.63s             1           0  0.92s           2025-10-29T15:30:03
/opt/airflow/dags/etl_clickhouse.py                           1           0  0.65s           2025-10-29T15:30:34
================================================================================
[2025-10-29T15:30:58.627+0000] {manager.py:737} INFO - Searching for files in /opt/airflow/dags
[2025-10-29T15:30:58.663+0000] {manager.py:740} INFO - There are 2 files in /opt/airflow/dags
[2025-10-29T15:31:04.658+0000] {manager.py:878} INFO - 
================================================================================
DAG File Processing Stats

File Path                              PID  Runtime      # DAGs    # Errors  Last Runtime    Last Run
-----------------------------------  -----  ---------  --------  ----------  --------------  -------------------
/opt/airflow/dags/data_ingestion.py    536  0.01s             1           0  0.83s           2025-10-29T15:30:34
/opt/airflow/dags/etl_clickhouse.py    533  0.02s             1           0  0.65s           2025-10-29T15:30:34
================================================================================
[2025-10-29T15:31:34.711+0000] {manager.py:878} INFO - 
================================================================================
DAG File Processing Stats

File Path                            PID    Runtime      # DAGs    # Errors  Last Runtime    Last Run
-----------------------------------  -----  ---------  --------  ----------  --------------  -------------------
/opt/airflow/dags/etl_clickhouse.py                           1           0  0.90s           2025-10-29T15:31:05
/opt/airflow/dags/data_ingestion.py                           1           0  0.68s           2025-10-29T15:31:05
================================================================================
[2025-10-29T15:32:04.967+0000] {manager.py:878} INFO - 
================================================================================
DAG File Processing Stats

File Path                            PID    Runtime      # DAGs    # Errors  Last Runtime    Last Run
-----------------------------------  -----  ---------  --------  ----------  --------------  -------------------
/opt/airflow/dags/etl_clickhouse.py                           1           0  0.95s           2025-10-29T15:31:36
/opt/airflow/dags/data_ingestion.py                           1           0  0.90s           2025-10-29T15:31:36
================================================================================
[2025-10-29T15:32:35.121+0000] {manager.py:878} INFO - 
================================================================================
DAG File Processing Stats

File Path                            PID    Runtime      # DAGs    # Errors  Last Runtime    Last Run
-----------------------------------  -----  ---------  --------  ----------  --------------  -------------------
/opt/airflow/dags/etl_clickhouse.py                           1           0  0.83s           2025-10-29T15:32:07
/opt/airflow/dags/data_ingestion.py                           1           0  0.76s           2025-10-29T15:32:07
================================================================================
[2025-10-29T15:33:05.369+0000] {manager.py:878} INFO - 
================================================================================
DAG File Processing Stats

File Path                            PID    Runtime      # DAGs    # Errors  Last Runtime    Last Run
-----------------------------------  -----  ---------  --------  ----------  --------------  -------------------
/opt/airflow/dags/etl_clickhouse.py                           1           0  0.89s           2025-10-29T15:32:39
/opt/airflow/dags/data_ingestion.py                           1           0  0.84s           2025-10-29T15:32:39
================================================================================
[2025-10-29T15:33:36.368+0000] {manager.py:878} INFO - 
================================================================================
DAG File Processing Stats

File Path                            PID    Runtime      # DAGs    # Errors  Last Runtime    Last Run
-----------------------------------  -----  ---------  --------  ----------  --------------  -------------------
/opt/airflow/dags/etl_clickhouse.py                           1           0  0.62s           2025-10-29T15:33:10
/opt/airflow/dags/data_ingestion.py                           1           0  0.55s           2025-10-29T15:33:10
================================================================================
[2025-10-29T15:34:06.527+0000] {manager.py:878} INFO - 
================================================================================
DAG File Processing Stats

File Path                            PID    Runtime      # DAGs    # Errors  Last Runtime    Last Run
-----------------------------------  -----  ---------  --------  ----------  --------------  -------------------
/opt/airflow/dags/etl_clickhouse.py                           1           0  0.97s           2025-10-29T15:33:41
/opt/airflow/dags/data_ingestion.py                           1           0  0.88s           2025-10-29T15:33:41
================================================================================
[2025-10-29T15:34:36.926+0000] {manager.py:878} INFO - 
================================================================================
DAG File Processing Stats

File Path                            PID    Runtime      # DAGs    # Errors  Last Runtime    Last Run
-----------------------------------  -----  ---------  --------  ----------  --------------  -------------------
/opt/airflow/dags/etl_clickhouse.py                           1           0  0.92s           2025-10-29T15:34:12
/opt/airflow/dags/data_ingestion.py                           1           0  0.87s           2025-10-29T15:34:12
================================================================================
[2025-10-29T15:35:07.264+0000] {manager.py:878} INFO - 
================================================================================
DAG File Processing Stats

File Path                            PID    Runtime      # DAGs    # Errors  Last Runtime    Last Run
-----------------------------------  -----  ---------  --------  ----------  --------------  -------------------
/opt/airflow/dags/etl_clickhouse.py                           1           0  0.94s           2025-10-29T15:34:43
/opt/airflow/dags/data_ingestion.py                           1           0  0.89s           2025-10-29T15:34:43
================================================================================
[2025-10-29T15:35:37.570+0000] {manager.py:878} INFO - 
================================================================================
DAG File Processing Stats

File Path                            PID    Runtime      # DAGs    # Errors  Last Runtime    Last Run
-----------------------------------  -----  ---------  --------  ----------  --------------  -------------------
/opt/airflow/dags/etl_clickhouse.py                           1           0  0.82s           2025-10-29T15:35:15
/opt/airflow/dags/data_ingestion.py                           1           0  0.76s           2025-10-29T15:35:15
================================================================================
[2025-10-29T15:35:59.419+0000] {manager.py:737} INFO - Searching for files in /opt/airflow/dags
[2025-10-29T15:35:59.466+0000] {manager.py:740} INFO - There are 2 files in /opt/airflow/dags
[2025-10-29T15:36:07.635+0000] {manager.py:878} INFO - 
================================================================================
DAG File Processing Stats

File Path                            PID    Runtime      # DAGs    # Errors  Last Runtime    Last Run
-----------------------------------  -----  ---------  --------  ----------  --------------  -------------------
/opt/airflow/dags/etl_clickhouse.py                           1           0  0.73s           2025-10-29T15:35:46
/opt/airflow/dags/data_ingestion.py                           1           0  0.53s           2025-10-29T15:35:46
================================================================================
[2025-10-29T15:36:37.857+0000] {manager.py:878} INFO - 
================================================================================
DAG File Processing Stats

File Path                            PID    Runtime      # DAGs    # Errors  Last Runtime    Last Run
-----------------------------------  -----  ---------  --------  ----------  --------------  -------------------
/opt/airflow/dags/etl_clickhouse.py                           1           0  0.86s           2025-10-29T15:36:17
/opt/airflow/dags/data_ingestion.py                           1           0  0.81s           2025-10-29T15:36:17
================================================================================
[2025-10-29T15:37:08.073+0000] {manager.py:878} INFO - 
================================================================================
DAG File Processing Stats

File Path                            PID    Runtime      # DAGs    # Errors  Last Runtime    Last Run
-----------------------------------  -----  ---------  --------  ----------  --------------  -------------------
/opt/airflow/dags/etl_clickhouse.py                           1           0  0.93s           2025-10-29T15:36:48
/opt/airflow/dags/data_ingestion.py                           1           0  0.88s           2025-10-29T15:36:48
================================================================================
[2025-10-29T15:37:38.543+0000] {manager.py:878} INFO - 
================================================================================
DAG File Processing Stats

File Path                            PID    Runtime      # DAGs    # Errors  Last Runtime    Last Run
-----------------------------------  -----  ---------  --------  ----------  --------------  -------------------
/opt/airflow/dags/etl_clickhouse.py                           1           0  1.06s           2025-10-29T15:37:20
/opt/airflow/dags/data_ingestion.py                           1           0  1.03s           2025-10-29T15:37:20
================================================================================
[2025-10-29T15:38:08.931+0000] {manager.py:878} INFO - 
================================================================================
DAG File Processing Stats

File Path                            PID    Runtime      # DAGs    # Errors  Last Runtime    Last Run
-----------------------------------  -----  ---------  --------  ----------  --------------  -------------------
/opt/airflow/dags/etl_clickhouse.py                           1           0  2.20s           2025-10-29T15:37:52
/opt/airflow/dags/data_ingestion.py                           1           0  1.58s           2025-10-29T15:37:52
================================================================================
[2025-10-29T15:38:39.730+0000] {manager.py:878} INFO - 
================================================================================
DAG File Processing Stats

File Path                            PID    Runtime      # DAGs    # Errors  Last Runtime    Last Run
-----------------------------------  -----  ---------  --------  ----------  --------------  -------------------
/opt/airflow/dags/etl_clickhouse.py                           1           0  1.61s           2025-10-29T15:38:24
/opt/airflow/dags/data_ingestion.py                           1           0  1.50s           2025-10-29T15:38:24
================================================================================
[2025-10-29T15:39:10.168+0000] {manager.py:878} INFO - 
================================================================================
DAG File Processing Stats

File Path                            PID    Runtime      # DAGs    # Errors  Last Runtime    Last Run
-----------------------------------  -----  ---------  --------  ----------  --------------  -------------------
/opt/airflow/dags/etl_clickhouse.py                           1           0  1.09s           2025-10-29T15:38:55
/opt/airflow/dags/data_ingestion.py                           1           0  1.05s           2025-10-29T15:38:55
================================================================================
[2025-10-29T15:39:40.966+0000] {manager.py:878} INFO - 
================================================================================
DAG File Processing Stats

File Path                            PID    Runtime      # DAGs    # Errors  Last Runtime    Last Run
-----------------------------------  -----  ---------  --------  ----------  --------------  -------------------
/opt/airflow/dags/etl_clickhouse.py                           1           0  2.48s           2025-10-29T15:39:28
/opt/airflow/dags/data_ingestion.py                           1           0  2.42s           2025-10-29T15:39:28
================================================================================
[2025-10-29T15:40:11.476+0000] {manager.py:878} INFO - 
================================================================================
DAG File Processing Stats

File Path                            PID    Runtime      # DAGs    # Errors  Last Runtime    Last Run
-----------------------------------  -----  ---------  --------  ----------  --------------  -------------------
/opt/airflow/dags/etl_clickhouse.py                           1           0  1.45s           2025-10-29T15:40:00
/opt/airflow/dags/data_ingestion.py                           1           0  1.15s           2025-10-29T15:40:00
================================================================================
[2025-10-29T15:40:42.074+0000] {manager.py:878} INFO - 
================================================================================
DAG File Processing Stats

File Path                            PID    Runtime      # DAGs    # Errors  Last Runtime    Last Run
-----------------------------------  -----  ---------  --------  ----------  --------------  -------------------
/opt/airflow/dags/etl_clickhouse.py                           1           0  1.44s           2025-10-29T15:40:32
/opt/airflow/dags/data_ingestion.py                           1           0  1.34s           2025-10-29T15:40:31
================================================================================
[2025-10-29T15:41:00.325+0000] {manager.py:737} INFO - Searching for files in /opt/airflow/dags
[2025-10-29T15:41:00.409+0000] {manager.py:740} INFO - There are 2 files in /opt/airflow/dags
[2025-10-29T15:41:12.774+0000] {manager.py:878} INFO - 
================================================================================
DAG File Processing Stats

File Path                            PID    Runtime      # DAGs    # Errors  Last Runtime    Last Run
-----------------------------------  -----  ---------  --------  ----------  --------------  -------------------
/opt/airflow/dags/etl_clickhouse.py                           1           0  2.28s           2025-10-29T15:41:04
/opt/airflow/dags/data_ingestion.py                           1           0  2.15s           2025-10-29T15:41:04
================================================================================
[2025-10-29T15:41:43.186+0000] {manager.py:878} INFO - 
================================================================================
DAG File Processing Stats

File Path                            PID    Runtime      # DAGs    # Errors  Last Runtime    Last Run
-----------------------------------  -----  ---------  --------  ----------  --------------  -------------------
/opt/airflow/dags/etl_clickhouse.py                           1           0  1.18s           2025-10-29T15:41:36
/opt/airflow/dags/data_ingestion.py                           1           0  1.12s           2025-10-29T15:41:36
================================================================================
[2025-10-29T15:42:13.468+0000] {manager.py:878} INFO - 
================================================================================
DAG File Processing Stats

File Path                            PID    Runtime      # DAGs    # Errors  Last Runtime    Last Run
-----------------------------------  -----  ---------  --------  ----------  --------------  -------------------
/opt/airflow/dags/etl_clickhouse.py                           1           0  1.24s           2025-10-29T15:42:07
/opt/airflow/dags/data_ingestion.py                           1           0  0.96s           2025-10-29T15:42:07
================================================================================
[2025-10-29T15:42:43.914+0000] {manager.py:878} INFO - 
================================================================================
DAG File Processing Stats

File Path                              PID  Runtime      # DAGs    # Errors  Last Runtime    Last Run
-----------------------------------  -----  ---------  --------  ----------  --------------  -------------------
/opt/airflow/dags/etl_clickhouse.py    800  6.21s             1           0  1.24s           2025-10-29T15:42:07
/opt/airflow/dags/data_ingestion.py    803  6.13s             1           0  0.96s           2025-10-29T15:42:07
================================================================================
[2025-10-29T15:43:14.452+0000] {manager.py:878} INFO - 
================================================================================
DAG File Processing Stats

File Path                              PID  Runtime      # DAGs    # Errors  Last Runtime    Last Run
-----------------------------------  -----  ---------  --------  ----------  --------------  -------------------
/opt/airflow/dags/etl_clickhouse.py    812  0.06s             1           0  6.37s           2025-10-29T15:42:44
/opt/airflow/dags/data_ingestion.py    815  0.01s             1           0  6.35s           2025-10-29T15:42:44
================================================================================
[2025-10-29T15:43:44.686+0000] {manager.py:878} INFO - 
================================================================================
DAG File Processing Stats

File Path                            PID    Runtime      # DAGs    # Errors  Last Runtime    Last Run
-----------------------------------  -----  ---------  --------  ----------  --------------  -------------------
/opt/airflow/dags/etl_clickhouse.py                           1           0  2.22s           2025-10-29T15:43:16
/opt/airflow/dags/data_ingestion.py                           1           0  1.92s           2025-10-29T15:43:16
================================================================================
[2025-10-29T15:44:15.410+0000] {manager.py:878} INFO - 
================================================================================
DAG File Processing Stats

File Path                            PID    Runtime      # DAGs    # Errors  Last Runtime    Last Run
-----------------------------------  -----  ---------  --------  ----------  --------------  -------------------
/opt/airflow/dags/etl_clickhouse.py                           1           0  1.57s           2025-10-29T15:43:48
/opt/airflow/dags/data_ingestion.py                           1           0  1.46s           2025-10-29T15:43:48
================================================================================
[2025-10-29T15:44:45.848+0000] {manager.py:878} INFO - 
================================================================================
DAG File Processing Stats

File Path                            PID    Runtime      # DAGs    # Errors  Last Runtime    Last Run
-----------------------------------  -----  ---------  --------  ----------  --------------  -------------------
/opt/airflow/dags/etl_clickhouse.py                           1           0  3.19s           2025-10-29T15:44:21
/opt/airflow/dags/data_ingestion.py                           1           0  3.19s           2025-10-29T15:44:21
================================================================================
[2025-10-29T15:45:16.107+0000] {manager.py:878} INFO - 
================================================================================
DAG File Processing Stats

File Path                            PID    Runtime      # DAGs    # Errors  Last Runtime    Last Run
-----------------------------------  -----  ---------  --------  ----------  --------------  -------------------
/opt/airflow/dags/etl_clickhouse.py                           1           0  1.44s           2025-10-29T15:44:53
/opt/airflow/dags/data_ingestion.py                           1           0  1.41s           2025-10-29T15:44:53
================================================================================
[2025-10-29T15:45:46.564+0000] {manager.py:878} INFO - 
================================================================================
DAG File Processing Stats

File Path                            PID    Runtime      # DAGs    # Errors  Last Runtime    Last Run
-----------------------------------  -----  ---------  --------  ----------  --------------  -------------------
/opt/airflow/dags/etl_clickhouse.py                           1           0  2.90s           2025-10-29T15:45:26
/opt/airflow/dags/data_ingestion.py                           1           0  2.79s           2025-10-29T15:45:26
================================================================================
[2025-10-29T15:46:00.331+0000] {manager.py:737} INFO - Searching for files in /opt/airflow/dags
[2025-10-29T15:46:00.368+0000] {manager.py:740} INFO - There are 2 files in /opt/airflow/dags
[2025-10-29T15:46:17.554+0000] {manager.py:878} INFO - 
================================================================================
DAG File Processing Stats

File Path                            PID    Runtime      # DAGs    # Errors  Last Runtime    Last Run
-----------------------------------  -----  ---------  --------  ----------  --------------  -------------------
/opt/airflow/dags/etl_clickhouse.py                           1           0  1.66s           2025-10-29T15:45:58
/opt/airflow/dags/data_ingestion.py                           1           0  1.62s           2025-10-29T15:45:58
================================================================================
[2025-10-29T15:46:48.428+0000] {manager.py:878} INFO - 
================================================================================
DAG File Processing Stats

File Path                            PID    Runtime      # DAGs    # Errors  Last Runtime    Last Run
-----------------------------------  -----  ---------  --------  ----------  --------------  -------------------
/opt/airflow/dags/etl_clickhouse.py                           1           0  2.69s           2025-10-29T15:46:31
/opt/airflow/dags/data_ingestion.py                           1           0  2.56s           2025-10-29T15:46:31
================================================================================
[2025-10-29T15:47:18.720+0000] {manager.py:878} INFO - 
================================================================================
DAG File Processing Stats

File Path                            PID    Runtime      # DAGs    # Errors  Last Runtime    Last Run
-----------------------------------  -----  ---------  --------  ----------  --------------  -------------------
/opt/airflow/dags/etl_clickhouse.py                           1           0  5.04s           2025-10-29T15:47:06
/opt/airflow/dags/data_ingestion.py                           1           0  4.95s           2025-10-29T15:47:06
================================================================================
[2025-10-29T15:47:49.005+0000] {manager.py:878} INFO - 
================================================================================
DAG File Processing Stats

File Path                            PID    Runtime      # DAGs    # Errors  Last Runtime    Last Run
-----------------------------------  -----  ---------  --------  ----------  --------------  -------------------
/opt/airflow/dags/etl_clickhouse.py                           1           0  1.01s           2025-10-29T15:47:37
/opt/airflow/dags/data_ingestion.py                           1           0  0.98s           2025-10-29T15:47:37
================================================================================
[2025-10-29T15:48:19.438+0000] {manager.py:878} INFO - 
================================================================================
DAG File Processing Stats

File Path                            PID    Runtime      # DAGs    # Errors  Last Runtime    Last Run
-----------------------------------  -----  ---------  --------  ----------  --------------  -------------------
/opt/airflow/dags/etl_clickhouse.py                           1           0  0.98s           2025-10-29T15:48:09
/opt/airflow/dags/data_ingestion.py                           1           0  0.95s           2025-10-29T15:48:09
================================================================================
[2025-10-29T15:48:49.678+0000] {manager.py:878} INFO - 
================================================================================
DAG File Processing Stats

File Path                            PID    Runtime      # DAGs    # Errors  Last Runtime    Last Run
-----------------------------------  -----  ---------  --------  ----------  --------------  -------------------
/opt/airflow/dags/etl_clickhouse.py                           1           0  0.80s           2025-10-29T15:48:40
/opt/airflow/dags/data_ingestion.py                           1           0  0.75s           2025-10-29T15:48:40
================================================================================
[2025-10-29T15:49:19.975+0000] {manager.py:878} INFO - 
================================================================================
DAG File Processing Stats

File Path                            PID    Runtime      # DAGs    # Errors  Last Runtime    Last Run
-----------------------------------  -----  ---------  --------  ----------  --------------  -------------------
/opt/airflow/dags/etl_clickhouse.py                           1           0  1.04s           2025-10-29T15:49:11
/opt/airflow/dags/data_ingestion.py                           1           0  0.95s           2025-10-29T15:49:11
================================================================================
[2025-10-29T15:49:50.205+0000] {manager.py:878} INFO - 
================================================================================
DAG File Processing Stats

File Path                            PID    Runtime      # DAGs    # Errors  Last Runtime    Last Run
-----------------------------------  -----  ---------  --------  ----------  --------------  -------------------
/opt/airflow/dags/etl_clickhouse.py                           1           0  0.95s           2025-10-29T15:49:43
/opt/airflow/dags/data_ingestion.py                           1           0  0.90s           2025-10-29T15:49:43
================================================================================
[2025-10-29T15:50:20.485+0000] {manager.py:878} INFO - 
================================================================================
DAG File Processing Stats

File Path                            PID    Runtime      # DAGs    # Errors  Last Runtime    Last Run
-----------------------------------  -----  ---------  --------  ----------  --------------  -------------------
/opt/airflow/dags/etl_clickhouse.py                           1           0  0.95s           2025-10-29T15:50:14
/opt/airflow/dags/data_ingestion.py                           1           0  0.91s           2025-10-29T15:50:14
================================================================================
[2025-10-29T15:50:51.090+0000] {manager.py:878} INFO - 
================================================================================
DAG File Processing Stats

File Path                            PID    Runtime      # DAGs    # Errors  Last Runtime    Last Run
-----------------------------------  -----  ---------  --------  ----------  --------------  -------------------
/opt/airflow/dags/etl_clickhouse.py                           1           0  1.35s           2025-10-29T15:50:46
/opt/airflow/dags/data_ingestion.py                           1           0  1.25s           2025-10-29T15:50:46
================================================================================
[2025-10-29T15:51:01.174+0000] {manager.py:737} INFO - Searching for files in /opt/airflow/dags
[2025-10-29T15:51:01.217+0000] {manager.py:740} INFO - There are 2 files in /opt/airflow/dags
[2025-10-29T15:51:21.291+0000] {manager.py:878} INFO - 
================================================================================
DAG File Processing Stats

File Path                            PID    Runtime      # DAGs    # Errors  Last Runtime    Last Run
-----------------------------------  -----  ---------  --------  ----------  --------------  -------------------
/opt/airflow/dags/etl_clickhouse.py                           1           0  0.82s           2025-10-29T15:51:17
/opt/airflow/dags/data_ingestion.py                           1           0  0.77s           2025-10-29T15:51:17
================================================================================
[2025-10-29T15:51:51.442+0000] {manager.py:878} INFO - 
================================================================================
DAG File Processing Stats

File Path                            PID    Runtime      # DAGs    # Errors  Last Runtime    Last Run
-----------------------------------  -----  ---------  --------  ----------  --------------  -------------------
/opt/airflow/dags/etl_clickhouse.py                           1           0  0.78s           2025-10-29T15:51:48
/opt/airflow/dags/data_ingestion.py                           1           0  0.74s           2025-10-29T15:51:48
================================================================================
[2025-10-29T15:52:21.642+0000] {manager.py:878} INFO - 
================================================================================
DAG File Processing Stats

File Path                            PID    Runtime      # DAGs    # Errors  Last Runtime    Last Run
-----------------------------------  -----  ---------  --------  ----------  --------------  -------------------
/opt/airflow/dags/etl_clickhouse.py                           1           0  0.81s           2025-10-29T15:52:19
/opt/airflow/dags/data_ingestion.py                           1           0  0.77s           2025-10-29T15:52:19
================================================================================
[2025-10-29T15:52:51.855+0000] {manager.py:878} INFO - 
================================================================================
DAG File Processing Stats

File Path                            PID    Runtime      # DAGs    # Errors  Last Runtime    Last Run
-----------------------------------  -----  ---------  --------  ----------  --------------  -------------------
/opt/airflow/dags/etl_clickhouse.py                           1           0  0.80s           2025-10-29T15:52:50
/opt/airflow/dags/data_ingestion.py                           1           0  0.75s           2025-10-29T15:52:50
================================================================================
[2025-10-29T15:53:22.146+0000] {manager.py:878} INFO - 
================================================================================
DAG File Processing Stats

File Path                              PID  Runtime      # DAGs    # Errors  Last Runtime    Last Run
-----------------------------------  -----  ---------  --------  ----------  --------------  -------------------
/opt/airflow/dags/data_ingestion.py                           1           0  0.89s           2025-10-29T15:53:22
/opt/airflow/dags/etl_clickhouse.py   1052  0.92s             1           0  0.80s           2025-10-29T15:52:50
================================================================================
[2025-10-29T15:53:52.535+0000] {manager.py:878} INFO - 
================================================================================
DAG File Processing Stats

File Path                              PID  Runtime      # DAGs    # Errors  Last Runtime    Last Run
-----------------------------------  -----  ---------  --------  ----------  --------------  -------------------
/opt/airflow/dags/etl_clickhouse.py   1064  0.03s             1           0  0.94s           2025-10-29T15:53:22
/opt/airflow/dags/data_ingestion.py   1067  0.01s             1           0  0.89s           2025-10-29T15:53:22
================================================================================
[2025-10-29T15:54:22.914+0000] {manager.py:878} INFO - 
================================================================================
DAG File Processing Stats

File Path                            PID    Runtime      # DAGs    # Errors  Last Runtime    Last Run
-----------------------------------  -----  ---------  --------  ----------  --------------  -------------------
/opt/airflow/dags/etl_clickhouse.py                           1           0  1.08s           2025-10-29T15:53:53
/opt/airflow/dags/data_ingestion.py                           1           0  1.00s           2025-10-29T15:53:53
================================================================================
[2025-10-29T15:54:53.154+0000] {manager.py:878} INFO - 
================================================================================
DAG File Processing Stats

File Path                            PID    Runtime      # DAGs    # Errors  Last Runtime    Last Run
-----------------------------------  -----  ---------  --------  ----------  --------------  -------------------
/opt/airflow/dags/etl_clickhouse.py                           1           0  1.00s           2025-10-29T15:54:24
/opt/airflow/dags/data_ingestion.py                           1           0  0.94s           2025-10-29T15:54:24
================================================================================
[2025-10-29T15:55:23.416+0000] {manager.py:878} INFO - 
================================================================================
DAG File Processing Stats

File Path                            PID    Runtime      # DAGs    # Errors  Last Runtime    Last Run
-----------------------------------  -----  ---------  --------  ----------  --------------  -------------------
/opt/airflow/dags/etl_clickhouse.py                           1           0  0.91s           2025-10-29T15:54:56
/opt/airflow/dags/data_ingestion.py                           1           0  0.85s           2025-10-29T15:54:56
================================================================================
[2025-10-29T15:55:53.724+0000] {manager.py:878} INFO - 
================================================================================
DAG File Processing Stats

File Path                            PID    Runtime      # DAGs    # Errors  Last Runtime    Last Run
-----------------------------------  -----  ---------  --------  ----------  --------------  -------------------
/opt/airflow/dags/etl_clickhouse.py                           1           0  0.90s           2025-10-29T15:55:27
/opt/airflow/dags/data_ingestion.py                           1           0  0.85s           2025-10-29T15:55:27
================================================================================
[2025-10-29T15:56:01.721+0000] {manager.py:737} INFO - Searching for files in /opt/airflow/dags
[2025-10-29T15:56:01.766+0000] {manager.py:740} INFO - There are 2 files in /opt/airflow/dags
[2025-10-29T15:56:24.045+0000] {manager.py:878} INFO - 
================================================================================
DAG File Processing Stats

File Path                            PID    Runtime      # DAGs    # Errors  Last Runtime    Last Run
-----------------------------------  -----  ---------  --------  ----------  --------------  -------------------
/opt/airflow/dags/etl_clickhouse.py                           1           0  0.96s           2025-10-29T15:55:58
/opt/airflow/dags/data_ingestion.py                           1           0  0.89s           2025-10-29T15:55:58
================================================================================
[2025-10-29T15:56:54.277+0000] {manager.py:878} INFO - 
================================================================================
DAG File Processing Stats

File Path                            PID    Runtime      # DAGs    # Errors  Last Runtime    Last Run
-----------------------------------  -----  ---------  --------  ----------  --------------  -------------------
/opt/airflow/dags/etl_clickhouse.py                           1           0  0.84s           2025-10-29T15:56:29
/opt/airflow/dags/data_ingestion.py                           1           0  0.79s           2025-10-29T15:56:29
================================================================================
[2025-10-29T15:57:24.664+0000] {manager.py:878} INFO - 
================================================================================
DAG File Processing Stats

File Path                            PID    Runtime      # DAGs    # Errors  Last Runtime    Last Run
-----------------------------------  -----  ---------  --------  ----------  --------------  -------------------
/opt/airflow/dags/etl_clickhouse.py                           1           0  1.06s           2025-10-29T15:57:01
/opt/airflow/dags/data_ingestion.py                           1           0  0.98s           2025-10-29T15:57:01
================================================================================
[2025-10-29T15:57:54.969+0000] {manager.py:878} INFO - 
================================================================================
DAG File Processing Stats

File Path                            PID    Runtime      # DAGs    # Errors  Last Runtime    Last Run
-----------------------------------  -----  ---------  --------  ----------  --------------  -------------------
/opt/airflow/dags/etl_clickhouse.py                           1           0  1.07s           2025-10-29T15:57:32
/opt/airflow/dags/data_ingestion.py                           1           0  1.01s           2025-10-29T15:57:32
================================================================================
[2025-10-29T15:58:25.192+0000] {manager.py:878} INFO - 
================================================================================
DAG File Processing Stats

File Path                            PID    Runtime      # DAGs    # Errors  Last Runtime    Last Run
-----------------------------------  -----  ---------  --------  ----------  --------------  -------------------
/opt/airflow/dags/etl_clickhouse.py                           1           0  0.82s           2025-10-29T15:58:03
/opt/airflow/dags/data_ingestion.py                           1           0  0.77s           2025-10-29T15:58:03
================================================================================
[2025-10-29T15:58:55.493+0000] {manager.py:878} INFO - 
================================================================================
DAG File Processing Stats

File Path                            PID    Runtime      # DAGs    # Errors  Last Runtime    Last Run
-----------------------------------  -----  ---------  --------  ----------  --------------  -------------------
/opt/airflow/dags/etl_clickhouse.py                           1           0  0.84s           2025-10-29T15:58:35
/opt/airflow/dags/data_ingestion.py                           1           0  0.80s           2025-10-29T15:58:35
================================================================================
[2025-10-29T15:59:25.812+0000] {manager.py:878} INFO - 
================================================================================
DAG File Processing Stats

File Path                            PID    Runtime      # DAGs    # Errors  Last Runtime    Last Run
-----------------------------------  -----  ---------  --------  ----------  --------------  -------------------
/opt/airflow/dags/etl_clickhouse.py                           1           0  0.85s           2025-10-29T15:59:06
/opt/airflow/dags/data_ingestion.py                           1           0  0.81s           2025-10-29T15:59:06
================================================================================
[2025-10-29T15:59:56.011+0000] {manager.py:878} INFO - 
================================================================================
DAG File Processing Stats

File Path                            PID    Runtime      # DAGs    # Errors  Last Runtime    Last Run
-----------------------------------  -----  ---------  --------  ----------  --------------  -------------------
/opt/airflow/dags/etl_clickhouse.py                           1           0  0.84s           2025-10-29T15:59:37
/opt/airflow/dags/data_ingestion.py                           1           0  0.81s           2025-10-29T15:59:37
================================================================================
[2025-10-29T16:00:26.477+0000] {manager.py:878} INFO - 
================================================================================
DAG File Processing Stats

File Path                            PID    Runtime      # DAGs    # Errors  Last Runtime    Last Run
-----------------------------------  -----  ---------  --------  ----------  --------------  -------------------
/opt/airflow/dags/etl_clickhouse.py                           1           0  1.12s           2025-10-29T16:00:09
/opt/airflow/dags/data_ingestion.py                           1           0  1.08s           2025-10-29T16:00:09
================================================================================
[2025-10-29T16:00:56.686+0000] {manager.py:878} INFO - 
================================================================================
DAG File Processing Stats

File Path                            PID    Runtime      # DAGs    # Errors  Last Runtime    Last Run
-----------------------------------  -----  ---------  --------  ----------  --------------  -------------------
/opt/airflow/dags/etl_clickhouse.py                           1           0  0.96s           2025-10-29T16:00:40
/opt/airflow/dags/data_ingestion.py                           1           0  0.89s           2025-10-29T16:00:40
================================================================================
[2025-10-29T16:01:01.870+0000] {manager.py:737} INFO - Searching for files in /opt/airflow/dags
[2025-10-29T16:01:01.904+0000] {manager.py:740} INFO - There are 2 files in /opt/airflow/dags
[2025-10-29T16:01:27.423+0000] {manager.py:878} INFO - 
================================================================================
DAG File Processing Stats

File Path                            PID    Runtime      # DAGs    # Errors  Last Runtime    Last Run
-----------------------------------  -----  ---------  --------  ----------  --------------  -------------------
/opt/airflow/dags/etl_clickhouse.py                           1           0  1.15s           2025-10-29T16:01:12
/opt/airflow/dags/data_ingestion.py                           1           0  1.09s           2025-10-29T16:01:12
================================================================================
[2025-10-29T16:01:57.729+0000] {manager.py:878} INFO - 
================================================================================
DAG File Processing Stats

File Path                            PID    Runtime      # DAGs    # Errors  Last Runtime    Last Run
-----------------------------------  -----  ---------  --------  ----------  --------------  -------------------
/opt/airflow/dags/etl_clickhouse.py                           1           0  0.85s           2025-10-29T16:01:43
/opt/airflow/dags/data_ingestion.py                           1           0  0.80s           2025-10-29T16:01:43
================================================================================
[2025-10-29T16:02:27.821+0000] {manager.py:878} INFO - 
================================================================================
DAG File Processing Stats

File Path                            PID    Runtime      # DAGs    # Errors  Last Runtime    Last Run
-----------------------------------  -----  ---------  --------  ----------  --------------  -------------------
/opt/airflow/dags/etl_clickhouse.py                           1           0  0.85s           2025-10-29T16:02:14
/opt/airflow/dags/data_ingestion.py                           1           0  0.80s           2025-10-29T16:02:14
================================================================================
[2025-10-29T16:02:57.915+0000] {manager.py:878} INFO - 
================================================================================
DAG File Processing Stats

File Path                            PID    Runtime      # DAGs    # Errors  Last Runtime    Last Run
-----------------------------------  -----  ---------  --------  ----------  --------------  -------------------
/opt/airflow/dags/etl_clickhouse.py                           1           0  0.90s           2025-10-29T16:02:45
/opt/airflow/dags/data_ingestion.py                           1           0  0.85s           2025-10-29T16:02:45
================================================================================
[2025-10-29T16:03:28.055+0000] {manager.py:878} INFO - 
================================================================================
DAG File Processing Stats

File Path                            PID    Runtime      # DAGs    # Errors  Last Runtime    Last Run
-----------------------------------  -----  ---------  --------  ----------  --------------  -------------------
/opt/airflow/dags/etl_clickhouse.py                           1           0  0.89s           2025-10-29T16:03:16
/opt/airflow/dags/data_ingestion.py                           1           0  0.84s           2025-10-29T16:03:16
================================================================================
[2025-10-29T16:03:58.351+0000] {manager.py:878} INFO - 
================================================================================
DAG File Processing Stats

File Path                            PID    Runtime      # DAGs    # Errors  Last Runtime    Last Run
-----------------------------------  -----  ---------  --------  ----------  --------------  -------------------
/opt/airflow/dags/etl_clickhouse.py                           1           0  0.89s           2025-10-29T16:03:48
/opt/airflow/dags/data_ingestion.py                           1           0  0.86s           2025-10-29T16:03:48
================================================================================
[2025-10-29T16:04:28.645+0000] {manager.py:878} INFO - 
================================================================================
DAG File Processing Stats

File Path                            PID    Runtime      # DAGs    # Errors  Last Runtime    Last Run
-----------------------------------  -----  ---------  --------  ----------  --------------  -------------------
/opt/airflow/dags/etl_clickhouse.py                           1           0  0.82s           2025-10-29T16:04:19
/opt/airflow/dags/data_ingestion.py                           1           0  0.77s           2025-10-29T16:04:19
================================================================================
[2025-10-29T16:04:59.031+0000] {manager.py:878} INFO - 
================================================================================
DAG File Processing Stats

File Path                            PID    Runtime      # DAGs    # Errors  Last Runtime    Last Run
-----------------------------------  -----  ---------  --------  ----------  --------------  -------------------
/opt/airflow/dags/etl_clickhouse.py                           1           0  1.03s           2025-10-29T16:04:51
/opt/airflow/dags/data_ingestion.py                           1           0  0.93s           2025-10-29T16:04:50
================================================================================
[2025-10-29T16:05:29.224+0000] {manager.py:878} INFO - 
================================================================================
DAG File Processing Stats

File Path                            PID    Runtime      # DAGs    # Errors  Last Runtime    Last Run
-----------------------------------  -----  ---------  --------  ----------  --------------  -------------------
/opt/airflow/dags/etl_clickhouse.py                           1           0  0.89s           2025-10-29T16:05:22
/opt/airflow/dags/data_ingestion.py                           1           0  0.85s           2025-10-29T16:05:22
================================================================================
[2025-10-29T16:05:59.479+0000] {manager.py:878} INFO - 
================================================================================
DAG File Processing Stats

File Path                            PID    Runtime      # DAGs    # Errors  Last Runtime    Last Run
-----------------------------------  -----  ---------  --------  ----------  --------------  -------------------
/opt/airflow/dags/etl_clickhouse.py                           1           0  0.91s           2025-10-29T16:05:53
/opt/airflow/dags/data_ingestion.py                           1           0  0.84s           2025-10-29T16:05:53
================================================================================
[2025-10-29T16:06:02.501+0000] {manager.py:737} INFO - Searching for files in /opt/airflow/dags
[2025-10-29T16:06:02.545+0000] {manager.py:740} INFO - There are 2 files in /opt/airflow/dags
[2025-10-29T16:06:29.832+0000] {manager.py:878} INFO - 
================================================================================
DAG File Processing Stats

File Path                            PID    Runtime      # DAGs    # Errors  Last Runtime    Last Run
-----------------------------------  -----  ---------  --------  ----------  --------------  -------------------
/opt/airflow/dags/etl_clickhouse.py                           1           0  0.91s           2025-10-29T16:06:24
/opt/airflow/dags/data_ingestion.py                           1           0  0.88s           2025-10-29T16:06:24
================================================================================
[2025-10-29T16:06:59.961+0000] {manager.py:878} INFO - 
================================================================================
DAG File Processing Stats

File Path                            PID    Runtime      # DAGs    # Errors  Last Runtime    Last Run
-----------------------------------  -----  ---------  --------  ----------  --------------  -------------------
/opt/airflow/dags/etl_clickhouse.py                           1           0  0.82s           2025-10-29T16:06:55
/opt/airflow/dags/data_ingestion.py                           1           0  0.77s           2025-10-29T16:06:55
================================================================================
[2025-10-29T16:07:30.239+0000] {manager.py:878} INFO - 
================================================================================
DAG File Processing Stats

File Path                            PID    Runtime      # DAGs    # Errors  Last Runtime    Last Run
-----------------------------------  -----  ---------  --------  ----------  --------------  -------------------
/opt/airflow/dags/etl_clickhouse.py                           1           0  0.83s           2025-10-29T16:07:27
/opt/airflow/dags/data_ingestion.py                           1           0  0.78s           2025-10-29T16:07:27
================================================================================
[2025-10-29T16:08:00.495+0000] {manager.py:878} INFO - 
================================================================================
DAG File Processing Stats

File Path                            PID    Runtime      # DAGs    # Errors  Last Runtime    Last Run
-----------------------------------  -----  ---------  --------  ----------  --------------  -------------------
/opt/airflow/dags/etl_clickhouse.py                           1           0  0.83s           2025-10-29T16:07:58
/opt/airflow/dags/data_ingestion.py                           1           0  0.83s           2025-10-29T16:07:58
================================================================================
[2025-10-29T16:08:30.826+0000] {manager.py:878} INFO - 
================================================================================
DAG File Processing Stats

File Path                            PID    Runtime      # DAGs    # Errors  Last Runtime    Last Run
-----------------------------------  -----  ---------  --------  ----------  --------------  -------------------
/opt/airflow/dags/etl_clickhouse.py                           1           0  1.02s           2025-10-29T16:08:29
/opt/airflow/dags/data_ingestion.py                           1           0  0.98s           2025-10-29T16:08:29
================================================================================
[2025-10-29T16:09:00.873+0000] {manager.py:878} INFO - 
================================================================================
DAG File Processing Stats

File Path                              PID  Runtime      # DAGs    # Errors  Last Runtime    Last Run
-----------------------------------  -----  ---------  --------  ----------  --------------  -------------------
/opt/airflow/dags/etl_clickhouse.py   1412  0.76s             1           0  1.02s           2025-10-29T16:08:29
/opt/airflow/dags/data_ingestion.py                           1           0  0.73s           2025-10-29T16:09:00
================================================================================
[2025-10-29T16:09:31.325+0000] {manager.py:878} INFO - 
================================================================================
DAG File Processing Stats

File Path                              PID  Runtime      # DAGs    # Errors  Last Runtime    Last Run
-----------------------------------  -----  ---------  --------  ----------  --------------  -------------------
/opt/airflow/dags/etl_clickhouse.py   1424  0.02s             1           0  0.77s           2025-10-29T16:09:00
/opt/airflow/dags/data_ingestion.py   1427  0.01s             1           0  0.73s           2025-10-29T16:09:00
================================================================================
[2025-10-29T16:10:01.605+0000] {manager.py:878} INFO - 
================================================================================
DAG File Processing Stats

File Path                            PID    Runtime      # DAGs    # Errors  Last Runtime    Last Run
-----------------------------------  -----  ---------  --------  ----------  --------------  -------------------
/opt/airflow/dags/etl_clickhouse.py                           1           0  0.98s           2025-10-29T16:09:32
/opt/airflow/dags/data_ingestion.py                           1           0  0.93s           2025-10-29T16:09:32
================================================================================
[2025-10-29T16:10:31.780+0000] {manager.py:878} INFO - 
================================================================================
DAG File Processing Stats

File Path                            PID    Runtime      # DAGs    # Errors  Last Runtime    Last Run
-----------------------------------  -----  ---------  --------  ----------  --------------  -------------------
/opt/airflow/dags/etl_clickhouse.py                           1           0  0.84s           2025-10-29T16:10:03
/opt/airflow/dags/data_ingestion.py                           1           0  0.80s           2025-10-29T16:10:03
================================================================================
[2025-10-29T16:11:01.920+0000] {manager.py:878} INFO - 
================================================================================
DAG File Processing Stats

File Path                            PID    Runtime      # DAGs    # Errors  Last Runtime    Last Run
-----------------------------------  -----  ---------  --------  ----------  --------------  -------------------
/opt/airflow/dags/etl_clickhouse.py                           1           0  0.83s           2025-10-29T16:10:34
/opt/airflow/dags/data_ingestion.py                           1           0  0.78s           2025-10-29T16:10:34
================================================================================
[2025-10-29T16:11:02.927+0000] {manager.py:737} INFO - Searching for files in /opt/airflow/dags
[2025-10-29T16:11:02.966+0000] {manager.py:740} INFO - There are 2 files in /opt/airflow/dags
[2025-10-29T16:11:32.318+0000] {manager.py:878} INFO - 
================================================================================
DAG File Processing Stats

File Path                            PID    Runtime      # DAGs    # Errors  Last Runtime    Last Run
-----------------------------------  -----  ---------  --------  ----------  --------------  -------------------
/opt/airflow/dags/etl_clickhouse.py                           1           0  1.03s           2025-10-29T16:11:06
/opt/airflow/dags/data_ingestion.py                           1           0  0.95s           2025-10-29T16:11:05
================================================================================
[2025-10-29T16:12:02.572+0000] {manager.py:878} INFO - 
================================================================================
DAG File Processing Stats

File Path                            PID    Runtime      # DAGs    # Errors  Last Runtime    Last Run
-----------------------------------  -----  ---------  --------  ----------  --------------  -------------------
/opt/airflow/dags/etl_clickhouse.py                           1           0  0.83s           2025-10-29T16:11:37
/opt/airflow/dags/data_ingestion.py                           1           0  0.79s           2025-10-29T16:11:37
================================================================================
[2025-10-29T16:12:32.802+0000] {manager.py:878} INFO - 
================================================================================
DAG File Processing Stats

File Path                            PID    Runtime      # DAGs    # Errors  Last Runtime    Last Run
-----------------------------------  -----  ---------  --------  ----------  --------------  -------------------
/opt/airflow/dags/etl_clickhouse.py                           1           0  0.83s           2025-10-29T16:12:08
/opt/airflow/dags/data_ingestion.py                           1           0  0.79s           2025-10-29T16:12:08
================================================================================
[2025-10-29T16:13:03.229+0000] {manager.py:878} INFO - 
================================================================================
DAG File Processing Stats

File Path                            PID    Runtime      # DAGs    # Errors  Last Runtime    Last Run
-----------------------------------  -----  ---------  --------  ----------  --------------  -------------------
/opt/airflow/dags/etl_clickhouse.py                           1           0  1.13s           2025-10-29T16:12:40
/opt/airflow/dags/data_ingestion.py                           1           0  1.08s           2025-10-29T16:12:39
================================================================================
[2025-10-29T16:13:33.439+0000] {manager.py:878} INFO - 
================================================================================
DAG File Processing Stats

File Path                            PID    Runtime      # DAGs    # Errors  Last Runtime    Last Run
-----------------------------------  -----  ---------  --------  ----------  --------------  -------------------
/opt/airflow/dags/etl_clickhouse.py                           1           0  0.98s           2025-10-29T16:13:11
/opt/airflow/dags/data_ingestion.py                           1           0  0.92s           2025-10-29T16:13:11
================================================================================
[2025-10-29T16:14:03.840+0000] {manager.py:878} INFO - 
================================================================================
DAG File Processing Stats

File Path                            PID    Runtime      # DAGs    # Errors  Last Runtime    Last Run
-----------------------------------  -----  ---------  --------  ----------  --------------  -------------------
/opt/airflow/dags/etl_clickhouse.py                           1           0  1.17s           2025-10-29T16:13:42
/opt/airflow/dags/data_ingestion.py                           1           0  1.11s           2025-10-29T16:13:42
================================================================================
[2025-10-29T16:14:33.931+0000] {manager.py:878} INFO - 
================================================================================
DAG File Processing Stats

File Path                            PID    Runtime      # DAGs    # Errors  Last Runtime    Last Run
-----------------------------------  -----  ---------  --------  ----------  --------------  -------------------
/opt/airflow/dags/etl_clickhouse.py                           1           0  0.79s           2025-10-29T16:14:13
/opt/airflow/dags/data_ingestion.py                           1           0  0.74s           2025-10-29T16:14:13
================================================================================
[2025-10-29T16:15:04.043+0000] {manager.py:878} INFO - 
================================================================================
DAG File Processing Stats

File Path                            PID    Runtime      # DAGs    # Errors  Last Runtime    Last Run
-----------------------------------  -----  ---------  --------  ----------  --------------  -------------------
/opt/airflow/dags/etl_clickhouse.py                           1           0  0.91s           2025-10-29T16:14:44
/opt/airflow/dags/data_ingestion.py                           1           0  0.85s           2025-10-29T16:14:44
================================================================================
[2025-10-29T16:15:34.210+0000] {manager.py:878} INFO - 
================================================================================
DAG File Processing Stats

File Path                            PID    Runtime      # DAGs    # Errors  Last Runtime    Last Run
-----------------------------------  -----  ---------  --------  ----------  --------------  -------------------
/opt/airflow/dags/etl_clickhouse.py                           1           0  0.87s           2025-10-29T16:15:16
/opt/airflow/dags/data_ingestion.py                           1           0  0.84s           2025-10-29T16:15:16
================================================================================
[2025-10-29T16:16:03.433+0000] {manager.py:737} INFO - Searching for files in /opt/airflow/dags
[2025-10-29T16:16:03.472+0000] {manager.py:740} INFO - There are 2 files in /opt/airflow/dags
[2025-10-29T16:16:04.498+0000] {manager.py:878} INFO - 
================================================================================
DAG File Processing Stats

File Path                            PID    Runtime      # DAGs    # Errors  Last Runtime    Last Run
-----------------------------------  -----  ---------  --------  ----------  --------------  -------------------
/opt/airflow/dags/etl_clickhouse.py                           1           0  0.88s           2025-10-29T16:15:47
/opt/airflow/dags/data_ingestion.py                           1           0  0.82s           2025-10-29T16:15:47
================================================================================
[2025-10-29T16:16:34.785+0000] {manager.py:878} INFO - 
================================================================================
DAG File Processing Stats

File Path                            PID    Runtime      # DAGs    # Errors  Last Runtime    Last Run
-----------------------------------  -----  ---------  --------  ----------  --------------  -------------------
/opt/airflow/dags/etl_clickhouse.py                           1           0  1.01s           2025-10-29T16:16:18
/opt/airflow/dags/data_ingestion.py                           1           0  0.96s           2025-10-29T16:16:18
================================================================================
[2025-10-29T16:17:05.072+0000] {manager.py:878} INFO - 
================================================================================
DAG File Processing Stats

File Path                            PID    Runtime      # DAGs    # Errors  Last Runtime    Last Run
-----------------------------------  -----  ---------  --------  ----------  --------------  -------------------
/opt/airflow/dags/etl_clickhouse.py                           1           0  0.93s           2025-10-29T16:16:49
/opt/airflow/dags/data_ingestion.py                           1           0  0.88s           2025-10-29T16:16:49
================================================================================
[2025-10-29T16:17:35.404+0000] {manager.py:878} INFO - 
================================================================================
DAG File Processing Stats

File Path                            PID    Runtime      # DAGs    # Errors  Last Runtime    Last Run
-----------------------------------  -----  ---------  --------  ----------  --------------  -------------------
/opt/airflow/dags/etl_clickhouse.py                           1           0  1.05s           2025-10-29T16:17:21
/opt/airflow/dags/data_ingestion.py                           1           0  1.00s           2025-10-29T16:17:21
================================================================================
[2025-10-29T16:18:05.516+0000] {manager.py:878} INFO - 
================================================================================
DAG File Processing Stats

File Path                            PID    Runtime      # DAGs    # Errors  Last Runtime    Last Run
-----------------------------------  -----  ---------  --------  ----------  --------------  -------------------
/opt/airflow/dags/etl_clickhouse.py                           1           0  0.88s           2025-10-29T16:17:52
/opt/airflow/dags/data_ingestion.py                           1           0  0.81s           2025-10-29T16:17:52
================================================================================
[2025-10-29T16:18:35.701+0000] {manager.py:878} INFO - 
================================================================================
DAG File Processing Stats

File Path                            PID    Runtime      # DAGs    # Errors  Last Runtime    Last Run
-----------------------------------  -----  ---------  --------  ----------  --------------  -------------------
/opt/airflow/dags/etl_clickhouse.py                           1           0  0.86s           2025-10-29T16:18:23
/opt/airflow/dags/data_ingestion.py                           1           0  0.81s           2025-10-29T16:18:23
================================================================================
[2025-10-29T16:19:05.803+0000] {manager.py:878} INFO - 
================================================================================
DAG File Processing Stats

File Path                            PID    Runtime      # DAGs    # Errors  Last Runtime    Last Run
-----------------------------------  -----  ---------  --------  ----------  --------------  -------------------
/opt/airflow/dags/etl_clickhouse.py                           1           0  0.85s           2025-10-29T16:18:54
/opt/airflow/dags/data_ingestion.py                           1           0  0.79s           2025-10-29T16:18:54
================================================================================
[2025-10-29T16:19:36.064+0000] {manager.py:878} INFO - 
================================================================================
DAG File Processing Stats

File Path                            PID    Runtime      # DAGs    # Errors  Last Runtime    Last Run
-----------------------------------  -----  ---------  --------  ----------  --------------  -------------------
/opt/airflow/dags/etl_clickhouse.py                           1           0  1.03s           2025-10-29T16:19:26
/opt/airflow/dags/data_ingestion.py                           1           0  0.97s           2025-10-29T16:19:25
================================================================================
[2025-10-29T16:20:06.228+0000] {manager.py:878} INFO - 
================================================================================
DAG File Processing Stats

File Path                            PID    Runtime      # DAGs    # Errors  Last Runtime    Last Run
-----------------------------------  -----  ---------  --------  ----------  --------------  -------------------
/opt/airflow/dags/etl_clickhouse.py                           1           0  0.86s           2025-10-29T16:19:57
/opt/airflow/dags/data_ingestion.py                           1           0  0.80s           2025-10-29T16:19:57
================================================================================
[2025-10-29T16:20:36.487+0000] {manager.py:878} INFO - 
================================================================================
DAG File Processing Stats

File Path                            PID    Runtime      # DAGs    # Errors  Last Runtime    Last Run
-----------------------------------  -----  ---------  --------  ----------  --------------  -------------------
/opt/airflow/dags/etl_clickhouse.py                           1           0  0.87s           2025-10-29T16:20:28
/opt/airflow/dags/data_ingestion.py                           1           0  0.82s           2025-10-29T16:20:28
================================================================================
[2025-10-29T16:21:03.646+0000] {manager.py:737} INFO - Searching for files in /opt/airflow/dags
[2025-10-29T16:21:03.680+0000] {manager.py:740} INFO - There are 2 files in /opt/airflow/dags
[2025-10-29T16:21:06.744+0000] {manager.py:878} INFO - 
================================================================================
DAG File Processing Stats

File Path                            PID    Runtime      # DAGs    # Errors  Last Runtime    Last Run
-----------------------------------  -----  ---------  --------  ----------  --------------  -------------------
/opt/airflow/dags/etl_clickhouse.py                           1           0  0.81s           2025-10-29T16:20:59
/opt/airflow/dags/data_ingestion.py                           1           0  0.76s           2025-10-29T16:20:59
================================================================================
[2025-10-29T16:21:36.910+0000] {manager.py:878} INFO - 
================================================================================
DAG File Processing Stats

File Path                            PID    Runtime      # DAGs    # Errors  Last Runtime    Last Run
-----------------------------------  -----  ---------  --------  ----------  --------------  -------------------
/opt/airflow/dags/etl_clickhouse.py                           1           0  0.81s           2025-10-29T16:21:30
/opt/airflow/dags/data_ingestion.py                           1           0  0.76s           2025-10-29T16:21:30
================================================================================
[2025-10-29T16:22:07.084+0000] {manager.py:878} INFO - 
================================================================================
DAG File Processing Stats

File Path                            PID    Runtime      # DAGs    # Errors  Last Runtime    Last Run
-----------------------------------  -----  ---------  --------  ----------  --------------  -------------------
/opt/airflow/dags/etl_clickhouse.py                           1           0  0.85s           2025-10-29T16:22:02
/opt/airflow/dags/data_ingestion.py                           1           0  0.78s           2025-10-29T16:22:02
================================================================================
[2025-10-29T16:22:37.299+0000] {manager.py:878} INFO - 
================================================================================
DAG File Processing Stats

File Path                            PID    Runtime      # DAGs    # Errors  Last Runtime    Last Run
-----------------------------------  -----  ---------  --------  ----------  --------------  -------------------
/opt/airflow/dags/etl_clickhouse.py                           1           0  0.82s           2025-10-29T16:22:33
/opt/airflow/dags/data_ingestion.py                           1           0  0.76s           2025-10-29T16:22:33
================================================================================
[2025-10-29T16:23:07.446+0000] {manager.py:878} INFO - 
================================================================================
DAG File Processing Stats

File Path                            PID    Runtime      # DAGs    # Errors  Last Runtime    Last Run
-----------------------------------  -----  ---------  --------  ----------  --------------  -------------------
/opt/airflow/dags/etl_clickhouse.py                           1           0  0.81s           2025-10-29T16:23:04
/opt/airflow/dags/data_ingestion.py                           1           0  0.76s           2025-10-29T16:23:04
================================================================================
[2025-10-29T16:23:37.619+0000] {manager.py:878} INFO - 
================================================================================
DAG File Processing Stats

File Path                            PID    Runtime      # DAGs    # Errors  Last Runtime    Last Run
-----------------------------------  -----  ---------  --------  ----------  --------------  -------------------
/opt/airflow/dags/etl_clickhouse.py                           1           0  0.83s           2025-10-29T16:23:35
/opt/airflow/dags/data_ingestion.py                           1           0  0.78s           2025-10-29T16:23:35
================================================================================
[2025-10-29T16:24:07.910+0000] {manager.py:878} INFO - 
================================================================================
DAG File Processing Stats

File Path                            PID    Runtime      # DAGs    # Errors  Last Runtime    Last Run
-----------------------------------  -----  ---------  --------  ----------  --------------  -------------------
/opt/airflow/dags/etl_clickhouse.py                           1           0  0.98s           2025-10-29T16:24:06
/opt/airflow/dags/data_ingestion.py                           1           0  0.94s           2025-10-29T16:24:06
================================================================================
[2025-10-29T16:24:38.230+0000] {manager.py:878} INFO - 
================================================================================
DAG File Processing Stats

File Path                              PID  Runtime      # DAGs    # Errors  Last Runtime    Last Run
-----------------------------------  -----  ---------  --------  ----------  --------------  -------------------
/opt/airflow/dags/etl_clickhouse.py   1772  0.95s             1           0  0.98s           2025-10-29T16:24:06
/opt/airflow/dags/data_ingestion.py                           1           0  0.92s           2025-10-29T16:24:38
================================================================================
[2025-10-29T16:25:08.631+0000] {manager.py:878} INFO - 
================================================================================
DAG File Processing Stats

File Path                              PID  Runtime      # DAGs    # Errors  Last Runtime    Last Run
-----------------------------------  -----  ---------  --------  ----------  --------------  -------------------
/opt/airflow/dags/etl_clickhouse.py   1784  0.02s             1           0  0.97s           2025-10-29T16:24:38
/opt/airflow/dags/data_ingestion.py   1787  0.01s             1           0  0.92s           2025-10-29T16:24:38
================================================================================
[2025-10-29T16:25:38.952+0000] {manager.py:878} INFO - 
================================================================================
DAG File Processing Stats

File Path                            PID    Runtime      # DAGs    # Errors  Last Runtime    Last Run
-----------------------------------  -----  ---------  --------  ----------  --------------  -------------------
/opt/airflow/dags/etl_clickhouse.py                           1           0  0.97s           2025-10-29T16:25:09
/opt/airflow/dags/data_ingestion.py                           1           0  0.96s           2025-10-29T16:25:09
================================================================================
[2025-10-29T16:26:04.030+0000] {manager.py:737} INFO - Searching for files in /opt/airflow/dags
[2025-10-29T16:26:04.070+0000] {manager.py:740} INFO - There are 2 files in /opt/airflow/dags
[2025-10-29T16:26:09.127+0000] {manager.py:878} INFO - 
================================================================================
DAG File Processing Stats

File Path                            PID    Runtime      # DAGs    # Errors  Last Runtime    Last Run
-----------------------------------  -----  ---------  --------  ----------  --------------  -------------------
/opt/airflow/dags/etl_clickhouse.py                           1           0  0.86s           2025-10-29T16:25:40
/opt/airflow/dags/data_ingestion.py                           1           0  0.80s           2025-10-29T16:25:40
================================================================================
[2025-10-29T16:26:39.459+0000] {manager.py:878} INFO - 
================================================================================
DAG File Processing Stats

File Path                            PID    Runtime      # DAGs    # Errors  Last Runtime    Last Run
-----------------------------------  -----  ---------  --------  ----------  --------------  -------------------
/opt/airflow/dags/etl_clickhouse.py                           1           0  1.06s           2025-10-29T16:26:12
/opt/airflow/dags/data_ingestion.py                           1           0  0.96s           2025-10-29T16:26:12
================================================================================
[2025-10-29T16:27:09.694+0000] {manager.py:878} INFO - 
================================================================================
DAG File Processing Stats

File Path                            PID    Runtime      # DAGs    # Errors  Last Runtime    Last Run
-----------------------------------  -----  ---------  --------  ----------  --------------  -------------------
/opt/airflow/dags/etl_clickhouse.py                           1           0  0.86s           2025-10-29T16:26:43
/opt/airflow/dags/data_ingestion.py                           1           0  0.81s           2025-10-29T16:26:43
================================================================================
[2025-10-29T16:27:39.952+0000] {manager.py:878} INFO - 
================================================================================
DAG File Processing Stats

File Path                            PID    Runtime      # DAGs    # Errors  Last Runtime    Last Run
-----------------------------------  -----  ---------  --------  ----------  --------------  -------------------
/opt/airflow/dags/etl_clickhouse.py                           1           0  0.86s           2025-10-29T16:27:14
/opt/airflow/dags/data_ingestion.py                           1           0  0.81s           2025-10-29T16:27:14
================================================================================
[2025-10-29T16:28:10.160+0000] {manager.py:878} INFO - 
================================================================================
DAG File Processing Stats

File Path                            PID    Runtime      # DAGs    # Errors  Last Runtime    Last Run
-----------------------------------  -----  ---------  --------  ----------  --------------  -------------------
/opt/airflow/dags/etl_clickhouse.py                           1           0  0.83s           2025-10-29T16:27:45
/opt/airflow/dags/data_ingestion.py                           1           0  0.77s           2025-10-29T16:27:45
================================================================================
[2025-10-29T16:28:40.569+0000] {manager.py:878} INFO - 
================================================================================
DAG File Processing Stats

File Path                            PID    Runtime      # DAGs    # Errors  Last Runtime    Last Run
-----------------------------------  -----  ---------  --------  ----------  --------------  -------------------
/opt/airflow/dags/etl_clickhouse.py                           1           0  1.02s           2025-10-29T16:28:17
/opt/airflow/dags/data_ingestion.py                           1           0  0.99s           2025-10-29T16:28:17
================================================================================
[2025-10-29T16:29:11.059+0000] {manager.py:878} INFO - 
================================================================================
DAG File Processing Stats

File Path                            PID    Runtime      # DAGs    # Errors  Last Runtime    Last Run
-----------------------------------  -----  ---------  --------  ----------  --------------  -------------------
/opt/airflow/dags/etl_clickhouse.py                           1           0  1.10s           2025-10-29T16:28:48
/opt/airflow/dags/data_ingestion.py                           1           0  1.05s           2025-10-29T16:28:48
================================================================================
[2025-10-29T16:29:41.436+0000] {manager.py:878} INFO - 
================================================================================
DAG File Processing Stats

File Path                            PID    Runtime      # DAGs    # Errors  Last Runtime    Last Run
-----------------------------------  -----  ---------  --------  ----------  --------------  -------------------
/opt/airflow/dags/etl_clickhouse.py                           1           0  0.97s           2025-10-29T16:29:20
/opt/airflow/dags/data_ingestion.py                           1           0  0.92s           2025-10-29T16:29:20
================================================================================
[2025-10-29T16:30:11.692+0000] {manager.py:878} INFO - 
================================================================================
DAG File Processing Stats

File Path                            PID    Runtime      # DAGs    # Errors  Last Runtime    Last Run
-----------------------------------  -----  ---------  --------  ----------  --------------  -------------------
/opt/airflow/dags/etl_clickhouse.py                           1           0  0.91s           2025-10-29T16:29:51
/opt/airflow/dags/data_ingestion.py                           1           0  0.85s           2025-10-29T16:29:51
================================================================================
[2025-10-29T16:30:41.873+0000] {manager.py:878} INFO - 
================================================================================
DAG File Processing Stats

File Path                            PID    Runtime      # DAGs    # Errors  Last Runtime    Last Run
-----------------------------------  -----  ---------  --------  ----------  --------------  -------------------
/opt/airflow/dags/etl_clickhouse.py                           1           0  0.87s           2025-10-29T16:30:22
/opt/airflow/dags/data_ingestion.py                           1           0  0.81s           2025-10-29T16:30:22
================================================================================
[2025-10-29T16:31:04.971+0000] {manager.py:737} INFO - Searching for files in /opt/airflow/dags
[2025-10-29T16:31:05.026+0000] {manager.py:740} INFO - There are 2 files in /opt/airflow/dags
[2025-10-29T16:31:12.155+0000] {manager.py:878} INFO - 
================================================================================
DAG File Processing Stats

File Path                            PID    Runtime      # DAGs    # Errors  Last Runtime    Last Run
-----------------------------------  -----  ---------  --------  ----------  --------------  -------------------
/opt/airflow/dags/etl_clickhouse.py                           1           0  0.95s           2025-10-29T16:30:53
/opt/airflow/dags/data_ingestion.py                           1           0  0.90s           2025-10-29T16:30:53
================================================================================
[2025-10-29T16:31:42.371+0000] {manager.py:878} INFO - 
================================================================================
DAG File Processing Stats

File Path                            PID    Runtime      # DAGs    # Errors  Last Runtime    Last Run
-----------------------------------  -----  ---------  --------  ----------  --------------  -------------------
/opt/airflow/dags/etl_clickhouse.py                           1           0  0.84s           2025-10-29T16:31:25
/opt/airflow/dags/data_ingestion.py                           1           0  0.79s           2025-10-29T16:31:25
================================================================================
[2025-10-29T16:32:12.868+0000] {manager.py:878} INFO - 
================================================================================
DAG File Processing Stats

File Path                            PID    Runtime      # DAGs    # Errors  Last Runtime    Last Run
-----------------------------------  -----  ---------  --------  ----------  --------------  -------------------
/opt/airflow/dags/etl_clickhouse.py                           1           0  1.12s           2025-10-29T16:31:56
/opt/airflow/dags/data_ingestion.py                           1           0  1.07s           2025-10-29T16:31:56
================================================================================
[2025-10-29T16:32:43.119+0000] {manager.py:878} INFO - 
================================================================================
DAG File Processing Stats

File Path                            PID    Runtime      # DAGs    # Errors  Last Runtime    Last Run
-----------------------------------  -----  ---------  --------  ----------  --------------  -------------------
/opt/airflow/dags/etl_clickhouse.py                           1           0  0.93s           2025-10-29T16:32:27
/opt/airflow/dags/data_ingestion.py                           1           0  0.87s           2025-10-29T16:32:27
================================================================================
[2025-10-29T16:33:13.415+0000] {manager.py:878} INFO - 
================================================================================
DAG File Processing Stats

File Path                            PID    Runtime      # DAGs    # Errors  Last Runtime    Last Run
-----------------------------------  -----  ---------  --------  ----------  --------------  -------------------
/opt/airflow/dags/etl_clickhouse.py                           1           0  0.98s           2025-10-29T16:32:59
/opt/airflow/dags/data_ingestion.py                           1           0  0.94s           2025-10-29T16:32:59
================================================================================
[2025-10-29T16:33:43.573+0000] {manager.py:878} INFO - 
================================================================================
DAG File Processing Stats

File Path                            PID    Runtime      # DAGs    # Errors  Last Runtime    Last Run
-----------------------------------  -----  ---------  --------  ----------  --------------  -------------------
/opt/airflow/dags/etl_clickhouse.py                           1           0  0.83s           2025-10-29T16:33:30
/opt/airflow/dags/data_ingestion.py                           1           0  0.78s           2025-10-29T16:33:30
================================================================================
[2025-10-29T16:34:13.748+0000] {manager.py:878} INFO - 
================================================================================
DAG File Processing Stats

File Path                            PID    Runtime      # DAGs    # Errors  Last Runtime    Last Run
-----------------------------------  -----  ---------  --------  ----------  --------------  -------------------
/opt/airflow/dags/etl_clickhouse.py                           1           0  0.86s           2025-10-29T16:34:01
/opt/airflow/dags/data_ingestion.py                           1           0  0.80s           2025-10-29T16:34:01
================================================================================
[2025-10-29T16:34:43.899+0000] {manager.py:878} INFO - 
================================================================================
DAG File Processing Stats

File Path                            PID    Runtime      # DAGs    # Errors  Last Runtime    Last Run
-----------------------------------  -----  ---------  --------  ----------  --------------  -------------------
/opt/airflow/dags/etl_clickhouse.py                           1           0  0.82s           2025-10-29T16:34:32
/opt/airflow/dags/data_ingestion.py                           1           0  0.78s           2025-10-29T16:34:32
================================================================================
[2025-10-29T16:35:14.078+0000] {manager.py:878} INFO - 
================================================================================
DAG File Processing Stats

File Path                            PID    Runtime      # DAGs    # Errors  Last Runtime    Last Run
-----------------------------------  -----  ---------  --------  ----------  --------------  -------------------
/opt/airflow/dags/etl_clickhouse.py                           1           0  0.91s           2025-10-29T16:35:04
/opt/airflow/dags/data_ingestion.py                           1           0  0.84s           2025-10-29T16:35:03
================================================================================
[2025-10-29T16:35:44.238+0000] {manager.py:878} INFO - 
================================================================================
DAG File Processing Stats

File Path                            PID    Runtime      # DAGs    # Errors  Last Runtime    Last Run
-----------------------------------  -----  ---------  --------  ----------  --------------  -------------------
/opt/airflow/dags/etl_clickhouse.py                           1           0  0.83s           2025-10-29T16:35:35
/opt/airflow/dags/data_ingestion.py                           1           0  0.79s           2025-10-29T16:35:35
================================================================================
[2025-10-29T16:36:05.510+0000] {manager.py:737} INFO - Searching for files in /opt/airflow/dags
[2025-10-29T16:36:05.553+0000] {manager.py:740} INFO - There are 2 files in /opt/airflow/dags
[2025-10-29T16:36:14.463+0000] {manager.py:878} INFO - 
================================================================================
DAG File Processing Stats

File Path                            PID    Runtime      # DAGs    # Errors  Last Runtime    Last Run
-----------------------------------  -----  ---------  --------  ----------  --------------  -------------------
/opt/airflow/dags/etl_clickhouse.py                           1           0  0.82s           2025-10-29T16:36:06
/opt/airflow/dags/data_ingestion.py                           1           0  0.76s           2025-10-29T16:36:06
================================================================================
[2025-10-29T16:36:44.709+0000] {manager.py:878} INFO - 
================================================================================
DAG File Processing Stats

File Path                            PID    Runtime      # DAGs    # Errors  Last Runtime    Last Run
-----------------------------------  -----  ---------  --------  ----------  --------------  -------------------
/opt/airflow/dags/etl_clickhouse.py                           1           0  0.88s           2025-10-29T16:36:37
/opt/airflow/dags/data_ingestion.py                           1           0  0.83s           2025-10-29T16:36:37
================================================================================
[2025-10-29T16:37:14.987+0000] {manager.py:878} INFO - 
================================================================================
DAG File Processing Stats

File Path                            PID    Runtime      # DAGs    # Errors  Last Runtime    Last Run
-----------------------------------  -----  ---------  --------  ----------  --------------  -------------------
/opt/airflow/dags/etl_clickhouse.py                           1           0  0.86s           2025-10-29T16:37:08
/opt/airflow/dags/data_ingestion.py                           1           0  0.81s           2025-10-29T16:37:08
================================================================================
[2025-10-29T16:37:45.170+0000] {manager.py:878} INFO - 
================================================================================
DAG File Processing Stats

File Path                            PID    Runtime      # DAGs    # Errors  Last Runtime    Last Run
-----------------------------------  -----  ---------  --------  ----------  --------------  -------------------
/opt/airflow/dags/etl_clickhouse.py                           1           0  0.86s           2025-10-29T16:37:40
/opt/airflow/dags/data_ingestion.py                           1           0  0.82s           2025-10-29T16:37:40
================================================================================
[2025-10-29T16:38:15.404+0000] {manager.py:878} INFO - 
================================================================================
DAG File Processing Stats

File Path                            PID    Runtime      # DAGs    # Errors  Last Runtime    Last Run
-----------------------------------  -----  ---------  --------  ----------  --------------  -------------------
/opt/airflow/dags/etl_clickhouse.py                           1           0  0.86s           2025-10-29T16:38:11
/opt/airflow/dags/data_ingestion.py                           1           0  0.80s           2025-10-29T16:38:11
================================================================================
[2025-10-29T16:38:45.736+0000] {manager.py:878} INFO - 
================================================================================
DAG File Processing Stats

File Path                            PID    Runtime      # DAGs    # Errors  Last Runtime    Last Run
-----------------------------------  -----  ---------  --------  ----------  --------------  -------------------
/opt/airflow/dags/etl_clickhouse.py                           1           0  0.89s           2025-10-29T16:38:42
/opt/airflow/dags/data_ingestion.py                           1           0  0.85s           2025-10-29T16:38:42
================================================================================
[2025-10-29T16:39:15.903+0000] {manager.py:878} INFO - 
================================================================================
DAG File Processing Stats

File Path                            PID    Runtime      # DAGs    # Errors  Last Runtime    Last Run
-----------------------------------  -----  ---------  --------  ----------  --------------  -------------------
/opt/airflow/dags/etl_clickhouse.py                           1           0  0.85s           2025-10-29T16:39:13
/opt/airflow/dags/data_ingestion.py                           1           0  0.81s           2025-10-29T16:39:13
================================================================================
[2025-10-29T16:39:46.023+0000] {manager.py:878} INFO - 
================================================================================
DAG File Processing Stats

File Path                            PID    Runtime      # DAGs    # Errors  Last Runtime    Last Run
-----------------------------------  -----  ---------  --------  ----------  --------------  -------------------
/opt/airflow/dags/etl_clickhouse.py                           1           0  0.81s           2025-10-29T16:39:45
/opt/airflow/dags/data_ingestion.py                           1           0  0.75s           2025-10-29T16:39:45
================================================================================
[2025-10-29T16:40:16.190+0000] {manager.py:878} INFO - 
================================================================================
DAG File Processing Stats

File Path                              PID  Runtime      # DAGs    # Errors  Last Runtime    Last Run
-----------------------------------  -----  ---------  --------  ----------  --------------  -------------------
/opt/airflow/dags/etl_clickhouse.py   2132  0.76s             1           0  0.81s           2025-10-29T16:39:45
/opt/airflow/dags/data_ingestion.py                           1           0  0.73s           2025-10-29T16:40:16
================================================================================
[2025-10-29T16:40:46.629+0000] {manager.py:878} INFO - 
================================================================================
DAG File Processing Stats

File Path                              PID  Runtime      # DAGs    # Errors  Last Runtime    Last Run
-----------------------------------  -----  ---------  --------  ----------  --------------  -------------------
/opt/airflow/dags/etl_clickhouse.py   2144  0.02s             1           0  0.79s           2025-10-29T16:40:16
/opt/airflow/dags/data_ingestion.py   2147  0.01s             1           0  0.73s           2025-10-29T16:40:16
================================================================================
[2025-10-29T16:41:05.740+0000] {manager.py:737} INFO - Searching for files in /opt/airflow/dags
[2025-10-29T16:41:05.784+0000] {manager.py:740} INFO - There are 2 files in /opt/airflow/dags
[2025-10-29T16:41:16.922+0000] {manager.py:878} INFO - 
================================================================================
DAG File Processing Stats

File Path                            PID    Runtime      # DAGs    # Errors  Last Runtime    Last Run
-----------------------------------  -----  ---------  --------  ----------  --------------  -------------------
/opt/airflow/dags/etl_clickhouse.py                           1           0  0.94s           2025-10-29T16:40:47
/opt/airflow/dags/data_ingestion.py                           1           0  0.88s           2025-10-29T16:40:47
================================================================================
[2025-10-29T16:41:47.107+0000] {manager.py:878} INFO - 
================================================================================
DAG File Processing Stats

File Path                            PID    Runtime      # DAGs    # Errors  Last Runtime    Last Run
-----------------------------------  -----  ---------  --------  ----------  --------------  -------------------
/opt/airflow/dags/etl_clickhouse.py                           1           0  0.82s           2025-10-29T16:41:18
/opt/airflow/dags/data_ingestion.py                           1           0  0.76s           2025-10-29T16:41:18
================================================================================
[2025-10-29T16:42:17.331+0000] {manager.py:878} INFO - 
================================================================================
DAG File Processing Stats

File Path                            PID    Runtime      # DAGs    # Errors  Last Runtime    Last Run
-----------------------------------  -----  ---------  --------  ----------  --------------  -------------------
/opt/airflow/dags/etl_clickhouse.py                           1           0  0.87s           2025-10-29T16:41:50
/opt/airflow/dags/data_ingestion.py                           1           0  0.81s           2025-10-29T16:41:49
================================================================================
[2025-10-29T16:42:47.507+0000] {manager.py:878} INFO - 
================================================================================
DAG File Processing Stats

File Path                            PID    Runtime      # DAGs    # Errors  Last Runtime    Last Run
-----------------------------------  -----  ---------  --------  ----------  --------------  -------------------
/opt/airflow/dags/etl_clickhouse.py                           1           0  0.82s           2025-10-29T16:42:21
/opt/airflow/dags/data_ingestion.py                           1           0  0.76s           2025-10-29T16:42:21
================================================================================
[2025-10-29T16:43:17.683+0000] {manager.py:878} INFO - 
================================================================================
DAG File Processing Stats

File Path                            PID    Runtime      # DAGs    # Errors  Last Runtime    Last Run
-----------------------------------  -----  ---------  --------  ----------  --------------  -------------------
/opt/airflow/dags/etl_clickhouse.py                           1           0  0.76s           2025-10-29T16:42:52
/opt/airflow/dags/data_ingestion.py                           1           0  0.72s           2025-10-29T16:42:52
================================================================================
[2025-10-29T16:43:47.910+0000] {manager.py:878} INFO - 
================================================================================
DAG File Processing Stats

File Path                            PID    Runtime      # DAGs    # Errors  Last Runtime    Last Run
-----------------------------------  -----  ---------  --------  ----------  --------------  -------------------
/opt/airflow/dags/etl_clickhouse.py                           1           0  0.85s           2025-10-29T16:43:23
/opt/airflow/dags/data_ingestion.py                           1           0  0.81s           2025-10-29T16:43:23
================================================================================
[2025-10-29T16:44:18.034+0000] {manager.py:878} INFO - 
================================================================================
DAG File Processing Stats

File Path                            PID    Runtime      # DAGs    # Errors  Last Runtime    Last Run
-----------------------------------  -----  ---------  --------  ----------  --------------  -------------------
/opt/airflow/dags/etl_clickhouse.py                           1           0  0.78s           2025-10-29T16:43:54
/opt/airflow/dags/data_ingestion.py                           1           0  0.73s           2025-10-29T16:43:54
================================================================================
[2025-10-29T16:44:48.241+0000] {manager.py:878} INFO - 
================================================================================
DAG File Processing Stats

File Path                            PID    Runtime      # DAGs    # Errors  Last Runtime    Last Run
-----------------------------------  -----  ---------  --------  ----------  --------------  -------------------
/opt/airflow/dags/etl_clickhouse.py                           1           0  0.84s           2025-10-29T16:44:25
/opt/airflow/dags/data_ingestion.py                           1           0  0.78s           2025-10-29T16:44:25
================================================================================
[2025-10-29T16:45:18.514+0000] {manager.py:878} INFO - 
================================================================================
DAG File Processing Stats

File Path                            PID    Runtime      # DAGs    # Errors  Last Runtime    Last Run
-----------------------------------  -----  ---------  --------  ----------  --------------  -------------------
/opt/airflow/dags/etl_clickhouse.py                           1           0  0.91s           2025-10-29T16:44:57
/opt/airflow/dags/data_ingestion.py                           1           0  0.86s           2025-10-29T16:44:57
================================================================================
[2025-10-29T16:45:48.765+0000] {manager.py:878} INFO - 
================================================================================
DAG File Processing Stats

File Path                            PID    Runtime      # DAGs    # Errors  Last Runtime    Last Run
-----------------------------------  -----  ---------  --------  ----------  --------------  -------------------
/opt/airflow/dags/etl_clickhouse.py                           1           0  0.87s           2025-10-29T16:45:28
/opt/airflow/dags/data_ingestion.py                           1           0  0.81s           2025-10-29T16:45:28
================================================================================
[2025-10-29T16:46:05.771+0000] {manager.py:737} INFO - Searching for files in /opt/airflow/dags
[2025-10-29T16:46:05.865+0000] {manager.py:740} INFO - There are 2 files in /opt/airflow/dags
[2025-10-29T16:46:18.998+0000] {manager.py:878} INFO - 
================================================================================
DAG File Processing Stats

File Path                            PID    Runtime      # DAGs    # Errors  Last Runtime    Last Run
-----------------------------------  -----  ---------  --------  ----------  --------------  -------------------
/opt/airflow/dags/etl_clickhouse.py                           1           0  0.85s           2025-10-29T16:45:59
/opt/airflow/dags/data_ingestion.py                           1           0  0.80s           2025-10-29T16:45:59
================================================================================
[2025-10-29T16:46:49.232+0000] {manager.py:878} INFO - 
================================================================================
DAG File Processing Stats

File Path                            PID    Runtime      # DAGs    # Errors  Last Runtime    Last Run
-----------------------------------  -----  ---------  --------  ----------  --------------  -------------------
/opt/airflow/dags/etl_clickhouse.py                           1           0  0.84s           2025-10-29T16:46:30
/opt/airflow/dags/data_ingestion.py                           1           0  0.79s           2025-10-29T16:46:30
================================================================================
[2025-10-29T16:47:19.555+0000] {manager.py:878} INFO - 
================================================================================
DAG File Processing Stats

File Path                            PID    Runtime      # DAGs    # Errors  Last Runtime    Last Run
-----------------------------------  -----  ---------  --------  ----------  --------------  -------------------
/opt/airflow/dags/etl_clickhouse.py                           1           0  0.98s           2025-10-29T16:47:02
/opt/airflow/dags/data_ingestion.py                           1           0  0.95s           2025-10-29T16:47:02
================================================================================
[2025-10-29T16:47:49.756+0000] {manager.py:878} INFO - 
================================================================================
DAG File Processing Stats

File Path                            PID    Runtime      # DAGs    # Errors  Last Runtime    Last Run
-----------------------------------  -----  ---------  --------  ----------  --------------  -------------------
/opt/airflow/dags/etl_clickhouse.py                           1           0  0.80s           2025-10-29T16:47:33
/opt/airflow/dags/data_ingestion.py                           1           0  0.76s           2025-10-29T16:47:33
================================================================================
[2025-10-29T16:48:19.909+0000] {manager.py:878} INFO - 
================================================================================
DAG File Processing Stats

File Path                            PID    Runtime      # DAGs    # Errors  Last Runtime    Last Run
-----------------------------------  -----  ---------  --------  ----------  --------------  -------------------
/opt/airflow/dags/etl_clickhouse.py                           1           0  0.79s           2025-10-29T16:48:04
/opt/airflow/dags/data_ingestion.py                           1           0  0.75s           2025-10-29T16:48:04
================================================================================
[2025-10-29T16:48:50.343+0000] {manager.py:878} INFO - 
================================================================================
DAG File Processing Stats

File Path                            PID    Runtime      # DAGs    # Errors  Last Runtime    Last Run
-----------------------------------  -----  ---------  --------  ----------  --------------  -------------------
/opt/airflow/dags/etl_clickhouse.py                           1           0  1.06s           2025-10-29T16:48:36
/opt/airflow/dags/data_ingestion.py                           1           0  1.03s           2025-10-29T16:48:36
================================================================================
[2025-10-29T16:49:20.598+0000] {manager.py:878} INFO - 
================================================================================
DAG File Processing Stats

File Path                            PID    Runtime      # DAGs    # Errors  Last Runtime    Last Run
-----------------------------------  -----  ---------  --------  ----------  --------------  -------------------
/opt/airflow/dags/etl_clickhouse.py                           1           0  0.85s           2025-10-29T16:49:07
/opt/airflow/dags/data_ingestion.py                           1           0  0.80s           2025-10-29T16:49:07
================================================================================
[2025-10-29T16:49:50.865+0000] {manager.py:878} INFO - 
================================================================================
DAG File Processing Stats

File Path                            PID    Runtime      # DAGs    # Errors  Last Runtime    Last Run
-----------------------------------  -----  ---------  --------  ----------  --------------  -------------------
/opt/airflow/dags/etl_clickhouse.py                           1           0  0.92s           2025-10-29T16:49:38
/opt/airflow/dags/data_ingestion.py                           1           0  0.86s           2025-10-29T16:49:38
================================================================================
[2025-10-29T16:50:21.211+0000] {manager.py:878} INFO - 
================================================================================
DAG File Processing Stats

File Path                            PID    Runtime      # DAGs    # Errors  Last Runtime    Last Run
-----------------------------------  -----  ---------  --------  ----------  --------------  -------------------
/opt/airflow/dags/etl_clickhouse.py                           1           0  0.95s           2025-10-29T16:50:10
/opt/airflow/dags/data_ingestion.py                           1           0  0.90s           2025-10-29T16:50:10
================================================================================
[2025-10-29T16:50:51.434+0000] {manager.py:878} INFO - 
================================================================================
DAG File Processing Stats

File Path                            PID    Runtime      # DAGs    # Errors  Last Runtime    Last Run
-----------------------------------  -----  ---------  --------  ----------  --------------  -------------------
/opt/airflow/dags/etl_clickhouse.py                           1           0  0.78s           2025-10-29T16:50:41
/opt/airflow/dags/data_ingestion.py                           1           0  0.73s           2025-10-29T16:50:41
================================================================================
[2025-10-29T16:51:06.590+0000] {manager.py:737} INFO - Searching for files in /opt/airflow/dags
[2025-10-29T16:51:06.625+0000] {manager.py:740} INFO - There are 2 files in /opt/airflow/dags
[2025-10-29T16:51:21.628+0000] {manager.py:878} INFO - 
================================================================================
DAG File Processing Stats

File Path                            PID    Runtime      # DAGs    # Errors  Last Runtime    Last Run
-----------------------------------  -----  ---------  --------  ----------  --------------  -------------------
/opt/airflow/dags/etl_clickhouse.py                           1           0  0.89s           2025-10-29T16:51:12
/opt/airflow/dags/data_ingestion.py                           1           0  0.82s           2025-10-29T16:51:12
================================================================================
[2025-10-29T16:51:51.868+0000] {manager.py:878} INFO - 
================================================================================
DAG File Processing Stats

File Path                            PID    Runtime      # DAGs    # Errors  Last Runtime    Last Run
-----------------------------------  -----  ---------  --------  ----------  --------------  -------------------
/opt/airflow/dags/etl_clickhouse.py                           1           0  0.94s           2025-10-29T16:51:43
/opt/airflow/dags/data_ingestion.py                           1           0  0.90s           2025-10-29T16:51:43
================================================================================
[2025-10-29T16:52:22.202+0000] {manager.py:878} INFO - 
================================================================================
DAG File Processing Stats

File Path                            PID    Runtime      # DAGs    # Errors  Last Runtime    Last Run
-----------------------------------  -----  ---------  --------  ----------  --------------  -------------------
/opt/airflow/dags/etl_clickhouse.py                           1           0  0.95s           2025-10-29T16:52:15
/opt/airflow/dags/data_ingestion.py                           1           0  0.90s           2025-10-29T16:52:15
================================================================================
[2025-10-29T16:52:52.334+0000] {manager.py:878} INFO - 
================================================================================
DAG File Processing Stats

File Path                            PID    Runtime      # DAGs    # Errors  Last Runtime    Last Run
-----------------------------------  -----  ---------  --------  ----------  --------------  -------------------
/opt/airflow/dags/etl_clickhouse.py                           1           0  0.79s           2025-10-29T16:52:46
/opt/airflow/dags/data_ingestion.py                           1           0  0.73s           2025-10-29T16:52:46
================================================================================
[2025-10-29T16:53:22.491+0000] {manager.py:878} INFO - 
================================================================================
DAG File Processing Stats

File Path                            PID    Runtime      # DAGs    # Errors  Last Runtime    Last Run
-----------------------------------  -----  ---------  --------  ----------  --------------  -------------------
/opt/airflow/dags/etl_clickhouse.py                           1           0  0.82s           2025-10-29T16:53:17
/opt/airflow/dags/data_ingestion.py                           1           0  0.77s           2025-10-29T16:53:17
================================================================================
[2025-10-29T16:53:52.777+0000] {manager.py:878} INFO - 
================================================================================
DAG File Processing Stats

File Path                            PID    Runtime      # DAGs    # Errors  Last Runtime    Last Run
-----------------------------------  -----  ---------  --------  ----------  --------------  -------------------
/opt/airflow/dags/etl_clickhouse.py                           1           0  0.93s           2025-10-29T16:53:48
/opt/airflow/dags/data_ingestion.py                           1           0  0.88s           2025-10-29T16:53:48
================================================================================
[2025-10-29T16:54:23.058+0000] {manager.py:878} INFO - 
================================================================================
DAG File Processing Stats

File Path                            PID    Runtime      # DAGs    # Errors  Last Runtime    Last Run
-----------------------------------  -----  ---------  --------  ----------  --------------  -------------------
/opt/airflow/dags/etl_clickhouse.py                           1           0  0.99s           2025-10-29T16:54:20
/opt/airflow/dags/data_ingestion.py                           1           0  0.94s           2025-10-29T16:54:20
================================================================================
[2025-10-29T16:54:53.379+0000] {manager.py:878} INFO - 
================================================================================
DAG File Processing Stats

File Path                            PID    Runtime      # DAGs    # Errors  Last Runtime    Last Run
-----------------------------------  -----  ---------  --------  ----------  --------------  -------------------
/opt/airflow/dags/etl_clickhouse.py                           1           0  0.99s           2025-10-29T16:54:51
/opt/airflow/dags/data_ingestion.py                           1           0  0.91s           2025-10-29T16:54:51
================================================================================
[2025-10-29T16:55:23.640+0000] {manager.py:878} INFO - 
================================================================================
DAG File Processing Stats

File Path                            PID    Runtime      # DAGs    # Errors  Last Runtime    Last Run
-----------------------------------  -----  ---------  --------  ----------  --------------  -------------------
/opt/airflow/dags/etl_clickhouse.py                           1           0  0.95s           2025-10-29T16:55:22
/opt/airflow/dags/data_ingestion.py                           1           0  0.89s           2025-10-29T16:55:22
================================================================================
[2025-10-29T16:55:53.990+0000] {manager.py:878} INFO - 
================================================================================
DAG File Processing Stats

File Path                              PID  Runtime      # DAGs    # Errors  Last Runtime    Last Run
-----------------------------------  -----  ---------  --------  ----------  --------------  -------------------
/opt/airflow/dags/data_ingestion.py                           1           0  1.00s           2025-10-29T16:55:53
/opt/airflow/dags/etl_clickhouse.py   2492  1.02s             1           0  0.95s           2025-10-29T16:55:22
================================================================================
[2025-10-29T16:56:07.142+0000] {manager.py:737} INFO - Searching for files in /opt/airflow/dags
[2025-10-29T16:56:07.175+0000] {manager.py:740} INFO - There are 2 files in /opt/airflow/dags
[2025-10-29T16:56:24.485+0000] {manager.py:878} INFO - 
================================================================================
DAG File Processing Stats

File Path                              PID  Runtime      # DAGs    # Errors  Last Runtime    Last Run
-----------------------------------  -----  ---------  --------  ----------  --------------  -------------------
/opt/airflow/dags/etl_clickhouse.py   2504  0.02s             1           0  1.06s           2025-10-29T16:55:54
/opt/airflow/dags/data_ingestion.py   2507  0.01s             1           0  1.00s           2025-10-29T16:55:53
================================================================================
[2025-10-29T16:56:54.661+0000] {manager.py:878} INFO - 
================================================================================
DAG File Processing Stats

File Path                            PID    Runtime      # DAGs    # Errors  Last Runtime    Last Run
-----------------------------------  -----  ---------  --------  ----------  --------------  -------------------
/opt/airflow/dags/etl_clickhouse.py                           1           0  0.90s           2025-10-29T16:56:25
/opt/airflow/dags/data_ingestion.py                           1           0  0.84s           2025-10-29T16:56:25
================================================================================
[2025-10-29T16:57:24.863+0000] {manager.py:878} INFO - 
================================================================================
DAG File Processing Stats

File Path                            PID    Runtime      # DAGs    # Errors  Last Runtime    Last Run
-----------------------------------  -----  ---------  --------  ----------  --------------  -------------------
/opt/airflow/dags/etl_clickhouse.py                           1           0  0.86s           2025-10-29T16:56:56
/opt/airflow/dags/data_ingestion.py                           1           0  0.85s           2025-10-29T16:56:56
================================================================================
[2025-10-29T16:57:55.129+0000] {manager.py:878} INFO - 
================================================================================
DAG File Processing Stats

File Path                            PID    Runtime      # DAGs    # Errors  Last Runtime    Last Run
-----------------------------------  -----  ---------  --------  ----------  --------------  -------------------
/opt/airflow/dags/etl_clickhouse.py                           1           0  0.96s           2025-10-29T16:57:27
/opt/airflow/dags/data_ingestion.py                           1           0  0.90s           2025-10-29T16:57:27
================================================================================
[2025-10-29T16:58:25.424+0000] {manager.py:878} INFO - 
================================================================================
DAG File Processing Stats

File Path                            PID    Runtime      # DAGs    # Errors  Last Runtime    Last Run
-----------------------------------  -----  ---------  --------  ----------  --------------  -------------------
/opt/airflow/dags/etl_clickhouse.py                           1           0  0.93s           2025-10-29T16:57:59
/opt/airflow/dags/data_ingestion.py                           1           0  0.89s           2025-10-29T16:57:59
================================================================================
[2025-10-29T16:58:55.612+0000] {manager.py:878} INFO - 
================================================================================
DAG File Processing Stats

File Path                            PID    Runtime      # DAGs    # Errors  Last Runtime    Last Run
-----------------------------------  -----  ---------  --------  ----------  --------------  -------------------
/opt/airflow/dags/etl_clickhouse.py                           1           0  0.79s           2025-10-29T16:58:30
/opt/airflow/dags/data_ingestion.py                           1           0  0.74s           2025-10-29T16:58:30
================================================================================
[2025-10-29T16:59:25.803+0000] {manager.py:878} INFO - 
================================================================================
DAG File Processing Stats

File Path                            PID    Runtime      # DAGs    # Errors  Last Runtime    Last Run
-----------------------------------  -----  ---------  --------  ----------  --------------  -------------------
/opt/airflow/dags/etl_clickhouse.py                           1           0  0.81s           2025-10-29T16:59:01
/opt/airflow/dags/data_ingestion.py                           1           0  0.76s           2025-10-29T16:59:01
================================================================================
[2025-10-29T16:59:56.027+0000] {manager.py:878} INFO - 
================================================================================
DAG File Processing Stats

File Path                            PID    Runtime      # DAGs    # Errors  Last Runtime    Last Run
-----------------------------------  -----  ---------  --------  ----------  --------------  -------------------
/opt/airflow/dags/etl_clickhouse.py                           1           0  0.78s           2025-10-29T16:59:32
/opt/airflow/dags/data_ingestion.py                           1           0  0.74s           2025-10-29T16:59:32
================================================================================
[2025-10-29T17:00:26.142+0000] {manager.py:878} INFO - 
================================================================================
DAG File Processing Stats

File Path                            PID    Runtime      # DAGs    # Errors  Last Runtime    Last Run
-----------------------------------  -----  ---------  --------  ----------  --------------  -------------------
/opt/airflow/dags/etl_clickhouse.py                           1           0  0.79s           2025-10-29T17:00:03
/opt/airflow/dags/data_ingestion.py                           1           0  0.75s           2025-10-29T17:00:03
================================================================================
[2025-10-29T17:00:56.251+0000] {manager.py:878} INFO - 
================================================================================
DAG File Processing Stats

File Path                            PID    Runtime      # DAGs    # Errors  Last Runtime    Last Run
-----------------------------------  -----  ---------  --------  ----------  --------------  -------------------
/opt/airflow/dags/etl_clickhouse.py                           1           0  0.88s           2025-10-29T17:00:35
/opt/airflow/dags/data_ingestion.py                           1           0  0.85s           2025-10-29T17:00:35
================================================================================
[2025-10-29T17:01:07.162+0000] {manager.py:737} INFO - Searching for files in /opt/airflow/dags
[2025-10-29T17:01:07.214+0000] {manager.py:740} INFO - There are 2 files in /opt/airflow/dags
[2025-10-29T17:01:26.499+0000] {manager.py:878} INFO - 
================================================================================
DAG File Processing Stats

File Path                            PID    Runtime      # DAGs    # Errors  Last Runtime    Last Run
-----------------------------------  -----  ---------  --------  ----------  --------------  -------------------
/opt/airflow/dags/etl_clickhouse.py                           1           0  0.82s           2025-10-29T17:01:06
/opt/airflow/dags/data_ingestion.py                           1           0  0.74s           2025-10-29T17:01:06
================================================================================
[2025-10-29T17:01:56.858+0000] {manager.py:878} INFO - 
================================================================================
DAG File Processing Stats

File Path                            PID    Runtime      # DAGs    # Errors  Last Runtime    Last Run
-----------------------------------  -----  ---------  --------  ----------  --------------  -------------------
/opt/airflow/dags/etl_clickhouse.py                           1           0  0.91s           2025-10-29T17:01:37
/opt/airflow/dags/data_ingestion.py                           1           0  0.85s           2025-10-29T17:01:37
================================================================================
[2025-10-29T17:02:27.014+0000] {manager.py:878} INFO - 
================================================================================
DAG File Processing Stats

File Path                            PID    Runtime      # DAGs    # Errors  Last Runtime    Last Run
-----------------------------------  -----  ---------  --------  ----------  --------------  -------------------
/opt/airflow/dags/etl_clickhouse.py                           1           0  0.81s           2025-10-29T17:02:08
/opt/airflow/dags/data_ingestion.py                           1           0  0.78s           2025-10-29T17:02:08
================================================================================
[2025-10-29T17:02:57.460+0000] {manager.py:878} INFO - 
================================================================================
DAG File Processing Stats

File Path                            PID    Runtime      # DAGs    # Errors  Last Runtime    Last Run
-----------------------------------  -----  ---------  --------  ----------  --------------  -------------------
/opt/airflow/dags/etl_clickhouse.py                           1           0  1.09s           2025-10-29T17:02:40
/opt/airflow/dags/data_ingestion.py                           1           0  1.05s           2025-10-29T17:02:40
================================================================================
[2025-10-29T17:03:27.572+0000] {manager.py:878} INFO - 
================================================================================
DAG File Processing Stats

File Path                            PID    Runtime      # DAGs    # Errors  Last Runtime    Last Run
-----------------------------------  -----  ---------  --------  ----------  --------------  -------------------
/opt/airflow/dags/etl_clickhouse.py                           1           0  0.89s           2025-10-29T17:03:11
/opt/airflow/dags/data_ingestion.py                           1           0  0.81s           2025-10-29T17:03:11
================================================================================
[2025-10-29T17:03:57.700+0000] {manager.py:878} INFO - 
================================================================================
DAG File Processing Stats

File Path                            PID    Runtime      # DAGs    # Errors  Last Runtime    Last Run
-----------------------------------  -----  ---------  --------  ----------  --------------  -------------------
/opt/airflow/dags/etl_clickhouse.py                           1           0  0.85s           2025-10-29T17:03:42
/opt/airflow/dags/data_ingestion.py                           1           0  0.83s           2025-10-29T17:03:42
================================================================================
[2025-10-29T17:04:27.978+0000] {manager.py:878} INFO - 
================================================================================
DAG File Processing Stats

File Path                            PID    Runtime      # DAGs    # Errors  Last Runtime    Last Run
-----------------------------------  -----  ---------  --------  ----------  --------------  -------------------
/opt/airflow/dags/etl_clickhouse.py                           1           0  0.84s           2025-10-29T17:04:13
/opt/airflow/dags/data_ingestion.py                           1           0  0.79s           2025-10-29T17:04:13
================================================================================
[2025-10-29T17:04:58.181+0000] {manager.py:878} INFO - 
================================================================================
DAG File Processing Stats

File Path                            PID    Runtime      # DAGs    # Errors  Last Runtime    Last Run
-----------------------------------  -----  ---------  --------  ----------  --------------  -------------------
/opt/airflow/dags/etl_clickhouse.py                           1           0  0.81s           2025-10-29T17:04:45
/opt/airflow/dags/data_ingestion.py                           1           0  0.77s           2025-10-29T17:04:45
================================================================================
[2025-10-29T17:05:28.435+0000] {manager.py:878} INFO - 
================================================================================
DAG File Processing Stats

File Path                            PID    Runtime      # DAGs    # Errors  Last Runtime    Last Run
-----------------------------------  -----  ---------  --------  ----------  --------------  -------------------
/opt/airflow/dags/etl_clickhouse.py                           1           0  0.90s           2025-10-29T17:05:16
/opt/airflow/dags/data_ingestion.py                           1           0  0.83s           2025-10-29T17:05:16
================================================================================
[2025-10-29T17:05:58.736+0000] {manager.py:878} INFO - 
================================================================================
DAG File Processing Stats

File Path                            PID    Runtime      # DAGs    # Errors  Last Runtime    Last Run
-----------------------------------  -----  ---------  --------  ----------  --------------  -------------------
/opt/airflow/dags/etl_clickhouse.py                           1           0  0.88s           2025-10-29T17:05:47
/opt/airflow/dags/data_ingestion.py                           1           0  0.82s           2025-10-29T17:05:47
================================================================================
[2025-10-29T17:06:07.862+0000] {manager.py:737} INFO - Searching for files in /opt/airflow/dags
[2025-10-29T17:06:07.896+0000] {manager.py:740} INFO - There are 2 files in /opt/airflow/dags
[2025-10-29T17:06:28.953+0000] {manager.py:878} INFO - 
================================================================================
DAG File Processing Stats

File Path                            PID    Runtime      # DAGs    # Errors  Last Runtime    Last Run
-----------------------------------  -----  ---------  --------  ----------  --------------  -------------------
/opt/airflow/dags/etl_clickhouse.py                           1           0  0.80s           2025-10-29T17:06:18
/opt/airflow/dags/data_ingestion.py                           1           0  0.75s           2025-10-29T17:06:18
================================================================================
[2025-10-29T17:06:59.198+0000] {manager.py:878} INFO - 
================================================================================
DAG File Processing Stats

File Path                            PID    Runtime      # DAGs    # Errors  Last Runtime    Last Run
-----------------------------------  -----  ---------  --------  ----------  --------------  -------------------
/opt/airflow/dags/etl_clickhouse.py                           1           0  0.85s           2025-10-29T17:06:50
/opt/airflow/dags/data_ingestion.py                           1           0  0.79s           2025-10-29T17:06:50
================================================================================
[2025-10-29T17:07:29.438+0000] {manager.py:878} INFO - 
================================================================================
DAG File Processing Stats

File Path                            PID    Runtime      # DAGs    # Errors  Last Runtime    Last Run
-----------------------------------  -----  ---------  --------  ----------  --------------  -------------------
/opt/airflow/dags/etl_clickhouse.py                           1           0  0.89s           2025-10-29T17:07:21
/opt/airflow/dags/data_ingestion.py                           1           0  0.88s           2025-10-29T17:07:21
================================================================================
[2025-10-29T17:07:59.669+0000] {manager.py:878} INFO - 
================================================================================
DAG File Processing Stats

File Path                            PID    Runtime      # DAGs    # Errors  Last Runtime    Last Run
-----------------------------------  -----  ---------  --------  ----------  --------------  -------------------
/opt/airflow/dags/etl_clickhouse.py                           1           0  0.79s           2025-10-29T17:07:52
/opt/airflow/dags/data_ingestion.py                           1           0  0.74s           2025-10-29T17:07:52
================================================================================
[2025-10-29T17:08:29.876+0000] {manager.py:878} INFO - 
================================================================================
DAG File Processing Stats

File Path                            PID    Runtime      # DAGs    # Errors  Last Runtime    Last Run
-----------------------------------  -----  ---------  --------  ----------  --------------  -------------------
/opt/airflow/dags/etl_clickhouse.py                           1           0  0.81s           2025-10-29T17:08:23
/opt/airflow/dags/data_ingestion.py                           1           0  0.75s           2025-10-29T17:08:23
================================================================================
[2025-10-29T17:08:59.994+0000] {manager.py:878} INFO - 
================================================================================
DAG File Processing Stats

File Path                            PID    Runtime      # DAGs    # Errors  Last Runtime    Last Run
-----------------------------------  -----  ---------  --------  ----------  --------------  -------------------
/opt/airflow/dags/etl_clickhouse.py                           1           0  0.79s           2025-10-29T17:08:54
/opt/airflow/dags/data_ingestion.py                           1           0  0.75s           2025-10-29T17:08:54
================================================================================
[2025-10-29T17:09:30.169+0000] {manager.py:878} INFO - 
================================================================================
DAG File Processing Stats

File Path                            PID    Runtime      # DAGs    # Errors  Last Runtime    Last Run
-----------------------------------  -----  ---------  --------  ----------  --------------  -------------------
/opt/airflow/dags/etl_clickhouse.py                           1           0  0.79s           2025-10-29T17:09:26
/opt/airflow/dags/data_ingestion.py                           1           0  0.73s           2025-10-29T17:09:26
================================================================================
[2025-10-29T17:10:00.460+0000] {manager.py:878} INFO - 
================================================================================
DAG File Processing Stats

File Path                            PID    Runtime      # DAGs    # Errors  Last Runtime    Last Run
-----------------------------------  -----  ---------  --------  ----------  --------------  -------------------
/opt/airflow/dags/etl_clickhouse.py                           1           0  0.85s           2025-10-29T17:09:57
/opt/airflow/dags/data_ingestion.py                           1           0  0.79s           2025-10-29T17:09:57
================================================================================
[2025-10-29T17:10:30.717+0000] {manager.py:878} INFO - 
================================================================================
DAG File Processing Stats

File Path                            PID    Runtime      # DAGs    # Errors  Last Runtime    Last Run
-----------------------------------  -----  ---------  --------  ----------  --------------  -------------------
/opt/airflow/dags/etl_clickhouse.py                           1           0  0.83s           2025-10-29T17:10:28
/opt/airflow/dags/data_ingestion.py                           1           0  0.79s           2025-10-29T17:10:28
================================================================================
[2025-10-29T17:11:00.868+0000] {manager.py:878} INFO - 
================================================================================
DAG File Processing Stats

File Path                            PID    Runtime      # DAGs    # Errors  Last Runtime    Last Run
-----------------------------------  -----  ---------  --------  ----------  --------------  -------------------
/opt/airflow/dags/etl_clickhouse.py                           1           0  0.81s           2025-10-29T17:10:59
/opt/airflow/dags/data_ingestion.py                           1           0  0.76s           2025-10-29T17:10:59
================================================================================
[2025-10-29T17:11:07.967+0000] {manager.py:737} INFO - Searching for files in /opt/airflow/dags
[2025-10-29T17:11:08.001+0000] {manager.py:740} INFO - There are 2 files in /opt/airflow/dags
[2025-10-29T17:11:31.055+0000] {manager.py:878} INFO - 
================================================================================
DAG File Processing Stats

File Path                              PID  Runtime      # DAGs    # Errors  Last Runtime    Last Run
-----------------------------------  -----  ---------  --------  ----------  --------------  -------------------
/opt/airflow/dags/etl_clickhouse.py   2852  0.77s             1           0  0.81s           2025-10-29T17:10:59
/opt/airflow/dags/data_ingestion.py                           1           0  0.74s           2025-10-29T17:11:31
================================================================================
[2025-10-29T17:12:01.458+0000] {manager.py:878} INFO - 
================================================================================
DAG File Processing Stats

File Path                              PID  Runtime      # DAGs    # Errors  Last Runtime    Last Run
-----------------------------------  -----  ---------  --------  ----------  --------------  -------------------
/opt/airflow/dags/etl_clickhouse.py   2864  0.02s             1           0  0.77s           2025-10-29T17:11:31
/opt/airflow/dags/data_ingestion.py   2867  0.01s             1           0  0.74s           2025-10-29T17:11:31
================================================================================
[2025-10-29T17:12:31.620+0000] {manager.py:878} INFO - 
================================================================================
DAG File Processing Stats

File Path                            PID    Runtime      # DAGs    # Errors  Last Runtime    Last Run
-----------------------------------  -----  ---------  --------  ----------  --------------  -------------------
/opt/airflow/dags/etl_clickhouse.py                           1           0  0.86s           2025-10-29T17:12:02
/opt/airflow/dags/data_ingestion.py                           1           0  0.80s           2025-10-29T17:12:02
================================================================================
[2025-10-29T17:13:02.078+0000] {manager.py:878} INFO - 
================================================================================
DAG File Processing Stats

File Path                            PID    Runtime      # DAGs    # Errors  Last Runtime    Last Run
-----------------------------------  -----  ---------  --------  ----------  --------------  -------------------
/opt/airflow/dags/etl_clickhouse.py                           1           0  1.18s           2025-10-29T17:12:33
/opt/airflow/dags/data_ingestion.py                           1           0  1.09s           2025-10-29T17:12:33
================================================================================
[2025-10-29T17:13:32.313+0000] {manager.py:878} INFO - 
================================================================================
DAG File Processing Stats

File Path                            PID    Runtime      # DAGs    # Errors  Last Runtime    Last Run
-----------------------------------  -----  ---------  --------  ----------  --------------  -------------------
/opt/airflow/dags/etl_clickhouse.py                           1           0  0.84s           2025-10-29T17:13:04
/opt/airflow/dags/data_ingestion.py                           1           0  0.82s           2025-10-29T17:13:04
================================================================================
[2025-10-29T17:14:02.560+0000] {manager.py:878} INFO - 
================================================================================
DAG File Processing Stats

File Path                            PID    Runtime      # DAGs    # Errors  Last Runtime    Last Run
-----------------------------------  -----  ---------  --------  ----------  --------------  -------------------
/opt/airflow/dags/etl_clickhouse.py                           1           0  0.79s           2025-10-29T17:13:36
/opt/airflow/dags/data_ingestion.py                           1           0  0.74s           2025-10-29T17:13:36
================================================================================
[2025-10-29T17:14:32.867+0000] {manager.py:878} INFO - 
================================================================================
DAG File Processing Stats

File Path                            PID    Runtime      # DAGs    # Errors  Last Runtime    Last Run
-----------------------------------  -----  ---------  --------  ----------  --------------  -------------------
/opt/airflow/dags/etl_clickhouse.py                           1           0  0.87s           2025-10-29T17:14:07
/opt/airflow/dags/data_ingestion.py                           1           0  0.79s           2025-10-29T17:14:07
================================================================================
[2025-10-29T17:15:03.049+0000] {manager.py:878} INFO - 
================================================================================
DAG File Processing Stats

File Path                            PID    Runtime      # DAGs    # Errors  Last Runtime    Last Run
-----------------------------------  -----  ---------  --------  ----------  --------------  -------------------
/opt/airflow/dags/etl_clickhouse.py                           1           0  0.79s           2025-10-29T17:14:38
/opt/airflow/dags/data_ingestion.py                           1           0  0.73s           2025-10-29T17:14:38
================================================================================
[2025-10-29T17:15:33.200+0000] {manager.py:878} INFO - 
================================================================================
DAG File Processing Stats

File Path                            PID    Runtime      # DAGs    # Errors  Last Runtime    Last Run
-----------------------------------  -----  ---------  --------  ----------  --------------  -------------------
/opt/airflow/dags/etl_clickhouse.py                           1           0  0.84s           2025-10-29T17:15:09
/opt/airflow/dags/data_ingestion.py                           1           0  0.77s           2025-10-29T17:15:09
================================================================================
[2025-10-29T17:16:03.517+0000] {manager.py:878} INFO - 
================================================================================
DAG File Processing Stats

File Path                            PID    Runtime      # DAGs    # Errors  Last Runtime    Last Run
-----------------------------------  -----  ---------  --------  ----------  --------------  -------------------
/opt/airflow/dags/etl_clickhouse.py                           1           0  0.92s           2025-10-29T17:15:41
/opt/airflow/dags/data_ingestion.py                           1           0  0.86s           2025-10-29T17:15:41
================================================================================
[2025-10-29T17:16:08.562+0000] {manager.py:737} INFO - Searching for files in /opt/airflow/dags
[2025-10-29T17:16:08.626+0000] {manager.py:740} INFO - There are 2 files in /opt/airflow/dags
[2025-10-29T17:16:33.788+0000] {manager.py:878} INFO - 
================================================================================
DAG File Processing Stats

File Path                            PID    Runtime      # DAGs    # Errors  Last Runtime    Last Run
-----------------------------------  -----  ---------  --------  ----------  --------------  -------------------
/opt/airflow/dags/etl_clickhouse.py                           1           0  0.78s           2025-10-29T17:16:12
/opt/airflow/dags/data_ingestion.py                           1           0  0.74s           2025-10-29T17:16:12
================================================================================
[2025-10-29T17:17:04.026+0000] {manager.py:878} INFO - 
================================================================================
DAG File Processing Stats

File Path                            PID    Runtime      # DAGs    # Errors  Last Runtime    Last Run
-----------------------------------  -----  ---------  --------  ----------  --------------  -------------------
/opt/airflow/dags/etl_clickhouse.py                           1           0  0.86s           2025-10-29T17:16:43
/opt/airflow/dags/data_ingestion.py                           1           0  0.81s           2025-10-29T17:16:43
================================================================================
[2025-10-29T17:17:34.179+0000] {manager.py:878} INFO - 
================================================================================
DAG File Processing Stats

File Path                            PID    Runtime      # DAGs    # Errors  Last Runtime    Last Run
-----------------------------------  -----  ---------  --------  ----------  --------------  -------------------
/opt/airflow/dags/etl_clickhouse.py                           1           0  0.82s           2025-10-29T17:17:14
/opt/airflow/dags/data_ingestion.py                           1           0  0.77s           2025-10-29T17:17:14
================================================================================
[2025-10-29T17:18:04.292+0000] {manager.py:878} INFO - 
================================================================================
DAG File Processing Stats

File Path                            PID    Runtime      # DAGs    # Errors  Last Runtime    Last Run
-----------------------------------  -----  ---------  --------  ----------  --------------  -------------------
/opt/airflow/dags/etl_clickhouse.py                           1           0  0.78s           2025-10-29T17:17:46
/opt/airflow/dags/data_ingestion.py                           1           0  0.72s           2025-10-29T17:17:46
================================================================================
[2025-10-29T17:18:34.483+0000] {manager.py:878} INFO - 
================================================================================
DAG File Processing Stats

File Path                            PID    Runtime      # DAGs    # Errors  Last Runtime    Last Run
-----------------------------------  -----  ---------  --------  ----------  --------------  -------------------
/opt/airflow/dags/etl_clickhouse.py                           1           0  0.76s           2025-10-29T17:18:17
/opt/airflow/dags/data_ingestion.py                           1           0  0.71s           2025-10-29T17:18:17
================================================================================
[2025-10-29T17:19:04.975+0000] {manager.py:878} INFO - 
================================================================================
DAG File Processing Stats

File Path                            PID    Runtime      # DAGs    # Errors  Last Runtime    Last Run
-----------------------------------  -----  ---------  --------  ----------  --------------  -------------------
/opt/airflow/dags/etl_clickhouse.py                           1           0  1.07s           2025-10-29T17:18:48
/opt/airflow/dags/data_ingestion.py                           1           0  0.99s           2025-10-29T17:18:48
================================================================================
[2025-10-29T17:19:35.143+0000] {manager.py:878} INFO - 
================================================================================
DAG File Processing Stats

File Path                            PID    Runtime      # DAGs    # Errors  Last Runtime    Last Run
-----------------------------------  -----  ---------  --------  ----------  --------------  -------------------
/opt/airflow/dags/etl_clickhouse.py                           1           0  0.79s           2025-10-29T17:19:19
/opt/airflow/dags/data_ingestion.py                           1           0  0.73s           2025-10-29T17:19:19
================================================================================
[2025-10-29T17:20:05.574+0000] {manager.py:878} INFO - 
================================================================================
DAG File Processing Stats

File Path                            PID    Runtime      # DAGs    # Errors  Last Runtime    Last Run
-----------------------------------  -----  ---------  --------  ----------  --------------  -------------------
/opt/airflow/dags/etl_clickhouse.py                           1           0  0.94s           2025-10-29T17:19:51
/opt/airflow/dags/data_ingestion.py                           1           0  0.91s           2025-10-29T17:19:51
================================================================================
[2025-10-29T17:20:35.750+0000] {manager.py:878} INFO - 
================================================================================
DAG File Processing Stats

File Path                            PID    Runtime      # DAGs    # Errors  Last Runtime    Last Run
-----------------------------------  -----  ---------  --------  ----------  --------------  -------------------
/opt/airflow/dags/etl_clickhouse.py                           1           0  0.76s           2025-10-29T17:20:22
/opt/airflow/dags/data_ingestion.py                           1           0  0.71s           2025-10-29T17:20:22
================================================================================
[2025-10-29T17:21:06.062+0000] {manager.py:878} INFO - 
================================================================================
DAG File Processing Stats

File Path                            PID    Runtime      # DAGs    # Errors  Last Runtime    Last Run
-----------------------------------  -----  ---------  --------  ----------  --------------  -------------------
/opt/airflow/dags/etl_clickhouse.py                           1           0  0.93s           2025-10-29T17:20:53
/opt/airflow/dags/data_ingestion.py                           1           0  0.87s           2025-10-29T17:20:53
================================================================================
[2025-10-29T17:21:09.100+0000] {manager.py:737} INFO - Searching for files in /opt/airflow/dags
[2025-10-29T17:21:09.153+0000] {manager.py:740} INFO - There are 2 files in /opt/airflow/dags
[2025-10-29T17:21:36.410+0000] {manager.py:878} INFO - 
================================================================================
DAG File Processing Stats

File Path                            PID    Runtime      # DAGs    # Errors  Last Runtime    Last Run
-----------------------------------  -----  ---------  --------  ----------  --------------  -------------------
/opt/airflow/dags/etl_clickhouse.py                           1           0  0.78s           2025-10-29T17:21:25
/opt/airflow/dags/data_ingestion.py                           1           0  0.71s           2025-10-29T17:21:25
================================================================================
[2025-10-29T17:22:06.735+0000] {manager.py:878} INFO - 
================================================================================
DAG File Processing Stats

File Path                            PID    Runtime      # DAGs    # Errors  Last Runtime    Last Run
-----------------------------------  -----  ---------  --------  ----------  --------------  -------------------
/opt/airflow/dags/etl_clickhouse.py                           1           0  0.94s           2025-10-29T17:21:56
/opt/airflow/dags/data_ingestion.py                           1           0  0.86s           2025-10-29T17:21:56
================================================================================
[2025-10-29T17:22:37.001+0000] {manager.py:878} INFO - 
================================================================================
DAG File Processing Stats

File Path                            PID    Runtime      # DAGs    # Errors  Last Runtime    Last Run
-----------------------------------  -----  ---------  --------  ----------  --------------  -------------------
/opt/airflow/dags/etl_clickhouse.py                           1           0  0.84s           2025-10-29T17:22:27
/opt/airflow/dags/data_ingestion.py                           1           0  0.80s           2025-10-29T17:22:27
================================================================================
[2025-10-29T17:23:07.286+0000] {manager.py:878} INFO - 
================================================================================
DAG File Processing Stats

File Path                            PID    Runtime      # DAGs    # Errors  Last Runtime    Last Run
-----------------------------------  -----  ---------  --------  ----------  --------------  -------------------
/opt/airflow/dags/etl_clickhouse.py                           1           0  0.95s           2025-10-29T17:22:59
/opt/airflow/dags/data_ingestion.py                           1           0  0.87s           2025-10-29T17:22:59
================================================================================
[2025-10-29T17:23:37.430+0000] {manager.py:878} INFO - 
================================================================================
DAG File Processing Stats

File Path                            PID    Runtime      # DAGs    # Errors  Last Runtime    Last Run
-----------------------------------  -----  ---------  --------  ----------  --------------  -------------------
/opt/airflow/dags/etl_clickhouse.py                           1           0  0.79s           2025-10-29T17:23:30
/opt/airflow/dags/data_ingestion.py                           1           0  0.74s           2025-10-29T17:23:30
================================================================================
[2025-10-29T17:24:07.734+0000] {manager.py:878} INFO - 
================================================================================
DAG File Processing Stats

File Path                            PID    Runtime      # DAGs    # Errors  Last Runtime    Last Run
-----------------------------------  -----  ---------  --------  ----------  --------------  -------------------
/opt/airflow/dags/etl_clickhouse.py                           1           0  0.93s           2025-10-29T17:24:01
/opt/airflow/dags/data_ingestion.py                           1           0  0.89s           2025-10-29T17:24:01
================================================================================
[2025-10-29T17:24:37.927+0000] {manager.py:878} INFO - 
================================================================================
DAG File Processing Stats

File Path                            PID    Runtime      # DAGs    # Errors  Last Runtime    Last Run
-----------------------------------  -----  ---------  --------  ----------  --------------  -------------------
/opt/airflow/dags/etl_clickhouse.py                           1           0  0.80s           2025-10-29T17:24:32
/opt/airflow/dags/data_ingestion.py                           1           0  0.75s           2025-10-29T17:24:32
================================================================================
[2025-10-29T17:25:08.268+0000] {manager.py:878} INFO - 
================================================================================
DAG File Processing Stats

File Path                            PID    Runtime      # DAGs    # Errors  Last Runtime    Last Run
-----------------------------------  -----  ---------  --------  ----------  --------------  -------------------
/opt/airflow/dags/etl_clickhouse.py                           1           0  0.93s           2025-10-29T17:25:04
/opt/airflow/dags/data_ingestion.py                           1           0  0.93s           2025-10-29T17:25:04
================================================================================
[2025-10-29T17:25:38.571+0000] {manager.py:878} INFO - 
================================================================================
DAG File Processing Stats

File Path                            PID    Runtime      # DAGs    # Errors  Last Runtime    Last Run
-----------------------------------  -----  ---------  --------  ----------  --------------  -------------------
/opt/airflow/dags/etl_clickhouse.py                           1           0  0.88s           2025-10-29T17:25:35
/opt/airflow/dags/data_ingestion.py                           1           0  0.81s           2025-10-29T17:25:35
================================================================================
[2025-10-29T17:26:08.854+0000] {manager.py:878} INFO - 
================================================================================
DAG File Processing Stats

File Path                            PID    Runtime      # DAGs    # Errors  Last Runtime    Last Run
-----------------------------------  -----  ---------  --------  ----------  --------------  -------------------
/opt/airflow/dags/etl_clickhouse.py                           1           0  0.92s           2025-10-29T17:26:06
/opt/airflow/dags/data_ingestion.py                           1           0  0.88s           2025-10-29T17:26:06
================================================================================
[2025-10-29T17:26:09.862+0000] {manager.py:737} INFO - Searching for files in /opt/airflow/dags
[2025-10-29T17:26:09.896+0000] {manager.py:740} INFO - There are 2 files in /opt/airflow/dags
[2025-10-29T17:26:39.182+0000] {manager.py:878} INFO - 
================================================================================
DAG File Processing Stats

File Path                            PID    Runtime      # DAGs    # Errors  Last Runtime    Last Run
-----------------------------------  -----  ---------  --------  ----------  --------------  -------------------
/opt/airflow/dags/data_ingestion.py                           1           0  0.86s           2025-10-29T17:26:38
/opt/airflow/dags/etl_clickhouse.py                           1           0  0.86s           2025-10-29T17:26:38
================================================================================
[2025-10-29T17:27:09.387+0000] {manager.py:878} INFO - 
================================================================================
DAG File Processing Stats

File Path                              PID  Runtime      # DAGs    # Errors  Last Runtime    Last Run
-----------------------------------  -----  ---------  --------  ----------  --------------  -------------------
/opt/airflow/dags/etl_clickhouse.py   3212  0.78s             1           0  0.86s           2025-10-29T17:26:38
/opt/airflow/dags/data_ingestion.py                           1           0  0.76s           2025-10-29T17:27:09
================================================================================
[2025-10-29T17:27:39.851+0000] {manager.py:878} INFO - 
================================================================================
DAG File Processing Stats

File Path                              PID  Runtime      # DAGs    # Errors  Last Runtime    Last Run
-----------------------------------  -----  ---------  --------  ----------  --------------  -------------------
/opt/airflow/dags/etl_clickhouse.py   3224  0.03s             1           0  0.80s           2025-10-29T17:27:09
/opt/airflow/dags/data_ingestion.py   3227  0.01s             1           0  0.76s           2025-10-29T17:27:09
================================================================================
[2025-10-29T17:28:09.976+0000] {manager.py:878} INFO - 
================================================================================
DAG File Processing Stats

File Path                            PID    Runtime      # DAGs    # Errors  Last Runtime    Last Run
-----------------------------------  -----  ---------  --------  ----------  --------------  -------------------
/opt/airflow/dags/etl_clickhouse.py                           1           0  0.80s           2025-10-29T17:27:40
/opt/airflow/dags/data_ingestion.py                           1           0  0.75s           2025-10-29T17:27:40
================================================================================
[2025-10-29T17:28:40.216+0000] {manager.py:878} INFO - 
================================================================================
DAG File Processing Stats

File Path                            PID    Runtime      # DAGs    # Errors  Last Runtime    Last Run
-----------------------------------  -----  ---------  --------  ----------  --------------  -------------------
/opt/airflow/dags/etl_clickhouse.py                           1           0  0.86s           2025-10-29T17:28:11
/opt/airflow/dags/data_ingestion.py                           1           0  0.81s           2025-10-29T17:28:11
================================================================================
[2025-10-29T17:29:10.498+0000] {manager.py:878} INFO - 
================================================================================
DAG File Processing Stats

File Path                            PID    Runtime      # DAGs    # Errors  Last Runtime    Last Run
-----------------------------------  -----  ---------  --------  ----------  --------------  -------------------
/opt/airflow/dags/etl_clickhouse.py                           1           0  0.85s           2025-10-29T17:28:43
/opt/airflow/dags/data_ingestion.py                           1           0  0.81s           2025-10-29T17:28:43
================================================================================
[2025-10-29T17:29:40.623+0000] {manager.py:878} INFO - 
================================================================================
DAG File Processing Stats

File Path                            PID    Runtime      # DAGs    # Errors  Last Runtime    Last Run
-----------------------------------  -----  ---------  --------  ----------  --------------  -------------------
/opt/airflow/dags/etl_clickhouse.py                           1           0  0.86s           2025-10-29T17:29:14
/opt/airflow/dags/data_ingestion.py                           1           0  0.79s           2025-10-29T17:29:14
================================================================================
[2025-10-29T17:30:10.816+0000] {manager.py:878} INFO - 
================================================================================
DAG File Processing Stats

File Path                            PID    Runtime      # DAGs    # Errors  Last Runtime    Last Run
-----------------------------------  -----  ---------  --------  ----------  --------------  -------------------
/opt/airflow/dags/etl_clickhouse.py                           1           0  0.81s           2025-10-29T17:29:45
/opt/airflow/dags/data_ingestion.py                           1           0  0.76s           2025-10-29T17:29:45
================================================================================
[2025-10-29T17:30:40.943+0000] {manager.py:878} INFO - 
================================================================================
DAG File Processing Stats

File Path                            PID    Runtime      # DAGs    # Errors  Last Runtime    Last Run
-----------------------------------  -----  ---------  --------  ----------  --------------  -------------------
/opt/airflow/dags/etl_clickhouse.py                           1           0  0.78s           2025-10-29T17:30:16
/opt/airflow/dags/data_ingestion.py                           1           0  0.72s           2025-10-29T17:30:16
================================================================================
[2025-10-29T17:31:10.235+0000] {manager.py:737} INFO - Searching for files in /opt/airflow/dags
[2025-10-29T17:31:10.293+0000] {manager.py:740} INFO - There are 2 files in /opt/airflow/dags
[2025-10-29T17:31:11.316+0000] {manager.py:878} INFO - 
================================================================================
DAG File Processing Stats

File Path                            PID    Runtime      # DAGs    # Errors  Last Runtime    Last Run
-----------------------------------  -----  ---------  --------  ----------  --------------  -------------------
/opt/airflow/dags/etl_clickhouse.py                           1           0  0.93s           2025-10-29T17:30:47
/opt/airflow/dags/data_ingestion.py                           1           0  0.88s           2025-10-29T17:30:47
================================================================================
[2025-10-29T17:31:41.554+0000] {manager.py:878} INFO - 
================================================================================
DAG File Processing Stats

File Path                            PID    Runtime      # DAGs    # Errors  Last Runtime    Last Run
-----------------------------------  -----  ---------  --------  ----------  --------------  -------------------
/opt/airflow/dags/etl_clickhouse.py                           1           0  0.88s           2025-10-29T17:31:19
/opt/airflow/dags/data_ingestion.py                           1           0  0.81s           2025-10-29T17:31:19
================================================================================
[2025-10-29T17:32:11.825+0000] {manager.py:878} INFO - 
================================================================================
DAG File Processing Stats

File Path                            PID    Runtime      # DAGs    # Errors  Last Runtime    Last Run
-----------------------------------  -----  ---------  --------  ----------  --------------  -------------------
/opt/airflow/dags/etl_clickhouse.py                           1           0  0.88s           2025-10-29T17:31:50
/opt/airflow/dags/data_ingestion.py                           1           0  0.84s           2025-10-29T17:31:50
================================================================================
[2025-10-29T17:32:42.124+0000] {manager.py:878} INFO - 
================================================================================
DAG File Processing Stats

File Path                            PID    Runtime      # DAGs    # Errors  Last Runtime    Last Run
-----------------------------------  -----  ---------  --------  ----------  --------------  -------------------
/opt/airflow/dags/etl_clickhouse.py                           1           0  0.87s           2025-10-29T17:32:21
/opt/airflow/dags/data_ingestion.py                           1           0  0.83s           2025-10-29T17:32:21
================================================================================
[2025-10-29T17:33:12.313+0000] {manager.py:878} INFO - 
================================================================================
DAG File Processing Stats

File Path                            PID    Runtime      # DAGs    # Errors  Last Runtime    Last Run
-----------------------------------  -----  ---------  --------  ----------  --------------  -------------------
/opt/airflow/dags/etl_clickhouse.py                           1           0  0.80s           2025-10-29T17:32:53
/opt/airflow/dags/data_ingestion.py                           1           0  0.76s           2025-10-29T17:32:53
================================================================================
[2025-10-29T17:33:42.543+0000] {manager.py:878} INFO - 
================================================================================
DAG File Processing Stats

File Path                            PID    Runtime      # DAGs    # Errors  Last Runtime    Last Run
-----------------------------------  -----  ---------  --------  ----------  --------------  -------------------
/opt/airflow/dags/etl_clickhouse.py                           1           0  0.81s           2025-10-29T17:33:24
/opt/airflow/dags/data_ingestion.py                           1           0  0.76s           2025-10-29T17:33:24
================================================================================
[2025-10-29T17:34:12.822+0000] {manager.py:878} INFO - 
================================================================================
DAG File Processing Stats

File Path                            PID    Runtime      # DAGs    # Errors  Last Runtime    Last Run
-----------------------------------  -----  ---------  --------  ----------  --------------  -------------------
/opt/airflow/dags/etl_clickhouse.py                           1           0  0.84s           2025-10-29T17:33:55
/opt/airflow/dags/data_ingestion.py                           1           0  0.79s           2025-10-29T17:33:55
================================================================================
[2025-10-29T17:34:43.021+0000] {manager.py:878} INFO - 
================================================================================
DAG File Processing Stats

File Path                            PID    Runtime      # DAGs    # Errors  Last Runtime    Last Run
-----------------------------------  -----  ---------  --------  ----------  --------------  -------------------
/opt/airflow/dags/etl_clickhouse.py                           1           0  0.87s           2025-10-29T17:34:26
/opt/airflow/dags/data_ingestion.py                           1           0  0.81s           2025-10-29T17:34:26
================================================================================
[2025-10-29T17:35:13.207+0000] {manager.py:878} INFO - 
================================================================================
DAG File Processing Stats

File Path                            PID    Runtime      # DAGs    # Errors  Last Runtime    Last Run
-----------------------------------  -----  ---------  --------  ----------  --------------  -------------------
/opt/airflow/dags/etl_clickhouse.py                           1           0  0.83s           2025-10-29T17:34:58
/opt/airflow/dags/data_ingestion.py                           1           0  0.79s           2025-10-29T17:34:57
================================================================================
[2025-10-29T17:35:43.378+0000] {manager.py:878} INFO - 
================================================================================
DAG File Processing Stats

File Path                            PID    Runtime      # DAGs    # Errors  Last Runtime    Last Run
-----------------------------------  -----  ---------  --------  ----------  --------------  -------------------
/opt/airflow/dags/etl_clickhouse.py                           1           0  0.77s           2025-10-29T17:35:29
/opt/airflow/dags/data_ingestion.py                           1           0  0.73s           2025-10-29T17:35:29
================================================================================
[2025-10-29T17:36:10.512+0000] {manager.py:737} INFO - Searching for files in /opt/airflow/dags
[2025-10-29T17:36:10.546+0000] {manager.py:740} INFO - There are 2 files in /opt/airflow/dags
[2025-10-29T17:36:13.585+0000] {manager.py:878} INFO - 
================================================================================
DAG File Processing Stats

File Path                            PID    Runtime      # DAGs    # Errors  Last Runtime    Last Run
-----------------------------------  -----  ---------  --------  ----------  --------------  -------------------
/opt/airflow/dags/etl_clickhouse.py                           1           0  0.89s           2025-10-29T17:36:00
/opt/airflow/dags/data_ingestion.py                           1           0  0.84s           2025-10-29T17:36:00
================================================================================
[2025-10-29T17:36:43.858+0000] {manager.py:878} INFO - 
================================================================================
DAG File Processing Stats

File Path                            PID    Runtime      # DAGs    # Errors  Last Runtime    Last Run
-----------------------------------  -----  ---------  --------  ----------  --------------  -------------------
/opt/airflow/dags/etl_clickhouse.py                           1           0  0.93s           2025-10-29T17:36:31
/opt/airflow/dags/data_ingestion.py                           1           0  0.87s           2025-10-29T17:36:31
================================================================================
[2025-10-29T17:37:14.131+0000] {manager.py:878} INFO - 
================================================================================
DAG File Processing Stats

File Path                            PID    Runtime      # DAGs    # Errors  Last Runtime    Last Run
-----------------------------------  -----  ---------  --------  ----------  --------------  -------------------
/opt/airflow/dags/etl_clickhouse.py                           1           0  0.92s           2025-10-29T17:37:03
/opt/airflow/dags/data_ingestion.py                           1           0  0.85s           2025-10-29T17:37:02
================================================================================
[2025-10-29T17:37:44.297+0000] {manager.py:878} INFO - 
================================================================================
DAG File Processing Stats

File Path                            PID    Runtime      # DAGs    # Errors  Last Runtime    Last Run
-----------------------------------  -----  ---------  --------  ----------  --------------  -------------------
/opt/airflow/dags/etl_clickhouse.py                           1           0  0.91s           2025-10-29T17:37:34
/opt/airflow/dags/data_ingestion.py                           1           0  0.84s           2025-10-29T17:37:34
================================================================================
[2025-10-29T17:38:14.513+0000] {manager.py:878} INFO - 
================================================================================
DAG File Processing Stats

File Path                            PID    Runtime      # DAGs    # Errors  Last Runtime    Last Run
-----------------------------------  -----  ---------  --------  ----------  --------------  -------------------
/opt/airflow/dags/etl_clickhouse.py                           1           0  0.85s           2025-10-29T17:38:05
/opt/airflow/dags/data_ingestion.py                           1           0  0.79s           2025-10-29T17:38:05
================================================================================
[2025-10-29T17:38:44.746+0000] {manager.py:878} INFO - 
================================================================================
DAG File Processing Stats

File Path                            PID    Runtime      # DAGs    # Errors  Last Runtime    Last Run
-----------------------------------  -----  ---------  --------  ----------  --------------  -------------------
/opt/airflow/dags/etl_clickhouse.py                           1           0  0.80s           2025-10-29T17:38:36
/opt/airflow/dags/data_ingestion.py                           1           0  0.76s           2025-10-29T17:38:36
================================================================================
[2025-10-29T17:39:14.991+0000] {manager.py:878} INFO - 
================================================================================
DAG File Processing Stats

File Path                            PID    Runtime      # DAGs    # Errors  Last Runtime    Last Run
-----------------------------------  -----  ---------  --------  ----------  --------------  -------------------
/opt/airflow/dags/etl_clickhouse.py                           1           0  0.84s           2025-10-29T17:39:07
/opt/airflow/dags/data_ingestion.py                           1           0  0.79s           2025-10-29T17:39:07
================================================================================
[2025-10-29T17:39:45.186+0000] {manager.py:878} INFO - 
================================================================================
DAG File Processing Stats

File Path                            PID    Runtime      # DAGs    # Errors  Last Runtime    Last Run
-----------------------------------  -----  ---------  --------  ----------  --------------  -------------------
/opt/airflow/dags/etl_clickhouse.py                           1           0  0.81s           2025-10-29T17:39:39
/opt/airflow/dags/data_ingestion.py                           1           0  0.76s           2025-10-29T17:39:39
================================================================================
[2025-10-29T17:40:15.395+0000] {manager.py:878} INFO - 
================================================================================
DAG File Processing Stats

File Path                            PID    Runtime      # DAGs    # Errors  Last Runtime    Last Run
-----------------------------------  -----  ---------  --------  ----------  --------------  -------------------
/opt/airflow/dags/etl_clickhouse.py                           1           0  0.83s           2025-10-29T17:40:10
/opt/airflow/dags/data_ingestion.py                           1           0  0.77s           2025-10-29T17:40:10
================================================================================
[2025-10-29T17:40:45.551+0000] {manager.py:878} INFO - 
================================================================================
DAG File Processing Stats

File Path                            PID    Runtime      # DAGs    # Errors  Last Runtime    Last Run
-----------------------------------  -----  ---------  --------  ----------  --------------  -------------------
/opt/airflow/dags/etl_clickhouse.py                           1           0  0.78s           2025-10-29T17:40:41
/opt/airflow/dags/data_ingestion.py                           1           0  0.74s           2025-10-29T17:40:41
================================================================================
[2025-10-29T17:41:10.866+0000] {manager.py:737} INFO - Searching for files in /opt/airflow/dags
[2025-10-29T17:41:10.943+0000] {manager.py:740} INFO - There are 2 files in /opt/airflow/dags
[2025-10-29T17:41:15.839+0000] {manager.py:878} INFO - 
================================================================================
DAG File Processing Stats

File Path                            PID    Runtime      # DAGs    # Errors  Last Runtime    Last Run
-----------------------------------  -----  ---------  --------  ----------  --------------  -------------------
/opt/airflow/dags/etl_clickhouse.py                           1           0  0.84s           2025-10-29T17:41:12
/opt/airflow/dags/data_ingestion.py                           1           0  0.77s           2025-10-29T17:41:12
================================================================================
[2025-10-29T17:41:46.021+0000] {manager.py:878} INFO - 
================================================================================
DAG File Processing Stats

File Path                            PID    Runtime      # DAGs    # Errors  Last Runtime    Last Run
-----------------------------------  -----  ---------  --------  ----------  --------------  -------------------
/opt/airflow/dags/etl_clickhouse.py                           1           0  0.79s           2025-10-29T17:41:44
/opt/airflow/dags/data_ingestion.py                           1           0  0.74s           2025-10-29T17:41:43
================================================================================
[2025-10-29T17:42:16.269+0000] {manager.py:878} INFO - 
================================================================================
DAG File Processing Stats

File Path                            PID    Runtime      # DAGs    # Errors  Last Runtime    Last Run
-----------------------------------  -----  ---------  --------  ----------  --------------  -------------------
/opt/airflow/dags/etl_clickhouse.py                           1           0  0.77s           2025-10-29T17:42:15
/opt/airflow/dags/data_ingestion.py                           1           0  0.72s           2025-10-29T17:42:15
================================================================================
[2025-10-29T17:42:46.541+0000] {manager.py:878} INFO - 
================================================================================
DAG File Processing Stats

File Path                              PID  Runtime      # DAGs    # Errors  Last Runtime    Last Run
-----------------------------------  -----  ---------  --------  ----------  --------------  -------------------
/opt/airflow/dags/etl_clickhouse.py   3572  0.79s             1           0  0.77s           2025-10-29T17:42:15
/opt/airflow/dags/data_ingestion.py                           1           0  0.76s           2025-10-29T17:42:46
================================================================================
[2025-10-29T17:43:17.003+0000] {manager.py:878} INFO - 
================================================================================
DAG File Processing Stats

File Path                              PID  Runtime      # DAGs    # Errors  Last Runtime    Last Run
-----------------------------------  -----  ---------  --------  ----------  --------------  -------------------
/opt/airflow/dags/etl_clickhouse.py   3584  0.02s             1           0  0.82s           2025-10-29T17:42:46
/opt/airflow/dags/data_ingestion.py   3587  0.01s             1           0  0.76s           2025-10-29T17:42:46
================================================================================
[2025-10-29T17:43:47.248+0000] {manager.py:878} INFO - 
================================================================================
DAG File Processing Stats

File Path                            PID    Runtime      # DAGs    # Errors  Last Runtime    Last Run
-----------------------------------  -----  ---------  --------  ----------  --------------  -------------------
/opt/airflow/dags/etl_clickhouse.py                           1           0  0.86s           2025-10-29T17:43:17
/opt/airflow/dags/data_ingestion.py                           1           0  0.82s           2025-10-29T17:43:17
================================================================================
[2025-10-29T17:44:17.760+0000] {manager.py:878} INFO - 
================================================================================
DAG File Processing Stats

File Path                            PID    Runtime      # DAGs    # Errors  Last Runtime    Last Run
-----------------------------------  -----  ---------  --------  ----------  --------------  -------------------
/opt/airflow/dags/etl_clickhouse.py                           1           0  1.11s           2025-10-29T17:43:49
/opt/airflow/dags/data_ingestion.py                           1           0  0.97s           2025-10-29T17:43:49
================================================================================
[2025-10-29T17:44:47.961+0000] {manager.py:878} INFO - 
================================================================================
DAG File Processing Stats

File Path                            PID    Runtime      # DAGs    # Errors  Last Runtime    Last Run
-----------------------------------  -----  ---------  --------  ----------  --------------  -------------------
/opt/airflow/dags/etl_clickhouse.py                           1           0  0.79s           2025-10-29T17:44:20
/opt/airflow/dags/data_ingestion.py                           1           0  0.75s           2025-10-29T17:44:20
================================================================================
[2025-10-29T17:45:18.181+0000] {manager.py:878} INFO - 
================================================================================
DAG File Processing Stats

File Path                            PID    Runtime      # DAGs    # Errors  Last Runtime    Last Run
-----------------------------------  -----  ---------  --------  ----------  --------------  -------------------
/opt/airflow/dags/etl_clickhouse.py                           1           0  0.83s           2025-10-29T17:44:51
/opt/airflow/dags/data_ingestion.py                           1           0  0.78s           2025-10-29T17:44:51
================================================================================
[2025-10-29T17:45:48.529+0000] {manager.py:878} INFO - 
================================================================================
DAG File Processing Stats

File Path                            PID    Runtime      # DAGs    # Errors  Last Runtime    Last Run
-----------------------------------  -----  ---------  --------  ----------  --------------  -------------------
/opt/airflow/dags/etl_clickhouse.py                           1           0  0.84s           2025-10-29T17:45:23
/opt/airflow/dags/data_ingestion.py                           1           0  0.78s           2025-10-29T17:45:23
================================================================================
[2025-10-29T17:46:11.698+0000] {manager.py:737} INFO - Searching for files in /opt/airflow/dags
[2025-10-29T17:46:11.760+0000] {manager.py:740} INFO - There are 2 files in /opt/airflow/dags
[2025-10-29T17:46:18.902+0000] {manager.py:878} INFO - 
================================================================================
DAG File Processing Stats

File Path                            PID    Runtime      # DAGs    # Errors  Last Runtime    Last Run
-----------------------------------  -----  ---------  --------  ----------  --------------  -------------------
/opt/airflow/dags/etl_clickhouse.py                           1           0  0.81s           2025-10-29T17:45:54
/opt/airflow/dags/data_ingestion.py                           1           0  0.76s           2025-10-29T17:45:54
================================================================================
[2025-10-29T17:46:49.131+0000] {manager.py:878} INFO - 
================================================================================
DAG File Processing Stats

File Path                            PID    Runtime      # DAGs    # Errors  Last Runtime    Last Run
-----------------------------------  -----  ---------  --------  ----------  --------------  -------------------
/opt/airflow/dags/etl_clickhouse.py                           1           0  0.80s           2025-10-29T17:46:25
/opt/airflow/dags/data_ingestion.py                           1           0  0.75s           2025-10-29T17:46:25
================================================================================
[2025-10-29T17:47:19.364+0000] {manager.py:878} INFO - 
================================================================================
DAG File Processing Stats

File Path                            PID    Runtime      # DAGs    # Errors  Last Runtime    Last Run
-----------------------------------  -----  ---------  --------  ----------  --------------  -------------------
/opt/airflow/dags/etl_clickhouse.py                           1           0  0.78s           2025-10-29T17:46:57
/opt/airflow/dags/data_ingestion.py                           1           0  0.75s           2025-10-29T17:46:57
================================================================================
[2025-10-29T17:47:49.616+0000] {manager.py:878} INFO - 
================================================================================
DAG File Processing Stats

File Path                            PID    Runtime      # DAGs    # Errors  Last Runtime    Last Run
-----------------------------------  -----  ---------  --------  ----------  --------------  -------------------
/opt/airflow/dags/etl_clickhouse.py                           1           0  0.86s           2025-10-29T17:47:28
/opt/airflow/dags/data_ingestion.py                           1           0  0.81s           2025-10-29T17:47:28
================================================================================
[2025-10-29T17:48:19.815+0000] {manager.py:878} INFO - 
================================================================================
DAG File Processing Stats

File Path                            PID    Runtime      # DAGs    # Errors  Last Runtime    Last Run
-----------------------------------  -----  ---------  --------  ----------  --------------  -------------------
/opt/airflow/dags/etl_clickhouse.py                           1           0  0.82s           2025-10-29T17:47:59
/opt/airflow/dags/data_ingestion.py                           1           0  0.76s           2025-10-29T17:47:59
================================================================================
[2025-10-29T17:48:50.046+0000] {manager.py:878} INFO - 
================================================================================
DAG File Processing Stats

File Path                            PID    Runtime      # DAGs    # Errors  Last Runtime    Last Run
-----------------------------------  -----  ---------  --------  ----------  --------------  -------------------
/opt/airflow/dags/etl_clickhouse.py                           1           0  0.78s           2025-10-29T17:48:30
/opt/airflow/dags/data_ingestion.py                           1           0  0.75s           2025-10-29T17:48:30
================================================================================
[2025-10-29T17:49:20.208+0000] {manager.py:878} INFO - 
================================================================================
DAG File Processing Stats

File Path                            PID    Runtime      # DAGs    # Errors  Last Runtime    Last Run
-----------------------------------  -----  ---------  --------  ----------  --------------  -------------------
/opt/airflow/dags/etl_clickhouse.py                           1           0  0.77s           2025-10-29T17:49:01
/opt/airflow/dags/data_ingestion.py                           1           0  0.71s           2025-10-29T17:49:01
================================================================================
[2025-10-29T17:49:50.410+0000] {manager.py:878} INFO - 
================================================================================
DAG File Processing Stats

File Path                            PID    Runtime      # DAGs    # Errors  Last Runtime    Last Run
-----------------------------------  -----  ---------  --------  ----------  --------------  -------------------
/opt/airflow/dags/etl_clickhouse.py                           1           0  0.78s           2025-10-29T17:49:33
/opt/airflow/dags/data_ingestion.py                           1           0  0.73s           2025-10-29T17:49:33
================================================================================
[2025-10-29T17:50:20.637+0000] {manager.py:878} INFO - 
================================================================================
DAG File Processing Stats

File Path                            PID    Runtime      # DAGs    # Errors  Last Runtime    Last Run
-----------------------------------  -----  ---------  --------  ----------  --------------  -------------------
/opt/airflow/dags/etl_clickhouse.py                           1           0  0.82s           2025-10-29T17:50:04
/opt/airflow/dags/data_ingestion.py                           1           0  0.77s           2025-10-29T17:50:04
================================================================================
[2025-10-29T17:50:50.847+0000] {manager.py:878} INFO - 
================================================================================
DAG File Processing Stats

File Path                            PID    Runtime      # DAGs    # Errors  Last Runtime    Last Run
-----------------------------------  -----  ---------  --------  ----------  --------------  -------------------
/opt/airflow/dags/etl_clickhouse.py                           1           0  0.83s           2025-10-29T17:50:35
/opt/airflow/dags/data_ingestion.py                           1           0  0.78s           2025-10-29T17:50:35
================================================================================
[2025-10-29T17:51:11.925+0000] {manager.py:737} INFO - Searching for files in /opt/airflow/dags
[2025-10-29T17:51:11.969+0000] {manager.py:740} INFO - There are 2 files in /opt/airflow/dags
[2025-10-29T17:51:21.100+0000] {manager.py:878} INFO - 
================================================================================
DAG File Processing Stats

File Path                            PID    Runtime      # DAGs    # Errors  Last Runtime    Last Run
-----------------------------------  -----  ---------  --------  ----------  --------------  -------------------
/opt/airflow/dags/etl_clickhouse.py                           1           0  0.79s           2025-10-29T17:51:06
/opt/airflow/dags/data_ingestion.py                           1           0  0.75s           2025-10-29T17:51:06
================================================================================
[2025-10-29T17:51:51.468+0000] {manager.py:878} INFO - 
================================================================================
DAG File Processing Stats

File Path                            PID    Runtime      # DAGs    # Errors  Last Runtime    Last Run
-----------------------------------  -----  ---------  --------  ----------  --------------  -------------------
/opt/airflow/dags/etl_clickhouse.py                           1           0  0.86s           2025-10-29T17:51:38
/opt/airflow/dags/data_ingestion.py                           1           0  0.83s           2025-10-29T17:51:38
================================================================================
[2025-10-29T17:52:21.758+0000] {manager.py:878} INFO - 
================================================================================
DAG File Processing Stats

File Path                            PID    Runtime      # DAGs    # Errors  Last Runtime    Last Run
-----------------------------------  -----  ---------  --------  ----------  --------------  -------------------
/opt/airflow/dags/etl_clickhouse.py                           1           0  0.82s           2025-10-29T17:52:09
/opt/airflow/dags/data_ingestion.py                           1           0  0.79s           2025-10-29T17:52:09
================================================================================
[2025-10-29T17:52:52.041+0000] {manager.py:878} INFO - 
================================================================================
DAG File Processing Stats

File Path                            PID    Runtime      # DAGs    # Errors  Last Runtime    Last Run
-----------------------------------  -----  ---------  --------  ----------  --------------  -------------------
/opt/airflow/dags/etl_clickhouse.py                           1           0  0.86s           2025-10-29T17:52:40
/opt/airflow/dags/data_ingestion.py                           1           0  0.79s           2025-10-29T17:52:40
================================================================================
[2025-10-29T17:53:22.218+0000] {manager.py:878} INFO - 
================================================================================
DAG File Processing Stats

File Path                            PID    Runtime      # DAGs    # Errors  Last Runtime    Last Run
-----------------------------------  -----  ---------  --------  ----------  --------------  -------------------
/opt/airflow/dags/etl_clickhouse.py                           1           0  0.80s           2025-10-29T17:53:12
/opt/airflow/dags/data_ingestion.py                           1           0  0.74s           2025-10-29T17:53:12
================================================================================
[2025-10-29T17:53:52.578+0000] {manager.py:878} INFO - 
================================================================================
DAG File Processing Stats

File Path                            PID    Runtime      # DAGs    # Errors  Last Runtime    Last Run
-----------------------------------  -----  ---------  --------  ----------  --------------  -------------------
/opt/airflow/dags/etl_clickhouse.py                           1           0  0.89s           2025-10-29T17:53:43
/opt/airflow/dags/data_ingestion.py                           1           0  0.86s           2025-10-29T17:53:43
================================================================================
[2025-10-29T17:54:22.783+0000] {manager.py:878} INFO - 
================================================================================
DAG File Processing Stats

File Path                            PID    Runtime      # DAGs    # Errors  Last Runtime    Last Run
-----------------------------------  -----  ---------  --------  ----------  --------------  -------------------
/opt/airflow/dags/etl_clickhouse.py                           1           0  0.79s           2025-10-29T17:54:14
/opt/airflow/dags/data_ingestion.py                           1           0  0.73s           2025-10-29T17:54:14
================================================================================
[2025-10-29T17:54:53.041+0000] {manager.py:878} INFO - 
================================================================================
DAG File Processing Stats

File Path                            PID    Runtime      # DAGs    # Errors  Last Runtime    Last Run
-----------------------------------  -----  ---------  --------  ----------  --------------  -------------------
/opt/airflow/dags/etl_clickhouse.py                           1           0  0.83s           2025-10-29T17:54:45
/opt/airflow/dags/data_ingestion.py                           1           0  0.78s           2025-10-29T17:54:45
================================================================================
[2025-10-29T17:55:23.258+0000] {manager.py:878} INFO - 
================================================================================
DAG File Processing Stats

File Path                            PID    Runtime      # DAGs    # Errors  Last Runtime    Last Run
-----------------------------------  -----  ---------  --------  ----------  --------------  -------------------
/opt/airflow/dags/etl_clickhouse.py                           1           0  0.82s           2025-10-29T17:55:17
/opt/airflow/dags/data_ingestion.py                           1           0  0.75s           2025-10-29T17:55:17
================================================================================
[2025-10-29T17:55:53.733+0000] {manager.py:878} INFO - 
================================================================================
DAG File Processing Stats

File Path                            PID    Runtime      # DAGs    # Errors  Last Runtime    Last Run
-----------------------------------  -----  ---------  --------  ----------  --------------  -------------------
/opt/airflow/dags/etl_clickhouse.py                           1           0  0.91s           2025-10-29T17:55:48
/opt/airflow/dags/data_ingestion.py                           1           0  0.88s           2025-10-29T17:55:48
================================================================================
[2025-10-29T17:56:11.964+0000] {manager.py:737} INFO - Searching for files in /opt/airflow/dags
[2025-10-29T17:56:11.996+0000] {manager.py:740} INFO - There are 2 files in /opt/airflow/dags
[2025-10-29T17:56:23.989+0000] {manager.py:878} INFO - 
================================================================================
DAG File Processing Stats

File Path                            PID    Runtime      # DAGs    # Errors  Last Runtime    Last Run
-----------------------------------  -----  ---------  --------  ----------  --------------  -------------------
/opt/airflow/dags/etl_clickhouse.py                           1           0  0.82s           2025-10-29T17:56:19
/opt/airflow/dags/data_ingestion.py                           1           0  0.77s           2025-10-29T17:56:19
================================================================================
[2025-10-29T17:56:54.216+0000] {manager.py:878} INFO - 
================================================================================
DAG File Processing Stats

File Path                            PID    Runtime      # DAGs    # Errors  Last Runtime    Last Run
-----------------------------------  -----  ---------  --------  ----------  --------------  -------------------
/opt/airflow/dags/etl_clickhouse.py                           1           0  0.81s           2025-10-29T17:56:51
/opt/airflow/dags/data_ingestion.py                           1           0  0.76s           2025-10-29T17:56:51
================================================================================
[2025-10-29T17:57:24.472+0000] {manager.py:878} INFO - 
================================================================================
DAG File Processing Stats

File Path                            PID    Runtime      # DAGs    # Errors  Last Runtime    Last Run
-----------------------------------  -----  ---------  --------  ----------  --------------  -------------------
/opt/airflow/dags/etl_clickhouse.py                           1           0  0.76s           2025-10-29T17:57:22
/opt/airflow/dags/data_ingestion.py                           1           0  0.72s           2025-10-29T17:57:22
================================================================================
[2025-10-29T17:57:54.742+0000] {manager.py:878} INFO - 
================================================================================
DAG File Processing Stats

File Path                            PID    Runtime      # DAGs    # Errors  Last Runtime    Last Run
-----------------------------------  -----  ---------  --------  ----------  --------------  -------------------
/opt/airflow/dags/etl_clickhouse.py                           1           0  0.74s           2025-10-29T17:57:53
/opt/airflow/dags/data_ingestion.py                           1           0  0.71s           2025-10-29T17:57:53
================================================================================
[2025-10-29T17:58:24.915+0000] {manager.py:878} INFO - 
================================================================================
DAG File Processing Stats

File Path                              PID  Runtime      # DAGs    # Errors  Last Runtime    Last Run
-----------------------------------  -----  ---------  --------  ----------  --------------  -------------------
/opt/airflow/dags/etl_clickhouse.py   3932  0.77s             1           0  0.74s           2025-10-29T17:57:53
/opt/airflow/dags/data_ingestion.py                           1           0  0.74s           2025-10-29T17:58:24
================================================================================
[2025-10-29T17:58:55.399+0000] {manager.py:878} INFO - 
================================================================================
DAG File Processing Stats

File Path                              PID  Runtime      # DAGs    # Errors  Last Runtime    Last Run
-----------------------------------  -----  ---------  --------  ----------  --------------  -------------------
/opt/airflow/dags/etl_clickhouse.py   3944  0.02s             1           0  0.80s           2025-10-29T17:58:24
/opt/airflow/dags/data_ingestion.py   3947  0.01s             1           0  0.74s           2025-10-29T17:58:24
================================================================================
[2025-10-29T17:59:25.600+0000] {manager.py:878} INFO - 
================================================================================
DAG File Processing Stats

File Path                            PID    Runtime      # DAGs    # Errors  Last Runtime    Last Run
-----------------------------------  -----  ---------  --------  ----------  --------------  -------------------
/opt/airflow/dags/etl_clickhouse.py                           1           0  0.81s           2025-10-29T17:58:56
/opt/airflow/dags/data_ingestion.py                           1           0  0.76s           2025-10-29T17:58:56
================================================================================
[2025-10-29T17:59:55.879+0000] {manager.py:878} INFO - 
================================================================================
DAG File Processing Stats

File Path                            PID    Runtime      # DAGs    # Errors  Last Runtime    Last Run
-----------------------------------  -----  ---------  --------  ----------  --------------  -------------------
/opt/airflow/dags/etl_clickhouse.py                           1           0  0.85s           2025-10-29T17:59:27
/opt/airflow/dags/data_ingestion.py                           1           0  0.78s           2025-10-29T17:59:27
================================================================================
[2025-10-29T18:00:26.220+0000] {manager.py:878} INFO - 
================================================================================
DAG File Processing Stats

File Path                            PID    Runtime      # DAGs    # Errors  Last Runtime    Last Run
-----------------------------------  -----  ---------  --------  ----------  --------------  -------------------
/opt/airflow/dags/etl_clickhouse.py                           1           0  0.87s           2025-10-29T17:59:58
/opt/airflow/dags/data_ingestion.py                           1           0  0.80s           2025-10-29T17:59:58
================================================================================
[2025-10-29T18:00:56.529+0000] {manager.py:878} INFO - 
================================================================================
DAG File Processing Stats

File Path                            PID    Runtime      # DAGs    # Errors  Last Runtime    Last Run
-----------------------------------  -----  ---------  --------  ----------  --------------  -------------------
/opt/airflow/dags/etl_clickhouse.py                           1           0  0.83s           2025-10-29T18:00:30
/opt/airflow/dags/data_ingestion.py                           1           0  0.77s           2025-10-29T18:00:30
================================================================================
[2025-10-29T18:01:12.597+0000] {manager.py:737} INFO - Searching for files in /opt/airflow/dags
[2025-10-29T18:01:12.651+0000] {manager.py:740} INFO - There are 2 files in /opt/airflow/dags
[2025-10-29T18:01:26.856+0000] {manager.py:878} INFO - 
================================================================================
DAG File Processing Stats

File Path                            PID    Runtime      # DAGs    # Errors  Last Runtime    Last Run
-----------------------------------  -----  ---------  --------  ----------  --------------  -------------------
/opt/airflow/dags/etl_clickhouse.py                           1           0  0.81s           2025-10-29T18:01:01
/opt/airflow/dags/data_ingestion.py                           1           0  0.75s           2025-10-29T18:01:01
================================================================================
[2025-10-29T18:01:56.945+0000] {manager.py:878} INFO - 
================================================================================
DAG File Processing Stats

File Path                            PID    Runtime      # DAGs    # Errors  Last Runtime    Last Run
-----------------------------------  -----  ---------  --------  ----------  --------------  -------------------
/opt/airflow/dags/etl_clickhouse.py                           1           0  0.79s           2025-10-29T18:01:32
/opt/airflow/dags/data_ingestion.py                           1           0  0.77s           2025-10-29T18:01:32
================================================================================
[2025-10-29T18:02:27.151+0000] {manager.py:878} INFO - 
================================================================================
DAG File Processing Stats

File Path                            PID    Runtime      # DAGs    # Errors  Last Runtime    Last Run
-----------------------------------  -----  ---------  --------  ----------  --------------  -------------------
/opt/airflow/dags/etl_clickhouse.py                           1           0  0.99s           2025-10-29T18:02:03
/opt/airflow/dags/data_ingestion.py                           1           0  0.93s           2025-10-29T18:02:03
================================================================================
[2025-10-29T18:02:57.320+0000] {manager.py:878} INFO - 
================================================================================
DAG File Processing Stats

File Path                            PID    Runtime      # DAGs    # Errors  Last Runtime    Last Run
-----------------------------------  -----  ---------  --------  ----------  --------------  -------------------
/opt/airflow/dags/etl_clickhouse.py                           1           0  0.75s           2025-10-29T18:02:35
/opt/airflow/dags/data_ingestion.py                           1           0  0.71s           2025-10-29T18:02:34
================================================================================
[2025-10-29T18:03:27.497+0000] {manager.py:878} INFO - 
================================================================================
DAG File Processing Stats

File Path                            PID    Runtime      # DAGs    # Errors  Last Runtime    Last Run
-----------------------------------  -----  ---------  --------  ----------  --------------  -------------------
/opt/airflow/dags/etl_clickhouse.py                           1           0  0.79s           2025-10-29T18:03:06
/opt/airflow/dags/data_ingestion.py                           1           0  0.75s           2025-10-29T18:03:06
================================================================================
[2025-10-29T18:03:57.633+0000] {manager.py:878} INFO - 
================================================================================
DAG File Processing Stats

File Path                            PID    Runtime      # DAGs    # Errors  Last Runtime    Last Run
-----------------------------------  -----  ---------  --------  ----------  --------------  -------------------
/opt/airflow/dags/etl_clickhouse.py                           1           0  0.83s           2025-10-29T18:03:37
/opt/airflow/dags/data_ingestion.py                           1           0  0.76s           2025-10-29T18:03:37
================================================================================
[2025-10-29T18:04:27.741+0000] {manager.py:878} INFO - 
================================================================================
DAG File Processing Stats

File Path                            PID    Runtime      # DAGs    # Errors  Last Runtime    Last Run
-----------------------------------  -----  ---------  --------  ----------  --------------  -------------------
/opt/airflow/dags/etl_clickhouse.py                           1           0  0.79s           2025-10-29T18:04:08
/opt/airflow/dags/data_ingestion.py                           1           0  0.73s           2025-10-29T18:04:08
================================================================================
[2025-10-29T18:04:57.970+0000] {manager.py:878} INFO - 
================================================================================
DAG File Processing Stats

File Path                            PID    Runtime      # DAGs    # Errors  Last Runtime    Last Run
-----------------------------------  -----  ---------  --------  ----------  --------------  -------------------
/opt/airflow/dags/etl_clickhouse.py                           1           0  0.78s           2025-10-29T18:04:39
/opt/airflow/dags/data_ingestion.py                           1           0  0.74s           2025-10-29T18:04:39
================================================================================
[2025-10-29T18:05:28.120+0000] {manager.py:878} INFO - 
================================================================================
DAG File Processing Stats

File Path                            PID    Runtime      # DAGs    # Errors  Last Runtime    Last Run
-----------------------------------  -----  ---------  --------  ----------  --------------  -------------------
/opt/airflow/dags/etl_clickhouse.py                           1           0  0.79s           2025-10-29T18:05:10
/opt/airflow/dags/data_ingestion.py                           1           0  0.74s           2025-10-29T18:05:10
================================================================================
[2025-10-29T18:05:58.453+0000] {manager.py:878} INFO - 
================================================================================
DAG File Processing Stats

File Path                            PID    Runtime      # DAGs    # Errors  Last Runtime    Last Run
-----------------------------------  -----  ---------  --------  ----------  --------------  -------------------
/opt/airflow/dags/etl_clickhouse.py                           1           0  0.87s           2025-10-29T18:05:42
/opt/airflow/dags/data_ingestion.py                           1           0  0.82s           2025-10-29T18:05:42
================================================================================
[2025-10-29T18:06:12.674+0000] {manager.py:737} INFO - Searching for files in /opt/airflow/dags
[2025-10-29T18:06:12.732+0000] {manager.py:740} INFO - There are 2 files in /opt/airflow/dags
[2025-10-29T18:06:28.766+0000] {manager.py:878} INFO - 
================================================================================
DAG File Processing Stats

File Path                            PID    Runtime      # DAGs    # Errors  Last Runtime    Last Run
-----------------------------------  -----  ---------  --------  ----------  --------------  -------------------
/opt/airflow/dags/etl_clickhouse.py                           1           0  0.83s           2025-10-29T18:06:13
/opt/airflow/dags/data_ingestion.py                           1           0  0.78s           2025-10-29T18:06:13
================================================================================
[2025-10-29T18:06:59.043+0000] {manager.py:878} INFO - 
================================================================================
DAG File Processing Stats

File Path                            PID    Runtime      # DAGs    # Errors  Last Runtime    Last Run
-----------------------------------  -----  ---------  --------  ----------  --------------  -------------------
/opt/airflow/dags/etl_clickhouse.py                           1           0  0.81s           2025-10-29T18:06:44
/opt/airflow/dags/data_ingestion.py                           1           0  0.77s           2025-10-29T18:06:44
================================================================================
[2025-10-29T18:07:29.272+0000] {manager.py:878} INFO - 
================================================================================
DAG File Processing Stats

File Path                            PID    Runtime      # DAGs    # Errors  Last Runtime    Last Run
-----------------------------------  -----  ---------  --------  ----------  --------------  -------------------
/opt/airflow/dags/etl_clickhouse.py                           1           0  0.79s           2025-10-29T18:07:16
/opt/airflow/dags/data_ingestion.py                           1           0  0.74s           2025-10-29T18:07:16
================================================================================
[2025-10-29T18:07:59.528+0000] {manager.py:878} INFO - 
================================================================================
DAG File Processing Stats

File Path                            PID    Runtime      # DAGs    # Errors  Last Runtime    Last Run
-----------------------------------  -----  ---------  --------  ----------  --------------  -------------------
/opt/airflow/dags/etl_clickhouse.py                           1           0  0.84s           2025-10-29T18:07:47
/opt/airflow/dags/data_ingestion.py                           1           0  0.78s           2025-10-29T18:07:47
================================================================================
[2025-10-29T18:08:29.782+0000] {manager.py:878} INFO - 
================================================================================
DAG File Processing Stats

File Path                            PID    Runtime      # DAGs    # Errors  Last Runtime    Last Run
-----------------------------------  -----  ---------  --------  ----------  --------------  -------------------
/opt/airflow/dags/etl_clickhouse.py                           1           0  0.76s           2025-10-29T18:08:18
/opt/airflow/dags/data_ingestion.py                           1           0  0.71s           2025-10-29T18:08:18
================================================================================
[2025-10-29T18:09:00.025+0000] {manager.py:878} INFO - 
================================================================================
DAG File Processing Stats

File Path                            PID    Runtime      # DAGs    # Errors  Last Runtime    Last Run
-----------------------------------  -----  ---------  --------  ----------  --------------  -------------------
/opt/airflow/dags/etl_clickhouse.py                           1           0  0.86s           2025-10-29T18:08:49
/opt/airflow/dags/data_ingestion.py                           1           0  0.78s           2025-10-29T18:08:49
================================================================================
[2025-10-29T18:09:30.236+0000] {manager.py:878} INFO - 
================================================================================
DAG File Processing Stats

File Path                            PID    Runtime      # DAGs    # Errors  Last Runtime    Last Run
-----------------------------------  -----  ---------  --------  ----------  --------------  -------------------
/opt/airflow/dags/etl_clickhouse.py                           1           0  0.77s           2025-10-29T18:09:21
/opt/airflow/dags/data_ingestion.py                           1           0  0.72s           2025-10-29T18:09:21
================================================================================
[2025-10-29T18:10:00.407+0000] {manager.py:878} INFO - 
================================================================================
DAG File Processing Stats

File Path                            PID    Runtime      # DAGs    # Errors  Last Runtime    Last Run
-----------------------------------  -----  ---------  --------  ----------  --------------  -------------------
/opt/airflow/dags/etl_clickhouse.py                           1           0  0.79s           2025-10-29T18:09:52
/opt/airflow/dags/data_ingestion.py                           1           0  0.73s           2025-10-29T18:09:52
================================================================================
[2025-10-29T18:10:30.636+0000] {manager.py:878} INFO - 
================================================================================
DAG File Processing Stats

File Path                            PID    Runtime      # DAGs    # Errors  Last Runtime    Last Run
-----------------------------------  -----  ---------  --------  ----------  --------------  -------------------
/opt/airflow/dags/etl_clickhouse.py                           1           0  0.78s           2025-10-29T18:10:23
/opt/airflow/dags/data_ingestion.py                           1           0  0.74s           2025-10-29T18:10:23
================================================================================
[2025-10-29T18:11:00.771+0000] {manager.py:878} INFO - 
================================================================================
DAG File Processing Stats

File Path                            PID    Runtime      # DAGs    # Errors  Last Runtime    Last Run
-----------------------------------  -----  ---------  --------  ----------  --------------  -------------------
/opt/airflow/dags/etl_clickhouse.py                           1           0  0.78s           2025-10-29T18:10:54
/opt/airflow/dags/data_ingestion.py                           1           0  0.72s           2025-10-29T18:10:54
================================================================================
[2025-10-29T18:11:12.913+0000] {manager.py:737} INFO - Searching for files in /opt/airflow/dags
[2025-10-29T18:11:12.964+0000] {manager.py:740} INFO - There are 2 files in /opt/airflow/dags
[2025-10-29T18:11:31.023+0000] {manager.py:878} INFO - 
================================================================================
DAG File Processing Stats

File Path                            PID    Runtime      # DAGs    # Errors  Last Runtime    Last Run
-----------------------------------  -----  ---------  --------  ----------  --------------  -------------------
/opt/airflow/dags/etl_clickhouse.py                           1           0  0.80s           2025-10-29T18:11:25
/opt/airflow/dags/data_ingestion.py                           1           0  0.74s           2025-10-29T18:11:25
================================================================================
[2025-10-29T18:12:01.303+0000] {manager.py:878} INFO - 
================================================================================
DAG File Processing Stats

File Path                            PID    Runtime      # DAGs    # Errors  Last Runtime    Last Run
-----------------------------------  -----  ---------  --------  ----------  --------------  -------------------
/opt/airflow/dags/etl_clickhouse.py                           1           0  0.82s           2025-10-29T18:11:57
/opt/airflow/dags/data_ingestion.py                           1           0  0.78s           2025-10-29T18:11:57
================================================================================
[2025-10-29T18:12:31.646+0000] {manager.py:878} INFO - 
================================================================================
DAG File Processing Stats

File Path                            PID    Runtime      # DAGs    # Errors  Last Runtime    Last Run
-----------------------------------  -----  ---------  --------  ----------  --------------  -------------------
/opt/airflow/dags/etl_clickhouse.py                           1           0  0.83s           2025-10-29T18:12:28
/opt/airflow/dags/data_ingestion.py                           1           0  0.77s           2025-10-29T18:12:28
================================================================================
[2025-10-29T18:13:01.801+0000] {manager.py:878} INFO - 
================================================================================
DAG File Processing Stats

File Path                            PID    Runtime      # DAGs    # Errors  Last Runtime    Last Run
-----------------------------------  -----  ---------  --------  ----------  --------------  -------------------
/opt/airflow/dags/etl_clickhouse.py                           1           0  0.76s           2025-10-29T18:12:59
/opt/airflow/dags/data_ingestion.py                           1           0  0.72s           2025-10-29T18:12:59
================================================================================
[2025-10-29T18:13:31.994+0000] {manager.py:878} INFO - 
================================================================================
DAG File Processing Stats

File Path                            PID    Runtime      # DAGs    # Errors  Last Runtime    Last Run
-----------------------------------  -----  ---------  --------  ----------  --------------  -------------------
/opt/airflow/dags/etl_clickhouse.py                           1           0  0.76s           2025-10-29T18:13:31
/opt/airflow/dags/data_ingestion.py                           1           0  0.73s           2025-10-29T18:13:30
================================================================================
[2025-10-29T18:14:02.172+0000] {manager.py:878} INFO - 
================================================================================
DAG File Processing Stats

File Path                              PID  Runtime      # DAGs    # Errors  Last Runtime    Last Run
-----------------------------------  -----  ---------  --------  ----------  --------------  -------------------
/opt/airflow/dags/etl_clickhouse.py   4292  0.76s             1           0  0.76s           2025-10-29T18:13:31
/opt/airflow/dags/data_ingestion.py                           1           0  0.73s           2025-10-29T18:14:02
================================================================================
[2025-10-29T18:14:32.699+0000] {manager.py:878} INFO - 
================================================================================
DAG File Processing Stats

File Path                              PID  Runtime      # DAGs    # Errors  Last Runtime    Last Run
-----------------------------------  -----  ---------  --------  ----------  --------------  -------------------
/opt/airflow/dags/etl_clickhouse.py   4304  0.03s             1           0  0.77s           2025-10-29T18:14:02
/opt/airflow/dags/data_ingestion.py   4307  0.01s             1           0  0.73s           2025-10-29T18:14:02
================================================================================
[2025-10-29T18:15:02.799+0000] {manager.py:878} INFO - 
================================================================================
DAG File Processing Stats

File Path                            PID    Runtime      # DAGs    # Errors  Last Runtime    Last Run
-----------------------------------  -----  ---------  --------  ----------  --------------  -------------------
/opt/airflow/dags/etl_clickhouse.py                           1           0  0.80s           2025-10-29T18:14:33
/opt/airflow/dags/data_ingestion.py                           1           0  0.75s           2025-10-29T18:14:33
================================================================================
[2025-10-29T18:15:33.011+0000] {manager.py:878} INFO - 
================================================================================
DAG File Processing Stats

File Path                            PID    Runtime      # DAGs    # Errors  Last Runtime    Last Run
-----------------------------------  -----  ---------  --------  ----------  --------------  -------------------
/opt/airflow/dags/etl_clickhouse.py                           1           0  0.81s           2025-10-29T18:15:04
/opt/airflow/dags/data_ingestion.py                           1           0  0.77s           2025-10-29T18:15:04
================================================================================
[2025-10-29T18:16:03.215+0000] {manager.py:878} INFO - 
================================================================================
DAG File Processing Stats

File Path                            PID    Runtime      # DAGs    # Errors  Last Runtime    Last Run
-----------------------------------  -----  ---------  --------  ----------  --------------  -------------------
/opt/airflow/dags/etl_clickhouse.py                           1           0  0.81s           2025-10-29T18:15:35
/opt/airflow/dags/data_ingestion.py                           1           0  0.74s           2025-10-29T18:15:35
================================================================================
[2025-10-29T18:16:13.147+0000] {manager.py:737} INFO - Searching for files in /opt/airflow/dags
[2025-10-29T18:16:13.184+0000] {manager.py:740} INFO - There are 2 files in /opt/airflow/dags
[2025-10-29T18:16:33.529+0000] {manager.py:878} INFO - 
================================================================================
DAG File Processing Stats

File Path                            PID    Runtime      # DAGs    # Errors  Last Runtime    Last Run
-----------------------------------  -----  ---------  --------  ----------  --------------  -------------------
/opt/airflow/dags/etl_clickhouse.py                           1           0  0.79s           2025-10-29T18:16:07
/opt/airflow/dags/data_ingestion.py                           1           0  0.74s           2025-10-29T18:16:07
================================================================================
[2025-10-29T18:17:03.771+0000] {manager.py:878} INFO - 
================================================================================
DAG File Processing Stats

File Path                            PID    Runtime      # DAGs    # Errors  Last Runtime    Last Run
-----------------------------------  -----  ---------  --------  ----------  --------------  -------------------
/opt/airflow/dags/etl_clickhouse.py                           1           0  0.81s           2025-10-29T18:16:38
/opt/airflow/dags/data_ingestion.py                           1           0  0.77s           2025-10-29T18:16:38
================================================================================
[2025-10-29T18:17:33.998+0000] {manager.py:878} INFO - 
================================================================================
DAG File Processing Stats

File Path                            PID    Runtime      # DAGs    # Errors  Last Runtime    Last Run
-----------------------------------  -----  ---------  --------  ----------  --------------  -------------------
/opt/airflow/dags/etl_clickhouse.py                           1           0  0.76s           2025-10-29T18:17:09
/opt/airflow/dags/data_ingestion.py                           1           0  0.71s           2025-10-29T18:17:09
================================================================================
[2025-10-29T18:18:04.177+0000] {manager.py:878} INFO - 
================================================================================
DAG File Processing Stats

File Path                            PID    Runtime      # DAGs    # Errors  Last Runtime    Last Run
-----------------------------------  -----  ---------  --------  ----------  --------------  -------------------
/opt/airflow/dags/etl_clickhouse.py                           1           0  0.83s           2025-10-29T18:17:40
/opt/airflow/dags/data_ingestion.py                           1           0  0.74s           2025-10-29T18:17:40
================================================================================
[2025-10-29T18:18:34.375+0000] {manager.py:878} INFO - 
================================================================================
DAG File Processing Stats

File Path                            PID    Runtime      # DAGs    # Errors  Last Runtime    Last Run
-----------------------------------  -----  ---------  --------  ----------  --------------  -------------------
/opt/airflow/dags/etl_clickhouse.py                           1           0  0.76s           2025-10-29T18:18:12
/opt/airflow/dags/data_ingestion.py                           1           0  0.72s           2025-10-29T18:18:12
================================================================================
[2025-10-29T18:19:04.566+0000] {manager.py:878} INFO - 
================================================================================
DAG File Processing Stats

File Path                            PID    Runtime      # DAGs    # Errors  Last Runtime    Last Run
-----------------------------------  -----  ---------  --------  ----------  --------------  -------------------
/opt/airflow/dags/etl_clickhouse.py                           1           0  0.76s           2025-10-29T18:18:43
/opt/airflow/dags/data_ingestion.py                           1           0  0.73s           2025-10-29T18:18:43
================================================================================
[2025-10-29T18:19:34.887+0000] {manager.py:878} INFO - 
================================================================================
DAG File Processing Stats

File Path                            PID    Runtime      # DAGs    # Errors  Last Runtime    Last Run
-----------------------------------  -----  ---------  --------  ----------  --------------  -------------------
/opt/airflow/dags/etl_clickhouse.py                           1           0  0.82s           2025-10-29T18:19:14
/opt/airflow/dags/data_ingestion.py                           1           0  0.78s           2025-10-29T18:19:14
================================================================================
[2025-10-29T18:20:05.054+0000] {manager.py:878} INFO - 
================================================================================
DAG File Processing Stats

File Path                            PID    Runtime      # DAGs    # Errors  Last Runtime    Last Run
-----------------------------------  -----  ---------  --------  ----------  --------------  -------------------
/opt/airflow/dags/etl_clickhouse.py                           1           0  0.77s           2025-10-29T18:19:45
/opt/airflow/dags/data_ingestion.py                           1           0  0.73s           2025-10-29T18:19:45
================================================================================
[2025-10-29T18:20:35.305+0000] {manager.py:878} INFO - 
================================================================================
DAG File Processing Stats

File Path                            PID    Runtime      # DAGs    # Errors  Last Runtime    Last Run
-----------------------------------  -----  ---------  --------  ----------  --------------  -------------------
/opt/airflow/dags/etl_clickhouse.py                           1           0  0.86s           2025-10-29T18:20:17
/opt/airflow/dags/data_ingestion.py                           1           0  0.80s           2025-10-29T18:20:17
================================================================================
[2025-10-29T18:21:05.623+0000] {manager.py:878} INFO - 
================================================================================
DAG File Processing Stats

File Path                            PID    Runtime      # DAGs    # Errors  Last Runtime    Last Run
-----------------------------------  -----  ---------  --------  ----------  --------------  -------------------
/opt/airflow/dags/etl_clickhouse.py                           1           0  0.91s           2025-10-29T18:20:48
/opt/airflow/dags/data_ingestion.py                           1           0  0.85s           2025-10-29T18:20:48
================================================================================
[2025-10-29T18:21:13.745+0000] {manager.py:737} INFO - Searching for files in /opt/airflow/dags
[2025-10-29T18:21:13.782+0000] {manager.py:740} INFO - There are 2 files in /opt/airflow/dags
[2025-10-29T18:21:35.890+0000] {manager.py:878} INFO - 
================================================================================
DAG File Processing Stats

File Path                            PID    Runtime      # DAGs    # Errors  Last Runtime    Last Run
-----------------------------------  -----  ---------  --------  ----------  --------------  -------------------
/opt/airflow/dags/etl_clickhouse.py                           1           0  0.79s           2025-10-29T18:21:19
/opt/airflow/dags/data_ingestion.py                           1           0  0.74s           2025-10-29T18:21:19
================================================================================
[2025-10-29T18:22:06.067+0000] {manager.py:878} INFO - 
================================================================================
DAG File Processing Stats

File Path                            PID    Runtime      # DAGs    # Errors  Last Runtime    Last Run
-----------------------------------  -----  ---------  --------  ----------  --------------  -------------------
/opt/airflow/dags/etl_clickhouse.py                           1           0  0.85s           2025-10-29T18:21:50
/opt/airflow/dags/data_ingestion.py                           1           0  0.80s           2025-10-29T18:21:50
================================================================================
[2025-10-29T18:22:36.322+0000] {manager.py:878} INFO - 
================================================================================
DAG File Processing Stats

File Path                            PID    Runtime      # DAGs    # Errors  Last Runtime    Last Run
-----------------------------------  -----  ---------  --------  ----------  --------------  -------------------
/opt/airflow/dags/etl_clickhouse.py                           1           0  0.81s           2025-10-29T18:22:22
/opt/airflow/dags/data_ingestion.py                           1           0  0.76s           2025-10-29T18:22:22
================================================================================
[2025-10-29T18:23:06.495+0000] {manager.py:878} INFO - 
================================================================================
DAG File Processing Stats

File Path                            PID    Runtime      # DAGs    # Errors  Last Runtime    Last Run
-----------------------------------  -----  ---------  --------  ----------  --------------  -------------------
/opt/airflow/dags/etl_clickhouse.py                           1           0  0.77s           2025-10-29T18:22:53
/opt/airflow/dags/data_ingestion.py                           1           0  0.72s           2025-10-29T18:22:53
================================================================================
[2025-10-29T18:23:36.831+0000] {manager.py:878} INFO - 
================================================================================
DAG File Processing Stats

File Path                            PID    Runtime      # DAGs    # Errors  Last Runtime    Last Run
-----------------------------------  -----  ---------  --------  ----------  --------------  -------------------
/opt/airflow/dags/etl_clickhouse.py                           1           0  0.80s           2025-10-29T18:23:24
/opt/airflow/dags/data_ingestion.py                           1           0  0.76s           2025-10-29T18:23:24
================================================================================
[2025-10-29T18:24:07.035+0000] {manager.py:878} INFO - 
================================================================================
DAG File Processing Stats

File Path                            PID    Runtime      # DAGs    # Errors  Last Runtime    Last Run
-----------------------------------  -----  ---------  --------  ----------  --------------  -------------------
/opt/airflow/dags/etl_clickhouse.py                           1           0  0.79s           2025-10-29T18:23:55
/opt/airflow/dags/data_ingestion.py                           1           0  0.74s           2025-10-29T18:23:55
================================================================================
[2025-10-29T18:24:37.262+0000] {manager.py:878} INFO - 
================================================================================
DAG File Processing Stats

File Path                            PID    Runtime      # DAGs    # Errors  Last Runtime    Last Run
-----------------------------------  -----  ---------  --------  ----------  --------------  -------------------
/opt/airflow/dags/etl_clickhouse.py                           1           0  0.79s           2025-10-29T18:24:27
/opt/airflow/dags/data_ingestion.py                           1           0  0.74s           2025-10-29T18:24:27
================================================================================
[2025-10-29T18:25:07.532+0000] {manager.py:878} INFO - 
================================================================================
DAG File Processing Stats

File Path                            PID    Runtime      # DAGs    # Errors  Last Runtime    Last Run
-----------------------------------  -----  ---------  --------  ----------  --------------  -------------------
/opt/airflow/dags/etl_clickhouse.py                           1           0  0.86s           2025-10-29T18:24:58
/opt/airflow/dags/data_ingestion.py                           1           0  0.79s           2025-10-29T18:24:58
================================================================================
[2025-10-29T18:25:37.859+0000] {manager.py:878} INFO - 
================================================================================
DAG File Processing Stats

File Path                            PID    Runtime      # DAGs    # Errors  Last Runtime    Last Run
-----------------------------------  -----  ---------  --------  ----------  --------------  -------------------
/opt/airflow/dags/etl_clickhouse.py                           1           0  0.88s           2025-10-29T18:25:29
/opt/airflow/dags/data_ingestion.py                           1           0  0.82s           2025-10-29T18:25:29
================================================================================
[2025-10-29T18:26:08.138+0000] {manager.py:878} INFO - 
================================================================================
DAG File Processing Stats

File Path                            PID    Runtime      # DAGs    # Errors  Last Runtime    Last Run
-----------------------------------  -----  ---------  --------  ----------  --------------  -------------------
/opt/airflow/dags/etl_clickhouse.py                           1           0  0.81s           2025-10-29T18:26:01
/opt/airflow/dags/data_ingestion.py                           1           0  0.77s           2025-10-29T18:26:01
================================================================================
[2025-10-29T18:26:14.218+0000] {manager.py:737} INFO - Searching for files in /opt/airflow/dags
[2025-10-29T18:26:14.264+0000] {manager.py:740} INFO - There are 2 files in /opt/airflow/dags
[2025-10-29T18:26:38.384+0000] {manager.py:878} INFO - 
================================================================================
DAG File Processing Stats

File Path                            PID    Runtime      # DAGs    # Errors  Last Runtime    Last Run
-----------------------------------  -----  ---------  --------  ----------  --------------  -------------------
/opt/airflow/dags/etl_clickhouse.py                           1           0  0.81s           2025-10-29T18:26:32
/opt/airflow/dags/data_ingestion.py                           1           0  0.76s           2025-10-29T18:26:32
================================================================================
[2025-10-29T18:27:08.652+0000] {manager.py:878} INFO - 
================================================================================
DAG File Processing Stats

File Path                            PID    Runtime      # DAGs    # Errors  Last Runtime    Last Run
-----------------------------------  -----  ---------  --------  ----------  --------------  -------------------
/opt/airflow/dags/etl_clickhouse.py                           1           0  0.83s           2025-10-29T18:27:03
/opt/airflow/dags/data_ingestion.py                           1           0  0.79s           2025-10-29T18:27:03
================================================================================
[2025-10-29T18:27:38.855+0000] {manager.py:878} INFO - 
================================================================================
DAG File Processing Stats

File Path                            PID    Runtime      # DAGs    # Errors  Last Runtime    Last Run
-----------------------------------  -----  ---------  --------  ----------  --------------  -------------------
/opt/airflow/dags/etl_clickhouse.py                           1           0  0.80s           2025-10-29T18:27:34
/opt/airflow/dags/data_ingestion.py                           1           0  0.76s           2025-10-29T18:27:34
================================================================================
[2025-10-29T18:28:09.024+0000] {manager.py:878} INFO - 
================================================================================
DAG File Processing Stats

File Path                            PID    Runtime      # DAGs    # Errors  Last Runtime    Last Run
-----------------------------------  -----  ---------  --------  ----------  --------------  -------------------
/opt/airflow/dags/etl_clickhouse.py                           1           0  0.80s           2025-10-29T18:28:06
/opt/airflow/dags/data_ingestion.py                           1           0  0.76s           2025-10-29T18:28:05
================================================================================
[2025-10-29T18:28:39.223+0000] {manager.py:878} INFO - 
================================================================================
DAG File Processing Stats

File Path                            PID    Runtime      # DAGs    # Errors  Last Runtime    Last Run
-----------------------------------  -----  ---------  --------  ----------  --------------  -------------------
/opt/airflow/dags/etl_clickhouse.py                           1           0  0.80s           2025-10-29T18:28:37
/opt/airflow/dags/data_ingestion.py                           1           0  0.75s           2025-10-29T18:28:37
================================================================================
[2025-10-29T18:29:09.406+0000] {manager.py:878} INFO - 
================================================================================
DAG File Processing Stats

File Path                            PID    Runtime      # DAGs    # Errors  Last Runtime    Last Run
-----------------------------------  -----  ---------  --------  ----------  --------------  -------------------
/opt/airflow/dags/etl_clickhouse.py                           1           0  0.82s           2025-10-29T18:29:08
/opt/airflow/dags/data_ingestion.py                           1           0  0.77s           2025-10-29T18:29:08
================================================================================
[2025-10-29T18:29:39.619+0000] {manager.py:878} INFO - 
================================================================================
DAG File Processing Stats

File Path                              PID  Runtime      # DAGs    # Errors  Last Runtime    Last Run
-----------------------------------  -----  ---------  --------  ----------  --------------  -------------------
/opt/airflow/dags/etl_clickhouse.py   4652  0.76s             1           0  0.82s           2025-10-29T18:29:08
/opt/airflow/dags/data_ingestion.py                           1           0  0.73s           2025-10-29T18:29:39
================================================================================
[2025-10-29T18:30:10.087+0000] {manager.py:878} INFO - 
================================================================================
DAG File Processing Stats

File Path                              PID  Runtime      # DAGs    # Errors  Last Runtime    Last Run
-----------------------------------  -----  ---------  --------  ----------  --------------  -------------------
/opt/airflow/dags/etl_clickhouse.py   4664  0.02s             1           0  0.79s           2025-10-29T18:29:39
/opt/airflow/dags/data_ingestion.py   4667  0.01s             1           0  0.73s           2025-10-29T18:29:39
================================================================================
[2025-10-29T18:30:40.337+0000] {manager.py:878} INFO - 
================================================================================
DAG File Processing Stats

File Path                            PID    Runtime      # DAGs    # Errors  Last Runtime    Last Run
-----------------------------------  -----  ---------  --------  ----------  --------------  -------------------
/opt/airflow/dags/etl_clickhouse.py                           1           0  0.87s           2025-10-29T18:30:10
/opt/airflow/dags/data_ingestion.py                           1           0  0.81s           2025-10-29T18:30:10
================================================================================
[2025-10-29T18:31:10.539+0000] {manager.py:878} INFO - 
================================================================================
DAG File Processing Stats

File Path                            PID    Runtime      # DAGs    # Errors  Last Runtime    Last Run
-----------------------------------  -----  ---------  --------  ----------  --------------  -------------------
/opt/airflow/dags/etl_clickhouse.py                           1           0  0.77s           2025-10-29T18:30:42
/opt/airflow/dags/data_ingestion.py                           1           0  0.72s           2025-10-29T18:30:42
================================================================================
[2025-10-29T18:31:14.404+0000] {manager.py:737} INFO - Searching for files in /opt/airflow/dags
[2025-10-29T18:31:14.479+0000] {manager.py:740} INFO - There are 2 files in /opt/airflow/dags
[2025-10-29T18:31:40.933+0000] {manager.py:878} INFO - 
================================================================================
DAG File Processing Stats

File Path                            PID    Runtime      # DAGs    # Errors  Last Runtime    Last Run
-----------------------------------  -----  ---------  --------  ----------  --------------  -------------------
/opt/airflow/dags/etl_clickhouse.py                           1           0  0.80s           2025-10-29T18:31:13
/opt/airflow/dags/data_ingestion.py                           1           0  0.74s           2025-10-29T18:31:13
================================================================================
[2025-10-29T18:32:11.138+0000] {manager.py:878} INFO - 
================================================================================
DAG File Processing Stats

File Path                            PID    Runtime      # DAGs    # Errors  Last Runtime    Last Run
-----------------------------------  -----  ---------  --------  ----------  --------------  -------------------
/opt/airflow/dags/etl_clickhouse.py                           1           0  0.84s           2025-10-29T18:31:44
/opt/airflow/dags/data_ingestion.py                           1           0  0.78s           2025-10-29T18:31:44
================================================================================
[2025-10-29T18:32:41.223+0000] {manager.py:878} INFO - 
================================================================================
DAG File Processing Stats

File Path                            PID    Runtime      # DAGs    # Errors  Last Runtime    Last Run
-----------------------------------  -----  ---------  --------  ----------  --------------  -------------------
/opt/airflow/dags/etl_clickhouse.py                           1           0  0.82s           2025-10-29T18:32:16
/opt/airflow/dags/data_ingestion.py                           1           0  0.76s           2025-10-29T18:32:16
================================================================================
[2025-10-29T18:33:11.528+0000] {manager.py:878} INFO - 
================================================================================
DAG File Processing Stats

File Path                            PID    Runtime      # DAGs    # Errors  Last Runtime    Last Run
-----------------------------------  -----  ---------  --------  ----------  --------------  -------------------
/opt/airflow/dags/etl_clickhouse.py                           1           0  1.05s           2025-10-29T18:32:47
/opt/airflow/dags/data_ingestion.py                           1           0  0.96s           2025-10-29T18:32:47
================================================================================
[2025-10-29T18:33:41.976+0000] {manager.py:878} INFO - 
================================================================================
DAG File Processing Stats

File Path                            PID    Runtime      # DAGs    # Errors  Last Runtime    Last Run
-----------------------------------  -----  ---------  --------  ----------  --------------  -------------------
/opt/airflow/dags/data_ingestion.py                           1           0  5.58s           2025-10-29T18:33:23
/opt/airflow/dags/etl_clickhouse.py                           1           0  5.55s           2025-10-29T18:33:23
================================================================================
[2025-10-29T18:34:21.626+0000] {manager.py:878} INFO - 
================================================================================
DAG File Processing Stats

File Path                            PID    Runtime      # DAGs    # Errors  Last Runtime    Last Run
-----------------------------------  -----  ---------  --------  ----------  --------------  -------------------
/opt/airflow/dags/etl_clickhouse.py                           1           0  11.05s          2025-10-29T18:34:04
/opt/airflow/dags/data_ingestion.py                           1           0  10.93s          2025-10-29T18:34:04
================================================================================
[2025-10-29T18:34:51.729+0000] {manager.py:878} INFO - 
================================================================================
DAG File Processing Stats

File Path                            PID    Runtime      # DAGs    # Errors  Last Runtime    Last Run
-----------------------------------  -----  ---------  --------  ----------  --------------  -------------------
/opt/airflow/dags/etl_clickhouse.py                           1           0  0.82s           2025-10-29T18:34:35
/opt/airflow/dags/data_ingestion.py                           1           0  0.79s           2025-10-29T18:34:35
================================================================================
[2025-10-29T18:35:21.799+0000] {manager.py:878} INFO - 
================================================================================
DAG File Processing Stats

File Path                            PID    Runtime      # DAGs    # Errors  Last Runtime    Last Run
-----------------------------------  -----  ---------  --------  ----------  --------------  -------------------
/opt/airflow/dags/etl_clickhouse.py                           1           0  0.89s           2025-10-29T18:35:06
/opt/airflow/dags/data_ingestion.py                           1           0  0.83s           2025-10-29T18:35:06
================================================================================
[2025-10-29T18:35:51.919+0000] {manager.py:878} INFO - 
================================================================================
DAG File Processing Stats

File Path                            PID    Runtime      # DAGs    # Errors  Last Runtime    Last Run
-----------------------------------  -----  ---------  --------  ----------  --------------  -------------------
/opt/airflow/dags/etl_clickhouse.py                           1           0  0.92s           2025-10-29T18:35:37
/opt/airflow/dags/data_ingestion.py                           1           0  0.87s           2025-10-29T18:35:37
================================================================================
[2025-10-29T18:36:14.447+0000] {manager.py:737} INFO - Searching for files in /opt/airflow/dags
[2025-10-29T18:36:14.483+0000] {manager.py:740} INFO - There are 2 files in /opt/airflow/dags
[2025-10-29T18:36:22.562+0000] {manager.py:878} INFO - 
================================================================================
DAG File Processing Stats

File Path                            PID    Runtime      # DAGs    # Errors  Last Runtime    Last Run
-----------------------------------  -----  ---------  --------  ----------  --------------  -------------------
/opt/airflow/dags/etl_clickhouse.py                           1           0  1.38s           2025-10-29T18:36:09
/opt/airflow/dags/data_ingestion.py                           1           0  1.35s           2025-10-29T18:36:09
================================================================================
[2025-10-29T18:36:52.780+0000] {manager.py:878} INFO - 
================================================================================
DAG File Processing Stats

File Path                            PID    Runtime      # DAGs    # Errors  Last Runtime    Last Run
-----------------------------------  -----  ---------  --------  ----------  --------------  -------------------
/opt/airflow/dags/etl_clickhouse.py                           1           0  0.97s           2025-10-29T18:36:40
/opt/airflow/dags/data_ingestion.py                           1           0  0.95s           2025-10-29T18:36:40
================================================================================
[2025-10-29T18:37:22.817+0000] {manager.py:878} INFO - 
================================================================================
DAG File Processing Stats

File Path                            PID    Runtime      # DAGs    # Errors  Last Runtime    Last Run
-----------------------------------  -----  ---------  --------  ----------  --------------  -------------------
/opt/airflow/dags/etl_clickhouse.py                           1           0  0.83s           2025-10-29T18:37:11
/opt/airflow/dags/data_ingestion.py                           1           0  0.79s           2025-10-29T18:37:11
================================================================================
[2025-10-29T18:37:52.919+0000] {manager.py:878} INFO - 
================================================================================
DAG File Processing Stats

File Path                            PID    Runtime      # DAGs    # Errors  Last Runtime    Last Run
-----------------------------------  -----  ---------  --------  ----------  --------------  -------------------
/opt/airflow/dags/etl_clickhouse.py                           1           0  0.88s           2025-10-29T18:37:42
/opt/airflow/dags/data_ingestion.py                           1           0  0.83s           2025-10-29T18:37:42
================================================================================
[2025-10-29T18:38:23.098+0000] {manager.py:878} INFO - 
================================================================================
DAG File Processing Stats

File Path                            PID    Runtime      # DAGs    # Errors  Last Runtime    Last Run
-----------------------------------  -----  ---------  --------  ----------  --------------  -------------------
/opt/airflow/dags/etl_clickhouse.py                           1           0  0.95s           2025-10-29T18:38:14
/opt/airflow/dags/data_ingestion.py                           1           0  0.95s           2025-10-29T18:38:14
================================================================================
[2025-10-29T18:38:53.150+0000] {manager.py:878} INFO - 
================================================================================
DAG File Processing Stats

File Path                            PID    Runtime      # DAGs    # Errors  Last Runtime    Last Run
-----------------------------------  -----  ---------  --------  ----------  --------------  -------------------
/opt/airflow/dags/etl_clickhouse.py                           1           0  0.84s           2025-10-29T18:38:45
/opt/airflow/dags/data_ingestion.py                           1           0  0.80s           2025-10-29T18:38:45
================================================================================
[2025-10-29T18:39:23.202+0000] {manager.py:878} INFO - 
================================================================================
DAG File Processing Stats

File Path                            PID    Runtime      # DAGs    # Errors  Last Runtime    Last Run
-----------------------------------  -----  ---------  --------  ----------  --------------  -------------------
/opt/airflow/dags/etl_clickhouse.py                           1           0  0.82s           2025-10-29T18:39:16
/opt/airflow/dags/data_ingestion.py                           1           0  0.77s           2025-10-29T18:39:16
================================================================================
[2025-10-29T18:39:53.353+0000] {manager.py:878} INFO - 
================================================================================
DAG File Processing Stats

File Path                            PID    Runtime      # DAGs    # Errors  Last Runtime    Last Run
-----------------------------------  -----  ---------  --------  ----------  --------------  -------------------
/opt/airflow/dags/etl_clickhouse.py                           1           0  0.92s           2025-10-29T18:39:47
/opt/airflow/dags/data_ingestion.py                           1           0  0.85s           2025-10-29T18:39:47
================================================================================
[2025-10-29T18:40:23.414+0000] {manager.py:878} INFO - 
================================================================================
DAG File Processing Stats

File Path                            PID    Runtime      # DAGs    # Errors  Last Runtime    Last Run
-----------------------------------  -----  ---------  --------  ----------  --------------  -------------------
/opt/airflow/dags/etl_clickhouse.py                           1           0  0.91s           2025-10-29T18:40:18
/opt/airflow/dags/data_ingestion.py                           1           0  0.79s           2025-10-29T18:40:18
================================================================================
[2025-10-29T18:40:53.642+0000] {manager.py:878} INFO - 
================================================================================
DAG File Processing Stats

File Path                            PID    Runtime      # DAGs    # Errors  Last Runtime    Last Run
-----------------------------------  -----  ---------  --------  ----------  --------------  -------------------
/opt/airflow/dags/etl_clickhouse.py                           1           0  1.00s           2025-10-29T18:40:49
/opt/airflow/dags/data_ingestion.py                           1           0  0.96s           2025-10-29T18:40:49
================================================================================
[2025-10-29T18:41:14.790+0000] {manager.py:737} INFO - Searching for files in /opt/airflow/dags
[2025-10-29T18:41:14.830+0000] {manager.py:740} INFO - There are 2 files in /opt/airflow/dags
[2025-10-29T18:41:23.777+0000] {manager.py:878} INFO - 
================================================================================
DAG File Processing Stats

File Path                            PID    Runtime      # DAGs    # Errors  Last Runtime    Last Run
-----------------------------------  -----  ---------  --------  ----------  --------------  -------------------
/opt/airflow/dags/etl_clickhouse.py                           1           0  0.88s           2025-10-29T18:41:20
/opt/airflow/dags/data_ingestion.py                           1           0  0.84s           2025-10-29T18:41:20
================================================================================
[2025-10-29T18:41:53.882+0000] {manager.py:878} INFO - 
================================================================================
DAG File Processing Stats

File Path                            PID    Runtime      # DAGs    # Errors  Last Runtime    Last Run
-----------------------------------  -----  ---------  --------  ----------  --------------  -------------------
/opt/airflow/dags/etl_clickhouse.py                           1           0  0.80s           2025-10-29T18:41:51
/opt/airflow/dags/data_ingestion.py                           1           0  0.75s           2025-10-29T18:41:51
================================================================================
[2025-10-29T18:42:24.168+0000] {manager.py:878} INFO - 
================================================================================
DAG File Processing Stats

File Path                            PID    Runtime      # DAGs    # Errors  Last Runtime    Last Run
-----------------------------------  -----  ---------  --------  ----------  --------------  -------------------
/opt/airflow/dags/etl_clickhouse.py                           1           0  0.95s           2025-10-29T18:42:23
/opt/airflow/dags/data_ingestion.py                           1           0  0.85s           2025-10-29T18:42:23
================================================================================
[2025-10-29T18:42:54.360+0000] {manager.py:878} INFO - 
================================================================================
DAG File Processing Stats

File Path                              PID  Runtime      # DAGs    # Errors  Last Runtime    Last Run
-----------------------------------  -----  ---------  --------  ----------  --------------  -------------------
/opt/airflow/dags/etl_clickhouse.py   4952  0.77s             1           0  0.95s           2025-10-29T18:42:23
/opt/airflow/dags/data_ingestion.py                           1           0  0.74s           2025-10-29T18:42:54
================================================================================
[2025-10-29T18:43:24.794+0000] {manager.py:878} INFO - 
================================================================================
DAG File Processing Stats

File Path                              PID  Runtime      # DAGs    # Errors  Last Runtime    Last Run
-----------------------------------  -----  ---------  --------  ----------  --------------  -------------------
/opt/airflow/dags/etl_clickhouse.py   4964  0.03s             1           0  0.78s           2025-10-29T18:42:54
/opt/airflow/dags/data_ingestion.py   4967  0.01s             1           0  0.74s           2025-10-29T18:42:54
================================================================================
[2025-10-29T18:43:54.978+0000] {manager.py:878} INFO - 
================================================================================
DAG File Processing Stats

File Path                            PID    Runtime      # DAGs    # Errors  Last Runtime    Last Run
-----------------------------------  -----  ---------  --------  ----------  --------------  -------------------
/opt/airflow/dags/etl_clickhouse.py                           1           0  0.77s           2025-10-29T18:43:25
/opt/airflow/dags/data_ingestion.py                           1           0  0.73s           2025-10-29T18:43:25
================================================================================
[2025-10-29T18:44:25.153+0000] {manager.py:878} INFO - 
================================================================================
DAG File Processing Stats

File Path                            PID    Runtime      # DAGs    # Errors  Last Runtime    Last Run
-----------------------------------  -----  ---------  --------  ----------  --------------  -------------------
/opt/airflow/dags/etl_clickhouse.py                           1           0  0.75s           2025-10-29T18:43:56
/opt/airflow/dags/data_ingestion.py                           1           0  0.70s           2025-10-29T18:43:56
================================================================================
[2025-10-29T18:44:55.374+0000] {manager.py:878} INFO - 
================================================================================
DAG File Processing Stats

File Path                            PID    Runtime      # DAGs    # Errors  Last Runtime    Last Run
-----------------------------------  -----  ---------  --------  ----------  --------------  -------------------
/opt/airflow/dags/etl_clickhouse.py                           1           0  0.86s           2025-10-29T18:44:28
/opt/airflow/dags/data_ingestion.py                           1           0  0.82s           2025-10-29T18:44:28
================================================================================
[2025-10-29T18:45:25.750+0000] {manager.py:878} INFO - 
================================================================================
DAG File Processing Stats

File Path                            PID    Runtime      # DAGs    # Errors  Last Runtime    Last Run
-----------------------------------  -----  ---------  --------  ----------  --------------  -------------------
/opt/airflow/dags/etl_clickhouse.py                           1           0  0.95s           2025-10-29T18:44:59
/opt/airflow/dags/data_ingestion.py                           1           0  0.92s           2025-10-29T18:44:59
================================================================================
[2025-10-29T18:45:56.016+0000] {manager.py:878} INFO - 
================================================================================
DAG File Processing Stats

File Path                            PID    Runtime      # DAGs    # Errors  Last Runtime    Last Run
-----------------------------------  -----  ---------  --------  ----------  --------------  -------------------
/opt/airflow/dags/etl_clickhouse.py                           1           0  0.82s           2025-10-29T18:45:30
/opt/airflow/dags/data_ingestion.py                           1           0  0.75s           2025-10-29T18:45:30
================================================================================
[2025-10-29T18:46:15.068+0000] {manager.py:737} INFO - Searching for files in /opt/airflow/dags
[2025-10-29T18:46:15.124+0000] {manager.py:740} INFO - There are 2 files in /opt/airflow/dags
[2025-10-29T18:46:26.316+0000] {manager.py:878} INFO - 
================================================================================
DAG File Processing Stats

File Path                            PID    Runtime      # DAGs    # Errors  Last Runtime    Last Run
-----------------------------------  -----  ---------  --------  ----------  --------------  -------------------
/opt/airflow/dags/etl_clickhouse.py                           1           0  0.78s           2025-10-29T18:46:01
/opt/airflow/dags/data_ingestion.py                           1           0  0.74s           2025-10-29T18:46:01
================================================================================
[2025-10-29T18:46:56.515+0000] {manager.py:878} INFO - 
================================================================================
DAG File Processing Stats

File Path                            PID    Runtime      # DAGs    # Errors  Last Runtime    Last Run
-----------------------------------  -----  ---------  --------  ----------  --------------  -------------------
/opt/airflow/dags/etl_clickhouse.py                           1           0  0.79s           2025-10-29T18:46:33
/opt/airflow/dags/data_ingestion.py                           1           0  0.74s           2025-10-29T18:46:33
================================================================================
[2025-10-29T18:47:26.742+0000] {manager.py:878} INFO - 
================================================================================
DAG File Processing Stats

File Path                            PID    Runtime      # DAGs    # Errors  Last Runtime    Last Run
-----------------------------------  -----  ---------  --------  ----------  --------------  -------------------
/opt/airflow/dags/etl_clickhouse.py                           1           0  0.79s           2025-10-29T18:47:04
/opt/airflow/dags/data_ingestion.py                           1           0  0.75s           2025-10-29T18:47:04
================================================================================
[2025-10-29T18:47:56.872+0000] {manager.py:878} INFO - 
================================================================================
DAG File Processing Stats

File Path                            PID    Runtime      # DAGs    # Errors  Last Runtime    Last Run
-----------------------------------  -----  ---------  --------  ----------  --------------  -------------------
/opt/airflow/dags/etl_clickhouse.py                           1           0  0.80s           2025-10-29T18:47:35
/opt/airflow/dags/data_ingestion.py                           1           0  0.73s           2025-10-29T18:47:35
================================================================================
[2025-10-29T18:48:27.056+0000] {manager.py:878} INFO - 
================================================================================
DAG File Processing Stats

File Path                            PID    Runtime      # DAGs    # Errors  Last Runtime    Last Run
-----------------------------------  -----  ---------  --------  ----------  --------------  -------------------
/opt/airflow/dags/etl_clickhouse.py                           1           0  0.77s           2025-10-29T18:48:06
/opt/airflow/dags/data_ingestion.py                           1           0  0.73s           2025-10-29T18:48:06
================================================================================
[2025-10-29T18:48:57.190+0000] {manager.py:878} INFO - 
================================================================================
DAG File Processing Stats

File Path                            PID    Runtime      # DAGs    # Errors  Last Runtime    Last Run
-----------------------------------  -----  ---------  --------  ----------  --------------  -------------------
/opt/airflow/dags/etl_clickhouse.py                           1           0  0.78s           2025-10-29T18:48:37
/opt/airflow/dags/data_ingestion.py                           1           0  0.72s           2025-10-29T18:48:37
================================================================================
[2025-10-29T18:49:27.412+0000] {manager.py:878} INFO - 
================================================================================
DAG File Processing Stats

File Path                            PID    Runtime      # DAGs    # Errors  Last Runtime    Last Run
-----------------------------------  -----  ---------  --------  ----------  --------------  -------------------
/opt/airflow/dags/etl_clickhouse.py                           1           0  0.84s           2025-10-29T18:49:09
/opt/airflow/dags/data_ingestion.py                           1           0  0.77s           2025-10-29T18:49:09
================================================================================
[2025-10-29T18:49:57.647+0000] {manager.py:878} INFO - 
================================================================================
DAG File Processing Stats

File Path                            PID    Runtime      # DAGs    # Errors  Last Runtime    Last Run
-----------------------------------  -----  ---------  --------  ----------  --------------  -------------------
/opt/airflow/dags/etl_clickhouse.py                           1           0  0.78s           2025-10-29T18:49:40
/opt/airflow/dags/data_ingestion.py                           1           0  0.74s           2025-10-29T18:49:40
================================================================================
[2025-10-29T18:50:27.826+0000] {manager.py:878} INFO - 
================================================================================
DAG File Processing Stats

File Path                            PID    Runtime      # DAGs    # Errors  Last Runtime    Last Run
-----------------------------------  -----  ---------  --------  ----------  --------------  -------------------
/opt/airflow/dags/etl_clickhouse.py                           1           0  0.81s           2025-10-29T18:50:11
/opt/airflow/dags/data_ingestion.py                           1           0  0.76s           2025-10-29T18:50:11
================================================================================
[2025-10-29T18:50:58.036+0000] {manager.py:878} INFO - 
================================================================================
DAG File Processing Stats

File Path                            PID    Runtime      # DAGs    # Errors  Last Runtime    Last Run
-----------------------------------  -----  ---------  --------  ----------  --------------  -------------------
/opt/airflow/dags/etl_clickhouse.py                           1           0  0.80s           2025-10-29T18:50:42
/opt/airflow/dags/data_ingestion.py                           1           0  0.75s           2025-10-29T18:50:42
================================================================================
[2025-10-29T18:51:15.096+0000] {manager.py:737} INFO - Searching for files in /opt/airflow/dags
[2025-10-29T18:51:15.165+0000] {manager.py:740} INFO - There are 2 files in /opt/airflow/dags
[2025-10-29T18:51:28.406+0000] {manager.py:878} INFO - 
================================================================================
DAG File Processing Stats

File Path                            PID    Runtime      # DAGs    # Errors  Last Runtime    Last Run
-----------------------------------  -----  ---------  --------  ----------  --------------  -------------------
/opt/airflow/dags/etl_clickhouse.py                           1           0  0.83s           2025-10-29T18:51:14
/opt/airflow/dags/data_ingestion.py                           1           0  0.78s           2025-10-29T18:51:14
================================================================================
[2025-10-29T18:51:58.597+0000] {manager.py:878} INFO - 
================================================================================
DAG File Processing Stats

File Path                            PID    Runtime      # DAGs    # Errors  Last Runtime    Last Run
-----------------------------------  -----  ---------  --------  ----------  --------------  -------------------
/opt/airflow/dags/etl_clickhouse.py                           1           0  0.79s           2025-10-29T18:51:45
/opt/airflow/dags/data_ingestion.py                           1           0  0.75s           2025-10-29T18:51:45
================================================================================
[2025-10-29T18:52:28.894+0000] {manager.py:878} INFO - 
================================================================================
DAG File Processing Stats

File Path                            PID    Runtime      # DAGs    # Errors  Last Runtime    Last Run
-----------------------------------  -----  ---------  --------  ----------  --------------  -------------------
/opt/airflow/dags/etl_clickhouse.py                           1           0  0.88s           2025-10-29T18:52:16
/opt/airflow/dags/data_ingestion.py                           1           0  0.82s           2025-10-29T18:52:16
================================================================================
[2025-10-29T18:52:59.171+0000] {manager.py:878} INFO - 
================================================================================
DAG File Processing Stats

File Path                            PID    Runtime      # DAGs    # Errors  Last Runtime    Last Run
-----------------------------------  -----  ---------  --------  ----------  --------------  -------------------
/opt/airflow/dags/etl_clickhouse.py                           1           0  0.91s           2025-10-29T18:52:48
/opt/airflow/dags/data_ingestion.py                           1           0  0.88s           2025-10-29T18:52:48
================================================================================
[2025-10-29T18:53:29.359+0000] {manager.py:878} INFO - 
================================================================================
DAG File Processing Stats

File Path                            PID    Runtime      # DAGs    # Errors  Last Runtime    Last Run
-----------------------------------  -----  ---------  --------  ----------  --------------  -------------------
/opt/airflow/dags/etl_clickhouse.py                           1           0  0.83s           2025-10-29T18:53:19
/opt/airflow/dags/data_ingestion.py                           1           0  0.76s           2025-10-29T18:53:19
================================================================================
[2025-10-29T18:53:59.766+0000] {manager.py:878} INFO - 
================================================================================
DAG File Processing Stats

File Path                            PID    Runtime      # DAGs    # Errors  Last Runtime    Last Run
-----------------------------------  -----  ---------  --------  ----------  --------------  -------------------
/opt/airflow/dags/etl_clickhouse.py                           1           0  0.86s           2025-10-29T18:53:50
/opt/airflow/dags/data_ingestion.py                           1           0  0.83s           2025-10-29T18:53:50
================================================================================
[2025-10-29T18:54:30.072+0000] {manager.py:878} INFO - 
================================================================================
DAG File Processing Stats

File Path                            PID    Runtime      # DAGs    # Errors  Last Runtime    Last Run
-----------------------------------  -----  ---------  --------  ----------  --------------  -------------------
/opt/airflow/dags/etl_clickhouse.py                           1           0  0.99s           2025-10-29T18:54:22
/opt/airflow/dags/data_ingestion.py                           1           0  0.94s           2025-10-29T18:54:21
================================================================================
[2025-10-29T18:55:00.242+0000] {manager.py:878} INFO - 
================================================================================
DAG File Processing Stats

File Path                            PID    Runtime      # DAGs    # Errors  Last Runtime    Last Run
-----------------------------------  -----  ---------  --------  ----------  --------------  -------------------
/opt/airflow/dags/etl_clickhouse.py                           1           0  0.89s           2025-10-29T18:54:53
/opt/airflow/dags/data_ingestion.py                           1           0  0.76s           2025-10-29T18:54:53
================================================================================
[2025-10-29T18:55:30.489+0000] {manager.py:878} INFO - 
================================================================================
DAG File Processing Stats

File Path                            PID    Runtime      # DAGs    # Errors  Last Runtime    Last Run
-----------------------------------  -----  ---------  --------  ----------  --------------  -------------------
/opt/airflow/dags/etl_clickhouse.py                           1           0  0.82s           2025-10-29T18:55:24
/opt/airflow/dags/data_ingestion.py                           1           0  0.78s           2025-10-29T18:55:24
================================================================================
[2025-10-29T18:56:00.717+0000] {manager.py:878} INFO - 
================================================================================
DAG File Processing Stats

File Path                            PID    Runtime      # DAGs    # Errors  Last Runtime    Last Run
-----------------------------------  -----  ---------  --------  ----------  --------------  -------------------
/opt/airflow/dags/etl_clickhouse.py                           1           0  0.86s           2025-10-29T18:55:55
/opt/airflow/dags/data_ingestion.py                           1           0  0.81s           2025-10-29T18:55:55
================================================================================
[2025-10-29T18:56:15.887+0000] {manager.py:737} INFO - Searching for files in /opt/airflow/dags
[2025-10-29T18:56:15.966+0000] {manager.py:740} INFO - There are 2 files in /opt/airflow/dags
[2025-10-29T18:56:30.984+0000] {manager.py:878} INFO - 
================================================================================
DAG File Processing Stats

File Path                            PID    Runtime      # DAGs    # Errors  Last Runtime    Last Run
-----------------------------------  -----  ---------  --------  ----------  --------------  -------------------
/opt/airflow/dags/etl_clickhouse.py                           1           0  0.81s           2025-10-29T18:56:26
/opt/airflow/dags/data_ingestion.py                           1           0  0.76s           2025-10-29T18:56:26
================================================================================
[2025-10-29T18:57:01.158+0000] {manager.py:878} INFO - 
================================================================================
DAG File Processing Stats

File Path                            PID    Runtime      # DAGs    # Errors  Last Runtime    Last Run
-----------------------------------  -----  ---------  --------  ----------  --------------  -------------------
/opt/airflow/dags/etl_clickhouse.py                           1           0  0.88s           2025-10-29T18:56:58
/opt/airflow/dags/data_ingestion.py                           1           0  0.81s           2025-10-29T18:56:58
================================================================================
[2025-10-29T18:57:31.436+0000] {manager.py:878} INFO - 
================================================================================
DAG File Processing Stats

File Path                            PID    Runtime      # DAGs    # Errors  Last Runtime    Last Run
-----------------------------------  -----  ---------  --------  ----------  --------------  -------------------
/opt/airflow/dags/etl_clickhouse.py                           1           0  0.88s           2025-10-29T18:57:29
/opt/airflow/dags/data_ingestion.py                           1           0  0.81s           2025-10-29T18:57:29
================================================================================
[2025-10-29T18:58:01.638+0000] {manager.py:878} INFO - 
================================================================================
DAG File Processing Stats

File Path                            PID    Runtime      # DAGs    # Errors  Last Runtime    Last Run
-----------------------------------  -----  ---------  --------  ----------  --------------  -------------------
/opt/airflow/dags/etl_clickhouse.py                           1           0  0.82s           2025-10-29T18:58:00
/opt/airflow/dags/data_ingestion.py                           1           0  0.77s           2025-10-29T18:58:00
================================================================================
[2025-10-29T18:58:31.834+0000] {manager.py:878} INFO - 
================================================================================
DAG File Processing Stats

File Path                              PID  Runtime      # DAGs    # Errors  Last Runtime    Last Run
-----------------------------------  -----  ---------  --------  ----------  --------------  -------------------
/opt/airflow/dags/etl_clickhouse.py   5312  0.78s             1           0  0.82s           2025-10-29T18:58:00
/opt/airflow/dags/data_ingestion.py                           1           0  0.76s           2025-10-29T18:58:31
================================================================================
[2025-10-29T18:59:02.274+0000] {manager.py:878} INFO - 
================================================================================
DAG File Processing Stats

File Path                              PID  Runtime      # DAGs    # Errors  Last Runtime    Last Run
-----------------------------------  -----  ---------  --------  ----------  --------------  -------------------
/opt/airflow/dags/etl_clickhouse.py   5324  0.02s             1           0  0.81s           2025-10-29T18:58:31
/opt/airflow/dags/data_ingestion.py   5327  0.01s             1           0  0.76s           2025-10-29T18:58:31
================================================================================
[2025-10-29T18:59:32.404+0000] {manager.py:878} INFO - 
================================================================================
DAG File Processing Stats

File Path                            PID    Runtime      # DAGs    # Errors  Last Runtime    Last Run
-----------------------------------  -----  ---------  --------  ----------  --------------  -------------------
/opt/airflow/dags/etl_clickhouse.py                           1           0  0.79s           2025-10-29T18:59:03
/opt/airflow/dags/data_ingestion.py                           1           0  0.74s           2025-10-29T18:59:03
================================================================================
[2025-10-29T19:00:02.615+0000] {manager.py:878} INFO - 
================================================================================
DAG File Processing Stats

File Path                            PID    Runtime      # DAGs    # Errors  Last Runtime    Last Run
-----------------------------------  -----  ---------  --------  ----------  --------------  -------------------
/opt/airflow/dags/etl_clickhouse.py                           1           0  0.84s           2025-10-29T18:59:34
/opt/airflow/dags/data_ingestion.py                           1           0  0.79s           2025-10-29T18:59:34
================================================================================
[2025-10-29T19:00:32.789+0000] {manager.py:878} INFO - 
================================================================================
DAG File Processing Stats

File Path                            PID    Runtime      # DAGs    # Errors  Last Runtime    Last Run
-----------------------------------  -----  ---------  --------  ----------  --------------  -------------------
/opt/airflow/dags/etl_clickhouse.py                           1           0  0.82s           2025-10-29T19:00:05
/opt/airflow/dags/data_ingestion.py                           1           0  0.78s           2025-10-29T19:00:05
================================================================================
[2025-10-29T19:01:02.976+0000] {manager.py:878} INFO - 
================================================================================
DAG File Processing Stats

File Path                            PID    Runtime      # DAGs    # Errors  Last Runtime    Last Run
-----------------------------------  -----  ---------  --------  ----------  --------------  -------------------
/opt/airflow/dags/etl_clickhouse.py                           1           0  0.80s           2025-10-29T19:00:36
/opt/airflow/dags/data_ingestion.py                           1           0  0.76s           2025-10-29T19:00:36
================================================================================
[2025-10-29T19:01:16.183+0000] {manager.py:737} INFO - Searching for files in /opt/airflow/dags
[2025-10-29T19:01:16.229+0000] {manager.py:740} INFO - There are 2 files in /opt/airflow/dags
[2025-10-29T19:01:33.448+0000] {manager.py:878} INFO - 
================================================================================
DAG File Processing Stats

File Path                            PID    Runtime      # DAGs    # Errors  Last Runtime    Last Run
-----------------------------------  -----  ---------  --------  ----------  --------------  -------------------
/opt/airflow/dags/etl_clickhouse.py                           1           0  1.05s           2025-10-29T19:01:08
/opt/airflow/dags/data_ingestion.py                           1           0  0.99s           2025-10-29T19:01:08
================================================================================
[2025-10-29T19:02:03.751+0000] {manager.py:878} INFO - 
================================================================================
DAG File Processing Stats

File Path                            PID    Runtime      # DAGs    # Errors  Last Runtime    Last Run
-----------------------------------  -----  ---------  --------  ----------  --------------  -------------------
/opt/airflow/dags/etl_clickhouse.py                           1           0  0.98s           2025-10-29T19:01:39
/opt/airflow/dags/data_ingestion.py                           1           0  0.93s           2025-10-29T19:01:39
================================================================================
[2025-10-29T19:02:33.908+0000] {manager.py:878} INFO - 
================================================================================
DAG File Processing Stats

File Path                            PID    Runtime      # DAGs    # Errors  Last Runtime    Last Run
-----------------------------------  -----  ---------  --------  ----------  --------------  -------------------
/opt/airflow/dags/etl_clickhouse.py                           1           0  0.93s           2025-10-29T19:02:10
/opt/airflow/dags/data_ingestion.py                           1           0  0.89s           2025-10-29T19:02:10
================================================================================
[2025-10-29T19:03:04.078+0000] {manager.py:878} INFO - 
================================================================================
DAG File Processing Stats

File Path                            PID    Runtime      # DAGs    # Errors  Last Runtime    Last Run
-----------------------------------  -----  ---------  --------  ----------  --------------  -------------------
/opt/airflow/dags/etl_clickhouse.py                           1           0  0.92s           2025-10-29T19:02:41
/opt/airflow/dags/data_ingestion.py                           1           0  0.84s           2025-10-29T19:02:41
================================================================================
[2025-10-29T19:03:34.340+0000] {manager.py:878} INFO - 
================================================================================
DAG File Processing Stats

File Path                            PID    Runtime      # DAGs    # Errors  Last Runtime    Last Run
-----------------------------------  -----  ---------  --------  ----------  --------------  -------------------
/opt/airflow/dags/etl_clickhouse.py                           1           0  0.85s           2025-10-29T19:03:13
/opt/airflow/dags/data_ingestion.py                           1           0  0.79s           2025-10-29T19:03:13
================================================================================
[2025-10-29T19:04:04.563+0000] {manager.py:878} INFO - 
================================================================================
DAG File Processing Stats

File Path                            PID    Runtime      # DAGs    # Errors  Last Runtime    Last Run
-----------------------------------  -----  ---------  --------  ----------  --------------  -------------------
/opt/airflow/dags/etl_clickhouse.py                           1           0  0.81s           2025-10-29T19:03:44
/opt/airflow/dags/data_ingestion.py                           1           0  0.76s           2025-10-29T19:03:44
================================================================================
[2025-10-29T19:04:34.729+0000] {manager.py:878} INFO - 
================================================================================
DAG File Processing Stats

File Path                            PID    Runtime      # DAGs    # Errors  Last Runtime    Last Run
-----------------------------------  -----  ---------  --------  ----------  --------------  -------------------
/opt/airflow/dags/etl_clickhouse.py                           1           0  0.83s           2025-10-29T19:04:15
/opt/airflow/dags/data_ingestion.py                           1           0  0.77s           2025-10-29T19:04:15
================================================================================
[2025-10-29T19:05:05.155+0000] {manager.py:878} INFO - 
================================================================================
DAG File Processing Stats

File Path                            PID    Runtime      # DAGs    # Errors  Last Runtime    Last Run
-----------------------------------  -----  ---------  --------  ----------  --------------  -------------------
/opt/airflow/dags/etl_clickhouse.py                           1           0  1.00s           2025-10-29T19:04:46
/opt/airflow/dags/data_ingestion.py                           1           0  0.94s           2025-10-29T19:04:46
================================================================================
[2025-10-29T19:05:35.836+0000] {manager.py:878} INFO - 
================================================================================
DAG File Processing Stats

File Path                            PID    Runtime      # DAGs    # Errors  Last Runtime    Last Run
-----------------------------------  -----  ---------  --------  ----------  --------------  -------------------
/opt/airflow/dags/etl_clickhouse.py                           1           0  5.23s           2025-10-29T19:05:22
/opt/airflow/dags/data_ingestion.py                           1           0  5.17s           2025-10-29T19:05:22
================================================================================
[2025-10-29T19:06:05.953+0000] {manager.py:878} INFO - 
================================================================================
DAG File Processing Stats

File Path                            PID    Runtime      # DAGs    # Errors  Last Runtime    Last Run
-----------------------------------  -----  ---------  --------  ----------  --------------  -------------------
/opt/airflow/dags/etl_clickhouse.py                           1           0  0.79s           2025-10-29T19:05:53
/opt/airflow/dags/data_ingestion.py                           1           0  0.76s           2025-10-29T19:05:53
================================================================================
[2025-10-29T19:06:17.054+0000] {manager.py:737} INFO - Searching for files in /opt/airflow/dags
[2025-10-29T19:06:17.153+0000] {manager.py:740} INFO - There are 2 files in /opt/airflow/dags
[2025-10-29T19:06:36.200+0000] {manager.py:878} INFO - 
================================================================================
DAG File Processing Stats

File Path                            PID    Runtime      # DAGs    # Errors  Last Runtime    Last Run
-----------------------------------  -----  ---------  --------  ----------  --------------  -------------------
/opt/airflow/dags/etl_clickhouse.py                           1           0  0.79s           2025-10-29T19:06:25
/opt/airflow/dags/data_ingestion.py                           1           0  0.73s           2025-10-29T19:06:25
================================================================================
[2025-10-29T19:07:06.228+0000] {manager.py:878} INFO - 
================================================================================
DAG File Processing Stats

File Path                            PID    Runtime      # DAGs    # Errors  Last Runtime    Last Run
-----------------------------------  -----  ---------  --------  ----------  --------------  -------------------
/opt/airflow/dags/etl_clickhouse.py                           1           0  1.67s           2025-10-29T19:06:57
/opt/airflow/dags/data_ingestion.py                           1           0  1.56s           2025-10-29T19:06:57
================================================================================
[2025-10-29T19:07:36.336+0000] {manager.py:878} INFO - 
================================================================================
DAG File Processing Stats

File Path                            PID    Runtime      # DAGs    # Errors  Last Runtime    Last Run
-----------------------------------  -----  ---------  --------  ----------  --------------  -------------------
/opt/airflow/dags/etl_clickhouse.py                           1           0  0.84s           2025-10-29T19:07:28
/opt/airflow/dags/data_ingestion.py                           1           0  0.80s           2025-10-29T19:07:28
================================================================================
[2025-10-29T19:08:06.676+0000] {manager.py:878} INFO - 
================================================================================
DAG File Processing Stats

File Path                            PID    Runtime      # DAGs    # Errors  Last Runtime    Last Run
-----------------------------------  -----  ---------  --------  ----------  --------------  -------------------
/opt/airflow/dags/etl_clickhouse.py                           1           0  0.94s           2025-10-29T19:07:59
/opt/airflow/dags/data_ingestion.py                           1           0  0.88s           2025-10-29T19:07:59
================================================================================
[2025-10-29T19:08:36.819+0000] {manager.py:878} INFO - 
================================================================================
DAG File Processing Stats

File Path                            PID    Runtime      # DAGs    # Errors  Last Runtime    Last Run
-----------------------------------  -----  ---------  --------  ----------  --------------  -------------------
/opt/airflow/dags/etl_clickhouse.py                           1           0  0.86s           2025-10-29T19:08:30
/opt/airflow/dags/data_ingestion.py                           1           0  0.79s           2025-10-29T19:08:30
================================================================================
[2025-10-29T19:09:07.016+0000] {manager.py:878} INFO - 
================================================================================
DAG File Processing Stats

File Path                            PID    Runtime      # DAGs    # Errors  Last Runtime    Last Run
-----------------------------------  -----  ---------  --------  ----------  --------------  -------------------
/opt/airflow/dags/etl_clickhouse.py                           1           0  0.89s           2025-10-29T19:09:01
/opt/airflow/dags/data_ingestion.py                           1           0  0.84s           2025-10-29T19:09:01
================================================================================
[2025-10-29T19:09:37.204+0000] {manager.py:878} INFO - 
================================================================================
DAG File Processing Stats

File Path                            PID    Runtime      # DAGs    # Errors  Last Runtime    Last Run
-----------------------------------  -----  ---------  --------  ----------  --------------  -------------------
/opt/airflow/dags/etl_clickhouse.py                           1           0  0.90s           2025-10-29T19:09:33
/opt/airflow/dags/data_ingestion.py                           1           0  0.85s           2025-10-29T19:09:33
================================================================================
[2025-10-29T19:10:07.678+0000] {manager.py:878} INFO - 
================================================================================
DAG File Processing Stats

File Path                            PID    Runtime      # DAGs    # Errors  Last Runtime    Last Run
-----------------------------------  -----  ---------  --------  ----------  --------------  -------------------
/opt/airflow/dags/etl_clickhouse.py                           1           0  1.17s           2025-10-29T19:10:04
/opt/airflow/dags/data_ingestion.py                           1           0  1.09s           2025-10-29T19:10:04
================================================================================
[2025-10-29T19:10:38.289+0000] {manager.py:878} INFO - 
================================================================================
DAG File Processing Stats

File Path                            PID    Runtime      # DAGs    # Errors  Last Runtime    Last Run
-----------------------------------  -----  ---------  --------  ----------  --------------  -------------------
/opt/airflow/dags/etl_clickhouse.py                           1           0  1.31s           2025-10-29T19:10:36
/opt/airflow/dags/data_ingestion.py                           1           0  1.26s           2025-10-29T19:10:36
================================================================================
[2025-10-29T19:11:08.529+0000] {manager.py:878} INFO - 
================================================================================
DAG File Processing Stats

File Path                            PID    Runtime      # DAGs    # Errors  Last Runtime    Last Run
-----------------------------------  -----  ---------  --------  ----------  --------------  -------------------
/opt/airflow/dags/etl_clickhouse.py                           1           0  0.93s           2025-10-29T19:11:07
/opt/airflow/dags/data_ingestion.py                           1           0  0.85s           2025-10-29T19:11:07
================================================================================
[2025-10-29T19:11:17.649+0000] {manager.py:737} INFO - Searching for files in /opt/airflow/dags
[2025-10-29T19:11:17.715+0000] {manager.py:740} INFO - There are 2 files in /opt/airflow/dags
[2025-10-29T19:11:39.063+0000] {manager.py:878} INFO - 
================================================================================
DAG File Processing Stats

File Path                              PID  Runtime      # DAGs    # Errors  Last Runtime    Last Run
-----------------------------------  -----  ---------  --------  ----------  --------------  -------------------
/opt/airflow/dags/data_ingestion.py                           1           0  0.98s           2025-10-29T19:11:39
/opt/airflow/dags/etl_clickhouse.py   5612  1.02s             1           0  0.93s           2025-10-29T19:11:07
================================================================================
[2025-10-29T19:12:09.565+0000] {manager.py:878} INFO - 
================================================================================
DAG File Processing Stats

File Path                              PID  Runtime      # DAGs    # Errors  Last Runtime    Last Run
-----------------------------------  -----  ---------  --------  ----------  --------------  -------------------
/opt/airflow/dags/etl_clickhouse.py   5624  0.03s             1           0  1.07s           2025-10-29T19:11:39
/opt/airflow/dags/data_ingestion.py   5627  0.01s             1           0  0.98s           2025-10-29T19:11:39
================================================================================
[2025-10-29T19:12:39.946+0000] {manager.py:878} INFO - 
================================================================================
DAG File Processing Stats

File Path                            PID    Runtime      # DAGs    # Errors  Last Runtime    Last Run
-----------------------------------  -----  ---------  --------  ----------  --------------  -------------------
/opt/airflow/dags/etl_clickhouse.py                           1           0  1.05s           2025-10-29T19:12:10
/opt/airflow/dags/data_ingestion.py                           1           0  0.98s           2025-10-29T19:12:10
================================================================================
[2025-10-29T19:13:10.093+0000] {manager.py:878} INFO - 
================================================================================
DAG File Processing Stats

File Path                            PID    Runtime      # DAGs    # Errors  Last Runtime    Last Run
-----------------------------------  -----  ---------  --------  ----------  --------------  -------------------
/opt/airflow/dags/etl_clickhouse.py                           1           0  0.83s           2025-10-29T19:12:41
/opt/airflow/dags/data_ingestion.py                           1           0  0.79s           2025-10-29T19:12:41
================================================================================
[2025-10-29T19:13:40.274+0000] {manager.py:878} INFO - 
================================================================================
DAG File Processing Stats

File Path                            PID    Runtime      # DAGs    # Errors  Last Runtime    Last Run
-----------------------------------  -----  ---------  --------  ----------  --------------  -------------------
/opt/airflow/dags/etl_clickhouse.py                           1           0  0.86s           2025-10-29T19:13:13
/opt/airflow/dags/data_ingestion.py                           1           0  0.78s           2025-10-29T19:13:12
================================================================================
[2025-10-29T19:14:10.458+0000] {manager.py:878} INFO - 
================================================================================
DAG File Processing Stats

File Path                            PID    Runtime      # DAGs    # Errors  Last Runtime    Last Run
-----------------------------------  -----  ---------  --------  ----------  --------------  -------------------
/opt/airflow/dags/etl_clickhouse.py                           1           0  0.85s           2025-10-29T19:13:44
/opt/airflow/dags/data_ingestion.py                           1           0  0.81s           2025-10-29T19:13:44
================================================================================
[2025-10-29T19:14:40.657+0000] {manager.py:878} INFO - 
================================================================================
DAG File Processing Stats

File Path                            PID    Runtime      # DAGs    # Errors  Last Runtime    Last Run
-----------------------------------  -----  ---------  --------  ----------  --------------  -------------------
/opt/airflow/dags/etl_clickhouse.py                           1           0  0.82s           2025-10-29T19:14:15
/opt/airflow/dags/data_ingestion.py                           1           0  0.76s           2025-10-29T19:14:15
================================================================================
[2025-10-29T19:15:10.855+0000] {manager.py:878} INFO - 
================================================================================
DAG File Processing Stats

File Path                            PID    Runtime      # DAGs    # Errors  Last Runtime    Last Run
-----------------------------------  -----  ---------  --------  ----------  --------------  -------------------
/opt/airflow/dags/etl_clickhouse.py                           1           0  0.89s           2025-10-29T19:14:46
/opt/airflow/dags/data_ingestion.py                           1           0  0.83s           2025-10-29T19:14:46
================================================================================
[2025-10-29T19:15:40.958+0000] {manager.py:878} INFO - 
================================================================================
DAG File Processing Stats

File Path                            PID    Runtime      # DAGs    # Errors  Last Runtime    Last Run
-----------------------------------  -----  ---------  --------  ----------  --------------  -------------------
/opt/airflow/dags/etl_clickhouse.py                           1           0  0.80s           2025-10-29T19:15:17
/opt/airflow/dags/data_ingestion.py                           1           0  0.74s           2025-10-29T19:15:17
================================================================================
[2025-10-29T19:16:11.246+0000] {manager.py:878} INFO - 
================================================================================
DAG File Processing Stats

File Path                            PID    Runtime      # DAGs    # Errors  Last Runtime    Last Run
-----------------------------------  -----  ---------  --------  ----------  --------------  -------------------
/opt/airflow/dags/etl_clickhouse.py                           1           0  1.01s           2025-10-29T19:15:49
/opt/airflow/dags/data_ingestion.py                           1           0  0.91s           2025-10-29T19:15:49
================================================================================
[2025-10-29T19:16:18.343+0000] {manager.py:737} INFO - Searching for files in /opt/airflow/dags
[2025-10-29T19:16:18.384+0000] {manager.py:740} INFO - There are 2 files in /opt/airflow/dags
[2025-10-29T19:16:41.487+0000] {manager.py:878} INFO - 
================================================================================
DAG File Processing Stats

File Path                            PID    Runtime      # DAGs    # Errors  Last Runtime    Last Run
-----------------------------------  -----  ---------  --------  ----------  --------------  -------------------
/opt/airflow/dags/etl_clickhouse.py                           1           0  0.84s           2025-10-29T19:16:20
/opt/airflow/dags/data_ingestion.py                           1           0  0.78s           2025-10-29T19:16:20
================================================================================
[2025-10-29T19:17:11.624+0000] {manager.py:878} INFO - 
================================================================================
DAG File Processing Stats

File Path                            PID    Runtime      # DAGs    # Errors  Last Runtime    Last Run
-----------------------------------  -----  ---------  --------  ----------  --------------  -------------------
/opt/airflow/dags/etl_clickhouse.py                           1           0  0.78s           2025-10-29T19:16:51
/opt/airflow/dags/data_ingestion.py                           1           0  0.73s           2025-10-29T19:16:51
================================================================================
[2025-10-29T19:17:41.921+0000] {manager.py:878} INFO - 
================================================================================
DAG File Processing Stats

File Path                            PID    Runtime      # DAGs    # Errors  Last Runtime    Last Run
-----------------------------------  -----  ---------  --------  ----------  --------------  -------------------
/opt/airflow/dags/etl_clickhouse.py                           1           0  1.01s           2025-10-29T19:17:22
/opt/airflow/dags/data_ingestion.py                           1           0  0.96s           2025-10-29T19:17:22
================================================================================
[2025-10-29T19:18:12.665+0000] {manager.py:878} INFO - 
================================================================================
DAG File Processing Stats

File Path                            PID    Runtime      # DAGs    # Errors  Last Runtime    Last Run
-----------------------------------  -----  ---------  --------  ----------  --------------  -------------------
/opt/airflow/dags/etl_clickhouse.py                           1           0  1.24s           2025-10-29T19:17:54
/opt/airflow/dags/data_ingestion.py                           1           0  1.14s           2025-10-29T19:17:54
================================================================================
[2025-10-29T19:18:42.826+0000] {manager.py:878} INFO - 
================================================================================
DAG File Processing Stats

File Path                            PID    Runtime      # DAGs    # Errors  Last Runtime    Last Run
-----------------------------------  -----  ---------  --------  ----------  --------------  -------------------
/opt/airflow/dags/etl_clickhouse.py                           1           0  0.79s           2025-10-29T19:18:25
/opt/airflow/dags/data_ingestion.py                           1           0  0.75s           2025-10-29T19:18:25
================================================================================
[2025-10-29T19:19:13.021+0000] {manager.py:878} INFO - 
================================================================================
DAG File Processing Stats

File Path                            PID    Runtime      # DAGs    # Errors  Last Runtime    Last Run
-----------------------------------  -----  ---------  --------  ----------  --------------  -------------------
/opt/airflow/dags/etl_clickhouse.py                           1           0  0.85s           2025-10-29T19:18:56
/opt/airflow/dags/data_ingestion.py                           1           0  0.78s           2025-10-29T19:18:56
================================================================================
[2025-10-29T19:19:43.132+0000] {manager.py:878} INFO - 
================================================================================
DAG File Processing Stats

File Path                            PID    Runtime      # DAGs    # Errors  Last Runtime    Last Run
-----------------------------------  -----  ---------  --------  ----------  --------------  -------------------
/opt/airflow/dags/etl_clickhouse.py                           1           0  0.78s           2025-10-29T19:19:27
/opt/airflow/dags/data_ingestion.py                           1           0  0.75s           2025-10-29T19:19:27
================================================================================
[2025-10-29T19:20:13.251+0000] {manager.py:878} INFO - 
================================================================================
DAG File Processing Stats

File Path                            PID    Runtime      # DAGs    # Errors  Last Runtime    Last Run
-----------------------------------  -----  ---------  --------  ----------  --------------  -------------------
/opt/airflow/dags/etl_clickhouse.py                           1           0  0.84s           2025-10-29T19:19:59
/opt/airflow/dags/data_ingestion.py                           1           0  0.80s           2025-10-29T19:19:59
================================================================================
[2025-10-29T19:20:43.642+0000] {manager.py:878} INFO - 
================================================================================
DAG File Processing Stats

File Path                            PID    Runtime      # DAGs    # Errors  Last Runtime    Last Run
-----------------------------------  -----  ---------  --------  ----------  --------------  -------------------
/opt/airflow/dags/etl_clickhouse.py                           1           0  1.01s           2025-10-29T19:20:30
/opt/airflow/dags/data_ingestion.py                           1           0  0.96s           2025-10-29T19:20:30
================================================================================
[2025-10-29T19:21:13.815+0000] {manager.py:878} INFO - 
================================================================================
DAG File Processing Stats

File Path                            PID    Runtime      # DAGs    # Errors  Last Runtime    Last Run
-----------------------------------  -----  ---------  --------  ----------  --------------  -------------------
/opt/airflow/dags/etl_clickhouse.py                           1           0  0.84s           2025-10-29T19:21:01
/opt/airflow/dags/data_ingestion.py                           1           0  0.77s           2025-10-29T19:21:01
================================================================================
[2025-10-29T19:21:18.892+0000] {manager.py:737} INFO - Searching for files in /opt/airflow/dags
[2025-10-29T19:21:18.943+0000] {manager.py:740} INFO - There are 2 files in /opt/airflow/dags
[2025-10-29T19:21:44.062+0000] {manager.py:878} INFO - 
================================================================================
DAG File Processing Stats

File Path                            PID    Runtime      # DAGs    # Errors  Last Runtime    Last Run
-----------------------------------  -----  ---------  --------  ----------  --------------  -------------------
/opt/airflow/dags/etl_clickhouse.py                           1           0  0.81s           2025-10-29T19:21:32
/opt/airflow/dags/data_ingestion.py                           1           0  0.76s           2025-10-29T19:21:32
================================================================================
[2025-10-29T19:22:14.295+0000] {manager.py:878} INFO - 
================================================================================
DAG File Processing Stats

File Path                            PID    Runtime      # DAGs    # Errors  Last Runtime    Last Run
-----------------------------------  -----  ---------  --------  ----------  --------------  -------------------
/opt/airflow/dags/etl_clickhouse.py                           1           0  0.84s           2025-10-29T19:22:04
/opt/airflow/dags/data_ingestion.py                           1           0  0.74s           2025-10-29T19:22:04
================================================================================
[2025-10-29T19:22:44.548+0000] {manager.py:878} INFO - 
================================================================================
DAG File Processing Stats

File Path                            PID    Runtime      # DAGs    # Errors  Last Runtime    Last Run
-----------------------------------  -----  ---------  --------  ----------  --------------  -------------------
/opt/airflow/dags/etl_clickhouse.py                           1           0  0.80s           2025-10-29T19:22:35
/opt/airflow/dags/data_ingestion.py                           1           0  0.76s           2025-10-29T19:22:35
================================================================================
[2025-10-29T19:23:14.820+0000] {manager.py:878} INFO - 
================================================================================
DAG File Processing Stats

File Path                            PID    Runtime      # DAGs    # Errors  Last Runtime    Last Run
-----------------------------------  -----  ---------  --------  ----------  --------------  -------------------
/opt/airflow/dags/etl_clickhouse.py                           1           0  0.88s           2025-10-29T19:23:06
/opt/airflow/dags/data_ingestion.py                           1           0  0.83s           2025-10-29T19:23:06
================================================================================
[2025-10-29T19:23:44.971+0000] {manager.py:878} INFO - 
================================================================================
DAG File Processing Stats

File Path                            PID    Runtime      # DAGs    # Errors  Last Runtime    Last Run
-----------------------------------  -----  ---------  --------  ----------  --------------  -------------------
/opt/airflow/dags/etl_clickhouse.py                           1           0  0.85s           2025-10-29T19:23:37
/opt/airflow/dags/data_ingestion.py                           1           0  0.80s           2025-10-29T19:23:37
================================================================================
[2025-10-29T19:24:15.165+0000] {manager.py:878} INFO - 
================================================================================
DAG File Processing Stats

File Path                            PID    Runtime      # DAGs    # Errors  Last Runtime    Last Run
-----------------------------------  -----  ---------  --------  ----------  --------------  -------------------
/opt/airflow/dags/etl_clickhouse.py                           1           0  0.94s           2025-10-29T19:24:09
/opt/airflow/dags/data_ingestion.py                           1           0  0.88s           2025-10-29T19:24:09
================================================================================
[2025-10-29T19:24:45.370+0000] {manager.py:878} INFO - 
================================================================================
DAG File Processing Stats

File Path                            PID    Runtime      # DAGs    # Errors  Last Runtime    Last Run
-----------------------------------  -----  ---------  --------  ----------  --------------  -------------------
/opt/airflow/dags/etl_clickhouse.py                           1           0  0.93s           2025-10-29T19:24:40
/opt/airflow/dags/data_ingestion.py                           1           0  0.86s           2025-10-29T19:24:40
================================================================================
[2025-10-29T19:25:15.627+0000] {manager.py:878} INFO - 
================================================================================
DAG File Processing Stats

File Path                            PID    Runtime      # DAGs    # Errors  Last Runtime    Last Run
-----------------------------------  -----  ---------  --------  ----------  --------------  -------------------
/opt/airflow/dags/etl_clickhouse.py                           1           0  0.81s           2025-10-29T19:25:11
/opt/airflow/dags/data_ingestion.py                           1           0  0.79s           2025-10-29T19:25:11
================================================================================
[2025-10-29T19:25:46.051+0000] {manager.py:878} INFO - 
================================================================================
DAG File Processing Stats

File Path                            PID    Runtime      # DAGs    # Errors  Last Runtime    Last Run
-----------------------------------  -----  ---------  --------  ----------  --------------  -------------------
/opt/airflow/dags/etl_clickhouse.py                           1           0  1.08s           2025-10-29T19:25:43
/opt/airflow/dags/data_ingestion.py                           1           0  0.99s           2025-10-29T19:25:43
================================================================================
[2025-10-29T19:26:16.349+0000] {manager.py:878} INFO - 
================================================================================
DAG File Processing Stats

File Path                            PID    Runtime      # DAGs    # Errors  Last Runtime    Last Run
-----------------------------------  -----  ---------  --------  ----------  --------------  -------------------
/opt/airflow/dags/etl_clickhouse.py                           1           0  1.01s           2025-10-29T19:26:14
/opt/airflow/dags/data_ingestion.py                           1           0  0.95s           2025-10-29T19:26:14
================================================================================
[2025-10-29T19:26:19.384+0000] {manager.py:737} INFO - Searching for files in /opt/airflow/dags
[2025-10-29T19:26:19.435+0000] {manager.py:740} INFO - There are 2 files in /opt/airflow/dags
[2025-10-29T19:26:46.685+0000] {manager.py:878} INFO - 
================================================================================
DAG File Processing Stats

File Path                            PID    Runtime      # DAGs    # Errors  Last Runtime    Last Run
-----------------------------------  -----  ---------  --------  ----------  --------------  -------------------
/opt/airflow/dags/etl_clickhouse.py                           1           0  0.95s           2025-10-29T19:26:45
/opt/airflow/dags/data_ingestion.py                           1           0  0.89s           2025-10-29T19:26:45
================================================================================
[2025-10-29T19:27:16.926+0000] {manager.py:878} INFO - 
================================================================================
DAG File Processing Stats

File Path                              PID  Runtime      # DAGs    # Errors  Last Runtime    Last Run
-----------------------------------  -----  ---------  --------  ----------  --------------  -------------------
/opt/airflow/dags/etl_clickhouse.py   5972  0.85s             1           0  0.95s           2025-10-29T19:26:45
/opt/airflow/dags/data_ingestion.py                           1           0  0.82s           2025-10-29T19:27:16
================================================================================
[2025-10-29T19:27:47.349+0000] {manager.py:878} INFO - 
================================================================================
DAG File Processing Stats

File Path                              PID  Runtime      # DAGs    # Errors  Last Runtime    Last Run
-----------------------------------  -----  ---------  --------  ----------  --------------  -------------------
/opt/airflow/dags/etl_clickhouse.py   5984  0.04s             1           0  0.88s           2025-10-29T19:27:16
/opt/airflow/dags/data_ingestion.py   5987  0.01s             1           0  0.82s           2025-10-29T19:27:16
================================================================================
[2025-10-29T19:28:17.377+0000] {manager.py:878} INFO - 
================================================================================
DAG File Processing Stats

File Path                            PID    Runtime      # DAGs    # Errors  Last Runtime    Last Run
-----------------------------------  -----  ---------  --------  ----------  --------------  -------------------
/opt/airflow/dags/etl_clickhouse.py                           1           0  1.76s           2025-10-29T19:27:49
/opt/airflow/dags/data_ingestion.py                           1           0  1.62s           2025-10-29T19:27:48
================================================================================
[2025-10-29T19:28:47.586+0000] {manager.py:878} INFO - 
================================================================================
DAG File Processing Stats

File Path                            PID    Runtime      # DAGs    # Errors  Last Runtime    Last Run
-----------------------------------  -----  ---------  --------  ----------  --------------  -------------------
/opt/airflow/dags/etl_clickhouse.py                           1           0  0.83s           2025-10-29T19:28:20
/opt/airflow/dags/data_ingestion.py                           1           0  0.79s           2025-10-29T19:28:20
================================================================================
[2025-10-29T19:29:17.674+0000] {manager.py:878} INFO - 
================================================================================
DAG File Processing Stats

File Path                            PID    Runtime      # DAGs    # Errors  Last Runtime    Last Run
-----------------------------------  -----  ---------  --------  ----------  --------------  -------------------
/opt/airflow/dags/etl_clickhouse.py                           1           0  0.80s           2025-10-29T19:28:51
/opt/airflow/dags/data_ingestion.py                           1           0  0.74s           2025-10-29T19:28:51
================================================================================
[2025-10-29T19:29:47.845+0000] {manager.py:878} INFO - 
================================================================================
DAG File Processing Stats

File Path                            PID    Runtime      # DAGs    # Errors  Last Runtime    Last Run
-----------------------------------  -----  ---------  --------  ----------  --------------  -------------------
/opt/airflow/dags/etl_clickhouse.py                           1           0  0.82s           2025-10-29T19:29:22
/opt/airflow/dags/data_ingestion.py                           1           0  0.78s           2025-10-29T19:29:22
================================================================================
[2025-10-29T19:30:18.291+0000] {manager.py:878} INFO - 
================================================================================
DAG File Processing Stats

File Path                            PID    Runtime      # DAGs    # Errors  Last Runtime    Last Run
-----------------------------------  -----  ---------  --------  ----------  --------------  -------------------
/opt/airflow/dags/etl_clickhouse.py                           1           0  1.05s           2025-10-29T19:29:53
/opt/airflow/dags/data_ingestion.py                           1           0  1.00s           2025-10-29T19:29:53
================================================================================
[2025-10-29T19:30:48.518+0000] {manager.py:878} INFO - 
================================================================================
DAG File Processing Stats

File Path                            PID    Runtime      # DAGs    # Errors  Last Runtime    Last Run
-----------------------------------  -----  ---------  --------  ----------  --------------  -------------------
/opt/airflow/dags/etl_clickhouse.py                           1           0  0.79s           2025-10-29T19:30:25
/opt/airflow/dags/data_ingestion.py                           1           0  0.75s           2025-10-29T19:30:25
================================================================================
[2025-10-29T19:31:18.686+0000] {manager.py:878} INFO - 
================================================================================
DAG File Processing Stats

File Path                            PID    Runtime      # DAGs    # Errors  Last Runtime    Last Run
-----------------------------------  -----  ---------  --------  ----------  --------------  -------------------
/opt/airflow/dags/etl_clickhouse.py                           1           0  0.81s           2025-10-29T19:30:56
/opt/airflow/dags/data_ingestion.py                           1           0  0.76s           2025-10-29T19:30:56
================================================================================
[2025-10-29T19:31:19.696+0000] {manager.py:737} INFO - Searching for files in /opt/airflow/dags
[2025-10-29T19:31:19.734+0000] {manager.py:740} INFO - There are 2 files in /opt/airflow/dags
[2025-10-29T19:31:48.926+0000] {manager.py:878} INFO - 
================================================================================
DAG File Processing Stats

File Path                            PID    Runtime      # DAGs    # Errors  Last Runtime    Last Run
-----------------------------------  -----  ---------  --------  ----------  --------------  -------------------
/opt/airflow/dags/etl_clickhouse.py                           1           0  0.88s           2025-10-29T19:31:27
/opt/airflow/dags/data_ingestion.py                           1           0  0.85s           2025-10-29T19:31:27
================================================================================
[2025-10-29T19:32:19.063+0000] {manager.py:878} INFO - 
================================================================================
DAG File Processing Stats

File Path                            PID    Runtime      # DAGs    # Errors  Last Runtime    Last Run
-----------------------------------  -----  ---------  --------  ----------  --------------  -------------------
/opt/airflow/dags/etl_clickhouse.py                           1           0  0.80s           2025-10-29T19:31:58
/opt/airflow/dags/data_ingestion.py                           1           0  0.77s           2025-10-29T19:31:58
================================================================================
[2025-10-29T19:32:49.415+0000] {manager.py:878} INFO - 
================================================================================
DAG File Processing Stats

File Path                            PID    Runtime      # DAGs    # Errors  Last Runtime    Last Run
-----------------------------------  -----  ---------  --------  ----------  --------------  -------------------
/opt/airflow/dags/etl_clickhouse.py                           1           0  1.02s           2025-10-29T19:32:30
/opt/airflow/dags/data_ingestion.py                           1           0  0.99s           2025-10-29T19:32:30
================================================================================
[2025-10-29T19:33:19.719+0000] {manager.py:878} INFO - 
================================================================================
DAG File Processing Stats

File Path                            PID    Runtime      # DAGs    # Errors  Last Runtime    Last Run
-----------------------------------  -----  ---------  --------  ----------  --------------  -------------------
/opt/airflow/dags/etl_clickhouse.py                           1           0  0.93s           2025-10-29T19:33:01
/opt/airflow/dags/data_ingestion.py                           1           0  0.88s           2025-10-29T19:33:01
================================================================================
[2025-10-29T19:33:49.784+0000] {manager.py:878} INFO - 
================================================================================
DAG File Processing Stats

File Path                            PID    Runtime      # DAGs    # Errors  Last Runtime    Last Run
-----------------------------------  -----  ---------  --------  ----------  --------------  -------------------
/opt/airflow/dags/etl_clickhouse.py                           1           0  0.80s           2025-10-29T19:33:32
/opt/airflow/dags/data_ingestion.py                           1           0  0.74s           2025-10-29T19:33:32
================================================================================
[2025-10-29T19:34:19.876+0000] {manager.py:878} INFO - 
================================================================================
DAG File Processing Stats

File Path                            PID    Runtime      # DAGs    # Errors  Last Runtime    Last Run
-----------------------------------  -----  ---------  --------  ----------  --------------  -------------------
/opt/airflow/dags/etl_clickhouse.py                           1           0  0.78s           2025-10-29T19:34:03
/opt/airflow/dags/data_ingestion.py                           1           0  0.74s           2025-10-29T19:34:03
================================================================================
[2025-10-29T19:34:50.019+0000] {manager.py:878} INFO - 
================================================================================
DAG File Processing Stats

File Path                            PID    Runtime      # DAGs    # Errors  Last Runtime    Last Run
-----------------------------------  -----  ---------  --------  ----------  --------------  -------------------
/opt/airflow/dags/etl_clickhouse.py                           1           0  0.81s           2025-10-29T19:34:34
/opt/airflow/dags/data_ingestion.py                           1           0  0.76s           2025-10-29T19:34:34
================================================================================
[2025-10-29T19:35:20.174+0000] {manager.py:878} INFO - 
================================================================================
DAG File Processing Stats

File Path                            PID    Runtime      # DAGs    # Errors  Last Runtime    Last Run
-----------------------------------  -----  ---------  --------  ----------  --------------  -------------------
/opt/airflow/dags/etl_clickhouse.py                           1           0  0.78s           2025-10-29T19:35:05
/opt/airflow/dags/data_ingestion.py                           1           0  0.74s           2025-10-29T19:35:05
================================================================================
[2025-10-29T19:35:50.369+0000] {manager.py:878} INFO - 
================================================================================
DAG File Processing Stats

File Path                            PID    Runtime      # DAGs    # Errors  Last Runtime    Last Run
-----------------------------------  -----  ---------  --------  ----------  --------------  -------------------
/opt/airflow/dags/etl_clickhouse.py                           1           0  0.84s           2025-10-29T19:35:37
/opt/airflow/dags/data_ingestion.py                           1           0  0.79s           2025-10-29T19:35:37
================================================================================
[2025-10-29T19:36:20.622+0000] {manager.py:737} INFO - Searching for files in /opt/airflow/dags
[2025-10-29T19:36:20.658+0000] {manager.py:740} INFO - There are 2 files in /opt/airflow/dags
[2025-10-29T19:36:20.679+0000] {manager.py:878} INFO - 
================================================================================
DAG File Processing Stats

File Path                            PID    Runtime      # DAGs    # Errors  Last Runtime    Last Run
-----------------------------------  -----  ---------  --------  ----------  --------------  -------------------
/opt/airflow/dags/etl_clickhouse.py                           1           0  0.87s           2025-10-29T19:36:08
/opt/airflow/dags/data_ingestion.py                           1           0  0.79s           2025-10-29T19:36:08
================================================================================
[2025-10-29T19:36:51.182+0000] {manager.py:878} INFO - 
================================================================================
DAG File Processing Stats

File Path                            PID    Runtime      # DAGs    # Errors  Last Runtime    Last Run
-----------------------------------  -----  ---------  --------  ----------  --------------  -------------------
/opt/airflow/dags/etl_clickhouse.py                           1           0  1.16s           2025-10-29T19:36:40
/opt/airflow/dags/data_ingestion.py                           1           0  1.08s           2025-10-29T19:36:40
================================================================================
[2025-10-29T19:37:21.495+0000] {manager.py:878} INFO - 
================================================================================
DAG File Processing Stats

File Path                            PID    Runtime      # DAGs    # Errors  Last Runtime    Last Run
-----------------------------------  -----  ---------  --------  ----------  --------------  -------------------
/opt/airflow/dags/etl_clickhouse.py                           1           0  0.98s           2025-10-29T19:37:11
/opt/airflow/dags/data_ingestion.py                           1           0  0.95s           2025-10-29T19:37:11
================================================================================
[2025-10-29T19:37:51.615+0000] {manager.py:878} INFO - 
================================================================================
DAG File Processing Stats

File Path                            PID    Runtime      # DAGs    # Errors  Last Runtime    Last Run
-----------------------------------  -----  ---------  --------  ----------  --------------  -------------------
/opt/airflow/dags/etl_clickhouse.py                           1           0  0.82s           2025-10-29T19:37:42
/opt/airflow/dags/data_ingestion.py                           1           0  0.78s           2025-10-29T19:37:42
================================================================================
[2025-10-29T19:38:21.777+0000] {manager.py:878} INFO - 
================================================================================
DAG File Processing Stats

File Path                            PID    Runtime      # DAGs    # Errors  Last Runtime    Last Run
-----------------------------------  -----  ---------  --------  ----------  --------------  -------------------
/opt/airflow/dags/etl_clickhouse.py                           1           0  0.84s           2025-10-29T19:38:13
/opt/airflow/dags/data_ingestion.py                           1           0  0.82s           2025-10-29T19:38:13
================================================================================
[2025-10-29T19:38:51.979+0000] {manager.py:878} INFO - 
================================================================================
DAG File Processing Stats

File Path                            PID    Runtime      # DAGs    # Errors  Last Runtime    Last Run
-----------------------------------  -----  ---------  --------  ----------  --------------  -------------------
/opt/airflow/dags/etl_clickhouse.py                           1           0  0.91s           2025-10-29T19:38:44
/opt/airflow/dags/data_ingestion.py                           1           0  0.85s           2025-10-29T19:38:44
================================================================================
[2025-10-29T19:39:22.212+0000] {manager.py:878} INFO - 
================================================================================
DAG File Processing Stats

File Path                            PID    Runtime      # DAGs    # Errors  Last Runtime    Last Run
-----------------------------------  -----  ---------  --------  ----------  --------------  -------------------
/opt/airflow/dags/etl_clickhouse.py                           1           0  0.85s           2025-10-29T19:39:16
/opt/airflow/dags/data_ingestion.py                           1           0  0.81s           2025-10-29T19:39:16
================================================================================
[2025-10-29T19:39:52.439+0000] {manager.py:878} INFO - 
================================================================================
DAG File Processing Stats

File Path                            PID    Runtime      # DAGs    # Errors  Last Runtime    Last Run
-----------------------------------  -----  ---------  --------  ----------  --------------  -------------------
/opt/airflow/dags/etl_clickhouse.py                           1           0  0.91s           2025-10-29T19:39:47
/opt/airflow/dags/data_ingestion.py                           1           0  0.85s           2025-10-29T19:39:47
================================================================================
[2025-10-29T19:40:22.644+0000] {manager.py:878} INFO - 
================================================================================
DAG File Processing Stats

File Path                            PID    Runtime      # DAGs    # Errors  Last Runtime    Last Run
-----------------------------------  -----  ---------  --------  ----------  --------------  -------------------
/opt/airflow/dags/etl_clickhouse.py                           1           0  0.82s           2025-10-29T19:40:18
/opt/airflow/dags/data_ingestion.py                           1           0  0.77s           2025-10-29T19:40:18
================================================================================
[2025-10-29T19:40:52.939+0000] {manager.py:878} INFO - 
================================================================================
DAG File Processing Stats

File Path                            PID    Runtime      # DAGs    # Errors  Last Runtime    Last Run
-----------------------------------  -----  ---------  --------  ----------  --------------  -------------------
/opt/airflow/dags/etl_clickhouse.py                           1           0  0.89s           2025-10-29T19:40:49
/opt/airflow/dags/data_ingestion.py                           1           0  0.83s           2025-10-29T19:40:49
================================================================================
[2025-10-29T19:41:21.274+0000] {manager.py:737} INFO - Searching for files in /opt/airflow/dags
[2025-10-29T19:41:21.332+0000] {manager.py:740} INFO - There are 2 files in /opt/airflow/dags
[2025-10-29T19:41:23.413+0000] {manager.py:878} INFO - 
================================================================================
DAG File Processing Stats

File Path                            PID    Runtime      # DAGs    # Errors  Last Runtime    Last Run
-----------------------------------  -----  ---------  --------  ----------  --------------  -------------------
/opt/airflow/dags/etl_clickhouse.py                           1           0  1.15s           2025-10-29T19:41:21
/opt/airflow/dags/data_ingestion.py                           1           0  1.11s           2025-10-29T19:41:21
================================================================================
[2025-10-29T19:41:53.830+0000] {manager.py:878} INFO - 
================================================================================
DAG File Processing Stats

File Path                            PID    Runtime      # DAGs    # Errors  Last Runtime    Last Run
-----------------------------------  -----  ---------  --------  ----------  --------------  -------------------
/opt/airflow/dags/etl_clickhouse.py                           1           0  1.01s           2025-10-29T19:41:52
/opt/airflow/dags/data_ingestion.py                           1           0  0.97s           2025-10-29T19:41:52
================================================================================
[2025-10-29T19:42:23.943+0000] {manager.py:878} INFO - 
================================================================================
DAG File Processing Stats

File Path                              PID  Runtime      # DAGs    # Errors  Last Runtime    Last Run
-----------------------------------  -----  ---------  --------  ----------  --------------  -------------------
/opt/airflow/dags/etl_clickhouse.py   6320  0.78s             1           0  1.01s           2025-10-29T19:41:52
/opt/airflow/dags/data_ingestion.py                           1           0  0.75s           2025-10-29T19:42:23
================================================================================
[2025-10-29T19:42:54.318+0000] {manager.py:878} INFO - 
================================================================================
DAG File Processing Stats

File Path                              PID  Runtime      # DAGs    # Errors  Last Runtime    Last Run
-----------------------------------  -----  ---------  --------  ----------  --------------  -------------------
/opt/airflow/dags/etl_clickhouse.py   6332  0.03s             1           0  0.80s           2025-10-29T19:42:23
/opt/airflow/dags/data_ingestion.py   6335  0.01s             1           0  0.75s           2025-10-29T19:42:23
================================================================================
[2025-10-29T19:43:24.583+0000] {manager.py:878} INFO - 
================================================================================
DAG File Processing Stats

File Path                            PID    Runtime      # DAGs    # Errors  Last Runtime    Last Run
-----------------------------------  -----  ---------  --------  ----------  --------------  -------------------
/opt/airflow/dags/etl_clickhouse.py                           1           0  0.91s           2025-10-29T19:42:55
/opt/airflow/dags/data_ingestion.py                           1           0  0.86s           2025-10-29T19:42:55
================================================================================
[2025-10-29T19:43:54.807+0000] {manager.py:878} INFO - 
================================================================================
DAG File Processing Stats

File Path                            PID    Runtime      # DAGs    # Errors  Last Runtime    Last Run
-----------------------------------  -----  ---------  --------  ----------  --------------  -------------------
/opt/airflow/dags/etl_clickhouse.py                           1           0  0.80s           2025-10-29T19:43:26
/opt/airflow/dags/data_ingestion.py                           1           0  0.76s           2025-10-29T19:43:26
================================================================================
[2025-10-29T19:44:24.904+0000] {manager.py:878} INFO - 
================================================================================
DAG File Processing Stats

File Path                            PID    Runtime      # DAGs    # Errors  Last Runtime    Last Run
-----------------------------------  -----  ---------  --------  ----------  --------------  -------------------
/opt/airflow/dags/etl_clickhouse.py                           1           0  0.84s           2025-10-29T19:43:57
/opt/airflow/dags/data_ingestion.py                           1           0  0.79s           2025-10-29T19:43:57
================================================================================
[2025-10-29T19:44:55.233+0000] {manager.py:878} INFO - 
================================================================================
DAG File Processing Stats

File Path                            PID    Runtime      # DAGs    # Errors  Last Runtime    Last Run
-----------------------------------  -----  ---------  --------  ----------  --------------  -------------------
/opt/airflow/dags/etl_clickhouse.py                           1           0  1.00s           2025-10-29T19:44:28
/opt/airflow/dags/data_ingestion.py                           1           0  0.94s           2025-10-29T19:44:28
================================================================================
[2025-10-29T19:45:25.540+0000] {manager.py:878} INFO - 
================================================================================
DAG File Processing Stats

File Path                            PID    Runtime      # DAGs    # Errors  Last Runtime    Last Run
-----------------------------------  -----  ---------  --------  ----------  --------------  -------------------
/opt/airflow/dags/etl_clickhouse.py                           1           0  1.00s           2025-10-29T19:45:00
/opt/airflow/dags/data_ingestion.py                           1           0  0.96s           2025-10-29T19:45:00
================================================================================
[2025-10-29T19:45:55.641+0000] {manager.py:878} INFO - 
================================================================================
DAG File Processing Stats

File Path                            PID    Runtime      # DAGs    # Errors  Last Runtime    Last Run
-----------------------------------  -----  ---------  --------  ----------  --------------  -------------------
/opt/airflow/dags/etl_clickhouse.py                           1           0  0.83s           2025-10-29T19:45:31
/opt/airflow/dags/data_ingestion.py                           1           0  0.77s           2025-10-29T19:45:31
================================================================================
[2025-10-29T19:46:21.813+0000] {manager.py:737} INFO - Searching for files in /opt/airflow/dags
[2025-10-29T19:46:21.849+0000] {manager.py:740} INFO - There are 2 files in /opt/airflow/dags
[2025-10-29T19:46:25.924+0000] {manager.py:878} INFO - 
================================================================================
DAG File Processing Stats

File Path                            PID    Runtime      # DAGs    # Errors  Last Runtime    Last Run
-----------------------------------  -----  ---------  --------  ----------  --------------  -------------------
/opt/airflow/dags/etl_clickhouse.py                           1           0  0.84s           2025-10-29T19:46:02
/opt/airflow/dags/data_ingestion.py                           1           0  0.80s           2025-10-29T19:46:02
================================================================================
[2025-10-29T19:46:56.168+0000] {manager.py:878} INFO - 
================================================================================
DAG File Processing Stats

File Path                            PID    Runtime      # DAGs    # Errors  Last Runtime    Last Run
-----------------------------------  -----  ---------  --------  ----------  --------------  -------------------
/opt/airflow/dags/etl_clickhouse.py                           1           0  0.87s           2025-10-29T19:46:33
/opt/airflow/dags/data_ingestion.py                           1           0  0.81s           2025-10-29T19:46:33
================================================================================
[2025-10-29T19:47:26.404+0000] {manager.py:878} INFO - 
================================================================================
DAG File Processing Stats

File Path                            PID    Runtime      # DAGs    # Errors  Last Runtime    Last Run
-----------------------------------  -----  ---------  --------  ----------  --------------  -------------------
/opt/airflow/dags/etl_clickhouse.py                           1           0  0.91s           2025-10-29T19:47:05
/opt/airflow/dags/data_ingestion.py                           1           0  0.86s           2025-10-29T19:47:05
================================================================================
[2025-10-29T19:47:56.638+0000] {manager.py:878} INFO - 
================================================================================
DAG File Processing Stats

File Path                            PID    Runtime      # DAGs    # Errors  Last Runtime    Last Run
-----------------------------------  -----  ---------  --------  ----------  --------------  -------------------
/opt/airflow/dags/etl_clickhouse.py                           1           0  0.81s           2025-10-29T19:47:36
/opt/airflow/dags/data_ingestion.py                           1           0  0.77s           2025-10-29T19:47:36
================================================================================
[2025-10-29T19:48:26.861+0000] {manager.py:878} INFO - 
================================================================================
DAG File Processing Stats

File Path                            PID    Runtime      # DAGs    # Errors  Last Runtime    Last Run
-----------------------------------  -----  ---------  --------  ----------  --------------  -------------------
/opt/airflow/dags/etl_clickhouse.py                           1           0  0.91s           2025-10-29T19:48:07
/opt/airflow/dags/data_ingestion.py                           1           0  0.88s           2025-10-29T19:48:07
================================================================================
[2025-10-29T19:48:57.028+0000] {manager.py:878} INFO - 
================================================================================
DAG File Processing Stats

File Path                            PID    Runtime      # DAGs    # Errors  Last Runtime    Last Run
-----------------------------------  -----  ---------  --------  ----------  --------------  -------------------
/opt/airflow/dags/etl_clickhouse.py                           1           0  0.83s           2025-10-29T19:48:38
/opt/airflow/dags/data_ingestion.py                           1           0  0.78s           2025-10-29T19:48:38
================================================================================
[2025-10-29T19:49:27.259+0000] {manager.py:878} INFO - 
================================================================================
DAG File Processing Stats

File Path                            PID    Runtime      # DAGs    # Errors  Last Runtime    Last Run
-----------------------------------  -----  ---------  --------  ----------  --------------  -------------------
/opt/airflow/dags/etl_clickhouse.py                           1           0  0.88s           2025-10-29T19:49:10
/opt/airflow/dags/data_ingestion.py                           1           0  0.83s           2025-10-29T19:49:10
================================================================================
[2025-10-29T19:49:57.547+0000] {manager.py:878} INFO - 
================================================================================
DAG File Processing Stats

File Path                            PID    Runtime      # DAGs    # Errors  Last Runtime    Last Run
-----------------------------------  -----  ---------  --------  ----------  --------------  -------------------
/opt/airflow/dags/etl_clickhouse.py                           1           0  0.97s           2025-10-29T19:49:41
/opt/airflow/dags/data_ingestion.py                           1           0  0.83s           2025-10-29T19:49:41
================================================================================
[2025-10-29T19:50:27.760+0000] {manager.py:878} INFO - 
================================================================================
DAG File Processing Stats

File Path                            PID    Runtime      # DAGs    # Errors  Last Runtime    Last Run
-----------------------------------  -----  ---------  --------  ----------  --------------  -------------------
/opt/airflow/dags/etl_clickhouse.py                           1           0  0.88s           2025-10-29T19:50:12
/opt/airflow/dags/data_ingestion.py                           1           0  0.84s           2025-10-29T19:50:12
================================================================================
[2025-10-29T19:50:57.914+0000] {manager.py:878} INFO - 
================================================================================
DAG File Processing Stats

File Path                            PID    Runtime      # DAGs    # Errors  Last Runtime    Last Run
-----------------------------------  -----  ---------  --------  ----------  --------------  -------------------
/opt/airflow/dags/etl_clickhouse.py                           1           0  0.82s           2025-10-29T19:50:43
/opt/airflow/dags/data_ingestion.py                           1           0  0.80s           2025-10-29T19:50:43
================================================================================
[2025-10-29T19:51:22.169+0000] {manager.py:737} INFO - Searching for files in /opt/airflow/dags
[2025-10-29T19:51:22.213+0000] {manager.py:740} INFO - There are 2 files in /opt/airflow/dags
[2025-10-29T19:51:28.292+0000] {manager.py:878} INFO - 
================================================================================
DAG File Processing Stats

File Path                            PID    Runtime      # DAGs    # Errors  Last Runtime    Last Run
-----------------------------------  -----  ---------  --------  ----------  --------------  -------------------
/opt/airflow/dags/etl_clickhouse.py                           1           0  1.02s           2025-10-29T19:51:15
/opt/airflow/dags/data_ingestion.py                           1           0  0.95s           2025-10-29T19:51:15
================================================================================
[2025-10-29T19:51:58.635+0000] {manager.py:878} INFO - 
================================================================================
DAG File Processing Stats

File Path                            PID    Runtime      # DAGs    # Errors  Last Runtime    Last Run
-----------------------------------  -----  ---------  --------  ----------  --------------  -------------------
/opt/airflow/dags/etl_clickhouse.py                           1           0  1.04s           2025-10-29T19:51:46
/opt/airflow/dags/data_ingestion.py                           1           0  1.02s           2025-10-29T19:51:46
================================================================================
[2025-10-29T19:52:28.728+0000] {manager.py:878} INFO - 
================================================================================
DAG File Processing Stats

File Path                            PID    Runtime      # DAGs    # Errors  Last Runtime    Last Run
-----------------------------------  -----  ---------  --------  ----------  --------------  -------------------
/opt/airflow/dags/etl_clickhouse.py                           1           0  0.89s           2025-10-29T19:52:17
/opt/airflow/dags/data_ingestion.py                           1           0  0.83s           2025-10-29T19:52:17
================================================================================
[2025-10-29T19:52:59.280+0000] {manager.py:878} INFO - 
================================================================================
DAG File Processing Stats

File Path                            PID    Runtime      # DAGs    # Errors  Last Runtime    Last Run
-----------------------------------  -----  ---------  --------  ----------  --------------  -------------------
/opt/airflow/dags/etl_clickhouse.py                           1           0  1.17s           2025-10-29T19:52:49
/opt/airflow/dags/data_ingestion.py                           1           0  1.04s           2025-10-29T19:52:49
================================================================================
[2025-10-29T19:53:30.216+0000] {manager.py:878} INFO - 
================================================================================
DAG File Processing Stats

File Path                            PID    Runtime      # DAGs    # Errors  Last Runtime    Last Run
-----------------------------------  -----  ---------  --------  ----------  --------------  -------------------
/opt/airflow/dags/etl_clickhouse.py                           1           0  0.72s           2025-10-29T19:53:20
/opt/airflow/dags/data_ingestion.py                           1           0  0.69s           2025-10-29T19:53:20
================================================================================
[2025-10-29T19:54:00.229+0000] {manager.py:878} INFO - 
================================================================================
DAG File Processing Stats

File Path                            PID    Runtime      # DAGs    # Errors  Last Runtime    Last Run
-----------------------------------  -----  ---------  --------  ----------  --------------  -------------------
/opt/airflow/dags/etl_clickhouse.py                           1           0  0.75s           2025-10-29T19:53:51
/opt/airflow/dags/data_ingestion.py                           1           0  0.69s           2025-10-29T19:53:51
================================================================================
[2025-10-29T19:54:30.301+0000] {manager.py:878} INFO - 
================================================================================
DAG File Processing Stats

File Path                            PID    Runtime      # DAGs    # Errors  Last Runtime    Last Run
-----------------------------------  -----  ---------  --------  ----------  --------------  -------------------
/opt/airflow/dags/etl_clickhouse.py                           1           0  0.90s           2025-10-29T19:54:22
/opt/airflow/dags/data_ingestion.py                           1           0  0.81s           2025-10-29T19:54:22
================================================================================
[2025-10-29T19:55:01.259+0000] {manager.py:878} INFO - 
================================================================================
DAG File Processing Stats

File Path                            PID    Runtime      # DAGs    # Errors  Last Runtime    Last Run
-----------------------------------  -----  ---------  --------  ----------  --------------  -------------------
/opt/airflow/dags/etl_clickhouse.py                           1           0  0.73s           2025-10-29T19:54:53
/opt/airflow/dags/data_ingestion.py                           1           0  0.69s           2025-10-29T19:54:53
================================================================================
[2025-10-29T19:55:32.221+0000] {manager.py:878} INFO - 
================================================================================
DAG File Processing Stats

File Path                            PID    Runtime      # DAGs    # Errors  Last Runtime    Last Run
-----------------------------------  -----  ---------  --------  ----------  --------------  -------------------
/opt/airflow/dags/etl_clickhouse.py                           1           0  0.76s           2025-10-29T19:55:24
/opt/airflow/dags/data_ingestion.py                           1           0  0.70s           2025-10-29T19:55:24
================================================================================
[2025-10-29T19:56:03.207+0000] {manager.py:878} INFO - 
================================================================================
DAG File Processing Stats

File Path                            PID    Runtime      # DAGs    # Errors  Last Runtime    Last Run
-----------------------------------  -----  ---------  --------  ----------  --------------  -------------------
/opt/airflow/dags/etl_clickhouse.py                           1           0  0.75s           2025-10-29T19:55:55
/opt/airflow/dags/data_ingestion.py                           1           0  0.70s           2025-10-29T19:55:55
================================================================================
[2025-10-29T19:56:22.340+0000] {manager.py:737} INFO - Searching for files in /opt/airflow/dags
[2025-10-29T19:56:22.377+0000] {manager.py:740} INFO - There are 2 files in /opt/airflow/dags
[2025-10-29T19:56:33.290+0000] {manager.py:878} INFO - 
================================================================================
DAG File Processing Stats

File Path                            PID    Runtime      # DAGs    # Errors  Last Runtime    Last Run
-----------------------------------  -----  ---------  --------  ----------  --------------  -------------------
/opt/airflow/dags/etl_clickhouse.py                           1           0  0.72s           2025-10-29T19:56:26
/opt/airflow/dags/data_ingestion.py                           1           0  0.66s           2025-10-29T19:56:26
================================================================================
[2025-10-29T19:57:04.223+0000] {manager.py:878} INFO - 
================================================================================
DAG File Processing Stats

File Path                            PID    Runtime      # DAGs    # Errors  Last Runtime    Last Run
-----------------------------------  -----  ---------  --------  ----------  --------------  -------------------
/opt/airflow/dags/etl_clickhouse.py                           1           0  0.86s           2025-10-29T19:56:57
/opt/airflow/dags/data_ingestion.py                           1           0  0.79s           2025-10-29T19:56:57
================================================================================
[2025-10-29T19:57:34.225+0000] {manager.py:878} INFO - 
================================================================================
DAG File Processing Stats

File Path                            PID    Runtime      # DAGs    # Errors  Last Runtime    Last Run
-----------------------------------  -----  ---------  --------  ----------  --------------  -------------------
/opt/airflow/dags/etl_clickhouse.py                           1           0  0.68s           2025-10-29T19:57:28
/opt/airflow/dags/data_ingestion.py                           1           0  0.63s           2025-10-29T19:57:28
================================================================================
[2025-10-29T19:58:05.147+0000] {manager.py:878} INFO - 
================================================================================
DAG File Processing Stats

File Path                            PID    Runtime      # DAGs    # Errors  Last Runtime    Last Run
-----------------------------------  -----  ---------  --------  ----------  --------------  -------------------
/opt/airflow/dags/etl_clickhouse.py                           1           0  0.72s           2025-10-29T19:57:59
/opt/airflow/dags/data_ingestion.py                           1           0  0.67s           2025-10-29T19:57:59
================================================================================
[2025-10-29T19:58:36.098+0000] {manager.py:878} INFO - 
================================================================================
DAG File Processing Stats

File Path                            PID    Runtime      # DAGs    # Errors  Last Runtime    Last Run
-----------------------------------  -----  ---------  --------  ----------  --------------  -------------------
/opt/airflow/dags/etl_clickhouse.py                           1           0  0.75s           2025-10-29T19:58:30
/opt/airflow/dags/data_ingestion.py                           1           0  0.70s           2025-10-29T19:58:30
================================================================================
[2025-10-29T19:59:06.154+0000] {manager.py:878} INFO - 
================================================================================
DAG File Processing Stats

File Path                            PID    Runtime      # DAGs    # Errors  Last Runtime    Last Run
-----------------------------------  -----  ---------  --------  ----------  --------------  -------------------
/opt/airflow/dags/etl_clickhouse.py                           1           0  3.83s           2025-10-29T19:59:04
/opt/airflow/dags/data_ingestion.py                           1           0  3.29s           2025-10-29T19:59:03
================================================================================
[2025-10-29T19:59:37.309+0000] {manager.py:878} INFO - 
================================================================================
DAG File Processing Stats

File Path                            PID    Runtime      # DAGs    # Errors  Last Runtime    Last Run
-----------------------------------  -----  ---------  --------  ----------  --------------  -------------------
/opt/airflow/dags/etl_clickhouse.py                           1           0  1.01s           2025-10-29T19:59:35
/opt/airflow/dags/data_ingestion.py                           1           0  0.99s           2025-10-29T19:59:35
================================================================================
[2025-10-29T20:00:07.767+0000] {manager.py:878} INFO - 
================================================================================
DAG File Processing Stats

File Path                              PID  Runtime      # DAGs    # Errors  Last Runtime    Last Run
-----------------------------------  -----  ---------  --------  ----------  --------------  -------------------
/opt/airflow/dags/etl_clickhouse.py   6728  2.12s             1           0  1.01s           2025-10-29T19:59:35
/opt/airflow/dags/data_ingestion.py   6732  2.10s             1           0  0.99s           2025-10-29T19:59:35
================================================================================
[2025-10-29T20:00:38.032+0000] {manager.py:878} INFO - 
================================================================================
DAG File Processing Stats

File Path                            PID    Runtime      # DAGs    # Errors  Last Runtime    Last Run
-----------------------------------  -----  ---------  --------  ----------  --------------  -------------------
/opt/airflow/dags/etl_clickhouse.py                           1           0  5.56s           2025-10-29T20:00:11
/opt/airflow/dags/data_ingestion.py                           1           0  5.53s           2025-10-29T20:00:11
================================================================================
[2025-10-29T20:01:08.261+0000] {manager.py:878} INFO - 
================================================================================
DAG File Processing Stats

File Path                            PID    Runtime      # DAGs    # Errors  Last Runtime    Last Run
-----------------------------------  -----  ---------  --------  ----------  --------------  -------------------
/opt/airflow/dags/etl_clickhouse.py                           1           0  0.72s           2025-10-29T20:00:42
/opt/airflow/dags/data_ingestion.py                           1           0  0.64s           2025-10-29T20:00:42
================================================================================
[2025-10-29T20:01:23.002+0000] {manager.py:737} INFO - Searching for files in /opt/airflow/dags
[2025-10-29T20:01:23.038+0000] {manager.py:740} INFO - There are 2 files in /opt/airflow/dags
[2025-10-29T20:01:39.172+0000] {manager.py:878} INFO - 
================================================================================
DAG File Processing Stats

File Path                            PID    Runtime      # DAGs    # Errors  Last Runtime    Last Run
-----------------------------------  -----  ---------  --------  ----------  --------------  -------------------
/opt/airflow/dags/etl_clickhouse.py                           1           0  0.64s           2025-10-29T20:01:12
/opt/airflow/dags/data_ingestion.py                           1           0  0.59s           2025-10-29T20:01:12
================================================================================
[2025-10-29T20:02:10.103+0000] {manager.py:878} INFO - 
================================================================================
DAG File Processing Stats

File Path                            PID    Runtime      # DAGs    # Errors  Last Runtime    Last Run
-----------------------------------  -----  ---------  --------  ----------  --------------  -------------------
/opt/airflow/dags/etl_clickhouse.py                           1           0  0.76s           2025-10-29T20:01:43
/opt/airflow/dags/data_ingestion.py                           1           0  0.68s           2025-10-29T20:01:43
================================================================================
[2025-10-29T20:02:40.387+0000] {manager.py:878} INFO - 
================================================================================
DAG File Processing Stats

File Path                            PID    Runtime      # DAGs    # Errors  Last Runtime    Last Run
-----------------------------------  -----  ---------  --------  ----------  --------------  -------------------
/opt/airflow/dags/etl_clickhouse.py                           1           0  1.10s           2025-10-29T20:02:15
/opt/airflow/dags/data_ingestion.py                           1           0  1.02s           2025-10-29T20:02:15
================================================================================
[2025-10-29T20:03:10.741+0000] {manager.py:878} INFO - 
================================================================================
DAG File Processing Stats

File Path                            PID    Runtime      # DAGs    # Errors  Last Runtime    Last Run
-----------------------------------  -----  ---------  --------  ----------  --------------  -------------------
/opt/airflow/dags/etl_clickhouse.py                           1           0  1.00s           2025-10-29T20:02:46
/opt/airflow/dags/data_ingestion.py                           1           0  0.96s           2025-10-29T20:02:46
================================================================================
[2025-10-29T20:03:40.750+0000] {manager.py:878} INFO - 
================================================================================
DAG File Processing Stats

File Path                            PID    Runtime      # DAGs    # Errors  Last Runtime    Last Run
-----------------------------------  -----  ---------  --------  ----------  --------------  -------------------
/opt/airflow/dags/etl_clickhouse.py                           1           0  0.77s           2025-10-29T20:03:17
/opt/airflow/dags/data_ingestion.py                           1           0  0.70s           2025-10-29T20:03:17
================================================================================
[2025-10-29T20:04:10.808+0000] {manager.py:878} INFO - 
================================================================================
DAG File Processing Stats

File Path                            PID    Runtime      # DAGs    # Errors  Last Runtime    Last Run
-----------------------------------  -----  ---------  --------  ----------  --------------  -------------------
/opt/airflow/dags/etl_clickhouse.py                           1           0  0.96s           2025-10-29T20:03:48
/opt/airflow/dags/data_ingestion.py                           1           0  0.84s           2025-10-29T20:03:48
================================================================================
[2025-10-29T20:04:40.854+0000] {manager.py:878} INFO - 
================================================================================
DAG File Processing Stats

File Path                            PID    Runtime      # DAGs    # Errors  Last Runtime    Last Run
-----------------------------------  -----  ---------  --------  ----------  --------------  -------------------
/opt/airflow/dags/etl_clickhouse.py                           1           0  0.82s           2025-10-29T20:04:19
/opt/airflow/dags/data_ingestion.py                           1           0  0.75s           2025-10-29T20:04:19
================================================================================
[2025-10-29T20:05:10.857+0000] {manager.py:878} INFO - 
================================================================================
DAG File Processing Stats

File Path                            PID    Runtime      # DAGs    # Errors  Last Runtime    Last Run
-----------------------------------  -----  ---------  --------  ----------  --------------  -------------------
/opt/airflow/dags/etl_clickhouse.py                           1           0  0.64s           2025-10-29T20:04:50
/opt/airflow/dags/data_ingestion.py                           1           0  0.58s           2025-10-29T20:04:50
================================================================================
[2025-10-29T20:05:40.897+0000] {manager.py:878} INFO - 
================================================================================
DAG File Processing Stats

File Path                            PID    Runtime      # DAGs    # Errors  Last Runtime    Last Run
-----------------------------------  -----  ---------  --------  ----------  --------------  -------------------
/opt/airflow/dags/etl_clickhouse.py                           1           0  0.64s           2025-10-29T20:05:21
/opt/airflow/dags/data_ingestion.py                           1           0  0.60s           2025-10-29T20:05:21
================================================================================
[2025-10-29T20:06:11.845+0000] {manager.py:878} INFO - 
================================================================================
DAG File Processing Stats

File Path                            PID    Runtime      # DAGs    # Errors  Last Runtime    Last Run
-----------------------------------  -----  ---------  --------  ----------  --------------  -------------------
/opt/airflow/dags/etl_clickhouse.py                           1           0  0.61s           2025-10-29T20:05:52
/opt/airflow/dags/data_ingestion.py                           1           0  0.57s           2025-10-29T20:05:52
================================================================================
[2025-10-29T20:06:23.749+0000] {manager.py:737} INFO - Searching for files in /opt/airflow/dags
[2025-10-29T20:06:23.788+0000] {manager.py:740} INFO - There are 2 files in /opt/airflow/dags
[2025-10-29T20:06:42.001+0000] {manager.py:878} INFO - 
================================================================================
DAG File Processing Stats

File Path                            PID    Runtime      # DAGs    # Errors  Last Runtime    Last Run
-----------------------------------  -----  ---------  --------  ----------  --------------  -------------------
/opt/airflow/dags/etl_clickhouse.py                           1           0  0.86s           2025-10-29T20:06:23
/opt/airflow/dags/data_ingestion.py                           1           0  0.78s           2025-10-29T20:06:23
================================================================================
[2025-10-29T20:07:12.016+0000] {manager.py:878} INFO - 
================================================================================
DAG File Processing Stats

File Path                            PID    Runtime      # DAGs    # Errors  Last Runtime    Last Run
-----------------------------------  -----  ---------  --------  ----------  --------------  -------------------
/opt/airflow/dags/etl_clickhouse.py                           1           0  1.15s           2025-10-29T20:06:55
/opt/airflow/dags/data_ingestion.py                           1           0  0.90s           2025-10-29T20:06:55
================================================================================
[2025-10-29T20:07:42.442+0000] {manager.py:878} INFO - 
================================================================================
DAG File Processing Stats

File Path                            PID    Runtime      # DAGs    # Errors  Last Runtime    Last Run
-----------------------------------  -----  ---------  --------  ----------  --------------  -------------------
/opt/airflow/dags/etl_clickhouse.py                           1           0  0.58s           2025-10-29T20:07:26
/opt/airflow/dags/data_ingestion.py                           1           0  0.50s           2025-10-29T20:07:25
================================================================================
[2025-10-29T20:08:12.474+0000] {manager.py:878} INFO - 
================================================================================
DAG File Processing Stats

File Path                            PID    Runtime      # DAGs    # Errors  Last Runtime    Last Run
-----------------------------------  -----  ---------  --------  ----------  --------------  -------------------
/opt/airflow/dags/etl_clickhouse.py                           1           0  0.66s           2025-10-29T20:07:57
/opt/airflow/dags/data_ingestion.py                           1           0  0.62s           2025-10-29T20:07:57
================================================================================
[2025-10-29T20:08:42.481+0000] {manager.py:878} INFO - 
================================================================================
DAG File Processing Stats

File Path                            PID    Runtime      # DAGs    # Errors  Last Runtime    Last Run
-----------------------------------  -----  ---------  --------  ----------  --------------  -------------------
/opt/airflow/dags/etl_clickhouse.py                           1           0  0.59s           2025-10-29T20:08:28
/opt/airflow/dags/data_ingestion.py                           1           0  0.54s           2025-10-29T20:08:28
================================================================================
[2025-10-29T20:09:13.479+0000] {manager.py:878} INFO - 
================================================================================
DAG File Processing Stats

File Path                            PID    Runtime      # DAGs    # Errors  Last Runtime    Last Run
-----------------------------------  -----  ---------  --------  ----------  --------------  -------------------
/opt/airflow/dags/etl_clickhouse.py                           1           0  0.61s           2025-10-29T20:08:59
/opt/airflow/dags/data_ingestion.py                           1           0  0.56s           2025-10-29T20:08:59
================================================================================
[2025-10-29T20:09:43.544+0000] {manager.py:878} INFO - 
================================================================================
DAG File Processing Stats

File Path                            PID    Runtime      # DAGs    # Errors  Last Runtime    Last Run
-----------------------------------  -----  ---------  --------  ----------  --------------  -------------------
/opt/airflow/dags/etl_clickhouse.py                           1           0  0.65s           2025-10-29T20:09:30
/opt/airflow/dags/data_ingestion.py                           1           0  0.59s           2025-10-29T20:09:30
================================================================================
[2025-10-29T20:10:14.533+0000] {manager.py:878} INFO - 
================================================================================
DAG File Processing Stats

File Path                            PID    Runtime      # DAGs    # Errors  Last Runtime    Last Run
-----------------------------------  -----  ---------  --------  ----------  --------------  -------------------
/opt/airflow/dags/etl_clickhouse.py                           1           0  0.60s           2025-10-29T20:10:01
/opt/airflow/dags/data_ingestion.py                           1           0  0.56s           2025-10-29T20:10:01
================================================================================
[2025-10-29T20:10:44.588+0000] {manager.py:878} INFO - 
================================================================================
DAG File Processing Stats

File Path                            PID    Runtime      # DAGs    # Errors  Last Runtime    Last Run
-----------------------------------  -----  ---------  --------  ----------  --------------  -------------------
/opt/airflow/dags/etl_clickhouse.py                           1           0  0.64s           2025-10-29T20:10:32
/opt/airflow/dags/data_ingestion.py                           1           0  0.59s           2025-10-29T20:10:32
================================================================================
[2025-10-29T20:11:15.540+0000] {manager.py:878} INFO - 
================================================================================
DAG File Processing Stats

File Path                            PID    Runtime      # DAGs    # Errors  Last Runtime    Last Run
-----------------------------------  -----  ---------  --------  ----------  --------------  -------------------
/opt/airflow/dags/etl_clickhouse.py                           1           0  0.59s           2025-10-29T20:11:03
/opt/airflow/dags/data_ingestion.py                           1           0  0.54s           2025-10-29T20:11:03
================================================================================
[2025-10-29T20:11:24.698+0000] {manager.py:737} INFO - Searching for files in /opt/airflow/dags
[2025-10-29T20:11:24.734+0000] {manager.py:740} INFO - There are 2 files in /opt/airflow/dags
[2025-10-29T20:11:45.705+0000] {manager.py:878} INFO - 
================================================================================
DAG File Processing Stats

File Path                            PID    Runtime      # DAGs    # Errors  Last Runtime    Last Run
-----------------------------------  -----  ---------  --------  ----------  --------------  -------------------
/opt/airflow/dags/etl_clickhouse.py                           1           0  0.65s           2025-10-29T20:11:34
/opt/airflow/dags/data_ingestion.py                           1           0  0.60s           2025-10-29T20:11:34
================================================================================
[2025-10-29T20:12:16.664+0000] {manager.py:878} INFO - 
================================================================================
DAG File Processing Stats

File Path                            PID    Runtime      # DAGs    # Errors  Last Runtime    Last Run
-----------------------------------  -----  ---------  --------  ----------  --------------  -------------------
/opt/airflow/dags/etl_clickhouse.py                           1           0  0.64s           2025-10-29T20:12:05
/opt/airflow/dags/data_ingestion.py                           1           0  0.58s           2025-10-29T20:12:05
================================================================================
[2025-10-29T20:12:46.709+0000] {manager.py:878} INFO - 
================================================================================
DAG File Processing Stats

File Path                            PID    Runtime      # DAGs    # Errors  Last Runtime    Last Run
-----------------------------------  -----  ---------  --------  ----------  --------------  -------------------
/opt/airflow/dags/etl_clickhouse.py                           1           0  0.62s           2025-10-29T20:12:36
/opt/airflow/dags/data_ingestion.py                           1           0  0.59s           2025-10-29T20:12:36
================================================================================
[2025-10-29T20:13:17.671+0000] {manager.py:878} INFO - 
================================================================================
DAG File Processing Stats

File Path                            PID    Runtime      # DAGs    # Errors  Last Runtime    Last Run
-----------------------------------  -----  ---------  --------  ----------  --------------  -------------------
/opt/airflow/dags/etl_clickhouse.py                           1           0  0.61s           2025-10-29T20:13:07
/opt/airflow/dags/data_ingestion.py                           1           0  0.54s           2025-10-29T20:13:07
================================================================================
[2025-10-29T20:13:48.658+0000] {manager.py:878} INFO - 
================================================================================
DAG File Processing Stats

File Path                            PID    Runtime      # DAGs    # Errors  Last Runtime    Last Run
-----------------------------------  -----  ---------  --------  ----------  --------------  -------------------
/opt/airflow/dags/etl_clickhouse.py                           1           0  0.59s           2025-10-29T20:13:38
/opt/airflow/dags/data_ingestion.py                           1           0  0.53s           2025-10-29T20:13:38
================================================================================
[2025-10-29T20:14:19.635+0000] {manager.py:878} INFO - 
================================================================================
DAG File Processing Stats

File Path                            PID    Runtime      # DAGs    # Errors  Last Runtime    Last Run
-----------------------------------  -----  ---------  --------  ----------  --------------  -------------------
/opt/airflow/dags/etl_clickhouse.py                           1           0  0.65s           2025-10-29T20:14:09
/opt/airflow/dags/data_ingestion.py                           1           0  0.60s           2025-10-29T20:14:09
================================================================================
[2025-10-29T20:14:50.596+0000] {manager.py:878} INFO - 
================================================================================
DAG File Processing Stats

File Path                            PID    Runtime      # DAGs    # Errors  Last Runtime    Last Run
-----------------------------------  -----  ---------  --------  ----------  --------------  -------------------
/opt/airflow/dags/etl_clickhouse.py                           1           0  0.64s           2025-10-29T20:14:40
/opt/airflow/dags/data_ingestion.py                           1           0  0.59s           2025-10-29T20:14:40
================================================================================
[2025-10-29T20:15:20.689+0000] {manager.py:878} INFO - 
================================================================================
DAG File Processing Stats

File Path                            PID    Runtime      # DAGs    # Errors  Last Runtime    Last Run
-----------------------------------  -----  ---------  --------  ----------  --------------  -------------------
/opt/airflow/dags/etl_clickhouse.py                           1           0  0.82s           2025-10-29T20:15:11
/opt/airflow/dags/data_ingestion.py                           1           0  0.76s           2025-10-29T20:15:11
================================================================================
[2025-10-29T20:15:51.551+0000] {manager.py:878} INFO - 
================================================================================
DAG File Processing Stats

File Path                            PID    Runtime      # DAGs    # Errors  Last Runtime    Last Run
-----------------------------------  -----  ---------  --------  ----------  --------------  -------------------
/opt/airflow/dags/etl_clickhouse.py                           1           0  0.59s           2025-10-29T20:15:42
/opt/airflow/dags/data_ingestion.py                           1           0  0.54s           2025-10-29T20:15:42
================================================================================
[2025-10-29T20:16:21.573+0000] {manager.py:878} INFO - 
================================================================================
DAG File Processing Stats

File Path                            PID    Runtime      # DAGs    # Errors  Last Runtime    Last Run
-----------------------------------  -----  ---------  --------  ----------  --------------  -------------------
/opt/airflow/dags/etl_clickhouse.py                           1           0  6.77s           2025-10-29T20:16:19
/opt/airflow/dags/data_ingestion.py                           1           0  6.76s           2025-10-29T20:16:19
================================================================================
[2025-10-29T20:16:25.365+0000] {manager.py:737} INFO - Searching for files in /opt/airflow/dags
[2025-10-29T20:16:25.403+0000] {manager.py:740} INFO - There are 2 files in /opt/airflow/dags
[2025-10-29T20:16:51.604+0000] {manager.py:878} INFO - 
================================================================================
DAG File Processing Stats

File Path                              PID  Runtime      # DAGs    # Errors  Last Runtime    Last Run
-----------------------------------  -----  ---------  --------  ----------  --------------  -------------------
/opt/airflow/dags/etl_clickhouse.py   7112  1.06s             1           0  6.77s           2025-10-29T20:16:19
/opt/airflow/dags/data_ingestion.py   7115  1.03s             1           0  6.76s           2025-10-29T20:16:19
================================================================================
[2025-10-29T20:17:22.286+0000] {manager.py:878} INFO - 
================================================================================
DAG File Processing Stats

File Path                              PID  Runtime      # DAGs    # Errors  Last Runtime    Last Run
-----------------------------------  -----  ---------  --------  ----------  --------------  -------------------
/opt/airflow/dags/etl_clickhouse.py   7124  0.03s             1           0  1.38s           2025-10-29T20:16:51
/opt/airflow/dags/data_ingestion.py   7127  0.01s             1           0  1.24s           2025-10-29T20:16:51
================================================================================
[2025-10-29T20:17:53.246+0000] {manager.py:878} INFO - 
================================================================================
DAG File Processing Stats

File Path                              PID  Runtime      # DAGs    # Errors  Last Runtime    Last Run
-----------------------------------  -----  ---------  --------  ----------  --------------  -------------------
/opt/airflow/dags/etl_clickhouse.py   7136  0.03s             1           0  0.67s           2025-10-29T20:17:22
/opt/airflow/dags/data_ingestion.py   7139  0.01s             1           0  0.63s           2025-10-29T20:17:22
================================================================================
[2025-10-29T20:18:23.291+0000] {manager.py:878} INFO - 
================================================================================
DAG File Processing Stats

File Path                            PID    Runtime      # DAGs    # Errors  Last Runtime    Last Run
-----------------------------------  -----  ---------  --------  ----------  --------------  -------------------
/opt/airflow/dags/etl_clickhouse.py                           1           0  0.81s           2025-10-29T20:17:54
/opt/airflow/dags/data_ingestion.py                           1           0  0.78s           2025-10-29T20:17:54
================================================================================
[2025-10-29T20:18:54.207+0000] {manager.py:878} INFO - 
================================================================================
DAG File Processing Stats

File Path                            PID    Runtime      # DAGs    # Errors  Last Runtime    Last Run
-----------------------------------  -----  ---------  --------  ----------  --------------  -------------------
/opt/airflow/dags/etl_clickhouse.py                           1           0  0.71s           2025-10-29T20:18:25
/opt/airflow/dags/data_ingestion.py                           1           0  0.65s           2025-10-29T20:18:24
================================================================================
[2025-10-29T20:19:24.343+0000] {manager.py:878} INFO - 
================================================================================
DAG File Processing Stats

File Path                            PID    Runtime      # DAGs    # Errors  Last Runtime    Last Run
-----------------------------------  -----  ---------  --------  ----------  --------------  -------------------
/opt/airflow/dags/etl_clickhouse.py                           1           0  0.83s           2025-10-29T20:18:56
/opt/airflow/dags/data_ingestion.py                           1           0  0.79s           2025-10-29T20:18:56
================================================================================
[2025-10-29T20:19:54.579+0000] {manager.py:878} INFO - 
================================================================================
DAG File Processing Stats

File Path                            PID    Runtime      # DAGs    # Errors  Last Runtime    Last Run
-----------------------------------  -----  ---------  --------  ----------  --------------  -------------------
/opt/airflow/dags/etl_clickhouse.py                           1           0  0.80s           2025-10-29T20:19:27
/opt/airflow/dags/data_ingestion.py                           1           0  0.76s           2025-10-29T20:19:27
================================================================================
[2025-10-29T20:20:24.697+0000] {manager.py:878} INFO - 
================================================================================
DAG File Processing Stats

File Path                            PID    Runtime      # DAGs    # Errors  Last Runtime    Last Run
-----------------------------------  -----  ---------  --------  ----------  --------------  -------------------
/opt/airflow/dags/etl_clickhouse.py                           1           0  0.79s           2025-10-29T20:19:58
/opt/airflow/dags/data_ingestion.py                           1           0  0.75s           2025-10-29T20:19:58
================================================================================
[2025-10-29T20:20:54.738+0000] {manager.py:878} INFO - 
================================================================================
DAG File Processing Stats

File Path                            PID    Runtime      # DAGs    # Errors  Last Runtime    Last Run
-----------------------------------  -----  ---------  --------  ----------  --------------  -------------------
/opt/airflow/dags/etl_clickhouse.py                           1           0  0.62s           2025-10-29T20:20:29
/opt/airflow/dags/data_ingestion.py                           1           0  0.57s           2025-10-29T20:20:29
================================================================================
[2025-10-29T20:21:24.911+0000] {manager.py:878} INFO - 
================================================================================
DAG File Processing Stats

File Path                            PID    Runtime      # DAGs    # Errors  Last Runtime    Last Run
-----------------------------------  -----  ---------  --------  ----------  --------------  -------------------
/opt/airflow/dags/etl_clickhouse.py                           1           0  0.84s           2025-10-29T20:21:00
/opt/airflow/dags/data_ingestion.py                           1           0  0.74s           2025-10-29T20:21:00
================================================================================
[2025-10-29T20:21:25.920+0000] {manager.py:737} INFO - Searching for files in /opt/airflow/dags
[2025-10-29T20:21:25.953+0000] {manager.py:740} INFO - There are 2 files in /opt/airflow/dags
[2025-10-29T20:21:54.960+0000] {manager.py:878} INFO - 
================================================================================
DAG File Processing Stats

File Path                            PID    Runtime      # DAGs    # Errors  Last Runtime    Last Run
-----------------------------------  -----  ---------  --------  ----------  --------------  -------------------
/opt/airflow/dags/etl_clickhouse.py                           1           0  0.64s           2025-10-29T20:21:31
/opt/airflow/dags/data_ingestion.py                           1           0  0.59s           2025-10-29T20:21:31
================================================================================
[2025-10-29T20:22:25.890+0000] {manager.py:878} INFO - 
================================================================================
DAG File Processing Stats

File Path                            PID    Runtime      # DAGs    # Errors  Last Runtime    Last Run
-----------------------------------  -----  ---------  --------  ----------  --------------  -------------------
/opt/airflow/dags/etl_clickhouse.py                           1           0  0.60s           2025-10-29T20:22:02
/opt/airflow/dags/data_ingestion.py                           1           0  0.55s           2025-10-29T20:22:02
================================================================================
[2025-10-29T20:22:56.888+0000] {manager.py:878} INFO - 
================================================================================
DAG File Processing Stats

File Path                            PID    Runtime      # DAGs    # Errors  Last Runtime    Last Run
-----------------------------------  -----  ---------  --------  ----------  --------------  -------------------
/opt/airflow/dags/etl_clickhouse.py                           1           0  0.68s           2025-10-29T20:22:33
/opt/airflow/dags/data_ingestion.py                           1           0  0.62s           2025-10-29T20:22:33
================================================================================
[2025-10-29T20:23:27.861+0000] {manager.py:878} INFO - 
================================================================================
DAG File Processing Stats

File Path                            PID    Runtime      # DAGs    # Errors  Last Runtime    Last Run
-----------------------------------  -----  ---------  --------  ----------  --------------  -------------------
/opt/airflow/dags/etl_clickhouse.py                           1           0  0.64s           2025-10-29T20:23:04
/opt/airflow/dags/data_ingestion.py                           1           0  0.59s           2025-10-29T20:23:04
================================================================================
[2025-10-29T20:23:58.815+0000] {manager.py:878} INFO - 
================================================================================
DAG File Processing Stats

File Path                            PID    Runtime      # DAGs    # Errors  Last Runtime    Last Run
-----------------------------------  -----  ---------  --------  ----------  --------------  -------------------
/opt/airflow/dags/etl_clickhouse.py                           1           0  0.70s           2025-10-29T20:23:35
/opt/airflow/dags/data_ingestion.py                           1           0  0.63s           2025-10-29T20:23:35
================================================================================
[2025-10-29T20:24:29.696+0000] {manager.py:878} INFO - 
================================================================================
DAG File Processing Stats

File Path                            PID    Runtime      # DAGs    # Errors  Last Runtime    Last Run
-----------------------------------  -----  ---------  --------  ----------  --------------  -------------------
/opt/airflow/dags/etl_clickhouse.py                           1           0  0.66s           2025-10-29T20:24:06
/opt/airflow/dags/data_ingestion.py                           1           0  0.62s           2025-10-29T20:24:06
================================================================================
[2025-10-29T20:25:00.610+0000] {manager.py:878} INFO - 
================================================================================
DAG File Processing Stats

File Path                            PID    Runtime      # DAGs    # Errors  Last Runtime    Last Run
-----------------------------------  -----  ---------  --------  ----------  --------------  -------------------
/opt/airflow/dags/etl_clickhouse.py                           1           0  0.65s           2025-10-29T20:24:37
/opt/airflow/dags/data_ingestion.py                           1           0  0.59s           2025-10-29T20:24:37
================================================================================
[2025-10-29T20:25:30.645+0000] {manager.py:878} INFO - 
================================================================================
DAG File Processing Stats

File Path                            PID    Runtime      # DAGs    # Errors  Last Runtime    Last Run
-----------------------------------  -----  ---------  --------  ----------  --------------  -------------------
/opt/airflow/dags/etl_clickhouse.py                           1           0  0.65s           2025-10-29T20:25:08
/opt/airflow/dags/data_ingestion.py                           1           0  0.61s           2025-10-29T20:25:08
================================================================================
[2025-10-29T20:26:01.617+0000] {manager.py:878} INFO - 
================================================================================
DAG File Processing Stats

File Path                            PID    Runtime      # DAGs    # Errors  Last Runtime    Last Run
-----------------------------------  -----  ---------  --------  ----------  --------------  -------------------
/opt/airflow/dags/etl_clickhouse.py                           1           0  0.56s           2025-10-29T20:25:39
/opt/airflow/dags/data_ingestion.py                           1           0  0.52s           2025-10-29T20:25:39
================================================================================
[2025-10-29T20:26:26.598+0000] {manager.py:737} INFO - Searching for files in /opt/airflow/dags
[2025-10-29T20:26:26.698+0000] {manager.py:740} INFO - There are 2 files in /opt/airflow/dags
[2025-10-29T20:26:31.807+0000] {manager.py:878} INFO - 
================================================================================
DAG File Processing Stats

File Path                            PID    Runtime      # DAGs    # Errors  Last Runtime    Last Run
-----------------------------------  -----  ---------  --------  ----------  --------------  -------------------
/opt/airflow/dags/etl_clickhouse.py                           1           0  0.64s           2025-10-29T20:26:10
/opt/airflow/dags/data_ingestion.py                           1           0  0.58s           2025-10-29T20:26:10
================================================================================
[2025-10-29T20:27:02.742+0000] {manager.py:878} INFO - 
================================================================================
DAG File Processing Stats

File Path                            PID    Runtime      # DAGs    # Errors  Last Runtime    Last Run
-----------------------------------  -----  ---------  --------  ----------  --------------  -------------------
/opt/airflow/dags/etl_clickhouse.py                           1           0  0.60s           2025-10-29T20:26:41
/opt/airflow/dags/data_ingestion.py                           1           0  0.57s           2025-10-29T20:26:41
================================================================================
[2025-10-29T20:27:32.803+0000] {manager.py:878} INFO - 
================================================================================
DAG File Processing Stats

File Path                            PID    Runtime      # DAGs    # Errors  Last Runtime    Last Run
-----------------------------------  -----  ---------  --------  ----------  --------------  -------------------
/opt/airflow/dags/etl_clickhouse.py                           1           0  0.62s           2025-10-29T20:27:12
/opt/airflow/dags/data_ingestion.py                           1           0  0.58s           2025-10-29T20:27:12
================================================================================
[2025-10-29T20:28:02.818+0000] {manager.py:878} INFO - 
================================================================================
DAG File Processing Stats

File Path                            PID    Runtime      # DAGs    # Errors  Last Runtime    Last Run
-----------------------------------  -----  ---------  --------  ----------  --------------  -------------------
/opt/airflow/dags/etl_clickhouse.py                           1           0  0.59s           2025-10-29T20:27:43
/opt/airflow/dags/data_ingestion.py                           1           0  0.54s           2025-10-29T20:27:43
================================================================================
[2025-10-29T20:28:33.810+0000] {manager.py:878} INFO - 
================================================================================
DAG File Processing Stats

File Path                            PID    Runtime      # DAGs    # Errors  Last Runtime    Last Run
-----------------------------------  -----  ---------  --------  ----------  --------------  -------------------
/opt/airflow/dags/etl_clickhouse.py                           1           0  0.59s           2025-10-29T20:28:14
/opt/airflow/dags/data_ingestion.py                           1           0  0.55s           2025-10-29T20:28:14
================================================================================
[2025-10-29T20:29:03.837+0000] {manager.py:878} INFO - 
================================================================================
DAG File Processing Stats

File Path                            PID    Runtime      # DAGs    # Errors  Last Runtime    Last Run
-----------------------------------  -----  ---------  --------  ----------  --------------  -------------------
/opt/airflow/dags/etl_clickhouse.py                           1           0  0.68s           2025-10-29T20:28:45
/opt/airflow/dags/data_ingestion.py                           1           0  0.58s           2025-10-29T20:28:45
================================================================================
[2025-10-29T20:29:34.847+0000] {manager.py:878} INFO - 
================================================================================
DAG File Processing Stats

File Path                            PID    Runtime      # DAGs    # Errors  Last Runtime    Last Run
-----------------------------------  -----  ---------  --------  ----------  --------------  -------------------
/opt/airflow/dags/etl_clickhouse.py                           1           0  0.58s           2025-10-29T20:29:16
/opt/airflow/dags/data_ingestion.py                           1           0  0.54s           2025-10-29T20:29:16
================================================================================
[2025-10-29T20:30:04.907+0000] {manager.py:878} INFO - 
================================================================================
DAG File Processing Stats

File Path                            PID    Runtime      # DAGs    # Errors  Last Runtime    Last Run
-----------------------------------  -----  ---------  --------  ----------  --------------  -------------------
/opt/airflow/dags/etl_clickhouse.py                           1           0  0.69s           2025-10-29T20:29:47
/opt/airflow/dags/data_ingestion.py                           1           0  0.61s           2025-10-29T20:29:47
================================================================================
[2025-10-29T20:30:35.816+0000] {manager.py:878} INFO - 
================================================================================
DAG File Processing Stats

File Path                            PID    Runtime      # DAGs    # Errors  Last Runtime    Last Run
-----------------------------------  -----  ---------  --------  ----------  --------------  -------------------
/opt/airflow/dags/etl_clickhouse.py                           1           0  0.56s           2025-10-29T20:30:18
/opt/airflow/dags/data_ingestion.py                           1           0  0.52s           2025-10-29T20:30:18
================================================================================
[2025-10-29T20:31:06.818+0000] {manager.py:878} INFO - 
================================================================================
DAG File Processing Stats

File Path                            PID    Runtime      # DAGs    # Errors  Last Runtime    Last Run
-----------------------------------  -----  ---------  --------  ----------  --------------  -------------------
/opt/airflow/dags/etl_clickhouse.py                           1           0  0.58s           2025-10-29T20:30:49
/opt/airflow/dags/data_ingestion.py                           1           0  0.53s           2025-10-29T20:30:49
================================================================================
[2025-10-29T20:31:26.652+0000] {manager.py:737} INFO - Searching for files in /opt/airflow/dags
[2025-10-29T20:31:26.684+0000] {manager.py:740} INFO - There are 2 files in /opt/airflow/dags
[2025-10-29T20:31:36.838+0000] {manager.py:878} INFO - 
================================================================================
DAG File Processing Stats

File Path                            PID    Runtime      # DAGs    # Errors  Last Runtime    Last Run
-----------------------------------  -----  ---------  --------  ----------  --------------  -------------------
/opt/airflow/dags/etl_clickhouse.py                           1           0  0.58s           2025-10-29T20:31:20
/opt/airflow/dags/data_ingestion.py                           1           0  0.53s           2025-10-29T20:31:20
================================================================================
[2025-10-29T20:32:07.823+0000] {manager.py:878} INFO - 
================================================================================
DAG File Processing Stats

File Path                            PID    Runtime      # DAGs    # Errors  Last Runtime    Last Run
-----------------------------------  -----  ---------  --------  ----------  --------------  -------------------
/opt/airflow/dags/etl_clickhouse.py                           1           0  0.67s           2025-10-29T20:31:51
/opt/airflow/dags/data_ingestion.py                           1           0  0.60s           2025-10-29T20:31:51
================================================================================
[2025-10-29T20:32:37.909+0000] {manager.py:878} INFO - 
================================================================================
DAG File Processing Stats

File Path                            PID    Runtime      # DAGs    # Errors  Last Runtime    Last Run
-----------------------------------  -----  ---------  --------  ----------  --------------  -------------------
/opt/airflow/dags/etl_clickhouse.py                           1           0  0.63s           2025-10-29T20:32:22
/opt/airflow/dags/data_ingestion.py                           1           0  0.62s           2025-10-29T20:32:22
================================================================================
[2025-10-29T20:33:08.801+0000] {manager.py:878} INFO - 
================================================================================
DAG File Processing Stats

File Path                            PID    Runtime      # DAGs    # Errors  Last Runtime    Last Run
-----------------------------------  -----  ---------  --------  ----------  --------------  -------------------
/opt/airflow/dags/etl_clickhouse.py                           1           0  0.57s           2025-10-29T20:32:53
/opt/airflow/dags/data_ingestion.py                           1           0  0.52s           2025-10-29T20:32:53
================================================================================
[2025-10-29T20:33:38.804+0000] {manager.py:878} INFO - 
================================================================================
DAG File Processing Stats

File Path                            PID    Runtime      # DAGs    # Errors  Last Runtime    Last Run
-----------------------------------  -----  ---------  --------  ----------  --------------  -------------------
/opt/airflow/dags/etl_clickhouse.py                           1           0  0.59s           2025-10-29T20:33:24
/opt/airflow/dags/data_ingestion.py                           1           0  0.54s           2025-10-29T20:33:24
================================================================================
[2025-10-29T20:34:08.822+0000] {manager.py:878} INFO - 
================================================================================
DAG File Processing Stats

File Path                            PID    Runtime      # DAGs    # Errors  Last Runtime    Last Run
-----------------------------------  -----  ---------  --------  ----------  --------------  -------------------
/opt/airflow/dags/etl_clickhouse.py                           1           0  0.61s           2025-10-29T20:33:55
/opt/airflow/dags/data_ingestion.py                           1           0  0.56s           2025-10-29T20:33:55
================================================================================
[2025-10-29T20:34:39.089+0000] {manager.py:878} INFO - 
================================================================================
DAG File Processing Stats

File Path                            PID    Runtime      # DAGs    # Errors  Last Runtime    Last Run
-----------------------------------  -----  ---------  --------  ----------  --------------  -------------------
/opt/airflow/dags/etl_clickhouse.py                           1           0  0.97s           2025-10-29T20:34:26
/opt/airflow/dags/data_ingestion.py                           1           0  0.94s           2025-10-29T20:34:26
================================================================================
[2025-10-29T20:35:09.097+0000] {manager.py:878} INFO - 
================================================================================
DAG File Processing Stats

File Path                            PID    Runtime      # DAGs    # Errors  Last Runtime    Last Run
-----------------------------------  -----  ---------  --------  ----------  --------------  -------------------
/opt/airflow/dags/etl_clickhouse.py                           1           0  0.59s           2025-10-29T20:34:57
/opt/airflow/dags/data_ingestion.py                           1           0  0.53s           2025-10-29T20:34:57
================================================================================
[2025-10-29T20:35:40.080+0000] {manager.py:878} INFO - 
================================================================================
DAG File Processing Stats

File Path                            PID    Runtime      # DAGs    # Errors  Last Runtime    Last Run
-----------------------------------  -----  ---------  --------  ----------  --------------  -------------------
/opt/airflow/dags/etl_clickhouse.py                           1           0  0.57s           2025-10-29T20:35:28
/opt/airflow/dags/data_ingestion.py                           1           0  0.52s           2025-10-29T20:35:28
================================================================================
[2025-10-29T20:36:10.246+0000] {manager.py:878} INFO - 
================================================================================
DAG File Processing Stats

File Path                            PID    Runtime      # DAGs    # Errors  Last Runtime    Last Run
-----------------------------------  -----  ---------  --------  ----------  --------------  -------------------
/opt/airflow/dags/data_ingestion.py                           1           0  0.67s           2025-10-29T20:36:00
/opt/airflow/dags/etl_clickhouse.py                           1           0  0.67s           2025-10-29T20:36:00
================================================================================
[2025-10-29T20:36:27.486+0000] {manager.py:737} INFO - Searching for files in /opt/airflow/dags
[2025-10-29T20:36:27.522+0000] {manager.py:740} INFO - There are 2 files in /opt/airflow/dags
[2025-10-29T20:36:40.308+0000] {manager.py:878} INFO - 
================================================================================
DAG File Processing Stats

File Path                            PID    Runtime      # DAGs    # Errors  Last Runtime    Last Run
-----------------------------------  -----  ---------  --------  ----------  --------------  -------------------
/opt/airflow/dags/etl_clickhouse.py                           1           0  0.63s           2025-10-29T20:36:31
/opt/airflow/dags/data_ingestion.py                           1           0  0.58s           2025-10-29T20:36:31
================================================================================
[2025-10-29T20:37:10.317+0000] {manager.py:878} INFO - 
================================================================================
DAG File Processing Stats

File Path                            PID    Runtime      # DAGs    # Errors  Last Runtime    Last Run
-----------------------------------  -----  ---------  --------  ----------  --------------  -------------------
/opt/airflow/dags/etl_clickhouse.py                           1           0  0.62s           2025-10-29T20:37:02
/opt/airflow/dags/data_ingestion.py                           1           0  0.56s           2025-10-29T20:37:02
================================================================================
[2025-10-29T20:37:40.334+0000] {manager.py:878} INFO - 
================================================================================
DAG File Processing Stats

File Path                            PID    Runtime      # DAGs    # Errors  Last Runtime    Last Run
-----------------------------------  -----  ---------  --------  ----------  --------------  -------------------
/opt/airflow/dags/etl_clickhouse.py                           1           0  0.59s           2025-10-29T20:37:33
/opt/airflow/dags/data_ingestion.py                           1           0  0.54s           2025-10-29T20:37:33
================================================================================
[2025-10-29T20:38:10.403+0000] {manager.py:878} INFO - 
================================================================================
DAG File Processing Stats

File Path                            PID    Runtime      # DAGs    # Errors  Last Runtime    Last Run
-----------------------------------  -----  ---------  --------  ----------  --------------  -------------------
/opt/airflow/dags/etl_clickhouse.py                           1           0  0.60s           2025-10-29T20:38:04
/opt/airflow/dags/data_ingestion.py                           1           0  0.55s           2025-10-29T20:38:04
================================================================================
[2025-10-29T20:38:40.442+0000] {manager.py:878} INFO - 
================================================================================
DAG File Processing Stats

File Path                            PID    Runtime      # DAGs    # Errors  Last Runtime    Last Run
-----------------------------------  -----  ---------  --------  ----------  --------------  -------------------
/opt/airflow/dags/etl_clickhouse.py                           1           0  0.61s           2025-10-29T20:38:35
/opt/airflow/dags/data_ingestion.py                           1           0  0.61s           2025-10-29T20:38:35
================================================================================
[2025-10-29T20:39:11.347+0000] {manager.py:878} INFO - 
================================================================================
DAG File Processing Stats

File Path                            PID    Runtime      # DAGs    # Errors  Last Runtime    Last Run
-----------------------------------  -----  ---------  --------  ----------  --------------  -------------------
/opt/airflow/dags/etl_clickhouse.py                           1           0  0.61s           2025-10-29T20:39:06
/opt/airflow/dags/data_ingestion.py                           1           0  0.55s           2025-10-29T20:39:06
================================================================================
[2025-10-29T20:39:41.354+0000] {manager.py:878} INFO - 
================================================================================
DAG File Processing Stats

File Path                            PID    Runtime      # DAGs    # Errors  Last Runtime    Last Run
-----------------------------------  -----  ---------  --------  ----------  --------------  -------------------
/opt/airflow/dags/etl_clickhouse.py                           1           0  0.61s           2025-10-29T20:39:37
/opt/airflow/dags/data_ingestion.py                           1           0  0.55s           2025-10-29T20:39:37
================================================================================
[2025-10-29T20:40:11.418+0000] {manager.py:878} INFO - 
================================================================================
DAG File Processing Stats

File Path                            PID    Runtime      # DAGs    # Errors  Last Runtime    Last Run
-----------------------------------  -----  ---------  --------  ----------  --------------  -------------------
/opt/airflow/dags/etl_clickhouse.py                           1           0  0.61s           2025-10-29T20:40:08
/opt/airflow/dags/data_ingestion.py                           1           0  0.58s           2025-10-29T20:40:08
================================================================================
[2025-10-29T20:40:42.389+0000] {manager.py:878} INFO - 
================================================================================
DAG File Processing Stats

File Path                            PID    Runtime      # DAGs    # Errors  Last Runtime    Last Run
-----------------------------------  -----  ---------  --------  ----------  --------------  -------------------
/opt/airflow/dags/etl_clickhouse.py                           1           0  0.58s           2025-10-29T20:40:39
/opt/airflow/dags/data_ingestion.py                           1           0  0.54s           2025-10-29T20:40:39
================================================================================
[2025-10-29T20:41:12.513+0000] {manager.py:878} INFO - 
================================================================================
DAG File Processing Stats

File Path                            PID    Runtime      # DAGs    # Errors  Last Runtime    Last Run
-----------------------------------  -----  ---------  --------  ----------  --------------  -------------------
/opt/airflow/dags/etl_clickhouse.py                           1           0  0.69s           2025-10-29T20:41:10
/opt/airflow/dags/data_ingestion.py                           1           0  0.62s           2025-10-29T20:41:10
================================================================================
[2025-10-29T20:41:27.740+0000] {manager.py:737} INFO - Searching for files in /opt/airflow/dags
[2025-10-29T20:41:27.804+0000] {manager.py:740} INFO - There are 2 files in /opt/airflow/dags
[2025-10-29T20:41:42.623+0000] {manager.py:878} INFO - 
================================================================================
DAG File Processing Stats

File Path                            PID    Runtime      # DAGs    # Errors  Last Runtime    Last Run
-----------------------------------  -----  ---------  --------  ----------  --------------  -------------------
/opt/airflow/dags/etl_clickhouse.py                           1           0  0.61s           2025-10-29T20:41:41
/opt/airflow/dags/data_ingestion.py                           1           0  0.56s           2025-10-29T20:41:41
================================================================================
[2025-10-29T20:42:12.648+0000] {manager.py:878} INFO - 
================================================================================
DAG File Processing Stats

File Path                            PID    Runtime      # DAGs    # Errors  Last Runtime    Last Run
-----------------------------------  -----  ---------  --------  ----------  --------------  -------------------
/opt/airflow/dags/etl_clickhouse.py                           1           0  0.61s           2025-10-29T20:42:12
/opt/airflow/dags/data_ingestion.py                           1           0  0.56s           2025-10-29T20:42:12
================================================================================
[2025-10-29T20:42:43.047+0000] {manager.py:878} INFO - 
================================================================================
DAG File Processing Stats

File Path                              PID  Runtime      # DAGs    # Errors  Last Runtime    Last Run
-----------------------------------  -----  ---------  --------  ----------  --------------  -------------------
/opt/airflow/dags/etl_clickhouse.py   7712  0.03s             1           0  0.61s           2025-10-29T20:42:12
/opt/airflow/dags/data_ingestion.py   7715  0.01s             1           0  0.56s           2025-10-29T20:42:12
================================================================================
[2025-10-29T20:43:13.992+0000] {manager.py:878} INFO - 
================================================================================
DAG File Processing Stats

File Path                              PID  Runtime      # DAGs    # Errors  Last Runtime    Last Run
-----------------------------------  -----  ---------  --------  ----------  --------------  -------------------
/opt/airflow/dags/etl_clickhouse.py   7724  0.03s             1           0  0.57s           2025-10-29T20:42:43
/opt/airflow/dags/data_ingestion.py   7727  0.01s             1           0  0.52s           2025-10-29T20:42:43
================================================================================
[2025-10-29T20:43:44.980+0000] {manager.py:878} INFO - 
================================================================================
DAG File Processing Stats

File Path                              PID  Runtime      # DAGs    # Errors  Last Runtime    Last Run
-----------------------------------  -----  ---------  --------  ----------  --------------  -------------------
/opt/airflow/dags/etl_clickhouse.py   7736  0.02s             1           0  0.62s           2025-10-29T20:43:14
/opt/airflow/dags/data_ingestion.py   7739  0.01s             1           0  0.57s           2025-10-29T20:43:14
================================================================================
[2025-10-29T20:44:15.350+0000] {manager.py:878} INFO - 
================================================================================
DAG File Processing Stats

File Path                            PID    Runtime      # DAGs    # Errors  Last Runtime    Last Run
-----------------------------------  -----  ---------  --------  ----------  --------------  -------------------
/opt/airflow/dags/etl_clickhouse.py                           1           0  1.44s           2025-10-29T20:43:46
/opt/airflow/dags/data_ingestion.py                           1           0  1.43s           2025-10-29T20:43:46
================================================================================
[2025-10-29T20:44:45.707+0000] {manager.py:878} INFO - 
================================================================================
DAG File Processing Stats

File Path                            PID    Runtime      # DAGs    # Errors  Last Runtime    Last Run
-----------------------------------  -----  ---------  --------  ----------  --------------  -------------------
/opt/airflow/dags/etl_clickhouse.py                           1           0  0.98s           2025-10-29T20:44:17
/opt/airflow/dags/data_ingestion.py                           1           0  0.95s           2025-10-29T20:44:17
================================================================================
[2025-10-29T20:45:15.959+0000] {manager.py:878} INFO - 
================================================================================
DAG File Processing Stats

File Path                            PID    Runtime      # DAGs    # Errors  Last Runtime    Last Run
-----------------------------------  -----  ---------  --------  ----------  --------------  -------------------
/opt/airflow/dags/etl_clickhouse.py                           1           0  0.66s           2025-10-29T20:44:48
/opt/airflow/dags/data_ingestion.py                           1           0  0.61s           2025-10-29T20:44:48
================================================================================
[2025-10-29T20:45:46.903+0000] {manager.py:878} INFO - 
================================================================================
DAG File Processing Stats

File Path                            PID    Runtime      # DAGs    # Errors  Last Runtime    Last Run
-----------------------------------  -----  ---------  --------  ----------  --------------  -------------------
/opt/airflow/dags/etl_clickhouse.py                           1           0  0.63s           2025-10-29T20:45:19
/opt/airflow/dags/data_ingestion.py                           1           0  0.60s           2025-10-29T20:45:19
================================================================================
[2025-10-29T20:46:17.023+0000] {manager.py:878} INFO - 
================================================================================
DAG File Processing Stats

File Path                            PID    Runtime      # DAGs    # Errors  Last Runtime    Last Run
-----------------------------------  -----  ---------  --------  ----------  --------------  -------------------
/opt/airflow/dags/etl_clickhouse.py                           1           0  0.93s           2025-10-29T20:45:50
/opt/airflow/dags/data_ingestion.py                           1           0  0.75s           2025-10-29T20:45:50
================================================================================
[2025-10-29T20:46:27.894+0000] {manager.py:737} INFO - Searching for files in /opt/airflow/dags
[2025-10-29T20:46:27.960+0000] {manager.py:740} INFO - There are 2 files in /opt/airflow/dags
[2025-10-30T05:37:40.873+0000] {manager.py:878} INFO - 
================================================================================
DAG File Processing Stats

File Path                              PID  Runtime      # DAGs    # Errors  Last Runtime    Last Run
-----------------------------------  -----  ---------  --------  ----------  --------------  -------------------
/opt/airflow/dags/etl_clickhouse.py   7808  0.49s             1           0  0.77s           2025-10-29T20:46:21
/opt/airflow/dags/data_ingestion.py   7811  0.10s             1           0  0.70s           2025-10-29T20:46:21
================================================================================
[2025-10-30T05:37:41.134+0000] {manager.py:737} INFO - Searching for files in /opt/airflow/dags
[2025-10-30T05:37:41.284+0000] {manager.py:740} INFO - There are 2 files in /opt/airflow/dags
[2025-10-30T05:38:10.988+0000] {manager.py:878} INFO - 
================================================================================
DAG File Processing Stats

File Path                            PID    Runtime      # DAGs    # Errors  Last Runtime    Last Run
-----------------------------------  -----  ---------  --------  ----------  --------------  -------------------
/opt/airflow/dags/data_ingestion.py                           1           0  9.62s           2025-10-30T05:37:50
/opt/airflow/dags/etl_clickhouse.py                           1           0  6.31s           2025-10-30T05:37:46
================================================================================
[2025-10-30T05:38:41.280+0000] {manager.py:878} INFO - 
================================================================================
DAG File Processing Stats

File Path                            PID    Runtime      # DAGs    # Errors  Last Runtime    Last Run
-----------------------------------  -----  ---------  --------  ----------  --------------  -------------------
/opt/airflow/dags/data_ingestion.py                           1           0  1.42s           2025-10-30T05:38:22
/opt/airflow/dags/etl_clickhouse.py                           1           0  1.10s           2025-10-30T05:38:17
================================================================================
[2025-10-30T05:39:11.648+0000] {manager.py:878} INFO - 
================================================================================
DAG File Processing Stats

File Path                            PID    Runtime      # DAGs    # Errors  Last Runtime    Last Run
-----------------------------------  -----  ---------  --------  ----------  --------------  -------------------
/opt/airflow/dags/etl_clickhouse.py                           1           0  1.49s           2025-10-30T05:38:49
/opt/airflow/dags/data_ingestion.py                           1           0  1.38s           2025-10-30T05:38:54
================================================================================
[2025-10-30T05:39:42.138+0000] {manager.py:878} INFO - 
================================================================================
DAG File Processing Stats

File Path                            PID    Runtime      # DAGs    # Errors  Last Runtime    Last Run
-----------------------------------  -----  ---------  --------  ----------  --------------  -------------------
/opt/airflow/dags/etl_clickhouse.py                           1           0  1.21s           2025-10-30T05:39:21
/opt/airflow/dags/data_ingestion.py                           1           0  1.09s           2025-10-30T05:39:25
================================================================================
[2025-10-30T05:40:12.359+0000] {manager.py:878} INFO - 
================================================================================
DAG File Processing Stats

File Path                            PID    Runtime      # DAGs    # Errors  Last Runtime    Last Run
-----------------------------------  -----  ---------  --------  ----------  --------------  -------------------
/opt/airflow/dags/etl_clickhouse.py                           1           0  2.25s           2025-10-30T05:39:54
/opt/airflow/dags/data_ingestion.py                           1           0  1.47s           2025-10-30T05:39:58
================================================================================
[2025-10-30T05:40:43.113+0000] {manager.py:878} INFO - 
================================================================================
DAG File Processing Stats

File Path                            PID    Runtime      # DAGs    # Errors  Last Runtime    Last Run
-----------------------------------  -----  ---------  --------  ----------  --------------  -------------------
/opt/airflow/dags/etl_clickhouse.py                           1           0  1.79s           2025-10-30T05:40:27
/opt/airflow/dags/data_ingestion.py                           1           0  1.57s           2025-10-30T05:40:29
================================================================================
[2025-10-30T05:41:13.400+0000] {manager.py:878} INFO - 
================================================================================
DAG File Processing Stats

File Path                            PID    Runtime      # DAGs    # Errors  Last Runtime    Last Run
-----------------------------------  -----  ---------  --------  ----------  --------------  -------------------
/opt/airflow/dags/etl_clickhouse.py                           1           0  1.62s           2025-10-30T05:40:59
/opt/airflow/dags/data_ingestion.py                           1           0  1.46s           2025-10-30T05:41:01
================================================================================
[2025-10-30T05:41:43.924+0000] {manager.py:878} INFO - 
================================================================================
DAG File Processing Stats

File Path                            PID    Runtime      # DAGs    # Errors  Last Runtime    Last Run
-----------------------------------  -----  ---------  --------  ----------  --------------  -------------------
/opt/airflow/dags/etl_clickhouse.py                           1           0  1.58s           2025-10-30T05:41:30
/opt/airflow/dags/data_ingestion.py                           1           0  1.37s           2025-10-30T05:41:33
================================================================================
[2025-10-30T05:42:14.629+0000] {manager.py:878} INFO - 
================================================================================
DAG File Processing Stats

File Path                            PID    Runtime      # DAGs    # Errors  Last Runtime    Last Run
-----------------------------------  -----  ---------  --------  ----------  --------------  -------------------
/opt/airflow/dags/etl_clickhouse.py                           1           0  1.47s           2025-10-30T05:42:02
/opt/airflow/dags/data_ingestion.py                           1           0  1.43s           2025-10-30T05:42:04
================================================================================
[2025-10-30T05:42:41.244+0000] {manager.py:737} INFO - Searching for files in /opt/airflow/dags
[2025-10-30T05:42:41.332+0000] {manager.py:740} INFO - There are 2 files in /opt/airflow/dags
[2025-10-30T05:42:44.970+0000] {manager.py:878} INFO - 
================================================================================
DAG File Processing Stats

File Path                            PID    Runtime      # DAGs    # Errors  Last Runtime    Last Run
-----------------------------------  -----  ---------  --------  ----------  --------------  -------------------
/opt/airflow/dags/data_ingestion.py                           1           0  1.37s           2025-10-30T05:42:36
/opt/airflow/dags/etl_clickhouse.py                           1           0  1.30s           2025-10-30T05:42:33
================================================================================
[2025-10-30T05:43:15.398+0000] {manager.py:878} INFO - 
================================================================================
DAG File Processing Stats

File Path                            PID    Runtime      # DAGs    # Errors  Last Runtime    Last Run
-----------------------------------  -----  ---------  --------  ----------  --------------  -------------------
/opt/airflow/dags/data_ingestion.py                           1           0  1.84s           2025-10-30T05:43:08
/opt/airflow/dags/etl_clickhouse.py                           1           0  1.54s           2025-10-30T05:43:05
================================================================================
[2025-10-30T05:43:46.391+0000] {manager.py:878} INFO - 
================================================================================
DAG File Processing Stats

File Path                            PID    Runtime      # DAGs    # Errors  Last Runtime    Last Run
-----------------------------------  -----  ---------  --------  ----------  --------------  -------------------
/opt/airflow/dags/data_ingestion.py                           1           0  1.62s           2025-10-30T05:43:40
/opt/airflow/dags/etl_clickhouse.py                           1           0  1.61s           2025-10-30T05:43:37
================================================================================
[2025-10-30T05:44:17.282+0000] {manager.py:878} INFO - 
================================================================================
DAG File Processing Stats

File Path                            PID    Runtime      # DAGs    # Errors  Last Runtime    Last Run
-----------------------------------  -----  ---------  --------  ----------  --------------  -------------------
/opt/airflow/dags/etl_clickhouse.py                           1           0  1.81s           2025-10-30T05:44:09
/opt/airflow/dags/data_ingestion.py                           1           0  1.26s           2025-10-30T05:44:12
================================================================================
[2025-10-30T05:44:47.647+0000] {manager.py:878} INFO - 
================================================================================
DAG File Processing Stats

File Path                            PID    Runtime      # DAGs    # Errors  Last Runtime    Last Run
-----------------------------------  -----  ---------  --------  ----------  --------------  -------------------
/opt/airflow/dags/etl_clickhouse.py                           1           0  1.63s           2025-10-30T05:44:42
/opt/airflow/dags/data_ingestion.py                           1           0  1.45s           2025-10-30T05:44:43
================================================================================
[2025-10-30T05:45:17.807+0000] {manager.py:878} INFO - 
================================================================================
DAG File Processing Stats

File Path                            PID    Runtime      # DAGs    # Errors  Last Runtime    Last Run
-----------------------------------  -----  ---------  --------  ----------  --------------  -------------------
/opt/airflow/dags/etl_clickhouse.py                           1           0  1.67s           2025-10-30T05:45:14
/opt/airflow/dags/data_ingestion.py                           1           0  1.53s           2025-10-30T05:45:15
================================================================================
[2025-10-30T05:45:48.106+0000] {manager.py:878} INFO - 
================================================================================
DAG File Processing Stats

File Path                            PID    Runtime      # DAGs    # Errors  Last Runtime    Last Run
-----------------------------------  -----  ---------  --------  ----------  --------------  -------------------
/opt/airflow/dags/etl_clickhouse.py                           1           0  1.51s           2025-10-30T05:45:46
/opt/airflow/dags/data_ingestion.py                           1           0  1.38s           2025-10-30T05:45:47
================================================================================
[2025-10-30T05:46:18.875+0000] {manager.py:878} INFO - 
================================================================================
DAG File Processing Stats

File Path                              PID  Runtime      # DAGs    # Errors  Last Runtime    Last Run
-----------------------------------  -----  ---------  --------  ----------  --------------  -------------------
/opt/airflow/dags/data_ingestion.py   8004  1.04s             1           0  1.38s           2025-10-30T05:45:47
/opt/airflow/dags/etl_clickhouse.py                           1           0  1.21s           2025-10-30T05:46:18
================================================================================
[2025-10-30T05:46:49.944+0000] {manager.py:878} INFO - 
================================================================================
DAG File Processing Stats

File Path                              PID  Runtime      # DAGs    # Errors  Last Runtime    Last Run
-----------------------------------  -----  ---------  --------  ----------  --------------  -------------------
/opt/airflow/dags/data_ingestion.py   8016  0.01s             1           0  1.39s           2025-10-30T05:46:19
/opt/airflow/dags/etl_clickhouse.py   8012  1.28s             1           0  1.21s           2025-10-30T05:46:18
================================================================================
[2025-10-30T05:47:20.755+0000] {manager.py:878} INFO - 
================================================================================
DAG File Processing Stats

File Path                              PID  Runtime      # DAGs    # Errors  Last Runtime    Last Run
-----------------------------------  -----  ---------  --------  ----------  --------------  -------------------
/opt/airflow/dags/etl_clickhouse.py   8024  0.03s             1           0  1.61s           2025-10-30T05:46:50
/opt/airflow/dags/data_ingestion.py                           1           0  1.25s           2025-10-30T05:46:51
================================================================================
[2025-10-30T05:47:41.461+0000] {manager.py:737} INFO - Searching for files in /opt/airflow/dags
[2025-10-30T05:47:41.576+0000] {manager.py:740} INFO - There are 2 files in /opt/airflow/dags
[2025-10-30T05:47:50.923+0000] {manager.py:878} INFO - 
================================================================================
DAG File Processing Stats

File Path                            PID    Runtime      # DAGs    # Errors  Last Runtime    Last Run
-----------------------------------  -----  ---------  --------  ----------  --------------  -------------------
/opt/airflow/dags/etl_clickhouse.py                           1           0  2.07s           2025-10-30T05:47:22
/opt/airflow/dags/data_ingestion.py                           1           0  1.64s           2025-10-30T05:47:23
================================================================================
[2025-10-30T05:48:21.311+0000] {manager.py:878} INFO - 
================================================================================
DAG File Processing Stats

File Path                            PID    Runtime      # DAGs    # Errors  Last Runtime    Last Run
-----------------------------------  -----  ---------  --------  ----------  --------------  -------------------
/opt/airflow/dags/data_ingestion.py                           1           0  1.51s           2025-10-30T05:47:55
/opt/airflow/dags/etl_clickhouse.py                           1           0  1.47s           2025-10-30T05:47:54
================================================================================
[2025-10-30T05:48:51.820+0000] {manager.py:878} INFO - 
================================================================================
DAG File Processing Stats

File Path                            PID    Runtime      # DAGs    # Errors  Last Runtime    Last Run
-----------------------------------  -----  ---------  --------  ----------  --------------  -------------------
/opt/airflow/dags/etl_clickhouse.py                           1           0  2.35s           2025-10-30T05:48:26
/opt/airflow/dags/data_ingestion.py                           1           0  2.22s           2025-10-30T05:48:27
================================================================================
[2025-10-30T05:49:22.361+0000] {manager.py:878} INFO - 
================================================================================
DAG File Processing Stats

File Path                            PID    Runtime      # DAGs    # Errors  Last Runtime    Last Run
-----------------------------------  -----  ---------  --------  ----------  --------------  -------------------
/opt/airflow/dags/etl_clickhouse.py                           1           0  1.57s           2025-10-30T05:48:58
/opt/airflow/dags/data_ingestion.py                           1           0  1.41s           2025-10-30T05:48:59
================================================================================
[2025-10-30T05:49:53.176+0000] {manager.py:878} INFO - 
================================================================================
DAG File Processing Stats

File Path                            PID    Runtime      # DAGs    # Errors  Last Runtime    Last Run
-----------------------------------  -----  ---------  --------  ----------  --------------  -------------------
/opt/airflow/dags/etl_clickhouse.py                           1           0  1.64s           2025-10-30T05:49:30
/opt/airflow/dags/data_ingestion.py                           1           0  1.46s           2025-10-30T05:49:30
================================================================================
[2025-10-30T05:50:23.864+0000] {manager.py:878} INFO - 
================================================================================
DAG File Processing Stats

File Path                            PID    Runtime      # DAGs    # Errors  Last Runtime    Last Run
-----------------------------------  -----  ---------  --------  ----------  --------------  -------------------
/opt/airflow/dags/etl_clickhouse.py                           1           0  1.34s           2025-10-30T05:50:02
/opt/airflow/dags/data_ingestion.py                           1           0  1.21s           2025-10-30T05:50:02
================================================================================
[2025-10-30T05:50:54.728+0000] {manager.py:878} INFO - 
================================================================================
DAG File Processing Stats

File Path                            PID    Runtime      # DAGs    # Errors  Last Runtime    Last Run
-----------------------------------  -----  ---------  --------  ----------  --------------  -------------------
/opt/airflow/dags/etl_clickhouse.py                           1           0  1.36s           2025-10-30T05:50:34
/opt/airflow/dags/data_ingestion.py                           1           0  1.26s           2025-10-30T05:50:34
================================================================================
[2025-10-30T05:51:25.556+0000] {manager.py:878} INFO - 
================================================================================
DAG File Processing Stats

File Path                            PID    Runtime      # DAGs    # Errors  Last Runtime    Last Run
-----------------------------------  -----  ---------  --------  ----------  --------------  -------------------
/opt/airflow/dags/etl_clickhouse.py                           1           0  1.45s           2025-10-30T05:51:06
/opt/airflow/dags/data_ingestion.py                           1           0  1.36s           2025-10-30T05:51:06
================================================================================
[2025-10-30T05:51:56.397+0000] {manager.py:878} INFO - 
================================================================================
DAG File Processing Stats

File Path                            PID    Runtime      # DAGs    # Errors  Last Runtime    Last Run
-----------------------------------  -----  ---------  --------  ----------  --------------  -------------------
/opt/airflow/dags/etl_clickhouse.py                           1           0  1.43s           2025-10-30T05:51:38
/opt/airflow/dags/data_ingestion.py                           1           0  1.31s           2025-10-30T05:51:38
================================================================================
[2025-10-30T05:52:34.307+0000] {manager.py:878} INFO - 
================================================================================
DAG File Processing Stats

File Path                            PID    Runtime      # DAGs    # Errors  Last Runtime    Last Run
-----------------------------------  -----  ---------  --------  ----------  --------------  -------------------
/opt/airflow/dags/etl_clickhouse.py                           1           0  6.41s           2025-10-30T05:52:21
/opt/airflow/dags/data_ingestion.py                           1           0  4.49s           2025-10-30T05:52:19
================================================================================
[2025-10-30T05:52:41.503+0000] {manager.py:737} INFO - Searching for files in /opt/airflow/dags
[2025-10-30T05:52:41.574+0000] {manager.py:740} INFO - There are 2 files in /opt/airflow/dags
[2025-10-30T05:53:05.034+0000] {manager.py:878} INFO - 
================================================================================
DAG File Processing Stats

File Path                            PID    Runtime      # DAGs    # Errors  Last Runtime    Last Run
-----------------------------------  -----  ---------  --------  ----------  --------------  -------------------
/opt/airflow/dags/etl_clickhouse.py                           1           0  1.25s           2025-10-30T05:52:53
/opt/airflow/dags/data_ingestion.py                           1           0  1.13s           2025-10-30T05:52:50
================================================================================
[2025-10-30T05:53:35.567+0000] {manager.py:878} INFO - 
================================================================================
DAG File Processing Stats

File Path                            PID    Runtime      # DAGs    # Errors  Last Runtime    Last Run
-----------------------------------  -----  ---------  --------  ----------  --------------  -------------------
/opt/airflow/dags/data_ingestion.py                           1           0  1.33s           2025-10-30T05:53:22
/opt/airflow/dags/etl_clickhouse.py                           1           0  1.19s           2025-10-30T05:53:24
================================================================================
[2025-10-30T05:54:06.020+0000] {manager.py:878} INFO - 
================================================================================
DAG File Processing Stats

File Path                            PID    Runtime      # DAGs    # Errors  Last Runtime    Last Run
-----------------------------------  -----  ---------  --------  ----------  --------------  -------------------
/opt/airflow/dags/etl_clickhouse.py                           1           0  1.15s           2025-10-30T05:53:55
/opt/airflow/dags/data_ingestion.py                           1           0  1.03s           2025-10-30T05:53:53
================================================================================
[2025-10-30T05:54:36.740+0000] {manager.py:878} INFO - 
================================================================================
DAG File Processing Stats

File Path                            PID    Runtime      # DAGs    # Errors  Last Runtime    Last Run
-----------------------------------  -----  ---------  --------  ----------  --------------  -------------------
/opt/airflow/dags/data_ingestion.py                           1           0  1.29s           2025-10-30T05:54:25
/opt/airflow/dags/etl_clickhouse.py                           1           0  1.29s           2025-10-30T05:54:27
================================================================================
[2025-10-30T05:55:07.178+0000] {manager.py:878} INFO - 
================================================================================
DAG File Processing Stats

File Path                            PID    Runtime      # DAGs    # Errors  Last Runtime    Last Run
-----------------------------------  -----  ---------  --------  ----------  --------------  -------------------
/opt/airflow/dags/etl_clickhouse.py                           1           0  0.97s           2025-10-30T05:54:59
/opt/airflow/dags/data_ingestion.py                           1           0  0.94s           2025-10-30T05:54:57
================================================================================
[2025-10-30T05:55:37.770+0000] {manager.py:878} INFO - 
================================================================================
DAG File Processing Stats

File Path                            PID    Runtime      # DAGs    # Errors  Last Runtime    Last Run
-----------------------------------  -----  ---------  --------  ----------  --------------  -------------------
/opt/airflow/dags/etl_clickhouse.py                           1           0  1.13s           2025-10-30T05:55:30
/opt/airflow/dags/data_ingestion.py                           1           0  1.08s           2025-10-30T05:55:28
================================================================================
[2025-10-30T05:56:08.298+0000] {manager.py:878} INFO - 
================================================================================
DAG File Processing Stats

File Path                            PID    Runtime      # DAGs    # Errors  Last Runtime    Last Run
-----------------------------------  -----  ---------  --------  ----------  --------------  -------------------
/opt/airflow/dags/data_ingestion.py                           1           0  0.97s           2025-10-30T05:56:00
/opt/airflow/dags/etl_clickhouse.py                           1           0  0.96s           2025-10-30T05:56:02
================================================================================
[2025-10-30T05:56:39.098+0000] {manager.py:878} INFO - 
================================================================================
DAG File Processing Stats

File Path                            PID    Runtime      # DAGs    # Errors  Last Runtime    Last Run
-----------------------------------  -----  ---------  --------  ----------  --------------  -------------------
/opt/airflow/dags/etl_clickhouse.py                           1           0  1.22s           2025-10-30T05:56:34
/opt/airflow/dags/data_ingestion.py                           1           0  1.20s           2025-10-30T05:56:31
================================================================================
[2025-10-30T05:57:09.743+0000] {manager.py:878} INFO - 
================================================================================
DAG File Processing Stats

File Path                            PID    Runtime      # DAGs    # Errors  Last Runtime    Last Run
-----------------------------------  -----  ---------  --------  ----------  --------------  -------------------
/opt/airflow/dags/etl_clickhouse.py                           1           0  1.08s           2025-10-30T05:57:05
/opt/airflow/dags/data_ingestion.py                           1           0  1.02s           2025-10-30T05:57:03
================================================================================
[2025-10-30T05:57:40.347+0000] {manager.py:878} INFO - 
================================================================================
DAG File Processing Stats

File Path                            PID    Runtime      # DAGs    # Errors  Last Runtime    Last Run
-----------------------------------  -----  ---------  --------  ----------  --------------  -------------------
/opt/airflow/dags/etl_clickhouse.py                           1           0  1.26s           2025-10-30T05:57:37
/opt/airflow/dags/data_ingestion.py                           1           0  0.97s           2025-10-30T05:57:35
================================================================================
[2025-10-30T05:57:41.561+0000] {manager.py:737} INFO - Searching for files in /opt/airflow/dags
[2025-10-30T05:57:41.655+0000] {manager.py:740} INFO - There are 2 files in /opt/airflow/dags
[2025-10-30T05:58:10.856+0000] {manager.py:878} INFO - 
================================================================================
DAG File Processing Stats

File Path                            PID    Runtime      # DAGs    # Errors  Last Runtime    Last Run
-----------------------------------  -----  ---------  --------  ----------  --------------  -------------------
/opt/airflow/dags/etl_clickhouse.py                           1           0  1.01s           2025-10-30T05:58:08
/opt/airflow/dags/data_ingestion.py                           1           0  0.85s           2025-10-30T05:58:06
================================================================================
[2025-10-30T05:58:41.363+0000] {manager.py:878} INFO - 
================================================================================
DAG File Processing Stats

File Path                            PID    Runtime      # DAGs    # Errors  Last Runtime    Last Run
-----------------------------------  -----  ---------  --------  ----------  --------------  -------------------
/opt/airflow/dags/etl_clickhouse.py                           1           0  1.08s           2025-10-30T05:58:40
/opt/airflow/dags/data_ingestion.py                           1           0  0.91s           2025-10-30T05:58:38
================================================================================
[2025-10-30T05:59:11.853+0000] {manager.py:878} INFO - 
================================================================================
DAG File Processing Stats

File Path                              PID  Runtime      # DAGs    # Errors  Last Runtime    Last Run
-----------------------------------  -----  ---------  --------  ----------  --------------  -------------------
/opt/airflow/dags/etl_clickhouse.py   8294  1.02s             1           0  1.08s           2025-10-30T05:58:40
/opt/airflow/dags/data_ingestion.py                           1           0  0.92s           2025-10-30T05:59:09
================================================================================
[2025-10-30T05:59:42.532+0000] {manager.py:878} INFO - 
================================================================================
DAG File Processing Stats

File Path                              PID  Runtime      # DAGs    # Errors  Last Runtime    Last Run
-----------------------------------  -----  ---------  --------  ----------  --------------  -------------------
/opt/airflow/dags/etl_clickhouse.py   8306  0.01s             1           0  1.12s           2025-10-30T05:59:11
/opt/airflow/dags/data_ingestion.py                           1           0  0.96s           2025-10-30T05:59:41
================================================================================
[2025-10-30T06:00:12.915+0000] {manager.py:878} INFO - 
================================================================================
DAG File Processing Stats

File Path                            PID    Runtime      # DAGs    # Errors  Last Runtime    Last Run
-----------------------------------  -----  ---------  --------  ----------  --------------  -------------------
/opt/airflow/dags/etl_clickhouse.py                           1           0  1.09s           2025-10-30T05:59:43
/opt/airflow/dags/data_ingestion.py                           1           0  0.84s           2025-10-30T06:00:12
================================================================================
[2025-10-30T06:00:43.526+0000] {manager.py:878} INFO - 
================================================================================
DAG File Processing Stats

File Path                              PID  Runtime      # DAGs    # Errors  Last Runtime    Last Run
-----------------------------------  -----  ---------  --------  ----------  --------------  -------------------
/opt/airflow/dags/etl_clickhouse.py                           1           0  0.96s           2025-10-30T06:00:14
/opt/airflow/dags/data_ingestion.py   8324  0.01s             1           0  0.84s           2025-10-30T06:00:12
================================================================================
[2025-10-30T06:01:13.857+0000] {manager.py:878} INFO - 
================================================================================
DAG File Processing Stats

File Path                            PID    Runtime      # DAGs    # Errors  Last Runtime    Last Run
-----------------------------------  -----  ---------  --------  ----------  --------------  -------------------
/opt/airflow/dags/etl_clickhouse.py                           1           0  0.97s           2025-10-30T06:00:46
/opt/airflow/dags/data_ingestion.py                           1           0  0.84s           2025-10-30T06:00:44
================================================================================
[2025-10-30T06:01:44.359+0000] {manager.py:878} INFO - 
================================================================================
DAG File Processing Stats

File Path                            PID    Runtime      # DAGs    # Errors  Last Runtime    Last Run
-----------------------------------  -----  ---------  --------  ----------  --------------  -------------------
/opt/airflow/dags/etl_clickhouse.py                           1           0  1.06s           2025-10-30T06:01:17
/opt/airflow/dags/data_ingestion.py                           1           0  0.92s           2025-10-30T06:01:15
================================================================================
[2025-10-30T06:02:14.957+0000] {manager.py:878} INFO - 
================================================================================
DAG File Processing Stats

File Path                            PID    Runtime      # DAGs    # Errors  Last Runtime    Last Run
-----------------------------------  -----  ---------  --------  ----------  --------------  -------------------
/opt/airflow/dags/etl_clickhouse.py                           1           0  1.18s           2025-10-30T06:01:49
/opt/airflow/dags/data_ingestion.py                           1           0  1.00s           2025-10-30T06:01:47
================================================================================
[2025-10-30T06:02:42.336+0000] {manager.py:737} INFO - Searching for files in /opt/airflow/dags
[2025-10-30T06:02:42.481+0000] {manager.py:740} INFO - There are 2 files in /opt/airflow/dags
[2025-10-30T06:02:45.572+0000] {manager.py:878} INFO - 
================================================================================
DAG File Processing Stats

File Path                            PID    Runtime      # DAGs    # Errors  Last Runtime    Last Run
-----------------------------------  -----  ---------  --------  ----------  --------------  -------------------
/opt/airflow/dags/etl_clickhouse.py                           1           0  1.05s           2025-10-30T06:02:20
/opt/airflow/dags/data_ingestion.py                           1           0  0.83s           2025-10-30T06:02:18
================================================================================
[2025-10-30T06:03:16.014+0000] {manager.py:878} INFO - 
================================================================================
DAG File Processing Stats

File Path                            PID    Runtime      # DAGs    # Errors  Last Runtime    Last Run
-----------------------------------  -----  ---------  --------  ----------  --------------  -------------------
/opt/airflow/dags/etl_clickhouse.py                           1           0  0.99s           2025-10-30T06:02:52
/opt/airflow/dags/data_ingestion.py                           1           0  0.86s           2025-10-30T06:02:50
================================================================================
[2025-10-30T06:03:46.632+0000] {manager.py:878} INFO - 
================================================================================
DAG File Processing Stats

File Path                            PID    Runtime      # DAGs    # Errors  Last Runtime    Last Run
-----------------------------------  -----  ---------  --------  ----------  --------------  -------------------
/opt/airflow/dags/data_ingestion.py                           1           0  1.12s           2025-10-30T06:03:22
/opt/airflow/dags/etl_clickhouse.py                           1           0  0.97s           2025-10-30T06:03:24
================================================================================
[2025-10-30T06:04:17.287+0000] {manager.py:878} INFO - 
================================================================================
DAG File Processing Stats

File Path                            PID    Runtime      # DAGs    # Errors  Last Runtime    Last Run
-----------------------------------  -----  ---------  --------  ----------  --------------  -------------------
/opt/airflow/dags/etl_clickhouse.py                           1           0  1.07s           2025-10-30T06:03:55
/opt/airflow/dags/data_ingestion.py                           1           0  1.00s           2025-10-30T06:03:53
================================================================================
[2025-10-30T06:04:47.861+0000] {manager.py:878} INFO - 
================================================================================
DAG File Processing Stats

File Path                            PID    Runtime      # DAGs    # Errors  Last Runtime    Last Run
-----------------------------------  -----  ---------  --------  ----------  --------------  -------------------
/opt/airflow/dags/etl_clickhouse.py                           1           0  1.04s           2025-10-30T06:04:27
/opt/airflow/dags/data_ingestion.py                           1           0  0.96s           2025-10-30T06:04:25
================================================================================
[2025-10-30T06:05:18.286+0000] {manager.py:878} INFO - 
================================================================================
DAG File Processing Stats

File Path                            PID    Runtime      # DAGs    # Errors  Last Runtime    Last Run
-----------------------------------  -----  ---------  --------  ----------  --------------  -------------------
/opt/airflow/dags/etl_clickhouse.py                           1           0  0.98s           2025-10-30T06:04:58
/opt/airflow/dags/data_ingestion.py                           1           0  0.88s           2025-10-30T06:04:56
================================================================================
[2025-10-30T06:05:48.734+0000] {manager.py:878} INFO - 
================================================================================
DAG File Processing Stats

File Path                            PID    Runtime      # DAGs    # Errors  Last Runtime    Last Run
-----------------------------------  -----  ---------  --------  ----------  --------------  -------------------
/opt/airflow/dags/etl_clickhouse.py                           1           0  0.99s           2025-10-30T06:05:30
/opt/airflow/dags/data_ingestion.py                           1           0  0.88s           2025-10-30T06:05:28
================================================================================
[2025-10-30T06:06:19.346+0000] {manager.py:878} INFO - 
================================================================================
DAG File Processing Stats

File Path                            PID    Runtime      # DAGs    # Errors  Last Runtime    Last Run
-----------------------------------  -----  ---------  --------  ----------  --------------  -------------------
/opt/airflow/dags/etl_clickhouse.py                           1           0  1.13s           2025-10-30T06:06:02
/opt/airflow/dags/data_ingestion.py                           1           0  1.09s           2025-10-30T06:06:00
================================================================================
[2025-10-30T06:06:49.971+0000] {manager.py:878} INFO - 
================================================================================
DAG File Processing Stats

File Path                            PID    Runtime      # DAGs    # Errors  Last Runtime    Last Run
-----------------------------------  -----  ---------  --------  ----------  --------------  -------------------
/opt/airflow/dags/data_ingestion.py                           1           0  1.07s           2025-10-30T06:06:31
/opt/airflow/dags/etl_clickhouse.py                           1           0  1.06s           2025-10-30T06:06:33
================================================================================
[2025-10-30T06:07:20.453+0000] {manager.py:878} INFO - 
================================================================================
DAG File Processing Stats

File Path                            PID    Runtime      # DAGs    # Errors  Last Runtime    Last Run
-----------------------------------  -----  ---------  --------  ----------  --------------  -------------------
/opt/airflow/dags/etl_clickhouse.py                           1           0  0.98s           2025-10-30T06:07:05
/opt/airflow/dags/data_ingestion.py                           1           0  0.91s           2025-10-30T06:07:03
================================================================================
[2025-10-30T06:07:42.729+0000] {manager.py:737} INFO - Searching for files in /opt/airflow/dags
[2025-10-30T06:07:42.867+0000] {manager.py:740} INFO - There are 2 files in /opt/airflow/dags
[2025-10-30T06:07:51.044+0000] {manager.py:878} INFO - 
================================================================================
DAG File Processing Stats

File Path                            PID    Runtime      # DAGs    # Errors  Last Runtime    Last Run
-----------------------------------  -----  ---------  --------  ----------  --------------  -------------------
/opt/airflow/dags/etl_clickhouse.py                           1           0  0.90s           2025-10-30T06:07:36
/opt/airflow/dags/data_ingestion.py                           1           0  0.88s           2025-10-30T06:07:34
================================================================================
[2025-10-30T06:08:21.496+0000] {manager.py:878} INFO - 
================================================================================
DAG File Processing Stats

File Path                            PID    Runtime      # DAGs    # Errors  Last Runtime    Last Run
-----------------------------------  -----  ---------  --------  ----------  --------------  -------------------
/opt/airflow/dags/etl_clickhouse.py                           1           0  0.98s           2025-10-30T06:08:08
/opt/airflow/dags/data_ingestion.py                           1           0  0.87s           2025-10-30T06:08:06
================================================================================
[2025-10-30T06:08:52.141+0000] {manager.py:878} INFO - 
================================================================================
DAG File Processing Stats

File Path                            PID    Runtime      # DAGs    # Errors  Last Runtime    Last Run
-----------------------------------  -----  ---------  --------  ----------  --------------  -------------------
/opt/airflow/dags/etl_clickhouse.py                           1           0  1.19s           2025-10-30T06:08:40
/opt/airflow/dags/data_ingestion.py                           1           0  1.09s           2025-10-30T06:08:37
================================================================================
[2025-10-30T06:09:22.858+0000] {manager.py:878} INFO - 
================================================================================
DAG File Processing Stats

File Path                            PID    Runtime      # DAGs    # Errors  Last Runtime    Last Run
-----------------------------------  -----  ---------  --------  ----------  --------------  -------------------
/opt/airflow/dags/data_ingestion.py                           1           0  1.18s           2025-10-30T06:09:09
/opt/airflow/dags/etl_clickhouse.py                           1           0  1.13s           2025-10-30T06:09:11
================================================================================
[2025-10-30T06:09:53.528+0000] {manager.py:878} INFO - 
================================================================================
DAG File Processing Stats

File Path                            PID    Runtime      # DAGs    # Errors  Last Runtime    Last Run
-----------------------------------  -----  ---------  --------  ----------  --------------  -------------------
/opt/airflow/dags/etl_clickhouse.py                           1           0  1.07s           2025-10-30T06:09:43
/opt/airflow/dags/data_ingestion.py                           1           0  1.03s           2025-10-30T06:09:41
================================================================================
[2025-10-30T06:10:24.147+0000] {manager.py:878} INFO - 
================================================================================
DAG File Processing Stats

File Path                            PID    Runtime      # DAGs    # Errors  Last Runtime    Last Run
-----------------------------------  -----  ---------  --------  ----------  --------------  -------------------
/opt/airflow/dags/data_ingestion.py                           1           0  1.06s           2025-10-30T06:10:12
/opt/airflow/dags/etl_clickhouse.py                           1           0  0.95s           2025-10-30T06:10:14
================================================================================
[2025-10-30T06:10:54.689+0000] {manager.py:878} INFO - 
================================================================================
DAG File Processing Stats

File Path                            PID    Runtime      # DAGs    # Errors  Last Runtime    Last Run
-----------------------------------  -----  ---------  --------  ----------  --------------  -------------------
/opt/airflow/dags/etl_clickhouse.py                           1           0  1.01s           2025-10-30T06:10:46
/opt/airflow/dags/data_ingestion.py                           1           0  0.93s           2025-10-30T06:10:44
================================================================================
[2025-10-30T06:11:25.096+0000] {manager.py:878} INFO - 
================================================================================
DAG File Processing Stats

File Path                            PID    Runtime      # DAGs    # Errors  Last Runtime    Last Run
-----------------------------------  -----  ---------  --------  ----------  --------------  -------------------
/opt/airflow/dags/etl_clickhouse.py                           1           0  0.94s           2025-10-30T06:11:17
/opt/airflow/dags/data_ingestion.py                           1           0  0.86s           2025-10-30T06:11:15
================================================================================
[2025-10-30T06:11:55.779+0000] {manager.py:878} INFO - 
================================================================================
DAG File Processing Stats

File Path                            PID    Runtime      # DAGs    # Errors  Last Runtime    Last Run
-----------------------------------  -----  ---------  --------  ----------  --------------  -------------------
/opt/airflow/dags/etl_clickhouse.py                           1           0  1.24s           2025-10-30T06:11:49
/opt/airflow/dags/data_ingestion.py                           1           0  1.13s           2025-10-30T06:11:47
================================================================================
[2025-10-30T06:12:26.496+0000] {manager.py:878} INFO - 
================================================================================
DAG File Processing Stats

File Path                            PID    Runtime      # DAGs    # Errors  Last Runtime    Last Run
-----------------------------------  -----  ---------  --------  ----------  --------------  -------------------
/opt/airflow/dags/data_ingestion.py                           1           0  1.09s           2025-10-30T06:12:19
/opt/airflow/dags/etl_clickhouse.py                           1           0  1.01s           2025-10-30T06:12:21
================================================================================
[2025-10-30T06:12:42.805+0000] {manager.py:737} INFO - Searching for files in /opt/airflow/dags
[2025-10-30T06:12:42.902+0000] {manager.py:740} INFO - There are 2 files in /opt/airflow/dags
[2025-10-30T06:12:57.333+0000] {manager.py:878} INFO - 
================================================================================
DAG File Processing Stats

File Path                            PID    Runtime      # DAGs    # Errors  Last Runtime    Last Run
-----------------------------------  -----  ---------  --------  ----------  --------------  -------------------
/opt/airflow/dags/etl_clickhouse.py                           1           0  1.25s           2025-10-30T06:12:53
/opt/airflow/dags/data_ingestion.py                           1           0  1.16s           2025-10-30T06:12:51
================================================================================
[2025-10-30T06:13:27.776+0000] {manager.py:878} INFO - 
================================================================================
DAG File Processing Stats

File Path                            PID    Runtime      # DAGs    # Errors  Last Runtime    Last Run
-----------------------------------  -----  ---------  --------  ----------  --------------  -------------------
/opt/airflow/dags/etl_clickhouse.py                           1           0  0.93s           2025-10-30T06:13:24
/opt/airflow/dags/data_ingestion.py                           1           0  0.89s           2025-10-30T06:13:22
================================================================================
[2025-10-30T06:13:58.387+0000] {manager.py:878} INFO - 
================================================================================
DAG File Processing Stats

File Path                            PID    Runtime      # DAGs    # Errors  Last Runtime    Last Run
-----------------------------------  -----  ---------  --------  ----------  --------------  -------------------
/opt/airflow/dags/etl_clickhouse.py                           1           0  1.31s           2025-10-30T06:13:56
/opt/airflow/dags/data_ingestion.py                           1           0  0.96s           2025-10-30T06:13:54
================================================================================
[2025-10-30T06:14:29.008+0000] {manager.py:878} INFO - 
================================================================================
DAG File Processing Stats

File Path                            PID    Runtime      # DAGs    # Errors  Last Runtime    Last Run
-----------------------------------  -----  ---------  --------  ----------  --------------  -------------------
/opt/airflow/dags/etl_clickhouse.py                           1           0  1.10s           2025-10-30T06:14:28
/opt/airflow/dags/data_ingestion.py                           1           0  1.02s           2025-10-30T06:14:25
================================================================================
[2025-10-30T06:14:59.559+0000] {manager.py:878} INFO - 
================================================================================
DAG File Processing Stats

File Path                              PID  Runtime      # DAGs    # Errors  Last Runtime    Last Run
-----------------------------------  -----  ---------  --------  ----------  --------------  -------------------
/opt/airflow/dags/etl_clickhouse.py   8654  1.03s             1           0  1.10s           2025-10-30T06:14:28
/opt/airflow/dags/data_ingestion.py                           1           0  0.93s           2025-10-30T06:14:57
================================================================================
[2025-10-30T06:15:30.145+0000] {manager.py:878} INFO - 
================================================================================
DAG File Processing Stats

File Path                              PID  Runtime      # DAGs    # Errors  Last Runtime    Last Run
-----------------------------------  -----  ---------  --------  ----------  --------------  -------------------
/opt/airflow/dags/etl_clickhouse.py   8666  0.01s             1           0  1.39s           2025-10-30T06:14:59
/opt/airflow/dags/data_ingestion.py                           1           0  0.96s           2025-10-30T06:15:29
================================================================================
[2025-10-30T06:16:00.771+0000] {manager.py:878} INFO - 
================================================================================
DAG File Processing Stats

File Path                              PID  Runtime      # DAGs    # Errors  Last Runtime    Last Run
-----------------------------------  -----  ---------  --------  ----------  --------------  -------------------
/opt/airflow/dags/etl_clickhouse.py                           1           0  1.04s           2025-10-30T06:15:31
/opt/airflow/dags/data_ingestion.py   8672  1.03s             1           0  0.96s           2025-10-30T06:15:29
================================================================================
[2025-10-30T06:16:31.456+0000] {manager.py:878} INFO - 
================================================================================
DAG File Processing Stats

File Path                              PID  Runtime      # DAGs    # Errors  Last Runtime    Last Run
-----------------------------------  -----  ---------  --------  ----------  --------------  -------------------
/opt/airflow/dags/data_ingestion.py   8684  0.02s             1           0  1.10s           2025-10-30T06:16:00
/opt/airflow/dags/etl_clickhouse.py                           1           0  1.01s           2025-10-30T06:16:02
================================================================================
[2025-10-30T06:17:01.869+0000] {manager.py:878} INFO - 
================================================================================
DAG File Processing Stats

File Path                            PID    Runtime      # DAGs    # Errors  Last Runtime    Last Run
-----------------------------------  -----  ---------  --------  ----------  --------------  -------------------
/opt/airflow/dags/data_ingestion.py                           1           0  1.03s           2025-10-30T06:16:32
/opt/airflow/dags/etl_clickhouse.py                           1           0  0.88s           2025-10-30T06:16:34
================================================================================
[2025-10-30T06:17:32.414+0000] {manager.py:878} INFO - 
================================================================================
DAG File Processing Stats

File Path                            PID    Runtime      # DAGs    # Errors  Last Runtime    Last Run
-----------------------------------  -----  ---------  --------  ----------  --------------  -------------------
/opt/airflow/dags/data_ingestion.py                           1           0  1.04s           2025-10-30T06:17:03
/opt/airflow/dags/etl_clickhouse.py                           1           0  0.95s           2025-10-30T06:17:05
================================================================================
[2025-10-30T06:17:43.668+0000] {manager.py:737} INFO - Searching for files in /opt/airflow/dags
[2025-10-30T06:17:43.868+0000] {manager.py:740} INFO - There are 2 files in /opt/airflow/dags
[2025-10-30T06:18:03.302+0000] {manager.py:878} INFO - 
================================================================================
DAG File Processing Stats

File Path                            PID    Runtime      # DAGs    # Errors  Last Runtime    Last Run
-----------------------------------  -----  ---------  --------  ----------  --------------  -------------------
/opt/airflow/dags/etl_clickhouse.py                           1           0  1.06s           2025-10-30T06:17:37
/opt/airflow/dags/data_ingestion.py                           1           0  0.98s           2025-10-30T06:17:35
================================================================================
[2025-10-30T06:18:33.909+0000] {manager.py:878} INFO - 
================================================================================
DAG File Processing Stats

File Path                            PID    Runtime      # DAGs    # Errors  Last Runtime    Last Run
-----------------------------------  -----  ---------  --------  ----------  --------------  -------------------
/opt/airflow/dags/etl_clickhouse.py                           1           0  1.11s           2025-10-30T06:18:09
/opt/airflow/dags/data_ingestion.py                           1           0  0.97s           2025-10-30T06:18:07
================================================================================
[2025-10-30T06:19:04.341+0000] {manager.py:878} INFO - 
================================================================================
DAG File Processing Stats

File Path                            PID    Runtime      # DAGs    # Errors  Last Runtime    Last Run
-----------------------------------  -----  ---------  --------  ----------  --------------  -------------------
/opt/airflow/dags/etl_clickhouse.py                           1           0  0.98s           2025-10-30T06:18:40
/opt/airflow/dags/data_ingestion.py                           1           0  0.88s           2025-10-30T06:18:38
================================================================================
[2025-10-30T06:19:35.046+0000] {manager.py:878} INFO - 
================================================================================
DAG File Processing Stats

File Path                            PID    Runtime      # DAGs    # Errors  Last Runtime    Last Run
-----------------------------------  -----  ---------  --------  ----------  --------------  -------------------
/opt/airflow/dags/etl_clickhouse.py                           1           0  1.24s           2025-10-30T06:19:12
/opt/airflow/dags/data_ingestion.py                           1           0  0.99s           2025-10-30T06:19:10
================================================================================
[2025-10-30T06:20:05.394+0000] {manager.py:878} INFO - 
================================================================================
DAG File Processing Stats

File Path                            PID    Runtime      # DAGs    # Errors  Last Runtime    Last Run
-----------------------------------  -----  ---------  --------  ----------  --------------  -------------------
/opt/airflow/dags/data_ingestion.py                           1           0  0.90s           2025-10-30T06:19:42
/opt/airflow/dags/etl_clickhouse.py                           1           0  0.89s           2025-10-30T06:19:44
================================================================================
[2025-10-30T06:20:36.022+0000] {manager.py:878} INFO - 
================================================================================
DAG File Processing Stats

File Path                            PID    Runtime      # DAGs    # Errors  Last Runtime    Last Run
-----------------------------------  -----  ---------  --------  ----------  --------------  -------------------
/opt/airflow/dags/etl_clickhouse.py                           1           0  1.14s           2025-10-30T06:20:15
/opt/airflow/dags/data_ingestion.py                           1           0  1.02s           2025-10-30T06:20:13
================================================================================
[2025-10-30T06:21:06.689+0000] {manager.py:878} INFO - 
================================================================================
DAG File Processing Stats

File Path                            PID    Runtime      # DAGs    # Errors  Last Runtime    Last Run
-----------------------------------  -----  ---------  --------  ----------  --------------  -------------------
/opt/airflow/dags/etl_clickhouse.py                           1           0  1.08s           2025-10-30T06:20:47
/opt/airflow/dags/data_ingestion.py                           1           0  0.95s           2025-10-30T06:20:45
================================================================================
[2025-10-30T06:21:37.085+0000] {manager.py:878} INFO - 
================================================================================
DAG File Processing Stats

File Path                            PID    Runtime      # DAGs    # Errors  Last Runtime    Last Run
-----------------------------------  -----  ---------  --------  ----------  --------------  -------------------
/opt/airflow/dags/etl_clickhouse.py                           1           0  1.05s           2025-10-30T06:21:18
/opt/airflow/dags/data_ingestion.py                           1           0  0.85s           2025-10-30T06:21:16
================================================================================
[2025-10-30T06:22:07.567+0000] {manager.py:878} INFO - 
================================================================================
DAG File Processing Stats

File Path                            PID    Runtime      # DAGs    # Errors  Last Runtime    Last Run
-----------------------------------  -----  ---------  --------  ----------  --------------  -------------------
/opt/airflow/dags/data_ingestion.py                           1           0  0.94s           2025-10-30T06:21:48
/opt/airflow/dags/etl_clickhouse.py                           1           0  0.93s           2025-10-30T06:21:50
================================================================================
[2025-10-30T06:22:38.224+0000] {manager.py:878} INFO - 
================================================================================
DAG File Processing Stats

File Path                            PID    Runtime      # DAGs    # Errors  Last Runtime    Last Run
-----------------------------------  -----  ---------  --------  ----------  --------------  -------------------
/opt/airflow/dags/etl_clickhouse.py                           1           0  1.17s           2025-10-30T06:22:22
/opt/airflow/dags/data_ingestion.py                           1           0  1.03s           2025-10-30T06:22:19
================================================================================
[2025-10-30T06:22:44.367+0000] {manager.py:737} INFO - Searching for files in /opt/airflow/dags
[2025-10-30T06:22:44.509+0000] {manager.py:740} INFO - There are 2 files in /opt/airflow/dags
[2025-10-30T06:23:09.158+0000] {manager.py:878} INFO - 
================================================================================
DAG File Processing Stats

File Path                            PID    Runtime      # DAGs    # Errors  Last Runtime    Last Run
-----------------------------------  -----  ---------  --------  ----------  --------------  -------------------
/opt/airflow/dags/data_ingestion.py                           1           0  1.12s           2025-10-30T06:22:51
/opt/airflow/dags/etl_clickhouse.py                           1           0  1.04s           2025-10-30T06:22:53
================================================================================
[2025-10-30T06:23:39.784+0000] {manager.py:878} INFO - 
================================================================================
DAG File Processing Stats

File Path                            PID    Runtime      # DAGs    # Errors  Last Runtime    Last Run
-----------------------------------  -----  ---------  --------  ----------  --------------  -------------------
/opt/airflow/dags/etl_clickhouse.py                           1           0  1.05s           2025-10-30T06:23:25
/opt/airflow/dags/data_ingestion.py                           1           0  0.99s           2025-10-30T06:23:23
================================================================================
[2025-10-30T06:24:10.027+0000] {manager.py:878} INFO - 
================================================================================
DAG File Processing Stats

File Path                            PID    Runtime      # DAGs    # Errors  Last Runtime    Last Run
-----------------------------------  -----  ---------  --------  ----------  --------------  -------------------
/opt/airflow/dags/etl_clickhouse.py                           1           0  0.89s           2025-10-30T06:23:56
/opt/airflow/dags/data_ingestion.py                           1           0  0.79s           2025-10-30T06:23:54
================================================================================
[2025-10-30T06:24:40.534+0000] {manager.py:878} INFO - 
================================================================================
DAG File Processing Stats

File Path                            PID    Runtime      # DAGs    # Errors  Last Runtime    Last Run
-----------------------------------  -----  ---------  --------  ----------  --------------  -------------------
/opt/airflow/dags/etl_clickhouse.py                           1           0  1.21s           2025-10-30T06:24:28
/opt/airflow/dags/data_ingestion.py                           1           0  0.91s           2025-10-30T06:24:26
================================================================================
[2025-10-30T06:25:11.083+0000] {manager.py:878} INFO - 
================================================================================
DAG File Processing Stats

File Path                            PID    Runtime      # DAGs    # Errors  Last Runtime    Last Run
-----------------------------------  -----  ---------  --------  ----------  --------------  -------------------
/opt/airflow/dags/etl_clickhouse.py                           1           0  1.08s           2025-10-30T06:24:59
/opt/airflow/dags/data_ingestion.py                           1           0  1.02s           2025-10-30T06:24:57
================================================================================
[2025-10-30T06:25:41.755+0000] {manager.py:878} INFO - 
================================================================================
DAG File Processing Stats

File Path                            PID    Runtime      # DAGs    # Errors  Last Runtime    Last Run
-----------------------------------  -----  ---------  --------  ----------  --------------  -------------------
/opt/airflow/dags/data_ingestion.py                           1           0  1.10s           2025-10-30T06:25:29
/opt/airflow/dags/etl_clickhouse.py                           1           0  1.02s           2025-10-30T06:25:31
================================================================================
[2025-10-30T06:26:12.137+0000] {manager.py:878} INFO - 
================================================================================
DAG File Processing Stats

File Path                            PID    Runtime      # DAGs    # Errors  Last Runtime    Last Run
-----------------------------------  -----  ---------  --------  ----------  --------------  -------------------
/opt/airflow/dags/etl_clickhouse.py                           1           0  1.00s           2025-10-30T06:26:02
/opt/airflow/dags/data_ingestion.py                           1           0  0.85s           2025-10-30T06:26:00
================================================================================
[2025-10-30T06:26:42.652+0000] {manager.py:878} INFO - 
================================================================================
DAG File Processing Stats

File Path                            PID    Runtime      # DAGs    # Errors  Last Runtime    Last Run
-----------------------------------  -----  ---------  --------  ----------  --------------  -------------------
/opt/airflow/dags/etl_clickhouse.py                           1           0  0.94s           2025-10-30T06:26:34
/opt/airflow/dags/data_ingestion.py                           1           0  0.90s           2025-10-30T06:26:32
================================================================================
[2025-10-30T06:27:13.070+0000] {manager.py:878} INFO - 
================================================================================
DAG File Processing Stats

File Path                            PID    Runtime      # DAGs    # Errors  Last Runtime    Last Run
-----------------------------------  -----  ---------  --------  ----------  --------------  -------------------
/opt/airflow/dags/etl_clickhouse.py                           1           0  1.16s           2025-10-30T06:27:06
/opt/airflow/dags/data_ingestion.py                           1           0  0.83s           2025-10-30T06:27:03
================================================================================
[2025-10-30T06:27:43.572+0000] {manager.py:878} INFO - 
================================================================================
DAG File Processing Stats

File Path                            PID    Runtime      # DAGs    # Errors  Last Runtime    Last Run
-----------------------------------  -----  ---------  --------  ----------  --------------  -------------------
/opt/airflow/dags/etl_clickhouse.py                           1           0  1.04s           2025-10-30T06:27:37
/opt/airflow/dags/data_ingestion.py                           1           0  0.94s           2025-10-30T06:27:35
================================================================================
[2025-10-30T06:27:44.583+0000] {manager.py:737} INFO - Searching for files in /opt/airflow/dags
[2025-10-30T06:27:44.691+0000] {manager.py:740} INFO - There are 2 files in /opt/airflow/dags
[2025-10-30T06:28:14.358+0000] {manager.py:878} INFO - 
================================================================================
DAG File Processing Stats

File Path                            PID    Runtime      # DAGs    # Errors  Last Runtime    Last Run
-----------------------------------  -----  ---------  --------  ----------  --------------  -------------------
/opt/airflow/dags/data_ingestion.py                           1           0  1.24s           2025-10-30T06:28:07
/opt/airflow/dags/etl_clickhouse.py                           1           0  1.13s           2025-10-30T06:28:09
================================================================================
[2025-10-30T06:28:44.774+0000] {manager.py:878} INFO - 
================================================================================
DAG File Processing Stats

File Path                            PID    Runtime      # DAGs    # Errors  Last Runtime    Last Run
-----------------------------------  -----  ---------  --------  ----------  --------------  -------------------
/opt/airflow/dags/etl_clickhouse.py                           1           0  0.92s           2025-10-30T06:28:40
/opt/airflow/dags/data_ingestion.py                           1           0  0.89s           2025-10-30T06:28:38
================================================================================
[2025-10-30T06:29:15.507+0000] {manager.py:878} INFO - 
================================================================================
DAG File Processing Stats

File Path                            PID    Runtime      # DAGs    # Errors  Last Runtime    Last Run
-----------------------------------  -----  ---------  --------  ----------  --------------  -------------------
/opt/airflow/dags/etl_clickhouse.py                           1           0  1.19s           2025-10-30T06:29:12
/opt/airflow/dags/data_ingestion.py                           1           0  1.17s           2025-10-30T06:29:10
================================================================================
[2025-10-30T06:29:45.939+0000] {manager.py:878} INFO - 
================================================================================
DAG File Processing Stats

File Path                            PID    Runtime      # DAGs    # Errors  Last Runtime    Last Run
-----------------------------------  -----  ---------  --------  ----------  --------------  -------------------
/opt/airflow/dags/data_ingestion.py                           1           0  1.00s           2025-10-30T06:29:41
/opt/airflow/dags/etl_clickhouse.py                           1           0  0.87s           2025-10-30T06:29:43
================================================================================
[2025-10-30T06:30:16.720+0000] {manager.py:878} INFO - 
================================================================================
DAG File Processing Stats

File Path                            PID    Runtime      # DAGs    # Errors  Last Runtime    Last Run
-----------------------------------  -----  ---------  --------  ----------  --------------  -------------------
/opt/airflow/dags/data_ingestion.py                           1           0  1.20s           2025-10-30T06:30:13
/opt/airflow/dags/etl_clickhouse.py                           1           0  1.18s           2025-10-30T06:30:15
================================================================================
[2025-10-30T06:30:47.336+0000] {manager.py:878} INFO - 
================================================================================
DAG File Processing Stats

File Path                            PID    Runtime      # DAGs    # Errors  Last Runtime    Last Run
-----------------------------------  -----  ---------  --------  ----------  --------------  -------------------
/opt/airflow/dags/data_ingestion.py                           1           0  1.10s           2025-10-30T06:30:45
/opt/airflow/dags/etl_clickhouse.py                           1           0  0.98s           2025-10-30T06:30:47
================================================================================
[2025-10-30T06:31:17.930+0000] {manager.py:878} INFO - 
================================================================================
DAG File Processing Stats

File Path                              PID  Runtime      # DAGs    # Errors  Last Runtime    Last Run
-----------------------------------  -----  ---------  --------  ----------  --------------  -------------------
/opt/airflow/dags/etl_clickhouse.py   9026  0.01s             1           0  0.98s           2025-10-30T06:30:47
/opt/airflow/dags/data_ingestion.py                           1           0  0.95s           2025-10-30T06:31:16
================================================================================
[2025-10-30T06:31:48.366+0000] {manager.py:878} INFO - 
================================================================================
DAG File Processing Stats

File Path                            PID    Runtime      # DAGs    # Errors  Last Runtime    Last Run
-----------------------------------  -----  ---------  --------  ----------  --------------  -------------------
/opt/airflow/dags/etl_clickhouse.py                           1           0  1.30s           2025-10-30T06:31:19
/opt/airflow/dags/data_ingestion.py                           1           0  0.86s           2025-10-30T06:31:48
================================================================================
[2025-10-30T06:32:18.944+0000] {manager.py:878} INFO - 
================================================================================
DAG File Processing Stats

File Path                              PID  Runtime      # DAGs    # Errors  Last Runtime    Last Run
-----------------------------------  -----  ---------  --------  ----------  --------------  -------------------
/opt/airflow/dags/etl_clickhouse.py                           1           0  0.99s           2025-10-30T06:31:50
/opt/airflow/dags/data_ingestion.py   9044  0.01s             1           0  0.86s           2025-10-30T06:31:48
================================================================================
[2025-10-30T06:32:45.357+0000] {manager.py:737} INFO - Searching for files in /opt/airflow/dags
[2025-10-30T06:32:45.454+0000] {manager.py:740} INFO - There are 2 files in /opt/airflow/dags
[2025-10-30T06:32:49.558+0000] {manager.py:878} INFO - 
================================================================================
DAG File Processing Stats

File Path                            PID    Runtime      # DAGs    # Errors  Last Runtime    Last Run
-----------------------------------  -----  ---------  --------  ----------  --------------  -------------------
/opt/airflow/dags/data_ingestion.py                           1           0  1.00s           2025-10-30T06:32:19
/opt/airflow/dags/etl_clickhouse.py                           1           0  0.98s           2025-10-30T06:32:21
================================================================================
[2025-10-30T06:33:20.151+0000] {manager.py:878} INFO - 
================================================================================
DAG File Processing Stats

File Path                            PID    Runtime      # DAGs    # Errors  Last Runtime    Last Run
-----------------------------------  -----  ---------  --------  ----------  --------------  -------------------
/opt/airflow/dags/etl_clickhouse.py                           1           0  1.03s           2025-10-30T06:32:53
/opt/airflow/dags/data_ingestion.py                           1           0  0.96s           2025-10-30T06:32:51
================================================================================
[2025-10-30T06:33:50.772+0000] {manager.py:878} INFO - 
================================================================================
DAG File Processing Stats

File Path                            PID    Runtime      # DAGs    # Errors  Last Runtime    Last Run
-----------------------------------  -----  ---------  --------  ----------  --------------  -------------------
/opt/airflow/dags/etl_clickhouse.py                           1           0  1.21s           2025-10-30T06:33:25
/opt/airflow/dags/data_ingestion.py                           1           0  1.00s           2025-10-30T06:33:23
================================================================================
[2025-10-30T06:34:21.230+0000] {manager.py:878} INFO - 
================================================================================
DAG File Processing Stats

File Path                            PID    Runtime      # DAGs    # Errors  Last Runtime    Last Run
-----------------------------------  -----  ---------  --------  ----------  --------------  -------------------
/opt/airflow/dags/etl_clickhouse.py                           1           0  0.96s           2025-10-30T06:33:56
/opt/airflow/dags/data_ingestion.py                           1           0  0.84s           2025-10-30T06:33:54
================================================================================
[2025-10-30T06:34:51.669+0000] {manager.py:878} INFO - 
================================================================================
DAG File Processing Stats

File Path                            PID    Runtime      # DAGs    # Errors  Last Runtime    Last Run
-----------------------------------  -----  ---------  --------  ----------  --------------  -------------------
/opt/airflow/dags/etl_clickhouse.py                           1           0  1.07s           2025-10-30T06:34:28
/opt/airflow/dags/data_ingestion.py                           1           0  0.87s           2025-10-30T06:34:26
================================================================================
[2025-10-30T06:35:22.327+0000] {manager.py:878} INFO - 
================================================================================
DAG File Processing Stats

File Path                            PID    Runtime      # DAGs    # Errors  Last Runtime    Last Run
-----------------------------------  -----  ---------  --------  ----------  --------------  -------------------
/opt/airflow/dags/etl_clickhouse.py                           1           0  1.15s           2025-10-30T06:35:00
/opt/airflow/dags/data_ingestion.py                           1           0  1.06s           2025-10-30T06:34:57
================================================================================
[2025-10-30T06:35:52.910+0000] {manager.py:878} INFO - 
================================================================================
DAG File Processing Stats

File Path                            PID    Runtime      # DAGs    # Errors  Last Runtime    Last Run
-----------------------------------  -----  ---------  --------  ----------  --------------  -------------------
/opt/airflow/dags/etl_clickhouse.py                           1           0  1.17s           2025-10-30T06:35:31
/opt/airflow/dags/data_ingestion.py                           1           0  0.99s           2025-10-30T06:35:29
================================================================================
[2025-10-30T06:36:23.460+0000] {manager.py:878} INFO - 
================================================================================
DAG File Processing Stats

File Path                            PID    Runtime      # DAGs    # Errors  Last Runtime    Last Run
-----------------------------------  -----  ---------  --------  ----------  --------------  -------------------
/opt/airflow/dags/data_ingestion.py                           1           0  1.52s           2025-10-30T06:36:01
/opt/airflow/dags/etl_clickhouse.py                           1           0  1.15s           2025-10-30T06:36:03
================================================================================
[2025-10-30T06:36:54.071+0000] {manager.py:878} INFO - 
================================================================================
DAG File Processing Stats

File Path                            PID    Runtime      # DAGs    # Errors  Last Runtime    Last Run
-----------------------------------  -----  ---------  --------  ----------  --------------  -------------------
/opt/airflow/dags/data_ingestion.py                           1           0  1.12s           2025-10-30T06:36:32
/opt/airflow/dags/etl_clickhouse.py                           1           0  1.07s           2025-10-30T06:36:34
================================================================================
[2025-10-30T06:37:24.656+0000] {manager.py:878} INFO - 
================================================================================
DAG File Processing Stats

File Path                            PID    Runtime      # DAGs    # Errors  Last Runtime    Last Run
-----------------------------------  -----  ---------  --------  ----------  --------------  -------------------
/opt/airflow/dags/etl_clickhouse.py                           1           0  1.05s           2025-10-30T06:37:06
/opt/airflow/dags/data_ingestion.py                           1           0  1.05s           2025-10-30T06:37:04
================================================================================
[2025-10-30T06:37:46.078+0000] {manager.py:737} INFO - Searching for files in /opt/airflow/dags
[2025-10-30T06:37:46.163+0000] {manager.py:740} INFO - There are 2 files in /opt/airflow/dags
[2025-10-30T06:37:55.321+0000] {manager.py:878} INFO - 
================================================================================
DAG File Processing Stats

File Path                            PID    Runtime      # DAGs    # Errors  Last Runtime    Last Run
-----------------------------------  -----  ---------  --------  ----------  --------------  -------------------
/opt/airflow/dags/data_ingestion.py                           1           0  1.10s           2025-10-30T06:37:35
/opt/airflow/dags/etl_clickhouse.py                           1           0  0.98s           2025-10-30T06:37:37
================================================================================
[2025-10-30T06:38:25.938+0000] {manager.py:878} INFO - 
================================================================================
DAG File Processing Stats

File Path                            PID    Runtime      # DAGs    # Errors  Last Runtime    Last Run
-----------------------------------  -----  ---------  --------  ----------  --------------  -------------------
/opt/airflow/dags/etl_clickhouse.py                           1           0  1.28s           2025-10-30T06:38:09
/opt/airflow/dags/data_ingestion.py                           1           0  0.96s           2025-10-30T06:38:07
================================================================================
[2025-10-30T06:38:56.679+0000] {manager.py:878} INFO - 
================================================================================
DAG File Processing Stats

File Path                            PID    Runtime      # DAGs    # Errors  Last Runtime    Last Run
-----------------------------------  -----  ---------  --------  ----------  --------------  -------------------
/opt/airflow/dags/data_ingestion.py                           1           0  1.48s           2025-10-30T06:38:39
/opt/airflow/dags/etl_clickhouse.py                           1           0  1.18s           2025-10-30T06:38:41
================================================================================
[2025-10-30T06:39:27.128+0000] {manager.py:878} INFO - 
================================================================================
DAG File Processing Stats

File Path                            PID    Runtime      # DAGs    # Errors  Last Runtime    Last Run
-----------------------------------  -----  ---------  --------  ----------  --------------  -------------------
/opt/airflow/dags/etl_clickhouse.py                           1           0  1.05s           2025-10-30T06:39:12
/opt/airflow/dags/data_ingestion.py                           1           0  0.90s           2025-10-30T06:39:10
================================================================================
[2025-10-30T06:39:57.827+0000] {manager.py:878} INFO - 
================================================================================
DAG File Processing Stats

File Path                            PID    Runtime      # DAGs    # Errors  Last Runtime    Last Run
-----------------------------------  -----  ---------  --------  ----------  --------------  -------------------
/opt/airflow/dags/etl_clickhouse.py                           1           0  1.09s           2025-10-30T06:39:44
/opt/airflow/dags/data_ingestion.py                           1           0  1.02s           2025-10-30T06:39:42
================================================================================
[2025-10-30T06:40:28.264+0000] {manager.py:878} INFO - 
================================================================================
DAG File Processing Stats

File Path                            PID    Runtime      # DAGs    # Errors  Last Runtime    Last Run
-----------------------------------  -----  ---------  --------  ----------  --------------  -------------------
/opt/airflow/dags/etl_clickhouse.py                           1           0  1.01s           2025-10-30T06:40:16
/opt/airflow/dags/data_ingestion.py                           1           0  0.84s           2025-10-30T06:40:13
================================================================================
[2025-10-30T06:40:58.949+0000] {manager.py:878} INFO - 
================================================================================
DAG File Processing Stats

File Path                            PID    Runtime      # DAGs    # Errors  Last Runtime    Last Run
-----------------------------------  -----  ---------  --------  ----------  --------------  -------------------
/opt/airflow/dags/etl_clickhouse.py                           1           0  1.13s           2025-10-30T06:40:47
/opt/airflow/dags/data_ingestion.py                           1           0  1.09s           2025-10-30T06:40:45
================================================================================
[2025-10-30T06:41:29.477+0000] {manager.py:878} INFO - 
================================================================================
DAG File Processing Stats

File Path                            PID    Runtime      # DAGs    # Errors  Last Runtime    Last Run
-----------------------------------  -----  ---------  --------  ----------  --------------  -------------------
/opt/airflow/dags/etl_clickhouse.py                           1           0  1.05s           2025-10-30T06:41:19
/opt/airflow/dags/data_ingestion.py                           1           0  0.93s           2025-10-30T06:41:17
================================================================================
[2025-10-30T06:42:00.026+0000] {manager.py:878} INFO - 
================================================================================
DAG File Processing Stats

File Path                            PID    Runtime      # DAGs    # Errors  Last Runtime    Last Run
-----------------------------------  -----  ---------  --------  ----------  --------------  -------------------
/opt/airflow/dags/etl_clickhouse.py                           1           0  0.98s           2025-10-30T06:41:50
/opt/airflow/dags/data_ingestion.py                           1           0  0.89s           2025-10-30T06:41:48
================================================================================
[2025-10-30T06:42:30.399+0000] {manager.py:878} INFO - 
================================================================================
DAG File Processing Stats

File Path                            PID    Runtime      # DAGs    # Errors  Last Runtime    Last Run
-----------------------------------  -----  ---------  --------  ----------  --------------  -------------------
/opt/airflow/dags/etl_clickhouse.py                           1           0  0.98s           2025-10-30T06:42:22
/opt/airflow/dags/data_ingestion.py                           1           0  0.81s           2025-10-30T06:42:20
================================================================================
[2025-10-30T06:42:46.704+0000] {manager.py:737} INFO - Searching for files in /opt/airflow/dags
[2025-10-30T06:42:46.836+0000] {manager.py:740} INFO - There are 2 files in /opt/airflow/dags
[2025-10-30T06:43:01.229+0000] {manager.py:878} INFO - 
================================================================================
DAG File Processing Stats

File Path                            PID    Runtime      # DAGs    # Errors  Last Runtime    Last Run
-----------------------------------  -----  ---------  --------  ----------  --------------  -------------------
/opt/airflow/dags/data_ingestion.py                           1           0  1.07s           2025-10-30T06:42:52
/opt/airflow/dags/etl_clickhouse.py                           1           0  1.01s           2025-10-30T06:42:54
================================================================================
[2025-10-30T06:43:31.808+0000] {manager.py:878} INFO - 
================================================================================
DAG File Processing Stats

File Path                            PID    Runtime      # DAGs    # Errors  Last Runtime    Last Run
-----------------------------------  -----  ---------  --------  ----------  --------------  -------------------
/opt/airflow/dags/etl_clickhouse.py                           1           0  1.12s           2025-10-30T06:43:25
/opt/airflow/dags/data_ingestion.py                           1           0  0.94s           2025-10-30T06:43:23
================================================================================
[2025-10-30T06:44:02.401+0000] {manager.py:878} INFO - 
================================================================================
DAG File Processing Stats

File Path                            PID    Runtime      # DAGs    # Errors  Last Runtime    Last Run
-----------------------------------  -----  ---------  --------  ----------  --------------  -------------------
/opt/airflow/dags/etl_clickhouse.py                           1           0  1.04s           2025-10-30T06:43:57
/opt/airflow/dags/data_ingestion.py                           1           0  0.96s           2025-10-30T06:43:55
================================================================================
[2025-10-30T06:44:32.971+0000] {manager.py:878} INFO - 
================================================================================
DAG File Processing Stats

File Path                            PID    Runtime      # DAGs    # Errors  Last Runtime    Last Run
-----------------------------------  -----  ---------  --------  ----------  --------------  -------------------
/opt/airflow/dags/data_ingestion.py                           1           0  1.04s           2025-10-30T06:44:26
/opt/airflow/dags/etl_clickhouse.py                           1           0  0.96s           2025-10-30T06:44:28
================================================================================
[2025-10-30T06:45:03.448+0000] {manager.py:878} INFO - 
================================================================================
DAG File Processing Stats

File Path                            PID    Runtime      # DAGs    # Errors  Last Runtime    Last Run
-----------------------------------  -----  ---------  --------  ----------  --------------  -------------------
/opt/airflow/dags/etl_clickhouse.py                           1           0  0.98s           2025-10-30T06:45:00
/opt/airflow/dags/data_ingestion.py                           1           0  0.86s           2025-10-30T06:44:58
================================================================================
[2025-10-30T06:45:34.160+0000] {manager.py:878} INFO - 
================================================================================
DAG File Processing Stats

File Path                            PID    Runtime      # DAGs    # Errors  Last Runtime    Last Run
-----------------------------------  -----  ---------  --------  ----------  --------------  -------------------
/opt/airflow/dags/data_ingestion.py                           1           0  1.23s           2025-10-30T06:45:30
/opt/airflow/dags/etl_clickhouse.py                           1           0  1.13s           2025-10-30T06:45:32
================================================================================
[2025-10-30T06:46:04.810+0000] {manager.py:878} INFO - 
================================================================================
DAG File Processing Stats

File Path                            PID    Runtime      # DAGs    # Errors  Last Runtime    Last Run
-----------------------------------  -----  ---------  --------  ----------  --------------  -------------------
/opt/airflow/dags/etl_clickhouse.py                           1           0  1.17s           2025-10-30T06:46:03
/opt/airflow/dags/data_ingestion.py                           1           0  0.99s           2025-10-30T06:46:01
================================================================================
[2025-10-30T06:46:35.065+0000] {manager.py:878} INFO - 
================================================================================
DAG File Processing Stats

File Path                              PID  Runtime      # DAGs    # Errors  Last Runtime    Last Run
-----------------------------------  -----  ---------  --------  ----------  --------------  -------------------
/opt/airflow/dags/data_ingestion.py                           1           0  1.68s           2025-10-30T06:46:34
/opt/airflow/dags/etl_clickhouse.py   9374  1.02s             1           0  1.17s           2025-10-30T06:46:03
================================================================================
[2025-10-30T06:47:05.727+0000] {manager.py:878} INFO - 
================================================================================
DAG File Processing Stats

File Path                              PID  Runtime      # DAGs    # Errors  Last Runtime    Last Run
-----------------------------------  -----  ---------  --------  ----------  --------------  -------------------
/opt/airflow/dags/data_ingestion.py   9380  1.06s             1           0  1.68s           2025-10-30T06:46:34
/opt/airflow/dags/etl_clickhouse.py   9386  0.01s             1           0  1.33s           2025-10-30T06:46:35
================================================================================
[2025-10-30T06:47:36.252+0000] {manager.py:878} INFO - 
================================================================================
DAG File Processing Stats

File Path                              PID  Runtime      # DAGs    # Errors  Last Runtime    Last Run
-----------------------------------  -----  ---------  --------  ----------  --------------  -------------------
/opt/airflow/dags/data_ingestion.py   9392  0.01s             1           0  1.07s           2025-10-30T06:47:05
/opt/airflow/dags/etl_clickhouse.py                           1           0  0.95s           2025-10-30T06:47:06
================================================================================
[2025-10-30T06:47:47.516+0000] {manager.py:737} INFO - Searching for files in /opt/airflow/dags
[2025-10-30T06:47:47.645+0000] {manager.py:740} INFO - There are 2 files in /opt/airflow/dags
[2025-10-30T06:48:07.023+0000] {manager.py:878} INFO - 
================================================================================
DAG File Processing Stats

File Path                            PID    Runtime      # DAGs    # Errors  Last Runtime    Last Run
-----------------------------------  -----  ---------  --------  ----------  --------------  -------------------
/opt/airflow/dags/etl_clickhouse.py                           1           0  1.18s           2025-10-30T06:47:38
/opt/airflow/dags/data_ingestion.py                           1           0  1.11s           2025-10-30T06:47:37
================================================================================
[2025-10-30T06:48:37.549+0000] {manager.py:878} INFO - 
================================================================================
DAG File Processing Stats

File Path                            PID    Runtime      # DAGs    # Errors  Last Runtime    Last Run
-----------------------------------  -----  ---------  --------  ----------  --------------  -------------------
/opt/airflow/dags/etl_clickhouse.py                           1           0  1.08s           2025-10-30T06:48:10
/opt/airflow/dags/data_ingestion.py                           1           0  0.92s           2025-10-30T06:48:08
================================================================================
[2025-10-30T06:49:08.165+0000] {manager.py:878} INFO - 
================================================================================
DAG File Processing Stats

File Path                            PID    Runtime      # DAGs    # Errors  Last Runtime    Last Run
-----------------------------------  -----  ---------  --------  ----------  --------------  -------------------
/opt/airflow/dags/etl_clickhouse.py                           1           0  1.15s           2025-10-30T06:48:41
/opt/airflow/dags/data_ingestion.py                           1           0  0.98s           2025-10-30T06:48:40
================================================================================
[2025-10-30T06:49:38.744+0000] {manager.py:878} INFO - 
================================================================================
DAG File Processing Stats

File Path                            PID    Runtime      # DAGs    # Errors  Last Runtime    Last Run
-----------------------------------  -----  ---------  --------  ----------  --------------  -------------------
/opt/airflow/dags/etl_clickhouse.py                           1           0  1.05s           2025-10-30T06:49:13
/opt/airflow/dags/data_ingestion.py                           1           0  0.96s           2025-10-30T06:49:12
================================================================================
[2025-10-30T06:50:09.009+0000] {manager.py:878} INFO - 
================================================================================
DAG File Processing Stats

File Path                            PID    Runtime      # DAGs    # Errors  Last Runtime    Last Run
-----------------------------------  -----  ---------  --------  ----------  --------------  -------------------
/opt/airflow/dags/etl_clickhouse.py                           1           0  1.74s           2025-10-30T06:49:45
/opt/airflow/dags/data_ingestion.py                           1           0  1.04s           2025-10-30T06:49:43
================================================================================
[2025-10-30T06:50:39.721+0000] {manager.py:878} INFO - 
================================================================================
DAG File Processing Stats

File Path                            PID    Runtime      # DAGs    # Errors  Last Runtime    Last Run
-----------------------------------  -----  ---------  --------  ----------  --------------  -------------------
/opt/airflow/dags/etl_clickhouse.py                           1           0  1.30s           2025-10-30T06:50:17
/opt/airflow/dags/data_ingestion.py                           1           0  1.13s           2025-10-30T06:50:15
================================================================================
[2025-10-30T06:51:10.215+0000] {manager.py:878} INFO - 
================================================================================
DAG File Processing Stats

File Path                            PID    Runtime      # DAGs    # Errors  Last Runtime    Last Run
-----------------------------------  -----  ---------  --------  ----------  --------------  -------------------
/opt/airflow/dags/etl_clickhouse.py                           1           0  1.00s           2025-10-30T06:50:48
/opt/airflow/dags/data_ingestion.py                           1           0  0.88s           2025-10-30T06:50:46
================================================================================
[2025-10-30T06:51:40.737+0000] {manager.py:878} INFO - 
================================================================================
DAG File Processing Stats

File Path                            PID    Runtime      # DAGs    # Errors  Last Runtime    Last Run
-----------------------------------  -----  ---------  --------  ----------  --------------  -------------------
/opt/airflow/dags/etl_clickhouse.py                           1           0  1.02s           2025-10-30T06:51:20
/opt/airflow/dags/data_ingestion.py                           1           0  0.93s           2025-10-30T06:51:18
================================================================================
[2025-10-30T06:52:11.379+0000] {manager.py:878} INFO - 
================================================================================
DAG File Processing Stats

File Path                            PID    Runtime      # DAGs    # Errors  Last Runtime    Last Run
-----------------------------------  -----  ---------  --------  ----------  --------------  -------------------
/opt/airflow/dags/etl_clickhouse.py                           1           0  1.25s           2025-10-30T06:51:52
/opt/airflow/dags/data_ingestion.py                           1           0  1.13s           2025-10-30T06:51:50
================================================================================
[2025-10-30T06:52:41.456+0000] {manager.py:878} INFO - 
================================================================================
DAG File Processing Stats

File Path                            PID    Runtime      # DAGs    # Errors  Last Runtime    Last Run
-----------------------------------  -----  ---------  --------  ----------  --------------  -------------------
/opt/airflow/dags/etl_clickhouse.py                           1           0  1.32s           2025-10-30T06:52:24
/opt/airflow/dags/data_ingestion.py                           1           0  1.20s           2025-10-30T06:52:21
================================================================================
[2025-10-30T06:52:47.566+0000] {manager.py:737} INFO - Searching for files in /opt/airflow/dags
[2025-10-30T06:52:47.722+0000] {manager.py:740} INFO - There are 2 files in /opt/airflow/dags
[2025-10-30T06:53:11.754+0000] {manager.py:878} INFO - 
================================================================================
DAG File Processing Stats

File Path                            PID    Runtime      # DAGs    # Errors  Last Runtime    Last Run
-----------------------------------  -----  ---------  --------  ----------  --------------  -------------------
/opt/airflow/dags/etl_clickhouse.py                           1           0  1.04s           2025-10-30T06:52:55
/opt/airflow/dags/data_ingestion.py                           1           0  0.89s           2025-10-30T06:52:52
================================================================================
[2025-10-30T06:53:42.182+0000] {manager.py:878} INFO - 
================================================================================
DAG File Processing Stats

File Path                            PID    Runtime      # DAGs    # Errors  Last Runtime    Last Run
-----------------------------------  -----  ---------  --------  ----------  --------------  -------------------
/opt/airflow/dags/etl_clickhouse.py                           1           0  0.92s           2025-10-30T06:53:26
/opt/airflow/dags/data_ingestion.py                           1           0  0.89s           2025-10-30T06:53:23
================================================================================
[2025-10-30T06:54:12.885+0000] {manager.py:878} INFO - 
================================================================================
DAG File Processing Stats

File Path                            PID    Runtime      # DAGs    # Errors  Last Runtime    Last Run
-----------------------------------  -----  ---------  --------  ----------  --------------  -------------------
/opt/airflow/dags/etl_clickhouse.py                           1           0  1.21s           2025-10-30T06:53:58
/opt/airflow/dags/data_ingestion.py                           1           0  1.02s           2025-10-30T06:53:55
================================================================================
[2025-10-30T06:54:42.980+0000] {manager.py:878} INFO - 
================================================================================
DAG File Processing Stats

File Path                            PID    Runtime      # DAGs    # Errors  Last Runtime    Last Run
-----------------------------------  -----  ---------  --------  ----------  --------------  -------------------
/opt/airflow/dags/etl_clickhouse.py                           1           0  1.53s           2025-10-30T06:54:30
/opt/airflow/dags/data_ingestion.py                           1           0  1.25s           2025-10-30T06:54:27
================================================================================
[2025-10-30T06:55:13.128+0000] {manager.py:878} INFO - 
================================================================================
DAG File Processing Stats

File Path                            PID    Runtime      # DAGs    # Errors  Last Runtime    Last Run
-----------------------------------  -----  ---------  --------  ----------  --------------  -------------------
/opt/airflow/dags/etl_clickhouse.py                           1           0  1.17s           2025-10-30T06:55:02
/opt/airflow/dags/data_ingestion.py                           1           0  0.84s           2025-10-30T06:54:58
================================================================================
[2025-10-30T06:55:43.583+0000] {manager.py:878} INFO - 
================================================================================
DAG File Processing Stats

File Path                            PID    Runtime      # DAGs    # Errors  Last Runtime    Last Run
-----------------------------------  -----  ---------  --------  ----------  --------------  -------------------
/opt/airflow/dags/etl_clickhouse.py                           1           0  1.07s           2025-10-30T06:55:33
/opt/airflow/dags/data_ingestion.py                           1           0  0.83s           2025-10-30T06:55:30
================================================================================
[2025-10-30T06:56:14.213+0000] {manager.py:878} INFO - 
================================================================================
DAG File Processing Stats

File Path                            PID    Runtime      # DAGs    # Errors  Last Runtime    Last Run
-----------------------------------  -----  ---------  --------  ----------  --------------  -------------------
/opt/airflow/dags/etl_clickhouse.py                           1           0  1.27s           2025-10-30T06:56:05
/opt/airflow/dags/data_ingestion.py                           1           0  0.91s           2025-10-30T06:56:01
================================================================================
[2025-10-30T06:56:44.871+0000] {manager.py:878} INFO - 
================================================================================
DAG File Processing Stats

File Path                            PID    Runtime      # DAGs    # Errors  Last Runtime    Last Run
-----------------------------------  -----  ---------  --------  ----------  --------------  -------------------
/opt/airflow/dags/data_ingestion.py                           1           0  1.26s           2025-10-30T06:56:33
/opt/airflow/dags/etl_clickhouse.py                           1           0  1.15s           2025-10-30T06:56:36
================================================================================
[2025-10-30T06:57:15.525+0000] {manager.py:878} INFO - 
================================================================================
DAG File Processing Stats

File Path                            PID    Runtime      # DAGs    # Errors  Last Runtime    Last Run
-----------------------------------  -----  ---------  --------  ----------  --------------  -------------------
/opt/airflow/dags/data_ingestion.py                           1           0  1.24s           2025-10-30T06:57:05
/opt/airflow/dags/etl_clickhouse.py                           1           0  1.17s           2025-10-30T06:57:08
================================================================================
[2025-10-30T06:57:46.058+0000] {manager.py:878} INFO - 
================================================================================
DAG File Processing Stats

File Path                            PID    Runtime      # DAGs    # Errors  Last Runtime    Last Run
-----------------------------------  -----  ---------  --------  ----------  --------------  -------------------
/opt/airflow/dags/etl_clickhouse.py                           1           0  1.15s           2025-10-30T06:57:40
/opt/airflow/dags/data_ingestion.py                           1           0  0.92s           2025-10-30T06:57:36
================================================================================
[2025-10-30T06:57:48.099+0000] {manager.py:737} INFO - Searching for files in /opt/airflow/dags
[2025-10-30T06:57:48.261+0000] {manager.py:740} INFO - There are 2 files in /opt/airflow/dags
[2025-10-30T06:58:16.233+0000] {manager.py:878} INFO - 
================================================================================
DAG File Processing Stats

File Path                            PID    Runtime      # DAGs    # Errors  Last Runtime    Last Run
-----------------------------------  -----  ---------  --------  ----------  --------------  -------------------
/opt/airflow/dags/etl_clickhouse.py                           1           0  1.49s           2025-10-30T06:58:12
/opt/airflow/dags/data_ingestion.py                           1           0  0.87s           2025-10-30T06:58:08
================================================================================
[2025-10-30T06:58:46.867+0000] {manager.py:878} INFO - 
================================================================================
DAG File Processing Stats

File Path                            PID    Runtime      # DAGs    # Errors  Last Runtime    Last Run
-----------------------------------  -----  ---------  --------  ----------  --------------  -------------------
/opt/airflow/dags/data_ingestion.py                           1           0  1.37s           2025-10-30T06:58:40
/opt/airflow/dags/etl_clickhouse.py                           1           0  1.27s           2025-10-30T06:58:44
================================================================================
[2025-10-30T06:59:17.003+0000] {manager.py:878} INFO - 
================================================================================
DAG File Processing Stats

File Path                            PID    Runtime      # DAGs    # Errors  Last Runtime    Last Run
-----------------------------------  -----  ---------  --------  ----------  --------------  -------------------
/opt/airflow/dags/data_ingestion.py                           1           0  1.34s           2025-10-30T06:59:11
/opt/airflow/dags/etl_clickhouse.py                           1           0  1.33s           2025-10-30T06:59:15
================================================================================
[2025-10-30T06:59:47.421+0000] {manager.py:878} INFO - 
================================================================================
DAG File Processing Stats

File Path                            PID    Runtime      # DAGs    # Errors  Last Runtime    Last Run
-----------------------------------  -----  ---------  --------  ----------  --------------  -------------------
/opt/airflow/dags/etl_clickhouse.py                           1           0  1.03s           2025-10-30T06:59:47
/opt/airflow/dags/data_ingestion.py                           1           0  0.96s           2025-10-30T06:59:43
================================================================================
[2025-10-30T07:00:17.890+0000] {manager.py:878} INFO - 
================================================================================
DAG File Processing Stats

File Path                              PID  Runtime      # DAGs    # Errors  Last Runtime    Last Run
-----------------------------------  -----  ---------  --------  ----------  --------------  -------------------
/opt/airflow/dags/etl_clickhouse.py   9686  0.01s             1           0  1.03s           2025-10-30T06:59:47
/opt/airflow/dags/data_ingestion.py                           1           0  0.88s           2025-10-30T07:00:14
================================================================================
[2025-10-30T07:00:48.590+0000] {manager.py:878} INFO - 
================================================================================
DAG File Processing Stats

File Path                            PID    Runtime      # DAGs    # Errors  Last Runtime    Last Run
-----------------------------------  -----  ---------  --------  ----------  --------------  -------------------
/opt/airflow/dags/etl_clickhouse.py                           1           0  1.24s           2025-10-30T07:00:19
/opt/airflow/dags/data_ingestion.py                           1           0  1.13s           2025-10-30T07:00:46
================================================================================
[2025-10-30T07:01:19.265+0000] {manager.py:878} INFO - 
================================================================================
DAG File Processing Stats

File Path                            PID    Runtime      # DAGs    # Errors  Last Runtime    Last Run
-----------------------------------  -----  ---------  --------  ----------  --------------  -------------------
/opt/airflow/dags/etl_clickhouse.py                           1           0  1.16s           2025-10-30T07:00:50
/opt/airflow/dags/data_ingestion.py                           1           0  1.09s           2025-10-30T07:01:18
================================================================================
[2025-10-30T07:01:49.888+0000] {manager.py:878} INFO - 
================================================================================
DAG File Processing Stats

File Path                              PID  Runtime      # DAGs    # Errors  Last Runtime    Last Run
-----------------------------------  -----  ---------  --------  ----------  --------------  -------------------
/opt/airflow/dags/etl_clickhouse.py                           1           0  1.24s           2025-10-30T07:01:22
/opt/airflow/dags/data_ingestion.py   9716  1.02s             1           0  1.09s           2025-10-30T07:01:18
================================================================================
[2025-10-30T07:02:20.773+0000] {manager.py:878} INFO - 
================================================================================
DAG File Processing Stats

File Path                              PID  Runtime      # DAGs    # Errors  Last Runtime    Last Run
-----------------------------------  -----  ---------  --------  ----------  --------------  -------------------
/opt/airflow/dags/data_ingestion.py   9728  0.01s             1           0  1.51s           2025-10-30T07:01:50
/opt/airflow/dags/etl_clickhouse.py                           1           0  1.16s           2025-10-30T07:01:54
================================================================================
[2025-10-30T07:02:48.364+0000] {manager.py:737} INFO - Searching for files in /opt/airflow/dags
[2025-10-30T07:02:48.495+0000] {manager.py:740} INFO - There are 2 files in /opt/airflow/dags
[2025-10-30T07:02:51.577+0000] {manager.py:878} INFO - 
================================================================================
DAG File Processing Stats

File Path                            PID    Runtime      # DAGs    # Errors  Last Runtime    Last Run
-----------------------------------  -----  ---------  --------  ----------  --------------  -------------------
/opt/airflow/dags/etl_clickhouse.py                           1           0  1.35s           2025-10-30T07:02:26
/opt/airflow/dags/data_ingestion.py                           1           0  0.91s           2025-10-30T07:02:21
================================================================================
[2025-10-30T07:03:21.601+0000] {manager.py:878} INFO - 
================================================================================
DAG File Processing Stats

File Path                            PID    Runtime      # DAGs    # Errors  Last Runtime    Last Run
-----------------------------------  -----  ---------  --------  ----------  --------------  -------------------
/opt/airflow/dags/data_ingestion.py                           1           0  1.47s           2025-10-30T07:02:54
/opt/airflow/dags/etl_clickhouse.py                           1           0  1.33s           2025-10-30T07:02:57
================================================================================
[2025-10-30T07:03:52.446+0000] {manager.py:878} INFO - 
================================================================================
DAG File Processing Stats

File Path                            PID    Runtime      # DAGs    # Errors  Last Runtime    Last Run
-----------------------------------  -----  ---------  --------  ----------  --------------  -------------------
/opt/airflow/dags/data_ingestion.py                           1           0  1.28s           2025-10-30T07:03:25
/opt/airflow/dags/etl_clickhouse.py                           1           0  1.24s           2025-10-30T07:03:29
================================================================================
[2025-10-30T07:04:23.349+0000] {manager.py:878} INFO - 
================================================================================
DAG File Processing Stats

File Path                            PID    Runtime      # DAGs    # Errors  Last Runtime    Last Run
-----------------------------------  -----  ---------  --------  ----------  --------------  -------------------
/opt/airflow/dags/data_ingestion.py                           1           0  1.30s           2025-10-30T07:03:57
/opt/airflow/dags/etl_clickhouse.py                           1           0  1.29s           2025-10-30T07:04:00
================================================================================
[2025-10-30T07:04:54.076+0000] {manager.py:878} INFO - 
================================================================================
DAG File Processing Stats

File Path                            PID    Runtime      # DAGs    # Errors  Last Runtime    Last Run
-----------------------------------  -----  ---------  --------  ----------  --------------  -------------------
/opt/airflow/dags/data_ingestion.py                           1           0  1.14s           2025-10-30T07:04:29
/opt/airflow/dags/etl_clickhouse.py                           1           0  1.11s           2025-10-30T07:04:32
================================================================================
[2025-10-30T07:05:25.083+0000] {manager.py:878} INFO - 
================================================================================
DAG File Processing Stats

File Path                            PID    Runtime      # DAGs    # Errors  Last Runtime    Last Run
-----------------------------------  -----  ---------  --------  ----------  --------------  -------------------
/opt/airflow/dags/data_ingestion.py                           1           0  1.40s           2025-10-30T07:05:01
/opt/airflow/dags/etl_clickhouse.py                           1           0  1.39s           2025-10-30T07:05:04
================================================================================
[2025-10-30T07:05:55.835+0000] {manager.py:878} INFO - 
================================================================================
DAG File Processing Stats

File Path                            PID    Runtime      # DAGs    # Errors  Last Runtime    Last Run
-----------------------------------  -----  ---------  --------  ----------  --------------  -------------------
/opt/airflow/dags/etl_clickhouse.py                           1           0  1.21s           2025-10-30T07:05:36
/opt/airflow/dags/data_ingestion.py                           1           0  1.20s           2025-10-30T07:05:33
================================================================================
[2025-10-30T07:06:26.015+0000] {manager.py:878} INFO - 
================================================================================
DAG File Processing Stats

File Path                            PID    Runtime      # DAGs    # Errors  Last Runtime    Last Run
-----------------------------------  -----  ---------  --------  ----------  --------------  -------------------
/opt/airflow/dags/etl_clickhouse.py                           1           0  1.60s           2025-10-30T07:06:08
/opt/airflow/dags/data_ingestion.py                           1           0  1.14s           2025-10-30T07:06:05
================================================================================
[2025-10-30T07:06:56.468+0000] {manager.py:878} INFO - 
================================================================================
DAG File Processing Stats

File Path                            PID    Runtime      # DAGs    # Errors  Last Runtime    Last Run
-----------------------------------  -----  ---------  --------  ----------  --------------  -------------------
/opt/airflow/dags/etl_clickhouse.py                           1           0  1.38s           2025-10-30T07:06:40
/opt/airflow/dags/data_ingestion.py                           1           0  0.84s           2025-10-30T07:06:36
================================================================================
[2025-10-30T07:07:26.532+0000] {manager.py:878} INFO - 
================================================================================
DAG File Processing Stats

File Path                            PID    Runtime      # DAGs    # Errors  Last Runtime    Last Run
-----------------------------------  -----  ---------  --------  ----------  --------------  -------------------
/opt/airflow/dags/etl_clickhouse.py                           1           0  1.53s           2025-10-30T07:07:12
/opt/airflow/dags/data_ingestion.py                           1           0  1.19s           2025-10-30T07:07:07
================================================================================
[2025-10-30T07:07:48.735+0000] {manager.py:737} INFO - Searching for files in /opt/airflow/dags
[2025-10-30T07:07:48.874+0000] {manager.py:740} INFO - There are 2 files in /opt/airflow/dags
[2025-10-30T07:07:57.071+0000] {manager.py:878} INFO - 
================================================================================
DAG File Processing Stats

File Path                            PID    Runtime      # DAGs    # Errors  Last Runtime    Last Run
-----------------------------------  -----  ---------  --------  ----------  --------------  -------------------
/opt/airflow/dags/etl_clickhouse.py                           1           0  1.35s           2025-10-30T07:07:43
/opt/airflow/dags/data_ingestion.py                           1           0  1.26s           2025-10-30T07:07:39
================================================================================
[2025-10-30T07:08:27.194+0000] {manager.py:878} INFO - 
================================================================================
DAG File Processing Stats

File Path                            PID    Runtime      # DAGs    # Errors  Last Runtime    Last Run
-----------------------------------  -----  ---------  --------  ----------  --------------  -------------------
/opt/airflow/dags/etl_clickhouse.py                           1           0  1.47s           2025-10-30T07:08:16
/opt/airflow/dags/data_ingestion.py                           1           0  1.21s           2025-10-30T07:08:11
================================================================================
[2025-10-30T07:08:57.650+0000] {manager.py:878} INFO - 
================================================================================
DAG File Processing Stats

File Path                            PID    Runtime      # DAGs    # Errors  Last Runtime    Last Run
-----------------------------------  -----  ---------  --------  ----------  --------------  -------------------
/opt/airflow/dags/etl_clickhouse.py                           1           0  1.25s           2025-10-30T07:08:47
/opt/airflow/dags/data_ingestion.py                           1           0  1.22s           2025-10-30T07:08:43
================================================================================
[2025-10-30T07:09:28.328+0000] {manager.py:878} INFO - 
================================================================================
DAG File Processing Stats

File Path                            PID    Runtime      # DAGs    # Errors  Last Runtime    Last Run
-----------------------------------  -----  ---------  --------  ----------  --------------  -------------------
/opt/airflow/dags/etl_clickhouse.py                           1           0  1.24s           2025-10-30T07:09:19
/opt/airflow/dags/data_ingestion.py                           1           0  1.15s           2025-10-30T07:09:15
================================================================================
[2025-10-30T07:09:58.995+0000] {manager.py:878} INFO - 
================================================================================
DAG File Processing Stats

File Path                            PID    Runtime      # DAGs    # Errors  Last Runtime    Last Run
-----------------------------------  -----  ---------  --------  ----------  --------------  -------------------
/opt/airflow/dags/etl_clickhouse.py                           1           0  1.20s           2025-10-30T07:09:51
/opt/airflow/dags/data_ingestion.py                           1           0  1.11s           2025-10-30T07:09:46
================================================================================
[2025-10-30T07:10:29.749+0000] {manager.py:878} INFO - 
================================================================================
DAG File Processing Stats

File Path                            PID    Runtime      # DAGs    # Errors  Last Runtime    Last Run
-----------------------------------  -----  ---------  --------  ----------  --------------  -------------------
/opt/airflow/dags/data_ingestion.py                           1           0  1.17s           2025-10-30T07:10:18
/opt/airflow/dags/etl_clickhouse.py                           1           0  1.14s           2025-10-30T07:10:22
================================================================================
[2025-10-30T07:11:00.399+0000] {manager.py:878} INFO - 
================================================================================
DAG File Processing Stats

File Path                            PID    Runtime      # DAGs    # Errors  Last Runtime    Last Run
-----------------------------------  -----  ---------  --------  ----------  --------------  -------------------
/opt/airflow/dags/data_ingestion.py                           1           0  1.17s           2025-10-30T07:10:50
/opt/airflow/dags/etl_clickhouse.py                           1           0  1.08s           2025-10-30T07:10:54
================================================================================
[2025-10-30T07:11:31.081+0000] {manager.py:878} INFO - 
================================================================================
DAG File Processing Stats

File Path                            PID    Runtime      # DAGs    # Errors  Last Runtime    Last Run
-----------------------------------  -----  ---------  --------  ----------  --------------  -------------------
/opt/airflow/dags/data_ingestion.py                           1           0  1.25s           2025-10-30T07:11:22
/opt/airflow/dags/etl_clickhouse.py                           1           0  1.18s           2025-10-30T07:11:26
================================================================================
[2025-10-30T07:12:01.912+0000] {manager.py:878} INFO - 
================================================================================
DAG File Processing Stats

File Path                            PID    Runtime      # DAGs    # Errors  Last Runtime    Last Run
-----------------------------------  -----  ---------  --------  ----------  --------------  -------------------
/opt/airflow/dags/etl_clickhouse.py                           1           0  1.33s           2025-10-30T07:11:58
/opt/airflow/dags/data_ingestion.py                           1           0  1.24s           2025-10-30T07:11:53
================================================================================
[2025-10-30T07:12:31.922+0000] {manager.py:878} INFO - 
================================================================================
DAG File Processing Stats

File Path                            PID    Runtime      # DAGs    # Errors  Last Runtime    Last Run
-----------------------------------  -----  ---------  --------  ----------  --------------  -------------------
/opt/airflow/dags/etl_clickhouse.py                           1           0  1.32s           2025-10-30T07:12:29
/opt/airflow/dags/data_ingestion.py                           1           0  1.16s           2025-10-30T07:12:25
================================================================================
[2025-10-30T07:12:48.846+0000] {manager.py:737} INFO - Searching for files in /opt/airflow/dags
[2025-10-30T07:12:48.949+0000] {manager.py:740} INFO - There are 2 files in /opt/airflow/dags
[2025-10-30T07:13:02.500+0000] {manager.py:878} INFO - 
================================================================================
DAG File Processing Stats

File Path                            PID    Runtime      # DAGs    # Errors  Last Runtime    Last Run
-----------------------------------  -----  ---------  --------  ----------  --------------  -------------------
/opt/airflow/dags/etl_clickhouse.py                           1           0  1.32s           2025-10-30T07:13:01
/opt/airflow/dags/data_ingestion.py                           1           0  1.25s           2025-10-30T07:12:57
================================================================================
[2025-10-30T07:13:33.102+0000] {manager.py:878} INFO - 
================================================================================
DAG File Processing Stats

File Path                              PID  Runtime      # DAGs    # Errors  Last Runtime    Last Run
-----------------------------------  -----  ---------  --------  ----------  --------------  -------------------
/opt/airflow/dags/etl_clickhouse.py   9986  1.02s             1           0  1.32s           2025-10-30T07:13:01
/opt/airflow/dags/data_ingestion.py                           1           0  1.07s           2025-10-30T07:13:29
================================================================================
[2025-10-30T07:14:03.714+0000] {manager.py:878} INFO - 
================================================================================
DAG File Processing Stats

File Path                              PID  Runtime      # DAGs    # Errors  Last Runtime    Last Run
-----------------------------------  -----  ---------  --------  ----------  --------------  -------------------
/opt/airflow/dags/etl_clickhouse.py   9998  0.01s             1           0  1.23s           2025-10-30T07:13:33
/opt/airflow/dags/data_ingestion.py                           1           0  1.13s           2025-10-30T07:14:00
================================================================================
[2025-10-30T07:14:34.353+0000] {manager.py:878} INFO - 
================================================================================
DAG File Processing Stats

File Path                            PID    Runtime      # DAGs    # Errors  Last Runtime    Last Run
-----------------------------------  -----  ---------  --------  ----------  --------------  -------------------
/opt/airflow/dags/etl_clickhouse.py                           1           0  1.34s           2025-10-30T07:14:05
/opt/airflow/dags/data_ingestion.py                           1           0  1.08s           2025-10-30T07:14:32
================================================================================
[2025-10-30T07:15:05.101+0000] {manager.py:878} INFO - 
================================================================================
DAG File Processing Stats

File Path                            PID    Runtime      # DAGs    # Errors  Last Runtime    Last Run
-----------------------------------  -----  ---------  --------  ----------  --------------  -------------------
/opt/airflow/dags/etl_clickhouse.py                           1           0  1.23s           2025-10-30T07:14:36
/opt/airflow/dags/data_ingestion.py                           1           0  1.20s           2025-10-30T07:15:04
================================================================================
[2025-10-30T07:15:35.705+0000] {manager.py:878} INFO - 
================================================================================
DAG File Processing Stats

File Path                              PID  Runtime      # DAGs    # Errors  Last Runtime    Last Run
-----------------------------------  -----  ---------  --------  ----------  --------------  -------------------
/opt/airflow/dags/data_ingestion.py  10028  1.03s             1           0  1.20s           2025-10-30T07:15:04
/opt/airflow/dags/etl_clickhouse.py                           1           0  1.11s           2025-10-30T07:15:08
================================================================================
[2025-10-30T07:16:06.553+0000] {manager.py:878} INFO - 
================================================================================
DAG File Processing Stats

File Path                              PID  Runtime      # DAGs    # Errors  Last Runtime    Last Run
-----------------------------------  -----  ---------  --------  ----------  --------------  -------------------
/opt/airflow/dags/etl_clickhouse.py                           1           0  1.40s           2025-10-30T07:15:40
/opt/airflow/dags/data_ingestion.py  10040  0.01s             1           0  1.31s           2025-10-30T07:15:35
================================================================================
[2025-10-30T07:16:36.642+0000] {manager.py:878} INFO - 
================================================================================
DAG File Processing Stats

File Path                            PID    Runtime      # DAGs    # Errors  Last Runtime    Last Run
-----------------------------------  -----  ---------  --------  ----------  --------------  -------------------
/opt/airflow/dags/etl_clickhouse.py                           1           0  1.54s           2025-10-30T07:16:12
/opt/airflow/dags/data_ingestion.py                           1           0  1.35s           2025-10-30T07:16:07
================================================================================
[2025-10-30T07:17:07.188+0000] {manager.py:878} INFO - 
================================================================================
DAG File Processing Stats

File Path                            PID    Runtime      # DAGs    # Errors  Last Runtime    Last Run
-----------------------------------  -----  ---------  --------  ----------  --------------  -------------------
/opt/airflow/dags/data_ingestion.py                           1           0  1.27s           2025-10-30T07:16:39
/opt/airflow/dags/etl_clickhouse.py                           1           0  1.26s           2025-10-30T07:16:44
================================================================================
[2025-10-30T07:17:37.926+0000] {manager.py:878} INFO - 
================================================================================
DAG File Processing Stats

File Path                            PID    Runtime      # DAGs    # Errors  Last Runtime    Last Run
-----------------------------------  -----  ---------  --------  ----------  --------------  -------------------
/opt/airflow/dags/etl_clickhouse.py                           1           0  1.25s           2025-10-30T07:17:15
/opt/airflow/dags/data_ingestion.py                           1           0  1.16s           2025-10-30T07:17:11
================================================================================
[2025-10-30T07:17:49.333+0000] {manager.py:737} INFO - Searching for files in /opt/airflow/dags
[2025-10-30T07:17:49.396+0000] {manager.py:740} INFO - There are 2 files in /opt/airflow/dags
[2025-10-30T07:18:08.744+0000] {manager.py:878} INFO - 
================================================================================
DAG File Processing Stats

File Path                            PID    Runtime      # DAGs    # Errors  Last Runtime    Last Run
-----------------------------------  -----  ---------  --------  ----------  --------------  -------------------
/opt/airflow/dags/data_ingestion.py                           1           0  1.20s           2025-10-30T07:17:43
/opt/airflow/dags/etl_clickhouse.py                           1           0  1.16s           2025-10-30T07:17:47
================================================================================
[2025-10-30T07:18:39.467+0000] {manager.py:878} INFO - 
================================================================================
DAG File Processing Stats

File Path                            PID    Runtime      # DAGs    # Errors  Last Runtime    Last Run
-----------------------------------  -----  ---------  --------  ----------  --------------  -------------------
/opt/airflow/dags/etl_clickhouse.py                           1           0  1.25s           2025-10-30T07:18:19
/opt/airflow/dags/data_ingestion.py                           1           0  1.07s           2025-10-30T07:18:14
================================================================================
[2025-10-30T07:19:10.072+0000] {manager.py:878} INFO - 
================================================================================
DAG File Processing Stats

File Path                            PID    Runtime      # DAGs    # Errors  Last Runtime    Last Run
-----------------------------------  -----  ---------  --------  ----------  --------------  -------------------
/opt/airflow/dags/etl_clickhouse.py                           1           0  1.22s           2025-10-30T07:18:50
/opt/airflow/dags/data_ingestion.py                           1           0  1.13s           2025-10-30T07:18:46
================================================================================
[2025-10-30T07:19:40.694+0000] {manager.py:878} INFO - 
================================================================================
DAG File Processing Stats

File Path                            PID    Runtime      # DAGs    # Errors  Last Runtime    Last Run
-----------------------------------  -----  ---------  --------  ----------  --------------  -------------------
/opt/airflow/dags/etl_clickhouse.py                           1           0  1.42s           2025-10-30T07:19:22
/opt/airflow/dags/data_ingestion.py                           1           0  1.05s           2025-10-30T07:19:18
================================================================================
[2025-10-30T07:20:11.275+0000] {manager.py:878} INFO - 
================================================================================
DAG File Processing Stats

File Path                            PID    Runtime      # DAGs    # Errors  Last Runtime    Last Run
-----------------------------------  -----  ---------  --------  ----------  --------------  -------------------
/opt/airflow/dags/data_ingestion.py                           1           0  1.31s           2025-10-30T07:19:50
/opt/airflow/dags/etl_clickhouse.py                           1           0  1.21s           2025-10-30T07:19:54
================================================================================
[2025-10-30T07:20:41.312+0000] {manager.py:878} INFO - 
================================================================================
DAG File Processing Stats

File Path                            PID    Runtime      # DAGs    # Errors  Last Runtime    Last Run
-----------------------------------  -----  ---------  --------  ----------  --------------  -------------------
/opt/airflow/dags/etl_clickhouse.py                           1           0  1.36s           2025-10-30T07:20:26
/opt/airflow/dags/data_ingestion.py                           1           0  1.18s           2025-10-30T07:20:21
================================================================================
[2025-10-30T07:21:11.589+0000] {manager.py:878} INFO - 
================================================================================
DAG File Processing Stats

File Path                            PID    Runtime      # DAGs    # Errors  Last Runtime    Last Run
-----------------------------------  -----  ---------  --------  ----------  --------------  -------------------
/opt/airflow/dags/data_ingestion.py                           1           0  1.37s           2025-10-30T07:20:53
/opt/airflow/dags/etl_clickhouse.py                           1           0  1.18s           2025-10-30T07:20:57
================================================================================
[2025-10-30T07:21:42.339+0000] {manager.py:878} INFO - 
================================================================================
DAG File Processing Stats

File Path                            PID    Runtime      # DAGs    # Errors  Last Runtime    Last Run
-----------------------------------  -----  ---------  --------  ----------  --------------  -------------------
/opt/airflow/dags/data_ingestion.py                           1           0  1.20s           2025-10-30T07:21:25
/opt/airflow/dags/etl_clickhouse.py                           1           0  1.19s           2025-10-30T07:21:29
================================================================================
[2025-10-30T07:22:13.012+0000] {manager.py:878} INFO - 
================================================================================
DAG File Processing Stats

File Path                            PID    Runtime      # DAGs    # Errors  Last Runtime    Last Run
-----------------------------------  -----  ---------  --------  ----------  --------------  -------------------
/opt/airflow/dags/etl_clickhouse.py                           1           0  1.15s           2025-10-30T07:22:00
/opt/airflow/dags/data_ingestion.py                           1           0  1.08s           2025-10-30T07:21:56
================================================================================
[2025-10-30T07:22:43.612+0000] {manager.py:878} INFO - 
================================================================================
DAG File Processing Stats

File Path                            PID    Runtime      # DAGs    # Errors  Last Runtime    Last Run
-----------------------------------  -----  ---------  --------  ----------  --------------  -------------------
/opt/airflow/dags/etl_clickhouse.py                           1           0  1.20s           2025-10-30T07:22:32
/opt/airflow/dags/data_ingestion.py                           1           0  1.07s           2025-10-30T07:22:28
================================================================================
[2025-10-30T07:22:49.707+0000] {manager.py:737} INFO - Searching for files in /opt/airflow/dags
[2025-10-30T07:22:49.813+0000] {manager.py:740} INFO - There are 2 files in /opt/airflow/dags
[2025-10-30T07:23:14.330+0000] {manager.py:878} INFO - 
================================================================================
DAG File Processing Stats

File Path                            PID    Runtime      # DAGs    # Errors  Last Runtime    Last Run
-----------------------------------  -----  ---------  --------  ----------  --------------  -------------------
/opt/airflow/dags/data_ingestion.py                           1           0  1.25s           2025-10-30T07:23:00
/opt/airflow/dags/etl_clickhouse.py                           1           0  1.12s           2025-10-30T07:23:04
================================================================================
[2025-10-30T07:23:45.106+0000] {manager.py:878} INFO - 
================================================================================
DAG File Processing Stats

File Path                            PID    Runtime      # DAGs    # Errors  Last Runtime    Last Run
-----------------------------------  -----  ---------  --------  ----------  --------------  -------------------
/opt/airflow/dags/etl_clickhouse.py                           1           0  1.32s           2025-10-30T07:23:36
/opt/airflow/dags/data_ingestion.py                           1           0  1.27s           2025-10-30T07:23:31
================================================================================
[2025-10-30T07:24:15.139+0000] {manager.py:878} INFO - 
================================================================================
DAG File Processing Stats

File Path                            PID    Runtime      # DAGs    # Errors  Last Runtime    Last Run
-----------------------------------  -----  ---------  --------  ----------  --------------  -------------------
/opt/airflow/dags/etl_clickhouse.py                           1           0  1.35s           2025-10-30T07:24:08
/opt/airflow/dags/data_ingestion.py                           1           0  1.16s           2025-10-30T07:24:03
================================================================================
[2025-10-30T07:24:45.665+0000] {manager.py:878} INFO - 
================================================================================
DAG File Processing Stats

File Path                            PID    Runtime      # DAGs    # Errors  Last Runtime    Last Run
-----------------------------------  -----  ---------  --------  ----------  --------------  -------------------
/opt/airflow/dags/etl_clickhouse.py                           1           0  1.52s           2025-10-30T07:24:40
/opt/airflow/dags/data_ingestion.py                           1           0  1.35s           2025-10-30T07:24:35
================================================================================
[2025-10-30T07:25:16.520+0000] {manager.py:878} INFO - 
================================================================================
DAG File Processing Stats

File Path                            PID    Runtime      # DAGs    # Errors  Last Runtime    Last Run
-----------------------------------  -----  ---------  --------  ----------  --------------  -------------------
/opt/airflow/dags/etl_clickhouse.py                           1           0  1.35s           2025-10-30T07:25:11
/opt/airflow/dags/data_ingestion.py                           1           0  1.28s           2025-10-30T07:25:07
================================================================================
[2025-10-30T07:25:47.143+0000] {manager.py:878} INFO - 
================================================================================
DAG File Processing Stats

File Path                            PID    Runtime      # DAGs    # Errors  Last Runtime    Last Run
-----------------------------------  -----  ---------  --------  ----------  --------------  -------------------
/opt/airflow/dags/data_ingestion.py                           1           0  1.43s           2025-10-30T07:25:39
/opt/airflow/dags/etl_clickhouse.py                           1           0  1.26s           2025-10-30T07:25:43
================================================================================
[2025-10-30T07:26:17.860+0000] {manager.py:878} INFO - 
================================================================================
DAG File Processing Stats

File Path                            PID    Runtime      # DAGs    # Errors  Last Runtime    Last Run
-----------------------------------  -----  ---------  --------  ----------  --------------  -------------------
/opt/airflow/dags/etl_clickhouse.py                           1           0  1.15s           2025-10-30T07:26:14
/opt/airflow/dags/data_ingestion.py                           1           0  1.13s           2025-10-30T07:26:10
================================================================================
[2025-10-30T07:26:48.486+0000] {manager.py:878} INFO - 
================================================================================
DAG File Processing Stats

File Path                            PID    Runtime      # DAGs    # Errors  Last Runtime    Last Run
-----------------------------------  -----  ---------  --------  ----------  --------------  -------------------
/opt/airflow/dags/data_ingestion.py                           1           0  1.31s           2025-10-30T07:26:42
/opt/airflow/dags/etl_clickhouse.py                           1           0  1.20s           2025-10-30T07:26:46
================================================================================
[2025-10-30T07:27:18.552+0000] {manager.py:878} INFO - 
================================================================================
DAG File Processing Stats

File Path                            PID    Runtime      # DAGs    # Errors  Last Runtime    Last Run
-----------------------------------  -----  ---------  --------  ----------  --------------  -------------------
/opt/airflow/dags/data_ingestion.py                           1           0  1.44s           2025-10-30T07:27:14
/opt/airflow/dags/etl_clickhouse.py                           1           0  1.36s           2025-10-30T07:27:18
================================================================================
[2025-10-30T07:27:49.125+0000] {manager.py:878} INFO - 
================================================================================
DAG File Processing Stats

File Path                              PID  Runtime      # DAGs    # Errors  Last Runtime    Last Run
-----------------------------------  -----  ---------  --------  ----------  --------------  -------------------
/opt/airflow/dags/etl_clickhouse.py  10310  0.01s             1           0  1.36s           2025-10-30T07:27:18
/opt/airflow/dags/data_ingestion.py                           1           0  1.13s           2025-10-30T07:27:46
================================================================================
[2025-10-30T07:27:50.135+0000] {manager.py:737} INFO - Searching for files in /opt/airflow/dags
[2025-10-30T07:27:50.210+0000] {manager.py:740} INFO - There are 2 files in /opt/airflow/dags
[2025-10-30T07:28:19.900+0000] {manager.py:878} INFO - 
================================================================================
DAG File Processing Stats

File Path                            PID    Runtime      # DAGs    # Errors  Last Runtime    Last Run
-----------------------------------  -----  ---------  --------  ----------  --------------  -------------------
/opt/airflow/dags/etl_clickhouse.py                           1           0  1.52s           2025-10-30T07:27:50
/opt/airflow/dags/data_ingestion.py                           1           0  1.12s           2025-10-30T07:28:17
================================================================================
[2025-10-30T07:28:50.616+0000] {manager.py:878} INFO - 
================================================================================
DAG File Processing Stats

File Path                            PID    Runtime      # DAGs    # Errors  Last Runtime    Last Run
-----------------------------------  -----  ---------  --------  ----------  --------------  -------------------
/opt/airflow/dags/etl_clickhouse.py                           1           0  1.18s           2025-10-30T07:28:22
/opt/airflow/dags/data_ingestion.py                           1           0  1.09s           2025-10-30T07:28:49
================================================================================
[2025-10-30T07:29:21.231+0000] {manager.py:878} INFO - 
================================================================================
DAG File Processing Stats

File Path                              PID  Runtime      # DAGs    # Errors  Last Runtime    Last Run
-----------------------------------  -----  ---------  --------  ----------  --------------  -------------------
/opt/airflow/dags/etl_clickhouse.py                           1           0  1.36s           2025-10-30T07:28:54
/opt/airflow/dags/data_ingestion.py  10340  1.02s             1           0  1.09s           2025-10-30T07:28:49
================================================================================
[2025-10-30T07:29:51.852+0000] {manager.py:878} INFO - 
================================================================================
DAG File Processing Stats

File Path                              PID  Runtime      # DAGs    # Errors  Last Runtime    Last Run
-----------------------------------  -----  ---------  --------  ----------  --------------  -------------------
/opt/airflow/dags/etl_clickhouse.py                           1           0  1.22s           2025-10-30T07:29:25
/opt/airflow/dags/data_ingestion.py  10352  0.01s             1           0  1.06s           2025-10-30T07:29:21
================================================================================
[2025-10-30T07:30:22.433+0000] {manager.py:878} INFO - 
================================================================================
DAG File Processing Stats

File Path                            PID    Runtime      # DAGs    # Errors  Last Runtime    Last Run
-----------------------------------  -----  ---------  --------  ----------  --------------  -------------------
/opt/airflow/dags/etl_clickhouse.py                           1           0  1.44s           2025-10-30T07:29:57
/opt/airflow/dags/data_ingestion.py                           1           0  1.10s           2025-10-30T07:29:52
================================================================================
[2025-10-30T07:30:53.185+0000] {manager.py:878} INFO - 
================================================================================
DAG File Processing Stats

File Path                            PID    Runtime      # DAGs    # Errors  Last Runtime    Last Run
-----------------------------------  -----  ---------  --------  ----------  --------------  -------------------
/opt/airflow/dags/etl_clickhouse.py                           1           0  1.18s           2025-10-30T07:30:28
/opt/airflow/dags/data_ingestion.py                           1           0  1.15s           2025-10-30T07:30:24
================================================================================
[2025-10-30T07:31:23.221+0000] {manager.py:878} INFO - 
================================================================================
DAG File Processing Stats

File Path                            PID    Runtime      # DAGs    # Errors  Last Runtime    Last Run
-----------------------------------  -----  ---------  --------  ----------  --------------  -------------------
/opt/airflow/dags/etl_clickhouse.py                           1           0  1.41s           2025-10-30T07:31:00
/opt/airflow/dags/data_ingestion.py                           1           0  1.08s           2025-10-30T07:30:56
================================================================================
[2025-10-30T07:31:53.524+0000] {manager.py:878} INFO - 
================================================================================
DAG File Processing Stats

File Path                            PID    Runtime      # DAGs    # Errors  Last Runtime    Last Run
-----------------------------------  -----  ---------  --------  ----------  --------------  -------------------
/opt/airflow/dags/etl_clickhouse.py                           1           0  1.15s           2025-10-30T07:31:32
/opt/airflow/dags/data_ingestion.py                           1           0  1.04s           2025-10-30T07:31:27
================================================================================
[2025-10-30T07:32:24.346+0000] {manager.py:878} INFO - 
================================================================================
DAG File Processing Stats

File Path                            PID    Runtime      # DAGs    # Errors  Last Runtime    Last Run
-----------------------------------  -----  ---------  --------  ----------  --------------  -------------------
/opt/airflow/dags/data_ingestion.py                           1           0  1.16s           2025-10-30T07:31:59
/opt/airflow/dags/etl_clickhouse.py                           1           0  1.12s           2025-10-30T07:32:03
================================================================================
[2025-10-30T07:32:50.941+0000] {manager.py:737} INFO - Searching for files in /opt/airflow/dags
[2025-10-30T07:32:51.096+0000] {manager.py:740} INFO - There are 2 files in /opt/airflow/dags
[2025-10-30T07:32:55.226+0000] {manager.py:878} INFO - 
================================================================================
DAG File Processing Stats

File Path                            PID    Runtime      # DAGs    # Errors  Last Runtime    Last Run
-----------------------------------  -----  ---------  --------  ----------  --------------  -------------------
/opt/airflow/dags/etl_clickhouse.py                           1           0  1.14s           2025-10-30T07:32:35
/opt/airflow/dags/data_ingestion.py                           1           0  1.09s           2025-10-30T07:32:31
================================================================================
[2025-10-30T07:33:25.979+0000] {manager.py:878} INFO - 
================================================================================
DAG File Processing Stats

File Path                            PID    Runtime      # DAGs    # Errors  Last Runtime    Last Run
-----------------------------------  -----  ---------  --------  ----------  --------------  -------------------
/opt/airflow/dags/etl_clickhouse.py                           1           0  1.14s           2025-10-30T07:33:07
/opt/airflow/dags/data_ingestion.py                           1           0  1.13s           2025-10-30T07:33:03
================================================================================
[2025-10-30T07:33:56.631+0000] {manager.py:878} INFO - 
================================================================================
DAG File Processing Stats

File Path                            PID    Runtime      # DAGs    # Errors  Last Runtime    Last Run
-----------------------------------  -----  ---------  --------  ----------  --------------  -------------------
/opt/airflow/dags/etl_clickhouse.py                           1           0  1.36s           2025-10-30T07:33:39
/opt/airflow/dags/data_ingestion.py                           1           0  1.04s           2025-10-30T07:33:35
================================================================================
[2025-10-30T07:34:27.269+0000] {manager.py:878} INFO - 
================================================================================
DAG File Processing Stats

File Path                            PID    Runtime      # DAGs    # Errors  Last Runtime    Last Run
-----------------------------------  -----  ---------  --------  ----------  --------------  -------------------
/opt/airflow/dags/etl_clickhouse.py                           1           0  1.24s           2025-10-30T07:34:11
/opt/airflow/dags/data_ingestion.py                           1           0  1.10s           2025-10-30T07:34:06
================================================================================
[2025-10-30T07:34:57.924+0000] {manager.py:878} INFO - 
================================================================================
DAG File Processing Stats

File Path                            PID    Runtime      # DAGs    # Errors  Last Runtime    Last Run
-----------------------------------  -----  ---------  --------  ----------  --------------  -------------------
/opt/airflow/dags/etl_clickhouse.py                           1           0  1.28s           2025-10-30T07:34:42
/opt/airflow/dags/data_ingestion.py                           1           0  1.05s           2025-10-30T07:34:38
================================================================================
[2025-10-30T07:35:28.602+0000] {manager.py:878} INFO - 
================================================================================
DAG File Processing Stats

File Path                            PID    Runtime      # DAGs    # Errors  Last Runtime    Last Run
-----------------------------------  -----  ---------  --------  ----------  --------------  -------------------
/opt/airflow/dags/etl_clickhouse.py                           1           0  1.22s           2025-10-30T07:35:14
/opt/airflow/dags/data_ingestion.py                           1           0  1.09s           2025-10-30T07:35:10
================================================================================
[2025-10-30T07:35:59.166+0000] {manager.py:878} INFO - 
================================================================================
DAG File Processing Stats

File Path                            PID    Runtime      # DAGs    # Errors  Last Runtime    Last Run
-----------------------------------  -----  ---------  --------  ----------  --------------  -------------------
/opt/airflow/dags/etl_clickhouse.py                           1           0  1.20s           2025-10-30T07:35:46
/opt/airflow/dags/data_ingestion.py                           1           0  1.12s           2025-10-30T07:35:41
================================================================================
[2025-10-30T07:36:29.786+0000] {manager.py:878} INFO - 
================================================================================
DAG File Processing Stats

File Path                            PID    Runtime      # DAGs    # Errors  Last Runtime    Last Run
-----------------------------------  -----  ---------  --------  ----------  --------------  -------------------
/opt/airflow/dags/etl_clickhouse.py                           1           0  1.21s           2025-10-30T07:36:17
/opt/airflow/dags/data_ingestion.py                           1           0  1.17s           2025-10-30T07:36:13
================================================================================
[2025-10-30T07:36:59.920+0000] {manager.py:878} INFO - 
================================================================================
DAG File Processing Stats

File Path                            PID    Runtime      # DAGs    # Errors  Last Runtime    Last Run
-----------------------------------  -----  ---------  --------  ----------  --------------  -------------------
/opt/airflow/dags/etl_clickhouse.py                           1           0  1.53s           2025-10-30T07:36:49
/opt/airflow/dags/data_ingestion.py                           1           0  1.36s           2025-10-30T07:36:45
================================================================================
[2025-10-30T07:37:30.394+0000] {manager.py:878} INFO - 
================================================================================
DAG File Processing Stats

File Path                            PID    Runtime      # DAGs    # Errors  Last Runtime    Last Run
-----------------------------------  -----  ---------  --------  ----------  --------------  -------------------
/opt/airflow/dags/etl_clickhouse.py                           1           0  1.54s           2025-10-30T07:37:21
/opt/airflow/dags/data_ingestion.py                           1           0  1.15s           2025-10-30T07:37:17
================================================================================
[2025-10-30T07:37:51.768+0000] {manager.py:737} INFO - Searching for files in /opt/airflow/dags
[2025-10-30T07:37:51.888+0000] {manager.py:740} INFO - There are 2 files in /opt/airflow/dags
[2025-10-30T07:38:01.124+0000] {manager.py:878} INFO - 
================================================================================
DAG File Processing Stats

File Path                            PID    Runtime      # DAGs    # Errors  Last Runtime    Last Run
-----------------------------------  -----  ---------  --------  ----------  --------------  -------------------
/opt/airflow/dags/etl_clickhouse.py                           1           0  1.11s           2025-10-30T07:37:53
/opt/airflow/dags/data_ingestion.py                           1           0  1.08s           2025-10-30T07:37:48
================================================================================
[2025-10-30T07:38:31.779+0000] {manager.py:878} INFO - 
================================================================================
DAG File Processing Stats

File Path                            PID    Runtime      # DAGs    # Errors  Last Runtime    Last Run
-----------------------------------  -----  ---------  --------  ----------  --------------  -------------------
/opt/airflow/dags/etl_clickhouse.py                           1           0  1.21s           2025-10-30T07:38:24
/opt/airflow/dags/data_ingestion.py                           1           0  1.09s           2025-10-30T07:38:20
================================================================================
[2025-10-30T07:39:01.892+0000] {manager.py:878} INFO - 
================================================================================
DAG File Processing Stats

File Path                            PID    Runtime      # DAGs    # Errors  Last Runtime    Last Run
-----------------------------------  -----  ---------  --------  ----------  --------------  -------------------
/opt/airflow/dags/etl_clickhouse.py                           1           0  1.47s           2025-10-30T07:38:56
/opt/airflow/dags/data_ingestion.py                           1           0  1.22s           2025-10-30T07:38:52
================================================================================
[2025-10-30T07:39:32.347+0000] {manager.py:878} INFO - 
================================================================================
DAG File Processing Stats

File Path                            PID    Runtime      # DAGs    # Errors  Last Runtime    Last Run
-----------------------------------  -----  ---------  --------  ----------  --------------  -------------------
/opt/airflow/dags/data_ingestion.py                           1           0  1.26s           2025-10-30T07:39:24
/opt/airflow/dags/etl_clickhouse.py                           1           0  1.20s           2025-10-30T07:39:28
================================================================================
[2025-10-30T07:40:03.028+0000] {manager.py:878} INFO - 
================================================================================
DAG File Processing Stats

File Path                            PID    Runtime      # DAGs    # Errors  Last Runtime    Last Run
-----------------------------------  -----  ---------  --------  ----------  --------------  -------------------
/opt/airflow/dags/etl_clickhouse.py                           1           0  1.22s           2025-10-30T07:40:00
/opt/airflow/dags/data_ingestion.py                           1           0  1.09s           2025-10-30T07:39:55
================================================================================
[2025-10-30T07:40:33.728+0000] {manager.py:878} INFO - 
================================================================================
DAG File Processing Stats

File Path                            PID    Runtime      # DAGs    # Errors  Last Runtime    Last Run
-----------------------------------  -----  ---------  --------  ----------  --------------  -------------------
/opt/airflow/dags/etl_clickhouse.py                           1           0  1.28s           2025-10-30T07:40:31
/opt/airflow/dags/data_ingestion.py                           1           0  1.05s           2025-10-30T07:40:27
================================================================================
[2025-10-30T07:41:04.394+0000] {manager.py:878} INFO - 
================================================================================
DAG File Processing Stats

File Path                            PID    Runtime      # DAGs    # Errors  Last Runtime    Last Run
-----------------------------------  -----  ---------  --------  ----------  --------------  -------------------
/opt/airflow/dags/etl_clickhouse.py                           1           0  1.18s           2025-10-30T07:41:03
/opt/airflow/dags/data_ingestion.py                           1           0  1.03s           2025-10-30T07:40:59
================================================================================
[2025-10-30T07:41:34.969+0000] {manager.py:878} INFO - 
================================================================================
DAG File Processing Stats

File Path                              PID  Runtime      # DAGs    # Errors  Last Runtime    Last Run
-----------------------------------  -----  ---------  --------  ----------  --------------  -------------------
/opt/airflow/dags/etl_clickhouse.py  10622  1.02s             1           0  1.18s           2025-10-30T07:41:03
/opt/airflow/dags/data_ingestion.py                           1           0  1.07s           2025-10-30T07:41:30
================================================================================
[2025-10-30T07:42:05.679+0000] {manager.py:878} INFO - 
================================================================================
DAG File Processing Stats

File Path                              PID  Runtime      # DAGs    # Errors  Last Runtime    Last Run
-----------------------------------  -----  ---------  --------  ----------  --------------  -------------------
/opt/airflow/dags/etl_clickhouse.py  10634  0.01s             1           0  1.11s           2025-10-30T07:41:35
/opt/airflow/dags/data_ingestion.py                           1           0  1.10s           2025-10-30T07:42:02
================================================================================
[2025-10-30T07:42:36.361+0000] {manager.py:878} INFO - 
================================================================================
DAG File Processing Stats

File Path                            PID    Runtime      # DAGs    # Errors  Last Runtime    Last Run
-----------------------------------  -----  ---------  --------  ----------  --------------  -------------------
/opt/airflow/dags/etl_clickhouse.py                           1           0  1.18s           2025-10-30T07:42:06
/opt/airflow/dags/data_ingestion.py                           1           0  1.07s           2025-10-30T07:42:34
================================================================================
[2025-10-30T07:42:51.946+0000] {manager.py:737} INFO - Searching for files in /opt/airflow/dags
[2025-10-30T07:42:52.033+0000] {manager.py:740} INFO - There are 2 files in /opt/airflow/dags
[2025-10-30T07:43:06.949+0000] {manager.py:878} INFO - 
================================================================================
DAG File Processing Stats

File Path                            PID    Runtime      # DAGs    # Errors  Last Runtime    Last Run
-----------------------------------  -----  ---------  --------  ----------  --------------  -------------------
/opt/airflow/dags/etl_clickhouse.py                           1           0  1.34s           2025-10-30T07:42:38
/opt/airflow/dags/data_ingestion.py                           1           0  1.14s           2025-10-30T07:43:06
================================================================================
[2025-10-30T07:43:37.686+0000] {manager.py:878} INFO - 
================================================================================
DAG File Processing Stats

File Path                              PID  Runtime      # DAGs    # Errors  Last Runtime    Last Run
-----------------------------------  -----  ---------  --------  ----------  --------------  -------------------
/opt/airflow/dags/etl_clickhouse.py                           1           0  1.24s           2025-10-30T07:43:10
/opt/airflow/dags/data_ingestion.py  10664  1.03s             1           0  1.14s           2025-10-30T07:43:06
================================================================================
[2025-10-30T07:44:08.478+0000] {manager.py:878} INFO - 
================================================================================
DAG File Processing Stats

File Path                              PID  Runtime      # DAGs    # Errors  Last Runtime    Last Run
-----------------------------------  -----  ---------  --------  ----------  --------------  -------------------
/opt/airflow/dags/data_ingestion.py  10676  0.01s             1           0  1.25s           2025-10-30T07:43:37
/opt/airflow/dags/etl_clickhouse.py                           1           0  1.22s           2025-10-30T07:43:42
================================================================================
[2025-10-30T07:44:38.656+0000] {manager.py:878} INFO - 
================================================================================
DAG File Processing Stats

File Path                            PID    Runtime      # DAGs    # Errors  Last Runtime    Last Run
-----------------------------------  -----  ---------  --------  ----------  --------------  -------------------
/opt/airflow/dags/etl_clickhouse.py                           1           0  1.59s           2025-10-30T07:44:14
/opt/airflow/dags/data_ingestion.py                           1           0  1.31s           2025-10-30T07:44:09
================================================================================
[2025-10-30T07:45:09.043+0000] {manager.py:878} INFO - 
================================================================================
DAG File Processing Stats

File Path                            PID    Runtime      # DAGs    # Errors  Last Runtime    Last Run
-----------------------------------  -----  ---------  --------  ----------  --------------  -------------------
/opt/airflow/dags/etl_clickhouse.py                           1           0  1.11s           2025-10-30T07:44:45
/opt/airflow/dags/data_ingestion.py                           1           0  1.08s           2025-10-30T07:44:41
================================================================================
[2025-10-30T07:45:39.706+0000] {manager.py:878} INFO - 
================================================================================
DAG File Processing Stats

File Path                            PID    Runtime      # DAGs    # Errors  Last Runtime    Last Run
-----------------------------------  -----  ---------  --------  ----------  --------------  -------------------
/opt/airflow/dags/data_ingestion.py                           1           0  1.38s           2025-10-30T07:45:13
/opt/airflow/dags/etl_clickhouse.py                           1           0  1.17s           2025-10-30T07:45:17
================================================================================
[2025-10-30T07:46:10.390+0000] {manager.py:878} INFO - 
================================================================================
DAG File Processing Stats

File Path                            PID    Runtime      # DAGs    # Errors  Last Runtime    Last Run
-----------------------------------  -----  ---------  --------  ----------  --------------  -------------------
/opt/airflow/dags/etl_clickhouse.py                           1           0  1.23s           2025-10-30T07:45:49
/opt/airflow/dags/data_ingestion.py                           1           0  1.08s           2025-10-30T07:45:44
================================================================================
[2025-10-30T07:46:41.200+0000] {manager.py:878} INFO - 
================================================================================
DAG File Processing Stats

File Path                            PID    Runtime      # DAGs    # Errors  Last Runtime    Last Run
-----------------------------------  -----  ---------  --------  ----------  --------------  -------------------
/opt/airflow/dags/data_ingestion.py                           1           0  1.22s           2025-10-30T07:46:16
/opt/airflow/dags/etl_clickhouse.py                           1           0  1.09s           2025-10-30T07:46:20
================================================================================
[2025-10-30T07:47:11.904+0000] {manager.py:878} INFO - 
================================================================================
DAG File Processing Stats

File Path                            PID    Runtime      # DAGs    # Errors  Last Runtime    Last Run
-----------------------------------  -----  ---------  --------  ----------  --------------  -------------------
/opt/airflow/dags/etl_clickhouse.py                           1           0  1.20s           2025-10-30T07:46:52
/opt/airflow/dags/data_ingestion.py                           1           0  1.06s           2025-10-30T07:46:48
================================================================================
[2025-10-30T07:47:42.627+0000] {manager.py:878} INFO - 
================================================================================
DAG File Processing Stats

File Path                            PID    Runtime      # DAGs    # Errors  Last Runtime    Last Run
-----------------------------------  -----  ---------  --------  ----------  --------------  -------------------
/opt/airflow/dags/etl_clickhouse.py                           1           0  1.28s           2025-10-30T07:47:24
/opt/airflow/dags/data_ingestion.py                           1           0  1.19s           2025-10-30T07:47:20
================================================================================
[2025-10-30T07:47:51.988+0000] {manager.py:737} INFO - Searching for files in /opt/airflow/dags
[2025-10-30T07:47:52.079+0000] {manager.py:740} INFO - There are 2 files in /opt/airflow/dags
[2025-10-30T07:48:13.313+0000] {manager.py:878} INFO - 
================================================================================
DAG File Processing Stats

File Path                            PID    Runtime      # DAGs    # Errors  Last Runtime    Last Run
-----------------------------------  -----  ---------  --------  ----------  --------------  -------------------
/opt/airflow/dags/data_ingestion.py                           1           0  1.32s           2025-10-30T07:47:52
/opt/airflow/dags/etl_clickhouse.py                           1           0  1.19s           2025-10-30T07:47:56
================================================================================
[2025-10-30T07:48:44.021+0000] {manager.py:878} INFO - 
================================================================================
DAG File Processing Stats

File Path                            PID    Runtime      # DAGs    # Errors  Last Runtime    Last Run
-----------------------------------  -----  ---------  --------  ----------  --------------  -------------------
/opt/airflow/dags/etl_clickhouse.py                           1           0  1.34s           2025-10-30T07:48:28
/opt/airflow/dags/data_ingestion.py                           1           0  1.11s           2025-10-30T07:48:23
================================================================================
[2025-10-30T07:49:14.370+0000] {manager.py:878} INFO - 
================================================================================
DAG File Processing Stats

File Path                            PID    Runtime      # DAGs    # Errors  Last Runtime    Last Run
-----------------------------------  -----  ---------  --------  ----------  --------------  -------------------
/opt/airflow/dags/etl_clickhouse.py                           1           0  1.59s           2025-10-30T07:49:00
/opt/airflow/dags/data_ingestion.py                           1           0  1.32s           2025-10-30T07:48:55
================================================================================
[2025-10-30T07:49:44.459+0000] {manager.py:878} INFO - 
================================================================================
DAG File Processing Stats

File Path                            PID    Runtime      # DAGs    # Errors  Last Runtime    Last Run
-----------------------------------  -----  ---------  --------  ----------  --------------  -------------------
/opt/airflow/dags/etl_clickhouse.py                           1           0  1.39s           2025-10-30T07:49:31
/opt/airflow/dags/data_ingestion.py                           1           0  1.10s           2025-10-30T07:49:27
================================================================================
[2025-10-30T07:50:15.122+0000] {manager.py:878} INFO - 
================================================================================
DAG File Processing Stats

File Path                            PID    Runtime      # DAGs    # Errors  Last Runtime    Last Run
-----------------------------------  -----  ---------  --------  ----------  --------------  -------------------
/opt/airflow/dags/etl_clickhouse.py                           1           0  1.15s           2025-10-30T07:50:02
/opt/airflow/dags/data_ingestion.py                           1           0  1.10s           2025-10-30T07:49:58
================================================================================
[2025-10-30T07:50:45.139+0000] {manager.py:878} INFO - 
================================================================================
DAG File Processing Stats

File Path                            PID    Runtime      # DAGs    # Errors  Last Runtime    Last Run
-----------------------------------  -----  ---------  --------  ----------  --------------  -------------------
/opt/airflow/dags/etl_clickhouse.py                           1           0  1.38s           2025-10-30T07:50:34
/opt/airflow/dags/data_ingestion.py                           1           0  1.14s           2025-10-30T07:50:30
================================================================================
[2025-10-30T07:51:15.495+0000] {manager.py:878} INFO - 
================================================================================
DAG File Processing Stats

File Path                            PID    Runtime      # DAGs    # Errors  Last Runtime    Last Run
-----------------------------------  -----  ---------  --------  ----------  --------------  -------------------
/opt/airflow/dags/etl_clickhouse.py                           1           0  1.20s           2025-10-30T07:51:06
/opt/airflow/dags/data_ingestion.py                           1           0  1.11s           2025-10-30T07:51:02
================================================================================
[2025-10-30T07:51:46.282+0000] {manager.py:878} INFO - 
================================================================================
DAG File Processing Stats

File Path                            PID    Runtime      # DAGs    # Errors  Last Runtime    Last Run
-----------------------------------  -----  ---------  --------  ----------  --------------  -------------------
/opt/airflow/dags/etl_clickhouse.py                           1           0  1.29s           2025-10-30T07:51:38
/opt/airflow/dags/data_ingestion.py                           1           0  1.16s           2025-10-30T07:51:34
================================================================================
[2025-10-30T07:52:16.977+0000] {manager.py:878} INFO - 
================================================================================
DAG File Processing Stats

File Path                            PID    Runtime      # DAGs    # Errors  Last Runtime    Last Run
-----------------------------------  -----  ---------  --------  ----------  --------------  -------------------
/opt/airflow/dags/etl_clickhouse.py                           1           0  1.13s           2025-10-30T07:52:09
/opt/airflow/dags/data_ingestion.py                           1           0  1.03s           2025-10-30T07:52:05
================================================================================
[2025-10-30T07:52:47.611+0000] {manager.py:878} INFO - 
================================================================================
DAG File Processing Stats

File Path                            PID    Runtime      # DAGs    # Errors  Last Runtime    Last Run
-----------------------------------  -----  ---------  --------  ----------  --------------  -------------------
/opt/airflow/dags/data_ingestion.py                           1           0  1.42s           2025-10-30T07:52:37
/opt/airflow/dags/etl_clickhouse.py                           1           0  1.28s           2025-10-30T07:52:41
================================================================================
[2025-10-30T07:52:52.692+0000] {manager.py:737} INFO - Searching for files in /opt/airflow/dags
[2025-10-30T07:52:52.811+0000] {manager.py:740} INFO - There are 2 files in /opt/airflow/dags
[2025-10-30T07:53:18.462+0000] {manager.py:878} INFO - 
================================================================================
DAG File Processing Stats

File Path                            PID    Runtime      # DAGs    # Errors  Last Runtime    Last Run
-----------------------------------  -----  ---------  --------  ----------  --------------  -------------------
/opt/airflow/dags/etl_clickhouse.py                           1           0  1.14s           2025-10-30T07:53:13
/opt/airflow/dags/data_ingestion.py                           1           0  1.13s           2025-10-30T07:53:09
================================================================================
[2025-10-30T07:53:49.161+0000] {manager.py:878} INFO - 
================================================================================
DAG File Processing Stats

File Path                            PID    Runtime      # DAGs    # Errors  Last Runtime    Last Run
-----------------------------------  -----  ---------  --------  ----------  --------------  -------------------
/opt/airflow/dags/data_ingestion.py                           1           0  1.11s           2025-10-30T07:53:41
/opt/airflow/dags/etl_clickhouse.py                           1           0  1.08s           2025-10-30T07:53:45
================================================================================
[2025-10-30T07:54:19.785+0000] {manager.py:878} INFO - 
================================================================================
DAG File Processing Stats

File Path                            PID    Runtime      # DAGs    # Errors  Last Runtime    Last Run
-----------------------------------  -----  ---------  --------  ----------  --------------  -------------------
/opt/airflow/dags/data_ingestion.py                           1           0  1.38s           2025-10-30T07:54:12
/opt/airflow/dags/etl_clickhouse.py                           1           0  1.29s           2025-10-30T07:54:17
================================================================================
[2025-10-30T07:54:50.453+0000] {manager.py:878} INFO - 
================================================================================
DAG File Processing Stats

File Path                            PID    Runtime      # DAGs    # Errors  Last Runtime    Last Run
-----------------------------------  -----  ---------  --------  ----------  --------------  -------------------
/opt/airflow/dags/etl_clickhouse.py                           1           0  1.13s           2025-10-30T07:54:48
/opt/airflow/dags/data_ingestion.py                           1           0  1.07s           2025-10-30T07:54:44
================================================================================
[2025-10-30T07:55:21.026+0000] {manager.py:878} INFO - 
================================================================================
DAG File Processing Stats

File Path                            PID    Runtime      # DAGs    # Errors  Last Runtime    Last Run
-----------------------------------  -----  ---------  --------  ----------  --------------  -------------------
/opt/airflow/dags/etl_clickhouse.py                           1           0  1.29s           2025-10-30T07:55:20
/opt/airflow/dags/data_ingestion.py                           1           0  1.05s           2025-10-30T07:55:15
================================================================================
[2025-10-30T07:55:51.690+0000] {manager.py:878} INFO - 
================================================================================
DAG File Processing Stats

File Path                              PID  Runtime      # DAGs    # Errors  Last Runtime    Last Run
-----------------------------------  -----  ---------  --------  ----------  --------------  -------------------
/opt/airflow/dags/etl_clickhouse.py  10946  1.03s             1           0  1.29s           2025-10-30T07:55:20
/opt/airflow/dags/data_ingestion.py                           1           0  1.07s           2025-10-30T07:55:47
================================================================================
[2025-10-30T07:56:22.348+0000] {manager.py:878} INFO - 
================================================================================
DAG File Processing Stats

File Path                              PID  Runtime      # DAGs    # Errors  Last Runtime    Last Run
-----------------------------------  -----  ---------  --------  ----------  --------------  -------------------
/opt/airflow/dags/etl_clickhouse.py  10958  0.02s             1           0  1.19s           2025-10-30T07:55:51
/opt/airflow/dags/data_ingestion.py                           1           0  1.03s           2025-10-30T07:56:19
================================================================================
[2025-10-30T07:56:52.905+0000] {manager.py:878} INFO - 
================================================================================
DAG File Processing Stats

File Path                            PID    Runtime      # DAGs    # Errors  Last Runtime    Last Run
-----------------------------------  -----  ---------  --------  ----------  --------------  -------------------
/opt/airflow/dags/etl_clickhouse.py                           1           0  1.26s           2025-10-30T07:56:23
/opt/airflow/dags/data_ingestion.py                           1           0  1.08s           2025-10-30T07:56:50
================================================================================
[2025-10-30T07:57:23.583+0000] {manager.py:878} INFO - 
================================================================================
DAG File Processing Stats

File Path                            PID    Runtime      # DAGs    # Errors  Last Runtime    Last Run
-----------------------------------  -----  ---------  --------  ----------  --------------  -------------------
/opt/airflow/dags/etl_clickhouse.py                           1           0  1.27s           2025-10-30T07:56:55
/opt/airflow/dags/data_ingestion.py                           1           0  1.08s           2025-10-30T07:57:22
================================================================================
[2025-10-30T07:57:53.141+0000] {manager.py:737} INFO - Searching for files in /opt/airflow/dags
[2025-10-30T07:57:53.321+0000] {manager.py:740} INFO - There are 2 files in /opt/airflow/dags
[2025-10-30T07:57:54.449+0000] {manager.py:878} INFO - 
================================================================================
DAG File Processing Stats

File Path                              PID  Runtime      # DAGs    # Errors  Last Runtime    Last Run
-----------------------------------  -----  ---------  --------  ----------  --------------  -------------------
/opt/airflow/dags/etl_clickhouse.py                           1           0  1.17s           2025-10-30T07:57:26
/opt/airflow/dags/data_ingestion.py  10988  1.03s             1           0  1.08s           2025-10-30T07:57:22
================================================================================
[2025-10-30T07:58:25.128+0000] {manager.py:878} INFO - 
================================================================================
DAG File Processing Stats

File Path                              PID  Runtime      # DAGs    # Errors  Last Runtime    Last Run
-----------------------------------  -----  ---------  --------  ----------  --------------  -------------------
/opt/airflow/dags/etl_clickhouse.py                           1           0  1.11s           2025-10-30T07:57:58
/opt/airflow/dags/data_ingestion.py  11000  0.02s             1           0  1.07s           2025-10-30T07:57:54
================================================================================
[2025-10-30T07:58:55.791+0000] {manager.py:878} INFO - 
================================================================================
DAG File Processing Stats

File Path                            PID    Runtime      # DAGs    # Errors  Last Runtime    Last Run
-----------------------------------  -----  ---------  --------  ----------  --------------  -------------------
/opt/airflow/dags/etl_clickhouse.py                           1           0  1.12s           2025-10-30T07:58:30
/opt/airflow/dags/data_ingestion.py                           1           0  1.08s           2025-10-30T07:58:26
================================================================================
[2025-10-30T07:59:26.496+0000] {manager.py:878} INFO - 
================================================================================
DAG File Processing Stats

File Path                            PID    Runtime      # DAGs    # Errors  Last Runtime    Last Run
-----------------------------------  -----  ---------  --------  ----------  --------------  -------------------
/opt/airflow/dags/data_ingestion.py                           1           0  1.21s           2025-10-30T07:58:58
/opt/airflow/dags/etl_clickhouse.py                           1           0  1.17s           2025-10-30T07:59:02
================================================================================
[2025-10-30T07:59:57.128+0000] {manager.py:878} INFO - 
================================================================================
DAG File Processing Stats

File Path                            PID    Runtime      # DAGs    # Errors  Last Runtime    Last Run
-----------------------------------  -----  ---------  --------  ----------  --------------  -------------------
/opt/airflow/dags/etl_clickhouse.py                           1           0  1.09s           2025-10-30T07:59:33
/opt/airflow/dags/data_ingestion.py                           1           0  1.07s           2025-10-30T07:59:29
================================================================================
[2025-10-30T08:00:27.729+0000] {manager.py:878} INFO - 
================================================================================
DAG File Processing Stats

File Path                            PID    Runtime      # DAGs    # Errors  Last Runtime    Last Run
-----------------------------------  -----  ---------  --------  ----------  --------------  -------------------
/opt/airflow/dags/etl_clickhouse.py                           1           0  1.16s           2025-10-30T08:00:05
/opt/airflow/dags/data_ingestion.py                           1           0  1.06s           2025-10-30T08:00:01
================================================================================
[2025-10-30T08:00:58.458+0000] {manager.py:878} INFO - 
================================================================================
DAG File Processing Stats

File Path                            PID    Runtime      # DAGs    # Errors  Last Runtime    Last Run
-----------------------------------  -----  ---------  --------  ----------  --------------  -------------------
/opt/airflow/dags/etl_clickhouse.py                           1           0  1.15s           2025-10-30T08:00:37
/opt/airflow/dags/data_ingestion.py                           1           0  1.11s           2025-10-30T08:00:32
================================================================================
[2025-10-30T08:01:29.137+0000] {manager.py:878} INFO - 
================================================================================
DAG File Processing Stats

File Path                            PID    Runtime      # DAGs    # Errors  Last Runtime    Last Run
-----------------------------------  -----  ---------  --------  ----------  --------------  -------------------
/opt/airflow/dags/etl_clickhouse.py                           1           0  1.12s           2025-10-30T08:01:08
/opt/airflow/dags/data_ingestion.py                           1           0  1.08s           2025-10-30T08:01:04
================================================================================
[2025-10-30T08:01:59.258+0000] {manager.py:878} INFO - 
================================================================================
DAG File Processing Stats

File Path                            PID    Runtime      # DAGs    # Errors  Last Runtime    Last Run
-----------------------------------  -----  ---------  --------  ----------  --------------  -------------------
/opt/airflow/dags/etl_clickhouse.py                           1           0  1.50s           2025-10-30T08:01:40
/opt/airflow/dags/data_ingestion.py                           1           0  1.09s           2025-10-30T08:01:36
================================================================================
[2025-10-30T08:02:29.937+0000] {manager.py:878} INFO - 
================================================================================
DAG File Processing Stats

File Path                            PID    Runtime      # DAGs    # Errors  Last Runtime    Last Run
-----------------------------------  -----  ---------  --------  ----------  --------------  -------------------
/opt/airflow/dags/etl_clickhouse.py                           1           0  1.12s           2025-10-30T08:02:12
/opt/airflow/dags/data_ingestion.py                           1           0  1.12s           2025-10-30T08:02:07
================================================================================
[2025-10-30T08:02:53.434+0000] {manager.py:737} INFO - Searching for files in /opt/airflow/dags
[2025-10-30T08:02:53.558+0000] {manager.py:740} INFO - There are 2 files in /opt/airflow/dags
[2025-10-30T08:03:00.721+0000] {manager.py:878} INFO - 
================================================================================
DAG File Processing Stats

File Path                            PID    Runtime      # DAGs    # Errors  Last Runtime    Last Run
-----------------------------------  -----  ---------  --------  ----------  --------------  -------------------
/opt/airflow/dags/etl_clickhouse.py                           1           0  1.16s           2025-10-30T08:02:44
/opt/airflow/dags/data_ingestion.py                           1           0  1.10s           2025-10-30T08:02:39
================================================================================
[2025-10-30T08:03:31.403+0000] {manager.py:878} INFO - 
================================================================================
DAG File Processing Stats

File Path                            PID    Runtime      # DAGs    # Errors  Last Runtime    Last Run
-----------------------------------  -----  ---------  --------  ----------  --------------  -------------------
/opt/airflow/dags/etl_clickhouse.py                           1           0  1.10s           2025-10-30T08:03:16
/opt/airflow/dags/data_ingestion.py                           1           0  1.08s           2025-10-30T08:03:10
================================================================================
[2025-10-30T08:04:02.141+0000] {manager.py:878} INFO - 
================================================================================
DAG File Processing Stats

File Path                            PID    Runtime      # DAGs    # Errors  Last Runtime    Last Run
-----------------------------------  -----  ---------  --------  ----------  --------------  -------------------
/opt/airflow/dags/data_ingestion.py                           1           0  1.17s           2025-10-30T08:03:42
/opt/airflow/dags/etl_clickhouse.py                           1           0  1.16s           2025-10-30T08:03:47
================================================================================
[2025-10-30T08:04:32.755+0000] {manager.py:878} INFO - 
================================================================================
DAG File Processing Stats

File Path                            PID    Runtime      # DAGs    # Errors  Last Runtime    Last Run
-----------------------------------  -----  ---------  --------  ----------  --------------  -------------------
/opt/airflow/dags/data_ingestion.py                           1           0  1.29s           2025-10-30T08:04:14
/opt/airflow/dags/etl_clickhouse.py                           1           0  1.14s           2025-10-30T08:04:19
================================================================================
[2025-10-30T08:05:03.395+0000] {manager.py:878} INFO - 
================================================================================
DAG File Processing Stats

File Path                            PID    Runtime      # DAGs    # Errors  Last Runtime    Last Run
-----------------------------------  -----  ---------  --------  ----------  --------------  -------------------
/opt/airflow/dags/data_ingestion.py                           1           0  1.29s           2025-10-30T08:04:46
/opt/airflow/dags/etl_clickhouse.py                           1           0  1.14s           2025-10-30T08:04:51
================================================================================
[2025-10-30T08:05:34.034+0000] {manager.py:878} INFO - 
================================================================================
DAG File Processing Stats

File Path                            PID    Runtime      # DAGs    # Errors  Last Runtime    Last Run
-----------------------------------  -----  ---------  --------  ----------  --------------  -------------------
/opt/airflow/dags/etl_clickhouse.py                           1           0  1.25s           2025-10-30T08:05:23
/opt/airflow/dags/data_ingestion.py                           1           0  1.06s           2025-10-30T08:05:17
================================================================================
[2025-10-30T08:06:04.885+0000] {manager.py:878} INFO - 
================================================================================
DAG File Processing Stats

File Path                            PID    Runtime      # DAGs    # Errors  Last Runtime    Last Run
-----------------------------------  -----  ---------  --------  ----------  --------------  -------------------
/opt/airflow/dags/data_ingestion.py                           1           0  1.51s           2025-10-30T08:05:49
/opt/airflow/dags/etl_clickhouse.py                           1           0  1.18s           2025-10-30T08:05:54
================================================================================
[2025-10-30T08:06:35.659+0000] {manager.py:878} INFO - 
================================================================================
DAG File Processing Stats

File Path                            PID    Runtime      # DAGs    # Errors  Last Runtime    Last Run
-----------------------------------  -----  ---------  --------  ----------  --------------  -------------------
/opt/airflow/dags/data_ingestion.py                           1           0  1.13s           2025-10-30T08:06:21
/opt/airflow/dags/etl_clickhouse.py                           1           0  1.10s           2025-10-30T08:06:26
================================================================================
[2025-10-30T08:07:06.275+0000] {manager.py:878} INFO - 
================================================================================
DAG File Processing Stats

File Path                            PID    Runtime      # DAGs    # Errors  Last Runtime    Last Run
-----------------------------------  -----  ---------  --------  ----------  --------------  -------------------
/opt/airflow/dags/data_ingestion.py                           1           0  1.35s           2025-10-30T08:06:53
/opt/airflow/dags/etl_clickhouse.py                           1           0  1.22s           2025-10-30T08:06:58
================================================================================
[2025-10-30T08:07:37.011+0000] {manager.py:878} INFO - 
================================================================================
DAG File Processing Stats

File Path                            PID    Runtime      # DAGs    # Errors  Last Runtime    Last Run
-----------------------------------  -----  ---------  --------  ----------  --------------  -------------------
/opt/airflow/dags/etl_clickhouse.py                           1           0  1.21s           2025-10-30T08:07:30
/opt/airflow/dags/data_ingestion.py                           1           0  1.09s           2025-10-30T08:07:24
================================================================================
[2025-10-30T08:07:54.336+0000] {manager.py:737} INFO - Searching for files in /opt/airflow/dags
[2025-10-30T08:07:54.507+0000] {manager.py:740} INFO - There are 2 files in /opt/airflow/dags
[2025-10-30T08:08:07.016+0000] {manager.py:878} INFO - 
================================================================================
DAG File Processing Stats

File Path                            PID    Runtime      # DAGs    # Errors  Last Runtime    Last Run
-----------------------------------  -----  ---------  --------  ----------  --------------  -------------------
/opt/airflow/dags/data_ingestion.py                           1           0  1.30s           2025-10-30T08:07:56
/opt/airflow/dags/etl_clickhouse.py                           1           0  1.19s           2025-10-30T08:08:01
================================================================================
[2025-10-30T08:08:37.528+0000] {manager.py:878} INFO - 
================================================================================
DAG File Processing Stats

File Path                            PID    Runtime      # DAGs    # Errors  Last Runtime    Last Run
-----------------------------------  -----  ---------  --------  ----------  --------------  -------------------
/opt/airflow/dags/etl_clickhouse.py                           1           0  1.17s           2025-10-30T08:08:33
/opt/airflow/dags/data_ingestion.py                           1           0  1.05s           2025-10-30T08:08:28
================================================================================
[2025-10-30T08:09:08.182+0000] {manager.py:878} INFO - 
================================================================================
DAG File Processing Stats

File Path                            PID    Runtime      # DAGs    # Errors  Last Runtime    Last Run
-----------------------------------  -----  ---------  --------  ----------  --------------  -------------------
/opt/airflow/dags/etl_clickhouse.py                           1           0  1.20s           2025-10-30T08:09:05
/opt/airflow/dags/data_ingestion.py                           1           0  1.07s           2025-10-30T08:09:00
================================================================================
[2025-10-30T08:09:38.934+0000] {manager.py:878} INFO - 
================================================================================
DAG File Processing Stats

File Path                            PID    Runtime      # DAGs    # Errors  Last Runtime    Last Run
-----------------------------------  -----  ---------  --------  ----------  --------------  -------------------
/opt/airflow/dags/etl_clickhouse.py                           1           0  1.17s           2025-10-30T08:09:37
/opt/airflow/dags/data_ingestion.py                           1           0  1.13s           2025-10-30T08:09:31
================================================================================
[2025-10-30T08:10:09.194+0000] {manager.py:878} INFO - 
================================================================================
DAG File Processing Stats

File Path                            PID    Runtime      # DAGs    # Errors  Last Runtime    Last Run
-----------------------------------  -----  ---------  --------  ----------  --------------  -------------------
/opt/airflow/dags/etl_clickhouse.py                           1           0  1.59s           2025-10-30T08:10:09
/opt/airflow/dags/data_ingestion.py                           1           0  1.27s           2025-10-30T08:10:03
================================================================================
[2025-10-30T08:10:39.413+0000] {manager.py:878} INFO - 
================================================================================
DAG File Processing Stats

File Path                              PID  Runtime      # DAGs    # Errors  Last Runtime    Last Run
-----------------------------------  -----  ---------  --------  ----------  --------------  -------------------
/opt/airflow/dags/etl_clickhouse.py  11282  0.01s             1           0  1.59s           2025-10-30T08:10:09
/opt/airflow/dags/data_ingestion.py                           1           0  1.10s           2025-10-30T08:10:35
================================================================================
[2025-10-30T08:11:10.036+0000] {manager.py:878} INFO - 
================================================================================
DAG File Processing Stats

File Path                            PID    Runtime      # DAGs    # Errors  Last Runtime    Last Run
-----------------------------------  -----  ---------  --------  ----------  --------------  -------------------
/opt/airflow/dags/etl_clickhouse.py                           1           0  1.20s           2025-10-30T08:10:40
/opt/airflow/dags/data_ingestion.py                           1           0  1.02s           2025-10-30T08:11:06
================================================================================
[2025-10-30T08:11:40.642+0000] {manager.py:878} INFO - 
================================================================================
DAG File Processing Stats

File Path                            PID    Runtime      # DAGs    # Errors  Last Runtime    Last Run
-----------------------------------  -----  ---------  --------  ----------  --------------  -------------------
/opt/airflow/dags/etl_clickhouse.py                           1           0  1.31s           2025-10-30T08:11:12
/opt/airflow/dags/data_ingestion.py                           1           0  1.06s           2025-10-30T08:11:38
================================================================================
[2025-10-30T08:12:11.308+0000] {manager.py:878} INFO - 
================================================================================
DAG File Processing Stats

File Path                            PID    Runtime      # DAGs    # Errors  Last Runtime    Last Run
-----------------------------------  -----  ---------  --------  ----------  --------------  -------------------
/opt/airflow/dags/data_ingestion.py                           1           0  1.16s           2025-10-30T08:12:10
/opt/airflow/dags/etl_clickhouse.py                           1           0  1.11s           2025-10-30T08:11:43
================================================================================
[2025-10-30T08:12:42.009+0000] {manager.py:878} INFO - 
================================================================================
DAG File Processing Stats

File Path                              PID  Runtime      # DAGs    # Errors  Last Runtime    Last Run
-----------------------------------  -----  ---------  --------  ----------  --------------  -------------------
/opt/airflow/dags/etl_clickhouse.py                           1           0  1.42s           2025-10-30T08:12:15
/opt/airflow/dags/data_ingestion.py  11324  1.03s             1           0  1.16s           2025-10-30T08:12:10
================================================================================
[2025-10-30T08:12:55.266+0000] {manager.py:737} INFO - Searching for files in /opt/airflow/dags
[2025-10-30T08:12:55.397+0000] {manager.py:740} INFO - There are 2 files in /opt/airflow/dags
[2025-10-30T08:13:12.783+0000] {manager.py:878} INFO - 
================================================================================
DAG File Processing Stats

File Path                              PID  Runtime      # DAGs    # Errors  Last Runtime    Last Run
-----------------------------------  -----  ---------  --------  ----------  --------------  -------------------
/opt/airflow/dags/data_ingestion.py  11336  0.01s             1           0  1.21s           2025-10-30T08:12:42
/opt/airflow/dags/etl_clickhouse.py                           1           0  1.11s           2025-10-30T08:12:47
================================================================================
[2025-10-30T08:13:43.425+0000] {manager.py:878} INFO - 
================================================================================
DAG File Processing Stats

File Path                            PID    Runtime      # DAGs    # Errors  Last Runtime    Last Run
-----------------------------------  -----  ---------  --------  ----------  --------------  -------------------
/opt/airflow/dags/etl_clickhouse.py                           1           0  1.37s           2025-10-30T08:13:19
/opt/airflow/dags/data_ingestion.py                           1           0  1.06s           2025-10-30T08:13:13
================================================================================
[2025-10-30T08:14:14.075+0000] {manager.py:878} INFO - 
================================================================================
DAG File Processing Stats

File Path                            PID    Runtime      # DAGs    # Errors  Last Runtime    Last Run
-----------------------------------  -----  ---------  --------  ----------  --------------  -------------------
/opt/airflow/dags/data_ingestion.py                           1           0  1.13s           2025-10-30T08:13:45
/opt/airflow/dags/etl_clickhouse.py                           1           0  1.13s           2025-10-30T08:13:50
================================================================================
[2025-10-30T08:14:44.749+0000] {manager.py:878} INFO - 
================================================================================
DAG File Processing Stats

File Path                            PID    Runtime      # DAGs    # Errors  Last Runtime    Last Run
-----------------------------------  -----  ---------  --------  ----------  --------------  -------------------
/opt/airflow/dags/data_ingestion.py                           1           0  1.18s           2025-10-30T08:14:17
/opt/airflow/dags/etl_clickhouse.py                           1           0  1.14s           2025-10-30T08:14:22
================================================================================
[2025-10-30T08:15:15.430+0000] {manager.py:878} INFO - 
================================================================================
DAG File Processing Stats

File Path                            PID    Runtime      # DAGs    # Errors  Last Runtime    Last Run
-----------------------------------  -----  ---------  --------  ----------  --------------  -------------------
/opt/airflow/dags/data_ingestion.py                           1           0  1.13s           2025-10-30T08:14:48
/opt/airflow/dags/etl_clickhouse.py                           1           0  1.12s           2025-10-30T08:14:54
================================================================================
[2025-10-30T08:15:46.107+0000] {manager.py:878} INFO - 
================================================================================
DAG File Processing Stats

File Path                            PID    Runtime      # DAGs    # Errors  Last Runtime    Last Run
-----------------------------------  -----  ---------  --------  ----------  --------------  -------------------
/opt/airflow/dags/etl_clickhouse.py                           1           0  1.20s           2025-10-30T08:15:25
/opt/airflow/dags/data_ingestion.py                           1           0  1.15s           2025-10-30T08:15:20
================================================================================
[2025-10-30T08:16:16.876+0000] {manager.py:878} INFO - 
================================================================================
DAG File Processing Stats

File Path                            PID    Runtime      # DAGs    # Errors  Last Runtime    Last Run
-----------------------------------  -----  ---------  --------  ----------  --------------  -------------------
/opt/airflow/dags/data_ingestion.py                           1           0  1.17s           2025-10-30T08:15:52
/opt/airflow/dags/etl_clickhouse.py                           1           0  1.13s           2025-10-30T08:15:57
================================================================================
[2025-10-30T08:16:47.455+0000] {manager.py:878} INFO - 
================================================================================
DAG File Processing Stats

File Path                            PID    Runtime      # DAGs    # Errors  Last Runtime    Last Run
-----------------------------------  -----  ---------  --------  ----------  --------------  -------------------
/opt/airflow/dags/etl_clickhouse.py                           1           0  1.13s           2025-10-30T08:16:29
/opt/airflow/dags/data_ingestion.py                           1           0  1.00s           2025-10-30T08:16:24
================================================================================
[2025-10-30T08:17:18.158+0000] {manager.py:878} INFO - 
================================================================================
DAG File Processing Stats

File Path                            PID    Runtime      # DAGs    # Errors  Last Runtime    Last Run
-----------------------------------  -----  ---------  --------  ----------  --------------  -------------------
/opt/airflow/dags/etl_clickhouse.py                           1           0  1.18s           2025-10-30T08:17:00
/opt/airflow/dags/data_ingestion.py                           1           0  1.13s           2025-10-30T08:16:55
================================================================================
[2025-10-30T08:17:48.806+0000] {manager.py:878} INFO - 
================================================================================
DAG File Processing Stats

File Path                            PID    Runtime      # DAGs    # Errors  Last Runtime    Last Run
-----------------------------------  -----  ---------  --------  ----------  --------------  -------------------
/opt/airflow/dags/etl_clickhouse.py                           1           0  1.29s           2025-10-30T08:17:32
/opt/airflow/dags/data_ingestion.py                           1           0  1.04s           2025-10-30T08:17:27
================================================================================
[2025-10-30T08:17:55.944+0000] {manager.py:737} INFO - Searching for files in /opt/airflow/dags
[2025-10-30T08:17:56.066+0000] {manager.py:740} INFO - There are 2 files in /opt/airflow/dags
[2025-10-30T08:18:18.837+0000] {manager.py:878} INFO - 
================================================================================
DAG File Processing Stats

File Path                            PID    Runtime      # DAGs    # Errors  Last Runtime    Last Run
-----------------------------------  -----  ---------  --------  ----------  --------------  -------------------
/opt/airflow/dags/etl_clickhouse.py                           1           0  1.22s           2025-10-30T08:18:04
/opt/airflow/dags/data_ingestion.py                           1           0  1.13s           2025-10-30T08:17:59
================================================================================
[2025-10-30T08:18:49.278+0000] {manager.py:878} INFO - 
================================================================================
DAG File Processing Stats

File Path                            PID    Runtime      # DAGs    # Errors  Last Runtime    Last Run
-----------------------------------  -----  ---------  --------  ----------  --------------  -------------------
/opt/airflow/dags/etl_clickhouse.py                           1           0  1.10s           2025-10-30T08:18:36
/opt/airflow/dags/data_ingestion.py                           1           0  1.07s           2025-10-30T08:18:30
================================================================================
[2025-10-30T08:19:19.945+0000] {manager.py:878} INFO - 
================================================================================
DAG File Processing Stats

File Path                            PID    Runtime      # DAGs    # Errors  Last Runtime    Last Run
-----------------------------------  -----  ---------  --------  ----------  --------------  -------------------
/opt/airflow/dags/etl_clickhouse.py                           1           0  1.20s           2025-10-30T08:19:07
/opt/airflow/dags/data_ingestion.py                           1           0  1.07s           2025-10-30T08:19:02
================================================================================
[2025-10-30T08:19:50.693+0000] {manager.py:878} INFO - 
================================================================================
DAG File Processing Stats

File Path                            PID    Runtime      # DAGs    # Errors  Last Runtime    Last Run
-----------------------------------  -----  ---------  --------  ----------  --------------  -------------------
/opt/airflow/dags/etl_clickhouse.py                           1           0  1.19s           2025-10-30T08:19:39
/opt/airflow/dags/data_ingestion.py                           1           0  1.12s           2025-10-30T08:19:34
================================================================================
[2025-10-30T08:20:21.323+0000] {manager.py:878} INFO - 
================================================================================
DAG File Processing Stats

File Path                            PID    Runtime      # DAGs    # Errors  Last Runtime    Last Run
-----------------------------------  -----  ---------  --------  ----------  --------------  -------------------
/opt/airflow/dags/etl_clickhouse.py                           1           0  1.35s           2025-10-30T08:20:11
/opt/airflow/dags/data_ingestion.py                           1           0  1.02s           2025-10-30T08:20:06
================================================================================
[2025-10-30T08:20:52.119+0000] {manager.py:878} INFO - 
================================================================================
DAG File Processing Stats

File Path                            PID    Runtime      # DAGs    # Errors  Last Runtime    Last Run
-----------------------------------  -----  ---------  --------  ----------  --------------  -------------------
/opt/airflow/dags/data_ingestion.py                           1           0  1.19s           2025-10-30T08:20:37
/opt/airflow/dags/etl_clickhouse.py                           1           0  1.17s           2025-10-30T08:20:42
================================================================================
[2025-10-30T08:21:22.883+0000] {manager.py:878} INFO - 
================================================================================
DAG File Processing Stats

File Path                            PID    Runtime      # DAGs    # Errors  Last Runtime    Last Run
-----------------------------------  -----  ---------  --------  ----------  --------------  -------------------
/opt/airflow/dags/data_ingestion.py                           1           0  1.18s           2025-10-30T08:21:09
/opt/airflow/dags/etl_clickhouse.py                           1           0  1.18s           2025-10-30T08:21:14
================================================================================
[2025-10-30T08:21:53.640+0000] {manager.py:878} INFO - 
================================================================================
DAG File Processing Stats

File Path                            PID    Runtime      # DAGs    # Errors  Last Runtime    Last Run
-----------------------------------  -----  ---------  --------  ----------  --------------  -------------------
/opt/airflow/dags/data_ingestion.py                           1           0  1.21s           2025-10-30T08:21:41
/opt/airflow/dags/etl_clickhouse.py                           1           0  1.18s           2025-10-30T08:21:46
================================================================================
[2025-10-30T08:22:24.299+0000] {manager.py:878} INFO - 
================================================================================
DAG File Processing Stats

File Path                            PID    Runtime      # DAGs    # Errors  Last Runtime    Last Run
-----------------------------------  -----  ---------  --------  ----------  --------------  -------------------
/opt/airflow/dags/data_ingestion.py                           1           0  1.15s           2025-10-30T08:22:13
/opt/airflow/dags/etl_clickhouse.py                           1           0  1.13s           2025-10-30T08:22:18
================================================================================
[2025-10-30T08:22:54.922+0000] {manager.py:878} INFO - 
================================================================================
DAG File Processing Stats

File Path                            PID    Runtime      # DAGs    # Errors  Last Runtime    Last Run
-----------------------------------  -----  ---------  --------  ----------  --------------  -------------------
/opt/airflow/dags/etl_clickhouse.py                           1           0  1.12s           2025-10-30T08:22:49
/opt/airflow/dags/data_ingestion.py                           1           0  0.98s           2025-10-30T08:22:44
================================================================================
[2025-10-30T08:22:55.996+0000] {manager.py:737} INFO - Searching for files in /opt/airflow/dags
[2025-10-30T08:22:56.135+0000] {manager.py:740} INFO - There are 2 files in /opt/airflow/dags
[2025-10-30T08:23:25.497+0000] {manager.py:878} INFO - 
================================================================================
DAG File Processing Stats

File Path                            PID    Runtime      # DAGs    # Errors  Last Runtime    Last Run
-----------------------------------  -----  ---------  --------  ----------  --------------  -------------------
/opt/airflow/dags/etl_clickhouse.py                           1           0  1.24s           2025-10-30T08:23:21
/opt/airflow/dags/data_ingestion.py                           1           0  1.05s           2025-10-30T08:23:16
================================================================================
[2025-10-30T08:23:56.171+0000] {manager.py:878} INFO - 
================================================================================
DAG File Processing Stats

File Path                            PID    Runtime      # DAGs    # Errors  Last Runtime    Last Run
-----------------------------------  -----  ---------  --------  ----------  --------------  -------------------
/opt/airflow/dags/etl_clickhouse.py                           1           0  1.21s           2025-10-30T08:23:53
/opt/airflow/dags/data_ingestion.py                           1           0  1.05s           2025-10-30T08:23:47
================================================================================
[2025-10-30T08:24:26.762+0000] {manager.py:878} INFO - 
================================================================================
DAG File Processing Stats

File Path                            PID    Runtime      # DAGs    # Errors  Last Runtime    Last Run
-----------------------------------  -----  ---------  --------  ----------  --------------  -------------------
/opt/airflow/dags/etl_clickhouse.py                           1           0  1.12s           2025-10-30T08:24:24
/opt/airflow/dags/data_ingestion.py                           1           0  1.04s           2025-10-30T08:24:19
================================================================================
[2025-10-30T08:24:57.439+0000] {manager.py:878} INFO - 
================================================================================
DAG File Processing Stats

File Path                            PID    Runtime      # DAGs    # Errors  Last Runtime    Last Run
-----------------------------------  -----  ---------  --------  ----------  --------------  -------------------
/opt/airflow/dags/etl_clickhouse.py                           1           0  1.14s           2025-10-30T08:24:56
/opt/airflow/dags/data_ingestion.py                           1           0  1.07s           2025-10-30T08:24:51
================================================================================
[2025-10-30T08:25:28.011+0000] {manager.py:878} INFO - 
================================================================================
DAG File Processing Stats

File Path                              PID  Runtime      # DAGs    # Errors  Last Runtime    Last Run
-----------------------------------  -----  ---------  --------  ----------  --------------  -------------------
/opt/airflow/dags/etl_clickhouse.py  11618  1.02s             1           0  1.14s           2025-10-30T08:24:56
/opt/airflow/dags/data_ingestion.py                           1           0  1.11s           2025-10-30T08:25:22
================================================================================
[2025-10-30T08:25:58.697+0000] {manager.py:878} INFO - 
================================================================================
DAG File Processing Stats

File Path                              PID  Runtime      # DAGs    # Errors  Last Runtime    Last Run
-----------------------------------  -----  ---------  --------  ----------  --------------  -------------------
/opt/airflow/dags/etl_clickhouse.py  11630  0.01s             1           0  1.14s           2025-10-30T08:25:28
/opt/airflow/dags/data_ingestion.py                           1           0  1.13s           2025-10-30T08:25:54
================================================================================
[2025-10-30T08:26:29.307+0000] {manager.py:878} INFO - 
================================================================================
DAG File Processing Stats

File Path                            PID    Runtime      # DAGs    # Errors  Last Runtime    Last Run
-----------------------------------  -----  ---------  --------  ----------  --------------  -------------------
/opt/airflow/dags/data_ingestion.py                           1           0  1.26s           2025-10-30T08:26:26
/opt/airflow/dags/etl_clickhouse.py                           1           0  1.16s           2025-10-30T08:25:59
================================================================================
[2025-10-30T08:26:59.999+0000] {manager.py:878} INFO - 
================================================================================
DAG File Processing Stats

File Path                            PID    Runtime      # DAGs    # Errors  Last Runtime    Last Run
-----------------------------------  -----  ---------  --------  ----------  --------------  -------------------
/opt/airflow/dags/etl_clickhouse.py                           1           0  1.26s           2025-10-30T08:26:31
/opt/airflow/dags/data_ingestion.py                           1           0  1.07s           2025-10-30T08:26:58
================================================================================
[2025-10-30T08:27:30.679+0000] {manager.py:878} INFO - 
================================================================================
DAG File Processing Stats

File Path                            PID    Runtime      # DAGs    # Errors  Last Runtime    Last Run
-----------------------------------  -----  ---------  --------  ----------  --------------  -------------------
/opt/airflow/dags/etl_clickhouse.py                           1           0  1.16s           2025-10-30T08:27:03
/opt/airflow/dags/data_ingestion.py                           1           0  1.06s           2025-10-30T08:27:29
================================================================================
[2025-10-30T08:27:56.143+0000] {manager.py:737} INFO - Searching for files in /opt/airflow/dags
[2025-10-30T08:27:56.302+0000] {manager.py:740} INFO - There are 2 files in /opt/airflow/dags
[2025-10-30T08:28:01.486+0000] {manager.py:878} INFO - 
================================================================================
DAG File Processing Stats

File Path                              PID  Runtime      # DAGs    # Errors  Last Runtime    Last Run
-----------------------------------  -----  ---------  --------  ----------  --------------  -------------------
/opt/airflow/dags/etl_clickhouse.py                           1           0  1.24s           2025-10-30T08:27:34
/opt/airflow/dags/data_ingestion.py  11672  1.03s             1           0  1.06s           2025-10-30T08:27:29
================================================================================
[2025-10-30T08:28:32.089+0000] {manager.py:878} INFO - 
================================================================================
DAG File Processing Stats

File Path                              PID  Runtime      # DAGs    # Errors  Last Runtime    Last Run
-----------------------------------  -----  ---------  --------  ----------  --------------  -------------------
/opt/airflow/dags/etl_clickhouse.py                           1           0  1.14s           2025-10-30T08:28:06
/opt/airflow/dags/data_ingestion.py  11684  0.01s             1           0  1.07s           2025-10-30T08:28:01
================================================================================
[2025-10-30T08:29:02.206+0000] {manager.py:878} INFO - 
================================================================================
DAG File Processing Stats

File Path                            PID    Runtime      # DAGs    # Errors  Last Runtime    Last Run
-----------------------------------  -----  ---------  --------  ----------  --------------  -------------------
/opt/airflow/dags/etl_clickhouse.py                           1           0  1.55s           2025-10-30T08:28:38
/opt/airflow/dags/data_ingestion.py                           1           0  1.15s           2025-10-30T08:28:33
================================================================================
[2025-10-30T08:29:32.493+0000] {manager.py:878} INFO - 
================================================================================
DAG File Processing Stats

File Path                            PID    Runtime      # DAGs    # Errors  Last Runtime    Last Run
-----------------------------------  -----  ---------  --------  ----------  --------------  -------------------
/opt/airflow/dags/etl_clickhouse.py                           1           0  1.29s           2025-10-30T08:29:10
/opt/airflow/dags/data_ingestion.py                           1           0  1.20s           2025-10-30T08:29:05
================================================================================
[2025-10-30T08:30:03.135+0000] {manager.py:878} INFO - 
================================================================================
DAG File Processing Stats

File Path                            PID    Runtime      # DAGs    # Errors  Last Runtime    Last Run
-----------------------------------  -----  ---------  --------  ----------  --------------  -------------------
/opt/airflow/dags/data_ingestion.py                           1           0  1.29s           2025-10-30T08:29:36
/opt/airflow/dags/etl_clickhouse.py                           1           0  1.14s           2025-10-30T08:29:41
================================================================================
[2025-10-30T08:30:33.762+0000] {manager.py:878} INFO - 
================================================================================
DAG File Processing Stats

File Path                            PID    Runtime      # DAGs    # Errors  Last Runtime    Last Run
-----------------------------------  -----  ---------  --------  ----------  --------------  -------------------
/opt/airflow/dags/data_ingestion.py                           1           0  1.38s           2025-10-30T08:30:08
/opt/airflow/dags/etl_clickhouse.py                           1           0  1.11s           2025-10-30T08:30:13
================================================================================
[2025-10-30T08:31:04.385+0000] {manager.py:878} INFO - 
================================================================================
DAG File Processing Stats

File Path                            PID    Runtime      # DAGs    # Errors  Last Runtime    Last Run
-----------------------------------  -----  ---------  --------  ----------  --------------  -------------------
/opt/airflow/dags/data_ingestion.py                           1           0  1.45s           2025-10-30T08:30:40
/opt/airflow/dags/etl_clickhouse.py                           1           0  1.14s           2025-10-30T08:30:45
================================================================================
[2025-10-30T08:31:35.128+0000] {manager.py:878} INFO - 
================================================================================
DAG File Processing Stats

File Path                            PID    Runtime      # DAGs    # Errors  Last Runtime    Last Run
-----------------------------------  -----  ---------  --------  ----------  --------------  -------------------
/opt/airflow/dags/data_ingestion.py                           1           0  1.16s           2025-10-30T08:31:11
/opt/airflow/dags/etl_clickhouse.py                           1           0  1.13s           2025-10-30T08:31:16
================================================================================
[2025-10-30T08:32:05.728+0000] {manager.py:878} INFO - 
================================================================================
DAG File Processing Stats

File Path                            PID    Runtime      # DAGs    # Errors  Last Runtime    Last Run
-----------------------------------  -----  ---------  --------  ----------  --------------  -------------------
/opt/airflow/dags/data_ingestion.py                           1           0  1.35s           2025-10-30T08:31:43
/opt/airflow/dags/etl_clickhouse.py                           1           0  1.21s           2025-10-30T08:31:48
================================================================================
[2025-10-30T08:32:36.540+0000] {manager.py:878} INFO - 
================================================================================
DAG File Processing Stats

File Path                            PID    Runtime      # DAGs    # Errors  Last Runtime    Last Run
-----------------------------------  -----  ---------  --------  ----------  --------------  -------------------
/opt/airflow/dags/data_ingestion.py                           1           0  1.17s           2025-10-30T08:32:15
/opt/airflow/dags/etl_clickhouse.py                           1           0  1.16s           2025-10-30T08:32:20
================================================================================
[2025-10-30T08:32:57.002+0000] {manager.py:737} INFO - Searching for files in /opt/airflow/dags
[2025-10-30T08:32:57.099+0000] {manager.py:740} INFO - There are 2 files in /opt/airflow/dags
[2025-10-30T08:33:07.344+0000] {manager.py:878} INFO - 
================================================================================
DAG File Processing Stats

File Path                            PID    Runtime      # DAGs    # Errors  Last Runtime    Last Run
-----------------------------------  -----  ---------  --------  ----------  --------------  -------------------
/opt/airflow/dags/data_ingestion.py                           1           0  1.15s           2025-10-30T08:32:46
/opt/airflow/dags/etl_clickhouse.py                           1           0  1.13s           2025-10-30T08:32:51
================================================================================
[2025-10-30T08:33:38.096+0000] {manager.py:878} INFO - 
================================================================================
DAG File Processing Stats

File Path                            PID    Runtime      # DAGs    # Errors  Last Runtime    Last Run
-----------------------------------  -----  ---------  --------  ----------  --------------  -------------------
/opt/airflow/dags/etl_clickhouse.py                           1           0  1.18s           2025-10-30T08:33:23
/opt/airflow/dags/data_ingestion.py                           1           0  1.14s           2025-10-30T08:33:18
================================================================================
[2025-10-30T08:34:08.786+0000] {manager.py:878} INFO - 
================================================================================
DAG File Processing Stats

File Path                            PID    Runtime      # DAGs    # Errors  Last Runtime    Last Run
-----------------------------------  -----  ---------  --------  ----------  --------------  -------------------
/opt/airflow/dags/etl_clickhouse.py                           1           0  1.29s           2025-10-30T08:33:55
/opt/airflow/dags/data_ingestion.py                           1           0  1.18s           2025-10-30T08:33:50
================================================================================
[2025-10-30T08:34:39.428+0000] {manager.py:878} INFO - 
================================================================================
DAG File Processing Stats

File Path                            PID    Runtime      # DAGs    # Errors  Last Runtime    Last Run
-----------------------------------  -----  ---------  --------  ----------  --------------  -------------------
/opt/airflow/dags/etl_clickhouse.py                           1           0  1.34s           2025-10-30T08:34:27
/opt/airflow/dags/data_ingestion.py                           1           0  1.14s           2025-10-30T08:34:22
================================================================================
[2025-10-30T08:35:10.088+0000] {manager.py:878} INFO - 
================================================================================
DAG File Processing Stats

File Path                            PID    Runtime      # DAGs    # Errors  Last Runtime    Last Run
-----------------------------------  -----  ---------  --------  ----------  --------------  -------------------
/opt/airflow/dags/etl_clickhouse.py                           1           0  1.42s           2025-10-30T08:34:59
/opt/airflow/dags/data_ingestion.py                           1           0  1.13s           2025-10-30T08:34:53
================================================================================
[2025-10-30T08:35:40.738+0000] {manager.py:878} INFO - 
================================================================================
DAG File Processing Stats

File Path                            PID    Runtime      # DAGs    # Errors  Last Runtime    Last Run
-----------------------------------  -----  ---------  --------  ----------  --------------  -------------------
/opt/airflow/dags/etl_clickhouse.py                           1           0  1.30s           2025-10-30T08:35:30
/opt/airflow/dags/data_ingestion.py                           1           0  1.15s           2025-10-30T08:35:25
================================================================================
[2025-10-30T08:36:10.840+0000] {manager.py:878} INFO - 
================================================================================
DAG File Processing Stats

File Path                            PID    Runtime      # DAGs    # Errors  Last Runtime    Last Run
-----------------------------------  -----  ---------  --------  ----------  --------------  -------------------
/opt/airflow/dags/etl_clickhouse.py                           1           0  1.62s           2025-10-30T08:36:02
/opt/airflow/dags/data_ingestion.py                           1           0  1.06s           2025-10-30T08:35:57
================================================================================
[2025-10-30T08:36:41.348+0000] {manager.py:878} INFO - 
================================================================================
DAG File Processing Stats

File Path                            PID    Runtime      # DAGs    # Errors  Last Runtime    Last Run
-----------------------------------  -----  ---------  --------  ----------  --------------  -------------------
/opt/airflow/dags/etl_clickhouse.py                           1           0  1.62s           2025-10-30T08:36:35
/opt/airflow/dags/data_ingestion.py                           1           0  1.17s           2025-10-30T08:36:28
================================================================================
[2025-10-30T08:37:11.685+0000] {manager.py:878} INFO - 
================================================================================
DAG File Processing Stats

File Path                            PID    Runtime      # DAGs    # Errors  Last Runtime    Last Run
-----------------------------------  -----  ---------  --------  ----------  --------------  -------------------
/opt/airflow/dags/etl_clickhouse.py                           1           0  1.57s           2025-10-30T08:37:07
/opt/airflow/dags/data_ingestion.py                           1           0  1.37s           2025-10-30T08:37:00
================================================================================
[2025-10-30T08:37:42.086+0000] {manager.py:878} INFO - 
================================================================================
DAG File Processing Stats

File Path                            PID    Runtime      # DAGs    # Errors  Last Runtime    Last Run
-----------------------------------  -----  ---------  --------  ----------  --------------  -------------------
/opt/airflow/dags/etl_clickhouse.py                           1           0  1.40s           2025-10-30T08:37:39
/opt/airflow/dags/data_ingestion.py                           1           0  1.36s           2025-10-30T08:37:31
================================================================================
[2025-10-30T08:37:57.375+0000] {manager.py:737} INFO - Searching for files in /opt/airflow/dags
[2025-10-30T08:37:57.536+0000] {manager.py:740} INFO - There are 2 files in /opt/airflow/dags
[2025-10-30T08:38:12.167+0000] {manager.py:878} INFO - 
================================================================================
DAG File Processing Stats

File Path                            PID    Runtime      # DAGs    # Errors  Last Runtime    Last Run
-----------------------------------  -----  ---------  --------  ----------  --------------  -------------------
/opt/airflow/dags/etl_clickhouse.py                           1           0  1.27s           2025-10-30T08:38:11
/opt/airflow/dags/data_ingestion.py                           1           0  1.10s           2025-10-30T08:38:03
================================================================================
[2025-10-30T08:38:42.483+0000] {manager.py:878} INFO - 
================================================================================
DAG File Processing Stats

File Path                              PID  Runtime      # DAGs    # Errors  Last Runtime    Last Run
-----------------------------------  -----  ---------  --------  ----------  --------------  -------------------
/opt/airflow/dags/etl_clickhouse.py  11918  1.02s             1           0  1.27s           2025-10-30T08:38:11
/opt/airflow/dags/data_ingestion.py                           1           0  1.11s           2025-10-30T08:38:35
================================================================================
[2025-10-30T08:39:13.143+0000] {manager.py:878} INFO - 
================================================================================
DAG File Processing Stats

File Path                              PID  Runtime      # DAGs    # Errors  Last Runtime    Last Run
-----------------------------------  -----  ---------  --------  ----------  --------------  -------------------
/opt/airflow/dags/data_ingestion.py                           1           0  1.19s           2025-10-30T08:39:07
/opt/airflow/dags/etl_clickhouse.py  11930  0.01s             1           0  1.14s           2025-10-30T08:38:42
================================================================================
[2025-10-30T08:39:43.696+0000] {manager.py:878} INFO - 
================================================================================
DAG File Processing Stats

File Path                            PID    Runtime      # DAGs    # Errors  Last Runtime    Last Run
-----------------------------------  -----  ---------  --------  ----------  --------------  -------------------
/opt/airflow/dags/etl_clickhouse.py                           1           0  1.37s           2025-10-30T08:39:14
/opt/airflow/dags/data_ingestion.py                           1           0  1.12s           2025-10-30T08:39:38
================================================================================
[2025-10-30T08:40:14.344+0000] {manager.py:878} INFO - 
================================================================================
DAG File Processing Stats

File Path                            PID    Runtime      # DAGs    # Errors  Last Runtime    Last Run
-----------------------------------  -----  ---------  --------  ----------  --------------  -------------------
/opt/airflow/dags/etl_clickhouse.py                           1           0  1.18s           2025-10-30T08:39:45
/opt/airflow/dags/data_ingestion.py                           1           0  1.13s           2025-10-30T08:40:10
================================================================================
[2025-10-30T08:40:44.954+0000] {manager.py:878} INFO - 
================================================================================
DAG File Processing Stats

File Path                            PID    Runtime      # DAGs    # Errors  Last Runtime    Last Run
-----------------------------------  -----  ---------  --------  ----------  --------------  -------------------
/opt/airflow/dags/data_ingestion.py                           1           0  1.14s           2025-10-30T08:40:41
/opt/airflow/dags/etl_clickhouse.py                           1           0  1.13s           2025-10-30T08:40:17
================================================================================
[2025-10-30T08:41:15.654+0000] {manager.py:878} INFO - 
================================================================================
DAG File Processing Stats

File Path                            PID    Runtime      # DAGs    # Errors  Last Runtime    Last Run
-----------------------------------  -----  ---------  --------  ----------  --------------  -------------------
/opt/airflow/dags/etl_clickhouse.py                           1           0  1.14s           2025-10-30T08:40:49
/opt/airflow/dags/data_ingestion.py                           1           0  1.09s           2025-10-30T08:41:13
================================================================================
[2025-10-30T08:41:46.285+0000] {manager.py:878} INFO - 
================================================================================
DAG File Processing Stats

File Path                            PID    Runtime      # DAGs    # Errors  Last Runtime    Last Run
-----------------------------------  -----  ---------  --------  ----------  --------------  -------------------
/opt/airflow/dags/etl_clickhouse.py                           1           0  1.36s           2025-10-30T08:41:21
/opt/airflow/dags/data_ingestion.py                           1           0  1.10s           2025-10-30T08:41:45
================================================================================
[2025-10-30T08:42:16.966+0000] {manager.py:878} INFO - 
================================================================================
DAG File Processing Stats

File Path                              PID  Runtime      # DAGs    # Errors  Last Runtime    Last Run
-----------------------------------  -----  ---------  --------  ----------  --------------  -------------------
/opt/airflow/dags/etl_clickhouse.py                           1           0  1.14s           2025-10-30T08:41:52
/opt/airflow/dags/data_ingestion.py  11996  1.02s             1           0  1.10s           2025-10-30T08:41:45
================================================================================
[2025-10-30T08:42:47.625+0000] {manager.py:878} INFO - 
================================================================================
DAG File Processing Stats

File Path                              PID  Runtime      # DAGs    # Errors  Last Runtime    Last Run
-----------------------------------  -----  ---------  --------  ----------  --------------  -------------------
/opt/airflow/dags/etl_clickhouse.py                           1           0  1.17s           2025-10-30T08:42:24
/opt/airflow/dags/data_ingestion.py  12008  0.01s             1           0  1.13s           2025-10-30T08:42:17
================================================================================
[2025-10-30T08:42:57.912+0000] {manager.py:737} INFO - Searching for files in /opt/airflow/dags
[2025-10-30T08:42:57.999+0000] {manager.py:740} INFO - There are 2 files in /opt/airflow/dags
[2025-10-30T08:43:18.389+0000] {manager.py:878} INFO - 
================================================================================
DAG File Processing Stats

File Path                            PID    Runtime      # DAGs    # Errors  Last Runtime    Last Run
-----------------------------------  -----  ---------  --------  ----------  --------------  -------------------
/opt/airflow/dags/etl_clickhouse.py                           1           0  1.22s           2025-10-30T08:42:56
/opt/airflow/dags/data_ingestion.py                           1           0  1.17s           2025-10-30T08:42:48
================================================================================
[2025-10-30T08:43:48.981+0000] {manager.py:878} INFO - 
================================================================================
DAG File Processing Stats

File Path                            PID    Runtime      # DAGs    # Errors  Last Runtime    Last Run
-----------------------------------  -----  ---------  --------  ----------  --------------  -------------------
/opt/airflow/dags/data_ingestion.py                           1           0  1.17s           2025-10-30T08:43:20
/opt/airflow/dags/etl_clickhouse.py                           1           0  1.09s           2025-10-30T08:43:27
================================================================================
[2025-10-30T08:44:19.622+0000] {manager.py:878} INFO - 
================================================================================
DAG File Processing Stats

File Path                            PID    Runtime      # DAGs    # Errors  Last Runtime    Last Run
-----------------------------------  -----  ---------  --------  ----------  --------------  -------------------
/opt/airflow/dags/etl_clickhouse.py                           1           0  1.11s           2025-10-30T08:43:59
/opt/airflow/dags/data_ingestion.py                           1           0  1.09s           2025-10-30T08:43:52
================================================================================
[2025-10-30T08:44:50.318+0000] {manager.py:878} INFO - 
================================================================================
DAG File Processing Stats

File Path                            PID    Runtime      # DAGs    # Errors  Last Runtime    Last Run
-----------------------------------  -----  ---------  --------  ----------  --------------  -------------------
/opt/airflow/dags/etl_clickhouse.py                           1           0  1.27s           2025-10-30T08:44:31
/opt/airflow/dags/data_ingestion.py                           1           0  1.16s           2025-10-30T08:44:23
================================================================================
[2025-10-30T08:45:20.947+0000] {manager.py:878} INFO - 
================================================================================
DAG File Processing Stats

File Path                            PID    Runtime      # DAGs    # Errors  Last Runtime    Last Run
-----------------------------------  -----  ---------  --------  ----------  --------------  -------------------
/opt/airflow/dags/etl_clickhouse.py                           1           0  1.19s           2025-10-30T08:45:02
/opt/airflow/dags/data_ingestion.py                           1           0  1.09s           2025-10-30T08:44:55
================================================================================
[2025-10-30T08:45:51.584+0000] {manager.py:878} INFO - 
================================================================================
DAG File Processing Stats

File Path                            PID    Runtime      # DAGs    # Errors  Last Runtime    Last Run
-----------------------------------  -----  ---------  --------  ----------  --------------  -------------------
/opt/airflow/dags/etl_clickhouse.py                           1           0  1.15s           2025-10-30T08:45:34
/opt/airflow/dags/data_ingestion.py                           1           0  1.05s           2025-10-30T08:45:27
================================================================================
[2025-10-30T08:46:22.203+0000] {manager.py:878} INFO - 
================================================================================
DAG File Processing Stats

File Path                            PID    Runtime      # DAGs    # Errors  Last Runtime    Last Run
-----------------------------------  -----  ---------  --------  ----------  --------------  -------------------
/opt/airflow/dags/etl_clickhouse.py                           1           0  1.16s           2025-10-30T08:46:06
/opt/airflow/dags/data_ingestion.py                           1           0  1.08s           2025-10-30T08:45:58
================================================================================
[2025-10-30T08:46:52.357+0000] {manager.py:878} INFO - 
================================================================================
DAG File Processing Stats

File Path                            PID    Runtime      # DAGs    # Errors  Last Runtime    Last Run
-----------------------------------  -----  ---------  --------  ----------  --------------  -------------------
/opt/airflow/dags/etl_clickhouse.py                           1           0  1.23s           2025-10-30T08:46:38
/opt/airflow/dags/data_ingestion.py                           1           0  1.15s           2025-10-30T08:46:30
================================================================================
[2025-10-30T08:47:22.649+0000] {manager.py:878} INFO - 
================================================================================
DAG File Processing Stats

File Path                            PID    Runtime      # DAGs    # Errors  Last Runtime    Last Run
-----------------------------------  -----  ---------  --------  ----------  --------------  -------------------
/opt/airflow/dags/etl_clickhouse.py                           1           0  0.98s           2025-10-30T08:47:09
/opt/airflow/dags/data_ingestion.py                           1           0  0.89s           2025-10-30T08:47:02
================================================================================
[2025-10-30T08:47:53.012+0000] {manager.py:878} INFO - 
================================================================================
DAG File Processing Stats

File Path                            PID    Runtime      # DAGs    # Errors  Last Runtime    Last Run
-----------------------------------  -----  ---------  --------  ----------  --------------  -------------------
/opt/airflow/dags/etl_clickhouse.py                           1           0  1.25s           2025-10-30T08:47:41
/opt/airflow/dags/data_ingestion.py                           1           0  0.89s           2025-10-30T08:47:33
================================================================================
[2025-10-30T08:47:58.079+0000] {manager.py:737} INFO - Searching for files in /opt/airflow/dags
[2025-10-30T08:47:58.155+0000] {manager.py:740} INFO - There are 2 files in /opt/airflow/dags
[2025-10-30T08:48:23.393+0000] {manager.py:878} INFO - 
================================================================================
DAG File Processing Stats

File Path                            PID    Runtime      # DAGs    # Errors  Last Runtime    Last Run
-----------------------------------  -----  ---------  --------  ----------  --------------  -------------------
/opt/airflow/dags/data_ingestion.py                           1           0  0.91s           2025-10-30T08:48:05
/opt/airflow/dags/etl_clickhouse.py                           1           0  0.90s           2025-10-30T08:48:12
================================================================================
[2025-10-30T08:48:53.966+0000] {manager.py:878} INFO - 
================================================================================
DAG File Processing Stats

File Path                            PID    Runtime      # DAGs    # Errors  Last Runtime    Last Run
-----------------------------------  -----  ---------  --------  ----------  --------------  -------------------
/opt/airflow/dags/etl_clickhouse.py                           1           0  1.02s           2025-10-30T08:48:43
/opt/airflow/dags/data_ingestion.py                           1           0  0.99s           2025-10-30T08:48:36
================================================================================
[2025-10-30T08:49:24.416+0000] {manager.py:878} INFO - 
================================================================================
DAG File Processing Stats

File Path                            PID    Runtime      # DAGs    # Errors  Last Runtime    Last Run
-----------------------------------  -----  ---------  --------  ----------  --------------  -------------------
/opt/airflow/dags/data_ingestion.py                           1           0  0.96s           2025-10-30T08:49:08
/opt/airflow/dags/etl_clickhouse.py                           1           0  0.95s           2025-10-30T08:49:15
================================================================================
[2025-10-30T08:49:54.902+0000] {manager.py:878} INFO - 
================================================================================
DAG File Processing Stats

File Path                            PID    Runtime      # DAGs    # Errors  Last Runtime    Last Run
-----------------------------------  -----  ---------  --------  ----------  --------------  -------------------
/opt/airflow/dags/etl_clickhouse.py                           1           0  1.02s           2025-10-30T08:49:46
/opt/airflow/dags/data_ingestion.py                           1           0  0.90s           2025-10-30T08:49:39
================================================================================
[2025-10-30T08:50:25.236+0000] {manager.py:878} INFO - 
================================================================================
DAG File Processing Stats

File Path                            PID    Runtime      # DAGs    # Errors  Last Runtime    Last Run
-----------------------------------  -----  ---------  --------  ----------  --------------  -------------------
/opt/airflow/dags/etl_clickhouse.py                           1           0  0.90s           2025-10-30T08:50:18
/opt/airflow/dags/data_ingestion.py                           1           0  0.84s           2025-10-30T08:50:11
================================================================================
[2025-10-30T08:50:55.708+0000] {manager.py:878} INFO - 
================================================================================
DAG File Processing Stats

File Path                            PID    Runtime      # DAGs    # Errors  Last Runtime    Last Run
-----------------------------------  -----  ---------  --------  ----------  --------------  -------------------
/opt/airflow/dags/etl_clickhouse.py                           1           0  0.97s           2025-10-30T08:50:49
/opt/airflow/dags/data_ingestion.py                           1           0  0.87s           2025-10-30T08:50:42
================================================================================
[2025-10-30T08:51:26.179+0000] {manager.py:878} INFO - 
================================================================================
DAG File Processing Stats

File Path                            PID    Runtime      # DAGs    # Errors  Last Runtime    Last Run
-----------------------------------  -----  ---------  --------  ----------  --------------  -------------------
/opt/airflow/dags/etl_clickhouse.py                           1           0  1.16s           2025-10-30T08:51:21
/opt/airflow/dags/data_ingestion.py                           1           0  0.94s           2025-10-30T08:51:13
================================================================================
[2025-10-30T08:51:56.652+0000] {manager.py:878} INFO - 
================================================================================
DAG File Processing Stats

File Path                            PID    Runtime      # DAGs    # Errors  Last Runtime    Last Run
-----------------------------------  -----  ---------  --------  ----------  --------------  -------------------
/opt/airflow/dags/etl_clickhouse.py                           1           0  1.05s           2025-10-30T08:51:52
/opt/airflow/dags/data_ingestion.py                           1           0  0.84s           2025-10-30T08:51:45
================================================================================
[2025-10-30T08:52:27.184+0000] {manager.py:878} INFO - 
================================================================================
DAG File Processing Stats

File Path                            PID    Runtime      # DAGs    # Errors  Last Runtime    Last Run
-----------------------------------  -----  ---------  --------  ----------  --------------  -------------------
/opt/airflow/dags/data_ingestion.py                           1           0  1.15s           2025-10-30T08:52:17
/opt/airflow/dags/etl_clickhouse.py                           1           0  0.95s           2025-10-30T08:52:24
================================================================================
[2025-10-30T08:52:57.520+0000] {manager.py:878} INFO - 
================================================================================
DAG File Processing Stats

File Path                            PID    Runtime      # DAGs    # Errors  Last Runtime    Last Run
-----------------------------------  -----  ---------  --------  ----------  --------------  -------------------
/opt/airflow/dags/etl_clickhouse.py                           1           0  0.95s           2025-10-30T08:52:55
/opt/airflow/dags/data_ingestion.py                           1           0  0.83s           2025-10-30T08:52:48
================================================================================
[2025-10-30T08:52:58.533+0000] {manager.py:737} INFO - Searching for files in /opt/airflow/dags
[2025-10-30T08:52:58.718+0000] {manager.py:740} INFO - There are 2 files in /opt/airflow/dags
[2025-10-30T08:53:28.213+0000] {manager.py:878} INFO - 
================================================================================
DAG File Processing Stats

File Path                            PID    Runtime      # DAGs    # Errors  Last Runtime    Last Run
-----------------------------------  -----  ---------  --------  ----------  --------------  -------------------
/opt/airflow/dags/data_ingestion.py                           1           0  1.02s           2025-10-30T08:53:20
/opt/airflow/dags/etl_clickhouse.py                           1           0  0.92s           2025-10-30T08:53:27
================================================================================
[2025-10-30T08:53:58.621+0000] {manager.py:878} INFO - 
================================================================================
DAG File Processing Stats

File Path                            PID    Runtime      # DAGs    # Errors  Last Runtime    Last Run
-----------------------------------  -----  ---------  --------  ----------  --------------  -------------------
/opt/airflow/dags/etl_clickhouse.py                           1           0  1.00s           2025-10-30T08:53:58
/opt/airflow/dags/data_ingestion.py                           1           0  0.85s           2025-10-30T08:53:51
================================================================================
[2025-10-30T08:54:29.306+0000] {manager.py:878} INFO - 
================================================================================
DAG File Processing Stats

File Path                              PID  Runtime      # DAGs    # Errors  Last Runtime    Last Run
-----------------------------------  -----  ---------  --------  ----------  --------------  -------------------
/opt/airflow/dags/data_ingestion.py                           1           0  1.22s           2025-10-30T08:54:23
/opt/airflow/dags/etl_clickhouse.py  12278  0.01s             1           0  1.00s           2025-10-30T08:53:58
================================================================================
[2025-10-30T08:54:59.669+0000] {manager.py:878} INFO - 
================================================================================
DAG File Processing Stats

File Path                            PID    Runtime      # DAGs    # Errors  Last Runtime    Last Run
-----------------------------------  -----  ---------  --------  ----------  --------------  -------------------
/opt/airflow/dags/etl_clickhouse.py                           1           0  0.95s           2025-10-30T08:54:30
/opt/airflow/dags/data_ingestion.py                           1           0  0.87s           2025-10-30T08:54:54
================================================================================
[2025-10-30T08:55:30.303+0000] {manager.py:878} INFO - 
================================================================================
DAG File Processing Stats

File Path                            PID    Runtime      # DAGs    # Errors  Last Runtime    Last Run
-----------------------------------  -----  ---------  --------  ----------  --------------  -------------------
/opt/airflow/dags/data_ingestion.py                           1           0  1.16s           2025-10-30T08:55:26
/opt/airflow/dags/etl_clickhouse.py                           1           0  0.99s           2025-10-30T08:55:01
================================================================================
[2025-10-30T08:56:00.745+0000] {manager.py:878} INFO - 
================================================================================
DAG File Processing Stats

File Path                            PID    Runtime      # DAGs    # Errors  Last Runtime    Last Run
-----------------------------------  -----  ---------  --------  ----------  --------------  -------------------
/opt/airflow/dags/etl_clickhouse.py                           1           0  1.03s           2025-10-30T08:55:33
/opt/airflow/dags/data_ingestion.py                           1           0  0.86s           2025-10-30T08:55:57
================================================================================
[2025-10-30T08:56:31.159+0000] {manager.py:878} INFO - 
================================================================================
DAG File Processing Stats

File Path                            PID    Runtime      # DAGs    # Errors  Last Runtime    Last Run
-----------------------------------  -----  ---------  --------  ----------  --------------  -------------------
/opt/airflow/dags/etl_clickhouse.py                           1           0  0.96s           2025-10-30T08:56:04
/opt/airflow/dags/data_ingestion.py                           1           0  0.88s           2025-10-30T08:56:29
================================================================================
[2025-10-30T08:57:01.598+0000] {manager.py:878} INFO - 
================================================================================
DAG File Processing Stats

File Path                            PID    Runtime      # DAGs    # Errors  Last Runtime    Last Run
-----------------------------------  -----  ---------  --------  ----------  --------------  -------------------
/opt/airflow/dags/etl_clickhouse.py                           1           0  1.13s           2025-10-30T08:56:36
/opt/airflow/dags/data_ingestion.py                           1           0  0.92s           2025-10-30T08:57:00
================================================================================
[2025-10-30T08:57:32.072+0000] {manager.py:878} INFO - 
================================================================================
DAG File Processing Stats

File Path                            PID    Runtime      # DAGs    # Errors  Last Runtime    Last Run
-----------------------------------  -----  ---------  --------  ----------  --------------  -------------------
/opt/airflow/dags/data_ingestion.py                           1           0  0.94s           2025-10-30T08:57:32
/opt/airflow/dags/etl_clickhouse.py                           1           0  0.91s           2025-10-30T08:57:07
================================================================================
[2025-10-30T08:57:58.731+0000] {manager.py:737} INFO - Searching for files in /opt/airflow/dags
[2025-10-30T08:57:58.920+0000] {manager.py:740} INFO - There are 2 files in /opt/airflow/dags
[2025-10-30T08:58:03.041+0000] {manager.py:878} INFO - 
================================================================================
DAG File Processing Stats

File Path                              PID  Runtime      # DAGs    # Errors  Last Runtime    Last Run
-----------------------------------  -----  ---------  --------  ----------  --------------  -------------------
/opt/airflow/dags/etl_clickhouse.py                           1           0  1.32s           2025-10-30T08:57:39
/opt/airflow/dags/data_ingestion.py  12356  0.01s             1           0  0.94s           2025-10-30T08:57:32
================================================================================
[2025-10-30T08:58:33.524+0000] {manager.py:878} INFO - 
================================================================================
DAG File Processing Stats

File Path                            PID    Runtime      # DAGs    # Errors  Last Runtime    Last Run
-----------------------------------  -----  ---------  --------  ----------  --------------  -------------------
/opt/airflow/dags/etl_clickhouse.py                           1           0  1.08s           2025-10-30T08:58:11
/opt/airflow/dags/data_ingestion.py                           1           0  0.91s           2025-10-30T08:58:03
================================================================================
[2025-10-30T08:59:04.035+0000] {manager.py:878} INFO - 
================================================================================
DAG File Processing Stats

File Path                            PID    Runtime      # DAGs    # Errors  Last Runtime    Last Run
-----------------------------------  -----  ---------  --------  ----------  --------------  -------------------
/opt/airflow/dags/etl_clickhouse.py                           1           0  1.19s           2025-10-30T08:58:42
/opt/airflow/dags/data_ingestion.py                           1           0  0.92s           2025-10-30T08:58:35
================================================================================
[2025-10-30T08:59:34.379+0000] {manager.py:878} INFO - 
================================================================================
DAG File Processing Stats

File Path                            PID    Runtime      # DAGs    # Errors  Last Runtime    Last Run
-----------------------------------  -----  ---------  --------  ----------  --------------  -------------------
/opt/airflow/dags/etl_clickhouse.py                           1           0  0.91s           2025-10-30T08:59:14
/opt/airflow/dags/data_ingestion.py                           1           0  0.89s           2025-10-30T08:59:07
================================================================================
[2025-10-30T09:00:04.766+0000] {manager.py:878} INFO - 
================================================================================
DAG File Processing Stats

File Path                            PID    Runtime      # DAGs    # Errors  Last Runtime    Last Run
-----------------------------------  -----  ---------  --------  ----------  --------------  -------------------
/opt/airflow/dags/etl_clickhouse.py                           1           0  0.92s           2025-10-30T08:59:45
/opt/airflow/dags/data_ingestion.py                           1           0  0.92s           2025-10-30T08:59:38
================================================================================
[2025-10-30T09:00:35.162+0000] {manager.py:878} INFO - 
================================================================================
DAG File Processing Stats

File Path                            PID    Runtime      # DAGs    # Errors  Last Runtime    Last Run
-----------------------------------  -----  ---------  --------  ----------  --------------  -------------------
/opt/airflow/dags/etl_clickhouse.py                           1           0  0.96s           2025-10-30T09:00:16
/opt/airflow/dags/data_ingestion.py                           1           0  0.89s           2025-10-30T09:00:09
================================================================================
[2025-10-30T09:01:05.593+0000] {manager.py:878} INFO - 
================================================================================
DAG File Processing Stats

File Path                            PID    Runtime      # DAGs    # Errors  Last Runtime    Last Run
-----------------------------------  -----  ---------  --------  ----------  --------------  -------------------
/opt/airflow/dags/etl_clickhouse.py                           1           0  1.01s           2025-10-30T09:00:48
/opt/airflow/dags/data_ingestion.py                           1           0  0.88s           2025-10-30T09:00:41
================================================================================
[2025-10-30T09:01:35.979+0000] {manager.py:878} INFO - 
================================================================================
DAG File Processing Stats

File Path                            PID    Runtime      # DAGs    # Errors  Last Runtime    Last Run
-----------------------------------  -----  ---------  --------  ----------  --------------  -------------------
/opt/airflow/dags/data_ingestion.py                           1           0  0.91s           2025-10-30T09:01:12
/opt/airflow/dags/etl_clickhouse.py                           1           0  0.89s           2025-10-30T09:01:19
================================================================================
[2025-10-30T09:02:05.996+0000] {manager.py:878} INFO - 
================================================================================
DAG File Processing Stats

File Path                            PID    Runtime      # DAGs    # Errors  Last Runtime    Last Run
-----------------------------------  -----  ---------  --------  ----------  --------------  -------------------
/opt/airflow/dags/etl_clickhouse.py                           1           0  0.98s           2025-10-30T09:01:50
/opt/airflow/dags/data_ingestion.py                           1           0  0.95s           2025-10-30T09:01:44
================================================================================
[2025-10-30T09:02:36.408+0000] {manager.py:878} INFO - 
================================================================================
DAG File Processing Stats

File Path                            PID    Runtime      # DAGs    # Errors  Last Runtime    Last Run
-----------------------------------  -----  ---------  --------  ----------  --------------  -------------------
/opt/airflow/dags/etl_clickhouse.py                           1           0  0.99s           2025-10-30T09:02:22
/opt/airflow/dags/data_ingestion.py                           1           0  0.89s           2025-10-30T09:02:15
================================================================================
[2025-10-30T09:02:59.212+0000] {manager.py:737} INFO - Searching for files in /opt/airflow/dags
[2025-10-30T09:02:59.366+0000] {manager.py:740} INFO - There are 2 files in /opt/airflow/dags
[2025-10-30T09:03:06.506+0000] {manager.py:878} INFO - 
================================================================================
DAG File Processing Stats

File Path                            PID    Runtime      # DAGs    # Errors  Last Runtime    Last Run
-----------------------------------  -----  ---------  --------  ----------  --------------  -------------------
/opt/airflow/dags/etl_clickhouse.py                           1           0  0.94s           2025-10-30T09:02:53
/opt/airflow/dags/data_ingestion.py                           1           0  0.86s           2025-10-30T09:02:46
================================================================================
[2025-10-30T09:03:36.951+0000] {manager.py:878} INFO - 
================================================================================
DAG File Processing Stats

File Path                            PID    Runtime      # DAGs    # Errors  Last Runtime    Last Run
-----------------------------------  -----  ---------  --------  ----------  --------------  -------------------
/opt/airflow/dags/etl_clickhouse.py                           1           0  0.93s           2025-10-30T09:03:24
/opt/airflow/dags/data_ingestion.py                           1           0  0.92s           2025-10-30T09:03:17
================================================================================
[2025-10-30T09:04:07.332+0000] {manager.py:878} INFO - 
================================================================================
DAG File Processing Stats

File Path                            PID    Runtime      # DAGs    # Errors  Last Runtime    Last Run
-----------------------------------  -----  ---------  --------  ----------  --------------  -------------------
/opt/airflow/dags/etl_clickhouse.py                           1           0  0.95s           2025-10-30T09:03:56
/opt/airflow/dags/data_ingestion.py                           1           0  0.88s           2025-10-30T09:03:49
================================================================================
[2025-10-30T09:04:37.678+0000] {manager.py:878} INFO - 
================================================================================
DAG File Processing Stats

File Path                            PID    Runtime      # DAGs    # Errors  Last Runtime    Last Run
-----------------------------------  -----  ---------  --------  ----------  --------------  -------------------
/opt/airflow/dags/data_ingestion.py                           1           0  0.97s           2025-10-30T09:04:20
/opt/airflow/dags/etl_clickhouse.py                           1           0  0.94s           2025-10-30T09:04:27
================================================================================
[2025-10-30T09:05:07.692+0000] {manager.py:878} INFO - 
================================================================================
DAG File Processing Stats

File Path                            PID    Runtime      # DAGs    # Errors  Last Runtime    Last Run
-----------------------------------  -----  ---------  --------  ----------  --------------  -------------------
/opt/airflow/dags/data_ingestion.py                           1           0  0.97s           2025-10-30T09:04:51
/opt/airflow/dags/etl_clickhouse.py                           1           0  0.96s           2025-10-30T09:04:58
================================================================================
[2025-10-30T09:05:38.214+0000] {manager.py:878} INFO - 
================================================================================
DAG File Processing Stats

File Path                            PID    Runtime      # DAGs    # Errors  Last Runtime    Last Run
-----------------------------------  -----  ---------  --------  ----------  --------------  -------------------
/opt/airflow/dags/etl_clickhouse.py                           1           0  1.02s           2025-10-30T09:05:30
/opt/airflow/dags/data_ingestion.py                           1           0  0.97s           2025-10-30T09:05:23
================================================================================
[2025-10-30T09:06:08.776+0000] {manager.py:878} INFO - 
================================================================================
DAG File Processing Stats

File Path                            PID    Runtime      # DAGs    # Errors  Last Runtime    Last Run
-----------------------------------  -----  ---------  --------  ----------  --------------  -------------------
/opt/airflow/dags/etl_clickhouse.py                           1           0  1.01s           2025-10-30T09:06:01
/opt/airflow/dags/data_ingestion.py                           1           0  0.92s           2025-10-30T09:05:54
================================================================================
[2025-10-30T09:06:39.167+0000] {manager.py:878} INFO - 
================================================================================
DAG File Processing Stats

File Path                            PID    Runtime      # DAGs    # Errors  Last Runtime    Last Run
-----------------------------------  -----  ---------  --------  ----------  --------------  -------------------
/opt/airflow/dags/etl_clickhouse.py                           1           0  1.00s           2025-10-30T09:06:33
/opt/airflow/dags/data_ingestion.py                           1           0  0.88s           2025-10-30T09:06:25
================================================================================
[2025-10-30T09:07:09.684+0000] {manager.py:878} INFO - 
================================================================================
DAG File Processing Stats

File Path                            PID    Runtime      # DAGs    # Errors  Last Runtime    Last Run
-----------------------------------  -----  ---------  --------  ----------  --------------  -------------------
/opt/airflow/dags/etl_clickhouse.py                           1           0  0.99s           2025-10-30T09:07:04
/opt/airflow/dags/data_ingestion.py                           1           0  0.89s           2025-10-30T09:06:57
================================================================================
[2025-10-30T09:07:40.264+0000] {manager.py:878} INFO - 
================================================================================
DAG File Processing Stats

File Path                            PID    Runtime      # DAGs    # Errors  Last Runtime    Last Run
-----------------------------------  -----  ---------  --------  ----------  --------------  -------------------
/opt/airflow/dags/data_ingestion.py                           1           0  1.15s           2025-10-30T09:07:29
/opt/airflow/dags/etl_clickhouse.py                           1           0  1.04s           2025-10-30T09:07:36
================================================================================
[2025-10-30T09:07:59.607+0000] {manager.py:737} INFO - Searching for files in /opt/airflow/dags
[2025-10-30T09:07:59.792+0000] {manager.py:740} INFO - There are 2 files in /opt/airflow/dags
[2025-10-30T09:08:11.040+0000] {manager.py:878} INFO - 
================================================================================
DAG File Processing Stats

File Path                            PID    Runtime      # DAGs    # Errors  Last Runtime    Last Run
-----------------------------------  -----  ---------  --------  ----------  --------------  -------------------
/opt/airflow/dags/data_ingestion.py                           1           0  1.07s           2025-10-30T09:08:00
/opt/airflow/dags/etl_clickhouse.py                           1           0  0.90s           2025-10-30T09:08:07
================================================================================
[2025-10-30T09:08:41.452+0000] {manager.py:878} INFO - 
================================================================================
DAG File Processing Stats

File Path                            PID    Runtime      # DAGs    # Errors  Last Runtime    Last Run
-----------------------------------  -----  ---------  --------  ----------  --------------  -------------------
/opt/airflow/dags/etl_clickhouse.py                           1           0  1.12s           2025-10-30T09:08:39
/opt/airflow/dags/data_ingestion.py                           1           0  0.93s           2025-10-30T09:08:32
================================================================================
[2025-10-30T09:09:11.939+0000] {manager.py:878} INFO - 
================================================================================
DAG File Processing Stats

File Path                            PID    Runtime      # DAGs    # Errors  Last Runtime    Last Run
-----------------------------------  -----  ---------  --------  ----------  --------------  -------------------
/opt/airflow/dags/etl_clickhouse.py                           1           0  1.00s           2025-10-30T09:09:10
/opt/airflow/dags/data_ingestion.py                           1           0  0.89s           2025-10-30T09:09:03
================================================================================
[2025-10-30T09:09:42.427+0000] {manager.py:878} INFO - 
================================================================================
DAG File Processing Stats

File Path                            PID    Runtime      # DAGs    # Errors  Last Runtime    Last Run
-----------------------------------  -----  ---------  --------  ----------  --------------  -------------------
/opt/airflow/dags/etl_clickhouse.py                           1           0  1.00s           2025-10-30T09:09:42
/opt/airflow/dags/data_ingestion.py                           1           0  0.91s           2025-10-30T09:09:35
================================================================================
[2025-10-30T09:10:12.952+0000] {manager.py:878} INFO - 
================================================================================
DAG File Processing Stats

File Path                              PID  Runtime      # DAGs    # Errors  Last Runtime    Last Run
-----------------------------------  -----  ---------  --------  ----------  --------------  -------------------
/opt/airflow/dags/etl_clickhouse.py  12638  0.02s             1           0  1.00s           2025-10-30T09:09:42
/opt/airflow/dags/data_ingestion.py                           1           0  0.91s           2025-10-30T09:10:06
================================================================================
[2025-10-30T09:10:43.403+0000] {manager.py:878} INFO - 
================================================================================
DAG File Processing Stats

File Path                            PID    Runtime      # DAGs    # Errors  Last Runtime    Last Run
-----------------------------------  -----  ---------  --------  ----------  --------------  -------------------
/opt/airflow/dags/data_ingestion.py                           1           0  1.05s           2025-10-30T09:10:38
/opt/airflow/dags/etl_clickhouse.py                           1           0  0.97s           2025-10-30T09:10:13
================================================================================
[2025-10-30T09:11:13.797+0000] {manager.py:878} INFO - 
================================================================================
DAG File Processing Stats

File Path                            PID    Runtime      # DAGs    # Errors  Last Runtime    Last Run
-----------------------------------  -----  ---------  --------  ----------  --------------  -------------------
/opt/airflow/dags/etl_clickhouse.py                           1           0  0.97s           2025-10-30T09:10:45
/opt/airflow/dags/data_ingestion.py                           1           0  0.88s           2025-10-30T09:11:09
================================================================================
[2025-10-30T09:11:44.194+0000] {manager.py:878} INFO - 
================================================================================
DAG File Processing Stats

File Path                            PID    Runtime      # DAGs    # Errors  Last Runtime    Last Run
-----------------------------------  -----  ---------  --------  ----------  --------------  -------------------
/opt/airflow/dags/data_ingestion.py                           1           0  1.16s           2025-10-30T09:11:41
/opt/airflow/dags/etl_clickhouse.py                           1           0  0.93s           2025-10-30T09:11:16
================================================================================
[2025-10-30T09:12:14.638+0000] {manager.py:878} INFO - 
================================================================================
DAG File Processing Stats

File Path                            PID    Runtime      # DAGs    # Errors  Last Runtime    Last Run
-----------------------------------  -----  ---------  --------  ----------  --------------  -------------------
/opt/airflow/dags/etl_clickhouse.py                           1           0  0.96s           2025-10-30T09:11:48
/opt/airflow/dags/data_ingestion.py                           1           0  0.91s           2025-10-30T09:12:12
================================================================================
[2025-10-30T09:12:45.160+0000] {manager.py:878} INFO - 
================================================================================
DAG File Processing Stats

File Path                            PID    Runtime      # DAGs    # Errors  Last Runtime    Last Run
-----------------------------------  -----  ---------  --------  ----------  --------------  -------------------
/opt/airflow/dags/data_ingestion.py                           1           0  1.03s           2025-10-30T09:12:44
/opt/airflow/dags/etl_clickhouse.py                           1           0  0.94s           2025-10-30T09:12:19
================================================================================
[2025-10-30T09:13:00.416+0000] {manager.py:737} INFO - Searching for files in /opt/airflow/dags
[2025-10-30T09:13:00.510+0000] {manager.py:740} INFO - There are 2 files in /opt/airflow/dags
[2025-10-30T09:13:15.790+0000] {manager.py:878} INFO - 
================================================================================
DAG File Processing Stats

File Path                            PID    Runtime      # DAGs    # Errors  Last Runtime    Last Run
-----------------------------------  -----  ---------  --------  ----------  --------------  -------------------
/opt/airflow/dags/etl_clickhouse.py                           1           0  1.04s           2025-10-30T09:12:51
/opt/airflow/dags/data_ingestion.py                           1           0  0.94s           2025-10-30T09:13:15
================================================================================
[2025-10-30T09:13:46.280+0000] {manager.py:878} INFO - 
================================================================================
DAG File Processing Stats

File Path                              PID  Runtime      # DAGs    # Errors  Last Runtime    Last Run
-----------------------------------  -----  ---------  --------  ----------  --------------  -------------------
/opt/airflow/dags/etl_clickhouse.py                           1           0  0.97s           2025-10-30T09:13:22
/opt/airflow/dags/data_ingestion.py  12716  0.01s             1           0  0.94s           2025-10-30T09:13:15
================================================================================
[2025-10-30T09:14:16.534+0000] {manager.py:878} INFO - 
================================================================================
DAG File Processing Stats

File Path                            PID    Runtime      # DAGs    # Errors  Last Runtime    Last Run
-----------------------------------  -----  ---------  --------  ----------  --------------  -------------------
/opt/airflow/dags/etl_clickhouse.py                           1           0  0.90s           2025-10-30T09:13:54
/opt/airflow/dags/data_ingestion.py                           1           0  0.88s           2025-10-30T09:13:47
================================================================================
[2025-10-30T09:14:47.007+0000] {manager.py:878} INFO - 
================================================================================
DAG File Processing Stats

File Path                            PID    Runtime      # DAGs    # Errors  Last Runtime    Last Run
-----------------------------------  -----  ---------  --------  ----------  --------------  -------------------
/opt/airflow/dags/data_ingestion.py                           1           0  1.02s           2025-10-30T09:14:18
/opt/airflow/dags/etl_clickhouse.py                           1           0  0.95s           2025-10-30T09:14:25
================================================================================
[2025-10-30T09:15:17.395+0000] {manager.py:878} INFO - 
================================================================================
DAG File Processing Stats

File Path                            PID    Runtime      # DAGs    # Errors  Last Runtime    Last Run
-----------------------------------  -----  ---------  --------  ----------  --------------  -------------------
/opt/airflow/dags/etl_clickhouse.py                           1           0  0.98s           2025-10-30T09:14:57
/opt/airflow/dags/data_ingestion.py                           1           0  0.87s           2025-10-30T09:14:49
================================================================================
[2025-10-30T09:15:47.787+0000] {manager.py:878} INFO - 
================================================================================
DAG File Processing Stats

File Path                            PID    Runtime      # DAGs    # Errors  Last Runtime    Last Run
-----------------------------------  -----  ---------  --------  ----------  --------------  -------------------
/opt/airflow/dags/etl_clickhouse.py                           1           0  0.99s           2025-10-30T09:15:28
/opt/airflow/dags/data_ingestion.py                           1           0  0.86s           2025-10-30T09:15:21
================================================================================
[2025-10-30T09:16:18.228+0000] {manager.py:878} INFO - 
================================================================================
DAG File Processing Stats

File Path                            PID    Runtime      # DAGs    # Errors  Last Runtime    Last Run
-----------------------------------  -----  ---------  --------  ----------  --------------  -------------------
/opt/airflow/dags/etl_clickhouse.py                           1           0  1.07s           2025-10-30T09:15:59
/opt/airflow/dags/data_ingestion.py                           1           0  0.88s           2025-10-30T09:15:52
================================================================================
[2025-10-30T09:16:48.646+0000] {manager.py:878} INFO - 
================================================================================
DAG File Processing Stats

File Path                            PID    Runtime      # DAGs    # Errors  Last Runtime    Last Run
-----------------------------------  -----  ---------  --------  ----------  --------------  -------------------
/opt/airflow/dags/etl_clickhouse.py                           1           0  1.01s           2025-10-30T09:16:31
/opt/airflow/dags/data_ingestion.py                           1           0  0.88s           2025-10-30T09:16:24
================================================================================
[2025-10-30T09:17:19.114+0000] {manager.py:878} INFO - 
================================================================================
DAG File Processing Stats

File Path                            PID    Runtime      # DAGs    # Errors  Last Runtime    Last Run
-----------------------------------  -----  ---------  --------  ----------  --------------  -------------------
/opt/airflow/dags/etl_clickhouse.py                           1           0  1.13s           2025-10-30T09:17:02
/opt/airflow/dags/data_ingestion.py                           1           0  0.87s           2025-10-30T09:16:55
================================================================================
[2025-10-30T09:17:49.556+0000] {manager.py:878} INFO - 
================================================================================
DAG File Processing Stats

File Path                            PID    Runtime      # DAGs    # Errors  Last Runtime    Last Run
-----------------------------------  -----  ---------  --------  ----------  --------------  -------------------
/opt/airflow/dags/data_ingestion.py                           1           0  0.96s           2025-10-30T09:17:27
/opt/airflow/dags/etl_clickhouse.py                           1           0  0.91s           2025-10-30T09:17:34
================================================================================
[2025-10-30T09:18:00.593+0000] {manager.py:737} INFO - Searching for files in /opt/airflow/dags
[2025-10-30T09:18:00.646+0000] {manager.py:740} INFO - There are 2 files in /opt/airflow/dags
[2025-10-30T09:18:20.068+0000] {manager.py:878} INFO - 
================================================================================
DAG File Processing Stats

File Path                            PID    Runtime      # DAGs    # Errors  Last Runtime    Last Run
-----------------------------------  -----  ---------  --------  ----------  --------------  -------------------
/opt/airflow/dags/etl_clickhouse.py                           1           0  1.07s           2025-10-30T09:18:05
/opt/airflow/dags/data_ingestion.py                           1           0  0.80s           2025-10-30T09:17:58
================================================================================
[2025-10-30T09:18:50.643+0000] {manager.py:878} INFO - 
================================================================================
DAG File Processing Stats

File Path                            PID    Runtime      # DAGs    # Errors  Last Runtime    Last Run
-----------------------------------  -----  ---------  --------  ----------  --------------  -------------------
/opt/airflow/dags/etl_clickhouse.py                           1           0  1.27s           2025-10-30T09:18:37
/opt/airflow/dags/data_ingestion.py                           1           0  0.88s           2025-10-30T09:18:30
================================================================================
[2025-10-30T09:19:21.141+0000] {manager.py:878} INFO - 
================================================================================
DAG File Processing Stats

File Path                            PID    Runtime      # DAGs    # Errors  Last Runtime    Last Run
-----------------------------------  -----  ---------  --------  ----------  --------------  -------------------
/opt/airflow/dags/etl_clickhouse.py                           1           0  0.98s           2025-10-30T09:19:08
/opt/airflow/dags/data_ingestion.py                           1           0  0.95s           2025-10-30T09:19:01
================================================================================
[2025-10-30T09:19:51.628+0000] {manager.py:878} INFO - 
================================================================================
DAG File Processing Stats

File Path                            PID    Runtime      # DAGs    # Errors  Last Runtime    Last Run
-----------------------------------  -----  ---------  --------  ----------  --------------  -------------------
/opt/airflow/dags/etl_clickhouse.py                           1           0  0.98s           2025-10-30T09:19:40
/opt/airflow/dags/data_ingestion.py                           1           0  0.96s           2025-10-30T09:19:33
================================================================================
[2025-10-30T09:20:22.143+0000] {manager.py:878} INFO - 
================================================================================
DAG File Processing Stats

File Path                            PID    Runtime      # DAGs    # Errors  Last Runtime    Last Run
-----------------------------------  -----  ---------  --------  ----------  --------------  -------------------
/opt/airflow/dags/etl_clickhouse.py                           1           0  1.10s           2025-10-30T09:20:12
/opt/airflow/dags/data_ingestion.py                           1           0  0.88s           2025-10-30T09:20:04
================================================================================
[2025-10-30T09:20:52.542+0000] {manager.py:878} INFO - 
================================================================================
DAG File Processing Stats

File Path                            PID    Runtime      # DAGs    # Errors  Last Runtime    Last Run
-----------------------------------  -----  ---------  --------  ----------  --------------  -------------------
/opt/airflow/dags/etl_clickhouse.py                           1           0  0.96s           2025-10-30T09:20:43
/opt/airflow/dags/data_ingestion.py                           1           0  0.86s           2025-10-30T09:20:36
================================================================================
[2025-10-30T09:21:22.905+0000] {manager.py:878} INFO - 
================================================================================
DAG File Processing Stats

File Path                            PID    Runtime      # DAGs    # Errors  Last Runtime    Last Run
-----------------------------------  -----  ---------  --------  ----------  --------------  -------------------
/opt/airflow/dags/etl_clickhouse.py                           1           0  0.95s           2025-10-30T09:21:14
/opt/airflow/dags/data_ingestion.py                           1           0  0.88s           2025-10-30T09:21:07
================================================================================
[2025-10-30T09:21:53.415+0000] {manager.py:878} INFO - 
================================================================================
DAG File Processing Stats

File Path                            PID    Runtime      # DAGs    # Errors  Last Runtime    Last Run
-----------------------------------  -----  ---------  --------  ----------  --------------  -------------------
/opt/airflow/dags/data_ingestion.py                           1           0  1.05s           2025-10-30T09:21:39
/opt/airflow/dags/etl_clickhouse.py                           1           0  0.99s           2025-10-30T09:21:46
================================================================================
[2025-10-30T09:22:23.819+0000] {manager.py:878} INFO - 
================================================================================
DAG File Processing Stats

File Path                            PID    Runtime      # DAGs    # Errors  Last Runtime    Last Run
-----------------------------------  -----  ---------  --------  ----------  --------------  -------------------
/opt/airflow/dags/data_ingestion.py                           1           0  0.92s           2025-10-30T09:22:10
/opt/airflow/dags/etl_clickhouse.py                           1           0  0.87s           2025-10-30T09:22:17
================================================================================
[2025-10-30T09:22:54.376+0000] {manager.py:878} INFO - 
================================================================================
DAG File Processing Stats

File Path                            PID    Runtime      # DAGs    # Errors  Last Runtime    Last Run
-----------------------------------  -----  ---------  --------  ----------  --------------  -------------------
/opt/airflow/dags/data_ingestion.py                           1           0  1.07s           2025-10-30T09:22:42
/opt/airflow/dags/etl_clickhouse.py                           1           0  1.00s           2025-10-30T09:22:49
================================================================================
[2025-10-30T09:23:01.507+0000] {manager.py:737} INFO - Searching for files in /opt/airflow/dags
[2025-10-30T09:23:01.629+0000] {manager.py:740} INFO - There are 2 files in /opt/airflow/dags
[2025-10-30T09:23:24.949+0000] {manager.py:878} INFO - 
================================================================================
DAG File Processing Stats

File Path                            PID    Runtime      # DAGs    # Errors  Last Runtime    Last Run
-----------------------------------  -----  ---------  --------  ----------  --------------  -------------------
/opt/airflow/dags/etl_clickhouse.py                           1           0  0.98s           2025-10-30T09:23:20
/opt/airflow/dags/data_ingestion.py                           1           0  0.89s           2025-10-30T09:23:13
================================================================================
[2025-10-30T09:23:55.374+0000] {manager.py:878} INFO - 
================================================================================
DAG File Processing Stats

File Path                            PID    Runtime      # DAGs    # Errors  Last Runtime    Last Run
-----------------------------------  -----  ---------  --------  ----------  --------------  -------------------
/opt/airflow/dags/etl_clickhouse.py                           1           0  0.98s           2025-10-30T09:23:52
/opt/airflow/dags/data_ingestion.py                           1           0  0.93s           2025-10-30T09:23:45
================================================================================
[2025-10-30T09:24:25.917+0000] {manager.py:878} INFO - 
================================================================================
DAG File Processing Stats

File Path                            PID    Runtime      # DAGs    # Errors  Last Runtime    Last Run
-----------------------------------  -----  ---------  --------  ----------  --------------  -------------------
/opt/airflow/dags/data_ingestion.py                           1           0  1.02s           2025-10-30T09:24:16
/opt/airflow/dags/etl_clickhouse.py                           1           0  0.98s           2025-10-30T09:24:23
================================================================================
[2025-10-30T09:24:56.393+0000] {manager.py:878} INFO - 
================================================================================
DAG File Processing Stats

File Path                            PID    Runtime      # DAGs    # Errors  Last Runtime    Last Run
-----------------------------------  -----  ---------  --------  ----------  --------------  -------------------
/opt/airflow/dags/data_ingestion.py                           1           0  1.04s           2025-10-30T09:24:48
/opt/airflow/dags/etl_clickhouse.py                           1           0  0.94s           2025-10-30T09:24:55
================================================================================
[2025-10-30T09:25:26.720+0000] {manager.py:878} INFO - 
================================================================================
DAG File Processing Stats

File Path                            PID    Runtime      # DAGs    # Errors  Last Runtime    Last Run
-----------------------------------  -----  ---------  --------  ----------  --------------  -------------------
/opt/airflow/dags/etl_clickhouse.py                           1           0  0.95s           2025-10-30T09:25:26
/opt/airflow/dags/data_ingestion.py                           1           0  0.83s           2025-10-30T09:25:19
================================================================================
[2025-10-30T09:25:57.256+0000] {manager.py:878} INFO - 
================================================================================
DAG File Processing Stats

File Path                              PID  Runtime      # DAGs    # Errors  Last Runtime    Last Run
-----------------------------------  -----  ---------  --------  ----------  --------------  -------------------
/opt/airflow/dags/data_ingestion.py                           1           0  1.02s           2025-10-30T09:25:51
/opt/airflow/dags/etl_clickhouse.py  12998  0.01s             1           0  0.95s           2025-10-30T09:25:26
================================================================================
[2025-10-30T09:26:27.567+0000] {manager.py:878} INFO - 
================================================================================
DAG File Processing Stats

File Path                            PID    Runtime      # DAGs    # Errors  Last Runtime    Last Run
-----------------------------------  -----  ---------  --------  ----------  --------------  -------------------
/opt/airflow/dags/etl_clickhouse.py                           1           0  0.96s           2025-10-30T09:25:58
/opt/airflow/dags/data_ingestion.py                           1           0  0.88s           2025-10-30T09:26:22
================================================================================
[2025-10-30T09:26:58.069+0000] {manager.py:878} INFO - 
================================================================================
DAG File Processing Stats

File Path                            PID    Runtime      # DAGs    # Errors  Last Runtime    Last Run
-----------------------------------  -----  ---------  --------  ----------  --------------  -------------------
/opt/airflow/dags/etl_clickhouse.py                           1           0  1.07s           2025-10-30T09:26:29
/opt/airflow/dags/data_ingestion.py                           1           0  0.92s           2025-10-30T09:26:53
================================================================================
[2025-10-30T09:27:28.581+0000] {manager.py:878} INFO - 
================================================================================
DAG File Processing Stats

File Path                            PID    Runtime      # DAGs    # Errors  Last Runtime    Last Run
-----------------------------------  -----  ---------  --------  ----------  --------------  -------------------
/opt/airflow/dags/etl_clickhouse.py                           1           0  1.00s           2025-10-30T09:27:01
/opt/airflow/dags/data_ingestion.py                           1           0  0.87s           2025-10-30T09:27:25
================================================================================
[2025-10-30T09:27:58.891+0000] {manager.py:878} INFO - 
================================================================================
DAG File Processing Stats

File Path                            PID    Runtime      # DAGs    # Errors  Last Runtime    Last Run
-----------------------------------  -----  ---------  --------  ----------  --------------  -------------------
/opt/airflow/dags/etl_clickhouse.py                           1           0  0.99s           2025-10-30T09:27:32
/opt/airflow/dags/data_ingestion.py                           1           0  0.85s           2025-10-30T09:27:56
================================================================================
[2025-10-30T09:28:01.952+0000] {manager.py:737} INFO - Searching for files in /opt/airflow/dags
[2025-10-30T09:28:02.142+0000] {manager.py:740} INFO - There are 2 files in /opt/airflow/dags
[2025-10-30T09:28:29.490+0000] {manager.py:878} INFO - 
================================================================================
DAG File Processing Stats

File Path                            PID    Runtime      # DAGs    # Errors  Last Runtime    Last Run
-----------------------------------  -----  ---------  --------  ----------  --------------  -------------------
/opt/airflow/dags/etl_clickhouse.py                           1           0  0.89s           2025-10-30T09:28:04
/opt/airflow/dags/data_ingestion.py                           1           0  0.83s           2025-10-30T09:28:28
================================================================================
[2025-10-30T09:28:59.902+0000] {manager.py:878} INFO - 
================================================================================
DAG File Processing Stats

File Path                            PID    Runtime      # DAGs    # Errors  Last Runtime    Last Run
-----------------------------------  -----  ---------  --------  ----------  --------------  -------------------
/opt/airflow/dags/etl_clickhouse.py                           1           0  0.96s           2025-10-30T09:28:35
/opt/airflow/dags/data_ingestion.py                           1           0  0.89s           2025-10-30T09:28:59
================================================================================
[2025-10-30T09:29:30.450+0000] {manager.py:878} INFO - 
================================================================================
DAG File Processing Stats

File Path                              PID  Runtime      # DAGs    # Errors  Last Runtime    Last Run
-----------------------------------  -----  ---------  --------  ----------  --------------  -------------------
/opt/airflow/dags/etl_clickhouse.py                           1           0  0.90s           2025-10-30T09:29:06
/opt/airflow/dags/data_ingestion.py  13076  0.01s             1           0  0.89s           2025-10-30T09:28:59
================================================================================
[2025-10-30T09:30:00.799+0000] {manager.py:878} INFO - 
================================================================================
DAG File Processing Stats

File Path                            PID    Runtime      # DAGs    # Errors  Last Runtime    Last Run
-----------------------------------  -----  ---------  --------  ----------  --------------  -------------------
/opt/airflow/dags/etl_clickhouse.py                           1           0  1.00s           2025-10-30T09:29:38
/opt/airflow/dags/data_ingestion.py                           1           0  0.86s           2025-10-30T09:29:31
================================================================================
[2025-10-30T09:30:31.270+0000] {manager.py:878} INFO - 
================================================================================
DAG File Processing Stats

File Path                            PID    Runtime      # DAGs    # Errors  Last Runtime    Last Run
-----------------------------------  -----  ---------  --------  ----------  --------------  -------------------
/opt/airflow/dags/etl_clickhouse.py                           1           0  0.95s           2025-10-30T09:30:09
/opt/airflow/dags/data_ingestion.py                           1           0  0.91s           2025-10-30T09:30:02
================================================================================
[2025-10-30T09:31:01.715+0000] {manager.py:878} INFO - 
================================================================================
DAG File Processing Stats

File Path                            PID    Runtime      # DAGs    # Errors  Last Runtime    Last Run
-----------------------------------  -----  ---------  --------  ----------  --------------  -------------------
/opt/airflow/dags/etl_clickhouse.py                           1           0  0.92s           2025-10-30T09:30:41
/opt/airflow/dags/data_ingestion.py                           1           0  0.86s           2025-10-30T09:30:33
================================================================================
[2025-10-30T09:31:31.734+0000] {manager.py:878} INFO - 
================================================================================
DAG File Processing Stats

File Path                            PID    Runtime      # DAGs    # Errors  Last Runtime    Last Run
-----------------------------------  -----  ---------  --------  ----------  --------------  -------------------
/opt/airflow/dags/etl_clickhouse.py                           1           0  0.96s           2025-10-30T09:31:12
/opt/airflow/dags/data_ingestion.py                           1           0  0.79s           2025-10-30T09:31:04
================================================================================
[2025-10-30T09:32:02.101+0000] {manager.py:878} INFO - 
================================================================================
DAG File Processing Stats

File Path                            PID    Runtime      # DAGs    # Errors  Last Runtime    Last Run
-----------------------------------  -----  ---------  --------  ----------  --------------  -------------------
/opt/airflow/dags/etl_clickhouse.py                           1           0  0.94s           2025-10-30T09:31:43
/opt/airflow/dags/data_ingestion.py                           1           0  0.91s           2025-10-30T09:31:35
================================================================================
[2025-10-30T09:32:32.623+0000] {manager.py:878} INFO - 
================================================================================
DAG File Processing Stats

File Path                            PID    Runtime      # DAGs    # Errors  Last Runtime    Last Run
-----------------------------------  -----  ---------  --------  ----------  --------------  -------------------
/opt/airflow/dags/data_ingestion.py                           1           0  1.18s           2025-10-30T09:32:07
/opt/airflow/dags/etl_clickhouse.py                           1           0  0.94s           2025-10-30T09:32:15
================================================================================
[2025-10-30T09:33:02.099+0000] {manager.py:737} INFO - Searching for files in /opt/airflow/dags
[2025-10-30T09:33:02.216+0000] {manager.py:740} INFO - There are 2 files in /opt/airflow/dags
[2025-10-30T09:33:03.276+0000] {manager.py:878} INFO - 
================================================================================
DAG File Processing Stats

File Path                            PID    Runtime      # DAGs    # Errors  Last Runtime    Last Run
-----------------------------------  -----  ---------  --------  ----------  --------------  -------------------
/opt/airflow/dags/data_ingestion.py                           1           0  1.06s           2025-10-30T09:32:38
/opt/airflow/dags/etl_clickhouse.py                           1           0  0.95s           2025-10-30T09:32:46
================================================================================
[2025-10-30T09:33:33.919+0000] {manager.py:878} INFO - 
================================================================================
DAG File Processing Stats

File Path                            PID    Runtime      # DAGs    # Errors  Last Runtime    Last Run
-----------------------------------  -----  ---------  --------  ----------  --------------  -------------------
/opt/airflow/dags/etl_clickhouse.py                           1           0  1.05s           2025-10-30T09:33:18
/opt/airflow/dags/data_ingestion.py                           1           0  1.03s           2025-10-30T09:33:10
================================================================================
[2025-10-30T09:34:04.394+0000] {manager.py:878} INFO - 
================================================================================
DAG File Processing Stats

File Path                            PID    Runtime      # DAGs    # Errors  Last Runtime    Last Run
-----------------------------------  -----  ---------  --------  ----------  --------------  -------------------
/opt/airflow/dags/data_ingestion.py                           1           0  1.04s           2025-10-30T09:33:42
/opt/airflow/dags/etl_clickhouse.py                           1           0  0.95s           2025-10-30T09:33:50
================================================================================
[2025-10-30T09:34:34.933+0000] {manager.py:878} INFO - 
================================================================================
DAG File Processing Stats

File Path                            PID    Runtime      # DAGs    # Errors  Last Runtime    Last Run
-----------------------------------  -----  ---------  --------  ----------  --------------  -------------------
/opt/airflow/dags/data_ingestion.py                           1           0  1.02s           2025-10-30T09:34:13
/opt/airflow/dags/etl_clickhouse.py                           1           0  1.00s           2025-10-30T09:34:21
================================================================================
[2025-10-30T09:35:05.388+0000] {manager.py:878} INFO - 
================================================================================
DAG File Processing Stats

File Path                            PID    Runtime      # DAGs    # Errors  Last Runtime    Last Run
-----------------------------------  -----  ---------  --------  ----------  --------------  -------------------
/opt/airflow/dags/etl_clickhouse.py                           1           0  0.96s           2025-10-30T09:34:53
/opt/airflow/dags/data_ingestion.py                           1           0  0.93s           2025-10-30T09:34:45
================================================================================
[2025-10-30T09:35:35.802+0000] {manager.py:878} INFO - 
================================================================================
DAG File Processing Stats

File Path                            PID    Runtime      # DAGs    # Errors  Last Runtime    Last Run
-----------------------------------  -----  ---------  --------  ----------  --------------  -------------------
/opt/airflow/dags/etl_clickhouse.py                           1           0  0.99s           2025-10-30T09:35:24
/opt/airflow/dags/data_ingestion.py                           1           0  0.89s           2025-10-30T09:35:16
================================================================================
[2025-10-30T09:36:06.287+0000] {manager.py:878} INFO - 
================================================================================
DAG File Processing Stats

File Path                            PID    Runtime      # DAGs    # Errors  Last Runtime    Last Run
-----------------------------------  -----  ---------  --------  ----------  --------------  -------------------
/opt/airflow/dags/etl_clickhouse.py                           1           0  1.11s           2025-10-30T09:35:56
/opt/airflow/dags/data_ingestion.py                           1           0  1.03s           2025-10-30T09:35:47
================================================================================
[2025-10-30T09:36:36.716+0000] {manager.py:878} INFO - 
================================================================================
DAG File Processing Stats

File Path                            PID    Runtime      # DAGs    # Errors  Last Runtime    Last Run
-----------------------------------  -----  ---------  --------  ----------  --------------  -------------------
/opt/airflow/dags/etl_clickhouse.py                           1           0  1.20s           2025-10-30T09:36:27
/opt/airflow/dags/data_ingestion.py                           1           0  0.90s           2025-10-30T09:36:19
================================================================================
[2025-10-30T09:37:07.156+0000] {manager.py:878} INFO - 
================================================================================
DAG File Processing Stats

File Path                            PID    Runtime      # DAGs    # Errors  Last Runtime    Last Run
-----------------------------------  -----  ---------  --------  ----------  --------------  -------------------
/opt/airflow/dags/etl_clickhouse.py                           1           0  1.04s           2025-10-30T09:36:59
/opt/airflow/dags/data_ingestion.py                           1           0  1.00s           2025-10-30T09:36:50
================================================================================
[2025-10-30T09:37:37.652+0000] {manager.py:878} INFO - 
================================================================================
DAG File Processing Stats

File Path                            PID    Runtime      # DAGs    # Errors  Last Runtime    Last Run
-----------------------------------  -----  ---------  --------  ----------  --------------  -------------------
/opt/airflow/dags/etl_clickhouse.py                           1           0  1.10s           2025-10-30T09:37:30
/opt/airflow/dags/data_ingestion.py                           1           0  0.93s           2025-10-30T09:37:22
================================================================================
[2025-10-30T09:38:02.116+0000] {manager.py:737} INFO - Searching for files in /opt/airflow/dags
[2025-10-30T09:38:02.212+0000] {manager.py:740} INFO - There are 2 files in /opt/airflow/dags
[2025-10-30T09:38:08.021+0000] {manager.py:878} INFO - 
================================================================================
DAG File Processing Stats

File Path                            PID    Runtime      # DAGs    # Errors  Last Runtime    Last Run
-----------------------------------  -----  ---------  --------  ----------  --------------  -------------------
/opt/airflow/dags/etl_clickhouse.py                           1           0  0.97s           2025-10-30T09:38:01
/opt/airflow/dags/data_ingestion.py                           1           0  0.84s           2025-10-30T09:37:53
================================================================================
[2025-10-30T09:38:38.567+0000] {manager.py:878} INFO - 
================================================================================
DAG File Processing Stats

File Path                            PID    Runtime      # DAGs    # Errors  Last Runtime    Last Run
-----------------------------------  -----  ---------  --------  ----------  --------------  -------------------
/opt/airflow/dags/etl_clickhouse.py                           1           0  1.16s           2025-10-30T09:38:33
/opt/airflow/dags/data_ingestion.py                           1           0  1.01s           2025-10-30T09:38:25
================================================================================
[2025-10-30T09:39:09.047+0000] {manager.py:878} INFO - 
================================================================================
DAG File Processing Stats

File Path                            PID    Runtime      # DAGs    # Errors  Last Runtime    Last Run
-----------------------------------  -----  ---------  --------  ----------  --------------  -------------------
/opt/airflow/dags/data_ingestion.py                           1           0  0.98s           2025-10-30T09:38:56
/opt/airflow/dags/etl_clickhouse.py                           1           0  0.96s           2025-10-30T09:39:04
================================================================================
[2025-10-30T09:39:39.456+0000] {manager.py:878} INFO - 
================================================================================
DAG File Processing Stats

File Path                            PID    Runtime      # DAGs    # Errors  Last Runtime    Last Run
-----------------------------------  -----  ---------  --------  ----------  --------------  -------------------
/opt/airflow/dags/etl_clickhouse.py                           1           0  0.96s           2025-10-30T09:39:36
/opt/airflow/dags/data_ingestion.py                           1           0  0.90s           2025-10-30T09:39:28
================================================================================
[2025-10-30T09:40:09.910+0000] {manager.py:878} INFO - 
================================================================================
DAG File Processing Stats

File Path                            PID    Runtime      # DAGs    # Errors  Last Runtime    Last Run
-----------------------------------  -----  ---------  --------  ----------  --------------  -------------------
/opt/airflow/dags/etl_clickhouse.py                           1           0  1.04s           2025-10-30T09:40:07
/opt/airflow/dags/data_ingestion.py                           1           0  0.86s           2025-10-30T09:39:59
================================================================================
[2025-10-30T09:40:40.328+0000] {manager.py:878} INFO - 
================================================================================
DAG File Processing Stats

File Path                            PID    Runtime      # DAGs    # Errors  Last Runtime    Last Run
-----------------------------------  -----  ---------  --------  ----------  --------------  -------------------
/opt/airflow/dags/etl_clickhouse.py                           1           0  1.00s           2025-10-30T09:40:39
/opt/airflow/dags/data_ingestion.py                           1           0  0.92s           2025-10-30T09:40:31
================================================================================
[2025-10-30T09:41:10.680+0000] {manager.py:878} INFO - 
================================================================================
DAG File Processing Stats

File Path                              PID  Runtime      # DAGs    # Errors  Last Runtime    Last Run
-----------------------------------  -----  ---------  --------  ----------  --------------  -------------------
/opt/airflow/dags/etl_clickhouse.py  13346  1.03s             1           0  1.00s           2025-10-30T09:40:39
/opt/airflow/dags/data_ingestion.py                           1           0  0.81s           2025-10-30T09:41:02
================================================================================
[2025-10-30T09:41:41.248+0000] {manager.py:878} INFO - 
================================================================================
DAG File Processing Stats

File Path                              PID  Runtime      # DAGs    # Errors  Last Runtime    Last Run
-----------------------------------  -----  ---------  --------  ----------  --------------  -------------------
/opt/airflow/dags/etl_clickhouse.py  13358  0.01s             1           0  1.16s           2025-10-30T09:41:10
/opt/airflow/dags/data_ingestion.py                           1           0  0.90s           2025-10-30T09:41:34
================================================================================
[2025-10-30T09:42:11.577+0000] {manager.py:878} INFO - 
================================================================================
DAG File Processing Stats

File Path                            PID    Runtime      # DAGs    # Errors  Last Runtime    Last Run
-----------------------------------  -----  ---------  --------  ----------  --------------  -------------------
/opt/airflow/dags/etl_clickhouse.py                           1           0  0.95s           2025-10-30T09:41:42
/opt/airflow/dags/data_ingestion.py                           1           0  0.87s           2025-10-30T09:42:05
================================================================================
[2025-10-30T09:42:42.114+0000] {manager.py:878} INFO - 
================================================================================
DAG File Processing Stats

File Path                            PID    Runtime      # DAGs    # Errors  Last Runtime    Last Run
-----------------------------------  -----  ---------  --------  ----------  --------------  -------------------
/opt/airflow/dags/etl_clickhouse.py                           1           0  1.05s           2025-10-30T09:42:13
/opt/airflow/dags/data_ingestion.py                           1           0  1.04s           2025-10-30T09:42:37
================================================================================
[2025-10-30T09:43:02.466+0000] {manager.py:737} INFO - Searching for files in /opt/airflow/dags
[2025-10-30T09:43:02.562+0000] {manager.py:740} INFO - There are 2 files in /opt/airflow/dags
[2025-10-30T09:43:12.681+0000] {manager.py:878} INFO - 
================================================================================
DAG File Processing Stats

File Path                            PID    Runtime      # DAGs    # Errors  Last Runtime    Last Run
-----------------------------------  -----  ---------  --------  ----------  --------------  -------------------
/opt/airflow/dags/etl_clickhouse.py                           1           0  1.23s           2025-10-30T09:42:45
/opt/airflow/dags/data_ingestion.py                           1           0  0.88s           2025-10-30T09:43:08
================================================================================
[2025-10-30T09:43:43.175+0000] {manager.py:878} INFO - 
================================================================================
DAG File Processing Stats

File Path                            PID    Runtime      # DAGs    # Errors  Last Runtime    Last Run
-----------------------------------  -----  ---------  --------  ----------  --------------  -------------------
/opt/airflow/dags/data_ingestion.py                           1           0  1.05s           2025-10-30T09:43:40
/opt/airflow/dags/etl_clickhouse.py                           1           0  0.92s           2025-10-30T09:43:16
================================================================================
[2025-10-30T09:44:13.617+0000] {manager.py:878} INFO - 
================================================================================
DAG File Processing Stats

File Path                            PID    Runtime      # DAGs    # Errors  Last Runtime    Last Run
-----------------------------------  -----  ---------  --------  ----------  --------------  -------------------
/opt/airflow/dags/etl_clickhouse.py                           1           0  0.99s           2025-10-30T09:43:48
/opt/airflow/dags/data_ingestion.py                           1           0  0.90s           2025-10-30T09:44:11
================================================================================
[2025-10-30T09:44:43.952+0000] {manager.py:878} INFO - 
================================================================================
DAG File Processing Stats

File Path                            PID    Runtime      # DAGs    # Errors  Last Runtime    Last Run
-----------------------------------  -----  ---------  --------  ----------  --------------  -------------------
/opt/airflow/dags/etl_clickhouse.py                           1           0  0.94s           2025-10-30T09:44:19
/opt/airflow/dags/data_ingestion.py                           1           0  0.90s           2025-10-30T09:44:42
================================================================================
[2025-10-30T09:45:14.577+0000] {manager.py:878} INFO - 
================================================================================
DAG File Processing Stats

File Path                            PID    Runtime      # DAGs    # Errors  Last Runtime    Last Run
-----------------------------------  -----  ---------  --------  ----------  --------------  -------------------
/opt/airflow/dags/etl_clickhouse.py                           1           0  1.23s           2025-10-30T09:44:51
/opt/airflow/dags/data_ingestion.py                           1           0  0.94s           2025-10-30T09:45:14
================================================================================
[2025-10-30T09:45:45.094+0000] {manager.py:878} INFO - 
================================================================================
DAG File Processing Stats

File Path                              PID  Runtime      # DAGs    # Errors  Last Runtime    Last Run
-----------------------------------  -----  ---------  --------  ----------  --------------  -------------------
/opt/airflow/dags/etl_clickhouse.py                           1           0  0.97s           2025-10-30T09:45:22
/opt/airflow/dags/data_ingestion.py  13448  0.01s             1           0  0.94s           2025-10-30T09:45:14
================================================================================
[2025-10-30T09:46:15.459+0000] {manager.py:878} INFO - 
================================================================================
DAG File Processing Stats

File Path                            PID    Runtime      # DAGs    # Errors  Last Runtime    Last Run
-----------------------------------  -----  ---------  --------  ----------  --------------  -------------------
/opt/airflow/dags/data_ingestion.py                           1           0  0.94s           2025-10-30T09:45:46
/opt/airflow/dags/etl_clickhouse.py                           1           0  0.93s           2025-10-30T09:45:54
================================================================================
[2025-10-30T09:46:45.798+0000] {manager.py:878} INFO - 
================================================================================
DAG File Processing Stats

File Path                            PID    Runtime      # DAGs    # Errors  Last Runtime    Last Run
-----------------------------------  -----  ---------  --------  ----------  --------------  -------------------
/opt/airflow/dags/etl_clickhouse.py                           1           0  0.95s           2025-10-30T09:46:25
/opt/airflow/dags/data_ingestion.py                           1           0  0.84s           2025-10-30T09:46:17
================================================================================
[2025-10-30T09:47:16.209+0000] {manager.py:878} INFO - 
================================================================================
DAG File Processing Stats

File Path                            PID    Runtime      # DAGs    # Errors  Last Runtime    Last Run
-----------------------------------  -----  ---------  --------  ----------  --------------  -------------------
/opt/airflow/dags/etl_clickhouse.py                           1           0  1.24s           2025-10-30T09:46:57
/opt/airflow/dags/data_ingestion.py                           1           0  0.87s           2025-10-30T09:46:48
================================================================================
[2025-10-30T09:47:46.762+0000] {manager.py:878} INFO - 
================================================================================
DAG File Processing Stats

File Path                            PID    Runtime      # DAGs    # Errors  Last Runtime    Last Run
-----------------------------------  -----  ---------  --------  ----------  --------------  -------------------
/opt/airflow/dags/etl_clickhouse.py                           1           0  1.12s           2025-10-30T09:47:28
/opt/airflow/dags/data_ingestion.py                           1           0  1.02s           2025-10-30T09:47:20
================================================================================
[2025-10-30T09:48:02.847+0000] {manager.py:737} INFO - Searching for files in /opt/airflow/dags
[2025-10-30T09:48:03.019+0000] {manager.py:740} INFO - There are 2 files in /opt/airflow/dags
[2025-10-30T09:48:17.303+0000] {manager.py:878} INFO - 
================================================================================
DAG File Processing Stats

File Path                            PID    Runtime      # DAGs    # Errors  Last Runtime    Last Run
-----------------------------------  -----  ---------  --------  ----------  --------------  -------------------
/opt/airflow/dags/etl_clickhouse.py                           1           0  0.94s           2025-10-30T09:47:59
/opt/airflow/dags/data_ingestion.py                           1           0  0.87s           2025-10-30T09:47:51
================================================================================
[2025-10-30T09:48:47.718+0000] {manager.py:878} INFO - 
================================================================================
DAG File Processing Stats

File Path                            PID    Runtime      # DAGs    # Errors  Last Runtime    Last Run
-----------------------------------  -----  ---------  --------  ----------  --------------  -------------------
/opt/airflow/dags/etl_clickhouse.py                           1           0  0.94s           2025-10-30T09:48:31
/opt/airflow/dags/data_ingestion.py                           1           0  0.91s           2025-10-30T09:48:23
================================================================================
[2025-10-30T09:49:18.132+0000] {manager.py:878} INFO - 
================================================================================
DAG File Processing Stats

File Path                            PID    Runtime      # DAGs    # Errors  Last Runtime    Last Run
-----------------------------------  -----  ---------  --------  ----------  --------------  -------------------
/opt/airflow/dags/etl_clickhouse.py                           1           0  1.19s           2025-10-30T09:49:03
/opt/airflow/dags/data_ingestion.py                           1           0  0.92s           2025-10-30T09:48:54
================================================================================
[2025-10-30T09:49:48.775+0000] {manager.py:878} INFO - 
================================================================================
DAG File Processing Stats

File Path                            PID    Runtime      # DAGs    # Errors  Last Runtime    Last Run
-----------------------------------  -----  ---------  --------  ----------  --------------  -------------------
/opt/airflow/dags/etl_clickhouse.py                           1           0  1.16s           2025-10-30T09:49:34
/opt/airflow/dags/data_ingestion.py                           1           0  1.07s           2025-10-30T09:49:26
================================================================================
[2025-10-30T09:50:19.129+0000] {manager.py:878} INFO - 
================================================================================
DAG File Processing Stats

File Path                            PID    Runtime      # DAGs    # Errors  Last Runtime    Last Run
-----------------------------------  -----  ---------  --------  ----------  --------------  -------------------
/opt/airflow/dags/etl_clickhouse.py                           1           0  0.91s           2025-10-30T09:50:05
/opt/airflow/dags/data_ingestion.py                           1           0  0.90s           2025-10-30T09:49:57
================================================================================
[2025-10-30T09:50:49.493+0000] {manager.py:878} INFO - 
================================================================================
DAG File Processing Stats

File Path                            PID    Runtime      # DAGs    # Errors  Last Runtime    Last Run
-----------------------------------  -----  ---------  --------  ----------  --------------  -------------------
/opt/airflow/dags/etl_clickhouse.py                           1           0  0.97s           2025-10-30T09:50:37
/opt/airflow/dags/data_ingestion.py                           1           0  0.86s           2025-10-30T09:50:29
================================================================================
[2025-10-30T09:51:20.025+0000] {manager.py:878} INFO - 
================================================================================
DAG File Processing Stats

File Path                            PID    Runtime      # DAGs    # Errors  Last Runtime    Last Run
-----------------------------------  -----  ---------  --------  ----------  --------------  -------------------
/opt/airflow/dags/etl_clickhouse.py                           1           0  1.24s           2025-10-30T09:51:09
/opt/airflow/dags/data_ingestion.py                           1           0  0.96s           2025-10-30T09:51:00
================================================================================
[2025-10-30T09:51:50.595+0000] {manager.py:878} INFO - 
================================================================================
DAG File Processing Stats

File Path                            PID    Runtime      # DAGs    # Errors  Last Runtime    Last Run
-----------------------------------  -----  ---------  --------  ----------  --------------  -------------------
/opt/airflow/dags/etl_clickhouse.py                           1           0  1.29s           2025-10-30T09:51:40
/opt/airflow/dags/data_ingestion.py                           1           0  1.11s           2025-10-30T09:51:32
================================================================================
[2025-10-30T09:52:21.291+0000] {manager.py:878} INFO - 
================================================================================
DAG File Processing Stats

File Path                            PID    Runtime      # DAGs    # Errors  Last Runtime    Last Run
-----------------------------------  -----  ---------  --------  ----------  --------------  -------------------
/opt/airflow/dags/data_ingestion.py                           1           0  1.22s           2025-10-30T09:52:04
/opt/airflow/dags/etl_clickhouse.py                           1           0  1.22s           2025-10-30T09:52:12
================================================================================
[2025-10-30T09:52:51.809+0000] {manager.py:878} INFO - 
================================================================================
DAG File Processing Stats

File Path                            PID    Runtime      # DAGs    # Errors  Last Runtime    Last Run
-----------------------------------  -----  ---------  --------  ----------  --------------  -------------------
/opt/airflow/dags/data_ingestion.py                           1           0  1.09s           2025-10-30T09:52:35
/opt/airflow/dags/etl_clickhouse.py                           1           0  0.96s           2025-10-30T09:52:43
================================================================================
[2025-10-30T09:53:02.969+0000] {manager.py:737} INFO - Searching for files in /opt/airflow/dags
[2025-10-30T09:53:03.068+0000] {manager.py:740} INFO - There are 2 files in /opt/airflow/dags
[2025-10-30T09:53:22.475+0000] {manager.py:878} INFO - 
================================================================================
DAG File Processing Stats

File Path                            PID    Runtime      # DAGs    # Errors  Last Runtime    Last Run
-----------------------------------  -----  ---------  --------  ----------  --------------  -------------------
/opt/airflow/dags/etl_clickhouse.py                           1           0  1.21s           2025-10-30T09:53:15
/opt/airflow/dags/data_ingestion.py                           1           0  0.89s           2025-10-30T09:53:07
================================================================================
[2025-10-30T09:53:53.080+0000] {manager.py:878} INFO - 
================================================================================
DAG File Processing Stats

File Path                            PID    Runtime      # DAGs    # Errors  Last Runtime    Last Run
-----------------------------------  -----  ---------  --------  ----------  --------------  -------------------
/opt/airflow/dags/data_ingestion.py                           1           0  1.53s           2025-10-30T09:53:39
/opt/airflow/dags/etl_clickhouse.py                           1           0  1.15s           2025-10-30T09:53:47
================================================================================
[2025-10-30T09:54:23.847+0000] {manager.py:878} INFO - 
================================================================================
DAG File Processing Stats

File Path                            PID    Runtime      # DAGs    # Errors  Last Runtime    Last Run
-----------------------------------  -----  ---------  --------  ----------  --------------  -------------------
/opt/airflow/dags/etl_clickhouse.py                           1           0  1.30s           2025-10-30T09:54:18
/opt/airflow/dags/data_ingestion.py                           1           0  1.19s           2025-10-30T09:54:10
================================================================================
[2025-10-30T09:54:54.386+0000] {manager.py:878} INFO - 
================================================================================
DAG File Processing Stats

File Path                            PID    Runtime      # DAGs    # Errors  Last Runtime    Last Run
-----------------------------------  -----  ---------  --------  ----------  --------------  -------------------
/opt/airflow/dags/data_ingestion.py                           1           0  1.05s           2025-10-30T09:54:42
/opt/airflow/dags/etl_clickhouse.py                           1           0  0.95s           2025-10-30T09:54:50
================================================================================
[2025-10-30T09:55:25.026+0000] {manager.py:878} INFO - 
================================================================================
DAG File Processing Stats

File Path                            PID    Runtime      # DAGs    # Errors  Last Runtime    Last Run
-----------------------------------  -----  ---------  --------  ----------  --------------  -------------------
/opt/airflow/dags/etl_clickhouse.py                           1           0  1.22s           2025-10-30T09:55:22
/opt/airflow/dags/data_ingestion.py                           1           0  0.90s           2025-10-30T09:55:13
================================================================================
[2025-10-30T09:55:55.580+0000] {manager.py:878} INFO - 
================================================================================
DAG File Processing Stats

File Path                            PID    Runtime      # DAGs    # Errors  Last Runtime    Last Run
-----------------------------------  -----  ---------  --------  ----------  --------------  -------------------
/opt/airflow/dags/etl_clickhouse.py                           1           0  1.32s           2025-10-30T09:55:53
/opt/airflow/dags/data_ingestion.py                           1           0  1.04s           2025-10-30T09:55:45
================================================================================
[2025-10-30T09:56:26.402+0000] {manager.py:878} INFO - 
================================================================================
DAG File Processing Stats

File Path                            PID    Runtime      # DAGs    # Errors  Last Runtime    Last Run
-----------------------------------  -----  ---------  --------  ----------  --------------  -------------------
/opt/airflow/dags/etl_clickhouse.py                           1           0  1.28s           2025-10-30T09:56:25
/opt/airflow/dags/data_ingestion.py                           1           0  1.26s           2025-10-30T09:56:17
================================================================================
[2025-10-30T09:56:56.707+0000] {manager.py:878} INFO - 
================================================================================
DAG File Processing Stats

File Path                            PID    Runtime      # DAGs    # Errors  Last Runtime    Last Run
-----------------------------------  -----  ---------  --------  ----------  --------------  -------------------
/opt/airflow/dags/etl_clickhouse.py                           1           0  0.90s           2025-10-30T09:56:56
/opt/airflow/dags/data_ingestion.py                           1           0  0.86s           2025-10-30T09:56:48
================================================================================
[2025-10-30T09:57:27.233+0000] {manager.py:878} INFO - 
================================================================================
DAG File Processing Stats

File Path                              PID  Runtime      # DAGs    # Errors  Last Runtime    Last Run
-----------------------------------  -----  ---------  --------  ----------  --------------  -------------------
/opt/airflow/dags/data_ingestion.py                           1           0  0.93s           2025-10-30T09:57:20
/opt/airflow/dags/etl_clickhouse.py  13718  0.01s             1           0  0.90s           2025-10-30T09:56:56
================================================================================
[2025-10-30T09:57:57.968+0000] {manager.py:878} INFO - 
================================================================================
DAG File Processing Stats

File Path                            PID    Runtime      # DAGs    # Errors  Last Runtime    Last Run
-----------------------------------  -----  ---------  --------  ----------  --------------  -------------------
/opt/airflow/dags/etl_clickhouse.py                           1           0  1.25s           2025-10-30T09:57:28
/opt/airflow/dags/data_ingestion.py                           1           0  1.11s           2025-10-30T09:57:51
================================================================================
[2025-10-30T09:58:03.113+0000] {manager.py:737} INFO - Searching for files in /opt/airflow/dags
[2025-10-30T09:58:03.200+0000] {manager.py:740} INFO - There are 2 files in /opt/airflow/dags
[2025-10-30T09:58:28.711+0000] {manager.py:878} INFO - 
================================================================================
DAG File Processing Stats

File Path                            PID    Runtime      # DAGs    # Errors  Last Runtime    Last Run
-----------------------------------  -----  ---------  --------  ----------  --------------  -------------------
/opt/airflow/dags/data_ingestion.py                           1           0  1.22s           2025-10-30T09:58:23
/opt/airflow/dags/etl_clickhouse.py                           1           0  1.06s           2025-10-30T09:58:00
================================================================================
[2025-10-30T09:58:59.464+0000] {manager.py:878} INFO - 
================================================================================
DAG File Processing Stats

File Path                            PID    Runtime      # DAGs    # Errors  Last Runtime    Last Run
-----------------------------------  -----  ---------  --------  ----------  --------------  -------------------
/opt/airflow/dags/etl_clickhouse.py                           1           0  1.18s           2025-10-30T09:58:31
/opt/airflow/dags/data_ingestion.py                           1           0  1.05s           2025-10-30T09:58:55
================================================================================
[2025-10-30T09:59:29.885+0000] {manager.py:878} INFO - 
================================================================================
DAG File Processing Stats

File Path                            PID    Runtime      # DAGs    # Errors  Last Runtime    Last Run
-----------------------------------  -----  ---------  --------  ----------  --------------  -------------------
/opt/airflow/dags/etl_clickhouse.py                           1           0  1.39s           2025-10-30T09:59:03
/opt/airflow/dags/data_ingestion.py                           1           0  0.91s           2025-10-30T09:59:26
================================================================================
[2025-10-30T10:00:00.399+0000] {manager.py:878} INFO - 
================================================================================
DAG File Processing Stats

File Path                            PID    Runtime      # DAGs    # Errors  Last Runtime    Last Run
-----------------------------------  -----  ---------  --------  ----------  --------------  -------------------
/opt/airflow/dags/etl_clickhouse.py                           1           0  1.25s           2025-10-30T09:59:35
/opt/airflow/dags/data_ingestion.py                           1           0  1.15s           2025-10-30T09:59:58
================================================================================
[2025-10-30T10:00:31.041+0000] {manager.py:878} INFO - 
================================================================================
DAG File Processing Stats

File Path                            PID    Runtime      # DAGs    # Errors  Last Runtime    Last Run
-----------------------------------  -----  ---------  --------  ----------  --------------  -------------------
/opt/airflow/dags/etl_clickhouse.py                           1           0  1.56s           2025-10-30T10:00:07
/opt/airflow/dags/data_ingestion.py                           1           0  1.09s           2025-10-30T10:00:30
================================================================================
[2025-10-30T10:01:01.686+0000] {manager.py:878} INFO - 
================================================================================
DAG File Processing Stats

File Path                              PID  Runtime      # DAGs    # Errors  Last Runtime    Last Run
-----------------------------------  -----  ---------  --------  ----------  --------------  -------------------
/opt/airflow/dags/etl_clickhouse.py                           1           0  1.29s           2025-10-30T10:00:38
/opt/airflow/dags/data_ingestion.py  13796  1.03s             1           0  1.09s           2025-10-30T10:00:30
================================================================================
[2025-10-30T10:01:32.256+0000] {manager.py:878} INFO - 
================================================================================
DAG File Processing Stats

File Path                              PID  Runtime      # DAGs    # Errors  Last Runtime    Last Run
-----------------------------------  -----  ---------  --------  ----------  --------------  -------------------
/opt/airflow/dags/etl_clickhouse.py                           1           0  1.40s           2025-10-30T10:01:10
/opt/airflow/dags/data_ingestion.py  13808  0.01s             1           0  1.07s           2025-10-30T10:01:01
================================================================================
[2025-10-30T10:02:02.685+0000] {manager.py:878} INFO - 
================================================================================
DAG File Processing Stats

File Path                            PID    Runtime      # DAGs    # Errors  Last Runtime    Last Run
-----------------------------------  -----  ---------  --------  ----------  --------------  -------------------
/opt/airflow/dags/etl_clickhouse.py                           1           0  1.34s           2025-10-30T10:01:41
/opt/airflow/dags/data_ingestion.py                           1           0  0.94s           2025-10-30T10:01:33
================================================================================
[2025-10-30T10:02:33.248+0000] {manager.py:878} INFO - 
================================================================================
DAG File Processing Stats

File Path                            PID    Runtime      # DAGs    # Errors  Last Runtime    Last Run
-----------------------------------  -----  ---------  --------  ----------  --------------  -------------------
/opt/airflow/dags/etl_clickhouse.py                           1           0  1.40s           2025-10-30T10:02:13
/opt/airflow/dags/data_ingestion.py                           1           0  1.05s           2025-10-30T10:02:04
================================================================================
[2025-10-30T10:03:03.811+0000] {manager.py:737} INFO - Searching for files in /opt/airflow/dags
[2025-10-30T10:03:03.903+0000] {manager.py:740} INFO - There are 2 files in /opt/airflow/dags
[2025-10-30T10:03:03.937+0000] {manager.py:878} INFO - 
================================================================================
DAG File Processing Stats

File Path                            PID    Runtime      # DAGs    # Errors  Last Runtime    Last Run
-----------------------------------  -----  ---------  --------  ----------  --------------  -------------------
/opt/airflow/dags/etl_clickhouse.py                           1           0  1.19s           2025-10-30T10:02:44
/opt/airflow/dags/data_ingestion.py                           1           0  1.12s           2025-10-30T10:02:36
================================================================================
[2025-10-30T10:03:34.547+0000] {manager.py:878} INFO - 
================================================================================
DAG File Processing Stats

File Path                            PID    Runtime      # DAGs    # Errors  Last Runtime    Last Run
-----------------------------------  -----  ---------  --------  ----------  --------------  -------------------
/opt/airflow/dags/etl_clickhouse.py                           1           0  1.23s           2025-10-30T10:03:16
/opt/airflow/dags/data_ingestion.py                           1           0  1.10s           2025-10-30T10:03:08
================================================================================
[2025-10-30T10:04:05.265+0000] {manager.py:878} INFO - 
================================================================================
DAG File Processing Stats

File Path                            PID    Runtime      # DAGs    # Errors  Last Runtime    Last Run
-----------------------------------  -----  ---------  --------  ----------  --------------  -------------------
/opt/airflow/dags/data_ingestion.py                           1           0  1.38s           2025-10-30T10:03:40
/opt/airflow/dags/etl_clickhouse.py                           1           0  1.20s           2025-10-30T10:03:48
================================================================================
[2025-10-30T10:04:35.989+0000] {manager.py:878} INFO - 
================================================================================
DAG File Processing Stats

File Path                            PID    Runtime      # DAGs    # Errors  Last Runtime    Last Run
-----------------------------------  -----  ---------  --------  ----------  --------------  -------------------
/opt/airflow/dags/data_ingestion.py                           1           0  1.36s           2025-10-30T10:04:11
/opt/airflow/dags/etl_clickhouse.py                           1           0  1.12s           2025-10-30T10:04:19
================================================================================
[2025-10-30T10:05:06.715+0000] {manager.py:878} INFO - 
================================================================================
DAG File Processing Stats

File Path                            PID    Runtime      # DAGs    # Errors  Last Runtime    Last Run
-----------------------------------  -----  ---------  --------  ----------  --------------  -------------------
/opt/airflow/dags/etl_clickhouse.py                           1           0  1.28s           2025-10-30T10:04:51
/opt/airflow/dags/data_ingestion.py                           1           0  1.17s           2025-10-30T10:04:43
================================================================================
[2025-10-30T10:05:37.405+0000] {manager.py:878} INFO - 
================================================================================
DAG File Processing Stats

File Path                            PID    Runtime      # DAGs    # Errors  Last Runtime    Last Run
-----------------------------------  -----  ---------  --------  ----------  --------------  -------------------
/opt/airflow/dags/data_ingestion.py                           1           0  1.16s           2025-10-30T10:05:15
/opt/airflow/dags/etl_clickhouse.py                           1           0  1.16s           2025-10-30T10:05:23
================================================================================
[2025-10-30T10:06:07.940+0000] {manager.py:878} INFO - 
================================================================================
DAG File Processing Stats

File Path                            PID    Runtime      # DAGs    # Errors  Last Runtime    Last Run
-----------------------------------  -----  ---------  --------  ----------  --------------  -------------------
/opt/airflow/dags/data_ingestion.py                           1           0  1.17s           2025-10-30T10:05:46
/opt/airflow/dags/etl_clickhouse.py                           1           0  1.12s           2025-10-30T10:05:54
================================================================================
[2025-10-30T10:06:38.274+0000] {manager.py:878} INFO - 
================================================================================
DAG File Processing Stats

File Path                            PID    Runtime      # DAGs    # Errors  Last Runtime    Last Run
-----------------------------------  -----  ---------  --------  ----------  --------------  -------------------
/opt/airflow/dags/etl_clickhouse.py                           1           0  1.81s           2025-10-30T10:06:27
/opt/airflow/dags/data_ingestion.py                           1           0  1.09s           2025-10-30T10:06:18
================================================================================
[2025-10-30T10:07:08.954+0000] {manager.py:878} INFO - 
================================================================================
DAG File Processing Stats

File Path                            PID    Runtime      # DAGs    # Errors  Last Runtime    Last Run
-----------------------------------  -----  ---------  --------  ----------  --------------  -------------------
/opt/airflow/dags/data_ingestion.py                           1           0  1.15s           2025-10-30T10:06:49
/opt/airflow/dags/etl_clickhouse.py                           1           0  1.15s           2025-10-30T10:06:58
================================================================================
[2025-10-30T10:07:39.579+0000] {manager.py:878} INFO - 
================================================================================
DAG File Processing Stats

File Path                            PID    Runtime      # DAGs    # Errors  Last Runtime    Last Run
-----------------------------------  -----  ---------  --------  ----------  --------------  -------------------
/opt/airflow/dags/data_ingestion.py                           1           0  1.43s           2025-10-30T10:07:21
/opt/airflow/dags/etl_clickhouse.py                           1           0  1.17s           2025-10-30T10:07:30
================================================================================
[2025-10-30T10:08:04.188+0000] {manager.py:737} INFO - Searching for files in /opt/airflow/dags
[2025-10-30T10:08:04.281+0000] {manager.py:740} INFO - There are 2 files in /opt/airflow/dags
[2025-10-30T10:08:10.426+0000] {manager.py:878} INFO - 
================================================================================
DAG File Processing Stats

File Path                            PID    Runtime      # DAGs    # Errors  Last Runtime    Last Run
-----------------------------------  -----  ---------  --------  ----------  --------------  -------------------
/opt/airflow/dags/etl_clickhouse.py                           1           0  1.19s           2025-10-30T10:08:02
/opt/airflow/dags/data_ingestion.py                           1           0  1.16s           2025-10-30T10:07:52
================================================================================
[2025-10-30T10:08:41.013+0000] {manager.py:878} INFO - 
================================================================================
DAG File Processing Stats

File Path                            PID    Runtime      # DAGs    # Errors  Last Runtime    Last Run
-----------------------------------  -----  ---------  --------  ----------  --------------  -------------------
/opt/airflow/dags/etl_clickhouse.py                           1           0  1.22s           2025-10-30T10:08:34
/opt/airflow/dags/data_ingestion.py                           1           0  1.03s           2025-10-30T10:08:24
================================================================================
[2025-10-30T10:09:11.673+0000] {manager.py:878} INFO - 
================================================================================
DAG File Processing Stats

File Path                            PID    Runtime      # DAGs    # Errors  Last Runtime    Last Run
-----------------------------------  -----  ---------  --------  ----------  --------------  -------------------
/opt/airflow/dags/etl_clickhouse.py                           1           0  1.14s           2025-10-30T10:09:05
/opt/airflow/dags/data_ingestion.py                           1           0  1.14s           2025-10-30T10:08:56
================================================================================
[2025-10-30T10:09:42.342+0000] {manager.py:878} INFO - 
================================================================================
DAG File Processing Stats

File Path                            PID    Runtime      # DAGs    # Errors  Last Runtime    Last Run
-----------------------------------  -----  ---------  --------  ----------  --------------  -------------------
/opt/airflow/dags/etl_clickhouse.py                           1           0  1.25s           2025-10-30T10:09:37
/opt/airflow/dags/data_ingestion.py                           1           0  1.12s           2025-10-30T10:09:28
================================================================================
[2025-10-30T10:10:13.031+0000] {manager.py:878} INFO - 
================================================================================
DAG File Processing Stats

File Path                            PID    Runtime      # DAGs    # Errors  Last Runtime    Last Run
-----------------------------------  -----  ---------  --------  ----------  --------------  -------------------
/opt/airflow/dags/etl_clickhouse.py                           1           0  1.25s           2025-10-30T10:10:09
/opt/airflow/dags/data_ingestion.py                           1           0  1.18s           2025-10-30T10:09:59
================================================================================
[2025-10-30T10:10:43.766+0000] {manager.py:878} INFO - 
================================================================================
DAG File Processing Stats

File Path                            PID    Runtime      # DAGs    # Errors  Last Runtime    Last Run
-----------------------------------  -----  ---------  --------  ----------  --------------  -------------------
/opt/airflow/dags/data_ingestion.py                           1           0  1.45s           2025-10-30T10:10:31
/opt/airflow/dags/etl_clickhouse.py                           1           0  1.26s           2025-10-30T10:10:40
================================================================================
[2025-10-30T10:11:14.281+0000] {manager.py:878} INFO - 
================================================================================
DAG File Processing Stats

File Path                            PID    Runtime      # DAGs    # Errors  Last Runtime    Last Run
-----------------------------------  -----  ---------  --------  ----------  --------------  -------------------
/opt/airflow/dags/data_ingestion.py                           1           0  1.20s           2025-10-30T10:11:03
/opt/airflow/dags/etl_clickhouse.py                           1           0  1.13s           2025-10-30T10:11:12
================================================================================
[2025-10-30T10:11:44.932+0000] {manager.py:878} INFO - 
================================================================================
DAG File Processing Stats

File Path                            PID    Runtime      # DAGs    # Errors  Last Runtime    Last Run
-----------------------------------  -----  ---------  --------  ----------  --------------  -------------------
/opt/airflow/dags/etl_clickhouse.py                           1           0  1.29s           2025-10-30T10:11:44
/opt/airflow/dags/data_ingestion.py                           1           0  1.16s           2025-10-30T10:11:34
================================================================================
[2025-10-30T10:12:15.525+0000] {manager.py:878} INFO - 
================================================================================
DAG File Processing Stats

File Path                              PID  Runtime      # DAGs    # Errors  Last Runtime    Last Run
-----------------------------------  -----  ---------  --------  ----------  --------------  -------------------
/opt/airflow/dags/etl_clickhouse.py  14054  1.03s             1           0  1.29s           2025-10-30T10:11:44
/opt/airflow/dags/data_ingestion.py                           1           0  1.05s           2025-10-30T10:12:06
================================================================================
[2025-10-30T10:12:46.120+0000] {manager.py:878} INFO - 
================================================================================
DAG File Processing Stats

File Path                              PID  Runtime      # DAGs    # Errors  Last Runtime    Last Run
-----------------------------------  -----  ---------  --------  ----------  --------------  -------------------
/opt/airflow/dags/etl_clickhouse.py  14066  0.01s             1           0  1.14s           2025-10-30T10:12:15
/opt/airflow/dags/data_ingestion.py                           1           0  1.05s           2025-10-30T10:12:37
================================================================================
[2025-10-30T10:13:04.417+0000] {manager.py:737} INFO - Searching for files in /opt/airflow/dags
[2025-10-30T10:13:04.538+0000] {manager.py:740} INFO - There are 2 files in /opt/airflow/dags
[2025-10-30T10:13:16.804+0000] {manager.py:878} INFO - 
================================================================================
DAG File Processing Stats

File Path                            PID    Runtime      # DAGs    # Errors  Last Runtime    Last Run
-----------------------------------  -----  ---------  --------  ----------  --------------  -------------------
/opt/airflow/dags/etl_clickhouse.py                           1           0  1.17s           2025-10-30T10:12:47
/opt/airflow/dags/data_ingestion.py                           1           0  1.07s           2025-10-30T10:13:09
================================================================================
[2025-10-30T10:13:47.465+0000] {manager.py:878} INFO - 
================================================================================
DAG File Processing Stats

File Path                            PID    Runtime      # DAGs    # Errors  Last Runtime    Last Run
-----------------------------------  -----  ---------  --------  ----------  --------------  -------------------
/opt/airflow/dags/etl_clickhouse.py                           1           0  1.10s           2025-10-30T10:13:18
/opt/airflow/dags/data_ingestion.py                           1           0  1.09s           2025-10-30T10:13:41
================================================================================
[2025-10-30T10:14:18.110+0000] {manager.py:878} INFO - 
================================================================================
DAG File Processing Stats

File Path                            PID    Runtime      # DAGs    # Errors  Last Runtime    Last Run
-----------------------------------  -----  ---------  --------  ----------  --------------  -------------------
/opt/airflow/dags/data_ingestion.py                           1           0  1.39s           2025-10-30T10:14:13
/opt/airflow/dags/etl_clickhouse.py                           1           0  1.18s           2025-10-30T10:13:50
================================================================================
[2025-10-30T10:14:48.800+0000] {manager.py:878} INFO - 
================================================================================
DAG File Processing Stats

File Path                            PID    Runtime      # DAGs    # Errors  Last Runtime    Last Run
-----------------------------------  -----  ---------  --------  ----------  --------------  -------------------
/opt/airflow/dags/etl_clickhouse.py                           1           0  1.16s           2025-10-30T10:14:22
/opt/airflow/dags/data_ingestion.py                           1           0  1.15s           2025-10-30T10:14:44
================================================================================
[2025-10-30T10:15:19.383+0000] {manager.py:878} INFO - 
================================================================================
DAG File Processing Stats

File Path                            PID    Runtime      # DAGs    # Errors  Last Runtime    Last Run
-----------------------------------  -----  ---------  --------  ----------  --------------  -------------------
/opt/airflow/dags/etl_clickhouse.py                           1           0  1.30s           2025-10-30T10:14:54
/opt/airflow/dags/data_ingestion.py                           1           0  1.14s           2025-10-30T10:15:16
================================================================================
[2025-10-30T10:15:50.068+0000] {manager.py:878} INFO - 
================================================================================
DAG File Processing Stats

File Path                            PID    Runtime      # DAGs    # Errors  Last Runtime    Last Run
-----------------------------------  -----  ---------  --------  ----------  --------------  -------------------
/opt/airflow/dags/etl_clickhouse.py                           1           0  1.17s           2025-10-30T10:15:25
/opt/airflow/dags/data_ingestion.py                           1           0  1.06s           2025-10-30T10:15:48
================================================================================
[2025-10-30T10:16:20.646+0000] {manager.py:878} INFO - 
================================================================================
DAG File Processing Stats

File Path                            PID    Runtime      # DAGs    # Errors  Last Runtime    Last Run
-----------------------------------  -----  ---------  --------  ----------  --------------  -------------------
/opt/airflow/dags/etl_clickhouse.py                           1           0  1.27s           2025-10-30T10:15:57
/opt/airflow/dags/data_ingestion.py                           1           0  1.01s           2025-10-30T10:16:19
================================================================================
[2025-10-30T10:16:51.381+0000] {manager.py:878} INFO - 
================================================================================
DAG File Processing Stats

File Path                              PID  Runtime      # DAGs    # Errors  Last Runtime    Last Run
-----------------------------------  -----  ---------  --------  ----------  --------------  -------------------
/opt/airflow/dags/etl_clickhouse.py                           1           0  1.18s           2025-10-30T10:16:28
/opt/airflow/dags/data_ingestion.py  14156  1.02s             1           0  1.01s           2025-10-30T10:16:19
================================================================================
[2025-10-30T10:17:21.999+0000] {manager.py:878} INFO - 
================================================================================
DAG File Processing Stats

File Path                              PID  Runtime      # DAGs    # Errors  Last Runtime    Last Run
-----------------------------------  -----  ---------  --------  ----------  --------------  -------------------
/opt/airflow/dags/etl_clickhouse.py                           1           0  1.17s           2025-10-30T10:17:00
/opt/airflow/dags/data_ingestion.py  14168  0.01s             1           0  1.12s           2025-10-30T10:16:51
================================================================================
[2025-10-30T10:17:52.703+0000] {manager.py:878} INFO - 
================================================================================
DAG File Processing Stats

File Path                            PID    Runtime      # DAGs    # Errors  Last Runtime    Last Run
-----------------------------------  -----  ---------  --------  ----------  --------------  -------------------
/opt/airflow/dags/data_ingestion.py                           1           0  1.25s           2025-10-30T10:17:23
/opt/airflow/dags/etl_clickhouse.py                           1           0  1.18s           2025-10-30T10:17:32
================================================================================
[2025-10-30T10:18:05.011+0000] {manager.py:737} INFO - Searching for files in /opt/airflow/dags
[2025-10-30T10:18:05.213+0000] {manager.py:740} INFO - There are 2 files in /opt/airflow/dags
[2025-10-30T10:18:23.567+0000] {manager.py:878} INFO - 
================================================================================
DAG File Processing Stats

File Path                            PID    Runtime      # DAGs    # Errors  Last Runtime    Last Run
-----------------------------------  -----  ---------  --------  ----------  --------------  -------------------
/opt/airflow/dags/etl_clickhouse.py                           1           0  1.24s           2025-10-30T10:18:04
/opt/airflow/dags/data_ingestion.py                           1           0  1.06s           2025-10-30T10:17:54
================================================================================
[2025-10-30T10:18:54.187+0000] {manager.py:878} INFO - 
================================================================================
DAG File Processing Stats

File Path                            PID    Runtime      # DAGs    # Errors  Last Runtime    Last Run
-----------------------------------  -----  ---------  --------  ----------  --------------  -------------------
/opt/airflow/dags/etl_clickhouse.py                           1           0  1.23s           2025-10-30T10:18:36
/opt/airflow/dags/data_ingestion.py                           1           0  1.03s           2025-10-30T10:18:26
================================================================================
[2025-10-30T10:19:24.918+0000] {manager.py:878} INFO - 
================================================================================
DAG File Processing Stats

File Path                            PID    Runtime      # DAGs    # Errors  Last Runtime    Last Run
-----------------------------------  -----  ---------  --------  ----------  --------------  -------------------
/opt/airflow/dags/data_ingestion.py                           1           0  1.19s           2025-10-30T10:18:58
/opt/airflow/dags/etl_clickhouse.py                           1           0  1.19s           2025-10-30T10:19:07
================================================================================
[2025-10-30T10:19:55.523+0000] {manager.py:878} INFO - 
================================================================================
DAG File Processing Stats

File Path                            PID    Runtime      # DAGs    # Errors  Last Runtime    Last Run
-----------------------------------  -----  ---------  --------  ----------  --------------  -------------------
/opt/airflow/dags/etl_clickhouse.py                           1           0  1.15s           2025-10-30T10:19:39
/opt/airflow/dags/data_ingestion.py                           1           0  1.02s           2025-10-30T10:19:30
================================================================================
[2025-10-30T10:20:26.231+0000] {manager.py:878} INFO - 
================================================================================
DAG File Processing Stats

File Path                            PID    Runtime      # DAGs    # Errors  Last Runtime    Last Run
-----------------------------------  -----  ---------  --------  ----------  --------------  -------------------
/opt/airflow/dags/etl_clickhouse.py                           1           0  1.16s           2025-10-30T10:20:11
/opt/airflow/dags/data_ingestion.py                           1           0  1.10s           2025-10-30T10:20:01
================================================================================
[2025-10-30T10:20:56.952+0000] {manager.py:878} INFO - 
================================================================================
DAG File Processing Stats

File Path                            PID    Runtime      # DAGs    # Errors  Last Runtime    Last Run
-----------------------------------  -----  ---------  --------  ----------  --------------  -------------------
/opt/airflow/dags/etl_clickhouse.py                           1           0  1.20s           2025-10-30T10:20:42
/opt/airflow/dags/data_ingestion.py                           1           0  1.20s           2025-10-30T10:20:33
================================================================================
[2025-10-30T10:21:27.779+0000] {manager.py:878} INFO - 
================================================================================
DAG File Processing Stats

File Path                            PID    Runtime      # DAGs    # Errors  Last Runtime    Last Run
-----------------------------------  -----  ---------  --------  ----------  --------------  -------------------
/opt/airflow/dags/data_ingestion.py                           1           0  1.24s           2025-10-30T10:21:05
/opt/airflow/dags/etl_clickhouse.py                           1           0  1.22s           2025-10-30T10:21:14
================================================================================
[2025-10-30T10:21:58.361+0000] {manager.py:878} INFO - 
================================================================================
DAG File Processing Stats

File Path                            PID    Runtime      # DAGs    # Errors  Last Runtime    Last Run
-----------------------------------  -----  ---------  --------  ----------  --------------  -------------------
/opt/airflow/dags/data_ingestion.py                           1           0  1.32s           2025-10-30T10:21:37
/opt/airflow/dags/etl_clickhouse.py                           1           0  1.20s           2025-10-30T10:21:46
================================================================================
[2025-10-30T10:22:28.991+0000] {manager.py:878} INFO - 
================================================================================
DAG File Processing Stats

File Path                            PID    Runtime      # DAGs    # Errors  Last Runtime    Last Run
-----------------------------------  -----  ---------  --------  ----------  --------------  -------------------
/opt/airflow/dags/etl_clickhouse.py                           1           0  1.11s           2025-10-30T10:22:17
/opt/airflow/dags/data_ingestion.py                           1           0  1.09s           2025-10-30T10:22:08
================================================================================
[2025-10-30T10:22:59.598+0000] {manager.py:878} INFO - 
================================================================================
DAG File Processing Stats

File Path                            PID    Runtime      # DAGs    # Errors  Last Runtime    Last Run
-----------------------------------  -----  ---------  --------  ----------  --------------  -------------------
/opt/airflow/dags/data_ingestion.py                           1           0  1.24s           2025-10-30T10:22:40
/opt/airflow/dags/etl_clickhouse.py                           1           0  1.10s           2025-10-30T10:22:49
================================================================================
[2025-10-30T10:23:05.699+0000] {manager.py:737} INFO - Searching for files in /opt/airflow/dags
[2025-10-30T10:23:05.786+0000] {manager.py:740} INFO - There are 2 files in /opt/airflow/dags
[2025-10-30T10:23:30.404+0000] {manager.py:878} INFO - 
================================================================================
DAG File Processing Stats

File Path                            PID    Runtime      # DAGs    # Errors  Last Runtime    Last Run
-----------------------------------  -----  ---------  --------  ----------  --------------  -------------------
/opt/airflow/dags/etl_clickhouse.py                           1           0  1.22s           2025-10-30T10:23:21
/opt/airflow/dags/data_ingestion.py                           1           0  1.16s           2025-10-30T10:23:12
================================================================================
[2025-10-30T10:24:00.978+0000] {manager.py:878} INFO - 
================================================================================
DAG File Processing Stats

File Path                            PID    Runtime      # DAGs    # Errors  Last Runtime    Last Run
-----------------------------------  -----  ---------  --------  ----------  --------------  -------------------
/opt/airflow/dags/data_ingestion.py                           1           0  1.25s           2025-10-30T10:23:43
/opt/airflow/dags/etl_clickhouse.py                           1           0  1.17s           2025-10-30T10:23:52
================================================================================
[2025-10-30T10:24:31.618+0000] {manager.py:878} INFO - 
================================================================================
DAG File Processing Stats

File Path                            PID    Runtime      # DAGs    # Errors  Last Runtime    Last Run
-----------------------------------  -----  ---------  --------  ----------  --------------  -------------------
/opt/airflow/dags/data_ingestion.py                           1           0  1.39s           2025-10-30T10:24:15
/opt/airflow/dags/etl_clickhouse.py                           1           0  1.20s           2025-10-30T10:24:24
================================================================================
[2025-10-30T10:25:02.413+0000] {manager.py:878} INFO - 
================================================================================
DAG File Processing Stats

File Path                            PID    Runtime      # DAGs    # Errors  Last Runtime    Last Run
-----------------------------------  -----  ---------  --------  ----------  --------------  -------------------
/opt/airflow/dags/data_ingestion.py                           1           0  1.28s           2025-10-30T10:24:47
/opt/airflow/dags/etl_clickhouse.py                           1           0  1.17s           2025-10-30T10:24:56
================================================================================
[2025-10-30T10:25:32.946+0000] {manager.py:878} INFO - 
================================================================================
DAG File Processing Stats

File Path                            PID    Runtime      # DAGs    # Errors  Last Runtime    Last Run
-----------------------------------  -----  ---------  --------  ----------  --------------  -------------------
/opt/airflow/dags/etl_clickhouse.py                           1           0  1.11s           2025-10-30T10:25:27
/opt/airflow/dags/data_ingestion.py                           1           0  1.11s           2025-10-30T10:25:18
================================================================================
[2025-10-30T10:26:03.489+0000] {manager.py:878} INFO - 
================================================================================
DAG File Processing Stats

File Path                            PID    Runtime      # DAGs    # Errors  Last Runtime    Last Run
-----------------------------------  -----  ---------  --------  ----------  --------------  -------------------
/opt/airflow/dags/data_ingestion.py                           1           0  1.51s           2025-10-30T10:25:50
/opt/airflow/dags/etl_clickhouse.py                           1           0  1.20s           2025-10-30T10:25:59
================================================================================
[2025-10-30T10:26:34.168+0000] {manager.py:878} INFO - 
================================================================================
DAG File Processing Stats

File Path                            PID    Runtime      # DAGs    # Errors  Last Runtime    Last Run
-----------------------------------  -----  ---------  --------  ----------  --------------  -------------------
/opt/airflow/dags/etl_clickhouse.py                           1           0  1.20s           2025-10-30T10:26:31
/opt/airflow/dags/data_ingestion.py                           1           0  1.18s           2025-10-30T10:26:21
================================================================================
[2025-10-30T10:27:04.799+0000] {manager.py:878} INFO - 
================================================================================
DAG File Processing Stats

File Path                            PID    Runtime      # DAGs    # Errors  Last Runtime    Last Run
-----------------------------------  -----  ---------  --------  ----------  --------------  -------------------
/opt/airflow/dags/data_ingestion.py                           1           0  1.15s           2025-10-30T10:26:53
/opt/airflow/dags/etl_clickhouse.py                           1           0  1.15s           2025-10-30T10:27:02
================================================================================
[2025-10-30T10:27:35.405+0000] {manager.py:878} INFO - 
================================================================================
DAG File Processing Stats

File Path                            PID    Runtime      # DAGs    # Errors  Last Runtime    Last Run
-----------------------------------  -----  ---------  --------  ----------  --------------  -------------------
/opt/airflow/dags/data_ingestion.py                           1           0  1.47s           2025-10-30T10:27:25
/opt/airflow/dags/etl_clickhouse.py                           1           0  1.16s           2025-10-30T10:27:34
================================================================================
[2025-10-30T10:28:05.980+0000] {manager.py:737} INFO - Searching for files in /opt/airflow/dags
[2025-10-30T10:28:06.061+0000] {manager.py:740} INFO - There are 2 files in /opt/airflow/dags
[2025-10-30T10:28:06.089+0000] {manager.py:878} INFO - 
================================================================================
DAG File Processing Stats

File Path                            PID    Runtime      # DAGs    # Errors  Last Runtime    Last Run
-----------------------------------  -----  ---------  --------  ----------  --------------  -------------------
/opt/airflow/dags/etl_clickhouse.py                           1           0  1.13s           2025-10-30T10:28:06
/opt/airflow/dags/data_ingestion.py                           1           0  1.06s           2025-10-30T10:27:56
================================================================================
[2025-10-30T10:28:36.633+0000] {manager.py:878} INFO - 
================================================================================
DAG File Processing Stats

File Path                              PID  Runtime      # DAGs    # Errors  Last Runtime    Last Run
-----------------------------------  -----  ---------  --------  ----------  --------------  -------------------
/opt/airflow/dags/data_ingestion.py                           1           0  1.25s           2025-10-30T10:28:28
/opt/airflow/dags/etl_clickhouse.py  14426  0.01s             1           0  1.13s           2025-10-30T10:28:06
================================================================================
[2025-10-30T10:29:07.333+0000] {manager.py:878} INFO - 
================================================================================
DAG File Processing Stats

File Path                            PID    Runtime      # DAGs    # Errors  Last Runtime    Last Run
-----------------------------------  -----  ---------  --------  ----------  --------------  -------------------
/opt/airflow/dags/etl_clickhouse.py                           1           0  1.25s           2025-10-30T10:28:37
/opt/airflow/dags/data_ingestion.py                           1           0  1.06s           2025-10-30T10:29:00
================================================================================
[2025-10-30T10:29:37.992+0000] {manager.py:878} INFO - 
================================================================================
DAG File Processing Stats

File Path                            PID    Runtime      # DAGs    # Errors  Last Runtime    Last Run
-----------------------------------  -----  ---------  --------  ----------  --------------  -------------------
/opt/airflow/dags/data_ingestion.py                           1           0  1.20s           2025-10-30T10:29:31
/opt/airflow/dags/etl_clickhouse.py                           1           0  1.15s           2025-10-30T10:29:09
================================================================================
[2025-10-30T10:30:08.644+0000] {manager.py:878} INFO - 
================================================================================
DAG File Processing Stats

File Path                            PID    Runtime      # DAGs    # Errors  Last Runtime    Last Run
-----------------------------------  -----  ---------  --------  ----------  --------------  -------------------
/opt/airflow/dags/etl_clickhouse.py                           1           0  1.18s           2025-10-30T10:29:41
/opt/airflow/dags/data_ingestion.py                           1           0  1.15s           2025-10-30T10:30:03
================================================================================
[2025-10-30T10:30:39.288+0000] {manager.py:878} INFO - 
================================================================================
DAG File Processing Stats

File Path                            PID    Runtime      # DAGs    # Errors  Last Runtime    Last Run
-----------------------------------  -----  ---------  --------  ----------  --------------  -------------------
/opt/airflow/dags/etl_clickhouse.py                           1           0  1.25s           2025-10-30T10:30:12
/opt/airflow/dags/data_ingestion.py                           1           0  1.12s           2025-10-30T10:30:35
================================================================================
[2025-10-30T10:31:09.938+0000] {manager.py:878} INFO - 
================================================================================
DAG File Processing Stats

File Path                            PID    Runtime      # DAGs    # Errors  Last Runtime    Last Run
-----------------------------------  -----  ---------  --------  ----------  --------------  -------------------
/opt/airflow/dags/etl_clickhouse.py                           1           0  1.09s           2025-10-30T10:30:44
/opt/airflow/dags/data_ingestion.py                           1           0  1.06s           2025-10-30T10:31:06
================================================================================
[2025-10-30T10:31:40.624+0000] {manager.py:878} INFO - 
================================================================================
DAG File Processing Stats

File Path                            PID    Runtime      # DAGs    # Errors  Last Runtime    Last Run
-----------------------------------  -----  ---------  --------  ----------  --------------  -------------------
/opt/airflow/dags/etl_clickhouse.py                           1           0  1.25s           2025-10-30T10:31:16
/opt/airflow/dags/data_ingestion.py                           1           0  1.18s           2025-10-30T10:31:38
================================================================================
[2025-10-30T10:32:11.239+0000] {manager.py:878} INFO - 
================================================================================
DAG File Processing Stats

File Path                            PID    Runtime      # DAGs    # Errors  Last Runtime    Last Run
-----------------------------------  -----  ---------  --------  ----------  --------------  -------------------
/opt/airflow/dags/etl_clickhouse.py                           1           0  1.19s           2025-10-30T10:31:47
/opt/airflow/dags/data_ingestion.py                           1           0  1.06s           2025-10-30T10:32:10
================================================================================
[2025-10-30T10:32:41.800+0000] {manager.py:878} INFO - 
================================================================================
DAG File Processing Stats

File Path                              PID  Runtime      # DAGs    # Errors  Last Runtime    Last Run
-----------------------------------  -----  ---------  --------  ----------  --------------  -------------------
/opt/airflow/dags/etl_clickhouse.py                           1           0  1.44s           2025-10-30T10:32:19
/opt/airflow/dags/data_ingestion.py  14516  1.01s             1           0  1.06s           2025-10-30T10:32:10
================================================================================
[2025-10-30T10:33:06.342+0000] {manager.py:737} INFO - Searching for files in /opt/airflow/dags
[2025-10-30T10:33:06.523+0000] {manager.py:740} INFO - There are 2 files in /opt/airflow/dags
[2025-10-30T10:33:12.752+0000] {manager.py:878} INFO - 
================================================================================
DAG File Processing Stats

File Path                              PID  Runtime      # DAGs    # Errors  Last Runtime    Last Run
-----------------------------------  -----  ---------  --------  ----------  --------------  -------------------
/opt/airflow/dags/data_ingestion.py  14528  0.02s             1           0  1.19s           2025-10-30T10:32:41
/opt/airflow/dags/etl_clickhouse.py                           1           0  1.18s           2025-10-30T10:32:51
================================================================================
[2025-10-30T10:33:42.819+0000] {manager.py:878} INFO - 
================================================================================
DAG File Processing Stats

File Path                            PID    Runtime      # DAGs    # Errors  Last Runtime    Last Run
-----------------------------------  -----  ---------  --------  ----------  --------------  -------------------
/opt/airflow/dags/etl_clickhouse.py                           1           0  1.54s           2025-10-30T10:33:23
/opt/airflow/dags/data_ingestion.py                           1           0  1.10s           2025-10-30T10:33:13
================================================================================
[2025-10-30T10:34:13.418+0000] {manager.py:878} INFO - 
================================================================================
DAG File Processing Stats

File Path                            PID    Runtime      # DAGs    # Errors  Last Runtime    Last Run
-----------------------------------  -----  ---------  --------  ----------  --------------  -------------------
/opt/airflow/dags/etl_clickhouse.py                           1           0  1.17s           2025-10-30T10:33:55
/opt/airflow/dags/data_ingestion.py                           1           0  1.12s           2025-10-30T10:33:44
================================================================================
[2025-10-30T10:34:43.431+0000] {manager.py:878} INFO - 
================================================================================
DAG File Processing Stats

File Path                            PID    Runtime      # DAGs    # Errors  Last Runtime    Last Run
-----------------------------------  -----  ---------  --------  ----------  --------------  -------------------
/opt/airflow/dags/etl_clickhouse.py                           1           0  1.46s           2025-10-30T10:34:27
/opt/airflow/dags/data_ingestion.py                           1           0  1.19s           2025-10-30T10:34:16
================================================================================
[2025-10-30T10:35:13.761+0000] {manager.py:878} INFO - 
================================================================================
DAG File Processing Stats

File Path                            PID    Runtime      # DAGs    # Errors  Last Runtime    Last Run
-----------------------------------  -----  ---------  --------  ----------  --------------  -------------------
/opt/airflow/dags/data_ingestion.py                           1           0  1.16s           2025-10-30T10:34:48
/opt/airflow/dags/etl_clickhouse.py                           1           0  1.13s           2025-10-30T10:34:58
================================================================================
[2025-10-30T10:35:44.336+0000] {manager.py:878} INFO - 
================================================================================
DAG File Processing Stats

File Path                            PID    Runtime      # DAGs    # Errors  Last Runtime    Last Run
-----------------------------------  -----  ---------  --------  ----------  --------------  -------------------
/opt/airflow/dags/etl_clickhouse.py                           1           0  1.40s           2025-10-30T10:35:30
/opt/airflow/dags/data_ingestion.py                           1           0  1.05s           2025-10-30T10:35:19
================================================================================
[2025-10-30T10:36:14.989+0000] {manager.py:878} INFO - 
================================================================================
DAG File Processing Stats

File Path                            PID    Runtime      # DAGs    # Errors  Last Runtime    Last Run
-----------------------------------  -----  ---------  --------  ----------  --------------  -------------------
/opt/airflow/dags/etl_clickhouse.py                           1           0  1.39s           2025-10-30T10:36:02
/opt/airflow/dags/data_ingestion.py                           1           0  1.18s           2025-10-30T10:35:51
================================================================================
[2025-10-30T10:36:45.105+0000] {manager.py:878} INFO - 
================================================================================
DAG File Processing Stats

File Path                            PID    Runtime      # DAGs    # Errors  Last Runtime    Last Run
-----------------------------------  -----  ---------  --------  ----------  --------------  -------------------
/opt/airflow/dags/etl_clickhouse.py                           1           0  1.47s           2025-10-30T10:36:33
/opt/airflow/dags/data_ingestion.py                           1           0  1.22s           2025-10-30T10:36:23
================================================================================
[2025-10-30T10:37:15.313+0000] {manager.py:878} INFO - 
================================================================================
DAG File Processing Stats

File Path                            PID    Runtime      # DAGs    # Errors  Last Runtime    Last Run
-----------------------------------  -----  ---------  --------  ----------  --------------  -------------------
/opt/airflow/dags/etl_clickhouse.py                           1           0  1.39s           2025-10-30T10:37:05
/opt/airflow/dags/data_ingestion.py                           1           0  1.22s           2025-10-30T10:36:54
================================================================================
[2025-10-30T10:37:45.657+0000] {manager.py:878} INFO - 
================================================================================
DAG File Processing Stats

File Path                            PID    Runtime      # DAGs    # Errors  Last Runtime    Last Run
-----------------------------------  -----  ---------  --------  ----------  --------------  -------------------
/opt/airflow/dags/etl_clickhouse.py                           1           0  1.57s           2025-10-30T10:37:37
/opt/airflow/dags/data_ingestion.py                           1           0  1.48s           2025-10-30T10:37:26
================================================================================
[2025-10-30T10:38:06.644+0000] {manager.py:737} INFO - Searching for files in /opt/airflow/dags
[2025-10-30T10:38:06.820+0000] {manager.py:740} INFO - There are 2 files in /opt/airflow/dags
[2025-10-30T10:38:16.049+0000] {manager.py:878} INFO - 
================================================================================
DAG File Processing Stats

File Path                            PID    Runtime      # DAGs    # Errors  Last Runtime    Last Run
-----------------------------------  -----  ---------  --------  ----------  --------------  -------------------
/opt/airflow/dags/etl_clickhouse.py                           1           0  1.16s           2025-10-30T10:38:09
/opt/airflow/dags/data_ingestion.py                           1           0  1.15s           2025-10-30T10:37:58
================================================================================
[2025-10-30T10:38:46.595+0000] {manager.py:878} INFO - 
================================================================================
DAG File Processing Stats

File Path                            PID    Runtime      # DAGs    # Errors  Last Runtime    Last Run
-----------------------------------  -----  ---------  --------  ----------  --------------  -------------------
/opt/airflow/dags/etl_clickhouse.py                           1           0  1.36s           2025-10-30T10:38:40
/opt/airflow/dags/data_ingestion.py                           1           0  1.05s           2025-10-30T10:38:30
================================================================================
[2025-10-30T10:39:17.334+0000] {manager.py:878} INFO - 
================================================================================
DAG File Processing Stats

File Path                            PID    Runtime      # DAGs    # Errors  Last Runtime    Last Run
-----------------------------------  -----  ---------  --------  ----------  --------------  -------------------
/opt/airflow/dags/data_ingestion.py                           1           0  1.21s           2025-10-30T10:39:02
/opt/airflow/dags/etl_clickhouse.py                           1           0  1.20s           2025-10-30T10:39:12
================================================================================
[2025-10-30T10:39:47.924+0000] {manager.py:878} INFO - 
================================================================================
DAG File Processing Stats

File Path                            PID    Runtime      # DAGs    # Errors  Last Runtime    Last Run
-----------------------------------  -----  ---------  --------  ----------  --------------  -------------------
/opt/airflow/dags/etl_clickhouse.py                           1           0  1.26s           2025-10-30T10:39:44
/opt/airflow/dags/data_ingestion.py                           1           0  1.13s           2025-10-30T10:39:33
================================================================================
[2025-10-30T10:40:18.493+0000] {manager.py:878} INFO - 
================================================================================
DAG File Processing Stats

File Path                            PID    Runtime      # DAGs    # Errors  Last Runtime    Last Run
-----------------------------------  -----  ---------  --------  ----------  --------------  -------------------
/opt/airflow/dags/etl_clickhouse.py                           1           0  1.17s           2025-10-30T10:40:15
/opt/airflow/dags/data_ingestion.py                           1           0  1.05s           2025-10-30T10:40:05
================================================================================
[2025-10-30T10:40:49.142+0000] {manager.py:878} INFO - 
================================================================================
DAG File Processing Stats

File Path                            PID    Runtime      # DAGs    # Errors  Last Runtime    Last Run
-----------------------------------  -----  ---------  --------  ----------  --------------  -------------------
/opt/airflow/dags/data_ingestion.py                           1           0  1.18s           2025-10-30T10:40:37
/opt/airflow/dags/etl_clickhouse.py                           1           0  1.13s           2025-10-30T10:40:47
================================================================================
[2025-10-30T10:41:19.952+0000] {manager.py:878} INFO - 
================================================================================
DAG File Processing Stats

File Path                            PID    Runtime      # DAGs    # Errors  Last Runtime    Last Run
-----------------------------------  -----  ---------  --------  ----------  --------------  -------------------
/opt/airflow/dags/data_ingestion.py                           1           0  1.36s           2025-10-30T10:41:08
/opt/airflow/dags/etl_clickhouse.py                           1           0  1.28s           2025-10-30T10:41:19
================================================================================
[2025-10-30T10:41:50.518+0000] {manager.py:878} INFO - 
================================================================================
DAG File Processing Stats

File Path                              PID  Runtime      # DAGs    # Errors  Last Runtime    Last Run
-----------------------------------  -----  ---------  --------  ----------  --------------  -------------------
/opt/airflow/dags/etl_clickhouse.py  14726  1.02s             1           0  1.28s           2025-10-30T10:41:19
/opt/airflow/dags/data_ingestion.py                           1           0  1.11s           2025-10-30T10:41:40
================================================================================
[2025-10-30T10:42:21.102+0000] {manager.py:878} INFO - 
================================================================================
DAG File Processing Stats

File Path                              PID  Runtime      # DAGs    # Errors  Last Runtime    Last Run
-----------------------------------  -----  ---------  --------  ----------  --------------  -------------------
/opt/airflow/dags/data_ingestion.py                           1           0  1.11s           2025-10-30T10:42:12
/opt/airflow/dags/etl_clickhouse.py  14738  0.01s             1           0  1.08s           2025-10-30T10:41:50
================================================================================
[2025-10-30T10:42:51.747+0000] {manager.py:878} INFO - 
================================================================================
DAG File Processing Stats

File Path                            PID    Runtime      # DAGs    # Errors  Last Runtime    Last Run
-----------------------------------  -----  ---------  --------  ----------  --------------  -------------------
/opt/airflow/dags/data_ingestion.py                           1           0  1.16s           2025-10-30T10:42:43
/opt/airflow/dags/etl_clickhouse.py                           1           0  1.14s           2025-10-30T10:42:22
================================================================================
[2025-10-30T10:43:07.077+0000] {manager.py:737} INFO - Searching for files in /opt/airflow/dags
[2025-10-30T10:43:07.186+0000] {manager.py:740} INFO - There are 2 files in /opt/airflow/dags
[2025-10-30T10:43:22.554+0000] {manager.py:878} INFO - 
================================================================================
DAG File Processing Stats

File Path                            PID    Runtime      # DAGs    # Errors  Last Runtime    Last Run
-----------------------------------  -----  ---------  --------  ----------  --------------  -------------------
/opt/airflow/dags/etl_clickhouse.py                           1           0  1.25s           2025-10-30T10:42:54
/opt/airflow/dags/data_ingestion.py                           1           0  1.14s           2025-10-30T10:43:15
================================================================================
[2025-10-30T10:43:53.311+0000] {manager.py:878} INFO - 
================================================================================
DAG File Processing Stats

File Path                            PID    Runtime      # DAGs    # Errors  Last Runtime    Last Run
-----------------------------------  -----  ---------  --------  ----------  --------------  -------------------
/opt/airflow/dags/etl_clickhouse.py                           1           0  1.23s           2025-10-30T10:43:25
/opt/airflow/dags/data_ingestion.py                           1           0  1.17s           2025-10-30T10:43:47
================================================================================
[2025-10-30T10:44:23.888+0000] {manager.py:878} INFO - 
================================================================================
DAG File Processing Stats

File Path                            PID    Runtime      # DAGs    # Errors  Last Runtime    Last Run
-----------------------------------  -----  ---------  --------  ----------  --------------  -------------------
/opt/airflow/dags/etl_clickhouse.py                           1           0  1.15s           2025-10-30T10:43:57
/opt/airflow/dags/data_ingestion.py                           1           0  1.05s           2025-10-30T10:44:18
================================================================================
[2025-10-30T10:44:54.554+0000] {manager.py:878} INFO - 
================================================================================
DAG File Processing Stats

File Path                            PID    Runtime      # DAGs    # Errors  Last Runtime    Last Run
-----------------------------------  -----  ---------  --------  ----------  --------------  -------------------
/opt/airflow/dags/etl_clickhouse.py                           1           0  1.09s           2025-10-30T10:44:29
/opt/airflow/dags/data_ingestion.py                           1           0  1.04s           2025-10-30T10:44:50
================================================================================
[2025-10-30T10:45:25.117+0000] {manager.py:878} INFO - 
================================================================================
DAG File Processing Stats

File Path                            PID    Runtime      # DAGs    # Errors  Last Runtime    Last Run
-----------------------------------  -----  ---------  --------  ----------  --------------  -------------------
/opt/airflow/dags/etl_clickhouse.py                           1           0  1.09s           2025-10-30T10:45:00
/opt/airflow/dags/data_ingestion.py                           1           0  1.08s           2025-10-30T10:45:22
================================================================================
[2025-10-30T10:45:55.723+0000] {manager.py:878} INFO - 
================================================================================
DAG File Processing Stats

File Path                            PID    Runtime      # DAGs    # Errors  Last Runtime    Last Run
-----------------------------------  -----  ---------  --------  ----------  --------------  -------------------
/opt/airflow/dags/etl_clickhouse.py                           1           0  1.18s           2025-10-30T10:45:32
/opt/airflow/dags/data_ingestion.py                           1           0  1.13s           2025-10-30T10:45:53
================================================================================
[2025-10-30T10:46:26.407+0000] {manager.py:878} INFO - 
================================================================================
DAG File Processing Stats

File Path                            PID    Runtime      # DAGs    # Errors  Last Runtime    Last Run
-----------------------------------  -----  ---------  --------  ----------  --------------  -------------------
/opt/airflow/dags/etl_clickhouse.py                           1           0  1.16s           2025-10-30T10:46:04
/opt/airflow/dags/data_ingestion.py                           1           0  1.09s           2025-10-30T10:46:25
================================================================================
[2025-10-30T10:46:57.051+0000] {manager.py:878} INFO - 
================================================================================
DAG File Processing Stats

File Path                              PID  Runtime      # DAGs    # Errors  Last Runtime    Last Run
-----------------------------------  -----  ---------  --------  ----------  --------------  -------------------
/opt/airflow/dags/etl_clickhouse.py                           1           0  1.19s           2025-10-30T10:46:35
/opt/airflow/dags/data_ingestion.py  14840  1.02s             1           0  1.09s           2025-10-30T10:46:25
================================================================================
[2025-10-30T10:47:27.786+0000] {manager.py:878} INFO - 
================================================================================
DAG File Processing Stats

File Path                              PID  Runtime      # DAGs    # Errors  Last Runtime    Last Run
-----------------------------------  -----  ---------  --------  ----------  --------------  -------------------
/opt/airflow/dags/etl_clickhouse.py                           1           0  1.17s           2025-10-30T10:47:07
/opt/airflow/dags/data_ingestion.py  14852  0.01s             1           0  1.11s           2025-10-30T10:46:57
================================================================================
[2025-10-30T10:47:58.441+0000] {manager.py:878} INFO - 
================================================================================
DAG File Processing Stats

File Path                            PID    Runtime      # DAGs    # Errors  Last Runtime    Last Run
-----------------------------------  -----  ---------  --------  ----------  --------------  -------------------
/opt/airflow/dags/etl_clickhouse.py                           1           0  1.14s           2025-10-30T10:47:39
/opt/airflow/dags/data_ingestion.py                           1           0  1.06s           2025-10-30T10:47:28
================================================================================
[2025-10-30T10:48:07.695+0000] {manager.py:737} INFO - Searching for files in /opt/airflow/dags
[2025-10-30T10:48:07.844+0000] {manager.py:740} INFO - There are 2 files in /opt/airflow/dags
[2025-10-30T10:48:29.288+0000] {manager.py:878} INFO - 
================================================================================
DAG File Processing Stats

File Path                            PID    Runtime      # DAGs    # Errors  Last Runtime    Last Run
-----------------------------------  -----  ---------  --------  ----------  --------------  -------------------
/opt/airflow/dags/etl_clickhouse.py                           1           0  1.17s           2025-10-30T10:48:11
/opt/airflow/dags/data_ingestion.py                           1           0  1.05s           2025-10-30T10:48:00
================================================================================
[2025-10-30T10:49:00.161+0000] {manager.py:878} INFO - 
================================================================================
DAG File Processing Stats

File Path                            PID    Runtime      # DAGs    # Errors  Last Runtime    Last Run
-----------------------------------  -----  ---------  --------  ----------  --------------  -------------------
/opt/airflow/dags/etl_clickhouse.py                           1           0  1.27s           2025-10-30T10:48:42
/opt/airflow/dags/data_ingestion.py                           1           0  1.23s           2025-10-30T10:48:32
================================================================================
[2025-10-30T10:49:30.884+0000] {manager.py:878} INFO - 
================================================================================
DAG File Processing Stats

File Path                            PID    Runtime      # DAGs    # Errors  Last Runtime    Last Run
-----------------------------------  -----  ---------  --------  ----------  --------------  -------------------
/opt/airflow/dags/etl_clickhouse.py                           1           0  1.35s           2025-10-30T10:49:14
/opt/airflow/dags/data_ingestion.py                           1           0  1.22s           2025-10-30T10:49:04
================================================================================
[2025-10-30T10:50:01.593+0000] {manager.py:878} INFO - 
================================================================================
DAG File Processing Stats

File Path                            PID    Runtime      # DAGs    # Errors  Last Runtime    Last Run
-----------------------------------  -----  ---------  --------  ----------  --------------  -------------------
/opt/airflow/dags/etl_clickhouse.py                           1           0  1.13s           2025-10-30T10:49:46
/opt/airflow/dags/data_ingestion.py                           1           0  1.09s           2025-10-30T10:49:36
================================================================================
[2025-10-30T10:50:32.323+0000] {manager.py:878} INFO - 
================================================================================
DAG File Processing Stats

File Path                            PID    Runtime      # DAGs    # Errors  Last Runtime    Last Run
-----------------------------------  -----  ---------  --------  ----------  --------------  -------------------
/opt/airflow/dags/etl_clickhouse.py                           1           0  1.15s           2025-10-30T10:50:18
/opt/airflow/dags/data_ingestion.py                           1           0  1.09s           2025-10-30T10:50:07
================================================================================
[2025-10-30T10:51:03.033+0000] {manager.py:878} INFO - 
================================================================================
DAG File Processing Stats

File Path                            PID    Runtime      # DAGs    # Errors  Last Runtime    Last Run
-----------------------------------  -----  ---------  --------  ----------  --------------  -------------------
/opt/airflow/dags/etl_clickhouse.py                           1           0  1.17s           2025-10-30T10:50:49
/opt/airflow/dags/data_ingestion.py                           1           0  1.11s           2025-10-30T10:50:39
================================================================================
[2025-10-30T10:51:33.749+0000] {manager.py:878} INFO - 
================================================================================
DAG File Processing Stats

File Path                            PID    Runtime      # DAGs    # Errors  Last Runtime    Last Run
-----------------------------------  -----  ---------  --------  ----------  --------------  -------------------
/opt/airflow/dags/etl_clickhouse.py                           1           0  1.13s           2025-10-30T10:51:21
/opt/airflow/dags/data_ingestion.py                           1           0  1.11s           2025-10-30T10:51:11
================================================================================
[2025-10-30T10:52:04.532+0000] {manager.py:878} INFO - 
================================================================================
DAG File Processing Stats

File Path                            PID    Runtime      # DAGs    # Errors  Last Runtime    Last Run
-----------------------------------  -----  ---------  --------  ----------  --------------  -------------------
/opt/airflow/dags/etl_clickhouse.py                           1           0  1.23s           2025-10-30T10:51:53
/opt/airflow/dags/data_ingestion.py                           1           0  1.17s           2025-10-30T10:51:43
================================================================================
[2025-10-30T10:52:35.305+0000] {manager.py:878} INFO - 
================================================================================
DAG File Processing Stats

File Path                            PID    Runtime      # DAGs    # Errors  Last Runtime    Last Run
-----------------------------------  -----  ---------  --------  ----------  --------------  -------------------
/opt/airflow/dags/etl_clickhouse.py                           1           0  1.21s           2025-10-30T10:52:25
/opt/airflow/dags/data_ingestion.py                           1           0  1.10s           2025-10-30T10:52:14
================================================================================
[2025-10-30T10:53:06.065+0000] {manager.py:878} INFO - 
================================================================================
DAG File Processing Stats

File Path                            PID    Runtime      # DAGs    # Errors  Last Runtime    Last Run
-----------------------------------  -----  ---------  --------  ----------  --------------  -------------------
/opt/airflow/dags/data_ingestion.py                           1           0  1.20s           2025-10-30T10:52:46
/opt/airflow/dags/etl_clickhouse.py                           1           0  1.19s           2025-10-30T10:52:57
================================================================================
[2025-10-30T10:53:08.099+0000] {manager.py:737} INFO - Searching for files in /opt/airflow/dags
[2025-10-30T10:53:08.177+0000] {manager.py:740} INFO - There are 2 files in /opt/airflow/dags
[2025-10-30T10:53:36.880+0000] {manager.py:878} INFO - 
================================================================================
DAG File Processing Stats

File Path                            PID    Runtime      # DAGs    # Errors  Last Runtime    Last Run
-----------------------------------  -----  ---------  --------  ----------  --------------  -------------------
/opt/airflow/dags/etl_clickhouse.py                           1           0  1.18s           2025-10-30T10:53:28
/opt/airflow/dags/data_ingestion.py                           1           0  1.12s           2025-10-30T10:53:18
================================================================================
[2025-10-30T10:54:07.553+0000] {manager.py:878} INFO - 
================================================================================
DAG File Processing Stats

File Path                            PID    Runtime      # DAGs    # Errors  Last Runtime    Last Run
-----------------------------------  -----  ---------  --------  ----------  --------------  -------------------
/opt/airflow/dags/data_ingestion.py                           1           0  1.30s           2025-10-30T10:53:50
/opt/airflow/dags/etl_clickhouse.py                           1           0  1.17s           2025-10-30T10:54:00
================================================================================
[2025-10-30T10:54:38.232+0000] {manager.py:878} INFO - 
================================================================================
DAG File Processing Stats

File Path                            PID    Runtime      # DAGs    # Errors  Last Runtime    Last Run
-----------------------------------  -----  ---------  --------  ----------  --------------  -------------------
/opt/airflow/dags/etl_clickhouse.py                           1           0  1.16s           2025-10-30T10:54:32
/opt/airflow/dags/data_ingestion.py                           1           0  1.15s           2025-10-30T10:54:21
================================================================================
[2025-10-30T10:55:09.041+0000] {manager.py:878} INFO - 
================================================================================
DAG File Processing Stats

File Path                            PID    Runtime      # DAGs    # Errors  Last Runtime    Last Run
-----------------------------------  -----  ---------  --------  ----------  --------------  -------------------
/opt/airflow/dags/data_ingestion.py                           1           0  1.26s           2025-10-30T10:54:53
/opt/airflow/dags/etl_clickhouse.py                           1           0  1.16s           2025-10-30T10:55:03
================================================================================
[2025-10-30T10:55:39.734+0000] {manager.py:878} INFO - 
================================================================================
DAG File Processing Stats

File Path                            PID    Runtime      # DAGs    # Errors  Last Runtime    Last Run
-----------------------------------  -----  ---------  --------  ----------  --------------  -------------------
/opt/airflow/dags/etl_clickhouse.py                           1           0  1.10s           2025-10-30T10:55:35
/opt/airflow/dags/data_ingestion.py                           1           0  1.08s           2025-10-30T10:55:25
================================================================================
[2025-10-30T10:56:10.007+0000] {manager.py:878} INFO - 
================================================================================
DAG File Processing Stats

File Path                            PID    Runtime      # DAGs    # Errors  Last Runtime    Last Run
-----------------------------------  -----  ---------  --------  ----------  --------------  -------------------
/opt/airflow/dags/data_ingestion.py                           1           0  1.70s           2025-10-30T10:55:57
/opt/airflow/dags/etl_clickhouse.py                           1           0  1.12s           2025-10-30T10:56:07
================================================================================
[2025-10-30T10:56:40.714+0000] {manager.py:878} INFO - 
================================================================================
DAG File Processing Stats

File Path                            PID    Runtime      # DAGs    # Errors  Last Runtime    Last Run
-----------------------------------  -----  ---------  --------  ----------  --------------  -------------------
/opt/airflow/dags/etl_clickhouse.py                           1           0  1.32s           2025-10-30T10:56:38
/opt/airflow/dags/data_ingestion.py                           1           0  1.17s           2025-10-30T10:56:29
================================================================================
[2025-10-30T10:57:11.469+0000] {manager.py:878} INFO - 
================================================================================
DAG File Processing Stats

File Path                            PID    Runtime      # DAGs    # Errors  Last Runtime    Last Run
-----------------------------------  -----  ---------  --------  ----------  --------------  -------------------
/opt/airflow/dags/data_ingestion.py                           1           0  1.40s           2025-10-30T10:57:01
/opt/airflow/dags/etl_clickhouse.py                           1           0  1.09s           2025-10-30T10:57:10
================================================================================
[2025-10-30T10:57:42.120+0000] {manager.py:878} INFO - 
================================================================================
DAG File Processing Stats

File Path                              PID  Runtime      # DAGs    # Errors  Last Runtime    Last Run
-----------------------------------  -----  ---------  --------  ----------  --------------  -------------------
/opt/airflow/dags/data_ingestion.py                           1           0  1.20s           2025-10-30T10:57:33
/opt/airflow/dags/etl_clickhouse.py  15086  1.02s             1           0  1.09s           2025-10-30T10:57:10
================================================================================
[2025-10-30T10:58:08.678+0000] {manager.py:737} INFO - Searching for files in /opt/airflow/dags
[2025-10-30T10:58:08.770+0000] {manager.py:740} INFO - There are 2 files in /opt/airflow/dags
[2025-10-30T10:58:12.891+0000] {manager.py:878} INFO - 
================================================================================
DAG File Processing Stats

File Path                              PID  Runtime      # DAGs    # Errors  Last Runtime    Last Run
-----------------------------------  -----  ---------  --------  ----------  --------------  -------------------
/opt/airflow/dags/etl_clickhouse.py  15098  0.01s             1           0  1.14s           2025-10-30T10:57:42
/opt/airflow/dags/data_ingestion.py                           1           0  1.06s           2025-10-30T10:58:04
================================================================================
[2025-10-30T10:58:43.539+0000] {manager.py:878} INFO - 
================================================================================
DAG File Processing Stats

File Path                            PID    Runtime      # DAGs    # Errors  Last Runtime    Last Run
-----------------------------------  -----  ---------  --------  ----------  --------------  -------------------
/opt/airflow/dags/etl_clickhouse.py                           1           0  1.29s           2025-10-30T10:58:14
/opt/airflow/dags/data_ingestion.py                           1           0  1.15s           2025-10-30T10:58:36
================================================================================
[2025-10-30T10:59:14.223+0000] {manager.py:878} INFO - 
================================================================================
DAG File Processing Stats

File Path                            PID    Runtime      # DAGs    # Errors  Last Runtime    Last Run
-----------------------------------  -----  ---------  --------  ----------  --------------  -------------------
/opt/airflow/dags/etl_clickhouse.py                           1           0  1.27s           2025-10-30T10:58:45
/opt/airflow/dags/data_ingestion.py                           1           0  1.04s           2025-10-30T10:59:08
================================================================================
