[2025-10-30T05:37:41.134+0000] {processor.py:161} INFO - Started process (PID=7811) to work on /opt/airflow/dags/data_ingestion.py
[2025-10-30T05:37:41.187+0000] {processor.py:830} INFO - Processing file /opt/airflow/dags/data_ingestion.py for tasks to queue
[2025-10-30T05:37:41.198+0000] {logging_mixin.py:188} INFO - [2025-10-30T05:37:41.197+0000] {dagbag.py:545} INFO - Filling up the DagBag from /opt/airflow/dags/data_ingestion.py
[2025-10-30T05:37:44.111+0000] {processor.py:840} INFO - DAG(s) 'police_data_ingestion' retrieved from /opt/airflow/dags/data_ingestion.py
[2025-10-30T05:37:49.906+0000] {logging_mixin.py:188} INFO - [2025-10-30T05:37:49.895+0000] {dag.py:3096} INFO - Sync 1 DAGs
[2025-10-30T05:37:50.094+0000] {logging_mixin.py:188} INFO - [2025-10-30T05:37:50.093+0000] {dag.py:3954} INFO - Setting next_dagrun for police_data_ingestion to 2025-11-01 00:00:00+00:00, run_after=2025-12-01 00:00:00+00:00
[2025-10-30T05:37:50.279+0000] {processor.py:183} INFO - Processing /opt/airflow/dags/data_ingestion.py took 9.211 seconds
[2025-10-30T05:38:21.100+0000] {processor.py:161} INFO - Started process (PID=7826) to work on /opt/airflow/dags/data_ingestion.py
[2025-10-30T05:38:21.103+0000] {processor.py:830} INFO - Processing file /opt/airflow/dags/data_ingestion.py for tasks to queue
[2025-10-30T05:38:21.114+0000] {logging_mixin.py:188} INFO - [2025-10-30T05:38:21.112+0000] {dagbag.py:545} INFO - Filling up the DagBag from /opt/airflow/dags/data_ingestion.py
[2025-10-30T05:38:22.130+0000] {processor.py:840} INFO - DAG(s) 'police_data_ingestion' retrieved from /opt/airflow/dags/data_ingestion.py
[2025-10-30T05:38:22.200+0000] {logging_mixin.py:188} INFO - [2025-10-30T05:38:22.199+0000] {dag.py:3096} INFO - Sync 1 DAGs
[2025-10-30T05:38:22.255+0000] {logging_mixin.py:188} INFO - [2025-10-30T05:38:22.255+0000] {dag.py:3954} INFO - Setting next_dagrun for police_data_ingestion to 2025-11-01 00:00:00+00:00, run_after=2025-12-01 00:00:00+00:00
[2025-10-30T05:38:22.312+0000] {processor.py:183} INFO - Processing /opt/airflow/dags/data_ingestion.py took 1.244 seconds
[2025-10-30T05:38:53.007+0000] {processor.py:161} INFO - Started process (PID=7838) to work on /opt/airflow/dags/data_ingestion.py
[2025-10-30T05:38:53.010+0000] {processor.py:830} INFO - Processing file /opt/airflow/dags/data_ingestion.py for tasks to queue
[2025-10-30T05:38:53.017+0000] {logging_mixin.py:188} INFO - [2025-10-30T05:38:53.016+0000] {dagbag.py:545} INFO - Filling up the DagBag from /opt/airflow/dags/data_ingestion.py
[2025-10-30T05:38:53.971+0000] {processor.py:840} INFO - DAG(s) 'police_data_ingestion' retrieved from /opt/airflow/dags/data_ingestion.py
[2025-10-30T05:38:54.082+0000] {logging_mixin.py:188} INFO - [2025-10-30T05:38:54.081+0000] {dag.py:3096} INFO - Sync 1 DAGs
[2025-10-30T05:38:54.199+0000] {logging_mixin.py:188} INFO - [2025-10-30T05:38:54.198+0000] {dag.py:3954} INFO - Setting next_dagrun for police_data_ingestion to 2025-11-01 00:00:00+00:00, run_after=2025-12-01 00:00:00+00:00
[2025-10-30T05:38:54.269+0000] {processor.py:183} INFO - Processing /opt/airflow/dags/data_ingestion.py took 1.284 seconds
[2025-10-30T05:39:24.896+0000] {processor.py:161} INFO - Started process (PID=7850) to work on /opt/airflow/dags/data_ingestion.py
[2025-10-30T05:39:24.899+0000] {processor.py:830} INFO - Processing file /opt/airflow/dags/data_ingestion.py for tasks to queue
[2025-10-30T05:39:24.904+0000] {logging_mixin.py:188} INFO - [2025-10-30T05:39:24.903+0000] {dagbag.py:545} INFO - Filling up the DagBag from /opt/airflow/dags/data_ingestion.py
[2025-10-30T05:39:25.637+0000] {processor.py:840} INFO - DAG(s) 'police_data_ingestion' retrieved from /opt/airflow/dags/data_ingestion.py
[2025-10-30T05:39:25.706+0000] {logging_mixin.py:188} INFO - [2025-10-30T05:39:25.705+0000] {dag.py:3096} INFO - Sync 1 DAGs
[2025-10-30T05:39:25.771+0000] {logging_mixin.py:188} INFO - [2025-10-30T05:39:25.771+0000] {dag.py:3954} INFO - Setting next_dagrun for police_data_ingestion to 2025-11-01 00:00:00+00:00, run_after=2025-12-01 00:00:00+00:00
[2025-10-30T05:39:25.864+0000] {processor.py:183} INFO - Processing /opt/airflow/dags/data_ingestion.py took 0.981 seconds
[2025-10-30T05:39:56.692+0000] {processor.py:161} INFO - Started process (PID=7862) to work on /opt/airflow/dags/data_ingestion.py
[2025-10-30T05:39:56.696+0000] {processor.py:830} INFO - Processing file /opt/airflow/dags/data_ingestion.py for tasks to queue
[2025-10-30T05:39:56.702+0000] {logging_mixin.py:188} INFO - [2025-10-30T05:39:56.701+0000] {dagbag.py:545} INFO - Filling up the DagBag from /opt/airflow/dags/data_ingestion.py
[2025-10-30T05:39:57.794+0000] {processor.py:840} INFO - DAG(s) 'police_data_ingestion' retrieved from /opt/airflow/dags/data_ingestion.py
[2025-10-30T05:39:57.891+0000] {logging_mixin.py:188} INFO - [2025-10-30T05:39:57.890+0000] {dag.py:3096} INFO - Sync 1 DAGs
[2025-10-30T05:39:57.963+0000] {logging_mixin.py:188} INFO - [2025-10-30T05:39:57.961+0000] {dag.py:3954} INFO - Setting next_dagrun for police_data_ingestion to 2025-11-01 00:00:00+00:00, run_after=2025-12-01 00:00:00+00:00
[2025-10-30T05:39:58.026+0000] {processor.py:183} INFO - Processing /opt/airflow/dags/data_ingestion.py took 1.353 seconds
[2025-10-30T05:40:28.318+0000] {processor.py:161} INFO - Started process (PID=7874) to work on /opt/airflow/dags/data_ingestion.py
[2025-10-30T05:40:28.320+0000] {processor.py:830} INFO - Processing file /opt/airflow/dags/data_ingestion.py for tasks to queue
[2025-10-30T05:40:28.331+0000] {logging_mixin.py:188} INFO - [2025-10-30T05:40:28.327+0000] {dagbag.py:545} INFO - Filling up the DagBag from /opt/airflow/dags/data_ingestion.py
[2025-10-30T05:40:29.504+0000] {processor.py:840} INFO - DAG(s) 'police_data_ingestion' retrieved from /opt/airflow/dags/data_ingestion.py
[2025-10-30T05:40:29.587+0000] {logging_mixin.py:188} INFO - [2025-10-30T05:40:29.586+0000] {dag.py:3096} INFO - Sync 1 DAGs
[2025-10-30T05:40:29.647+0000] {logging_mixin.py:188} INFO - [2025-10-30T05:40:29.647+0000] {dag.py:3954} INFO - Setting next_dagrun for police_data_ingestion to 2025-11-01 00:00:00+00:00, run_after=2025-12-01 00:00:00+00:00
[2025-10-30T05:40:29.752+0000] {processor.py:183} INFO - Processing /opt/airflow/dags/data_ingestion.py took 1.452 seconds
[2025-10-30T05:41:00.162+0000] {processor.py:161} INFO - Started process (PID=7886) to work on /opt/airflow/dags/data_ingestion.py
[2025-10-30T05:41:00.166+0000] {processor.py:830} INFO - Processing file /opt/airflow/dags/data_ingestion.py for tasks to queue
[2025-10-30T05:41:00.177+0000] {logging_mixin.py:188} INFO - [2025-10-30T05:41:00.176+0000] {dagbag.py:545} INFO - Filling up the DagBag from /opt/airflow/dags/data_ingestion.py
[2025-10-30T05:41:01.263+0000] {processor.py:840} INFO - DAG(s) 'police_data_ingestion' retrieved from /opt/airflow/dags/data_ingestion.py
[2025-10-30T05:41:01.363+0000] {logging_mixin.py:188} INFO - [2025-10-30T05:41:01.362+0000] {dag.py:3096} INFO - Sync 1 DAGs
[2025-10-30T05:41:01.432+0000] {logging_mixin.py:188} INFO - [2025-10-30T05:41:01.432+0000] {dag.py:3954} INFO - Setting next_dagrun for police_data_ingestion to 2025-11-01 00:00:00+00:00, run_after=2025-12-01 00:00:00+00:00
[2025-10-30T05:41:01.493+0000] {processor.py:183} INFO - Processing /opt/airflow/dags/data_ingestion.py took 1.354 seconds
[2025-10-30T05:41:31.796+0000] {processor.py:161} INFO - Started process (PID=7898) to work on /opt/airflow/dags/data_ingestion.py
[2025-10-30T05:41:31.800+0000] {processor.py:830} INFO - Processing file /opt/airflow/dags/data_ingestion.py for tasks to queue
[2025-10-30T05:41:31.807+0000] {logging_mixin.py:188} INFO - [2025-10-30T05:41:31.806+0000] {dagbag.py:545} INFO - Filling up the DagBag from /opt/airflow/dags/data_ingestion.py
[2025-10-30T05:41:32.833+0000] {processor.py:840} INFO - DAG(s) 'police_data_ingestion' retrieved from /opt/airflow/dags/data_ingestion.py
[2025-10-30T05:41:32.904+0000] {logging_mixin.py:188} INFO - [2025-10-30T05:41:32.904+0000] {dag.py:3096} INFO - Sync 1 DAGs
[2025-10-30T05:41:32.959+0000] {logging_mixin.py:188} INFO - [2025-10-30T05:41:32.958+0000] {dag.py:3954} INFO - Setting next_dagrun for police_data_ingestion to 2025-11-01 00:00:00+00:00, run_after=2025-12-01 00:00:00+00:00
[2025-10-30T05:41:33.034+0000] {processor.py:183} INFO - Processing /opt/airflow/dags/data_ingestion.py took 1.272 seconds
[2025-10-30T05:42:03.419+0000] {processor.py:161} INFO - Started process (PID=7910) to work on /opt/airflow/dags/data_ingestion.py
[2025-10-30T05:42:03.422+0000] {processor.py:830} INFO - Processing file /opt/airflow/dags/data_ingestion.py for tasks to queue
[2025-10-30T05:42:03.429+0000] {logging_mixin.py:188} INFO - [2025-10-30T05:42:03.428+0000] {dagbag.py:545} INFO - Filling up the DagBag from /opt/airflow/dags/data_ingestion.py
[2025-10-30T05:42:04.486+0000] {processor.py:840} INFO - DAG(s) 'police_data_ingestion' retrieved from /opt/airflow/dags/data_ingestion.py
[2025-10-30T05:42:04.566+0000] {logging_mixin.py:188} INFO - [2025-10-30T05:42:04.565+0000] {dag.py:3096} INFO - Sync 1 DAGs
[2025-10-30T05:42:04.637+0000] {logging_mixin.py:188} INFO - [2025-10-30T05:42:04.636+0000] {dag.py:3954} INFO - Setting next_dagrun for police_data_ingestion to 2025-11-01 00:00:00+00:00, run_after=2025-12-01 00:00:00+00:00
[2025-10-30T05:42:04.714+0000] {processor.py:183} INFO - Processing /opt/airflow/dags/data_ingestion.py took 1.314 seconds
[2025-10-30T05:42:34.872+0000] {processor.py:161} INFO - Started process (PID=7922) to work on /opt/airflow/dags/data_ingestion.py
[2025-10-30T05:42:34.877+0000] {processor.py:830} INFO - Processing file /opt/airflow/dags/data_ingestion.py for tasks to queue
[2025-10-30T05:42:34.883+0000] {logging_mixin.py:188} INFO - [2025-10-30T05:42:34.882+0000] {dagbag.py:545} INFO - Filling up the DagBag from /opt/airflow/dags/data_ingestion.py
[2025-10-30T05:42:35.879+0000] {processor.py:840} INFO - DAG(s) 'police_data_ingestion' retrieved from /opt/airflow/dags/data_ingestion.py
[2025-10-30T05:42:35.984+0000] {logging_mixin.py:188} INFO - [2025-10-30T05:42:35.983+0000] {dag.py:3096} INFO - Sync 1 DAGs
[2025-10-30T05:42:36.059+0000] {logging_mixin.py:188} INFO - [2025-10-30T05:42:36.057+0000] {dag.py:3954} INFO - Setting next_dagrun for police_data_ingestion to 2025-11-01 00:00:00+00:00, run_after=2025-12-01 00:00:00+00:00
[2025-10-30T05:42:36.109+0000] {processor.py:183} INFO - Processing /opt/airflow/dags/data_ingestion.py took 1.264 seconds
[2025-10-30T05:43:06.527+0000] {processor.py:161} INFO - Started process (PID=7934) to work on /opt/airflow/dags/data_ingestion.py
[2025-10-30T05:43:06.530+0000] {processor.py:830} INFO - Processing file /opt/airflow/dags/data_ingestion.py for tasks to queue
[2025-10-30T05:43:06.539+0000] {logging_mixin.py:188} INFO - [2025-10-30T05:43:06.537+0000] {dagbag.py:545} INFO - Filling up the DagBag from /opt/airflow/dags/data_ingestion.py
[2025-10-30T05:43:07.946+0000] {processor.py:840} INFO - DAG(s) 'police_data_ingestion' retrieved from /opt/airflow/dags/data_ingestion.py
[2025-10-30T05:43:08.031+0000] {logging_mixin.py:188} INFO - [2025-10-30T05:43:08.030+0000] {dag.py:3096} INFO - Sync 1 DAGs
[2025-10-30T05:43:08.164+0000] {logging_mixin.py:188} INFO - [2025-10-30T05:43:08.164+0000] {dag.py:3954} INFO - Setting next_dagrun for police_data_ingestion to 2025-11-01 00:00:00+00:00, run_after=2025-12-01 00:00:00+00:00
[2025-10-30T05:43:08.229+0000] {processor.py:183} INFO - Processing /opt/airflow/dags/data_ingestion.py took 1.721 seconds
[2025-10-30T05:43:38.752+0000] {processor.py:161} INFO - Started process (PID=7946) to work on /opt/airflow/dags/data_ingestion.py
[2025-10-30T05:43:38.755+0000] {processor.py:830} INFO - Processing file /opt/airflow/dags/data_ingestion.py for tasks to queue
[2025-10-30T05:43:38.765+0000] {logging_mixin.py:188} INFO - [2025-10-30T05:43:38.760+0000] {dagbag.py:545} INFO - Filling up the DagBag from /opt/airflow/dags/data_ingestion.py
[2025-10-30T05:43:39.927+0000] {processor.py:840} INFO - DAG(s) 'police_data_ingestion' retrieved from /opt/airflow/dags/data_ingestion.py
[2025-10-30T05:43:40.058+0000] {logging_mixin.py:188} INFO - [2025-10-30T05:43:40.057+0000] {dag.py:3096} INFO - Sync 1 DAGs
[2025-10-30T05:43:40.126+0000] {logging_mixin.py:188} INFO - [2025-10-30T05:43:40.125+0000] {dag.py:3954} INFO - Setting next_dagrun for police_data_ingestion to 2025-11-01 00:00:00+00:00, run_after=2025-12-01 00:00:00+00:00
[2025-10-30T05:43:40.200+0000] {processor.py:183} INFO - Processing /opt/airflow/dags/data_ingestion.py took 1.471 seconds
[2025-10-30T05:44:11.049+0000] {processor.py:161} INFO - Started process (PID=7958) to work on /opt/airflow/dags/data_ingestion.py
[2025-10-30T05:44:11.051+0000] {processor.py:830} INFO - Processing file /opt/airflow/dags/data_ingestion.py for tasks to queue
[2025-10-30T05:44:11.058+0000] {logging_mixin.py:188} INFO - [2025-10-30T05:44:11.055+0000] {dagbag.py:545} INFO - Filling up the DagBag from /opt/airflow/dags/data_ingestion.py
[2025-10-30T05:44:11.854+0000] {processor.py:840} INFO - DAG(s) 'police_data_ingestion' retrieved from /opt/airflow/dags/data_ingestion.py
[2025-10-30T05:44:11.959+0000] {logging_mixin.py:188} INFO - [2025-10-30T05:44:11.956+0000] {dag.py:3096} INFO - Sync 1 DAGs
[2025-10-30T05:44:12.049+0000] {logging_mixin.py:188} INFO - [2025-10-30T05:44:12.046+0000] {dag.py:3954} INFO - Setting next_dagrun for police_data_ingestion to 2025-11-01 00:00:00+00:00, run_after=2025-12-01 00:00:00+00:00
[2025-10-30T05:44:12.146+0000] {processor.py:183} INFO - Processing /opt/airflow/dags/data_ingestion.py took 1.112 seconds
[2025-10-30T05:44:42.618+0000] {processor.py:161} INFO - Started process (PID=7970) to work on /opt/airflow/dags/data_ingestion.py
[2025-10-30T05:44:42.628+0000] {processor.py:830} INFO - Processing file /opt/airflow/dags/data_ingestion.py for tasks to queue
[2025-10-30T05:44:42.634+0000] {logging_mixin.py:188} INFO - [2025-10-30T05:44:42.633+0000] {dagbag.py:545} INFO - Filling up the DagBag from /opt/airflow/dags/data_ingestion.py
[2025-10-30T05:44:43.658+0000] {processor.py:840} INFO - DAG(s) 'police_data_ingestion' retrieved from /opt/airflow/dags/data_ingestion.py
[2025-10-30T05:44:43.741+0000] {logging_mixin.py:188} INFO - [2025-10-30T05:44:43.740+0000] {dag.py:3096} INFO - Sync 1 DAGs
[2025-10-30T05:44:43.809+0000] {logging_mixin.py:188} INFO - [2025-10-30T05:44:43.808+0000] {dag.py:3954} INFO - Setting next_dagrun for police_data_ingestion to 2025-11-01 00:00:00+00:00, run_after=2025-12-01 00:00:00+00:00
[2025-10-30T05:44:43.897+0000] {processor.py:183} INFO - Processing /opt/airflow/dags/data_ingestion.py took 1.301 seconds
[2025-10-30T05:45:14.481+0000] {processor.py:161} INFO - Started process (PID=7982) to work on /opt/airflow/dags/data_ingestion.py
[2025-10-30T05:45:14.483+0000] {processor.py:830} INFO - Processing file /opt/airflow/dags/data_ingestion.py for tasks to queue
[2025-10-30T05:45:14.493+0000] {logging_mixin.py:188} INFO - [2025-10-30T05:45:14.492+0000] {dagbag.py:545} INFO - Filling up the DagBag from /opt/airflow/dags/data_ingestion.py
[2025-10-30T05:45:15.655+0000] {processor.py:840} INFO - DAG(s) 'police_data_ingestion' retrieved from /opt/airflow/dags/data_ingestion.py
[2025-10-30T05:45:15.737+0000] {logging_mixin.py:188} INFO - [2025-10-30T05:45:15.736+0000] {dag.py:3096} INFO - Sync 1 DAGs
[2025-10-30T05:45:15.807+0000] {logging_mixin.py:188} INFO - [2025-10-30T05:45:15.806+0000] {dag.py:3954} INFO - Setting next_dagrun for police_data_ingestion to 2025-11-01 00:00:00+00:00, run_after=2025-12-01 00:00:00+00:00
[2025-10-30T05:45:15.870+0000] {processor.py:183} INFO - Processing /opt/airflow/dags/data_ingestion.py took 1.407 seconds
[2025-10-30T05:45:46.141+0000] {processor.py:161} INFO - Started process (PID=7994) to work on /opt/airflow/dags/data_ingestion.py
[2025-10-30T05:45:46.143+0000] {processor.py:830} INFO - Processing file /opt/airflow/dags/data_ingestion.py for tasks to queue
[2025-10-30T05:45:46.147+0000] {logging_mixin.py:188} INFO - [2025-10-30T05:45:46.147+0000] {dagbag.py:545} INFO - Filling up the DagBag from /opt/airflow/dags/data_ingestion.py
[2025-10-30T05:45:47.120+0000] {processor.py:840} INFO - DAG(s) 'police_data_ingestion' retrieved from /opt/airflow/dags/data_ingestion.py
[2025-10-30T05:45:47.198+0000] {logging_mixin.py:188} INFO - [2025-10-30T05:45:47.197+0000] {dag.py:3096} INFO - Sync 1 DAGs
[2025-10-30T05:45:47.253+0000] {logging_mixin.py:188} INFO - [2025-10-30T05:45:47.252+0000] {dag.py:3954} INFO - Setting next_dagrun for police_data_ingestion to 2025-11-01 00:00:00+00:00, run_after=2025-12-01 00:00:00+00:00
[2025-10-30T05:45:47.345+0000] {processor.py:183} INFO - Processing /opt/airflow/dags/data_ingestion.py took 1.236 seconds
[2025-10-30T05:46:17.908+0000] {processor.py:161} INFO - Started process (PID=8004) to work on /opt/airflow/dags/data_ingestion.py
[2025-10-30T05:46:17.911+0000] {processor.py:830} INFO - Processing file /opt/airflow/dags/data_ingestion.py for tasks to queue
[2025-10-30T05:46:17.918+0000] {logging_mixin.py:188} INFO - [2025-10-30T05:46:17.917+0000] {dagbag.py:545} INFO - Filling up the DagBag from /opt/airflow/dags/data_ingestion.py
[2025-10-30T05:46:18.973+0000] {processor.py:840} INFO - DAG(s) 'police_data_ingestion' retrieved from /opt/airflow/dags/data_ingestion.py
[2025-10-30T05:46:19.055+0000] {logging_mixin.py:188} INFO - [2025-10-30T05:46:19.054+0000] {dag.py:3096} INFO - Sync 1 DAGs
[2025-10-30T05:46:19.134+0000] {logging_mixin.py:188} INFO - [2025-10-30T05:46:19.134+0000] {dag.py:3954} INFO - Setting next_dagrun for police_data_ingestion to 2025-11-01 00:00:00+00:00, run_after=2025-12-01 00:00:00+00:00
[2025-10-30T05:46:19.190+0000] {processor.py:183} INFO - Processing /opt/airflow/dags/data_ingestion.py took 1.300 seconds
[2025-10-30T05:46:50.018+0000] {processor.py:161} INFO - Started process (PID=8016) to work on /opt/airflow/dags/data_ingestion.py
[2025-10-30T05:46:50.020+0000] {processor.py:830} INFO - Processing file /opt/airflow/dags/data_ingestion.py for tasks to queue
[2025-10-30T05:46:50.025+0000] {logging_mixin.py:188} INFO - [2025-10-30T05:46:50.024+0000] {dagbag.py:545} INFO - Filling up the DagBag from /opt/airflow/dags/data_ingestion.py
[2025-10-30T05:46:50.955+0000] {processor.py:840} INFO - DAG(s) 'police_data_ingestion' retrieved from /opt/airflow/dags/data_ingestion.py
[2025-10-30T05:46:51.030+0000] {logging_mixin.py:188} INFO - [2025-10-30T05:46:51.026+0000] {dag.py:3096} INFO - Sync 1 DAGs
[2025-10-30T05:46:51.078+0000] {logging_mixin.py:188} INFO - [2025-10-30T05:46:51.077+0000] {dag.py:3954} INFO - Setting next_dagrun for police_data_ingestion to 2025-11-01 00:00:00+00:00, run_after=2025-12-01 00:00:00+00:00
[2025-10-30T05:46:51.136+0000] {processor.py:183} INFO - Processing /opt/airflow/dags/data_ingestion.py took 1.138 seconds
[2025-10-30T05:47:21.902+0000] {processor.py:161} INFO - Started process (PID=8028) to work on /opt/airflow/dags/data_ingestion.py
[2025-10-30T05:47:21.906+0000] {processor.py:830} INFO - Processing file /opt/airflow/dags/data_ingestion.py for tasks to queue
[2025-10-30T05:47:21.912+0000] {logging_mixin.py:188} INFO - [2025-10-30T05:47:21.911+0000] {dagbag.py:545} INFO - Filling up the DagBag from /opt/airflow/dags/data_ingestion.py
[2025-10-30T05:47:23.191+0000] {processor.py:840} INFO - DAG(s) 'police_data_ingestion' retrieved from /opt/airflow/dags/data_ingestion.py
[2025-10-30T05:47:23.297+0000] {logging_mixin.py:188} INFO - [2025-10-30T05:47:23.295+0000] {dag.py:3096} INFO - Sync 1 DAGs
[2025-10-30T05:47:23.375+0000] {logging_mixin.py:188} INFO - [2025-10-30T05:47:23.374+0000] {dag.py:3954} INFO - Setting next_dagrun for police_data_ingestion to 2025-11-01 00:00:00+00:00, run_after=2025-12-01 00:00:00+00:00
[2025-10-30T05:47:23.441+0000] {processor.py:183} INFO - Processing /opt/airflow/dags/data_ingestion.py took 1.560 seconds
[2025-10-30T05:47:53.948+0000] {processor.py:161} INFO - Started process (PID=8040) to work on /opt/airflow/dags/data_ingestion.py
[2025-10-30T05:47:53.951+0000] {processor.py:830} INFO - Processing file /opt/airflow/dags/data_ingestion.py for tasks to queue
[2025-10-30T05:47:53.959+0000] {logging_mixin.py:188} INFO - [2025-10-30T05:47:53.958+0000] {dagbag.py:545} INFO - Filling up the DagBag from /opt/airflow/dags/data_ingestion.py
[2025-10-30T05:47:55.063+0000] {processor.py:840} INFO - DAG(s) 'police_data_ingestion' retrieved from /opt/airflow/dags/data_ingestion.py
[2025-10-30T05:47:55.150+0000] {logging_mixin.py:188} INFO - [2025-10-30T05:47:55.149+0000] {dag.py:3096} INFO - Sync 1 DAGs
[2025-10-30T05:47:55.240+0000] {logging_mixin.py:188} INFO - [2025-10-30T05:47:55.238+0000] {dag.py:3954} INFO - Setting next_dagrun for police_data_ingestion to 2025-11-01 00:00:00+00:00, run_after=2025-12-01 00:00:00+00:00
[2025-10-30T05:47:55.306+0000] {processor.py:183} INFO - Processing /opt/airflow/dags/data_ingestion.py took 1.380 seconds
[2025-10-30T05:48:25.514+0000] {processor.py:161} INFO - Started process (PID=8052) to work on /opt/airflow/dags/data_ingestion.py
[2025-10-30T05:48:25.524+0000] {processor.py:830} INFO - Processing file /opt/airflow/dags/data_ingestion.py for tasks to queue
[2025-10-30T05:48:25.531+0000] {logging_mixin.py:188} INFO - [2025-10-30T05:48:25.530+0000] {dagbag.py:545} INFO - Filling up the DagBag from /opt/airflow/dags/data_ingestion.py
[2025-10-30T05:48:27.323+0000] {processor.py:840} INFO - DAG(s) 'police_data_ingestion' retrieved from /opt/airflow/dags/data_ingestion.py
[2025-10-30T05:48:27.438+0000] {logging_mixin.py:188} INFO - [2025-10-30T05:48:27.437+0000] {dag.py:3096} INFO - Sync 1 DAGs
[2025-10-30T05:48:27.526+0000] {logging_mixin.py:188} INFO - [2025-10-30T05:48:27.524+0000] {dag.py:3954} INFO - Setting next_dagrun for police_data_ingestion to 2025-11-01 00:00:00+00:00, run_after=2025-12-01 00:00:00+00:00
[2025-10-30T05:48:27.595+0000] {processor.py:183} INFO - Processing /opt/airflow/dags/data_ingestion.py took 2.105 seconds
[2025-10-30T05:48:58.079+0000] {processor.py:161} INFO - Started process (PID=8064) to work on /opt/airflow/dags/data_ingestion.py
[2025-10-30T05:48:58.081+0000] {processor.py:830} INFO - Processing file /opt/airflow/dags/data_ingestion.py for tasks to queue
[2025-10-30T05:48:58.085+0000] {logging_mixin.py:188} INFO - [2025-10-30T05:48:58.084+0000] {dagbag.py:545} INFO - Filling up the DagBag from /opt/airflow/dags/data_ingestion.py
[2025-10-30T05:48:59.136+0000] {processor.py:840} INFO - DAG(s) 'police_data_ingestion' retrieved from /opt/airflow/dags/data_ingestion.py
[2025-10-30T05:48:59.223+0000] {logging_mixin.py:188} INFO - [2025-10-30T05:48:59.222+0000] {dag.py:3096} INFO - Sync 1 DAGs
[2025-10-30T05:48:59.293+0000] {logging_mixin.py:188} INFO - [2025-10-30T05:48:59.293+0000] {dag.py:3954} INFO - Setting next_dagrun for police_data_ingestion to 2025-11-01 00:00:00+00:00, run_after=2025-12-01 00:00:00+00:00
[2025-10-30T05:48:59.357+0000] {processor.py:183} INFO - Processing /opt/airflow/dags/data_ingestion.py took 1.297 seconds
[2025-10-30T05:49:29.534+0000] {processor.py:161} INFO - Started process (PID=8076) to work on /opt/airflow/dags/data_ingestion.py
[2025-10-30T05:49:29.538+0000] {processor.py:830} INFO - Processing file /opt/airflow/dags/data_ingestion.py for tasks to queue
[2025-10-30T05:49:29.545+0000] {logging_mixin.py:188} INFO - [2025-10-30T05:49:29.544+0000] {dagbag.py:545} INFO - Filling up the DagBag from /opt/airflow/dags/data_ingestion.py
[2025-10-30T05:49:30.677+0000] {processor.py:840} INFO - DAG(s) 'police_data_ingestion' retrieved from /opt/airflow/dags/data_ingestion.py
[2025-10-30T05:49:30.765+0000] {logging_mixin.py:188} INFO - [2025-10-30T05:49:30.764+0000] {dag.py:3096} INFO - Sync 1 DAGs
[2025-10-30T05:49:30.829+0000] {logging_mixin.py:188} INFO - [2025-10-30T05:49:30.829+0000] {dag.py:3954} INFO - Setting next_dagrun for police_data_ingestion to 2025-11-01 00:00:00+00:00, run_after=2025-12-01 00:00:00+00:00
[2025-10-30T05:49:30.887+0000] {processor.py:183} INFO - Processing /opt/airflow/dags/data_ingestion.py took 1.372 seconds
[2025-10-30T05:50:01.413+0000] {processor.py:161} INFO - Started process (PID=8087) to work on /opt/airflow/dags/data_ingestion.py
[2025-10-30T05:50:01.416+0000] {processor.py:830} INFO - Processing file /opt/airflow/dags/data_ingestion.py for tasks to queue
[2025-10-30T05:50:01.425+0000] {logging_mixin.py:188} INFO - [2025-10-30T05:50:01.424+0000] {dagbag.py:545} INFO - Filling up the DagBag from /opt/airflow/dags/data_ingestion.py
[2025-10-30T05:50:02.346+0000] {processor.py:840} INFO - DAG(s) 'police_data_ingestion' retrieved from /opt/airflow/dags/data_ingestion.py
[2025-10-30T05:50:02.433+0000] {logging_mixin.py:188} INFO - [2025-10-30T05:50:02.432+0000] {dag.py:3096} INFO - Sync 1 DAGs
[2025-10-30T05:50:02.482+0000] {logging_mixin.py:188} INFO - [2025-10-30T05:50:02.482+0000] {dag.py:3954} INFO - Setting next_dagrun for police_data_ingestion to 2025-11-01 00:00:00+00:00, run_after=2025-12-01 00:00:00+00:00
[2025-10-30T05:50:02.528+0000] {processor.py:183} INFO - Processing /opt/airflow/dags/data_ingestion.py took 1.137 seconds
[2025-10-30T05:50:33.114+0000] {processor.py:161} INFO - Started process (PID=8099) to work on /opt/airflow/dags/data_ingestion.py
[2025-10-30T05:50:33.117+0000] {processor.py:830} INFO - Processing file /opt/airflow/dags/data_ingestion.py for tasks to queue
[2025-10-30T05:50:33.121+0000] {logging_mixin.py:188} INFO - [2025-10-30T05:50:33.120+0000] {dagbag.py:545} INFO - Filling up the DagBag from /opt/airflow/dags/data_ingestion.py
[2025-10-30T05:50:34.050+0000] {processor.py:840} INFO - DAG(s) 'police_data_ingestion' retrieved from /opt/airflow/dags/data_ingestion.py
[2025-10-30T05:50:34.135+0000] {logging_mixin.py:188} INFO - [2025-10-30T05:50:34.134+0000] {dag.py:3096} INFO - Sync 1 DAGs
[2025-10-30T05:50:34.196+0000] {logging_mixin.py:188} INFO - [2025-10-30T05:50:34.195+0000] {dag.py:3954} INFO - Setting next_dagrun for police_data_ingestion to 2025-11-01 00:00:00+00:00, run_after=2025-12-01 00:00:00+00:00
[2025-10-30T05:50:34.264+0000] {processor.py:183} INFO - Processing /opt/airflow/dags/data_ingestion.py took 1.165 seconds
[2025-10-30T05:51:04.988+0000] {processor.py:161} INFO - Started process (PID=8111) to work on /opt/airflow/dags/data_ingestion.py
[2025-10-30T05:51:04.990+0000] {processor.py:830} INFO - Processing file /opt/airflow/dags/data_ingestion.py for tasks to queue
[2025-10-30T05:51:04.997+0000] {logging_mixin.py:188} INFO - [2025-10-30T05:51:04.996+0000] {dagbag.py:545} INFO - Filling up the DagBag from /opt/airflow/dags/data_ingestion.py
[2025-10-30T05:51:06.004+0000] {processor.py:840} INFO - DAG(s) 'police_data_ingestion' retrieved from /opt/airflow/dags/data_ingestion.py
[2025-10-30T05:51:06.090+0000] {logging_mixin.py:188} INFO - [2025-10-30T05:51:06.088+0000] {dag.py:3096} INFO - Sync 1 DAGs
[2025-10-30T05:51:06.168+0000] {logging_mixin.py:188} INFO - [2025-10-30T05:51:06.167+0000] {dag.py:3954} INFO - Setting next_dagrun for police_data_ingestion to 2025-11-01 00:00:00+00:00, run_after=2025-12-01 00:00:00+00:00
[2025-10-30T05:51:06.235+0000] {processor.py:183} INFO - Processing /opt/airflow/dags/data_ingestion.py took 1.267 seconds
[2025-10-30T05:51:36.828+0000] {processor.py:161} INFO - Started process (PID=8123) to work on /opt/airflow/dags/data_ingestion.py
[2025-10-30T05:51:36.832+0000] {processor.py:830} INFO - Processing file /opt/airflow/dags/data_ingestion.py for tasks to queue
[2025-10-30T05:51:36.842+0000] {logging_mixin.py:188} INFO - [2025-10-30T05:51:36.841+0000] {dagbag.py:545} INFO - Filling up the DagBag from /opt/airflow/dags/data_ingestion.py
[2025-10-30T05:51:37.811+0000] {processor.py:840} INFO - DAG(s) 'police_data_ingestion' retrieved from /opt/airflow/dags/data_ingestion.py
[2025-10-30T05:51:37.890+0000] {logging_mixin.py:188} INFO - [2025-10-30T05:51:37.889+0000] {dag.py:3096} INFO - Sync 1 DAGs
[2025-10-30T05:51:37.971+0000] {logging_mixin.py:188} INFO - [2025-10-30T05:51:37.969+0000] {dag.py:3954} INFO - Setting next_dagrun for police_data_ingestion to 2025-11-01 00:00:00+00:00, run_after=2025-12-01 00:00:00+00:00
[2025-10-30T05:51:38.035+0000] {processor.py:183} INFO - Processing /opt/airflow/dags/data_ingestion.py took 1.227 seconds
[2025-10-30T05:52:15.159+0000] {processor.py:161} INFO - Started process (PID=8135) to work on /opt/airflow/dags/data_ingestion.py
[2025-10-30T05:52:15.181+0000] {processor.py:830} INFO - Processing file /opt/airflow/dags/data_ingestion.py for tasks to queue
[2025-10-30T05:52:15.198+0000] {logging_mixin.py:188} INFO - [2025-10-30T05:52:15.187+0000] {dagbag.py:545} INFO - Filling up the DagBag from /opt/airflow/dags/data_ingestion.py
[2025-10-30T05:52:18.164+0000] {processor.py:840} INFO - DAG(s) 'police_data_ingestion' retrieved from /opt/airflow/dags/data_ingestion.py
[2025-10-30T05:52:18.441+0000] {logging_mixin.py:188} INFO - [2025-10-30T05:52:18.438+0000] {dag.py:3096} INFO - Sync 1 DAGs
[2025-10-30T05:52:18.801+0000] {logging_mixin.py:188} INFO - [2025-10-30T05:52:18.800+0000] {dag.py:3954} INFO - Setting next_dagrun for police_data_ingestion to 2025-11-01 00:00:00+00:00, run_after=2025-12-01 00:00:00+00:00
[2025-10-30T05:52:19.194+0000] {processor.py:183} INFO - Processing /opt/airflow/dags/data_ingestion.py took 4.075 seconds
[2025-10-30T05:52:49.790+0000] {processor.py:161} INFO - Started process (PID=8144) to work on /opt/airflow/dags/data_ingestion.py
[2025-10-30T05:52:49.793+0000] {processor.py:830} INFO - Processing file /opt/airflow/dags/data_ingestion.py for tasks to queue
[2025-10-30T05:52:49.796+0000] {logging_mixin.py:188} INFO - [2025-10-30T05:52:49.796+0000] {dagbag.py:545} INFO - Filling up the DagBag from /opt/airflow/dags/data_ingestion.py
[2025-10-30T05:52:50.661+0000] {processor.py:840} INFO - DAG(s) 'police_data_ingestion' retrieved from /opt/airflow/dags/data_ingestion.py
[2025-10-30T05:52:50.724+0000] {logging_mixin.py:188} INFO - [2025-10-30T05:52:50.723+0000] {dag.py:3096} INFO - Sync 1 DAGs
[2025-10-30T05:52:50.775+0000] {logging_mixin.py:188} INFO - [2025-10-30T05:52:50.774+0000] {dag.py:3954} INFO - Setting next_dagrun for police_data_ingestion to 2025-11-01 00:00:00+00:00, run_after=2025-12-01 00:00:00+00:00
[2025-10-30T05:52:50.822+0000] {processor.py:183} INFO - Processing /opt/airflow/dags/data_ingestion.py took 1.046 seconds
[2025-10-30T05:53:21.330+0000] {processor.py:161} INFO - Started process (PID=8156) to work on /opt/airflow/dags/data_ingestion.py
[2025-10-30T05:53:21.333+0000] {processor.py:830} INFO - Processing file /opt/airflow/dags/data_ingestion.py for tasks to queue
[2025-10-30T05:53:21.339+0000] {logging_mixin.py:188} INFO - [2025-10-30T05:53:21.338+0000] {dagbag.py:545} INFO - Filling up the DagBag from /opt/airflow/dags/data_ingestion.py
[2025-10-30T05:53:22.320+0000] {processor.py:840} INFO - DAG(s) 'police_data_ingestion' retrieved from /opt/airflow/dags/data_ingestion.py
[2025-10-30T05:53:22.389+0000] {logging_mixin.py:188} INFO - [2025-10-30T05:53:22.389+0000] {dag.py:3096} INFO - Sync 1 DAGs
[2025-10-30T05:53:22.446+0000] {logging_mixin.py:188} INFO - [2025-10-30T05:53:22.445+0000] {dag.py:3954} INFO - Setting next_dagrun for police_data_ingestion to 2025-11-01 00:00:00+00:00, run_after=2025-12-01 00:00:00+00:00
[2025-10-30T05:53:22.541+0000] {processor.py:183} INFO - Processing /opt/airflow/dags/data_ingestion.py took 1.231 seconds
[2025-10-30T05:53:52.883+0000] {processor.py:161} INFO - Started process (PID=8168) to work on /opt/airflow/dags/data_ingestion.py
[2025-10-30T05:53:52.885+0000] {processor.py:830} INFO - Processing file /opt/airflow/dags/data_ingestion.py for tasks to queue
[2025-10-30T05:53:52.892+0000] {logging_mixin.py:188} INFO - [2025-10-30T05:53:52.891+0000] {dagbag.py:545} INFO - Filling up the DagBag from /opt/airflow/dags/data_ingestion.py
[2025-10-30T05:53:53.611+0000] {processor.py:840} INFO - DAG(s) 'police_data_ingestion' retrieved from /opt/airflow/dags/data_ingestion.py
[2025-10-30T05:53:53.689+0000] {logging_mixin.py:188} INFO - [2025-10-30T05:53:53.688+0000] {dag.py:3096} INFO - Sync 1 DAGs
[2025-10-30T05:53:53.749+0000] {logging_mixin.py:188} INFO - [2025-10-30T05:53:53.748+0000] {dag.py:3954} INFO - Setting next_dagrun for police_data_ingestion to 2025-11-01 00:00:00+00:00, run_after=2025-12-01 00:00:00+00:00
[2025-10-30T05:53:53.789+0000] {processor.py:183} INFO - Processing /opt/airflow/dags/data_ingestion.py took 0.935 seconds
[2025-10-30T05:54:24.351+0000] {processor.py:161} INFO - Started process (PID=8180) to work on /opt/airflow/dags/data_ingestion.py
[2025-10-30T05:54:24.354+0000] {processor.py:830} INFO - Processing file /opt/airflow/dags/data_ingestion.py for tasks to queue
[2025-10-30T05:54:24.359+0000] {logging_mixin.py:188} INFO - [2025-10-30T05:54:24.358+0000] {dagbag.py:545} INFO - Filling up the DagBag from /opt/airflow/dags/data_ingestion.py
[2025-10-30T05:54:25.379+0000] {processor.py:840} INFO - DAG(s) 'police_data_ingestion' retrieved from /opt/airflow/dags/data_ingestion.py
[2025-10-30T05:54:25.452+0000] {logging_mixin.py:188} INFO - [2025-10-30T05:54:25.451+0000] {dag.py:3096} INFO - Sync 1 DAGs
[2025-10-30T05:54:25.497+0000] {logging_mixin.py:188} INFO - [2025-10-30T05:54:25.497+0000] {dag.py:3954} INFO - Setting next_dagrun for police_data_ingestion to 2025-11-01 00:00:00+00:00, run_after=2025-12-01 00:00:00+00:00
[2025-10-30T05:54:25.540+0000] {processor.py:183} INFO - Processing /opt/airflow/dags/data_ingestion.py took 1.203 seconds
[2025-10-30T05:54:56.149+0000] {processor.py:161} INFO - Started process (PID=8192) to work on /opt/airflow/dags/data_ingestion.py
[2025-10-30T05:54:56.152+0000] {processor.py:830} INFO - Processing file /opt/airflow/dags/data_ingestion.py for tasks to queue
[2025-10-30T05:54:56.158+0000] {logging_mixin.py:188} INFO - [2025-10-30T05:54:56.157+0000] {dagbag.py:545} INFO - Filling up the DagBag from /opt/airflow/dags/data_ingestion.py
[2025-10-30T05:54:56.811+0000] {processor.py:840} INFO - DAG(s) 'police_data_ingestion' retrieved from /opt/airflow/dags/data_ingestion.py
[2025-10-30T05:54:56.880+0000] {logging_mixin.py:188} INFO - [2025-10-30T05:54:56.879+0000] {dag.py:3096} INFO - Sync 1 DAGs
[2025-10-30T05:54:56.931+0000] {logging_mixin.py:188} INFO - [2025-10-30T05:54:56.931+0000] {dag.py:3954} INFO - Setting next_dagrun for police_data_ingestion to 2025-11-01 00:00:00+00:00, run_after=2025-12-01 00:00:00+00:00
[2025-10-30T05:54:56.984+0000] {processor.py:183} INFO - Processing /opt/airflow/dags/data_ingestion.py took 0.847 seconds
[2025-10-30T05:55:27.599+0000] {processor.py:161} INFO - Started process (PID=8204) to work on /opt/airflow/dags/data_ingestion.py
[2025-10-30T05:55:27.602+0000] {processor.py:830} INFO - Processing file /opt/airflow/dags/data_ingestion.py for tasks to queue
[2025-10-30T05:55:27.608+0000] {logging_mixin.py:188} INFO - [2025-10-30T05:55:27.606+0000] {dagbag.py:545} INFO - Filling up the DagBag from /opt/airflow/dags/data_ingestion.py
[2025-10-30T05:55:28.412+0000] {processor.py:840} INFO - DAG(s) 'police_data_ingestion' retrieved from /opt/airflow/dags/data_ingestion.py
[2025-10-30T05:55:28.473+0000] {logging_mixin.py:188} INFO - [2025-10-30T05:55:28.472+0000] {dag.py:3096} INFO - Sync 1 DAGs
[2025-10-30T05:55:28.522+0000] {logging_mixin.py:188} INFO - [2025-10-30T05:55:28.522+0000] {dag.py:3954} INFO - Setting next_dagrun for police_data_ingestion to 2025-11-01 00:00:00+00:00, run_after=2025-12-01 00:00:00+00:00
[2025-10-30T05:55:28.581+0000] {processor.py:183} INFO - Processing /opt/airflow/dags/data_ingestion.py took 0.999 seconds
[2025-10-30T05:55:59.209+0000] {processor.py:161} INFO - Started process (PID=8216) to work on /opt/airflow/dags/data_ingestion.py
[2025-10-30T05:55:59.212+0000] {processor.py:830} INFO - Processing file /opt/airflow/dags/data_ingestion.py for tasks to queue
[2025-10-30T05:55:59.217+0000] {logging_mixin.py:188} INFO - [2025-10-30T05:55:59.216+0000] {dagbag.py:545} INFO - Filling up the DagBag from /opt/airflow/dags/data_ingestion.py
[2025-10-30T05:55:59.939+0000] {processor.py:840} INFO - DAG(s) 'police_data_ingestion' retrieved from /opt/airflow/dags/data_ingestion.py
[2025-10-30T05:55:59.995+0000] {logging_mixin.py:188} INFO - [2025-10-30T05:55:59.994+0000] {dag.py:3096} INFO - Sync 1 DAGs
[2025-10-30T05:56:00.038+0000] {logging_mixin.py:188} INFO - [2025-10-30T05:56:00.037+0000] {dag.py:3954} INFO - Setting next_dagrun for police_data_ingestion to 2025-11-01 00:00:00+00:00, run_after=2025-12-01 00:00:00+00:00
[2025-10-30T05:56:00.076+0000] {processor.py:183} INFO - Processing /opt/airflow/dags/data_ingestion.py took 0.884 seconds
[2025-10-30T05:56:30.844+0000] {processor.py:161} INFO - Started process (PID=8228) to work on /opt/airflow/dags/data_ingestion.py
[2025-10-30T05:56:30.847+0000] {processor.py:830} INFO - Processing file /opt/airflow/dags/data_ingestion.py for tasks to queue
[2025-10-30T05:56:30.854+0000] {logging_mixin.py:188} INFO - [2025-10-30T05:56:30.852+0000] {dagbag.py:545} INFO - Filling up the DagBag from /opt/airflow/dags/data_ingestion.py
[2025-10-30T05:56:31.759+0000] {processor.py:840} INFO - DAG(s) 'police_data_ingestion' retrieved from /opt/airflow/dags/data_ingestion.py
[2025-10-30T05:56:31.836+0000] {logging_mixin.py:188} INFO - [2025-10-30T05:56:31.835+0000] {dag.py:3096} INFO - Sync 1 DAGs
[2025-10-30T05:56:31.885+0000] {logging_mixin.py:188} INFO - [2025-10-30T05:56:31.885+0000] {dag.py:3954} INFO - Setting next_dagrun for police_data_ingestion to 2025-11-01 00:00:00+00:00, run_after=2025-12-01 00:00:00+00:00
[2025-10-30T05:56:31.930+0000] {processor.py:183} INFO - Processing /opt/airflow/dags/data_ingestion.py took 1.105 seconds
[2025-10-30T05:57:02.637+0000] {processor.py:161} INFO - Started process (PID=8240) to work on /opt/airflow/dags/data_ingestion.py
[2025-10-30T05:57:02.640+0000] {processor.py:830} INFO - Processing file /opt/airflow/dags/data_ingestion.py for tasks to queue
[2025-10-30T05:57:02.645+0000] {logging_mixin.py:188} INFO - [2025-10-30T05:57:02.645+0000] {dagbag.py:545} INFO - Filling up the DagBag from /opt/airflow/dags/data_ingestion.py
[2025-10-30T05:57:03.366+0000] {processor.py:840} INFO - DAG(s) 'police_data_ingestion' retrieved from /opt/airflow/dags/data_ingestion.py
[2025-10-30T05:57:03.436+0000] {logging_mixin.py:188} INFO - [2025-10-30T05:57:03.435+0000] {dag.py:3096} INFO - Sync 1 DAGs
[2025-10-30T05:57:03.488+0000] {logging_mixin.py:188} INFO - [2025-10-30T05:57:03.487+0000] {dag.py:3954} INFO - Setting next_dagrun for police_data_ingestion to 2025-11-01 00:00:00+00:00, run_after=2025-12-01 00:00:00+00:00
[2025-10-30T05:57:03.545+0000] {processor.py:183} INFO - Processing /opt/airflow/dags/data_ingestion.py took 0.928 seconds
[2025-10-30T05:57:34.300+0000] {processor.py:161} INFO - Started process (PID=8252) to work on /opt/airflow/dags/data_ingestion.py
[2025-10-30T05:57:34.302+0000] {processor.py:830} INFO - Processing file /opt/airflow/dags/data_ingestion.py for tasks to queue
[2025-10-30T05:57:34.306+0000] {logging_mixin.py:188} INFO - [2025-10-30T05:57:34.305+0000] {dagbag.py:545} INFO - Filling up the DagBag from /opt/airflow/dags/data_ingestion.py
[2025-10-30T05:57:35.010+0000] {processor.py:840} INFO - DAG(s) 'police_data_ingestion' retrieved from /opt/airflow/dags/data_ingestion.py
[2025-10-30T05:57:35.071+0000] {logging_mixin.py:188} INFO - [2025-10-30T05:57:35.070+0000] {dag.py:3096} INFO - Sync 1 DAGs
[2025-10-30T05:57:35.114+0000] {logging_mixin.py:188} INFO - [2025-10-30T05:57:35.113+0000] {dag.py:3954} INFO - Setting next_dagrun for police_data_ingestion to 2025-11-01 00:00:00+00:00, run_after=2025-12-01 00:00:00+00:00
[2025-10-30T05:57:35.173+0000] {processor.py:183} INFO - Processing /opt/airflow/dags/data_ingestion.py took 0.890 seconds
[2025-10-30T05:58:05.973+0000] {processor.py:161} INFO - Started process (PID=8264) to work on /opt/airflow/dags/data_ingestion.py
[2025-10-30T05:58:05.976+0000] {processor.py:830} INFO - Processing file /opt/airflow/dags/data_ingestion.py for tasks to queue
[2025-10-30T05:58:05.981+0000] {logging_mixin.py:188} INFO - [2025-10-30T05:58:05.980+0000] {dagbag.py:545} INFO - Filling up the DagBag from /opt/airflow/dags/data_ingestion.py
[2025-10-30T05:58:06.580+0000] {processor.py:840} INFO - DAG(s) 'police_data_ingestion' retrieved from /opt/airflow/dags/data_ingestion.py
[2025-10-30T05:58:06.631+0000] {logging_mixin.py:188} INFO - [2025-10-30T05:58:06.630+0000] {dag.py:3096} INFO - Sync 1 DAGs
[2025-10-30T05:58:06.666+0000] {logging_mixin.py:188} INFO - [2025-10-30T05:58:06.666+0000] {dag.py:3954} INFO - Setting next_dagrun for police_data_ingestion to 2025-11-01 00:00:00+00:00, run_after=2025-12-01 00:00:00+00:00
[2025-10-30T05:58:06.709+0000] {processor.py:183} INFO - Processing /opt/airflow/dags/data_ingestion.py took 0.756 seconds
[2025-10-30T05:58:37.417+0000] {processor.py:161} INFO - Started process (PID=8276) to work on /opt/airflow/dags/data_ingestion.py
[2025-10-30T05:58:37.419+0000] {processor.py:830} INFO - Processing file /opt/airflow/dags/data_ingestion.py for tasks to queue
[2025-10-30T05:58:37.423+0000] {logging_mixin.py:188} INFO - [2025-10-30T05:58:37.422+0000] {dagbag.py:545} INFO - Filling up the DagBag from /opt/airflow/dags/data_ingestion.py
[2025-10-30T05:58:38.078+0000] {processor.py:840} INFO - DAG(s) 'police_data_ingestion' retrieved from /opt/airflow/dags/data_ingestion.py
[2025-10-30T05:58:38.135+0000] {logging_mixin.py:188} INFO - [2025-10-30T05:58:38.135+0000] {dag.py:3096} INFO - Sync 1 DAGs
[2025-10-30T05:58:38.175+0000] {logging_mixin.py:188} INFO - [2025-10-30T05:58:38.175+0000] {dag.py:3954} INFO - Setting next_dagrun for police_data_ingestion to 2025-11-01 00:00:00+00:00, run_after=2025-12-01 00:00:00+00:00
[2025-10-30T05:58:38.231+0000] {processor.py:183} INFO - Processing /opt/airflow/dags/data_ingestion.py took 0.827 seconds
[2025-10-30T05:59:08.943+0000] {processor.py:161} INFO - Started process (PID=8288) to work on /opt/airflow/dags/data_ingestion.py
[2025-10-30T05:59:08.946+0000] {processor.py:830} INFO - Processing file /opt/airflow/dags/data_ingestion.py for tasks to queue
[2025-10-30T05:59:08.951+0000] {logging_mixin.py:188} INFO - [2025-10-30T05:59:08.950+0000] {dagbag.py:545} INFO - Filling up the DagBag from /opt/airflow/dags/data_ingestion.py
[2025-10-30T05:59:09.588+0000] {processor.py:840} INFO - DAG(s) 'police_data_ingestion' retrieved from /opt/airflow/dags/data_ingestion.py
[2025-10-30T05:59:09.653+0000] {logging_mixin.py:188} INFO - [2025-10-30T05:59:09.652+0000] {dag.py:3096} INFO - Sync 1 DAGs
[2025-10-30T05:59:09.697+0000] {logging_mixin.py:188} INFO - [2025-10-30T05:59:09.696+0000] {dag.py:3954} INFO - Setting next_dagrun for police_data_ingestion to 2025-11-01 00:00:00+00:00, run_after=2025-12-01 00:00:00+00:00
[2025-10-30T05:59:09.752+0000] {processor.py:183} INFO - Processing /opt/airflow/dags/data_ingestion.py took 0.829 seconds
[2025-10-30T05:59:40.542+0000] {processor.py:161} INFO - Started process (PID=8300) to work on /opt/airflow/dags/data_ingestion.py
[2025-10-30T05:59:40.544+0000] {processor.py:830} INFO - Processing file /opt/airflow/dags/data_ingestion.py for tasks to queue
[2025-10-30T05:59:40.548+0000] {logging_mixin.py:188} INFO - [2025-10-30T05:59:40.547+0000] {dagbag.py:545} INFO - Filling up the DagBag from /opt/airflow/dags/data_ingestion.py
[2025-10-30T05:59:41.252+0000] {processor.py:840} INFO - DAG(s) 'police_data_ingestion' retrieved from /opt/airflow/dags/data_ingestion.py
[2025-10-30T05:59:41.320+0000] {logging_mixin.py:188} INFO - [2025-10-30T05:59:41.319+0000] {dag.py:3096} INFO - Sync 1 DAGs
[2025-10-30T05:59:41.364+0000] {logging_mixin.py:188} INFO - [2025-10-30T05:59:41.364+0000] {dag.py:3954} INFO - Setting next_dagrun for police_data_ingestion to 2025-11-01 00:00:00+00:00, run_after=2025-12-01 00:00:00+00:00
[2025-10-30T05:59:41.415+0000] {processor.py:183} INFO - Processing /opt/airflow/dags/data_ingestion.py took 0.885 seconds
[2025-10-30T06:00:12.126+0000] {processor.py:161} INFO - Started process (PID=8312) to work on /opt/airflow/dags/data_ingestion.py
[2025-10-30T06:00:12.128+0000] {processor.py:830} INFO - Processing file /opt/airflow/dags/data_ingestion.py for tasks to queue
[2025-10-30T06:00:12.132+0000] {logging_mixin.py:188} INFO - [2025-10-30T06:00:12.131+0000] {dagbag.py:545} INFO - Filling up the DagBag from /opt/airflow/dags/data_ingestion.py
[2025-10-30T06:00:12.704+0000] {processor.py:840} INFO - DAG(s) 'police_data_ingestion' retrieved from /opt/airflow/dags/data_ingestion.py
[2025-10-30T06:00:12.773+0000] {logging_mixin.py:188} INFO - [2025-10-30T06:00:12.773+0000] {dag.py:3096} INFO - Sync 1 DAGs
[2025-10-30T06:00:12.824+0000] {logging_mixin.py:188} INFO - [2025-10-30T06:00:12.823+0000] {dag.py:3954} INFO - Setting next_dagrun for police_data_ingestion to 2025-11-01 00:00:00+00:00, run_after=2025-12-01 00:00:00+00:00
[2025-10-30T06:00:12.867+0000] {processor.py:183} INFO - Processing /opt/airflow/dags/data_ingestion.py took 0.758 seconds
[2025-10-30T06:00:43.571+0000] {processor.py:161} INFO - Started process (PID=8324) to work on /opt/airflow/dags/data_ingestion.py
[2025-10-30T06:00:43.573+0000] {processor.py:830} INFO - Processing file /opt/airflow/dags/data_ingestion.py for tasks to queue
[2025-10-30T06:00:43.576+0000] {logging_mixin.py:188} INFO - [2025-10-30T06:00:43.575+0000] {dagbag.py:545} INFO - Filling up the DagBag from /opt/airflow/dags/data_ingestion.py
[2025-10-30T06:00:44.167+0000] {processor.py:840} INFO - DAG(s) 'police_data_ingestion' retrieved from /opt/airflow/dags/data_ingestion.py
[2025-10-30T06:00:44.239+0000] {logging_mixin.py:188} INFO - [2025-10-30T06:00:44.238+0000] {dag.py:3096} INFO - Sync 1 DAGs
[2025-10-30T06:00:44.290+0000] {logging_mixin.py:188} INFO - [2025-10-30T06:00:44.290+0000] {dag.py:3954} INFO - Setting next_dagrun for police_data_ingestion to 2025-11-01 00:00:00+00:00, run_after=2025-12-01 00:00:00+00:00
[2025-10-30T06:00:44.323+0000] {processor.py:183} INFO - Processing /opt/airflow/dags/data_ingestion.py took 0.763 seconds
[2025-10-30T06:01:14.958+0000] {processor.py:161} INFO - Started process (PID=8336) to work on /opt/airflow/dags/data_ingestion.py
[2025-10-30T06:01:14.961+0000] {processor.py:830} INFO - Processing file /opt/airflow/dags/data_ingestion.py for tasks to queue
[2025-10-30T06:01:14.966+0000] {logging_mixin.py:188} INFO - [2025-10-30T06:01:14.966+0000] {dagbag.py:545} INFO - Filling up the DagBag from /opt/airflow/dags/data_ingestion.py
[2025-10-30T06:01:15.620+0000] {processor.py:840} INFO - DAG(s) 'police_data_ingestion' retrieved from /opt/airflow/dags/data_ingestion.py
[2025-10-30T06:01:15.675+0000] {logging_mixin.py:188} INFO - [2025-10-30T06:01:15.674+0000] {dag.py:3096} INFO - Sync 1 DAGs
[2025-10-30T06:01:15.717+0000] {logging_mixin.py:188} INFO - [2025-10-30T06:01:15.716+0000] {dag.py:3954} INFO - Setting next_dagrun for police_data_ingestion to 2025-11-01 00:00:00+00:00, run_after=2025-12-01 00:00:00+00:00
[2025-10-30T06:01:15.770+0000] {processor.py:183} INFO - Processing /opt/airflow/dags/data_ingestion.py took 0.827 seconds
[2025-10-30T06:01:46.514+0000] {processor.py:161} INFO - Started process (PID=8348) to work on /opt/airflow/dags/data_ingestion.py
[2025-10-30T06:01:46.517+0000] {processor.py:830} INFO - Processing file /opt/airflow/dags/data_ingestion.py for tasks to queue
[2025-10-30T06:01:46.521+0000] {logging_mixin.py:188} INFO - [2025-10-30T06:01:46.520+0000] {dagbag.py:545} INFO - Filling up the DagBag from /opt/airflow/dags/data_ingestion.py
[2025-10-30T06:01:47.227+0000] {processor.py:840} INFO - DAG(s) 'police_data_ingestion' retrieved from /opt/airflow/dags/data_ingestion.py
[2025-10-30T06:01:47.299+0000] {logging_mixin.py:188} INFO - [2025-10-30T06:01:47.298+0000] {dag.py:3096} INFO - Sync 1 DAGs
[2025-10-30T06:01:47.341+0000] {logging_mixin.py:188} INFO - [2025-10-30T06:01:47.340+0000] {dag.py:3954} INFO - Setting next_dagrun for police_data_ingestion to 2025-11-01 00:00:00+00:00, run_after=2025-12-01 00:00:00+00:00
[2025-10-30T06:01:47.403+0000] {processor.py:183} INFO - Processing /opt/airflow/dags/data_ingestion.py took 0.906 seconds
[2025-10-30T06:02:18.090+0000] {processor.py:161} INFO - Started process (PID=8360) to work on /opt/airflow/dags/data_ingestion.py
[2025-10-30T06:02:18.093+0000] {processor.py:830} INFO - Processing file /opt/airflow/dags/data_ingestion.py for tasks to queue
[2025-10-30T06:02:18.098+0000] {logging_mixin.py:188} INFO - [2025-10-30T06:02:18.097+0000] {dagbag.py:545} INFO - Filling up the DagBag from /opt/airflow/dags/data_ingestion.py
[2025-10-30T06:02:18.679+0000] {processor.py:840} INFO - DAG(s) 'police_data_ingestion' retrieved from /opt/airflow/dags/data_ingestion.py
[2025-10-30T06:02:18.740+0000] {logging_mixin.py:188} INFO - [2025-10-30T06:02:18.740+0000] {dag.py:3096} INFO - Sync 1 DAGs
[2025-10-30T06:02:18.785+0000] {logging_mixin.py:188} INFO - [2025-10-30T06:02:18.784+0000] {dag.py:3954} INFO - Setting next_dagrun for police_data_ingestion to 2025-11-01 00:00:00+00:00, run_after=2025-12-01 00:00:00+00:00
[2025-10-30T06:02:18.827+0000] {processor.py:183} INFO - Processing /opt/airflow/dags/data_ingestion.py took 0.751 seconds
[2025-10-30T06:02:49.769+0000] {processor.py:161} INFO - Started process (PID=8372) to work on /opt/airflow/dags/data_ingestion.py
[2025-10-30T06:02:49.772+0000] {processor.py:830} INFO - Processing file /opt/airflow/dags/data_ingestion.py for tasks to queue
[2025-10-30T06:02:49.776+0000] {logging_mixin.py:188} INFO - [2025-10-30T06:02:49.775+0000] {dagbag.py:545} INFO - Filling up the DagBag from /opt/airflow/dags/data_ingestion.py
[2025-10-30T06:02:50.382+0000] {processor.py:840} INFO - DAG(s) 'police_data_ingestion' retrieved from /opt/airflow/dags/data_ingestion.py
[2025-10-30T06:02:50.445+0000] {logging_mixin.py:188} INFO - [2025-10-30T06:02:50.445+0000] {dag.py:3096} INFO - Sync 1 DAGs
[2025-10-30T06:02:50.479+0000] {logging_mixin.py:188} INFO - [2025-10-30T06:02:50.479+0000] {dag.py:3954} INFO - Setting next_dagrun for police_data_ingestion to 2025-11-01 00:00:00+00:00, run_after=2025-12-01 00:00:00+00:00
[2025-10-30T06:02:50.536+0000] {processor.py:183} INFO - Processing /opt/airflow/dags/data_ingestion.py took 0.777 seconds
[2025-10-30T06:03:21.192+0000] {processor.py:161} INFO - Started process (PID=8384) to work on /opt/airflow/dags/data_ingestion.py
[2025-10-30T06:03:21.194+0000] {processor.py:830} INFO - Processing file /opt/airflow/dags/data_ingestion.py for tasks to queue
[2025-10-30T06:03:21.199+0000] {logging_mixin.py:188} INFO - [2025-10-30T06:03:21.198+0000] {dagbag.py:545} INFO - Filling up the DagBag from /opt/airflow/dags/data_ingestion.py
[2025-10-30T06:03:21.988+0000] {processor.py:840} INFO - DAG(s) 'police_data_ingestion' retrieved from /opt/airflow/dags/data_ingestion.py
[2025-10-30T06:03:22.063+0000] {logging_mixin.py:188} INFO - [2025-10-30T06:03:22.062+0000] {dag.py:3096} INFO - Sync 1 DAGs
[2025-10-30T06:03:22.126+0000] {logging_mixin.py:188} INFO - [2025-10-30T06:03:22.125+0000] {dag.py:3954} INFO - Setting next_dagrun for police_data_ingestion to 2025-11-01 00:00:00+00:00, run_after=2025-12-01 00:00:00+00:00
[2025-10-30T06:03:22.185+0000] {processor.py:183} INFO - Processing /opt/airflow/dags/data_ingestion.py took 1.007 seconds
[2025-10-30T06:03:52.924+0000] {processor.py:161} INFO - Started process (PID=8396) to work on /opt/airflow/dags/data_ingestion.py
[2025-10-30T06:03:52.929+0000] {processor.py:830} INFO - Processing file /opt/airflow/dags/data_ingestion.py for tasks to queue
[2025-10-30T06:03:52.938+0000] {logging_mixin.py:188} INFO - [2025-10-30T06:03:52.936+0000] {dagbag.py:545} INFO - Filling up the DagBag from /opt/airflow/dags/data_ingestion.py
[2025-10-30T06:03:53.605+0000] {processor.py:840} INFO - DAG(s) 'police_data_ingestion' retrieved from /opt/airflow/dags/data_ingestion.py
[2025-10-30T06:03:53.674+0000] {logging_mixin.py:188} INFO - [2025-10-30T06:03:53.673+0000] {dag.py:3096} INFO - Sync 1 DAGs
[2025-10-30T06:03:53.719+0000] {logging_mixin.py:188} INFO - [2025-10-30T06:03:53.718+0000] {dag.py:3954} INFO - Setting next_dagrun for police_data_ingestion to 2025-11-01 00:00:00+00:00, run_after=2025-12-01 00:00:00+00:00
[2025-10-30T06:03:53.782+0000] {processor.py:183} INFO - Processing /opt/airflow/dags/data_ingestion.py took 0.886 seconds
[2025-10-30T06:04:24.521+0000] {processor.py:161} INFO - Started process (PID=8408) to work on /opt/airflow/dags/data_ingestion.py
[2025-10-30T06:04:24.523+0000] {processor.py:830} INFO - Processing file /opt/airflow/dags/data_ingestion.py for tasks to queue
[2025-10-30T06:04:24.528+0000] {logging_mixin.py:188} INFO - [2025-10-30T06:04:24.527+0000] {dagbag.py:545} INFO - Filling up the DagBag from /opt/airflow/dags/data_ingestion.py
[2025-10-30T06:04:25.200+0000] {processor.py:840} INFO - DAG(s) 'police_data_ingestion' retrieved from /opt/airflow/dags/data_ingestion.py
[2025-10-30T06:04:25.269+0000] {logging_mixin.py:188} INFO - [2025-10-30T06:04:25.268+0000] {dag.py:3096} INFO - Sync 1 DAGs
[2025-10-30T06:04:25.319+0000] {logging_mixin.py:188} INFO - [2025-10-30T06:04:25.318+0000] {dag.py:3954} INFO - Setting next_dagrun for police_data_ingestion to 2025-11-01 00:00:00+00:00, run_after=2025-12-01 00:00:00+00:00
[2025-10-30T06:04:25.372+0000] {processor.py:183} INFO - Processing /opt/airflow/dags/data_ingestion.py took 0.866 seconds
[2025-10-30T06:04:56.130+0000] {processor.py:161} INFO - Started process (PID=8420) to work on /opt/airflow/dags/data_ingestion.py
[2025-10-30T06:04:56.132+0000] {processor.py:830} INFO - Processing file /opt/airflow/dags/data_ingestion.py for tasks to queue
[2025-10-30T06:04:56.136+0000] {logging_mixin.py:188} INFO - [2025-10-30T06:04:56.135+0000] {dagbag.py:545} INFO - Filling up the DagBag from /opt/airflow/dags/data_ingestion.py
[2025-10-30T06:04:56.747+0000] {processor.py:840} INFO - DAG(s) 'police_data_ingestion' retrieved from /opt/airflow/dags/data_ingestion.py
[2025-10-30T06:04:56.810+0000] {logging_mixin.py:188} INFO - [2025-10-30T06:04:56.809+0000] {dag.py:3096} INFO - Sync 1 DAGs
[2025-10-30T06:04:56.858+0000] {logging_mixin.py:188} INFO - [2025-10-30T06:04:56.858+0000] {dag.py:3954} INFO - Setting next_dagrun for police_data_ingestion to 2025-11-01 00:00:00+00:00, run_after=2025-12-01 00:00:00+00:00
[2025-10-30T06:04:56.911+0000] {processor.py:183} INFO - Processing /opt/airflow/dags/data_ingestion.py took 0.796 seconds
[2025-10-30T06:05:27.531+0000] {processor.py:161} INFO - Started process (PID=8432) to work on /opt/airflow/dags/data_ingestion.py
[2025-10-30T06:05:27.533+0000] {processor.py:830} INFO - Processing file /opt/airflow/dags/data_ingestion.py for tasks to queue
[2025-10-30T06:05:27.537+0000] {logging_mixin.py:188} INFO - [2025-10-30T06:05:27.537+0000] {dagbag.py:545} INFO - Filling up the DagBag from /opt/airflow/dags/data_ingestion.py
[2025-10-30T06:05:28.147+0000] {processor.py:840} INFO - DAG(s) 'police_data_ingestion' retrieved from /opt/airflow/dags/data_ingestion.py
[2025-10-30T06:05:28.203+0000] {logging_mixin.py:188} INFO - [2025-10-30T06:05:28.203+0000] {dag.py:3096} INFO - Sync 1 DAGs
[2025-10-30T06:05:28.248+0000] {logging_mixin.py:188} INFO - [2025-10-30T06:05:28.248+0000] {dag.py:3954} INFO - Setting next_dagrun for police_data_ingestion to 2025-11-01 00:00:00+00:00, run_after=2025-12-01 00:00:00+00:00
[2025-10-30T06:05:28.310+0000] {processor.py:183} INFO - Processing /opt/airflow/dags/data_ingestion.py took 0.793 seconds
[2025-10-30T06:05:58.999+0000] {processor.py:161} INFO - Started process (PID=8444) to work on /opt/airflow/dags/data_ingestion.py
[2025-10-30T06:05:59.003+0000] {processor.py:830} INFO - Processing file /opt/airflow/dags/data_ingestion.py for tasks to queue
[2025-10-30T06:05:59.009+0000] {logging_mixin.py:188} INFO - [2025-10-30T06:05:59.007+0000] {dagbag.py:545} INFO - Filling up the DagBag from /opt/airflow/dags/data_ingestion.py
[2025-10-30T06:05:59.785+0000] {processor.py:840} INFO - DAG(s) 'police_data_ingestion' retrieved from /opt/airflow/dags/data_ingestion.py
[2025-10-30T06:05:59.855+0000] {logging_mixin.py:188} INFO - [2025-10-30T06:05:59.854+0000] {dag.py:3096} INFO - Sync 1 DAGs
[2025-10-30T06:05:59.914+0000] {logging_mixin.py:188} INFO - [2025-10-30T06:05:59.913+0000] {dag.py:3954} INFO - Setting next_dagrun for police_data_ingestion to 2025-11-01 00:00:00+00:00, run_after=2025-12-01 00:00:00+00:00
[2025-10-30T06:05:59.985+0000] {processor.py:183} INFO - Processing /opt/airflow/dags/data_ingestion.py took 1.005 seconds
[2025-10-30T06:06:30.631+0000] {processor.py:161} INFO - Started process (PID=8456) to work on /opt/airflow/dags/data_ingestion.py
[2025-10-30T06:06:30.633+0000] {processor.py:830} INFO - Processing file /opt/airflow/dags/data_ingestion.py for tasks to queue
[2025-10-30T06:06:30.638+0000] {logging_mixin.py:188} INFO - [2025-10-30T06:06:30.636+0000] {dagbag.py:545} INFO - Filling up the DagBag from /opt/airflow/dags/data_ingestion.py
[2025-10-30T06:06:31.434+0000] {processor.py:840} INFO - DAG(s) 'police_data_ingestion' retrieved from /opt/airflow/dags/data_ingestion.py
[2025-10-30T06:06:31.499+0000] {logging_mixin.py:188} INFO - [2025-10-30T06:06:31.498+0000] {dag.py:3096} INFO - Sync 1 DAGs
[2025-10-30T06:06:31.565+0000] {logging_mixin.py:188} INFO - [2025-10-30T06:06:31.564+0000] {dag.py:3954} INFO - Setting next_dagrun for police_data_ingestion to 2025-11-01 00:00:00+00:00, run_after=2025-12-01 00:00:00+00:00
[2025-10-30T06:06:31.611+0000] {processor.py:183} INFO - Processing /opt/airflow/dags/data_ingestion.py took 0.992 seconds
[2025-10-30T06:07:02.279+0000] {processor.py:161} INFO - Started process (PID=8468) to work on /opt/airflow/dags/data_ingestion.py
[2025-10-30T06:07:02.281+0000] {processor.py:830} INFO - Processing file /opt/airflow/dags/data_ingestion.py for tasks to queue
[2025-10-30T06:07:02.286+0000] {logging_mixin.py:188} INFO - [2025-10-30T06:07:02.285+0000] {dagbag.py:545} INFO - Filling up the DagBag from /opt/airflow/dags/data_ingestion.py
[2025-10-30T06:07:02.890+0000] {processor.py:840} INFO - DAG(s) 'police_data_ingestion' retrieved from /opt/airflow/dags/data_ingestion.py
[2025-10-30T06:07:02.957+0000] {logging_mixin.py:188} INFO - [2025-10-30T06:07:02.956+0000] {dag.py:3096} INFO - Sync 1 DAGs
[2025-10-30T06:07:02.995+0000] {logging_mixin.py:188} INFO - [2025-10-30T06:07:02.995+0000] {dag.py:3954} INFO - Setting next_dagrun for police_data_ingestion to 2025-11-01 00:00:00+00:00, run_after=2025-12-01 00:00:00+00:00
[2025-10-30T06:07:03.074+0000] {processor.py:183} INFO - Processing /opt/airflow/dags/data_ingestion.py took 0.806 seconds
[2025-10-30T06:07:33.844+0000] {processor.py:161} INFO - Started process (PID=8480) to work on /opt/airflow/dags/data_ingestion.py
[2025-10-30T06:07:33.847+0000] {processor.py:830} INFO - Processing file /opt/airflow/dags/data_ingestion.py for tasks to queue
[2025-10-30T06:07:33.852+0000] {logging_mixin.py:188} INFO - [2025-10-30T06:07:33.851+0000] {dagbag.py:545} INFO - Filling up the DagBag from /opt/airflow/dags/data_ingestion.py
[2025-10-30T06:07:34.459+0000] {processor.py:840} INFO - DAG(s) 'police_data_ingestion' retrieved from /opt/airflow/dags/data_ingestion.py
[2025-10-30T06:07:34.526+0000] {logging_mixin.py:188} INFO - [2025-10-30T06:07:34.525+0000] {dag.py:3096} INFO - Sync 1 DAGs
[2025-10-30T06:07:34.567+0000] {logging_mixin.py:188} INFO - [2025-10-30T06:07:34.567+0000] {dag.py:3954} INFO - Setting next_dagrun for police_data_ingestion to 2025-11-01 00:00:00+00:00, run_after=2025-12-01 00:00:00+00:00
[2025-10-30T06:07:34.603+0000] {processor.py:183} INFO - Processing /opt/airflow/dags/data_ingestion.py took 0.772 seconds
[2025-10-30T06:08:05.393+0000] {processor.py:161} INFO - Started process (PID=8492) to work on /opt/airflow/dags/data_ingestion.py
[2025-10-30T06:08:05.395+0000] {processor.py:830} INFO - Processing file /opt/airflow/dags/data_ingestion.py for tasks to queue
[2025-10-30T06:08:05.400+0000] {logging_mixin.py:188} INFO - [2025-10-30T06:08:05.399+0000] {dagbag.py:545} INFO - Filling up the DagBag from /opt/airflow/dags/data_ingestion.py
[2025-10-30T06:08:06.029+0000] {processor.py:840} INFO - DAG(s) 'police_data_ingestion' retrieved from /opt/airflow/dags/data_ingestion.py
[2025-10-30T06:08:06.086+0000] {logging_mixin.py:188} INFO - [2025-10-30T06:08:06.085+0000] {dag.py:3096} INFO - Sync 1 DAGs
[2025-10-30T06:08:06.127+0000] {logging_mixin.py:188} INFO - [2025-10-30T06:08:06.127+0000] {dag.py:3954} INFO - Setting next_dagrun for police_data_ingestion to 2025-11-01 00:00:00+00:00, run_after=2025-12-01 00:00:00+00:00
[2025-10-30T06:08:06.174+0000] {processor.py:183} INFO - Processing /opt/airflow/dags/data_ingestion.py took 0.793 seconds
[2025-10-30T06:08:36.841+0000] {processor.py:161} INFO - Started process (PID=8504) to work on /opt/airflow/dags/data_ingestion.py
[2025-10-30T06:08:36.844+0000] {processor.py:830} INFO - Processing file /opt/airflow/dags/data_ingestion.py for tasks to queue
[2025-10-30T06:08:36.850+0000] {logging_mixin.py:188} INFO - [2025-10-30T06:08:36.849+0000] {dagbag.py:545} INFO - Filling up the DagBag from /opt/airflow/dags/data_ingestion.py
[2025-10-30T06:08:37.635+0000] {processor.py:840} INFO - DAG(s) 'police_data_ingestion' retrieved from /opt/airflow/dags/data_ingestion.py
[2025-10-30T06:08:37.719+0000] {logging_mixin.py:188} INFO - [2025-10-30T06:08:37.718+0000] {dag.py:3096} INFO - Sync 1 DAGs
[2025-10-30T06:08:37.781+0000] {logging_mixin.py:188} INFO - [2025-10-30T06:08:37.780+0000] {dag.py:3954} INFO - Setting next_dagrun for police_data_ingestion to 2025-11-01 00:00:00+00:00, run_after=2025-12-01 00:00:00+00:00
[2025-10-30T06:08:37.828+0000] {processor.py:183} INFO - Processing /opt/airflow/dags/data_ingestion.py took 1.003 seconds
[2025-10-30T06:09:08.497+0000] {processor.py:161} INFO - Started process (PID=8516) to work on /opt/airflow/dags/data_ingestion.py
[2025-10-30T06:09:08.500+0000] {processor.py:830} INFO - Processing file /opt/airflow/dags/data_ingestion.py for tasks to queue
[2025-10-30T06:09:08.504+0000] {logging_mixin.py:188} INFO - [2025-10-30T06:09:08.503+0000] {dagbag.py:545} INFO - Filling up the DagBag from /opt/airflow/dags/data_ingestion.py
[2025-10-30T06:09:09.379+0000] {processor.py:840} INFO - DAG(s) 'police_data_ingestion' retrieved from /opt/airflow/dags/data_ingestion.py
[2025-10-30T06:09:09.458+0000] {logging_mixin.py:188} INFO - [2025-10-30T06:09:09.457+0000] {dag.py:3096} INFO - Sync 1 DAGs
[2025-10-30T06:09:09.518+0000] {logging_mixin.py:188} INFO - [2025-10-30T06:09:09.517+0000] {dag.py:3954} INFO - Setting next_dagrun for police_data_ingestion to 2025-11-01 00:00:00+00:00, run_after=2025-12-01 00:00:00+00:00
[2025-10-30T06:09:09.571+0000] {processor.py:183} INFO - Processing /opt/airflow/dags/data_ingestion.py took 1.088 seconds
[2025-10-30T06:09:40.249+0000] {processor.py:161} INFO - Started process (PID=8528) to work on /opt/airflow/dags/data_ingestion.py
[2025-10-30T06:09:40.251+0000] {processor.py:830} INFO - Processing file /opt/airflow/dags/data_ingestion.py for tasks to queue
[2025-10-30T06:09:40.255+0000] {logging_mixin.py:188} INFO - [2025-10-30T06:09:40.255+0000] {dagbag.py:545} INFO - Filling up the DagBag from /opt/airflow/dags/data_ingestion.py
[2025-10-30T06:09:41.024+0000] {processor.py:840} INFO - DAG(s) 'police_data_ingestion' retrieved from /opt/airflow/dags/data_ingestion.py
[2025-10-30T06:09:41.109+0000] {logging_mixin.py:188} INFO - [2025-10-30T06:09:41.108+0000] {dag.py:3096} INFO - Sync 1 DAGs
[2025-10-30T06:09:41.147+0000] {logging_mixin.py:188} INFO - [2025-10-30T06:09:41.147+0000] {dag.py:3954} INFO - Setting next_dagrun for police_data_ingestion to 2025-11-01 00:00:00+00:00, run_after=2025-12-01 00:00:00+00:00
[2025-10-30T06:09:41.179+0000] {processor.py:183} INFO - Processing /opt/airflow/dags/data_ingestion.py took 0.941 seconds
[2025-10-30T06:10:12.087+0000] {processor.py:161} INFO - Started process (PID=8540) to work on /opt/airflow/dags/data_ingestion.py
[2025-10-30T06:10:12.094+0000] {processor.py:830} INFO - Processing file /opt/airflow/dags/data_ingestion.py for tasks to queue
[2025-10-30T06:10:12.106+0000] {logging_mixin.py:188} INFO - [2025-10-30T06:10:12.104+0000] {dagbag.py:545} INFO - Filling up the DagBag from /opt/airflow/dags/data_ingestion.py
[2025-10-30T06:10:12.776+0000] {processor.py:840} INFO - DAG(s) 'police_data_ingestion' retrieved from /opt/airflow/dags/data_ingestion.py
[2025-10-30T06:10:12.841+0000] {logging_mixin.py:188} INFO - [2025-10-30T06:10:12.840+0000] {dag.py:3096} INFO - Sync 1 DAGs
[2025-10-30T06:10:12.885+0000] {logging_mixin.py:188} INFO - [2025-10-30T06:10:12.884+0000] {dag.py:3954} INFO - Setting next_dagrun for police_data_ingestion to 2025-11-01 00:00:00+00:00, run_after=2025-12-01 00:00:00+00:00
[2025-10-30T06:10:12.945+0000] {processor.py:183} INFO - Processing /opt/airflow/dags/data_ingestion.py took 0.894 seconds
[2025-10-30T06:10:43.595+0000] {processor.py:161} INFO - Started process (PID=8552) to work on /opt/airflow/dags/data_ingestion.py
[2025-10-30T06:10:43.597+0000] {processor.py:830} INFO - Processing file /opt/airflow/dags/data_ingestion.py for tasks to queue
[2025-10-30T06:10:43.603+0000] {logging_mixin.py:188} INFO - [2025-10-30T06:10:43.602+0000] {dagbag.py:545} INFO - Filling up the DagBag from /opt/airflow/dags/data_ingestion.py
[2025-10-30T06:10:44.261+0000] {processor.py:840} INFO - DAG(s) 'police_data_ingestion' retrieved from /opt/airflow/dags/data_ingestion.py
[2025-10-30T06:10:44.318+0000] {logging_mixin.py:188} INFO - [2025-10-30T06:10:44.317+0000] {dag.py:3096} INFO - Sync 1 DAGs
[2025-10-30T06:10:44.362+0000] {logging_mixin.py:188} INFO - [2025-10-30T06:10:44.361+0000] {dag.py:3954} INFO - Setting next_dagrun for police_data_ingestion to 2025-11-01 00:00:00+00:00, run_after=2025-12-01 00:00:00+00:00
[2025-10-30T06:10:44.415+0000] {processor.py:183} INFO - Processing /opt/airflow/dags/data_ingestion.py took 0.836 seconds
[2025-10-30T06:11:15.191+0000] {processor.py:161} INFO - Started process (PID=8564) to work on /opt/airflow/dags/data_ingestion.py
[2025-10-30T06:11:15.193+0000] {processor.py:830} INFO - Processing file /opt/airflow/dags/data_ingestion.py for tasks to queue
[2025-10-30T06:11:15.197+0000] {logging_mixin.py:188} INFO - [2025-10-30T06:11:15.196+0000] {dagbag.py:545} INFO - Filling up the DagBag from /opt/airflow/dags/data_ingestion.py
[2025-10-30T06:11:15.753+0000] {processor.py:840} INFO - DAG(s) 'police_data_ingestion' retrieved from /opt/airflow/dags/data_ingestion.py
[2025-10-30T06:11:15.817+0000] {logging_mixin.py:188} INFO - [2025-10-30T06:11:15.817+0000] {dag.py:3096} INFO - Sync 1 DAGs
[2025-10-30T06:11:15.875+0000] {logging_mixin.py:188} INFO - [2025-10-30T06:11:15.875+0000] {dag.py:3954} INFO - Setting next_dagrun for police_data_ingestion to 2025-11-01 00:00:00+00:00, run_after=2025-12-01 00:00:00+00:00
[2025-10-30T06:11:15.933+0000] {processor.py:183} INFO - Processing /opt/airflow/dags/data_ingestion.py took 0.760 seconds
[2025-10-30T06:11:46.555+0000] {processor.py:161} INFO - Started process (PID=8576) to work on /opt/airflow/dags/data_ingestion.py
[2025-10-30T06:11:46.559+0000] {processor.py:830} INFO - Processing file /opt/airflow/dags/data_ingestion.py for tasks to queue
[2025-10-30T06:11:46.563+0000] {logging_mixin.py:188} INFO - [2025-10-30T06:11:46.563+0000] {dagbag.py:545} INFO - Filling up the DagBag from /opt/airflow/dags/data_ingestion.py
[2025-10-30T06:11:47.367+0000] {processor.py:840} INFO - DAG(s) 'police_data_ingestion' retrieved from /opt/airflow/dags/data_ingestion.py
[2025-10-30T06:11:47.458+0000] {logging_mixin.py:188} INFO - [2025-10-30T06:11:47.457+0000] {dag.py:3096} INFO - Sync 1 DAGs
[2025-10-30T06:11:47.529+0000] {logging_mixin.py:188} INFO - [2025-10-30T06:11:47.529+0000] {dag.py:3954} INFO - Setting next_dagrun for police_data_ingestion to 2025-11-01 00:00:00+00:00, run_after=2025-12-01 00:00:00+00:00
[2025-10-30T06:11:47.578+0000] {processor.py:183} INFO - Processing /opt/airflow/dags/data_ingestion.py took 1.040 seconds
[2025-10-30T06:12:18.336+0000] {processor.py:161} INFO - Started process (PID=8588) to work on /opt/airflow/dags/data_ingestion.py
[2025-10-30T06:12:18.339+0000] {processor.py:830} INFO - Processing file /opt/airflow/dags/data_ingestion.py for tasks to queue
[2025-10-30T06:12:18.342+0000] {logging_mixin.py:188} INFO - [2025-10-30T06:12:18.342+0000] {dagbag.py:545} INFO - Filling up the DagBag from /opt/airflow/dags/data_ingestion.py
[2025-10-30T06:12:19.161+0000] {processor.py:840} INFO - DAG(s) 'police_data_ingestion' retrieved from /opt/airflow/dags/data_ingestion.py
[2025-10-30T06:12:19.237+0000] {logging_mixin.py:188} INFO - [2025-10-30T06:12:19.237+0000] {dag.py:3096} INFO - Sync 1 DAGs
[2025-10-30T06:12:19.278+0000] {logging_mixin.py:188} INFO - [2025-10-30T06:12:19.277+0000] {dag.py:3954} INFO - Setting next_dagrun for police_data_ingestion to 2025-11-01 00:00:00+00:00, run_after=2025-12-01 00:00:00+00:00
[2025-10-30T06:12:19.329+0000] {processor.py:183} INFO - Processing /opt/airflow/dags/data_ingestion.py took 1.005 seconds
[2025-10-30T06:12:50.132+0000] {processor.py:161} INFO - Started process (PID=8600) to work on /opt/airflow/dags/data_ingestion.py
[2025-10-30T06:12:50.135+0000] {processor.py:830} INFO - Processing file /opt/airflow/dags/data_ingestion.py for tasks to queue
[2025-10-30T06:12:50.141+0000] {logging_mixin.py:188} INFO - [2025-10-30T06:12:50.139+0000] {dagbag.py:545} INFO - Filling up the DagBag from /opt/airflow/dags/data_ingestion.py
[2025-10-30T06:12:50.937+0000] {processor.py:840} INFO - DAG(s) 'police_data_ingestion' retrieved from /opt/airflow/dags/data_ingestion.py
[2025-10-30T06:12:51.023+0000] {logging_mixin.py:188} INFO - [2025-10-30T06:12:51.022+0000] {dag.py:3096} INFO - Sync 1 DAGs
[2025-10-30T06:12:51.094+0000] {logging_mixin.py:188} INFO - [2025-10-30T06:12:51.093+0000] {dag.py:3954} INFO - Setting next_dagrun for police_data_ingestion to 2025-11-01 00:00:00+00:00, run_after=2025-12-01 00:00:00+00:00
[2025-10-30T06:12:51.163+0000] {processor.py:183} INFO - Processing /opt/airflow/dags/data_ingestion.py took 1.044 seconds
[2025-10-30T06:13:21.875+0000] {processor.py:161} INFO - Started process (PID=8612) to work on /opt/airflow/dags/data_ingestion.py
[2025-10-30T06:13:21.877+0000] {processor.py:830} INFO - Processing file /opt/airflow/dags/data_ingestion.py for tasks to queue
[2025-10-30T06:13:21.881+0000] {logging_mixin.py:188} INFO - [2025-10-30T06:13:21.880+0000] {dagbag.py:545} INFO - Filling up the DagBag from /opt/airflow/dags/data_ingestion.py
[2025-10-30T06:13:22.520+0000] {processor.py:840} INFO - DAG(s) 'police_data_ingestion' retrieved from /opt/airflow/dags/data_ingestion.py
[2025-10-30T06:13:22.577+0000] {logging_mixin.py:188} INFO - [2025-10-30T06:13:22.577+0000] {dag.py:3096} INFO - Sync 1 DAGs
[2025-10-30T06:13:22.617+0000] {logging_mixin.py:188} INFO - [2025-10-30T06:13:22.617+0000] {dag.py:3954} INFO - Setting next_dagrun for police_data_ingestion to 2025-11-01 00:00:00+00:00, run_after=2025-12-01 00:00:00+00:00
[2025-10-30T06:13:22.659+0000] {processor.py:183} INFO - Processing /opt/airflow/dags/data_ingestion.py took 0.795 seconds
[2025-10-30T06:13:53.336+0000] {processor.py:161} INFO - Started process (PID=8624) to work on /opt/airflow/dags/data_ingestion.py
[2025-10-30T06:13:53.338+0000] {processor.py:830} INFO - Processing file /opt/airflow/dags/data_ingestion.py for tasks to queue
[2025-10-30T06:13:53.342+0000] {logging_mixin.py:188} INFO - [2025-10-30T06:13:53.342+0000] {dagbag.py:545} INFO - Filling up the DagBag from /opt/airflow/dags/data_ingestion.py
[2025-10-30T06:13:54.009+0000] {processor.py:840} INFO - DAG(s) 'police_data_ingestion' retrieved from /opt/airflow/dags/data_ingestion.py
[2025-10-30T06:13:54.079+0000] {logging_mixin.py:188} INFO - [2025-10-30T06:13:54.079+0000] {dag.py:3096} INFO - Sync 1 DAGs
[2025-10-30T06:13:54.129+0000] {logging_mixin.py:188} INFO - [2025-10-30T06:13:54.128+0000] {dag.py:3954} INFO - Setting next_dagrun for police_data_ingestion to 2025-11-01 00:00:00+00:00, run_after=2025-12-01 00:00:00+00:00
[2025-10-30T06:13:54.186+0000] {processor.py:183} INFO - Processing /opt/airflow/dags/data_ingestion.py took 0.866 seconds
[2025-10-30T06:14:24.972+0000] {processor.py:161} INFO - Started process (PID=8636) to work on /opt/airflow/dags/data_ingestion.py
[2025-10-30T06:14:24.975+0000] {processor.py:830} INFO - Processing file /opt/airflow/dags/data_ingestion.py for tasks to queue
[2025-10-30T06:14:24.980+0000] {logging_mixin.py:188} INFO - [2025-10-30T06:14:24.979+0000] {dagbag.py:545} INFO - Filling up the DagBag from /opt/airflow/dags/data_ingestion.py
[2025-10-30T06:14:25.703+0000] {processor.py:840} INFO - DAG(s) 'police_data_ingestion' retrieved from /opt/airflow/dags/data_ingestion.py
[2025-10-30T06:14:25.770+0000] {logging_mixin.py:188} INFO - [2025-10-30T06:14:25.770+0000] {dag.py:3096} INFO - Sync 1 DAGs
[2025-10-30T06:14:25.821+0000] {logging_mixin.py:188} INFO - [2025-10-30T06:14:25.820+0000] {dag.py:3954} INFO - Setting next_dagrun for police_data_ingestion to 2025-11-01 00:00:00+00:00, run_after=2025-12-01 00:00:00+00:00
[2025-10-30T06:14:25.886+0000] {processor.py:183} INFO - Processing /opt/airflow/dags/data_ingestion.py took 0.933 seconds
[2025-10-30T06:14:56.600+0000] {processor.py:161} INFO - Started process (PID=8648) to work on /opt/airflow/dags/data_ingestion.py
[2025-10-30T06:14:56.602+0000] {processor.py:830} INFO - Processing file /opt/airflow/dags/data_ingestion.py for tasks to queue
[2025-10-30T06:14:56.606+0000] {logging_mixin.py:188} INFO - [2025-10-30T06:14:56.605+0000] {dagbag.py:545} INFO - Filling up the DagBag from /opt/airflow/dags/data_ingestion.py
[2025-10-30T06:14:57.265+0000] {processor.py:840} INFO - DAG(s) 'police_data_ingestion' retrieved from /opt/airflow/dags/data_ingestion.py
[2025-10-30T06:14:57.344+0000] {logging_mixin.py:188} INFO - [2025-10-30T06:14:57.344+0000] {dag.py:3096} INFO - Sync 1 DAGs
[2025-10-30T06:14:57.401+0000] {logging_mixin.py:188} INFO - [2025-10-30T06:14:57.401+0000] {dag.py:3954} INFO - Setting next_dagrun for police_data_ingestion to 2025-11-01 00:00:00+00:00, run_after=2025-12-01 00:00:00+00:00
[2025-10-30T06:14:57.445+0000] {processor.py:183} INFO - Processing /opt/airflow/dags/data_ingestion.py took 0.857 seconds
[2025-10-30T06:15:28.188+0000] {processor.py:161} INFO - Started process (PID=8660) to work on /opt/airflow/dags/data_ingestion.py
[2025-10-30T06:15:28.191+0000] {processor.py:830} INFO - Processing file /opt/airflow/dags/data_ingestion.py for tasks to queue
[2025-10-30T06:15:28.196+0000] {logging_mixin.py:188} INFO - [2025-10-30T06:15:28.195+0000] {dagbag.py:545} INFO - Filling up the DagBag from /opt/airflow/dags/data_ingestion.py
[2025-10-30T06:15:28.856+0000] {processor.py:840} INFO - DAG(s) 'police_data_ingestion' retrieved from /opt/airflow/dags/data_ingestion.py
[2025-10-30T06:15:28.927+0000] {logging_mixin.py:188} INFO - [2025-10-30T06:15:28.926+0000] {dag.py:3096} INFO - Sync 1 DAGs
[2025-10-30T06:15:28.967+0000] {logging_mixin.py:188} INFO - [2025-10-30T06:15:28.967+0000] {dag.py:3954} INFO - Setting next_dagrun for police_data_ingestion to 2025-11-01 00:00:00+00:00, run_after=2025-12-01 00:00:00+00:00
[2025-10-30T06:15:29.030+0000] {processor.py:183} INFO - Processing /opt/airflow/dags/data_ingestion.py took 0.860 seconds
[2025-10-30T06:15:59.894+0000] {processor.py:161} INFO - Started process (PID=8672) to work on /opt/airflow/dags/data_ingestion.py
[2025-10-30T06:15:59.900+0000] {processor.py:830} INFO - Processing file /opt/airflow/dags/data_ingestion.py for tasks to queue
[2025-10-30T06:15:59.911+0000] {logging_mixin.py:188} INFO - [2025-10-30T06:15:59.909+0000] {dagbag.py:545} INFO - Filling up the DagBag from /opt/airflow/dags/data_ingestion.py
[2025-10-30T06:16:00.663+0000] {processor.py:840} INFO - DAG(s) 'police_data_ingestion' retrieved from /opt/airflow/dags/data_ingestion.py
[2025-10-30T06:16:00.716+0000] {logging_mixin.py:188} INFO - [2025-10-30T06:16:00.716+0000] {dag.py:3096} INFO - Sync 1 DAGs
[2025-10-30T06:16:00.751+0000] {logging_mixin.py:188} INFO - [2025-10-30T06:16:00.751+0000] {dag.py:3954} INFO - Setting next_dagrun for police_data_ingestion to 2025-11-01 00:00:00+00:00, run_after=2025-12-01 00:00:00+00:00
[2025-10-30T06:16:00.804+0000] {processor.py:183} INFO - Processing /opt/airflow/dags/data_ingestion.py took 0.944 seconds
[2025-10-30T06:16:31.573+0000] {processor.py:161} INFO - Started process (PID=8684) to work on /opt/airflow/dags/data_ingestion.py
[2025-10-30T06:16:31.576+0000] {processor.py:830} INFO - Processing file /opt/airflow/dags/data_ingestion.py for tasks to queue
[2025-10-30T06:16:31.582+0000] {logging_mixin.py:188} INFO - [2025-10-30T06:16:31.581+0000] {dagbag.py:545} INFO - Filling up the DagBag from /opt/airflow/dags/data_ingestion.py
[2025-10-30T06:16:32.244+0000] {processor.py:840} INFO - DAG(s) 'police_data_ingestion' retrieved from /opt/airflow/dags/data_ingestion.py
[2025-10-30T06:16:32.313+0000] {logging_mixin.py:188} INFO - [2025-10-30T06:16:32.312+0000] {dag.py:3096} INFO - Sync 1 DAGs
[2025-10-30T06:16:32.354+0000] {logging_mixin.py:188} INFO - [2025-10-30T06:16:32.354+0000] {dag.py:3954} INFO - Setting next_dagrun for police_data_ingestion to 2025-11-01 00:00:00+00:00, run_after=2025-12-01 00:00:00+00:00
[2025-10-30T06:16:32.414+0000] {processor.py:183} INFO - Processing /opt/airflow/dags/data_ingestion.py took 0.875 seconds
[2025-10-30T06:17:02.974+0000] {processor.py:161} INFO - Started process (PID=8696) to work on /opt/airflow/dags/data_ingestion.py
[2025-10-30T06:17:02.977+0000] {processor.py:830} INFO - Processing file /opt/airflow/dags/data_ingestion.py for tasks to queue
[2025-10-30T06:17:02.982+0000] {logging_mixin.py:188} INFO - [2025-10-30T06:17:02.982+0000] {dagbag.py:545} INFO - Filling up the DagBag from /opt/airflow/dags/data_ingestion.py
[2025-10-30T06:17:03.726+0000] {processor.py:840} INFO - DAG(s) 'police_data_ingestion' retrieved from /opt/airflow/dags/data_ingestion.py
[2025-10-30T06:17:03.806+0000] {logging_mixin.py:188} INFO - [2025-10-30T06:17:03.805+0000] {dag.py:3096} INFO - Sync 1 DAGs
[2025-10-30T06:17:03.850+0000] {logging_mixin.py:188} INFO - [2025-10-30T06:17:03.849+0000] {dag.py:3954} INFO - Setting next_dagrun for police_data_ingestion to 2025-11-01 00:00:00+00:00, run_after=2025-12-01 00:00:00+00:00
[2025-10-30T06:17:03.905+0000] {processor.py:183} INFO - Processing /opt/airflow/dags/data_ingestion.py took 0.945 seconds
[2025-10-30T06:17:34.549+0000] {processor.py:161} INFO - Started process (PID=8708) to work on /opt/airflow/dags/data_ingestion.py
[2025-10-30T06:17:34.552+0000] {processor.py:830} INFO - Processing file /opt/airflow/dags/data_ingestion.py for tasks to queue
[2025-10-30T06:17:34.556+0000] {logging_mixin.py:188} INFO - [2025-10-30T06:17:34.555+0000] {dagbag.py:545} INFO - Filling up the DagBag from /opt/airflow/dags/data_ingestion.py
[2025-10-30T06:17:35.268+0000] {processor.py:840} INFO - DAG(s) 'police_data_ingestion' retrieved from /opt/airflow/dags/data_ingestion.py
[2025-10-30T06:17:35.347+0000] {logging_mixin.py:188} INFO - [2025-10-30T06:17:35.346+0000] {dag.py:3096} INFO - Sync 1 DAGs
[2025-10-30T06:17:35.393+0000] {logging_mixin.py:188} INFO - [2025-10-30T06:17:35.393+0000] {dag.py:3954} INFO - Setting next_dagrun for police_data_ingestion to 2025-11-01 00:00:00+00:00, run_after=2025-12-01 00:00:00+00:00
[2025-10-30T06:17:35.436+0000] {processor.py:183} INFO - Processing /opt/airflow/dags/data_ingestion.py took 0.900 seconds
[2025-10-30T06:18:06.469+0000] {processor.py:161} INFO - Started process (PID=8720) to work on /opt/airflow/dags/data_ingestion.py
[2025-10-30T06:18:06.472+0000] {processor.py:830} INFO - Processing file /opt/airflow/dags/data_ingestion.py for tasks to queue
[2025-10-30T06:18:06.476+0000] {logging_mixin.py:188} INFO - [2025-10-30T06:18:06.475+0000] {dagbag.py:545} INFO - Filling up the DagBag from /opt/airflow/dags/data_ingestion.py
[2025-10-30T06:18:07.148+0000] {processor.py:840} INFO - DAG(s) 'police_data_ingestion' retrieved from /opt/airflow/dags/data_ingestion.py
[2025-10-30T06:18:07.215+0000] {logging_mixin.py:188} INFO - [2025-10-30T06:18:07.214+0000] {dag.py:3096} INFO - Sync 1 DAGs
[2025-10-30T06:18:07.270+0000] {logging_mixin.py:188} INFO - [2025-10-30T06:18:07.270+0000] {dag.py:3954} INFO - Setting next_dagrun for police_data_ingestion to 2025-11-01 00:00:00+00:00, run_after=2025-12-01 00:00:00+00:00
[2025-10-30T06:18:07.334+0000] {processor.py:183} INFO - Processing /opt/airflow/dags/data_ingestion.py took 0.876 seconds
[2025-10-30T06:18:38.094+0000] {processor.py:161} INFO - Started process (PID=8732) to work on /opt/airflow/dags/data_ingestion.py
[2025-10-30T06:18:38.096+0000] {processor.py:830} INFO - Processing file /opt/airflow/dags/data_ingestion.py for tasks to queue
[2025-10-30T06:18:38.101+0000] {logging_mixin.py:188} INFO - [2025-10-30T06:18:38.100+0000] {dagbag.py:545} INFO - Filling up the DagBag from /opt/airflow/dags/data_ingestion.py
[2025-10-30T06:18:38.720+0000] {processor.py:840} INFO - DAG(s) 'police_data_ingestion' retrieved from /opt/airflow/dags/data_ingestion.py
[2025-10-30T06:18:38.782+0000] {logging_mixin.py:188} INFO - [2025-10-30T06:18:38.781+0000] {dag.py:3096} INFO - Sync 1 DAGs
[2025-10-30T06:18:38.825+0000] {logging_mixin.py:188} INFO - [2025-10-30T06:18:38.824+0000] {dag.py:3954} INFO - Setting next_dagrun for police_data_ingestion to 2025-11-01 00:00:00+00:00, run_after=2025-12-01 00:00:00+00:00
[2025-10-30T06:18:38.871+0000] {processor.py:183} INFO - Processing /opt/airflow/dags/data_ingestion.py took 0.790 seconds
[2025-10-30T06:19:09.560+0000] {processor.py:161} INFO - Started process (PID=8744) to work on /opt/airflow/dags/data_ingestion.py
[2025-10-30T06:19:09.563+0000] {processor.py:830} INFO - Processing file /opt/airflow/dags/data_ingestion.py for tasks to queue
[2025-10-30T06:19:09.567+0000] {logging_mixin.py:188} INFO - [2025-10-30T06:19:09.566+0000] {dagbag.py:545} INFO - Filling up the DagBag from /opt/airflow/dags/data_ingestion.py
[2025-10-30T06:19:10.253+0000] {processor.py:840} INFO - DAG(s) 'police_data_ingestion' retrieved from /opt/airflow/dags/data_ingestion.py
[2025-10-30T06:19:10.322+0000] {logging_mixin.py:188} INFO - [2025-10-30T06:19:10.321+0000] {dag.py:3096} INFO - Sync 1 DAGs
[2025-10-30T06:19:10.360+0000] {logging_mixin.py:188} INFO - [2025-10-30T06:19:10.360+0000] {dag.py:3954} INFO - Setting next_dagrun for police_data_ingestion to 2025-11-01 00:00:00+00:00, run_after=2025-12-01 00:00:00+00:00
[2025-10-30T06:19:10.424+0000] {processor.py:183} INFO - Processing /opt/airflow/dags/data_ingestion.py took 0.888 seconds
[2025-10-30T06:19:41.256+0000] {processor.py:161} INFO - Started process (PID=8756) to work on /opt/airflow/dags/data_ingestion.py
[2025-10-30T06:19:41.259+0000] {processor.py:830} INFO - Processing file /opt/airflow/dags/data_ingestion.py for tasks to queue
[2025-10-30T06:19:41.263+0000] {logging_mixin.py:188} INFO - [2025-10-30T06:19:41.262+0000] {dagbag.py:545} INFO - Filling up the DagBag from /opt/airflow/dags/data_ingestion.py
[2025-10-30T06:19:41.862+0000] {processor.py:840} INFO - DAG(s) 'police_data_ingestion' retrieved from /opt/airflow/dags/data_ingestion.py
[2025-10-30T06:19:41.926+0000] {logging_mixin.py:188} INFO - [2025-10-30T06:19:41.925+0000] {dag.py:3096} INFO - Sync 1 DAGs
[2025-10-30T06:19:41.982+0000] {logging_mixin.py:188} INFO - [2025-10-30T06:19:41.981+0000] {dag.py:3954} INFO - Setting next_dagrun for police_data_ingestion to 2025-11-01 00:00:00+00:00, run_after=2025-12-01 00:00:00+00:00
[2025-10-30T06:19:42.047+0000] {processor.py:183} INFO - Processing /opt/airflow/dags/data_ingestion.py took 0.808 seconds
[2025-10-30T06:20:12.637+0000] {processor.py:161} INFO - Started process (PID=8768) to work on /opt/airflow/dags/data_ingestion.py
[2025-10-30T06:20:12.640+0000] {processor.py:830} INFO - Processing file /opt/airflow/dags/data_ingestion.py for tasks to queue
[2025-10-30T06:20:12.646+0000] {logging_mixin.py:188} INFO - [2025-10-30T06:20:12.645+0000] {dagbag.py:545} INFO - Filling up the DagBag from /opt/airflow/dags/data_ingestion.py
[2025-10-30T06:20:13.397+0000] {processor.py:840} INFO - DAG(s) 'police_data_ingestion' retrieved from /opt/airflow/dags/data_ingestion.py
[2025-10-30T06:20:13.460+0000] {logging_mixin.py:188} INFO - [2025-10-30T06:20:13.459+0000] {dag.py:3096} INFO - Sync 1 DAGs
[2025-10-30T06:20:13.503+0000] {logging_mixin.py:188} INFO - [2025-10-30T06:20:13.503+0000] {dag.py:3954} INFO - Setting next_dagrun for police_data_ingestion to 2025-11-01 00:00:00+00:00, run_after=2025-12-01 00:00:00+00:00
[2025-10-30T06:20:13.545+0000] {processor.py:183} INFO - Processing /opt/airflow/dags/data_ingestion.py took 0.928 seconds
[2025-10-30T06:20:44.273+0000] {processor.py:161} INFO - Started process (PID=8780) to work on /opt/airflow/dags/data_ingestion.py
[2025-10-30T06:20:44.275+0000] {processor.py:830} INFO - Processing file /opt/airflow/dags/data_ingestion.py for tasks to queue
[2025-10-30T06:20:44.279+0000] {logging_mixin.py:188} INFO - [2025-10-30T06:20:44.278+0000] {dagbag.py:545} INFO - Filling up the DagBag from /opt/airflow/dags/data_ingestion.py
[2025-10-30T06:20:44.956+0000] {processor.py:840} INFO - DAG(s) 'police_data_ingestion' retrieved from /opt/airflow/dags/data_ingestion.py
[2025-10-30T06:20:45.033+0000] {logging_mixin.py:188} INFO - [2025-10-30T06:20:45.032+0000] {dag.py:3096} INFO - Sync 1 DAGs
[2025-10-30T06:20:45.083+0000] {logging_mixin.py:188} INFO - [2025-10-30T06:20:45.082+0000] {dag.py:3954} INFO - Setting next_dagrun for police_data_ingestion to 2025-11-01 00:00:00+00:00, run_after=2025-12-01 00:00:00+00:00
[2025-10-30T06:20:45.130+0000] {processor.py:183} INFO - Processing /opt/airflow/dags/data_ingestion.py took 0.868 seconds
[2025-10-30T06:21:15.909+0000] {processor.py:161} INFO - Started process (PID=8792) to work on /opt/airflow/dags/data_ingestion.py
[2025-10-30T06:21:15.912+0000] {processor.py:830} INFO - Processing file /opt/airflow/dags/data_ingestion.py for tasks to queue
[2025-10-30T06:21:15.915+0000] {logging_mixin.py:188} INFO - [2025-10-30T06:21:15.915+0000] {dagbag.py:545} INFO - Filling up the DagBag from /opt/airflow/dags/data_ingestion.py
[2025-10-30T06:21:16.495+0000] {processor.py:840} INFO - DAG(s) 'police_data_ingestion' retrieved from /opt/airflow/dags/data_ingestion.py
[2025-10-30T06:21:16.547+0000] {logging_mixin.py:188} INFO - [2025-10-30T06:21:16.547+0000] {dag.py:3096} INFO - Sync 1 DAGs
[2025-10-30T06:21:16.600+0000] {logging_mixin.py:188} INFO - [2025-10-30T06:21:16.599+0000] {dag.py:3954} INFO - Setting next_dagrun for police_data_ingestion to 2025-11-01 00:00:00+00:00, run_after=2025-12-01 00:00:00+00:00
[2025-10-30T06:21:16.666+0000] {processor.py:183} INFO - Processing /opt/airflow/dags/data_ingestion.py took 0.771 seconds
[2025-10-30T06:21:47.392+0000] {processor.py:161} INFO - Started process (PID=8804) to work on /opt/airflow/dags/data_ingestion.py
[2025-10-30T06:21:47.394+0000] {processor.py:830} INFO - Processing file /opt/airflow/dags/data_ingestion.py for tasks to queue
[2025-10-30T06:21:47.397+0000] {logging_mixin.py:188} INFO - [2025-10-30T06:21:47.397+0000] {dagbag.py:545} INFO - Filling up the DagBag from /opt/airflow/dags/data_ingestion.py
[2025-10-30T06:21:48.070+0000] {processor.py:840} INFO - DAG(s) 'police_data_ingestion' retrieved from /opt/airflow/dags/data_ingestion.py
[2025-10-30T06:21:48.127+0000] {logging_mixin.py:188} INFO - [2025-10-30T06:21:48.127+0000] {dag.py:3096} INFO - Sync 1 DAGs
[2025-10-30T06:21:48.179+0000] {logging_mixin.py:188} INFO - [2025-10-30T06:21:48.178+0000] {dag.py:3954} INFO - Setting next_dagrun for police_data_ingestion to 2025-11-01 00:00:00+00:00, run_after=2025-12-01 00:00:00+00:00
[2025-10-30T06:21:48.237+0000] {processor.py:183} INFO - Processing /opt/airflow/dags/data_ingestion.py took 0.858 seconds
[2025-10-30T06:22:18.977+0000] {processor.py:161} INFO - Started process (PID=8816) to work on /opt/airflow/dags/data_ingestion.py
[2025-10-30T06:22:18.983+0000] {processor.py:830} INFO - Processing file /opt/airflow/dags/data_ingestion.py for tasks to queue
[2025-10-30T06:22:18.991+0000] {logging_mixin.py:188} INFO - [2025-10-30T06:22:18.990+0000] {dagbag.py:545} INFO - Filling up the DagBag from /opt/airflow/dags/data_ingestion.py
[2025-10-30T06:22:19.694+0000] {processor.py:840} INFO - DAG(s) 'police_data_ingestion' retrieved from /opt/airflow/dags/data_ingestion.py
[2025-10-30T06:22:19.761+0000] {logging_mixin.py:188} INFO - [2025-10-30T06:22:19.761+0000] {dag.py:3096} INFO - Sync 1 DAGs
[2025-10-30T06:22:19.807+0000] {logging_mixin.py:188} INFO - [2025-10-30T06:22:19.807+0000] {dag.py:3954} INFO - Setting next_dagrun for police_data_ingestion to 2025-11-01 00:00:00+00:00, run_after=2025-12-01 00:00:00+00:00
[2025-10-30T06:22:19.842+0000] {processor.py:183} INFO - Processing /opt/airflow/dags/data_ingestion.py took 0.899 seconds
[2025-10-30T06:22:50.826+0000] {processor.py:161} INFO - Started process (PID=8828) to work on /opt/airflow/dags/data_ingestion.py
[2025-10-30T06:22:50.831+0000] {processor.py:830} INFO - Processing file /opt/airflow/dags/data_ingestion.py for tasks to queue
[2025-10-30T06:22:50.840+0000] {logging_mixin.py:188} INFO - [2025-10-30T06:22:50.838+0000] {dagbag.py:545} INFO - Filling up the DagBag from /opt/airflow/dags/data_ingestion.py
[2025-10-30T06:22:51.594+0000] {processor.py:840} INFO - DAG(s) 'police_data_ingestion' retrieved from /opt/airflow/dags/data_ingestion.py
[2025-10-30T06:22:51.657+0000] {logging_mixin.py:188} INFO - [2025-10-30T06:22:51.656+0000] {dag.py:3096} INFO - Sync 1 DAGs
[2025-10-30T06:22:51.705+0000] {logging_mixin.py:188} INFO - [2025-10-30T06:22:51.705+0000] {dag.py:3954} INFO - Setting next_dagrun for police_data_ingestion to 2025-11-01 00:00:00+00:00, run_after=2025-12-01 00:00:00+00:00
[2025-10-30T06:22:51.766+0000] {processor.py:183} INFO - Processing /opt/airflow/dags/data_ingestion.py took 0.972 seconds
[2025-10-30T06:23:22.522+0000] {processor.py:161} INFO - Started process (PID=8840) to work on /opt/airflow/dags/data_ingestion.py
[2025-10-30T06:23:22.525+0000] {processor.py:830} INFO - Processing file /opt/airflow/dags/data_ingestion.py for tasks to queue
[2025-10-30T06:23:22.530+0000] {logging_mixin.py:188} INFO - [2025-10-30T06:23:22.530+0000] {dagbag.py:545} INFO - Filling up the DagBag from /opt/airflow/dags/data_ingestion.py
[2025-10-30T06:23:23.213+0000] {processor.py:840} INFO - DAG(s) 'police_data_ingestion' retrieved from /opt/airflow/dags/data_ingestion.py
[2025-10-30T06:23:23.290+0000] {logging_mixin.py:188} INFO - [2025-10-30T06:23:23.289+0000] {dag.py:3096} INFO - Sync 1 DAGs
[2025-10-30T06:23:23.350+0000] {logging_mixin.py:188} INFO - [2025-10-30T06:23:23.349+0000] {dag.py:3954} INFO - Setting next_dagrun for police_data_ingestion to 2025-11-01 00:00:00+00:00, run_after=2025-12-01 00:00:00+00:00
[2025-10-30T06:23:23.397+0000] {processor.py:183} INFO - Processing /opt/airflow/dags/data_ingestion.py took 0.911 seconds
[2025-10-30T06:23:54.097+0000] {processor.py:161} INFO - Started process (PID=8852) to work on /opt/airflow/dags/data_ingestion.py
[2025-10-30T06:23:54.099+0000] {processor.py:830} INFO - Processing file /opt/airflow/dags/data_ingestion.py for tasks to queue
[2025-10-30T06:23:54.103+0000] {logging_mixin.py:188} INFO - [2025-10-30T06:23:54.103+0000] {dagbag.py:545} INFO - Filling up the DagBag from /opt/airflow/dags/data_ingestion.py
[2025-10-30T06:23:54.657+0000] {processor.py:840} INFO - DAG(s) 'police_data_ingestion' retrieved from /opt/airflow/dags/data_ingestion.py
[2025-10-30T06:23:54.713+0000] {logging_mixin.py:188} INFO - [2025-10-30T06:23:54.713+0000] {dag.py:3096} INFO - Sync 1 DAGs
[2025-10-30T06:23:54.749+0000] {logging_mixin.py:188} INFO - [2025-10-30T06:23:54.748+0000] {dag.py:3954} INFO - Setting next_dagrun for police_data_ingestion to 2025-11-01 00:00:00+00:00, run_after=2025-12-01 00:00:00+00:00
[2025-10-30T06:23:54.793+0000] {processor.py:183} INFO - Processing /opt/airflow/dags/data_ingestion.py took 0.707 seconds
[2025-10-30T06:24:25.382+0000] {processor.py:161} INFO - Started process (PID=8864) to work on /opt/airflow/dags/data_ingestion.py
[2025-10-30T06:24:25.384+0000] {processor.py:830} INFO - Processing file /opt/airflow/dags/data_ingestion.py for tasks to queue
[2025-10-30T06:24:25.388+0000] {logging_mixin.py:188} INFO - [2025-10-30T06:24:25.388+0000] {dagbag.py:545} INFO - Filling up the DagBag from /opt/airflow/dags/data_ingestion.py
[2025-10-30T06:24:26.027+0000] {processor.py:840} INFO - DAG(s) 'police_data_ingestion' retrieved from /opt/airflow/dags/data_ingestion.py
[2025-10-30T06:24:26.087+0000] {logging_mixin.py:188} INFO - [2025-10-30T06:24:26.086+0000] {dag.py:3096} INFO - Sync 1 DAGs
[2025-10-30T06:24:26.136+0000] {logging_mixin.py:188} INFO - [2025-10-30T06:24:26.136+0000] {dag.py:3954} INFO - Setting next_dagrun for police_data_ingestion to 2025-11-01 00:00:00+00:00, run_after=2025-12-01 00:00:00+00:00
[2025-10-30T06:24:26.183+0000] {processor.py:183} INFO - Processing /opt/airflow/dags/data_ingestion.py took 0.820 seconds
[2025-10-30T06:24:56.868+0000] {processor.py:161} INFO - Started process (PID=8876) to work on /opt/airflow/dags/data_ingestion.py
[2025-10-30T06:24:56.871+0000] {processor.py:830} INFO - Processing file /opt/airflow/dags/data_ingestion.py for tasks to queue
[2025-10-30T06:24:56.876+0000] {logging_mixin.py:188} INFO - [2025-10-30T06:24:56.875+0000] {dagbag.py:545} INFO - Filling up the DagBag from /opt/airflow/dags/data_ingestion.py
[2025-10-30T06:24:57.620+0000] {processor.py:840} INFO - DAG(s) 'police_data_ingestion' retrieved from /opt/airflow/dags/data_ingestion.py
[2025-10-30T06:24:57.690+0000] {logging_mixin.py:188} INFO - [2025-10-30T06:24:57.689+0000] {dag.py:3096} INFO - Sync 1 DAGs
[2025-10-30T06:24:57.732+0000] {logging_mixin.py:188} INFO - [2025-10-30T06:24:57.731+0000] {dag.py:3954} INFO - Setting next_dagrun for police_data_ingestion to 2025-11-01 00:00:00+00:00, run_after=2025-12-01 00:00:00+00:00
[2025-10-30T06:24:57.773+0000] {processor.py:183} INFO - Processing /opt/airflow/dags/data_ingestion.py took 0.922 seconds
[2025-10-30T06:25:28.504+0000] {processor.py:161} INFO - Started process (PID=8888) to work on /opt/airflow/dags/data_ingestion.py
[2025-10-30T06:25:28.507+0000] {processor.py:830} INFO - Processing file /opt/airflow/dags/data_ingestion.py for tasks to queue
[2025-10-30T06:25:28.511+0000] {logging_mixin.py:188} INFO - [2025-10-30T06:25:28.510+0000] {dagbag.py:545} INFO - Filling up the DagBag from /opt/airflow/dags/data_ingestion.py
[2025-10-30T06:25:29.340+0000] {processor.py:840} INFO - DAG(s) 'police_data_ingestion' retrieved from /opt/airflow/dags/data_ingestion.py
[2025-10-30T06:25:29.398+0000] {logging_mixin.py:188} INFO - [2025-10-30T06:25:29.397+0000] {dag.py:3096} INFO - Sync 1 DAGs
[2025-10-30T06:25:29.439+0000] {logging_mixin.py:188} INFO - [2025-10-30T06:25:29.439+0000] {dag.py:3954} INFO - Setting next_dagrun for police_data_ingestion to 2025-11-01 00:00:00+00:00, run_after=2025-12-01 00:00:00+00:00
[2025-10-30T06:25:29.489+0000] {processor.py:183} INFO - Processing /opt/airflow/dags/data_ingestion.py took 1.003 seconds
[2025-10-30T06:26:00.115+0000] {processor.py:161} INFO - Started process (PID=8900) to work on /opt/airflow/dags/data_ingestion.py
[2025-10-30T06:26:00.118+0000] {processor.py:830} INFO - Processing file /opt/airflow/dags/data_ingestion.py for tasks to queue
[2025-10-30T06:26:00.122+0000] {logging_mixin.py:188} INFO - [2025-10-30T06:26:00.121+0000] {dagbag.py:545} INFO - Filling up the DagBag from /opt/airflow/dags/data_ingestion.py
[2025-10-30T06:26:00.713+0000] {processor.py:840} INFO - DAG(s) 'police_data_ingestion' retrieved from /opt/airflow/dags/data_ingestion.py
[2025-10-30T06:26:00.769+0000] {logging_mixin.py:188} INFO - [2025-10-30T06:26:00.768+0000] {dag.py:3096} INFO - Sync 1 DAGs
[2025-10-30T06:26:00.815+0000] {logging_mixin.py:188} INFO - [2025-10-30T06:26:00.815+0000] {dag.py:3954} INFO - Setting next_dagrun for police_data_ingestion to 2025-11-01 00:00:00+00:00, run_after=2025-12-01 00:00:00+00:00
[2025-10-30T06:26:00.866+0000] {processor.py:183} INFO - Processing /opt/airflow/dags/data_ingestion.py took 0.767 seconds
[2025-10-30T06:26:31.628+0000] {processor.py:161} INFO - Started process (PID=8912) to work on /opt/airflow/dags/data_ingestion.py
[2025-10-30T06:26:31.630+0000] {processor.py:830} INFO - Processing file /opt/airflow/dags/data_ingestion.py for tasks to queue
[2025-10-30T06:26:31.635+0000] {logging_mixin.py:188} INFO - [2025-10-30T06:26:31.634+0000] {dagbag.py:545} INFO - Filling up the DagBag from /opt/airflow/dags/data_ingestion.py
[2025-10-30T06:26:32.237+0000] {processor.py:840} INFO - DAG(s) 'police_data_ingestion' retrieved from /opt/airflow/dags/data_ingestion.py
[2025-10-30T06:26:32.304+0000] {logging_mixin.py:188} INFO - [2025-10-30T06:26:32.303+0000] {dag.py:3096} INFO - Sync 1 DAGs
[2025-10-30T06:26:32.353+0000] {logging_mixin.py:188} INFO - [2025-10-30T06:26:32.352+0000] {dag.py:3954} INFO - Setting next_dagrun for police_data_ingestion to 2025-11-01 00:00:00+00:00, run_after=2025-12-01 00:00:00+00:00
[2025-10-30T06:26:32.432+0000] {processor.py:183} INFO - Processing /opt/airflow/dags/data_ingestion.py took 0.817 seconds
[2025-10-30T06:27:03.102+0000] {processor.py:161} INFO - Started process (PID=8924) to work on /opt/airflow/dags/data_ingestion.py
[2025-10-30T06:27:03.105+0000] {processor.py:830} INFO - Processing file /opt/airflow/dags/data_ingestion.py for tasks to queue
[2025-10-30T06:27:03.109+0000] {logging_mixin.py:188} INFO - [2025-10-30T06:27:03.108+0000] {dagbag.py:545} INFO - Filling up the DagBag from /opt/airflow/dags/data_ingestion.py
[2025-10-30T06:27:03.682+0000] {processor.py:840} INFO - DAG(s) 'police_data_ingestion' retrieved from /opt/airflow/dags/data_ingestion.py
[2025-10-30T06:27:03.736+0000] {logging_mixin.py:188} INFO - [2025-10-30T06:27:03.735+0000] {dag.py:3096} INFO - Sync 1 DAGs
[2025-10-30T06:27:03.783+0000] {logging_mixin.py:188} INFO - [2025-10-30T06:27:03.782+0000] {dag.py:3954} INFO - Setting next_dagrun for police_data_ingestion to 2025-11-01 00:00:00+00:00, run_after=2025-12-01 00:00:00+00:00
[2025-10-30T06:27:03.831+0000] {processor.py:183} INFO - Processing /opt/airflow/dags/data_ingestion.py took 0.743 seconds
[2025-10-30T06:27:34.543+0000] {processor.py:161} INFO - Started process (PID=8936) to work on /opt/airflow/dags/data_ingestion.py
[2025-10-30T06:27:34.546+0000] {processor.py:830} INFO - Processing file /opt/airflow/dags/data_ingestion.py for tasks to queue
[2025-10-30T06:27:34.550+0000] {logging_mixin.py:188} INFO - [2025-10-30T06:27:34.549+0000] {dagbag.py:545} INFO - Filling up the DagBag from /opt/airflow/dags/data_ingestion.py
[2025-10-30T06:27:35.190+0000] {processor.py:840} INFO - DAG(s) 'police_data_ingestion' retrieved from /opt/airflow/dags/data_ingestion.py
[2025-10-30T06:27:35.276+0000] {logging_mixin.py:188} INFO - [2025-10-30T06:27:35.275+0000] {dag.py:3096} INFO - Sync 1 DAGs
[2025-10-30T06:27:35.328+0000] {logging_mixin.py:188} INFO - [2025-10-30T06:27:35.327+0000] {dag.py:3954} INFO - Setting next_dagrun for police_data_ingestion to 2025-11-01 00:00:00+00:00, run_after=2025-12-01 00:00:00+00:00
[2025-10-30T06:27:35.388+0000] {processor.py:183} INFO - Processing /opt/airflow/dags/data_ingestion.py took 0.858 seconds
[2025-10-30T06:28:06.196+0000] {processor.py:161} INFO - Started process (PID=8948) to work on /opt/airflow/dags/data_ingestion.py
[2025-10-30T06:28:06.198+0000] {processor.py:830} INFO - Processing file /opt/airflow/dags/data_ingestion.py for tasks to queue
[2025-10-30T06:28:06.203+0000] {logging_mixin.py:188} INFO - [2025-10-30T06:28:06.202+0000] {dagbag.py:545} INFO - Filling up the DagBag from /opt/airflow/dags/data_ingestion.py
[2025-10-30T06:28:07.126+0000] {processor.py:840} INFO - DAG(s) 'police_data_ingestion' retrieved from /opt/airflow/dags/data_ingestion.py
[2025-10-30T06:28:07.208+0000] {logging_mixin.py:188} INFO - [2025-10-30T06:28:07.208+0000] {dag.py:3096} INFO - Sync 1 DAGs
[2025-10-30T06:28:07.265+0000] {logging_mixin.py:188} INFO - [2025-10-30T06:28:07.264+0000] {dag.py:3954} INFO - Setting next_dagrun for police_data_ingestion to 2025-11-01 00:00:00+00:00, run_after=2025-12-01 00:00:00+00:00
[2025-10-30T06:28:07.329+0000] {processor.py:183} INFO - Processing /opt/airflow/dags/data_ingestion.py took 1.149 seconds
[2025-10-30T06:28:37.891+0000] {processor.py:161} INFO - Started process (PID=8960) to work on /opt/airflow/dags/data_ingestion.py
[2025-10-30T06:28:37.893+0000] {processor.py:830} INFO - Processing file /opt/airflow/dags/data_ingestion.py for tasks to queue
[2025-10-30T06:28:37.897+0000] {logging_mixin.py:188} INFO - [2025-10-30T06:28:37.897+0000] {dagbag.py:545} INFO - Filling up the DagBag from /opt/airflow/dags/data_ingestion.py
[2025-10-30T06:28:38.509+0000] {processor.py:840} INFO - DAG(s) 'police_data_ingestion' retrieved from /opt/airflow/dags/data_ingestion.py
[2025-10-30T06:28:38.560+0000] {logging_mixin.py:188} INFO - [2025-10-30T06:28:38.559+0000] {dag.py:3096} INFO - Sync 1 DAGs
[2025-10-30T06:28:38.597+0000] {logging_mixin.py:188} INFO - [2025-10-30T06:28:38.597+0000] {dag.py:3954} INFO - Setting next_dagrun for police_data_ingestion to 2025-11-01 00:00:00+00:00, run_after=2025-12-01 00:00:00+00:00
[2025-10-30T06:28:38.668+0000] {processor.py:183} INFO - Processing /opt/airflow/dags/data_ingestion.py took 0.790 seconds
[2025-10-30T06:29:09.323+0000] {processor.py:161} INFO - Started process (PID=8972) to work on /opt/airflow/dags/data_ingestion.py
[2025-10-30T06:29:09.325+0000] {processor.py:830} INFO - Processing file /opt/airflow/dags/data_ingestion.py for tasks to queue
[2025-10-30T06:29:09.330+0000] {logging_mixin.py:188} INFO - [2025-10-30T06:29:09.329+0000] {dagbag.py:545} INFO - Filling up the DagBag from /opt/airflow/dags/data_ingestion.py
[2025-10-30T06:29:10.144+0000] {processor.py:840} INFO - DAG(s) 'police_data_ingestion' retrieved from /opt/airflow/dags/data_ingestion.py
[2025-10-30T06:29:10.217+0000] {logging_mixin.py:188} INFO - [2025-10-30T06:29:10.216+0000] {dag.py:3096} INFO - Sync 1 DAGs
[2025-10-30T06:29:10.266+0000] {logging_mixin.py:188} INFO - [2025-10-30T06:29:10.265+0000] {dag.py:3954} INFO - Setting next_dagrun for police_data_ingestion to 2025-11-01 00:00:00+00:00, run_after=2025-12-01 00:00:00+00:00
[2025-10-30T06:29:10.333+0000] {processor.py:183} INFO - Processing /opt/airflow/dags/data_ingestion.py took 1.049 seconds
[2025-10-30T06:29:41.013+0000] {processor.py:161} INFO - Started process (PID=8984) to work on /opt/airflow/dags/data_ingestion.py
[2025-10-30T06:29:41.016+0000] {processor.py:830} INFO - Processing file /opt/airflow/dags/data_ingestion.py for tasks to queue
[2025-10-30T06:29:41.021+0000] {logging_mixin.py:188} INFO - [2025-10-30T06:29:41.020+0000] {dagbag.py:545} INFO - Filling up the DagBag from /opt/airflow/dags/data_ingestion.py
[2025-10-30T06:29:41.742+0000] {processor.py:840} INFO - DAG(s) 'police_data_ingestion' retrieved from /opt/airflow/dags/data_ingestion.py
[2025-10-30T06:29:41.819+0000] {logging_mixin.py:188} INFO - [2025-10-30T06:29:41.818+0000] {dag.py:3096} INFO - Sync 1 DAGs
[2025-10-30T06:29:41.867+0000] {logging_mixin.py:188} INFO - [2025-10-30T06:29:41.866+0000] {dag.py:3954} INFO - Setting next_dagrun for police_data_ingestion to 2025-11-01 00:00:00+00:00, run_after=2025-12-01 00:00:00+00:00
[2025-10-30T06:29:41.920+0000] {processor.py:183} INFO - Processing /opt/airflow/dags/data_ingestion.py took 0.924 seconds
[2025-10-30T06:30:12.503+0000] {processor.py:161} INFO - Started process (PID=8996) to work on /opt/airflow/dags/data_ingestion.py
[2025-10-30T06:30:12.506+0000] {processor.py:830} INFO - Processing file /opt/airflow/dags/data_ingestion.py for tasks to queue
[2025-10-30T06:30:12.512+0000] {logging_mixin.py:188} INFO - [2025-10-30T06:30:12.510+0000] {dagbag.py:545} INFO - Filling up the DagBag from /opt/airflow/dags/data_ingestion.py
[2025-10-30T06:30:13.384+0000] {processor.py:840} INFO - DAG(s) 'police_data_ingestion' retrieved from /opt/airflow/dags/data_ingestion.py
[2025-10-30T06:30:13.477+0000] {logging_mixin.py:188} INFO - [2025-10-30T06:30:13.476+0000] {dag.py:3096} INFO - Sync 1 DAGs
[2025-10-30T06:30:13.548+0000] {logging_mixin.py:188} INFO - [2025-10-30T06:30:13.547+0000] {dag.py:3954} INFO - Setting next_dagrun for police_data_ingestion to 2025-11-01 00:00:00+00:00, run_after=2025-12-01 00:00:00+00:00
[2025-10-30T06:30:13.598+0000] {processor.py:183} INFO - Processing /opt/airflow/dags/data_ingestion.py took 1.113 seconds
[2025-10-30T06:30:44.295+0000] {processor.py:161} INFO - Started process (PID=9008) to work on /opt/airflow/dags/data_ingestion.py
[2025-10-30T06:30:44.297+0000] {processor.py:830} INFO - Processing file /opt/airflow/dags/data_ingestion.py for tasks to queue
[2025-10-30T06:30:44.301+0000] {logging_mixin.py:188} INFO - [2025-10-30T06:30:44.300+0000] {dagbag.py:545} INFO - Filling up the DagBag from /opt/airflow/dags/data_ingestion.py
[2025-10-30T06:30:45.064+0000] {processor.py:840} INFO - DAG(s) 'police_data_ingestion' retrieved from /opt/airflow/dags/data_ingestion.py
[2025-10-30T06:30:45.161+0000] {logging_mixin.py:188} INFO - [2025-10-30T06:30:45.160+0000] {dag.py:3096} INFO - Sync 1 DAGs
[2025-10-30T06:30:45.223+0000] {logging_mixin.py:188} INFO - [2025-10-30T06:30:45.222+0000] {dag.py:3954} INFO - Setting next_dagrun for police_data_ingestion to 2025-11-01 00:00:00+00:00, run_after=2025-12-01 00:00:00+00:00
[2025-10-30T06:30:45.288+0000] {processor.py:183} INFO - Processing /opt/airflow/dags/data_ingestion.py took 1.007 seconds
[2025-10-30T06:31:15.973+0000] {processor.py:161} INFO - Started process (PID=9020) to work on /opt/airflow/dags/data_ingestion.py
[2025-10-30T06:31:15.975+0000] {processor.py:830} INFO - Processing file /opt/airflow/dags/data_ingestion.py for tasks to queue
[2025-10-30T06:31:15.979+0000] {logging_mixin.py:188} INFO - [2025-10-30T06:31:15.978+0000] {dagbag.py:545} INFO - Filling up the DagBag from /opt/airflow/dags/data_ingestion.py
[2025-10-30T06:31:16.651+0000] {processor.py:840} INFO - DAG(s) 'police_data_ingestion' retrieved from /opt/airflow/dags/data_ingestion.py
[2025-10-30T06:31:16.703+0000] {logging_mixin.py:188} INFO - [2025-10-30T06:31:16.702+0000] {dag.py:3096} INFO - Sync 1 DAGs
[2025-10-30T06:31:16.762+0000] {logging_mixin.py:188} INFO - [2025-10-30T06:31:16.762+0000] {dag.py:3954} INFO - Setting next_dagrun for police_data_ingestion to 2025-11-01 00:00:00+00:00, run_after=2025-12-01 00:00:00+00:00
[2025-10-30T06:31:16.827+0000] {processor.py:183} INFO - Processing /opt/airflow/dags/data_ingestion.py took 0.867 seconds
[2025-10-30T06:31:47.559+0000] {processor.py:161} INFO - Started process (PID=9032) to work on /opt/airflow/dags/data_ingestion.py
[2025-10-30T06:31:47.561+0000] {processor.py:830} INFO - Processing file /opt/airflow/dags/data_ingestion.py for tasks to queue
[2025-10-30T06:31:47.565+0000] {logging_mixin.py:188} INFO - [2025-10-30T06:31:47.565+0000] {dagbag.py:545} INFO - Filling up the DagBag from /opt/airflow/dags/data_ingestion.py
[2025-10-30T06:31:48.176+0000] {processor.py:840} INFO - DAG(s) 'police_data_ingestion' retrieved from /opt/airflow/dags/data_ingestion.py
[2025-10-30T06:31:48.230+0000] {logging_mixin.py:188} INFO - [2025-10-30T06:31:48.229+0000] {dag.py:3096} INFO - Sync 1 DAGs
[2025-10-30T06:31:48.268+0000] {logging_mixin.py:188} INFO - [2025-10-30T06:31:48.268+0000] {dag.py:3954} INFO - Setting next_dagrun for police_data_ingestion to 2025-11-01 00:00:00+00:00, run_after=2025-12-01 00:00:00+00:00
[2025-10-30T06:31:48.322+0000] {processor.py:183} INFO - Processing /opt/airflow/dags/data_ingestion.py took 0.781 seconds
[2025-10-30T06:32:19.027+0000] {processor.py:161} INFO - Started process (PID=9044) to work on /opt/airflow/dags/data_ingestion.py
[2025-10-30T06:32:19.029+0000] {processor.py:830} INFO - Processing file /opt/airflow/dags/data_ingestion.py for tasks to queue
[2025-10-30T06:32:19.036+0000] {logging_mixin.py:188} INFO - [2025-10-30T06:32:19.034+0000] {dagbag.py:545} INFO - Filling up the DagBag from /opt/airflow/dags/data_ingestion.py
[2025-10-30T06:32:19.742+0000] {processor.py:840} INFO - DAG(s) 'police_data_ingestion' retrieved from /opt/airflow/dags/data_ingestion.py
[2025-10-30T06:32:19.815+0000] {logging_mixin.py:188} INFO - [2025-10-30T06:32:19.814+0000] {dag.py:3096} INFO - Sync 1 DAGs
[2025-10-30T06:32:19.848+0000] {logging_mixin.py:188} INFO - [2025-10-30T06:32:19.848+0000] {dag.py:3954} INFO - Setting next_dagrun for police_data_ingestion to 2025-11-01 00:00:00+00:00, run_after=2025-12-01 00:00:00+00:00
[2025-10-30T06:32:19.904+0000] {processor.py:183} INFO - Processing /opt/airflow/dags/data_ingestion.py took 0.910 seconds
[2025-10-30T06:32:50.678+0000] {processor.py:161} INFO - Started process (PID=9056) to work on /opt/airflow/dags/data_ingestion.py
[2025-10-30T06:32:50.680+0000] {processor.py:830} INFO - Processing file /opt/airflow/dags/data_ingestion.py for tasks to queue
[2025-10-30T06:32:50.684+0000] {logging_mixin.py:188} INFO - [2025-10-30T06:32:50.684+0000] {dagbag.py:545} INFO - Filling up the DagBag from /opt/airflow/dags/data_ingestion.py
[2025-10-30T06:32:51.395+0000] {processor.py:840} INFO - DAG(s) 'police_data_ingestion' retrieved from /opt/airflow/dags/data_ingestion.py
[2025-10-30T06:32:51.454+0000] {logging_mixin.py:188} INFO - [2025-10-30T06:32:51.454+0000] {dag.py:3096} INFO - Sync 1 DAGs
[2025-10-30T06:32:51.488+0000] {logging_mixin.py:188} INFO - [2025-10-30T06:32:51.488+0000] {dag.py:3954} INFO - Setting next_dagrun for police_data_ingestion to 2025-11-01 00:00:00+00:00, run_after=2025-12-01 00:00:00+00:00
[2025-10-30T06:32:51.546+0000] {processor.py:183} INFO - Processing /opt/airflow/dags/data_ingestion.py took 0.879 seconds
[2025-10-30T06:33:22.295+0000] {processor.py:161} INFO - Started process (PID=9068) to work on /opt/airflow/dags/data_ingestion.py
[2025-10-30T06:33:22.298+0000] {processor.py:830} INFO - Processing file /opt/airflow/dags/data_ingestion.py for tasks to queue
[2025-10-30T06:33:22.302+0000] {logging_mixin.py:188} INFO - [2025-10-30T06:33:22.301+0000] {dagbag.py:545} INFO - Filling up the DagBag from /opt/airflow/dags/data_ingestion.py
[2025-10-30T06:33:23.019+0000] {processor.py:840} INFO - DAG(s) 'police_data_ingestion' retrieved from /opt/airflow/dags/data_ingestion.py
[2025-10-30T06:33:23.089+0000] {logging_mixin.py:188} INFO - [2025-10-30T06:33:23.088+0000] {dag.py:3096} INFO - Sync 1 DAGs
[2025-10-30T06:33:23.137+0000] {logging_mixin.py:188} INFO - [2025-10-30T06:33:23.136+0000] {dag.py:3954} INFO - Setting next_dagrun for police_data_ingestion to 2025-11-01 00:00:00+00:00, run_after=2025-12-01 00:00:00+00:00
[2025-10-30T06:33:23.193+0000] {processor.py:183} INFO - Processing /opt/airflow/dags/data_ingestion.py took 0.911 seconds
[2025-10-30T06:33:53.971+0000] {processor.py:161} INFO - Started process (PID=9080) to work on /opt/airflow/dags/data_ingestion.py
[2025-10-30T06:33:53.974+0000] {processor.py:830} INFO - Processing file /opt/airflow/dags/data_ingestion.py for tasks to queue
[2025-10-30T06:33:53.980+0000] {logging_mixin.py:188} INFO - [2025-10-30T06:33:53.979+0000] {dagbag.py:545} INFO - Filling up the DagBag from /opt/airflow/dags/data_ingestion.py
[2025-10-30T06:33:54.573+0000] {processor.py:840} INFO - DAG(s) 'police_data_ingestion' retrieved from /opt/airflow/dags/data_ingestion.py
[2025-10-30T06:33:54.630+0000] {logging_mixin.py:188} INFO - [2025-10-30T06:33:54.629+0000] {dag.py:3096} INFO - Sync 1 DAGs
[2025-10-30T06:33:54.670+0000] {logging_mixin.py:188} INFO - [2025-10-30T06:33:54.670+0000] {dag.py:3954} INFO - Setting next_dagrun for police_data_ingestion to 2025-11-01 00:00:00+00:00, run_after=2025-12-01 00:00:00+00:00
[2025-10-30T06:33:54.705+0000] {processor.py:183} INFO - Processing /opt/airflow/dags/data_ingestion.py took 0.753 seconds
[2025-10-30T06:34:25.395+0000] {processor.py:161} INFO - Started process (PID=9092) to work on /opt/airflow/dags/data_ingestion.py
[2025-10-30T06:34:25.397+0000] {processor.py:830} INFO - Processing file /opt/airflow/dags/data_ingestion.py for tasks to queue
[2025-10-30T06:34:25.402+0000] {logging_mixin.py:188} INFO - [2025-10-30T06:34:25.401+0000] {dagbag.py:545} INFO - Filling up the DagBag from /opt/airflow/dags/data_ingestion.py
[2025-10-30T06:34:26.002+0000] {processor.py:840} INFO - DAG(s) 'police_data_ingestion' retrieved from /opt/airflow/dags/data_ingestion.py
[2025-10-30T06:34:26.084+0000] {logging_mixin.py:188} INFO - [2025-10-30T06:34:26.083+0000] {dag.py:3096} INFO - Sync 1 DAGs
[2025-10-30T06:34:26.131+0000] {logging_mixin.py:188} INFO - [2025-10-30T06:34:26.131+0000] {dag.py:3954} INFO - Setting next_dagrun for police_data_ingestion to 2025-11-01 00:00:00+00:00, run_after=2025-12-01 00:00:00+00:00
[2025-10-30T06:34:26.171+0000] {processor.py:183} INFO - Processing /opt/airflow/dags/data_ingestion.py took 0.790 seconds
[2025-10-30T06:34:56.851+0000] {processor.py:161} INFO - Started process (PID=9104) to work on /opt/airflow/dags/data_ingestion.py
[2025-10-30T06:34:56.854+0000] {processor.py:830} INFO - Processing file /opt/airflow/dags/data_ingestion.py for tasks to queue
[2025-10-30T06:34:56.859+0000] {logging_mixin.py:188} INFO - [2025-10-30T06:34:56.858+0000] {dagbag.py:545} INFO - Filling up the DagBag from /opt/airflow/dags/data_ingestion.py
[2025-10-30T06:34:57.585+0000] {processor.py:840} INFO - DAG(s) 'police_data_ingestion' retrieved from /opt/airflow/dags/data_ingestion.py
[2025-10-30T06:34:57.658+0000] {logging_mixin.py:188} INFO - [2025-10-30T06:34:57.658+0000] {dag.py:3096} INFO - Sync 1 DAGs
[2025-10-30T06:34:57.718+0000] {logging_mixin.py:188} INFO - [2025-10-30T06:34:57.718+0000] {dag.py:3954} INFO - Setting next_dagrun for police_data_ingestion to 2025-11-01 00:00:00+00:00, run_after=2025-12-01 00:00:00+00:00
[2025-10-30T06:34:57.782+0000] {processor.py:183} INFO - Processing /opt/airflow/dags/data_ingestion.py took 0.945 seconds
[2025-10-30T06:35:28.526+0000] {processor.py:161} INFO - Started process (PID=9116) to work on /opt/airflow/dags/data_ingestion.py
[2025-10-30T06:35:28.529+0000] {processor.py:830} INFO - Processing file /opt/airflow/dags/data_ingestion.py for tasks to queue
[2025-10-30T06:35:28.532+0000] {logging_mixin.py:188} INFO - [2025-10-30T06:35:28.532+0000] {dagbag.py:545} INFO - Filling up the DagBag from /opt/airflow/dags/data_ingestion.py
[2025-10-30T06:35:29.201+0000] {processor.py:840} INFO - DAG(s) 'police_data_ingestion' retrieved from /opt/airflow/dags/data_ingestion.py
[2025-10-30T06:35:29.296+0000] {logging_mixin.py:188} INFO - [2025-10-30T06:35:29.294+0000] {dag.py:3096} INFO - Sync 1 DAGs
[2025-10-30T06:35:29.377+0000] {logging_mixin.py:188} INFO - [2025-10-30T06:35:29.376+0000] {dag.py:3954} INFO - Setting next_dagrun for police_data_ingestion to 2025-11-01 00:00:00+00:00, run_after=2025-12-01 00:00:00+00:00
[2025-10-30T06:35:29.416+0000] {processor.py:183} INFO - Processing /opt/airflow/dags/data_ingestion.py took 0.902 seconds
[2025-10-30T06:36:00.094+0000] {processor.py:161} INFO - Started process (PID=9128) to work on /opt/airflow/dags/data_ingestion.py
[2025-10-30T06:36:00.097+0000] {processor.py:830} INFO - Processing file /opt/airflow/dags/data_ingestion.py for tasks to queue
[2025-10-30T06:36:00.101+0000] {logging_mixin.py:188} INFO - [2025-10-30T06:36:00.100+0000] {dagbag.py:545} INFO - Filling up the DagBag from /opt/airflow/dags/data_ingestion.py
[2025-10-30T06:36:01.380+0000] {processor.py:840} INFO - DAG(s) 'police_data_ingestion' retrieved from /opt/airflow/dags/data_ingestion.py
[2025-10-30T06:36:01.439+0000] {logging_mixin.py:188} INFO - [2025-10-30T06:36:01.438+0000] {dag.py:3096} INFO - Sync 1 DAGs
[2025-10-30T06:36:01.486+0000] {logging_mixin.py:188} INFO - [2025-10-30T06:36:01.485+0000] {dag.py:3954} INFO - Setting next_dagrun for police_data_ingestion to 2025-11-01 00:00:00+00:00, run_after=2025-12-01 00:00:00+00:00
[2025-10-30T06:36:01.520+0000] {processor.py:183} INFO - Processing /opt/airflow/dags/data_ingestion.py took 1.441 seconds
[2025-10-30T06:36:31.660+0000] {processor.py:161} INFO - Started process (PID=9140) to work on /opt/airflow/dags/data_ingestion.py
[2025-10-30T06:36:31.662+0000] {processor.py:830} INFO - Processing file /opt/airflow/dags/data_ingestion.py for tasks to queue
[2025-10-30T06:36:31.666+0000] {logging_mixin.py:188} INFO - [2025-10-30T06:36:31.666+0000] {dagbag.py:545} INFO - Filling up the DagBag from /opt/airflow/dags/data_ingestion.py
[2025-10-30T06:36:32.372+0000] {processor.py:840} INFO - DAG(s) 'police_data_ingestion' retrieved from /opt/airflow/dags/data_ingestion.py
[2025-10-30T06:36:32.439+0000] {logging_mixin.py:188} INFO - [2025-10-30T06:36:32.438+0000] {dag.py:3096} INFO - Sync 1 DAGs
[2025-10-30T06:36:32.485+0000] {logging_mixin.py:188} INFO - [2025-10-30T06:36:32.484+0000] {dag.py:3954} INFO - Setting next_dagrun for police_data_ingestion to 2025-11-01 00:00:00+00:00, run_after=2025-12-01 00:00:00+00:00
[2025-10-30T06:36:32.614+0000] {processor.py:183} INFO - Processing /opt/airflow/dags/data_ingestion.py took 0.968 seconds
[2025-10-30T06:37:03.293+0000] {processor.py:161} INFO - Started process (PID=9152) to work on /opt/airflow/dags/data_ingestion.py
[2025-10-30T06:37:03.296+0000] {processor.py:830} INFO - Processing file /opt/airflow/dags/data_ingestion.py for tasks to queue
[2025-10-30T06:37:03.301+0000] {logging_mixin.py:188} INFO - [2025-10-30T06:37:03.300+0000] {dagbag.py:545} INFO - Filling up the DagBag from /opt/airflow/dags/data_ingestion.py
[2025-10-30T06:37:04.079+0000] {processor.py:840} INFO - DAG(s) 'police_data_ingestion' retrieved from /opt/airflow/dags/data_ingestion.py
[2025-10-30T06:37:04.145+0000] {logging_mixin.py:188} INFO - [2025-10-30T06:37:04.144+0000] {dag.py:3096} INFO - Sync 1 DAGs
[2025-10-30T06:37:04.187+0000] {logging_mixin.py:188} INFO - [2025-10-30T06:37:04.187+0000] {dag.py:3954} INFO - Setting next_dagrun for police_data_ingestion to 2025-11-01 00:00:00+00:00, run_after=2025-12-01 00:00:00+00:00
[2025-10-30T06:37:04.246+0000] {processor.py:183} INFO - Processing /opt/airflow/dags/data_ingestion.py took 0.968 seconds
[2025-10-30T06:37:34.915+0000] {processor.py:161} INFO - Started process (PID=9164) to work on /opt/airflow/dags/data_ingestion.py
[2025-10-30T06:37:34.918+0000] {processor.py:830} INFO - Processing file /opt/airflow/dags/data_ingestion.py for tasks to queue
[2025-10-30T06:37:34.923+0000] {logging_mixin.py:188} INFO - [2025-10-30T06:37:34.922+0000] {dagbag.py:545} INFO - Filling up the DagBag from /opt/airflow/dags/data_ingestion.py
[2025-10-30T06:37:35.720+0000] {processor.py:840} INFO - DAG(s) 'police_data_ingestion' retrieved from /opt/airflow/dags/data_ingestion.py
[2025-10-30T06:37:35.808+0000] {logging_mixin.py:188} INFO - [2025-10-30T06:37:35.807+0000] {dag.py:3096} INFO - Sync 1 DAGs
[2025-10-30T06:37:35.874+0000] {logging_mixin.py:188} INFO - [2025-10-30T06:37:35.873+0000] {dag.py:3954} INFO - Setting next_dagrun for police_data_ingestion to 2025-11-01 00:00:00+00:00, run_after=2025-12-01 00:00:00+00:00
[2025-10-30T06:37:35.915+0000] {processor.py:183} INFO - Processing /opt/airflow/dags/data_ingestion.py took 1.014 seconds
[2025-10-30T06:38:06.648+0000] {processor.py:161} INFO - Started process (PID=9176) to work on /opt/airflow/dags/data_ingestion.py
[2025-10-30T06:38:06.650+0000] {processor.py:830} INFO - Processing file /opt/airflow/dags/data_ingestion.py for tasks to queue
[2025-10-30T06:38:06.653+0000] {logging_mixin.py:188} INFO - [2025-10-30T06:38:06.653+0000] {dagbag.py:545} INFO - Filling up the DagBag from /opt/airflow/dags/data_ingestion.py
[2025-10-30T06:38:07.315+0000] {processor.py:840} INFO - DAG(s) 'police_data_ingestion' retrieved from /opt/airflow/dags/data_ingestion.py
[2025-10-30T06:38:07.379+0000] {logging_mixin.py:188} INFO - [2025-10-30T06:38:07.378+0000] {dag.py:3096} INFO - Sync 1 DAGs
[2025-10-30T06:38:07.441+0000] {logging_mixin.py:188} INFO - [2025-10-30T06:38:07.440+0000] {dag.py:3954} INFO - Setting next_dagrun for police_data_ingestion to 2025-11-01 00:00:00+00:00, run_after=2025-12-01 00:00:00+00:00
[2025-10-30T06:38:07.502+0000] {processor.py:183} INFO - Processing /opt/airflow/dags/data_ingestion.py took 0.865 seconds
[2025-10-30T06:38:38.334+0000] {processor.py:161} INFO - Started process (PID=9188) to work on /opt/airflow/dags/data_ingestion.py
[2025-10-30T06:38:38.343+0000] {processor.py:830} INFO - Processing file /opt/airflow/dags/data_ingestion.py for tasks to queue
[2025-10-30T06:38:38.358+0000] {logging_mixin.py:188} INFO - [2025-10-30T06:38:38.355+0000] {dagbag.py:545} INFO - Filling up the DagBag from /opt/airflow/dags/data_ingestion.py
[2025-10-30T06:38:39.377+0000] {processor.py:840} INFO - DAG(s) 'police_data_ingestion' retrieved from /opt/airflow/dags/data_ingestion.py
[2025-10-30T06:38:39.440+0000] {logging_mixin.py:188} INFO - [2025-10-30T06:38:39.439+0000] {dag.py:3096} INFO - Sync 1 DAGs
[2025-10-30T06:38:39.514+0000] {logging_mixin.py:188} INFO - [2025-10-30T06:38:39.513+0000] {dag.py:3954} INFO - Setting next_dagrun for police_data_ingestion to 2025-11-01 00:00:00+00:00, run_after=2025-12-01 00:00:00+00:00
[2025-10-30T06:38:39.597+0000] {processor.py:183} INFO - Processing /opt/airflow/dags/data_ingestion.py took 1.311 seconds
[2025-10-30T06:39:10.015+0000] {processor.py:161} INFO - Started process (PID=9200) to work on /opt/airflow/dags/data_ingestion.py
[2025-10-30T06:39:10.019+0000] {processor.py:830} INFO - Processing file /opt/airflow/dags/data_ingestion.py for tasks to queue
[2025-10-30T06:39:10.024+0000] {logging_mixin.py:188} INFO - [2025-10-30T06:39:10.023+0000] {dagbag.py:545} INFO - Filling up the DagBag from /opt/airflow/dags/data_ingestion.py
[2025-10-30T06:39:10.631+0000] {processor.py:840} INFO - DAG(s) 'police_data_ingestion' retrieved from /opt/airflow/dags/data_ingestion.py
[2025-10-30T06:39:10.690+0000] {logging_mixin.py:188} INFO - [2025-10-30T06:39:10.690+0000] {dag.py:3096} INFO - Sync 1 DAGs
[2025-10-30T06:39:10.728+0000] {logging_mixin.py:188} INFO - [2025-10-30T06:39:10.728+0000] {dag.py:3954} INFO - Setting next_dagrun for police_data_ingestion to 2025-11-01 00:00:00+00:00, run_after=2025-12-01 00:00:00+00:00
[2025-10-30T06:39:10.798+0000] {processor.py:183} INFO - Processing /opt/airflow/dags/data_ingestion.py took 0.802 seconds
[2025-10-30T06:39:41.509+0000] {processor.py:161} INFO - Started process (PID=9212) to work on /opt/airflow/dags/data_ingestion.py
[2025-10-30T06:39:41.511+0000] {processor.py:830} INFO - Processing file /opt/airflow/dags/data_ingestion.py for tasks to queue
[2025-10-30T06:39:41.516+0000] {logging_mixin.py:188} INFO - [2025-10-30T06:39:41.515+0000] {dagbag.py:545} INFO - Filling up the DagBag from /opt/airflow/dags/data_ingestion.py
[2025-10-30T06:39:42.204+0000] {processor.py:840} INFO - DAG(s) 'police_data_ingestion' retrieved from /opt/airflow/dags/data_ingestion.py
[2025-10-30T06:39:42.302+0000] {logging_mixin.py:188} INFO - [2025-10-30T06:39:42.302+0000] {dag.py:3096} INFO - Sync 1 DAGs
[2025-10-30T06:39:42.362+0000] {logging_mixin.py:188} INFO - [2025-10-30T06:39:42.361+0000] {dag.py:3954} INFO - Setting next_dagrun for police_data_ingestion to 2025-11-01 00:00:00+00:00, run_after=2025-12-01 00:00:00+00:00
[2025-10-30T06:39:42.426+0000] {processor.py:183} INFO - Processing /opt/airflow/dags/data_ingestion.py took 0.932 seconds
[2025-10-30T06:40:13.185+0000] {processor.py:161} INFO - Started process (PID=9224) to work on /opt/airflow/dags/data_ingestion.py
[2025-10-30T06:40:13.188+0000] {processor.py:830} INFO - Processing file /opt/airflow/dags/data_ingestion.py for tasks to queue
[2025-10-30T06:40:13.192+0000] {logging_mixin.py:188} INFO - [2025-10-30T06:40:13.191+0000] {dagbag.py:545} INFO - Filling up the DagBag from /opt/airflow/dags/data_ingestion.py
[2025-10-30T06:40:13.765+0000] {processor.py:840} INFO - DAG(s) 'police_data_ingestion' retrieved from /opt/airflow/dags/data_ingestion.py
[2025-10-30T06:40:13.818+0000] {logging_mixin.py:188} INFO - [2025-10-30T06:40:13.817+0000] {dag.py:3096} INFO - Sync 1 DAGs
[2025-10-30T06:40:13.852+0000] {logging_mixin.py:188} INFO - [2025-10-30T06:40:13.851+0000] {dag.py:3954} INFO - Setting next_dagrun for police_data_ingestion to 2025-11-01 00:00:00+00:00, run_after=2025-12-01 00:00:00+00:00
[2025-10-30T06:40:13.910+0000] {processor.py:183} INFO - Processing /opt/airflow/dags/data_ingestion.py took 0.737 seconds
[2025-10-30T06:40:44.665+0000] {processor.py:161} INFO - Started process (PID=9236) to work on /opt/airflow/dags/data_ingestion.py
[2025-10-30T06:40:44.668+0000] {processor.py:830} INFO - Processing file /opt/airflow/dags/data_ingestion.py for tasks to queue
[2025-10-30T06:40:44.673+0000] {logging_mixin.py:188} INFO - [2025-10-30T06:40:44.672+0000] {dagbag.py:545} INFO - Filling up the DagBag from /opt/airflow/dags/data_ingestion.py
[2025-10-30T06:40:45.443+0000] {processor.py:840} INFO - DAG(s) 'police_data_ingestion' retrieved from /opt/airflow/dags/data_ingestion.py
[2025-10-30T06:40:45.526+0000] {logging_mixin.py:188} INFO - [2025-10-30T06:40:45.525+0000] {dag.py:3096} INFO - Sync 1 DAGs
[2025-10-30T06:40:45.586+0000] {logging_mixin.py:188} INFO - [2025-10-30T06:40:45.586+0000] {dag.py:3954} INFO - Setting next_dagrun for police_data_ingestion to 2025-11-01 00:00:00+00:00, run_after=2025-12-01 00:00:00+00:00
[2025-10-30T06:40:45.646+0000] {processor.py:183} INFO - Processing /opt/airflow/dags/data_ingestion.py took 0.995 seconds
[2025-10-30T06:41:16.294+0000] {processor.py:161} INFO - Started process (PID=9248) to work on /opt/airflow/dags/data_ingestion.py
[2025-10-30T06:41:16.297+0000] {processor.py:830} INFO - Processing file /opt/airflow/dags/data_ingestion.py for tasks to queue
[2025-10-30T06:41:16.303+0000] {logging_mixin.py:188} INFO - [2025-10-30T06:41:16.302+0000] {dagbag.py:545} INFO - Filling up the DagBag from /opt/airflow/dags/data_ingestion.py
[2025-10-30T06:41:16.971+0000] {processor.py:840} INFO - DAG(s) 'police_data_ingestion' retrieved from /opt/airflow/dags/data_ingestion.py
[2025-10-30T06:41:17.040+0000] {logging_mixin.py:188} INFO - [2025-10-30T06:41:17.040+0000] {dag.py:3096} INFO - Sync 1 DAGs
[2025-10-30T06:41:17.080+0000] {logging_mixin.py:188} INFO - [2025-10-30T06:41:17.080+0000] {dag.py:3954} INFO - Setting next_dagrun for police_data_ingestion to 2025-11-01 00:00:00+00:00, run_after=2025-12-01 00:00:00+00:00
[2025-10-30T06:41:17.124+0000] {processor.py:183} INFO - Processing /opt/airflow/dags/data_ingestion.py took 0.843 seconds
[2025-10-30T06:41:47.930+0000] {processor.py:161} INFO - Started process (PID=9260) to work on /opt/airflow/dags/data_ingestion.py
[2025-10-30T06:41:47.932+0000] {processor.py:830} INFO - Processing file /opt/airflow/dags/data_ingestion.py for tasks to queue
[2025-10-30T06:41:47.937+0000] {logging_mixin.py:188} INFO - [2025-10-30T06:41:47.936+0000] {dagbag.py:545} INFO - Filling up the DagBag from /opt/airflow/dags/data_ingestion.py
[2025-10-30T06:41:48.551+0000] {processor.py:840} INFO - DAG(s) 'police_data_ingestion' retrieved from /opt/airflow/dags/data_ingestion.py
[2025-10-30T06:41:48.608+0000] {logging_mixin.py:188} INFO - [2025-10-30T06:41:48.607+0000] {dag.py:3096} INFO - Sync 1 DAGs
[2025-10-30T06:41:48.659+0000] {logging_mixin.py:188} INFO - [2025-10-30T06:41:48.659+0000] {dag.py:3954} INFO - Setting next_dagrun for police_data_ingestion to 2025-11-01 00:00:00+00:00, run_after=2025-12-01 00:00:00+00:00
[2025-10-30T06:41:48.722+0000] {processor.py:183} INFO - Processing /opt/airflow/dags/data_ingestion.py took 0.803 seconds
[2025-10-30T06:42:19.438+0000] {processor.py:161} INFO - Started process (PID=9272) to work on /opt/airflow/dags/data_ingestion.py
[2025-10-30T06:42:19.441+0000] {processor.py:830} INFO - Processing file /opt/airflow/dags/data_ingestion.py for tasks to queue
[2025-10-30T06:42:19.445+0000] {logging_mixin.py:188} INFO - [2025-10-30T06:42:19.445+0000] {dagbag.py:545} INFO - Filling up the DagBag from /opt/airflow/dags/data_ingestion.py
[2025-10-30T06:42:20.013+0000] {processor.py:840} INFO - DAG(s) 'police_data_ingestion' retrieved from /opt/airflow/dags/data_ingestion.py
[2025-10-30T06:42:20.068+0000] {logging_mixin.py:188} INFO - [2025-10-30T06:42:20.067+0000] {dag.py:3096} INFO - Sync 1 DAGs
[2025-10-30T06:42:20.110+0000] {logging_mixin.py:188} INFO - [2025-10-30T06:42:20.109+0000] {dag.py:3954} INFO - Setting next_dagrun for police_data_ingestion to 2025-11-01 00:00:00+00:00, run_after=2025-12-01 00:00:00+00:00
[2025-10-30T06:42:20.153+0000] {processor.py:183} INFO - Processing /opt/airflow/dags/data_ingestion.py took 0.729 seconds
[2025-10-30T06:42:51.043+0000] {processor.py:161} INFO - Started process (PID=9284) to work on /opt/airflow/dags/data_ingestion.py
[2025-10-30T06:42:51.047+0000] {processor.py:830} INFO - Processing file /opt/airflow/dags/data_ingestion.py for tasks to queue
[2025-10-30T06:42:51.053+0000] {logging_mixin.py:188} INFO - [2025-10-30T06:42:51.052+0000] {dagbag.py:545} INFO - Filling up the DagBag from /opt/airflow/dags/data_ingestion.py
[2025-10-30T06:42:51.848+0000] {processor.py:840} INFO - DAG(s) 'police_data_ingestion' retrieved from /opt/airflow/dags/data_ingestion.py
[2025-10-30T06:42:51.902+0000] {logging_mixin.py:188} INFO - [2025-10-30T06:42:51.902+0000] {dag.py:3096} INFO - Sync 1 DAGs
[2025-10-30T06:42:51.938+0000] {logging_mixin.py:188} INFO - [2025-10-30T06:42:51.938+0000] {dag.py:3954} INFO - Setting next_dagrun for police_data_ingestion to 2025-11-01 00:00:00+00:00, run_after=2025-12-01 00:00:00+00:00
[2025-10-30T06:42:52.010+0000] {processor.py:183} INFO - Processing /opt/airflow/dags/data_ingestion.py took 0.980 seconds
[2025-10-30T06:43:22.672+0000] {processor.py:161} INFO - Started process (PID=9296) to work on /opt/airflow/dags/data_ingestion.py
[2025-10-30T06:43:22.674+0000] {processor.py:830} INFO - Processing file /opt/airflow/dags/data_ingestion.py for tasks to queue
[2025-10-30T06:43:22.678+0000] {logging_mixin.py:188} INFO - [2025-10-30T06:43:22.678+0000] {dagbag.py:545} INFO - Filling up the DagBag from /opt/airflow/dags/data_ingestion.py
[2025-10-30T06:43:23.363+0000] {processor.py:840} INFO - DAG(s) 'police_data_ingestion' retrieved from /opt/airflow/dags/data_ingestion.py
[2025-10-30T06:43:23.429+0000] {logging_mixin.py:188} INFO - [2025-10-30T06:43:23.428+0000] {dag.py:3096} INFO - Sync 1 DAGs
[2025-10-30T06:43:23.471+0000] {logging_mixin.py:188} INFO - [2025-10-30T06:43:23.471+0000] {dag.py:3954} INFO - Setting next_dagrun for police_data_ingestion to 2025-11-01 00:00:00+00:00, run_after=2025-12-01 00:00:00+00:00
[2025-10-30T06:43:23.531+0000] {processor.py:183} INFO - Processing /opt/airflow/dags/data_ingestion.py took 0.873 seconds
[2025-10-30T06:43:54.313+0000] {processor.py:161} INFO - Started process (PID=9308) to work on /opt/airflow/dags/data_ingestion.py
[2025-10-30T06:43:54.315+0000] {processor.py:830} INFO - Processing file /opt/airflow/dags/data_ingestion.py for tasks to queue
[2025-10-30T06:43:54.319+0000] {logging_mixin.py:188} INFO - [2025-10-30T06:43:54.318+0000] {dagbag.py:545} INFO - Filling up the DagBag from /opt/airflow/dags/data_ingestion.py
[2025-10-30T06:43:55.010+0000] {processor.py:840} INFO - DAG(s) 'police_data_ingestion' retrieved from /opt/airflow/dags/data_ingestion.py
[2025-10-30T06:43:55.081+0000] {logging_mixin.py:188} INFO - [2025-10-30T06:43:55.080+0000] {dag.py:3096} INFO - Sync 1 DAGs
[2025-10-30T06:43:55.126+0000] {logging_mixin.py:188} INFO - [2025-10-30T06:43:55.125+0000] {dag.py:3954} INFO - Setting next_dagrun for police_data_ingestion to 2025-11-01 00:00:00+00:00, run_after=2025-12-01 00:00:00+00:00
[2025-10-30T06:43:55.178+0000] {processor.py:183} INFO - Processing /opt/airflow/dags/data_ingestion.py took 0.876 seconds
[2025-10-30T06:44:25.925+0000] {processor.py:161} INFO - Started process (PID=9320) to work on /opt/airflow/dags/data_ingestion.py
[2025-10-30T06:44:25.928+0000] {processor.py:830} INFO - Processing file /opt/airflow/dags/data_ingestion.py for tasks to queue
[2025-10-30T06:44:25.932+0000] {logging_mixin.py:188} INFO - [2025-10-30T06:44:25.932+0000] {dagbag.py:545} INFO - Filling up the DagBag from /opt/airflow/dags/data_ingestion.py
[2025-10-30T06:44:26.673+0000] {processor.py:840} INFO - DAG(s) 'police_data_ingestion' retrieved from /opt/airflow/dags/data_ingestion.py
[2025-10-30T06:44:26.741+0000] {logging_mixin.py:188} INFO - [2025-10-30T06:44:26.740+0000] {dag.py:3096} INFO - Sync 1 DAGs
[2025-10-30T06:44:26.805+0000] {logging_mixin.py:188} INFO - [2025-10-30T06:44:26.804+0000] {dag.py:3954} INFO - Setting next_dagrun for police_data_ingestion to 2025-11-01 00:00:00+00:00, run_after=2025-12-01 00:00:00+00:00
[2025-10-30T06:44:26.855+0000] {processor.py:183} INFO - Processing /opt/airflow/dags/data_ingestion.py took 0.944 seconds
[2025-10-30T06:44:57.527+0000] {processor.py:161} INFO - Started process (PID=9332) to work on /opt/airflow/dags/data_ingestion.py
[2025-10-30T06:44:57.530+0000] {processor.py:830} INFO - Processing file /opt/airflow/dags/data_ingestion.py for tasks to queue
[2025-10-30T06:44:57.534+0000] {logging_mixin.py:188} INFO - [2025-10-30T06:44:57.533+0000] {dagbag.py:545} INFO - Filling up the DagBag from /opt/airflow/dags/data_ingestion.py
[2025-10-30T06:44:58.157+0000] {processor.py:840} INFO - DAG(s) 'police_data_ingestion' retrieved from /opt/airflow/dags/data_ingestion.py
[2025-10-30T06:44:58.214+0000] {logging_mixin.py:188} INFO - [2025-10-30T06:44:58.213+0000] {dag.py:3096} INFO - Sync 1 DAGs
[2025-10-30T06:44:58.247+0000] {logging_mixin.py:188} INFO - [2025-10-30T06:44:58.247+0000] {dag.py:3954} INFO - Setting next_dagrun for police_data_ingestion to 2025-11-01 00:00:00+00:00, run_after=2025-12-01 00:00:00+00:00
[2025-10-30T06:44:58.288+0000] {processor.py:183} INFO - Processing /opt/airflow/dags/data_ingestion.py took 0.771 seconds
[2025-10-30T06:45:29.026+0000] {processor.py:161} INFO - Started process (PID=9344) to work on /opt/airflow/dags/data_ingestion.py
[2025-10-30T06:45:29.029+0000] {processor.py:830} INFO - Processing file /opt/airflow/dags/data_ingestion.py for tasks to queue
[2025-10-30T06:45:29.035+0000] {logging_mixin.py:188} INFO - [2025-10-30T06:45:29.034+0000] {dagbag.py:545} INFO - Filling up the DagBag from /opt/airflow/dags/data_ingestion.py
[2025-10-30T06:45:29.914+0000] {processor.py:840} INFO - DAG(s) 'police_data_ingestion' retrieved from /opt/airflow/dags/data_ingestion.py
[2025-10-30T06:45:30.016+0000] {logging_mixin.py:188} INFO - [2025-10-30T06:45:30.015+0000] {dag.py:3096} INFO - Sync 1 DAGs
[2025-10-30T06:45:30.088+0000] {logging_mixin.py:188} INFO - [2025-10-30T06:45:30.087+0000] {dag.py:3954} INFO - Setting next_dagrun for police_data_ingestion to 2025-11-01 00:00:00+00:00, run_after=2025-12-01 00:00:00+00:00
[2025-10-30T06:45:30.149+0000] {processor.py:183} INFO - Processing /opt/airflow/dags/data_ingestion.py took 1.142 seconds
[2025-10-30T06:46:00.726+0000] {processor.py:161} INFO - Started process (PID=9356) to work on /opt/airflow/dags/data_ingestion.py
[2025-10-30T06:46:00.729+0000] {processor.py:830} INFO - Processing file /opt/airflow/dags/data_ingestion.py for tasks to queue
[2025-10-30T06:46:00.733+0000] {logging_mixin.py:188} INFO - [2025-10-30T06:46:00.732+0000] {dagbag.py:545} INFO - Filling up the DagBag from /opt/airflow/dags/data_ingestion.py
[2025-10-30T06:46:01.400+0000] {processor.py:840} INFO - DAG(s) 'police_data_ingestion' retrieved from /opt/airflow/dags/data_ingestion.py
[2025-10-30T06:46:01.503+0000] {logging_mixin.py:188} INFO - [2025-10-30T06:46:01.502+0000] {dag.py:3096} INFO - Sync 1 DAGs
[2025-10-30T06:46:01.568+0000] {logging_mixin.py:188} INFO - [2025-10-30T06:46:01.567+0000] {dag.py:3954} INFO - Setting next_dagrun for police_data_ingestion to 2025-11-01 00:00:00+00:00, run_after=2025-12-01 00:00:00+00:00
[2025-10-30T06:46:01.622+0000] {processor.py:183} INFO - Processing /opt/airflow/dags/data_ingestion.py took 0.909 seconds
[2025-10-30T06:46:32.402+0000] {processor.py:161} INFO - Started process (PID=9368) to work on /opt/airflow/dags/data_ingestion.py
[2025-10-30T06:46:32.405+0000] {processor.py:830} INFO - Processing file /opt/airflow/dags/data_ingestion.py for tasks to queue
[2025-10-30T06:46:32.409+0000] {logging_mixin.py:188} INFO - [2025-10-30T06:46:32.408+0000] {dagbag.py:545} INFO - Filling up the DagBag from /opt/airflow/dags/data_ingestion.py
[2025-10-30T06:46:33.805+0000] {processor.py:840} INFO - DAG(s) 'police_data_ingestion' retrieved from /opt/airflow/dags/data_ingestion.py
[2025-10-30T06:46:33.872+0000] {logging_mixin.py:188} INFO - [2025-10-30T06:46:33.871+0000] {dag.py:3096} INFO - Sync 1 DAGs
[2025-10-30T06:46:33.919+0000] {logging_mixin.py:188} INFO - [2025-10-30T06:46:33.919+0000] {dag.py:3954} INFO - Setting next_dagrun for police_data_ingestion to 2025-11-01 00:00:00+00:00, run_after=2025-12-01 00:00:00+00:00
[2025-10-30T06:46:33.971+0000] {processor.py:183} INFO - Processing /opt/airflow/dags/data_ingestion.py took 1.586 seconds
[2025-10-30T06:47:04.729+0000] {processor.py:161} INFO - Started process (PID=9380) to work on /opt/airflow/dags/data_ingestion.py
[2025-10-30T06:47:04.732+0000] {processor.py:830} INFO - Processing file /opt/airflow/dags/data_ingestion.py for tasks to queue
[2025-10-30T06:47:04.736+0000] {logging_mixin.py:188} INFO - [2025-10-30T06:47:04.735+0000] {dagbag.py:545} INFO - Filling up the DagBag from /opt/airflow/dags/data_ingestion.py
[2025-10-30T06:47:05.506+0000] {processor.py:840} INFO - DAG(s) 'police_data_ingestion' retrieved from /opt/airflow/dags/data_ingestion.py
[2025-10-30T06:47:05.580+0000] {logging_mixin.py:188} INFO - [2025-10-30T06:47:05.579+0000] {dag.py:3096} INFO - Sync 1 DAGs
[2025-10-30T06:47:05.626+0000] {logging_mixin.py:188} INFO - [2025-10-30T06:47:05.625+0000] {dag.py:3954} INFO - Setting next_dagrun for police_data_ingestion to 2025-11-01 00:00:00+00:00, run_after=2025-12-01 00:00:00+00:00
[2025-10-30T06:47:05.686+0000] {processor.py:183} INFO - Processing /opt/airflow/dags/data_ingestion.py took 0.971 seconds
[2025-10-30T06:47:36.302+0000] {processor.py:161} INFO - Started process (PID=9392) to work on /opt/airflow/dags/data_ingestion.py
[2025-10-30T06:47:36.304+0000] {processor.py:830} INFO - Processing file /opt/airflow/dags/data_ingestion.py for tasks to queue
[2025-10-30T06:47:36.309+0000] {logging_mixin.py:188} INFO - [2025-10-30T06:47:36.308+0000] {dagbag.py:545} INFO - Filling up the DagBag from /opt/airflow/dags/data_ingestion.py
[2025-10-30T06:47:37.099+0000] {processor.py:840} INFO - DAG(s) 'police_data_ingestion' retrieved from /opt/airflow/dags/data_ingestion.py
[2025-10-30T06:47:37.178+0000] {logging_mixin.py:188} INFO - [2025-10-30T06:47:37.176+0000] {dag.py:3096} INFO - Sync 1 DAGs
[2025-10-30T06:47:37.243+0000] {logging_mixin.py:188} INFO - [2025-10-30T06:47:37.243+0000] {dag.py:3954} INFO - Setting next_dagrun for police_data_ingestion to 2025-11-01 00:00:00+00:00, run_after=2025-12-01 00:00:00+00:00
[2025-10-30T06:47:37.299+0000] {processor.py:183} INFO - Processing /opt/airflow/dags/data_ingestion.py took 1.011 seconds
[2025-10-30T06:48:08.142+0000] {processor.py:161} INFO - Started process (PID=9404) to work on /opt/airflow/dags/data_ingestion.py
[2025-10-30T06:48:08.145+0000] {processor.py:830} INFO - Processing file /opt/airflow/dags/data_ingestion.py for tasks to queue
[2025-10-30T06:48:08.149+0000] {logging_mixin.py:188} INFO - [2025-10-30T06:48:08.148+0000] {dagbag.py:545} INFO - Filling up the DagBag from /opt/airflow/dags/data_ingestion.py
[2025-10-30T06:48:08.765+0000] {processor.py:840} INFO - DAG(s) 'police_data_ingestion' retrieved from /opt/airflow/dags/data_ingestion.py
[2025-10-30T06:48:08.835+0000] {logging_mixin.py:188} INFO - [2025-10-30T06:48:08.834+0000] {dag.py:3096} INFO - Sync 1 DAGs
[2025-10-30T06:48:08.891+0000] {logging_mixin.py:188} INFO - [2025-10-30T06:48:08.890+0000] {dag.py:3954} INFO - Setting next_dagrun for police_data_ingestion to 2025-11-01 00:00:00+00:00, run_after=2025-12-01 00:00:00+00:00
[2025-10-30T06:48:08.951+0000] {processor.py:183} INFO - Processing /opt/airflow/dags/data_ingestion.py took 0.827 seconds
[2025-10-30T06:48:39.721+0000] {processor.py:161} INFO - Started process (PID=9416) to work on /opt/airflow/dags/data_ingestion.py
[2025-10-30T06:48:39.724+0000] {processor.py:830} INFO - Processing file /opt/airflow/dags/data_ingestion.py for tasks to queue
[2025-10-30T06:48:39.731+0000] {logging_mixin.py:188} INFO - [2025-10-30T06:48:39.730+0000] {dagbag.py:545} INFO - Filling up the DagBag from /opt/airflow/dags/data_ingestion.py
[2025-10-30T06:48:40.433+0000] {processor.py:840} INFO - DAG(s) 'police_data_ingestion' retrieved from /opt/airflow/dags/data_ingestion.py
[2025-10-30T06:48:40.491+0000] {logging_mixin.py:188} INFO - [2025-10-30T06:48:40.490+0000] {dag.py:3096} INFO - Sync 1 DAGs
[2025-10-30T06:48:40.530+0000] {logging_mixin.py:188} INFO - [2025-10-30T06:48:40.529+0000] {dag.py:3954} INFO - Setting next_dagrun for police_data_ingestion to 2025-11-01 00:00:00+00:00, run_after=2025-12-01 00:00:00+00:00
[2025-10-30T06:48:40.577+0000] {processor.py:183} INFO - Processing /opt/airflow/dags/data_ingestion.py took 0.881 seconds
[2025-10-30T06:49:11.338+0000] {processor.py:161} INFO - Started process (PID=9428) to work on /opt/airflow/dags/data_ingestion.py
[2025-10-30T06:49:11.341+0000] {processor.py:830} INFO - Processing file /opt/airflow/dags/data_ingestion.py for tasks to queue
[2025-10-30T06:49:11.344+0000] {logging_mixin.py:188} INFO - [2025-10-30T06:49:11.344+0000] {dagbag.py:545} INFO - Filling up the DagBag from /opt/airflow/dags/data_ingestion.py
[2025-10-30T06:49:12.046+0000] {processor.py:840} INFO - DAG(s) 'police_data_ingestion' retrieved from /opt/airflow/dags/data_ingestion.py
[2025-10-30T06:49:12.109+0000] {logging_mixin.py:188} INFO - [2025-10-30T06:49:12.108+0000] {dag.py:3096} INFO - Sync 1 DAGs
[2025-10-30T06:49:12.153+0000] {logging_mixin.py:188} INFO - [2025-10-30T06:49:12.153+0000] {dag.py:3954} INFO - Setting next_dagrun for police_data_ingestion to 2025-11-01 00:00:00+00:00, run_after=2025-12-01 00:00:00+00:00
[2025-10-30T06:49:12.191+0000] {processor.py:183} INFO - Processing /opt/airflow/dags/data_ingestion.py took 0.864 seconds
[2025-10-30T06:49:42.905+0000] {processor.py:161} INFO - Started process (PID=9440) to work on /opt/airflow/dags/data_ingestion.py
[2025-10-30T06:49:42.907+0000] {processor.py:830} INFO - Processing file /opt/airflow/dags/data_ingestion.py for tasks to queue
[2025-10-30T06:49:42.912+0000] {logging_mixin.py:188} INFO - [2025-10-30T06:49:42.911+0000] {dagbag.py:545} INFO - Filling up the DagBag from /opt/airflow/dags/data_ingestion.py
[2025-10-30T06:49:43.670+0000] {processor.py:840} INFO - DAG(s) 'police_data_ingestion' retrieved from /opt/airflow/dags/data_ingestion.py
[2025-10-30T06:49:43.730+0000] {logging_mixin.py:188} INFO - [2025-10-30T06:49:43.729+0000] {dag.py:3096} INFO - Sync 1 DAGs
[2025-10-30T06:49:43.770+0000] {logging_mixin.py:188} INFO - [2025-10-30T06:49:43.769+0000] {dag.py:3954} INFO - Setting next_dagrun for police_data_ingestion to 2025-11-01 00:00:00+00:00, run_after=2025-12-01 00:00:00+00:00
[2025-10-30T06:49:43.828+0000] {processor.py:183} INFO - Processing /opt/airflow/dags/data_ingestion.py took 0.937 seconds
[2025-10-30T06:50:14.209+0000] {processor.py:161} INFO - Started process (PID=9452) to work on /opt/airflow/dags/data_ingestion.py
[2025-10-30T06:50:14.212+0000] {processor.py:830} INFO - Processing file /opt/airflow/dags/data_ingestion.py for tasks to queue
[2025-10-30T06:50:14.216+0000] {logging_mixin.py:188} INFO - [2025-10-30T06:50:14.216+0000] {dagbag.py:545} INFO - Filling up the DagBag from /opt/airflow/dags/data_ingestion.py
[2025-10-30T06:50:14.835+0000] {processor.py:840} INFO - DAG(s) 'police_data_ingestion' retrieved from /opt/airflow/dags/data_ingestion.py
[2025-10-30T06:50:14.895+0000] {logging_mixin.py:188} INFO - [2025-10-30T06:50:14.894+0000] {dag.py:3096} INFO - Sync 1 DAGs
[2025-10-30T06:50:15.175+0000] {logging_mixin.py:188} INFO - [2025-10-30T06:50:15.174+0000] {dag.py:3954} INFO - Setting next_dagrun for police_data_ingestion to 2025-11-01 00:00:00+00:00, run_after=2025-12-01 00:00:00+00:00
[2025-10-30T06:50:15.231+0000] {processor.py:183} INFO - Processing /opt/airflow/dags/data_ingestion.py took 1.034 seconds
[2025-10-30T06:50:45.955+0000] {processor.py:161} INFO - Started process (PID=9464) to work on /opt/airflow/dags/data_ingestion.py
[2025-10-30T06:50:45.957+0000] {processor.py:830} INFO - Processing file /opt/airflow/dags/data_ingestion.py for tasks to queue
[2025-10-30T06:50:45.961+0000] {logging_mixin.py:188} INFO - [2025-10-30T06:50:45.961+0000] {dagbag.py:545} INFO - Filling up the DagBag from /opt/airflow/dags/data_ingestion.py
[2025-10-30T06:50:46.588+0000] {processor.py:840} INFO - DAG(s) 'police_data_ingestion' retrieved from /opt/airflow/dags/data_ingestion.py
[2025-10-30T06:50:46.669+0000] {logging_mixin.py:188} INFO - [2025-10-30T06:50:46.668+0000] {dag.py:3096} INFO - Sync 1 DAGs
[2025-10-30T06:50:46.711+0000] {logging_mixin.py:188} INFO - [2025-10-30T06:50:46.711+0000] {dag.py:3954} INFO - Setting next_dagrun for police_data_ingestion to 2025-11-01 00:00:00+00:00, run_after=2025-12-01 00:00:00+00:00
[2025-10-30T06:50:46.746+0000] {processor.py:183} INFO - Processing /opt/airflow/dags/data_ingestion.py took 0.803 seconds
[2025-10-30T06:51:17.467+0000] {processor.py:161} INFO - Started process (PID=9476) to work on /opt/airflow/dags/data_ingestion.py
[2025-10-30T06:51:17.470+0000] {processor.py:830} INFO - Processing file /opt/airflow/dags/data_ingestion.py for tasks to queue
[2025-10-30T06:51:17.474+0000] {logging_mixin.py:188} INFO - [2025-10-30T06:51:17.474+0000] {dagbag.py:545} INFO - Filling up the DagBag from /opt/airflow/dags/data_ingestion.py
[2025-10-30T06:51:18.092+0000] {processor.py:840} INFO - DAG(s) 'police_data_ingestion' retrieved from /opt/airflow/dags/data_ingestion.py
[2025-10-30T06:51:18.171+0000] {logging_mixin.py:188} INFO - [2025-10-30T06:51:18.170+0000] {dag.py:3096} INFO - Sync 1 DAGs
[2025-10-30T06:51:18.223+0000] {logging_mixin.py:188} INFO - [2025-10-30T06:51:18.223+0000] {dag.py:3954} INFO - Setting next_dagrun for police_data_ingestion to 2025-11-01 00:00:00+00:00, run_after=2025-12-01 00:00:00+00:00
[2025-10-30T06:51:18.278+0000] {processor.py:183} INFO - Processing /opt/airflow/dags/data_ingestion.py took 0.825 seconds
[2025-10-30T06:51:48.981+0000] {processor.py:161} INFO - Started process (PID=9488) to work on /opt/airflow/dags/data_ingestion.py
[2025-10-30T06:51:48.984+0000] {processor.py:830} INFO - Processing file /opt/airflow/dags/data_ingestion.py for tasks to queue
[2025-10-30T06:51:48.989+0000] {logging_mixin.py:188} INFO - [2025-10-30T06:51:48.988+0000] {dagbag.py:545} INFO - Filling up the DagBag from /opt/airflow/dags/data_ingestion.py
[2025-10-30T06:51:49.843+0000] {processor.py:840} INFO - DAG(s) 'police_data_ingestion' retrieved from /opt/airflow/dags/data_ingestion.py
[2025-10-30T06:51:49.916+0000] {logging_mixin.py:188} INFO - [2025-10-30T06:51:49.916+0000] {dag.py:3096} INFO - Sync 1 DAGs
[2025-10-30T06:51:49.958+0000] {logging_mixin.py:188} INFO - [2025-10-30T06:51:49.958+0000] {dag.py:3954} INFO - Setting next_dagrun for police_data_ingestion to 2025-11-01 00:00:00+00:00, run_after=2025-12-01 00:00:00+00:00
[2025-10-30T06:51:50.005+0000] {processor.py:183} INFO - Processing /opt/airflow/dags/data_ingestion.py took 1.040 seconds
[2025-10-30T06:52:20.662+0000] {processor.py:161} INFO - Started process (PID=9500) to work on /opt/airflow/dags/data_ingestion.py
[2025-10-30T06:52:20.665+0000] {processor.py:830} INFO - Processing file /opt/airflow/dags/data_ingestion.py for tasks to queue
[2025-10-30T06:52:20.669+0000] {logging_mixin.py:188} INFO - [2025-10-30T06:52:20.668+0000] {dagbag.py:545} INFO - Filling up the DagBag from /opt/airflow/dags/data_ingestion.py
[2025-10-30T06:52:21.318+0000] {processor.py:840} INFO - DAG(s) 'police_data_ingestion' retrieved from /opt/airflow/dags/data_ingestion.py
[2025-10-30T06:52:21.393+0000] {logging_mixin.py:188} INFO - [2025-10-30T06:52:21.392+0000] {dag.py:3096} INFO - Sync 1 DAGs
[2025-10-30T06:52:21.687+0000] {logging_mixin.py:188} INFO - [2025-10-30T06:52:21.687+0000] {dag.py:3954} INFO - Setting next_dagrun for police_data_ingestion to 2025-11-01 00:00:00+00:00, run_after=2025-12-01 00:00:00+00:00
[2025-10-30T06:52:21.745+0000] {processor.py:183} INFO - Processing /opt/airflow/dags/data_ingestion.py took 1.096 seconds
[2025-10-30T06:52:51.950+0000] {processor.py:161} INFO - Started process (PID=9512) to work on /opt/airflow/dags/data_ingestion.py
[2025-10-30T06:52:51.953+0000] {processor.py:830} INFO - Processing file /opt/airflow/dags/data_ingestion.py for tasks to queue
[2025-10-30T06:52:51.959+0000] {logging_mixin.py:188} INFO - [2025-10-30T06:52:51.958+0000] {dagbag.py:545} INFO - Filling up the DagBag from /opt/airflow/dags/data_ingestion.py
[2025-10-30T06:52:52.567+0000] {processor.py:840} INFO - DAG(s) 'police_data_ingestion' retrieved from /opt/airflow/dags/data_ingestion.py
[2025-10-30T06:52:52.626+0000] {logging_mixin.py:188} INFO - [2025-10-30T06:52:52.625+0000] {dag.py:3096} INFO - Sync 1 DAGs
[2025-10-30T06:52:52.662+0000] {logging_mixin.py:188} INFO - [2025-10-30T06:52:52.661+0000] {dag.py:3954} INFO - Setting next_dagrun for police_data_ingestion to 2025-11-01 00:00:00+00:00, run_after=2025-12-01 00:00:00+00:00
[2025-10-30T06:52:52.716+0000] {processor.py:183} INFO - Processing /opt/airflow/dags/data_ingestion.py took 0.786 seconds
[2025-10-30T06:53:23.045+0000] {processor.py:161} INFO - Started process (PID=9524) to work on /opt/airflow/dags/data_ingestion.py
[2025-10-30T06:53:23.047+0000] {processor.py:830} INFO - Processing file /opt/airflow/dags/data_ingestion.py for tasks to queue
[2025-10-30T06:53:23.051+0000] {logging_mixin.py:188} INFO - [2025-10-30T06:53:23.050+0000] {dagbag.py:545} INFO - Filling up the DagBag from /opt/airflow/dags/data_ingestion.py
[2025-10-30T06:53:23.658+0000] {processor.py:840} INFO - DAG(s) 'police_data_ingestion' retrieved from /opt/airflow/dags/data_ingestion.py
[2025-10-30T06:53:23.728+0000] {logging_mixin.py:188} INFO - [2025-10-30T06:53:23.728+0000] {dag.py:3096} INFO - Sync 1 DAGs
[2025-10-30T06:53:23.764+0000] {logging_mixin.py:188} INFO - [2025-10-30T06:53:23.764+0000] {dag.py:3954} INFO - Setting next_dagrun for police_data_ingestion to 2025-11-01 00:00:00+00:00, run_after=2025-12-01 00:00:00+00:00
[2025-10-30T06:53:23.843+0000] {processor.py:183} INFO - Processing /opt/airflow/dags/data_ingestion.py took 0.809 seconds
[2025-10-30T06:53:54.465+0000] {processor.py:161} INFO - Started process (PID=9536) to work on /opt/airflow/dags/data_ingestion.py
[2025-10-30T06:53:54.468+0000] {processor.py:830} INFO - Processing file /opt/airflow/dags/data_ingestion.py for tasks to queue
[2025-10-30T06:53:54.472+0000] {logging_mixin.py:188} INFO - [2025-10-30T06:53:54.472+0000] {dagbag.py:545} INFO - Filling up the DagBag from /opt/airflow/dags/data_ingestion.py
[2025-10-30T06:53:55.222+0000] {processor.py:840} INFO - DAG(s) 'police_data_ingestion' retrieved from /opt/airflow/dags/data_ingestion.py
[2025-10-30T06:53:55.301+0000] {logging_mixin.py:188} INFO - [2025-10-30T06:53:55.300+0000] {dag.py:3096} INFO - Sync 1 DAGs
[2025-10-30T06:53:55.346+0000] {logging_mixin.py:188} INFO - [2025-10-30T06:53:55.345+0000] {dag.py:3954} INFO - Setting next_dagrun for police_data_ingestion to 2025-11-01 00:00:00+00:00, run_after=2025-12-01 00:00:00+00:00
[2025-10-30T06:53:55.390+0000] {processor.py:183} INFO - Processing /opt/airflow/dags/data_ingestion.py took 0.942 seconds
[2025-10-30T06:54:26.198+0000] {processor.py:161} INFO - Started process (PID=9548) to work on /opt/airflow/dags/data_ingestion.py
[2025-10-30T06:54:26.200+0000] {processor.py:830} INFO - Processing file /opt/airflow/dags/data_ingestion.py for tasks to queue
[2025-10-30T06:54:26.204+0000] {logging_mixin.py:188} INFO - [2025-10-30T06:54:26.204+0000] {dagbag.py:545} INFO - Filling up the DagBag from /opt/airflow/dags/data_ingestion.py
[2025-10-30T06:54:26.900+0000] {processor.py:840} INFO - DAG(s) 'police_data_ingestion' retrieved from /opt/airflow/dags/data_ingestion.py
[2025-10-30T06:54:26.971+0000] {logging_mixin.py:188} INFO - [2025-10-30T06:54:26.969+0000] {dag.py:3096} INFO - Sync 1 DAGs
[2025-10-30T06:54:27.271+0000] {logging_mixin.py:188} INFO - [2025-10-30T06:54:27.271+0000] {dag.py:3954} INFO - Setting next_dagrun for police_data_ingestion to 2025-11-01 00:00:00+00:00, run_after=2025-12-01 00:00:00+00:00
[2025-10-30T06:54:27.328+0000] {processor.py:183} INFO - Processing /opt/airflow/dags/data_ingestion.py took 1.142 seconds
[2025-10-30T06:54:58.050+0000] {processor.py:161} INFO - Started process (PID=9560) to work on /opt/airflow/dags/data_ingestion.py
[2025-10-30T06:54:58.053+0000] {processor.py:830} INFO - Processing file /opt/airflow/dags/data_ingestion.py for tasks to queue
[2025-10-30T06:54:58.057+0000] {logging_mixin.py:188} INFO - [2025-10-30T06:54:58.056+0000] {dagbag.py:545} INFO - Filling up the DagBag from /opt/airflow/dags/data_ingestion.py
[2025-10-30T06:54:58.630+0000] {processor.py:840} INFO - DAG(s) 'police_data_ingestion' retrieved from /opt/airflow/dags/data_ingestion.py
[2025-10-30T06:54:58.686+0000] {logging_mixin.py:188} INFO - [2025-10-30T06:54:58.685+0000] {dag.py:3096} INFO - Sync 1 DAGs
[2025-10-30T06:54:58.739+0000] {logging_mixin.py:188} INFO - [2025-10-30T06:54:58.738+0000] {dag.py:3954} INFO - Setting next_dagrun for police_data_ingestion to 2025-11-01 00:00:00+00:00, run_after=2025-12-01 00:00:00+00:00
[2025-10-30T06:54:58.778+0000] {processor.py:183} INFO - Processing /opt/airflow/dags/data_ingestion.py took 0.741 seconds
[2025-10-30T06:55:29.523+0000] {processor.py:161} INFO - Started process (PID=9572) to work on /opt/airflow/dags/data_ingestion.py
[2025-10-30T06:55:29.526+0000] {processor.py:830} INFO - Processing file /opt/airflow/dags/data_ingestion.py for tasks to queue
[2025-10-30T06:55:29.529+0000] {logging_mixin.py:188} INFO - [2025-10-30T06:55:29.529+0000] {dagbag.py:545} INFO - Filling up the DagBag from /opt/airflow/dags/data_ingestion.py
[2025-10-30T06:55:30.116+0000] {processor.py:840} INFO - DAG(s) 'police_data_ingestion' retrieved from /opt/airflow/dags/data_ingestion.py
[2025-10-30T06:55:30.170+0000] {logging_mixin.py:188} INFO - [2025-10-30T06:55:30.170+0000] {dag.py:3096} INFO - Sync 1 DAGs
[2025-10-30T06:55:30.206+0000] {logging_mixin.py:188} INFO - [2025-10-30T06:55:30.205+0000] {dag.py:3954} INFO - Setting next_dagrun for police_data_ingestion to 2025-11-01 00:00:00+00:00, run_after=2025-12-01 00:00:00+00:00
[2025-10-30T06:55:30.258+0000] {processor.py:183} INFO - Processing /opt/airflow/dags/data_ingestion.py took 0.747 seconds
[2025-10-30T06:56:01.015+0000] {processor.py:161} INFO - Started process (PID=9584) to work on /opt/airflow/dags/data_ingestion.py
[2025-10-30T06:56:01.018+0000] {processor.py:830} INFO - Processing file /opt/airflow/dags/data_ingestion.py for tasks to queue
[2025-10-30T06:56:01.022+0000] {logging_mixin.py:188} INFO - [2025-10-30T06:56:01.021+0000] {dagbag.py:545} INFO - Filling up the DagBag from /opt/airflow/dags/data_ingestion.py
[2025-10-30T06:56:01.664+0000] {processor.py:840} INFO - DAG(s) 'police_data_ingestion' retrieved from /opt/airflow/dags/data_ingestion.py
[2025-10-30T06:56:01.719+0000] {logging_mixin.py:188} INFO - [2025-10-30T06:56:01.718+0000] {dag.py:3096} INFO - Sync 1 DAGs
[2025-10-30T06:56:01.757+0000] {logging_mixin.py:188} INFO - [2025-10-30T06:56:01.757+0000] {dag.py:3954} INFO - Setting next_dagrun for police_data_ingestion to 2025-11-01 00:00:00+00:00, run_after=2025-12-01 00:00:00+00:00
[2025-10-30T06:56:01.816+0000] {processor.py:183} INFO - Processing /opt/airflow/dags/data_ingestion.py took 0.816 seconds
[2025-10-30T06:56:32.631+0000] {processor.py:161} INFO - Started process (PID=9596) to work on /opt/airflow/dags/data_ingestion.py
[2025-10-30T06:56:32.634+0000] {processor.py:830} INFO - Processing file /opt/airflow/dags/data_ingestion.py for tasks to queue
[2025-10-30T06:56:32.639+0000] {logging_mixin.py:188} INFO - [2025-10-30T06:56:32.638+0000] {dagbag.py:545} INFO - Filling up the DagBag from /opt/airflow/dags/data_ingestion.py
[2025-10-30T06:56:33.336+0000] {processor.py:840} INFO - DAG(s) 'police_data_ingestion' retrieved from /opt/airflow/dags/data_ingestion.py
[2025-10-30T06:56:33.412+0000] {logging_mixin.py:188} INFO - [2025-10-30T06:56:33.411+0000] {dag.py:3096} INFO - Sync 1 DAGs
[2025-10-30T06:56:33.709+0000] {logging_mixin.py:188} INFO - [2025-10-30T06:56:33.709+0000] {dag.py:3954} INFO - Setting next_dagrun for police_data_ingestion to 2025-11-01 00:00:00+00:00, run_after=2025-12-01 00:00:00+00:00
[2025-10-30T06:56:33.769+0000] {processor.py:183} INFO - Processing /opt/airflow/dags/data_ingestion.py took 1.155 seconds
[2025-10-30T06:57:04.373+0000] {processor.py:161} INFO - Started process (PID=9608) to work on /opt/airflow/dags/data_ingestion.py
[2025-10-30T06:57:04.376+0000] {processor.py:830} INFO - Processing file /opt/airflow/dags/data_ingestion.py for tasks to queue
[2025-10-30T06:57:04.380+0000] {logging_mixin.py:188} INFO - [2025-10-30T06:57:04.379+0000] {dagbag.py:545} INFO - Filling up the DagBag from /opt/airflow/dags/data_ingestion.py
[2025-10-30T06:57:05.098+0000] {processor.py:840} INFO - DAG(s) 'police_data_ingestion' retrieved from /opt/airflow/dags/data_ingestion.py
[2025-10-30T06:57:05.159+0000] {logging_mixin.py:188} INFO - [2025-10-30T06:57:05.158+0000] {dag.py:3096} INFO - Sync 1 DAGs
[2025-10-30T06:57:05.441+0000] {logging_mixin.py:188} INFO - [2025-10-30T06:57:05.441+0000] {dag.py:3954} INFO - Setting next_dagrun for police_data_ingestion to 2025-11-01 00:00:00+00:00, run_after=2025-12-01 00:00:00+00:00
[2025-10-30T06:57:05.487+0000] {processor.py:183} INFO - Processing /opt/airflow/dags/data_ingestion.py took 1.126 seconds
[2025-10-30T06:57:35.997+0000] {processor.py:161} INFO - Started process (PID=9620) to work on /opt/airflow/dags/data_ingestion.py
[2025-10-30T06:57:35.999+0000] {processor.py:830} INFO - Processing file /opt/airflow/dags/data_ingestion.py for tasks to queue
[2025-10-30T06:57:36.006+0000] {logging_mixin.py:188} INFO - [2025-10-30T06:57:36.005+0000] {dagbag.py:545} INFO - Filling up the DagBag from /opt/airflow/dags/data_ingestion.py
[2025-10-30T06:57:36.661+0000] {processor.py:840} INFO - DAG(s) 'police_data_ingestion' retrieved from /opt/airflow/dags/data_ingestion.py
[2025-10-30T06:57:36.721+0000] {logging_mixin.py:188} INFO - [2025-10-30T06:57:36.720+0000] {dag.py:3096} INFO - Sync 1 DAGs
[2025-10-30T06:57:36.765+0000] {logging_mixin.py:188} INFO - [2025-10-30T06:57:36.765+0000] {dag.py:3954} INFO - Setting next_dagrun for police_data_ingestion to 2025-11-01 00:00:00+00:00, run_after=2025-12-01 00:00:00+00:00
[2025-10-30T06:57:36.805+0000] {processor.py:183} INFO - Processing /opt/airflow/dags/data_ingestion.py took 0.828 seconds
[2025-10-30T06:58:07.748+0000] {processor.py:161} INFO - Started process (PID=9632) to work on /opt/airflow/dags/data_ingestion.py
[2025-10-30T06:58:07.750+0000] {processor.py:830} INFO - Processing file /opt/airflow/dags/data_ingestion.py for tasks to queue
[2025-10-30T06:58:07.754+0000] {logging_mixin.py:188} INFO - [2025-10-30T06:58:07.753+0000] {dagbag.py:545} INFO - Filling up the DagBag from /opt/airflow/dags/data_ingestion.py
[2025-10-30T06:58:08.349+0000] {processor.py:840} INFO - DAG(s) 'police_data_ingestion' retrieved from /opt/airflow/dags/data_ingestion.py
[2025-10-30T06:58:08.415+0000] {logging_mixin.py:188} INFO - [2025-10-30T06:58:08.414+0000] {dag.py:3096} INFO - Sync 1 DAGs
[2025-10-30T06:58:08.474+0000] {logging_mixin.py:188} INFO - [2025-10-30T06:58:08.474+0000] {dag.py:3954} INFO - Setting next_dagrun for police_data_ingestion to 2025-11-01 00:00:00+00:00, run_after=2025-12-01 00:00:00+00:00
[2025-10-30T06:58:08.531+0000] {processor.py:183} INFO - Processing /opt/airflow/dags/data_ingestion.py took 0.795 seconds
[2025-10-30T06:58:38.713+0000] {processor.py:161} INFO - Started process (PID=9644) to work on /opt/airflow/dags/data_ingestion.py
[2025-10-30T06:58:38.715+0000] {processor.py:830} INFO - Processing file /opt/airflow/dags/data_ingestion.py for tasks to queue
[2025-10-30T06:58:38.719+0000] {logging_mixin.py:188} INFO - [2025-10-30T06:58:38.718+0000] {dagbag.py:545} INFO - Filling up the DagBag from /opt/airflow/dags/data_ingestion.py
[2025-10-30T06:58:39.537+0000] {processor.py:840} INFO - DAG(s) 'police_data_ingestion' retrieved from /opt/airflow/dags/data_ingestion.py
[2025-10-30T06:58:39.616+0000] {logging_mixin.py:188} INFO - [2025-10-30T06:58:39.615+0000] {dag.py:3096} INFO - Sync 1 DAGs
[2025-10-30T06:58:39.912+0000] {logging_mixin.py:188} INFO - [2025-10-30T06:58:39.911+0000] {dag.py:3954} INFO - Setting next_dagrun for police_data_ingestion to 2025-11-01 00:00:00+00:00, run_after=2025-12-01 00:00:00+00:00
[2025-10-30T06:58:39.970+0000] {processor.py:183} INFO - Processing /opt/airflow/dags/data_ingestion.py took 1.268 seconds
[2025-10-30T06:59:10.484+0000] {processor.py:161} INFO - Started process (PID=9656) to work on /opt/airflow/dags/data_ingestion.py
[2025-10-30T06:59:10.492+0000] {processor.py:830} INFO - Processing file /opt/airflow/dags/data_ingestion.py for tasks to queue
[2025-10-30T06:59:10.506+0000] {logging_mixin.py:188} INFO - [2025-10-30T06:59:10.504+0000] {dagbag.py:545} INFO - Filling up the DagBag from /opt/airflow/dags/data_ingestion.py
[2025-10-30T06:59:11.285+0000] {processor.py:840} INFO - DAG(s) 'police_data_ingestion' retrieved from /opt/airflow/dags/data_ingestion.py
[2025-10-30T06:59:11.350+0000] {logging_mixin.py:188} INFO - [2025-10-30T06:59:11.349+0000] {dag.py:3096} INFO - Sync 1 DAGs
[2025-10-30T06:59:11.640+0000] {logging_mixin.py:188} INFO - [2025-10-30T06:59:11.639+0000] {dag.py:3954} INFO - Setting next_dagrun for police_data_ingestion to 2025-11-01 00:00:00+00:00, run_after=2025-12-01 00:00:00+00:00
[2025-10-30T06:59:11.688+0000] {processor.py:183} INFO - Processing /opt/airflow/dags/data_ingestion.py took 1.232 seconds
[2025-10-30T06:59:42.365+0000] {processor.py:161} INFO - Started process (PID=9668) to work on /opt/airflow/dags/data_ingestion.py
[2025-10-30T06:59:42.368+0000] {processor.py:830} INFO - Processing file /opt/airflow/dags/data_ingestion.py for tasks to queue
[2025-10-30T06:59:42.372+0000] {logging_mixin.py:188} INFO - [2025-10-30T06:59:42.371+0000] {dagbag.py:545} INFO - Filling up the DagBag from /opt/airflow/dags/data_ingestion.py
[2025-10-30T06:59:43.086+0000] {processor.py:840} INFO - DAG(s) 'police_data_ingestion' retrieved from /opt/airflow/dags/data_ingestion.py
[2025-10-30T06:59:43.147+0000] {logging_mixin.py:188} INFO - [2025-10-30T06:59:43.146+0000] {dag.py:3096} INFO - Sync 1 DAGs
[2025-10-30T06:59:43.197+0000] {logging_mixin.py:188} INFO - [2025-10-30T06:59:43.196+0000] {dag.py:3954} INFO - Setting next_dagrun for police_data_ingestion to 2025-11-01 00:00:00+00:00, run_after=2025-12-01 00:00:00+00:00
[2025-10-30T06:59:43.239+0000] {processor.py:183} INFO - Processing /opt/airflow/dags/data_ingestion.py took 0.886 seconds
[2025-10-30T07:00:13.956+0000] {processor.py:161} INFO - Started process (PID=9680) to work on /opt/airflow/dags/data_ingestion.py
[2025-10-30T07:00:13.958+0000] {processor.py:830} INFO - Processing file /opt/airflow/dags/data_ingestion.py for tasks to queue
[2025-10-30T07:00:13.962+0000] {logging_mixin.py:188} INFO - [2025-10-30T07:00:13.961+0000] {dagbag.py:545} INFO - Filling up the DagBag from /opt/airflow/dags/data_ingestion.py
[2025-10-30T07:00:14.604+0000] {processor.py:840} INFO - DAG(s) 'police_data_ingestion' retrieved from /opt/airflow/dags/data_ingestion.py
[2025-10-30T07:00:14.660+0000] {logging_mixin.py:188} INFO - [2025-10-30T07:00:14.659+0000] {dag.py:3096} INFO - Sync 1 DAGs
[2025-10-30T07:00:14.695+0000] {logging_mixin.py:188} INFO - [2025-10-30T07:00:14.694+0000] {dag.py:3954} INFO - Setting next_dagrun for police_data_ingestion to 2025-11-01 00:00:00+00:00, run_after=2025-12-01 00:00:00+00:00
[2025-10-30T07:00:14.747+0000] {processor.py:183} INFO - Processing /opt/airflow/dags/data_ingestion.py took 0.805 seconds
[2025-10-30T07:00:45.596+0000] {processor.py:161} INFO - Started process (PID=9692) to work on /opt/airflow/dags/data_ingestion.py
[2025-10-30T07:00:45.599+0000] {processor.py:830} INFO - Processing file /opt/airflow/dags/data_ingestion.py for tasks to queue
[2025-10-30T07:00:45.605+0000] {logging_mixin.py:188} INFO - [2025-10-30T07:00:45.604+0000] {dagbag.py:545} INFO - Filling up the DagBag from /opt/airflow/dags/data_ingestion.py
[2025-10-30T07:00:46.216+0000] {processor.py:840} INFO - DAG(s) 'police_data_ingestion' retrieved from /opt/airflow/dags/data_ingestion.py
[2025-10-30T07:00:46.283+0000] {logging_mixin.py:188} INFO - [2025-10-30T07:00:46.282+0000] {dag.py:3096} INFO - Sync 1 DAGs
[2025-10-30T07:00:46.548+0000] {logging_mixin.py:188} INFO - [2025-10-30T07:00:46.548+0000] {dag.py:3954} INFO - Setting next_dagrun for police_data_ingestion to 2025-11-01 00:00:00+00:00, run_after=2025-12-01 00:00:00+00:00
[2025-10-30T07:00:46.596+0000] {processor.py:183} INFO - Processing /opt/airflow/dags/data_ingestion.py took 1.021 seconds
[2025-10-30T07:01:17.276+0000] {processor.py:161} INFO - Started process (PID=9704) to work on /opt/airflow/dags/data_ingestion.py
[2025-10-30T07:01:17.279+0000] {processor.py:830} INFO - Processing file /opt/airflow/dags/data_ingestion.py for tasks to queue
[2025-10-30T07:01:17.284+0000] {logging_mixin.py:188} INFO - [2025-10-30T07:01:17.283+0000] {dagbag.py:545} INFO - Filling up the DagBag from /opt/airflow/dags/data_ingestion.py
[2025-10-30T07:01:17.902+0000] {processor.py:840} INFO - DAG(s) 'police_data_ingestion' retrieved from /opt/airflow/dags/data_ingestion.py
[2025-10-30T07:01:17.959+0000] {logging_mixin.py:188} INFO - [2025-10-30T07:01:17.958+0000] {dag.py:3096} INFO - Sync 1 DAGs
[2025-10-30T07:01:18.213+0000] {logging_mixin.py:188} INFO - [2025-10-30T07:01:18.213+0000] {dag.py:3954} INFO - Setting next_dagrun for police_data_ingestion to 2025-11-01 00:00:00+00:00, run_after=2025-12-01 00:00:00+00:00
[2025-10-30T07:01:18.252+0000] {processor.py:183} INFO - Processing /opt/airflow/dags/data_ingestion.py took 0.993 seconds
[2025-10-30T07:01:48.944+0000] {processor.py:161} INFO - Started process (PID=9716) to work on /opt/airflow/dags/data_ingestion.py
[2025-10-30T07:01:48.947+0000] {processor.py:830} INFO - Processing file /opt/airflow/dags/data_ingestion.py for tasks to queue
[2025-10-30T07:01:48.953+0000] {logging_mixin.py:188} INFO - [2025-10-30T07:01:48.952+0000] {dagbag.py:545} INFO - Filling up the DagBag from /opt/airflow/dags/data_ingestion.py
[2025-10-30T07:01:49.846+0000] {processor.py:840} INFO - DAG(s) 'police_data_ingestion' retrieved from /opt/airflow/dags/data_ingestion.py
[2025-10-30T07:01:50.251+0000] {logging_mixin.py:188} INFO - [2025-10-30T07:01:50.251+0000] {dag.py:3096} INFO - Sync 1 DAGs
[2025-10-30T07:01:50.291+0000] {logging_mixin.py:188} INFO - [2025-10-30T07:01:50.290+0000] {dag.py:3954} INFO - Setting next_dagrun for police_data_ingestion to 2025-11-01 00:00:00+00:00, run_after=2025-12-01 00:00:00+00:00
[2025-10-30T07:01:50.329+0000] {processor.py:183} INFO - Processing /opt/airflow/dags/data_ingestion.py took 1.404 seconds
[2025-10-30T07:02:20.829+0000] {processor.py:161} INFO - Started process (PID=9728) to work on /opt/airflow/dags/data_ingestion.py
[2025-10-30T07:02:20.832+0000] {processor.py:830} INFO - Processing file /opt/airflow/dags/data_ingestion.py for tasks to queue
[2025-10-30T07:02:20.837+0000] {logging_mixin.py:188} INFO - [2025-10-30T07:02:20.836+0000] {dagbag.py:545} INFO - Filling up the DagBag from /opt/airflow/dags/data_ingestion.py
[2025-10-30T07:02:21.490+0000] {processor.py:840} INFO - DAG(s) 'police_data_ingestion' retrieved from /opt/airflow/dags/data_ingestion.py
[2025-10-30T07:02:21.551+0000] {logging_mixin.py:188} INFO - [2025-10-30T07:02:21.548+0000] {dag.py:3096} INFO - Sync 1 DAGs
[2025-10-30T07:02:21.603+0000] {logging_mixin.py:188} INFO - [2025-10-30T07:02:21.602+0000] {dag.py:3954} INFO - Setting next_dagrun for police_data_ingestion to 2025-11-01 00:00:00+00:00, run_after=2025-12-01 00:00:00+00:00
[2025-10-30T07:02:21.639+0000] {processor.py:183} INFO - Processing /opt/airflow/dags/data_ingestion.py took 0.830 seconds
[2025-10-30T07:02:52.677+0000] {processor.py:161} INFO - Started process (PID=9740) to work on /opt/airflow/dags/data_ingestion.py
[2025-10-30T07:02:52.679+0000] {processor.py:830} INFO - Processing file /opt/airflow/dags/data_ingestion.py for tasks to queue
[2025-10-30T07:02:52.685+0000] {logging_mixin.py:188} INFO - [2025-10-30T07:02:52.684+0000] {dagbag.py:545} INFO - Filling up the DagBag from /opt/airflow/dags/data_ingestion.py
[2025-10-30T07:02:53.613+0000] {processor.py:840} INFO - DAG(s) 'police_data_ingestion' retrieved from /opt/airflow/dags/data_ingestion.py
[2025-10-30T07:02:53.693+0000] {logging_mixin.py:188} INFO - [2025-10-30T07:02:53.692+0000] {dag.py:3096} INFO - Sync 1 DAGs
[2025-10-30T07:02:53.987+0000] {logging_mixin.py:188} INFO - [2025-10-30T07:02:53.986+0000] {dag.py:3954} INFO - Setting next_dagrun for police_data_ingestion to 2025-11-01 00:00:00+00:00, run_after=2025-12-01 00:00:00+00:00
[2025-10-30T07:02:54.035+0000] {processor.py:183} INFO - Processing /opt/airflow/dags/data_ingestion.py took 1.372 seconds
[2025-10-30T07:03:24.726+0000] {processor.py:161} INFO - Started process (PID=9752) to work on /opt/airflow/dags/data_ingestion.py
[2025-10-30T07:03:24.728+0000] {processor.py:830} INFO - Processing file /opt/airflow/dags/data_ingestion.py for tasks to queue
[2025-10-30T07:03:24.732+0000] {logging_mixin.py:188} INFO - [2025-10-30T07:03:24.732+0000] {dagbag.py:545} INFO - Filling up the DagBag from /opt/airflow/dags/data_ingestion.py
[2025-10-30T07:03:25.449+0000] {processor.py:840} INFO - DAG(s) 'police_data_ingestion' retrieved from /opt/airflow/dags/data_ingestion.py
[2025-10-30T07:03:25.522+0000] {logging_mixin.py:188} INFO - [2025-10-30T07:03:25.522+0000] {dag.py:3096} INFO - Sync 1 DAGs
[2025-10-30T07:03:25.841+0000] {logging_mixin.py:188} INFO - [2025-10-30T07:03:25.841+0000] {dag.py:3954} INFO - Setting next_dagrun for police_data_ingestion to 2025-11-01 00:00:00+00:00, run_after=2025-12-01 00:00:00+00:00
[2025-10-30T07:03:25.903+0000] {processor.py:183} INFO - Processing /opt/airflow/dags/data_ingestion.py took 1.190 seconds
[2025-10-30T07:03:56.608+0000] {processor.py:161} INFO - Started process (PID=9764) to work on /opt/airflow/dags/data_ingestion.py
[2025-10-30T07:03:56.611+0000] {processor.py:830} INFO - Processing file /opt/airflow/dags/data_ingestion.py for tasks to queue
[2025-10-30T07:03:56.615+0000] {logging_mixin.py:188} INFO - [2025-10-30T07:03:56.614+0000] {dagbag.py:545} INFO - Filling up the DagBag from /opt/airflow/dags/data_ingestion.py
[2025-10-30T07:03:57.375+0000] {processor.py:840} INFO - DAG(s) 'police_data_ingestion' retrieved from /opt/airflow/dags/data_ingestion.py
[2025-10-30T07:03:57.696+0000] {logging_mixin.py:188} INFO - [2025-10-30T07:03:57.695+0000] {dag.py:3096} INFO - Sync 1 DAGs
[2025-10-30T07:03:57.736+0000] {logging_mixin.py:188} INFO - [2025-10-30T07:03:57.735+0000] {dag.py:3954} INFO - Setting next_dagrun for police_data_ingestion to 2025-11-01 00:00:00+00:00, run_after=2025-12-01 00:00:00+00:00
[2025-10-30T07:03:57.786+0000] {processor.py:183} INFO - Processing /opt/airflow/dags/data_ingestion.py took 1.192 seconds
[2025-10-30T07:04:28.562+0000] {processor.py:161} INFO - Started process (PID=9776) to work on /opt/airflow/dags/data_ingestion.py
[2025-10-30T07:04:28.565+0000] {processor.py:830} INFO - Processing file /opt/airflow/dags/data_ingestion.py for tasks to queue
[2025-10-30T07:04:28.570+0000] {logging_mixin.py:188} INFO - [2025-10-30T07:04:28.569+0000] {dagbag.py:545} INFO - Filling up the DagBag from /opt/airflow/dags/data_ingestion.py
[2025-10-30T07:04:29.372+0000] {processor.py:840} INFO - DAG(s) 'police_data_ingestion' retrieved from /opt/airflow/dags/data_ingestion.py
[2025-10-30T07:04:29.454+0000] {logging_mixin.py:188} INFO - [2025-10-30T07:04:29.453+0000] {dag.py:3096} INFO - Sync 1 DAGs
[2025-10-30T07:04:29.549+0000] {logging_mixin.py:188} INFO - [2025-10-30T07:04:29.548+0000] {dag.py:3954} INFO - Setting next_dagrun for police_data_ingestion to 2025-11-01 00:00:00+00:00, run_after=2025-12-01 00:00:00+00:00
[2025-10-30T07:04:29.608+0000] {processor.py:183} INFO - Processing /opt/airflow/dags/data_ingestion.py took 1.060 seconds
[2025-10-30T07:05:00.298+0000] {processor.py:161} INFO - Started process (PID=9788) to work on /opt/airflow/dags/data_ingestion.py
[2025-10-30T07:05:00.301+0000] {processor.py:830} INFO - Processing file /opt/airflow/dags/data_ingestion.py for tasks to queue
[2025-10-30T07:05:00.305+0000] {logging_mixin.py:188} INFO - [2025-10-30T07:05:00.304+0000] {dagbag.py:545} INFO - Filling up the DagBag from /opt/airflow/dags/data_ingestion.py
[2025-10-30T07:05:01.074+0000] {processor.py:840} INFO - DAG(s) 'police_data_ingestion' retrieved from /opt/airflow/dags/data_ingestion.py
[2025-10-30T07:05:01.183+0000] {logging_mixin.py:188} INFO - [2025-10-30T07:05:01.181+0000] {dag.py:3096} INFO - Sync 1 DAGs
[2025-10-30T07:05:01.541+0000] {logging_mixin.py:188} INFO - [2025-10-30T07:05:01.541+0000] {dag.py:3954} INFO - Setting next_dagrun for police_data_ingestion to 2025-11-01 00:00:00+00:00, run_after=2025-12-01 00:00:00+00:00
[2025-10-30T07:05:01.598+0000] {processor.py:183} INFO - Processing /opt/airflow/dags/data_ingestion.py took 1.311 seconds
[2025-10-30T07:05:32.328+0000] {processor.py:161} INFO - Started process (PID=9800) to work on /opt/airflow/dags/data_ingestion.py
[2025-10-30T07:05:32.332+0000] {processor.py:830} INFO - Processing file /opt/airflow/dags/data_ingestion.py for tasks to queue
[2025-10-30T07:05:32.341+0000] {logging_mixin.py:188} INFO - [2025-10-30T07:05:32.339+0000] {dagbag.py:545} INFO - Filling up the DagBag from /opt/airflow/dags/data_ingestion.py
[2025-10-30T07:05:32.979+0000] {processor.py:840} INFO - DAG(s) 'police_data_ingestion' retrieved from /opt/airflow/dags/data_ingestion.py
[2025-10-30T07:05:33.051+0000] {logging_mixin.py:188} INFO - [2025-10-30T07:05:33.050+0000] {dag.py:3096} INFO - Sync 1 DAGs
[2025-10-30T07:05:33.331+0000] {logging_mixin.py:188} INFO - [2025-10-30T07:05:33.330+0000] {dag.py:3954} INFO - Setting next_dagrun for police_data_ingestion to 2025-11-01 00:00:00+00:00, run_after=2025-12-01 00:00:00+00:00
[2025-10-30T07:05:33.386+0000] {processor.py:183} INFO - Processing /opt/airflow/dags/data_ingestion.py took 1.080 seconds
[2025-10-30T07:06:04.114+0000] {processor.py:161} INFO - Started process (PID=9812) to work on /opt/airflow/dags/data_ingestion.py
[2025-10-30T07:06:04.117+0000] {processor.py:830} INFO - Processing file /opt/airflow/dags/data_ingestion.py for tasks to queue
[2025-10-30T07:06:04.122+0000] {logging_mixin.py:188} INFO - [2025-10-30T07:06:04.121+0000] {dagbag.py:545} INFO - Filling up the DagBag from /opt/airflow/dags/data_ingestion.py
[2025-10-30T07:06:04.733+0000] {processor.py:840} INFO - DAG(s) 'police_data_ingestion' retrieved from /opt/airflow/dags/data_ingestion.py
[2025-10-30T07:06:05.026+0000] {logging_mixin.py:188} INFO - [2025-10-30T07:06:05.026+0000] {dag.py:3096} INFO - Sync 1 DAGs
[2025-10-30T07:06:05.074+0000] {logging_mixin.py:188} INFO - [2025-10-30T07:06:05.073+0000] {dag.py:3954} INFO - Setting next_dagrun for police_data_ingestion to 2025-11-01 00:00:00+00:00, run_after=2025-12-01 00:00:00+00:00
[2025-10-30T07:06:05.130+0000] {processor.py:183} INFO - Processing /opt/airflow/dags/data_ingestion.py took 1.034 seconds
[2025-10-30T07:06:35.265+0000] {processor.py:161} INFO - Started process (PID=9824) to work on /opt/airflow/dags/data_ingestion.py
[2025-10-30T07:06:35.268+0000] {processor.py:830} INFO - Processing file /opt/airflow/dags/data_ingestion.py for tasks to queue
[2025-10-30T07:06:35.273+0000] {logging_mixin.py:188} INFO - [2025-10-30T07:06:35.272+0000] {dagbag.py:545} INFO - Filling up the DagBag from /opt/airflow/dags/data_ingestion.py
[2025-10-30T07:06:35.885+0000] {processor.py:840} INFO - DAG(s) 'police_data_ingestion' retrieved from /opt/airflow/dags/data_ingestion.py
[2025-10-30T07:06:35.941+0000] {logging_mixin.py:188} INFO - [2025-10-30T07:06:35.940+0000] {dag.py:3096} INFO - Sync 1 DAGs
[2025-10-30T07:06:35.981+0000] {logging_mixin.py:188} INFO - [2025-10-30T07:06:35.981+0000] {dag.py:3954} INFO - Setting next_dagrun for police_data_ingestion to 2025-11-01 00:00:00+00:00, run_after=2025-12-01 00:00:00+00:00
[2025-10-30T07:06:36.027+0000] {processor.py:183} INFO - Processing /opt/airflow/dags/data_ingestion.py took 0.774 seconds
[2025-10-30T07:07:06.740+0000] {processor.py:161} INFO - Started process (PID=9836) to work on /opt/airflow/dags/data_ingestion.py
[2025-10-30T07:07:06.743+0000] {processor.py:830} INFO - Processing file /opt/airflow/dags/data_ingestion.py for tasks to queue
[2025-10-30T07:07:06.747+0000] {logging_mixin.py:188} INFO - [2025-10-30T07:07:06.746+0000] {dagbag.py:545} INFO - Filling up the DagBag from /opt/airflow/dags/data_ingestion.py
[2025-10-30T07:07:07.406+0000] {processor.py:840} INFO - DAG(s) 'police_data_ingestion' retrieved from /opt/airflow/dags/data_ingestion.py
[2025-10-30T07:07:07.476+0000] {logging_mixin.py:188} INFO - [2025-10-30T07:07:07.475+0000] {dag.py:3096} INFO - Sync 1 DAGs
[2025-10-30T07:07:07.748+0000] {logging_mixin.py:188} INFO - [2025-10-30T07:07:07.747+0000] {dag.py:3954} INFO - Setting next_dagrun for police_data_ingestion to 2025-11-01 00:00:00+00:00, run_after=2025-12-01 00:00:00+00:00
[2025-10-30T07:07:07.798+0000] {processor.py:183} INFO - Processing /opt/airflow/dags/data_ingestion.py took 1.076 seconds
[2025-10-30T07:07:38.364+0000] {processor.py:161} INFO - Started process (PID=9848) to work on /opt/airflow/dags/data_ingestion.py
[2025-10-30T07:07:38.367+0000] {processor.py:830} INFO - Processing file /opt/airflow/dags/data_ingestion.py for tasks to queue
[2025-10-30T07:07:38.372+0000] {logging_mixin.py:188} INFO - [2025-10-30T07:07:38.371+0000] {dagbag.py:545} INFO - Filling up the DagBag from /opt/airflow/dags/data_ingestion.py
[2025-10-30T07:07:39.069+0000] {processor.py:840} INFO - DAG(s) 'police_data_ingestion' retrieved from /opt/airflow/dags/data_ingestion.py
[2025-10-30T07:07:39.140+0000] {logging_mixin.py:188} INFO - [2025-10-30T07:07:39.139+0000] {dag.py:3096} INFO - Sync 1 DAGs
[2025-10-30T07:07:39.457+0000] {logging_mixin.py:188} INFO - [2025-10-30T07:07:39.456+0000] {dag.py:3954} INFO - Setting next_dagrun for police_data_ingestion to 2025-11-01 00:00:00+00:00, run_after=2025-12-01 00:00:00+00:00
[2025-10-30T07:07:39.505+0000] {processor.py:183} INFO - Processing /opt/airflow/dags/data_ingestion.py took 1.153 seconds
[2025-10-30T07:08:10.456+0000] {processor.py:161} INFO - Started process (PID=9860) to work on /opt/airflow/dags/data_ingestion.py
[2025-10-30T07:08:10.458+0000] {processor.py:830} INFO - Processing file /opt/airflow/dags/data_ingestion.py for tasks to queue
[2025-10-30T07:08:10.462+0000] {logging_mixin.py:188} INFO - [2025-10-30T07:08:10.461+0000] {dagbag.py:545} INFO - Filling up the DagBag from /opt/airflow/dags/data_ingestion.py
[2025-10-30T07:08:11.111+0000] {processor.py:840} INFO - DAG(s) 'police_data_ingestion' retrieved from /opt/airflow/dags/data_ingestion.py
[2025-10-30T07:08:11.472+0000] {logging_mixin.py:188} INFO - [2025-10-30T07:08:11.471+0000] {dag.py:3096} INFO - Sync 1 DAGs
[2025-10-30T07:08:11.514+0000] {logging_mixin.py:188} INFO - [2025-10-30T07:08:11.514+0000] {dag.py:3954} INFO - Setting next_dagrun for police_data_ingestion to 2025-11-01 00:00:00+00:00, run_after=2025-12-01 00:00:00+00:00
[2025-10-30T07:08:11.552+0000] {processor.py:183} INFO - Processing /opt/airflow/dags/data_ingestion.py took 1.109 seconds
[2025-10-30T07:08:42.299+0000] {processor.py:161} INFO - Started process (PID=9872) to work on /opt/airflow/dags/data_ingestion.py
[2025-10-30T07:08:42.303+0000] {processor.py:830} INFO - Processing file /opt/airflow/dags/data_ingestion.py for tasks to queue
[2025-10-30T07:08:42.310+0000] {logging_mixin.py:188} INFO - [2025-10-30T07:08:42.309+0000] {dagbag.py:545} INFO - Filling up the DagBag from /opt/airflow/dags/data_ingestion.py
[2025-10-30T07:08:43.225+0000] {processor.py:840} INFO - DAG(s) 'police_data_ingestion' retrieved from /opt/airflow/dags/data_ingestion.py
[2025-10-30T07:08:43.284+0000] {logging_mixin.py:188} INFO - [2025-10-30T07:08:43.283+0000] {dag.py:3096} INFO - Sync 1 DAGs
[2025-10-30T07:08:43.319+0000] {logging_mixin.py:188} INFO - [2025-10-30T07:08:43.319+0000] {dag.py:3954} INFO - Setting next_dagrun for police_data_ingestion to 2025-11-01 00:00:00+00:00, run_after=2025-12-01 00:00:00+00:00
[2025-10-30T07:08:43.374+0000] {processor.py:183} INFO - Processing /opt/airflow/dags/data_ingestion.py took 1.101 seconds
[2025-10-30T07:09:14.031+0000] {processor.py:161} INFO - Started process (PID=9884) to work on /opt/airflow/dags/data_ingestion.py
[2025-10-30T07:09:14.033+0000] {processor.py:830} INFO - Processing file /opt/airflow/dags/data_ingestion.py for tasks to queue
[2025-10-30T07:09:14.037+0000] {logging_mixin.py:188} INFO - [2025-10-30T07:09:14.037+0000] {dagbag.py:545} INFO - Filling up the DagBag from /opt/airflow/dags/data_ingestion.py
[2025-10-30T07:09:14.900+0000] {processor.py:840} INFO - DAG(s) 'police_data_ingestion' retrieved from /opt/airflow/dags/data_ingestion.py
[2025-10-30T07:09:14.963+0000] {logging_mixin.py:188} INFO - [2025-10-30T07:09:14.962+0000] {dag.py:3096} INFO - Sync 1 DAGs
[2025-10-30T07:09:15.018+0000] {logging_mixin.py:188} INFO - [2025-10-30T07:09:15.017+0000] {dag.py:3954} INFO - Setting next_dagrun for police_data_ingestion to 2025-11-01 00:00:00+00:00, run_after=2025-12-01 00:00:00+00:00
[2025-10-30T07:09:15.074+0000] {processor.py:183} INFO - Processing /opt/airflow/dags/data_ingestion.py took 1.054 seconds
[2025-10-30T07:09:45.712+0000] {processor.py:161} INFO - Started process (PID=9896) to work on /opt/airflow/dags/data_ingestion.py
[2025-10-30T07:09:45.715+0000] {processor.py:830} INFO - Processing file /opt/airflow/dags/data_ingestion.py for tasks to queue
[2025-10-30T07:09:45.721+0000] {logging_mixin.py:188} INFO - [2025-10-30T07:09:45.720+0000] {dagbag.py:545} INFO - Filling up the DagBag from /opt/airflow/dags/data_ingestion.py
[2025-10-30T07:09:46.314+0000] {processor.py:840} INFO - DAG(s) 'police_data_ingestion' retrieved from /opt/airflow/dags/data_ingestion.py
[2025-10-30T07:09:46.380+0000] {logging_mixin.py:188} INFO - [2025-10-30T07:09:46.379+0000] {dag.py:3096} INFO - Sync 1 DAGs
[2025-10-30T07:09:46.667+0000] {logging_mixin.py:188} INFO - [2025-10-30T07:09:46.666+0000] {dag.py:3954} INFO - Setting next_dagrun for police_data_ingestion to 2025-11-01 00:00:00+00:00, run_after=2025-12-01 00:00:00+00:00
[2025-10-30T07:09:46.702+0000] {processor.py:183} INFO - Processing /opt/airflow/dags/data_ingestion.py took 1.009 seconds
[2025-10-30T07:10:17.494+0000] {processor.py:161} INFO - Started process (PID=9908) to work on /opt/airflow/dags/data_ingestion.py
[2025-10-30T07:10:17.496+0000] {processor.py:830} INFO - Processing file /opt/airflow/dags/data_ingestion.py for tasks to queue
[2025-10-30T07:10:17.500+0000] {logging_mixin.py:188} INFO - [2025-10-30T07:10:17.500+0000] {dagbag.py:545} INFO - Filling up the DagBag from /opt/airflow/dags/data_ingestion.py
[2025-10-30T07:10:18.146+0000] {processor.py:840} INFO - DAG(s) 'police_data_ingestion' retrieved from /opt/airflow/dags/data_ingestion.py
[2025-10-30T07:10:18.450+0000] {logging_mixin.py:188} INFO - [2025-10-30T07:10:18.449+0000] {dag.py:3096} INFO - Sync 1 DAGs
[2025-10-30T07:10:18.493+0000] {logging_mixin.py:188} INFO - [2025-10-30T07:10:18.492+0000] {dag.py:3954} INFO - Setting next_dagrun for police_data_ingestion to 2025-11-01 00:00:00+00:00, run_after=2025-12-01 00:00:00+00:00
[2025-10-30T07:10:18.547+0000] {processor.py:183} INFO - Processing /opt/airflow/dags/data_ingestion.py took 1.071 seconds
[2025-10-30T07:10:49.186+0000] {processor.py:161} INFO - Started process (PID=9920) to work on /opt/airflow/dags/data_ingestion.py
[2025-10-30T07:10:49.190+0000] {processor.py:830} INFO - Processing file /opt/airflow/dags/data_ingestion.py for tasks to queue
[2025-10-30T07:10:49.197+0000] {logging_mixin.py:188} INFO - [2025-10-30T07:10:49.196+0000] {dagbag.py:545} INFO - Filling up the DagBag from /opt/airflow/dags/data_ingestion.py
[2025-10-30T07:10:50.099+0000] {processor.py:840} INFO - DAG(s) 'police_data_ingestion' retrieved from /opt/airflow/dags/data_ingestion.py
[2025-10-30T07:10:50.150+0000] {logging_mixin.py:188} INFO - [2025-10-30T07:10:50.149+0000] {dag.py:3096} INFO - Sync 1 DAGs
[2025-10-30T07:10:50.181+0000] {logging_mixin.py:188} INFO - [2025-10-30T07:10:50.180+0000] {dag.py:3954} INFO - Setting next_dagrun for police_data_ingestion to 2025-11-01 00:00:00+00:00, run_after=2025-12-01 00:00:00+00:00
[2025-10-30T07:10:50.234+0000] {processor.py:183} INFO - Processing /opt/airflow/dags/data_ingestion.py took 1.070 seconds
[2025-10-30T07:11:20.911+0000] {processor.py:161} INFO - Started process (PID=9932) to work on /opt/airflow/dags/data_ingestion.py
[2025-10-30T07:11:20.914+0000] {processor.py:830} INFO - Processing file /opt/airflow/dags/data_ingestion.py for tasks to queue
[2025-10-30T07:11:20.919+0000] {logging_mixin.py:188} INFO - [2025-10-30T07:11:20.918+0000] {dagbag.py:545} INFO - Filling up the DagBag from /opt/airflow/dags/data_ingestion.py
[2025-10-30T07:11:21.898+0000] {processor.py:840} INFO - DAG(s) 'police_data_ingestion' retrieved from /opt/airflow/dags/data_ingestion.py
[2025-10-30T07:11:21.949+0000] {logging_mixin.py:188} INFO - [2025-10-30T07:11:21.948+0000] {dag.py:3096} INFO - Sync 1 DAGs
[2025-10-30T07:11:21.989+0000] {logging_mixin.py:188} INFO - [2025-10-30T07:11:21.989+0000] {dag.py:3954} INFO - Setting next_dagrun for police_data_ingestion to 2025-11-01 00:00:00+00:00, run_after=2025-12-01 00:00:00+00:00
[2025-10-30T07:11:22.040+0000] {processor.py:183} INFO - Processing /opt/airflow/dags/data_ingestion.py took 1.145 seconds
[2025-10-30T07:11:52.586+0000] {processor.py:161} INFO - Started process (PID=9944) to work on /opt/airflow/dags/data_ingestion.py
[2025-10-30T07:11:52.589+0000] {processor.py:830} INFO - Processing file /opt/airflow/dags/data_ingestion.py for tasks to queue
[2025-10-30T07:11:52.595+0000] {logging_mixin.py:188} INFO - [2025-10-30T07:11:52.594+0000] {dagbag.py:545} INFO - Filling up the DagBag from /opt/airflow/dags/data_ingestion.py
[2025-10-30T07:11:53.548+0000] {processor.py:840} INFO - DAG(s) 'police_data_ingestion' retrieved from /opt/airflow/dags/data_ingestion.py
[2025-10-30T07:11:53.603+0000] {logging_mixin.py:188} INFO - [2025-10-30T07:11:53.602+0000] {dag.py:3096} INFO - Sync 1 DAGs
[2025-10-30T07:11:53.643+0000] {logging_mixin.py:188} INFO - [2025-10-30T07:11:53.643+0000] {dag.py:3954} INFO - Setting next_dagrun for police_data_ingestion to 2025-11-01 00:00:00+00:00, run_after=2025-12-01 00:00:00+00:00
[2025-10-30T07:11:53.701+0000] {processor.py:183} INFO - Processing /opt/airflow/dags/data_ingestion.py took 1.133 seconds
[2025-10-30T07:12:24.439+0000] {processor.py:161} INFO - Started process (PID=9956) to work on /opt/airflow/dags/data_ingestion.py
[2025-10-30T07:12:24.442+0000] {processor.py:830} INFO - Processing file /opt/airflow/dags/data_ingestion.py for tasks to queue
[2025-10-30T07:12:24.446+0000] {logging_mixin.py:188} INFO - [2025-10-30T07:12:24.445+0000] {dagbag.py:545} INFO - Filling up the DagBag from /opt/airflow/dags/data_ingestion.py
[2025-10-30T07:12:25.054+0000] {processor.py:840} INFO - DAG(s) 'police_data_ingestion' retrieved from /opt/airflow/dags/data_ingestion.py
[2025-10-30T07:12:25.369+0000] {logging_mixin.py:188} INFO - [2025-10-30T07:12:25.368+0000] {dag.py:3096} INFO - Sync 1 DAGs
[2025-10-30T07:12:25.414+0000] {logging_mixin.py:188} INFO - [2025-10-30T07:12:25.414+0000] {dag.py:3954} INFO - Setting next_dagrun for police_data_ingestion to 2025-11-01 00:00:00+00:00, run_after=2025-12-01 00:00:00+00:00
[2025-10-30T07:12:25.475+0000] {processor.py:183} INFO - Processing /opt/airflow/dags/data_ingestion.py took 1.054 seconds
[2025-10-30T07:12:56.237+0000] {processor.py:161} INFO - Started process (PID=9968) to work on /opt/airflow/dags/data_ingestion.py
[2025-10-30T07:12:56.240+0000] {processor.py:830} INFO - Processing file /opt/airflow/dags/data_ingestion.py for tasks to queue
[2025-10-30T07:12:56.244+0000] {logging_mixin.py:188} INFO - [2025-10-30T07:12:56.243+0000] {dagbag.py:545} INFO - Filling up the DagBag from /opt/airflow/dags/data_ingestion.py
[2025-10-30T07:12:57.205+0000] {processor.py:840} INFO - DAG(s) 'police_data_ingestion' retrieved from /opt/airflow/dags/data_ingestion.py
[2025-10-30T07:12:57.262+0000] {logging_mixin.py:188} INFO - [2025-10-30T07:12:57.261+0000] {dag.py:3096} INFO - Sync 1 DAGs
[2025-10-30T07:12:57.310+0000] {logging_mixin.py:188} INFO - [2025-10-30T07:12:57.310+0000] {dag.py:3954} INFO - Setting next_dagrun for police_data_ingestion to 2025-11-01 00:00:00+00:00, run_after=2025-12-01 00:00:00+00:00
[2025-10-30T07:12:57.370+0000] {processor.py:183} INFO - Processing /opt/airflow/dags/data_ingestion.py took 1.147 seconds
[2025-10-30T07:13:28.030+0000] {processor.py:161} INFO - Started process (PID=9980) to work on /opt/airflow/dags/data_ingestion.py
[2025-10-30T07:13:28.032+0000] {processor.py:830} INFO - Processing file /opt/airflow/dags/data_ingestion.py for tasks to queue
[2025-10-30T07:13:28.037+0000] {logging_mixin.py:188} INFO - [2025-10-30T07:13:28.036+0000] {dagbag.py:545} INFO - Filling up the DagBag from /opt/airflow/dags/data_ingestion.py
[2025-10-30T07:13:28.839+0000] {processor.py:840} INFO - DAG(s) 'police_data_ingestion' retrieved from /opt/airflow/dags/data_ingestion.py
[2025-10-30T07:13:28.902+0000] {logging_mixin.py:188} INFO - [2025-10-30T07:13:28.901+0000] {dag.py:3096} INFO - Sync 1 DAGs
[2025-10-30T07:13:28.944+0000] {logging_mixin.py:188} INFO - [2025-10-30T07:13:28.944+0000] {dag.py:3954} INFO - Setting next_dagrun for police_data_ingestion to 2025-11-01 00:00:00+00:00, run_after=2025-12-01 00:00:00+00:00
[2025-10-30T07:13:28.985+0000] {processor.py:183} INFO - Processing /opt/airflow/dags/data_ingestion.py took 0.967 seconds
[2025-10-30T07:13:59.647+0000] {processor.py:161} INFO - Started process (PID=9992) to work on /opt/airflow/dags/data_ingestion.py
[2025-10-30T07:13:59.649+0000] {processor.py:830} INFO - Processing file /opt/airflow/dags/data_ingestion.py for tasks to queue
[2025-10-30T07:13:59.653+0000] {logging_mixin.py:188} INFO - [2025-10-30T07:13:59.653+0000] {dagbag.py:545} INFO - Filling up the DagBag from /opt/airflow/dags/data_ingestion.py
[2025-10-30T07:14:00.519+0000] {processor.py:840} INFO - DAG(s) 'police_data_ingestion' retrieved from /opt/airflow/dags/data_ingestion.py
[2025-10-30T07:14:00.567+0000] {logging_mixin.py:188} INFO - [2025-10-30T07:14:00.567+0000] {dag.py:3096} INFO - Sync 1 DAGs
[2025-10-30T07:14:00.606+0000] {logging_mixin.py:188} INFO - [2025-10-30T07:14:00.605+0000] {dag.py:3954} INFO - Setting next_dagrun for police_data_ingestion to 2025-11-01 00:00:00+00:00, run_after=2025-12-01 00:00:00+00:00
[2025-10-30T07:14:00.663+0000] {processor.py:183} INFO - Processing /opt/airflow/dags/data_ingestion.py took 1.031 seconds
[2025-10-30T07:14:31.359+0000] {processor.py:161} INFO - Started process (PID=10004) to work on /opt/airflow/dags/data_ingestion.py
[2025-10-30T07:14:31.362+0000] {processor.py:830} INFO - Processing file /opt/airflow/dags/data_ingestion.py for tasks to queue
[2025-10-30T07:14:31.366+0000] {logging_mixin.py:188} INFO - [2025-10-30T07:14:31.365+0000] {dagbag.py:545} INFO - Filling up the DagBag from /opt/airflow/dags/data_ingestion.py
[2025-10-30T07:14:31.976+0000] {processor.py:840} INFO - DAG(s) 'police_data_ingestion' retrieved from /opt/airflow/dags/data_ingestion.py
[2025-10-30T07:14:32.248+0000] {logging_mixin.py:188} INFO - [2025-10-30T07:14:32.247+0000] {dag.py:3096} INFO - Sync 1 DAGs
[2025-10-30T07:14:32.286+0000] {logging_mixin.py:188} INFO - [2025-10-30T07:14:32.285+0000] {dag.py:3954} INFO - Setting next_dagrun for police_data_ingestion to 2025-11-01 00:00:00+00:00, run_after=2025-12-01 00:00:00+00:00
[2025-10-30T07:14:32.327+0000] {processor.py:183} INFO - Processing /opt/airflow/dags/data_ingestion.py took 0.982 seconds
[2025-10-30T07:15:02.975+0000] {processor.py:161} INFO - Started process (PID=10016) to work on /opt/airflow/dags/data_ingestion.py
[2025-10-30T07:15:02.978+0000] {processor.py:830} INFO - Processing file /opt/airflow/dags/data_ingestion.py for tasks to queue
[2025-10-30T07:15:02.984+0000] {logging_mixin.py:188} INFO - [2025-10-30T07:15:02.983+0000] {dagbag.py:545} INFO - Filling up the DagBag from /opt/airflow/dags/data_ingestion.py
[2025-10-30T07:15:03.923+0000] {processor.py:840} INFO - DAG(s) 'police_data_ingestion' retrieved from /opt/airflow/dags/data_ingestion.py
[2025-10-30T07:15:03.974+0000] {logging_mixin.py:188} INFO - [2025-10-30T07:15:03.973+0000] {dag.py:3096} INFO - Sync 1 DAGs
[2025-10-30T07:15:04.005+0000] {logging_mixin.py:188} INFO - [2025-10-30T07:15:04.004+0000] {dag.py:3954} INFO - Setting next_dagrun for police_data_ingestion to 2025-11-01 00:00:00+00:00, run_after=2025-12-01 00:00:00+00:00
[2025-10-30T07:15:04.053+0000] {processor.py:183} INFO - Processing /opt/airflow/dags/data_ingestion.py took 1.098 seconds
[2025-10-30T07:15:34.746+0000] {processor.py:161} INFO - Started process (PID=10028) to work on /opt/airflow/dags/data_ingestion.py
[2025-10-30T07:15:34.748+0000] {processor.py:830} INFO - Processing file /opt/airflow/dags/data_ingestion.py for tasks to queue
[2025-10-30T07:15:34.752+0000] {logging_mixin.py:188} INFO - [2025-10-30T07:15:34.752+0000] {dagbag.py:545} INFO - Filling up the DagBag from /opt/airflow/dags/data_ingestion.py
[2025-10-30T07:15:35.809+0000] {processor.py:840} INFO - DAG(s) 'police_data_ingestion' retrieved from /opt/airflow/dags/data_ingestion.py
[2025-10-30T07:15:35.866+0000] {logging_mixin.py:188} INFO - [2025-10-30T07:15:35.865+0000] {dag.py:3096} INFO - Sync 1 DAGs
[2025-10-30T07:15:35.902+0000] {logging_mixin.py:188} INFO - [2025-10-30T07:15:35.901+0000] {dag.py:3954} INFO - Setting next_dagrun for police_data_ingestion to 2025-11-01 00:00:00+00:00, run_after=2025-12-01 00:00:00+00:00
[2025-10-30T07:15:35.953+0000] {processor.py:183} INFO - Processing /opt/airflow/dags/data_ingestion.py took 1.221 seconds
[2025-10-30T07:16:06.600+0000] {processor.py:161} INFO - Started process (PID=10040) to work on /opt/airflow/dags/data_ingestion.py
[2025-10-30T07:16:06.603+0000] {processor.py:830} INFO - Processing file /opt/airflow/dags/data_ingestion.py for tasks to queue
[2025-10-30T07:16:06.608+0000] {logging_mixin.py:188} INFO - [2025-10-30T07:16:06.607+0000] {dagbag.py:545} INFO - Filling up the DagBag from /opt/airflow/dags/data_ingestion.py
[2025-10-30T07:16:07.681+0000] {processor.py:840} INFO - DAG(s) 'police_data_ingestion' retrieved from /opt/airflow/dags/data_ingestion.py
[2025-10-30T07:16:07.742+0000] {logging_mixin.py:188} INFO - [2025-10-30T07:16:07.741+0000] {dag.py:3096} INFO - Sync 1 DAGs
[2025-10-30T07:16:07.784+0000] {logging_mixin.py:188} INFO - [2025-10-30T07:16:07.784+0000] {dag.py:3954} INFO - Setting next_dagrun for police_data_ingestion to 2025-11-01 00:00:00+00:00, run_after=2025-12-01 00:00:00+00:00
[2025-10-30T07:16:07.845+0000] {processor.py:183} INFO - Processing /opt/airflow/dags/data_ingestion.py took 1.259 seconds
[2025-10-30T07:16:38.541+0000] {processor.py:161} INFO - Started process (PID=10052) to work on /opt/airflow/dags/data_ingestion.py
[2025-10-30T07:16:38.543+0000] {processor.py:830} INFO - Processing file /opt/airflow/dags/data_ingestion.py for tasks to queue
[2025-10-30T07:16:38.549+0000] {logging_mixin.py:188} INFO - [2025-10-30T07:16:38.548+0000] {dagbag.py:545} INFO - Filling up the DagBag from /opt/airflow/dags/data_ingestion.py
[2025-10-30T07:16:39.532+0000] {processor.py:840} INFO - DAG(s) 'police_data_ingestion' retrieved from /opt/airflow/dags/data_ingestion.py
[2025-10-30T07:16:39.610+0000] {logging_mixin.py:188} INFO - [2025-10-30T07:16:39.609+0000] {dag.py:3096} INFO - Sync 1 DAGs
[2025-10-30T07:16:39.667+0000] {logging_mixin.py:188} INFO - [2025-10-30T07:16:39.667+0000] {dag.py:3954} INFO - Setting next_dagrun for police_data_ingestion to 2025-11-01 00:00:00+00:00, run_after=2025-12-01 00:00:00+00:00
[2025-10-30T07:16:39.701+0000] {processor.py:183} INFO - Processing /opt/airflow/dags/data_ingestion.py took 1.175 seconds
[2025-10-30T07:17:10.362+0000] {processor.py:161} INFO - Started process (PID=10064) to work on /opt/airflow/dags/data_ingestion.py
[2025-10-30T07:17:10.364+0000] {processor.py:830} INFO - Processing file /opt/airflow/dags/data_ingestion.py for tasks to queue
[2025-10-30T07:17:10.368+0000] {logging_mixin.py:188} INFO - [2025-10-30T07:17:10.367+0000] {dagbag.py:545} INFO - Filling up the DagBag from /opt/airflow/dags/data_ingestion.py
[2025-10-30T07:17:11.272+0000] {processor.py:840} INFO - DAG(s) 'police_data_ingestion' retrieved from /opt/airflow/dags/data_ingestion.py
[2025-10-30T07:17:11.349+0000] {logging_mixin.py:188} INFO - [2025-10-30T07:17:11.348+0000] {dag.py:3096} INFO - Sync 1 DAGs
[2025-10-30T07:17:11.382+0000] {logging_mixin.py:188} INFO - [2025-10-30T07:17:11.382+0000] {dag.py:3954} INFO - Setting next_dagrun for police_data_ingestion to 2025-11-01 00:00:00+00:00, run_after=2025-12-01 00:00:00+00:00
[2025-10-30T07:17:11.418+0000] {processor.py:183} INFO - Processing /opt/airflow/dags/data_ingestion.py took 1.074 seconds
[2025-10-30T07:17:42.085+0000] {processor.py:161} INFO - Started process (PID=10076) to work on /opt/airflow/dags/data_ingestion.py
[2025-10-30T07:17:42.088+0000] {processor.py:830} INFO - Processing file /opt/airflow/dags/data_ingestion.py for tasks to queue
[2025-10-30T07:17:42.092+0000] {logging_mixin.py:188} INFO - [2025-10-30T07:17:42.091+0000] {dagbag.py:545} INFO - Filling up the DagBag from /opt/airflow/dags/data_ingestion.py
[2025-10-30T07:17:43.018+0000] {processor.py:840} INFO - DAG(s) 'police_data_ingestion' retrieved from /opt/airflow/dags/data_ingestion.py
[2025-10-30T07:17:43.083+0000] {logging_mixin.py:188} INFO - [2025-10-30T07:17:43.082+0000] {dag.py:3096} INFO - Sync 1 DAGs
[2025-10-30T07:17:43.136+0000] {logging_mixin.py:188} INFO - [2025-10-30T07:17:43.135+0000] {dag.py:3954} INFO - Setting next_dagrun for police_data_ingestion to 2025-11-01 00:00:00+00:00, run_after=2025-12-01 00:00:00+00:00
[2025-10-30T07:17:43.186+0000] {processor.py:183} INFO - Processing /opt/airflow/dags/data_ingestion.py took 1.113 seconds
[2025-10-30T07:18:13.964+0000] {processor.py:161} INFO - Started process (PID=10088) to work on /opt/airflow/dags/data_ingestion.py
[2025-10-30T07:18:13.966+0000] {processor.py:830} INFO - Processing file /opt/airflow/dags/data_ingestion.py for tasks to queue
[2025-10-30T07:18:13.969+0000] {logging_mixin.py:188} INFO - [2025-10-30T07:18:13.969+0000] {dagbag.py:545} INFO - Filling up the DagBag from /opt/airflow/dags/data_ingestion.py
[2025-10-30T07:18:14.783+0000] {processor.py:840} INFO - DAG(s) 'police_data_ingestion' retrieved from /opt/airflow/dags/data_ingestion.py
[2025-10-30T07:18:14.836+0000] {logging_mixin.py:188} INFO - [2025-10-30T07:18:14.835+0000] {dag.py:3096} INFO - Sync 1 DAGs
[2025-10-30T07:18:14.871+0000] {logging_mixin.py:188} INFO - [2025-10-30T07:18:14.870+0000] {dag.py:3954} INFO - Setting next_dagrun for police_data_ingestion to 2025-11-01 00:00:00+00:00, run_after=2025-12-01 00:00:00+00:00
[2025-10-30T07:18:14.923+0000] {processor.py:183} INFO - Processing /opt/airflow/dags/data_ingestion.py took 0.972 seconds
[2025-10-30T07:18:45.630+0000] {processor.py:161} INFO - Started process (PID=10100) to work on /opt/airflow/dags/data_ingestion.py
[2025-10-30T07:18:45.633+0000] {processor.py:830} INFO - Processing file /opt/airflow/dags/data_ingestion.py for tasks to queue
[2025-10-30T07:18:45.637+0000] {logging_mixin.py:188} INFO - [2025-10-30T07:18:45.636+0000] {dagbag.py:545} INFO - Filling up the DagBag from /opt/airflow/dags/data_ingestion.py
[2025-10-30T07:18:46.504+0000] {processor.py:840} INFO - DAG(s) 'police_data_ingestion' retrieved from /opt/airflow/dags/data_ingestion.py
[2025-10-30T07:18:46.565+0000] {logging_mixin.py:188} INFO - [2025-10-30T07:18:46.565+0000] {dag.py:3096} INFO - Sync 1 DAGs
[2025-10-30T07:18:46.610+0000] {logging_mixin.py:188} INFO - [2025-10-30T07:18:46.610+0000] {dag.py:3954} INFO - Setting next_dagrun for police_data_ingestion to 2025-11-01 00:00:00+00:00, run_after=2025-12-01 00:00:00+00:00
[2025-10-30T07:18:46.658+0000] {processor.py:183} INFO - Processing /opt/airflow/dags/data_ingestion.py took 1.041 seconds
[2025-10-30T07:19:17.295+0000] {processor.py:161} INFO - Started process (PID=10112) to work on /opt/airflow/dags/data_ingestion.py
[2025-10-30T07:19:17.297+0000] {processor.py:830} INFO - Processing file /opt/airflow/dags/data_ingestion.py for tasks to queue
[2025-10-30T07:19:17.301+0000] {logging_mixin.py:188} INFO - [2025-10-30T07:19:17.300+0000] {dagbag.py:545} INFO - Filling up the DagBag from /opt/airflow/dags/data_ingestion.py
[2025-10-30T07:19:18.107+0000] {processor.py:840} INFO - DAG(s) 'police_data_ingestion' retrieved from /opt/airflow/dags/data_ingestion.py
[2025-10-30T07:19:18.154+0000] {logging_mixin.py:188} INFO - [2025-10-30T07:19:18.154+0000] {dag.py:3096} INFO - Sync 1 DAGs
[2025-10-30T07:19:18.186+0000] {logging_mixin.py:188} INFO - [2025-10-30T07:19:18.186+0000] {dag.py:3954} INFO - Setting next_dagrun for police_data_ingestion to 2025-11-01 00:00:00+00:00, run_after=2025-12-01 00:00:00+00:00
[2025-10-30T07:19:18.239+0000] {processor.py:183} INFO - Processing /opt/airflow/dags/data_ingestion.py took 0.957 seconds
[2025-10-30T07:19:48.933+0000] {processor.py:161} INFO - Started process (PID=10124) to work on /opt/airflow/dags/data_ingestion.py
[2025-10-30T07:19:48.936+0000] {processor.py:830} INFO - Processing file /opt/airflow/dags/data_ingestion.py for tasks to queue
[2025-10-30T07:19:48.941+0000] {logging_mixin.py:188} INFO - [2025-10-30T07:19:48.940+0000] {dagbag.py:545} INFO - Filling up the DagBag from /opt/airflow/dags/data_ingestion.py
[2025-10-30T07:19:49.993+0000] {processor.py:840} INFO - DAG(s) 'police_data_ingestion' retrieved from /opt/airflow/dags/data_ingestion.py
[2025-10-30T07:19:50.052+0000] {logging_mixin.py:188} INFO - [2025-10-30T07:19:50.051+0000] {dag.py:3096} INFO - Sync 1 DAGs
[2025-10-30T07:19:50.095+0000] {logging_mixin.py:188} INFO - [2025-10-30T07:19:50.095+0000] {dag.py:3954} INFO - Setting next_dagrun for police_data_ingestion to 2025-11-01 00:00:00+00:00, run_after=2025-12-01 00:00:00+00:00
[2025-10-30T07:19:50.131+0000] {processor.py:183} INFO - Processing /opt/airflow/dags/data_ingestion.py took 1.214 seconds
[2025-10-30T07:20:20.528+0000] {processor.py:161} INFO - Started process (PID=10136) to work on /opt/airflow/dags/data_ingestion.py
[2025-10-30T07:20:20.531+0000] {processor.py:830} INFO - Processing file /opt/airflow/dags/data_ingestion.py for tasks to queue
[2025-10-30T07:20:20.537+0000] {logging_mixin.py:188} INFO - [2025-10-30T07:20:20.536+0000] {dagbag.py:545} INFO - Filling up the DagBag from /opt/airflow/dags/data_ingestion.py
[2025-10-30T07:20:21.417+0000] {processor.py:840} INFO - DAG(s) 'police_data_ingestion' retrieved from /opt/airflow/dags/data_ingestion.py
[2025-10-30T07:20:21.500+0000] {logging_mixin.py:188} INFO - [2025-10-30T07:20:21.499+0000] {dag.py:3096} INFO - Sync 1 DAGs
[2025-10-30T07:20:21.539+0000] {logging_mixin.py:188} INFO - [2025-10-30T07:20:21.538+0000] {dag.py:3954} INFO - Setting next_dagrun for police_data_ingestion to 2025-11-01 00:00:00+00:00, run_after=2025-12-01 00:00:00+00:00
[2025-10-30T07:20:21.591+0000] {processor.py:183} INFO - Processing /opt/airflow/dags/data_ingestion.py took 1.082 seconds
[2025-10-30T07:20:52.220+0000] {processor.py:161} INFO - Started process (PID=10148) to work on /opt/airflow/dags/data_ingestion.py
[2025-10-30T07:20:52.222+0000] {processor.py:830} INFO - Processing file /opt/airflow/dags/data_ingestion.py for tasks to queue
[2025-10-30T07:20:52.227+0000] {logging_mixin.py:188} INFO - [2025-10-30T07:20:52.226+0000] {dagbag.py:545} INFO - Filling up the DagBag from /opt/airflow/dags/data_ingestion.py
[2025-10-30T07:20:53.319+0000] {processor.py:840} INFO - DAG(s) 'police_data_ingestion' retrieved from /opt/airflow/dags/data_ingestion.py
[2025-10-30T07:20:53.393+0000] {logging_mixin.py:188} INFO - [2025-10-30T07:20:53.392+0000] {dag.py:3096} INFO - Sync 1 DAGs
[2025-10-30T07:20:53.441+0000] {logging_mixin.py:188} INFO - [2025-10-30T07:20:53.440+0000] {dag.py:3954} INFO - Setting next_dagrun for police_data_ingestion to 2025-11-01 00:00:00+00:00, run_after=2025-12-01 00:00:00+00:00
[2025-10-30T07:20:53.497+0000] {processor.py:183} INFO - Processing /opt/airflow/dags/data_ingestion.py took 1.290 seconds
[2025-10-30T07:21:23.934+0000] {processor.py:161} INFO - Started process (PID=10160) to work on /opt/airflow/dags/data_ingestion.py
[2025-10-30T07:21:23.937+0000] {processor.py:830} INFO - Processing file /opt/airflow/dags/data_ingestion.py for tasks to queue
[2025-10-30T07:21:23.942+0000] {logging_mixin.py:188} INFO - [2025-10-30T07:21:23.941+0000] {dagbag.py:545} INFO - Filling up the DagBag from /opt/airflow/dags/data_ingestion.py
[2025-10-30T07:21:24.842+0000] {processor.py:840} INFO - DAG(s) 'police_data_ingestion' retrieved from /opt/airflow/dags/data_ingestion.py
[2025-10-30T07:21:24.908+0000] {logging_mixin.py:188} INFO - [2025-10-30T07:21:24.907+0000] {dag.py:3096} INFO - Sync 1 DAGs
[2025-10-30T07:21:24.948+0000] {logging_mixin.py:188} INFO - [2025-10-30T07:21:24.947+0000] {dag.py:3954} INFO - Setting next_dagrun for police_data_ingestion to 2025-11-01 00:00:00+00:00, run_after=2025-12-01 00:00:00+00:00
[2025-10-30T07:21:24.989+0000] {processor.py:183} INFO - Processing /opt/airflow/dags/data_ingestion.py took 1.069 seconds
[2025-10-30T07:21:55.663+0000] {processor.py:161} INFO - Started process (PID=10172) to work on /opt/airflow/dags/data_ingestion.py
[2025-10-30T07:21:55.666+0000] {processor.py:830} INFO - Processing file /opt/airflow/dags/data_ingestion.py for tasks to queue
[2025-10-30T07:21:55.670+0000] {logging_mixin.py:188} INFO - [2025-10-30T07:21:55.669+0000] {dagbag.py:545} INFO - Filling up the DagBag from /opt/airflow/dags/data_ingestion.py
[2025-10-30T07:21:56.513+0000] {processor.py:840} INFO - DAG(s) 'police_data_ingestion' retrieved from /opt/airflow/dags/data_ingestion.py
[2025-10-30T07:21:56.571+0000] {logging_mixin.py:188} INFO - [2025-10-30T07:21:56.571+0000] {dag.py:3096} INFO - Sync 1 DAGs
[2025-10-30T07:21:56.607+0000] {logging_mixin.py:188} INFO - [2025-10-30T07:21:56.607+0000] {dag.py:3954} INFO - Setting next_dagrun for police_data_ingestion to 2025-11-01 00:00:00+00:00, run_after=2025-12-01 00:00:00+00:00
[2025-10-30T07:21:56.645+0000] {processor.py:183} INFO - Processing /opt/airflow/dags/data_ingestion.py took 0.995 seconds
[2025-10-30T07:22:27.333+0000] {processor.py:161} INFO - Started process (PID=10184) to work on /opt/airflow/dags/data_ingestion.py
[2025-10-30T07:22:27.336+0000] {processor.py:830} INFO - Processing file /opt/airflow/dags/data_ingestion.py for tasks to queue
[2025-10-30T07:22:27.341+0000] {logging_mixin.py:188} INFO - [2025-10-30T07:22:27.341+0000] {dagbag.py:545} INFO - Filling up the DagBag from /opt/airflow/dags/data_ingestion.py
[2025-10-30T07:22:28.129+0000] {processor.py:840} INFO - DAG(s) 'police_data_ingestion' retrieved from /opt/airflow/dags/data_ingestion.py
[2025-10-30T07:22:28.200+0000] {logging_mixin.py:188} INFO - [2025-10-30T07:22:28.199+0000] {dag.py:3096} INFO - Sync 1 DAGs
[2025-10-30T07:22:28.244+0000] {logging_mixin.py:188} INFO - [2025-10-30T07:22:28.244+0000] {dag.py:3954} INFO - Setting next_dagrun for police_data_ingestion to 2025-11-01 00:00:00+00:00, run_after=2025-12-01 00:00:00+00:00
[2025-10-30T07:22:28.296+0000] {processor.py:183} INFO - Processing /opt/airflow/dags/data_ingestion.py took 0.977 seconds
[2025-10-30T07:22:59.074+0000] {processor.py:161} INFO - Started process (PID=10196) to work on /opt/airflow/dags/data_ingestion.py
[2025-10-30T07:22:59.077+0000] {processor.py:830} INFO - Processing file /opt/airflow/dags/data_ingestion.py for tasks to queue
[2025-10-30T07:22:59.081+0000] {logging_mixin.py:188} INFO - [2025-10-30T07:22:59.080+0000] {dagbag.py:545} INFO - Filling up the DagBag from /opt/airflow/dags/data_ingestion.py
[2025-10-30T07:23:00.079+0000] {processor.py:840} INFO - DAG(s) 'police_data_ingestion' retrieved from /opt/airflow/dags/data_ingestion.py
[2025-10-30T07:23:00.141+0000] {logging_mixin.py:188} INFO - [2025-10-30T07:23:00.140+0000] {dag.py:3096} INFO - Sync 1 DAGs
[2025-10-30T07:23:00.178+0000] {logging_mixin.py:188} INFO - [2025-10-30T07:23:00.178+0000] {dag.py:3954} INFO - Setting next_dagrun for police_data_ingestion to 2025-11-01 00:00:00+00:00, run_after=2025-12-01 00:00:00+00:00
[2025-10-30T07:23:00.211+0000] {processor.py:183} INFO - Processing /opt/airflow/dags/data_ingestion.py took 1.152 seconds
[2025-10-30T07:23:30.690+0000] {processor.py:161} INFO - Started process (PID=10208) to work on /opt/airflow/dags/data_ingestion.py
[2025-10-30T07:23:30.695+0000] {processor.py:830} INFO - Processing file /opt/airflow/dags/data_ingestion.py for tasks to queue
[2025-10-30T07:23:30.700+0000] {logging_mixin.py:188} INFO - [2025-10-30T07:23:30.699+0000] {dagbag.py:545} INFO - Filling up the DagBag from /opt/airflow/dags/data_ingestion.py
[2025-10-30T07:23:31.677+0000] {processor.py:840} INFO - DAG(s) 'police_data_ingestion' retrieved from /opt/airflow/dags/data_ingestion.py
[2025-10-30T07:23:31.741+0000] {logging_mixin.py:188} INFO - [2025-10-30T07:23:31.740+0000] {dag.py:3096} INFO - Sync 1 DAGs
[2025-10-30T07:23:31.772+0000] {logging_mixin.py:188} INFO - [2025-10-30T07:23:31.772+0000] {dag.py:3954} INFO - Setting next_dagrun for police_data_ingestion to 2025-11-01 00:00:00+00:00, run_after=2025-12-01 00:00:00+00:00
[2025-10-30T07:23:31.834+0000] {processor.py:183} INFO - Processing /opt/airflow/dags/data_ingestion.py took 1.174 seconds
[2025-10-30T07:24:02.557+0000] {processor.py:161} INFO - Started process (PID=10220) to work on /opt/airflow/dags/data_ingestion.py
[2025-10-30T07:24:02.559+0000] {processor.py:830} INFO - Processing file /opt/airflow/dags/data_ingestion.py for tasks to queue
[2025-10-30T07:24:02.563+0000] {logging_mixin.py:188} INFO - [2025-10-30T07:24:02.563+0000] {dagbag.py:545} INFO - Filling up the DagBag from /opt/airflow/dags/data_ingestion.py
[2025-10-30T07:24:03.479+0000] {processor.py:840} INFO - DAG(s) 'police_data_ingestion' retrieved from /opt/airflow/dags/data_ingestion.py
[2025-10-30T07:24:03.535+0000] {logging_mixin.py:188} INFO - [2025-10-30T07:24:03.534+0000] {dag.py:3096} INFO - Sync 1 DAGs
[2025-10-30T07:24:03.575+0000] {logging_mixin.py:188} INFO - [2025-10-30T07:24:03.574+0000] {dag.py:3954} INFO - Setting next_dagrun for police_data_ingestion to 2025-11-01 00:00:00+00:00, run_after=2025-12-01 00:00:00+00:00
[2025-10-30T07:24:03.617+0000] {processor.py:183} INFO - Processing /opt/airflow/dags/data_ingestion.py took 1.073 seconds
[2025-10-30T07:24:34.234+0000] {processor.py:161} INFO - Started process (PID=10232) to work on /opt/airflow/dags/data_ingestion.py
[2025-10-30T07:24:34.236+0000] {processor.py:830} INFO - Processing file /opt/airflow/dags/data_ingestion.py for tasks to queue
[2025-10-30T07:24:34.241+0000] {logging_mixin.py:188} INFO - [2025-10-30T07:24:34.240+0000] {dagbag.py:545} INFO - Filling up the DagBag from /opt/airflow/dags/data_ingestion.py
[2025-10-30T07:24:35.260+0000] {processor.py:840} INFO - DAG(s) 'police_data_ingestion' retrieved from /opt/airflow/dags/data_ingestion.py
[2025-10-30T07:24:35.338+0000] {logging_mixin.py:188} INFO - [2025-10-30T07:24:35.336+0000] {dag.py:3096} INFO - Sync 1 DAGs
[2025-10-30T07:24:35.405+0000] {logging_mixin.py:188} INFO - [2025-10-30T07:24:35.405+0000] {dag.py:3954} INFO - Setting next_dagrun for police_data_ingestion to 2025-11-01 00:00:00+00:00, run_after=2025-12-01 00:00:00+00:00
[2025-10-30T07:24:35.462+0000] {processor.py:183} INFO - Processing /opt/airflow/dags/data_ingestion.py took 1.244 seconds
[2025-10-30T07:25:06.144+0000] {processor.py:161} INFO - Started process (PID=10244) to work on /opt/airflow/dags/data_ingestion.py
[2025-10-30T07:25:06.146+0000] {processor.py:830} INFO - Processing file /opt/airflow/dags/data_ingestion.py for tasks to queue
[2025-10-30T07:25:06.151+0000] {logging_mixin.py:188} INFO - [2025-10-30T07:25:06.150+0000] {dagbag.py:545} INFO - Filling up the DagBag from /opt/airflow/dags/data_ingestion.py
[2025-10-30T07:25:07.134+0000] {processor.py:840} INFO - DAG(s) 'police_data_ingestion' retrieved from /opt/airflow/dags/data_ingestion.py
[2025-10-30T07:25:07.222+0000] {logging_mixin.py:188} INFO - [2025-10-30T07:25:07.221+0000] {dag.py:3096} INFO - Sync 1 DAGs
[2025-10-30T07:25:07.264+0000] {logging_mixin.py:188} INFO - [2025-10-30T07:25:07.263+0000] {dag.py:3954} INFO - Setting next_dagrun for police_data_ingestion to 2025-11-01 00:00:00+00:00, run_after=2025-12-01 00:00:00+00:00
[2025-10-30T07:25:07.302+0000] {processor.py:183} INFO - Processing /opt/airflow/dags/data_ingestion.py took 1.177 seconds
[2025-10-30T07:25:37.964+0000] {processor.py:161} INFO - Started process (PID=10256) to work on /opt/airflow/dags/data_ingestion.py
[2025-10-30T07:25:37.966+0000] {processor.py:830} INFO - Processing file /opt/airflow/dags/data_ingestion.py for tasks to queue
[2025-10-30T07:25:37.971+0000] {logging_mixin.py:188} INFO - [2025-10-30T07:25:37.970+0000] {dagbag.py:545} INFO - Filling up the DagBag from /opt/airflow/dags/data_ingestion.py
[2025-10-30T07:25:39.062+0000] {processor.py:840} INFO - DAG(s) 'police_data_ingestion' retrieved from /opt/airflow/dags/data_ingestion.py
[2025-10-30T07:25:39.131+0000] {logging_mixin.py:188} INFO - [2025-10-30T07:25:39.130+0000] {dag.py:3096} INFO - Sync 1 DAGs
[2025-10-30T07:25:39.193+0000] {logging_mixin.py:188} INFO - [2025-10-30T07:25:39.192+0000] {dag.py:3954} INFO - Setting next_dagrun for police_data_ingestion to 2025-11-01 00:00:00+00:00, run_after=2025-12-01 00:00:00+00:00
[2025-10-30T07:25:39.274+0000] {processor.py:183} INFO - Processing /opt/airflow/dags/data_ingestion.py took 1.324 seconds
[2025-10-30T07:26:09.633+0000] {processor.py:161} INFO - Started process (PID=10268) to work on /opt/airflow/dags/data_ingestion.py
[2025-10-30T07:26:09.636+0000] {processor.py:830} INFO - Processing file /opt/airflow/dags/data_ingestion.py for tasks to queue
[2025-10-30T07:26:09.641+0000] {logging_mixin.py:188} INFO - [2025-10-30T07:26:09.640+0000] {dagbag.py:545} INFO - Filling up the DagBag from /opt/airflow/dags/data_ingestion.py
[2025-10-30T07:26:10.527+0000] {processor.py:840} INFO - DAG(s) 'police_data_ingestion' retrieved from /opt/airflow/dags/data_ingestion.py
[2025-10-30T07:26:10.581+0000] {logging_mixin.py:188} INFO - [2025-10-30T07:26:10.580+0000] {dag.py:3096} INFO - Sync 1 DAGs
[2025-10-30T07:26:10.623+0000] {logging_mixin.py:188} INFO - [2025-10-30T07:26:10.622+0000] {dag.py:3954} INFO - Setting next_dagrun for police_data_ingestion to 2025-11-01 00:00:00+00:00, run_after=2025-12-01 00:00:00+00:00
[2025-10-30T07:26:10.658+0000] {processor.py:183} INFO - Processing /opt/airflow/dags/data_ingestion.py took 1.046 seconds
[2025-10-30T07:26:41.391+0000] {processor.py:161} INFO - Started process (PID=10280) to work on /opt/airflow/dags/data_ingestion.py
[2025-10-30T07:26:41.393+0000] {processor.py:830} INFO - Processing file /opt/airflow/dags/data_ingestion.py for tasks to queue
[2025-10-30T07:26:41.398+0000] {logging_mixin.py:188} INFO - [2025-10-30T07:26:41.397+0000] {dagbag.py:545} INFO - Filling up the DagBag from /opt/airflow/dags/data_ingestion.py
[2025-10-30T07:26:42.459+0000] {processor.py:840} INFO - DAG(s) 'police_data_ingestion' retrieved from /opt/airflow/dags/data_ingestion.py
[2025-10-30T07:26:42.521+0000] {logging_mixin.py:188} INFO - [2025-10-30T07:26:42.521+0000] {dag.py:3096} INFO - Sync 1 DAGs
[2025-10-30T07:26:42.562+0000] {logging_mixin.py:188} INFO - [2025-10-30T07:26:42.561+0000] {dag.py:3954} INFO - Setting next_dagrun for police_data_ingestion to 2025-11-01 00:00:00+00:00, run_after=2025-12-01 00:00:00+00:00
[2025-10-30T07:26:42.598+0000] {processor.py:183} INFO - Processing /opt/airflow/dags/data_ingestion.py took 1.219 seconds
[2025-10-30T07:27:13.068+0000] {processor.py:161} INFO - Started process (PID=10292) to work on /opt/airflow/dags/data_ingestion.py
[2025-10-30T07:27:13.072+0000] {processor.py:830} INFO - Processing file /opt/airflow/dags/data_ingestion.py for tasks to queue
[2025-10-30T07:27:13.077+0000] {logging_mixin.py:188} INFO - [2025-10-30T07:27:13.076+0000] {dagbag.py:545} INFO - Filling up the DagBag from /opt/airflow/dags/data_ingestion.py
[2025-10-30T07:27:14.239+0000] {processor.py:840} INFO - DAG(s) 'police_data_ingestion' retrieved from /opt/airflow/dags/data_ingestion.py
[2025-10-30T07:27:14.291+0000] {logging_mixin.py:188} INFO - [2025-10-30T07:27:14.290+0000] {dag.py:3096} INFO - Sync 1 DAGs
[2025-10-30T07:27:14.337+0000] {logging_mixin.py:188} INFO - [2025-10-30T07:27:14.336+0000] {dag.py:3954} INFO - Setting next_dagrun for police_data_ingestion to 2025-11-01 00:00:00+00:00, run_after=2025-12-01 00:00:00+00:00
[2025-10-30T07:27:14.383+0000] {processor.py:183} INFO - Processing /opt/airflow/dags/data_ingestion.py took 1.336 seconds
[2025-10-30T07:27:45.026+0000] {processor.py:161} INFO - Started process (PID=10304) to work on /opt/airflow/dags/data_ingestion.py
[2025-10-30T07:27:45.029+0000] {processor.py:830} INFO - Processing file /opt/airflow/dags/data_ingestion.py for tasks to queue
[2025-10-30T07:27:45.033+0000] {logging_mixin.py:188} INFO - [2025-10-30T07:27:45.032+0000] {dagbag.py:545} INFO - Filling up the DagBag from /opt/airflow/dags/data_ingestion.py
[2025-10-30T07:27:45.888+0000] {processor.py:840} INFO - DAG(s) 'police_data_ingestion' retrieved from /opt/airflow/dags/data_ingestion.py
[2025-10-30T07:27:45.952+0000] {logging_mixin.py:188} INFO - [2025-10-30T07:27:45.951+0000] {dag.py:3096} INFO - Sync 1 DAGs
[2025-10-30T07:27:45.992+0000] {logging_mixin.py:188} INFO - [2025-10-30T07:27:45.992+0000] {dag.py:3954} INFO - Setting next_dagrun for police_data_ingestion to 2025-11-01 00:00:00+00:00, run_after=2025-12-01 00:00:00+00:00
[2025-10-30T07:27:46.044+0000] {processor.py:183} INFO - Processing /opt/airflow/dags/data_ingestion.py took 1.031 seconds
[2025-10-30T07:28:16.908+0000] {processor.py:161} INFO - Started process (PID=10316) to work on /opt/airflow/dags/data_ingestion.py
[2025-10-30T07:28:16.911+0000] {processor.py:830} INFO - Processing file /opt/airflow/dags/data_ingestion.py for tasks to queue
[2025-10-30T07:28:16.917+0000] {logging_mixin.py:188} INFO - [2025-10-30T07:28:16.916+0000] {dagbag.py:545} INFO - Filling up the DagBag from /opt/airflow/dags/data_ingestion.py
[2025-10-30T07:28:17.735+0000] {processor.py:840} INFO - DAG(s) 'police_data_ingestion' retrieved from /opt/airflow/dags/data_ingestion.py
[2025-10-30T07:28:17.797+0000] {logging_mixin.py:188} INFO - [2025-10-30T07:28:17.796+0000] {dag.py:3096} INFO - Sync 1 DAGs
[2025-10-30T07:28:17.851+0000] {logging_mixin.py:188} INFO - [2025-10-30T07:28:17.850+0000] {dag.py:3954} INFO - Setting next_dagrun for police_data_ingestion to 2025-11-01 00:00:00+00:00, run_after=2025-12-01 00:00:00+00:00
[2025-10-30T07:28:17.901+0000] {processor.py:183} INFO - Processing /opt/airflow/dags/data_ingestion.py took 1.013 seconds
[2025-10-30T07:28:48.613+0000] {processor.py:161} INFO - Started process (PID=10328) to work on /opt/airflow/dags/data_ingestion.py
[2025-10-30T07:28:48.616+0000] {processor.py:830} INFO - Processing file /opt/airflow/dags/data_ingestion.py for tasks to queue
[2025-10-30T07:28:48.620+0000] {logging_mixin.py:188} INFO - [2025-10-30T07:28:48.619+0000] {dagbag.py:545} INFO - Filling up the DagBag from /opt/airflow/dags/data_ingestion.py
[2025-10-30T07:28:49.469+0000] {processor.py:840} INFO - DAG(s) 'police_data_ingestion' retrieved from /opt/airflow/dags/data_ingestion.py
[2025-10-30T07:28:49.517+0000] {logging_mixin.py:188} INFO - [2025-10-30T07:28:49.516+0000] {dag.py:3096} INFO - Sync 1 DAGs
[2025-10-30T07:28:49.551+0000] {logging_mixin.py:188} INFO - [2025-10-30T07:28:49.551+0000] {dag.py:3954} INFO - Setting next_dagrun for police_data_ingestion to 2025-11-01 00:00:00+00:00, run_after=2025-12-01 00:00:00+00:00
[2025-10-30T07:28:49.596+0000] {processor.py:183} INFO - Processing /opt/airflow/dags/data_ingestion.py took 0.993 seconds
[2025-10-30T07:29:20.269+0000] {processor.py:161} INFO - Started process (PID=10340) to work on /opt/airflow/dags/data_ingestion.py
[2025-10-30T07:29:20.271+0000] {processor.py:830} INFO - Processing file /opt/airflow/dags/data_ingestion.py for tasks to queue
[2025-10-30T07:29:20.275+0000] {logging_mixin.py:188} INFO - [2025-10-30T07:29:20.274+0000] {dagbag.py:545} INFO - Filling up the DagBag from /opt/airflow/dags/data_ingestion.py
[2025-10-30T07:29:21.101+0000] {processor.py:840} INFO - DAG(s) 'police_data_ingestion' retrieved from /opt/airflow/dags/data_ingestion.py
[2025-10-30T07:29:21.150+0000] {logging_mixin.py:188} INFO - [2025-10-30T07:29:21.150+0000] {dag.py:3096} INFO - Sync 1 DAGs
[2025-10-30T07:29:21.183+0000] {logging_mixin.py:188} INFO - [2025-10-30T07:29:21.183+0000] {dag.py:3954} INFO - Setting next_dagrun for police_data_ingestion to 2025-11-01 00:00:00+00:00, run_after=2025-12-01 00:00:00+00:00
[2025-10-30T07:29:21.230+0000] {processor.py:183} INFO - Processing /opt/airflow/dags/data_ingestion.py took 0.973 seconds
[2025-10-30T07:29:51.900+0000] {processor.py:161} INFO - Started process (PID=10352) to work on /opt/airflow/dags/data_ingestion.py
[2025-10-30T07:29:51.902+0000] {processor.py:830} INFO - Processing file /opt/airflow/dags/data_ingestion.py for tasks to queue
[2025-10-30T07:29:51.907+0000] {logging_mixin.py:188} INFO - [2025-10-30T07:29:51.906+0000] {dagbag.py:545} INFO - Filling up the DagBag from /opt/airflow/dags/data_ingestion.py
[2025-10-30T07:29:52.764+0000] {processor.py:840} INFO - DAG(s) 'police_data_ingestion' retrieved from /opt/airflow/dags/data_ingestion.py
[2025-10-30T07:29:52.818+0000] {logging_mixin.py:188} INFO - [2025-10-30T07:29:52.818+0000] {dag.py:3096} INFO - Sync 1 DAGs
[2025-10-30T07:29:52.854+0000] {logging_mixin.py:188} INFO - [2025-10-30T07:29:52.853+0000] {dag.py:3954} INFO - Setting next_dagrun for police_data_ingestion to 2025-11-01 00:00:00+00:00, run_after=2025-12-01 00:00:00+00:00
[2025-10-30T07:29:52.898+0000] {processor.py:183} INFO - Processing /opt/airflow/dags/data_ingestion.py took 1.011 seconds
[2025-10-30T07:30:23.577+0000] {processor.py:161} INFO - Started process (PID=10364) to work on /opt/airflow/dags/data_ingestion.py
[2025-10-30T07:30:23.579+0000] {processor.py:830} INFO - Processing file /opt/airflow/dags/data_ingestion.py for tasks to queue
[2025-10-30T07:30:23.583+0000] {logging_mixin.py:188} INFO - [2025-10-30T07:30:23.583+0000] {dagbag.py:545} INFO - Filling up the DagBag from /opt/airflow/dags/data_ingestion.py
[2025-10-30T07:30:24.433+0000] {processor.py:840} INFO - DAG(s) 'police_data_ingestion' retrieved from /opt/airflow/dags/data_ingestion.py
[2025-10-30T07:30:24.489+0000] {logging_mixin.py:188} INFO - [2025-10-30T07:30:24.489+0000] {dag.py:3096} INFO - Sync 1 DAGs
[2025-10-30T07:30:24.538+0000] {logging_mixin.py:188} INFO - [2025-10-30T07:30:24.538+0000] {dag.py:3954} INFO - Setting next_dagrun for police_data_ingestion to 2025-11-01 00:00:00+00:00, run_after=2025-12-01 00:00:00+00:00
[2025-10-30T07:30:24.606+0000] {processor.py:183} INFO - Processing /opt/airflow/dags/data_ingestion.py took 1.047 seconds
[2025-10-30T07:30:55.322+0000] {processor.py:161} INFO - Started process (PID=10376) to work on /opt/airflow/dags/data_ingestion.py
[2025-10-30T07:30:55.325+0000] {processor.py:830} INFO - Processing file /opt/airflow/dags/data_ingestion.py for tasks to queue
[2025-10-30T07:30:55.332+0000] {logging_mixin.py:188} INFO - [2025-10-30T07:30:55.331+0000] {dagbag.py:545} INFO - Filling up the DagBag from /opt/airflow/dags/data_ingestion.py
[2025-10-30T07:30:56.147+0000] {processor.py:840} INFO - DAG(s) 'police_data_ingestion' retrieved from /opt/airflow/dags/data_ingestion.py
[2025-10-30T07:30:56.195+0000] {logging_mixin.py:188} INFO - [2025-10-30T07:30:56.195+0000] {dag.py:3096} INFO - Sync 1 DAGs
[2025-10-30T07:30:56.229+0000] {logging_mixin.py:188} INFO - [2025-10-30T07:30:56.228+0000] {dag.py:3954} INFO - Setting next_dagrun for police_data_ingestion to 2025-11-01 00:00:00+00:00, run_after=2025-12-01 00:00:00+00:00
[2025-10-30T07:30:56.281+0000] {processor.py:183} INFO - Processing /opt/airflow/dags/data_ingestion.py took 0.973 seconds
[2025-10-30T07:31:27.016+0000] {processor.py:161} INFO - Started process (PID=10388) to work on /opt/airflow/dags/data_ingestion.py
[2025-10-30T07:31:27.019+0000] {processor.py:830} INFO - Processing file /opt/airflow/dags/data_ingestion.py for tasks to queue
[2025-10-30T07:31:27.023+0000] {logging_mixin.py:188} INFO - [2025-10-30T07:31:27.022+0000] {dagbag.py:545} INFO - Filling up the DagBag from /opt/airflow/dags/data_ingestion.py
[2025-10-30T07:31:27.822+0000] {processor.py:840} INFO - DAG(s) 'police_data_ingestion' retrieved from /opt/airflow/dags/data_ingestion.py
[2025-10-30T07:31:27.871+0000] {logging_mixin.py:188} INFO - [2025-10-30T07:31:27.870+0000] {dag.py:3096} INFO - Sync 1 DAGs
[2025-10-30T07:31:27.900+0000] {logging_mixin.py:188} INFO - [2025-10-30T07:31:27.899+0000] {dag.py:3954} INFO - Setting next_dagrun for police_data_ingestion to 2025-11-01 00:00:00+00:00, run_after=2025-12-01 00:00:00+00:00
[2025-10-30T07:31:27.942+0000] {processor.py:183} INFO - Processing /opt/airflow/dags/data_ingestion.py took 0.939 seconds
[2025-10-30T07:31:58.745+0000] {processor.py:161} INFO - Started process (PID=10400) to work on /opt/airflow/dags/data_ingestion.py
[2025-10-30T07:31:58.748+0000] {processor.py:830} INFO - Processing file /opt/airflow/dags/data_ingestion.py for tasks to queue
[2025-10-30T07:31:58.751+0000] {logging_mixin.py:188} INFO - [2025-10-30T07:31:58.751+0000] {dagbag.py:545} INFO - Filling up the DagBag from /opt/airflow/dags/data_ingestion.py
[2025-10-30T07:31:59.632+0000] {processor.py:840} INFO - DAG(s) 'police_data_ingestion' retrieved from /opt/airflow/dags/data_ingestion.py
[2025-10-30T07:31:59.698+0000] {logging_mixin.py:188} INFO - [2025-10-30T07:31:59.697+0000] {dag.py:3096} INFO - Sync 1 DAGs
[2025-10-30T07:31:59.761+0000] {logging_mixin.py:188} INFO - [2025-10-30T07:31:59.761+0000] {dag.py:3954} INFO - Setting next_dagrun for police_data_ingestion to 2025-11-01 00:00:00+00:00, run_after=2025-12-01 00:00:00+00:00
[2025-10-30T07:31:59.803+0000] {processor.py:183} INFO - Processing /opt/airflow/dags/data_ingestion.py took 1.069 seconds
[2025-10-30T07:32:30.591+0000] {processor.py:161} INFO - Started process (PID=10412) to work on /opt/airflow/dags/data_ingestion.py
[2025-10-30T07:32:30.593+0000] {processor.py:830} INFO - Processing file /opt/airflow/dags/data_ingestion.py for tasks to queue
[2025-10-30T07:32:30.598+0000] {logging_mixin.py:188} INFO - [2025-10-30T07:32:30.597+0000] {dagbag.py:545} INFO - Filling up the DagBag from /opt/airflow/dags/data_ingestion.py
[2025-10-30T07:32:31.441+0000] {processor.py:840} INFO - DAG(s) 'police_data_ingestion' retrieved from /opt/airflow/dags/data_ingestion.py
[2025-10-30T07:32:31.496+0000] {logging_mixin.py:188} INFO - [2025-10-30T07:32:31.496+0000] {dag.py:3096} INFO - Sync 1 DAGs
[2025-10-30T07:32:31.536+0000] {logging_mixin.py:188} INFO - [2025-10-30T07:32:31.536+0000] {dag.py:3954} INFO - Setting next_dagrun for police_data_ingestion to 2025-11-01 00:00:00+00:00, run_after=2025-12-01 00:00:00+00:00
[2025-10-30T07:32:31.583+0000] {processor.py:183} INFO - Processing /opt/airflow/dags/data_ingestion.py took 1.003 seconds
[2025-10-30T07:33:02.555+0000] {processor.py:161} INFO - Started process (PID=10424) to work on /opt/airflow/dags/data_ingestion.py
[2025-10-30T07:33:02.559+0000] {processor.py:830} INFO - Processing file /opt/airflow/dags/data_ingestion.py for tasks to queue
[2025-10-30T07:33:02.567+0000] {logging_mixin.py:188} INFO - [2025-10-30T07:33:02.566+0000] {dagbag.py:545} INFO - Filling up the DagBag from /opt/airflow/dags/data_ingestion.py
[2025-10-30T07:33:03.403+0000] {processor.py:840} INFO - DAG(s) 'police_data_ingestion' retrieved from /opt/airflow/dags/data_ingestion.py
[2025-10-30T07:33:03.448+0000] {logging_mixin.py:188} INFO - [2025-10-30T07:33:03.447+0000] {dag.py:3096} INFO - Sync 1 DAGs
[2025-10-30T07:33:03.481+0000] {logging_mixin.py:188} INFO - [2025-10-30T07:33:03.481+0000] {dag.py:3954} INFO - Setting next_dagrun for police_data_ingestion to 2025-11-01 00:00:00+00:00, run_after=2025-12-01 00:00:00+00:00
[2025-10-30T07:33:03.527+0000] {processor.py:183} INFO - Processing /opt/airflow/dags/data_ingestion.py took 0.993 seconds
[2025-10-30T07:33:34.251+0000] {processor.py:161} INFO - Started process (PID=10436) to work on /opt/airflow/dags/data_ingestion.py
[2025-10-30T07:33:34.254+0000] {processor.py:830} INFO - Processing file /opt/airflow/dags/data_ingestion.py for tasks to queue
[2025-10-30T07:33:34.259+0000] {logging_mixin.py:188} INFO - [2025-10-30T07:33:34.258+0000] {dagbag.py:545} INFO - Filling up the DagBag from /opt/airflow/dags/data_ingestion.py
[2025-10-30T07:33:35.045+0000] {processor.py:840} INFO - DAG(s) 'police_data_ingestion' retrieved from /opt/airflow/dags/data_ingestion.py
[2025-10-30T07:33:35.097+0000] {logging_mixin.py:188} INFO - [2025-10-30T07:33:35.096+0000] {dag.py:3096} INFO - Sync 1 DAGs
[2025-10-30T07:33:35.128+0000] {logging_mixin.py:188} INFO - [2025-10-30T07:33:35.127+0000] {dag.py:3954} INFO - Setting next_dagrun for police_data_ingestion to 2025-11-01 00:00:00+00:00, run_after=2025-12-01 00:00:00+00:00
[2025-10-30T07:33:35.179+0000] {processor.py:183} INFO - Processing /opt/airflow/dags/data_ingestion.py took 0.945 seconds
[2025-10-30T07:34:05.882+0000] {processor.py:161} INFO - Started process (PID=10448) to work on /opt/airflow/dags/data_ingestion.py
[2025-10-30T07:34:05.884+0000] {processor.py:830} INFO - Processing file /opt/airflow/dags/data_ingestion.py for tasks to queue
[2025-10-30T07:34:05.889+0000] {logging_mixin.py:188} INFO - [2025-10-30T07:34:05.888+0000] {dagbag.py:545} INFO - Filling up the DagBag from /opt/airflow/dags/data_ingestion.py
[2025-10-30T07:34:06.749+0000] {processor.py:840} INFO - DAG(s) 'police_data_ingestion' retrieved from /opt/airflow/dags/data_ingestion.py
[2025-10-30T07:34:06.802+0000] {logging_mixin.py:188} INFO - [2025-10-30T07:34:06.802+0000] {dag.py:3096} INFO - Sync 1 DAGs
[2025-10-30T07:34:06.836+0000] {logging_mixin.py:188} INFO - [2025-10-30T07:34:06.836+0000] {dag.py:3954} INFO - Setting next_dagrun for police_data_ingestion to 2025-11-01 00:00:00+00:00, run_after=2025-12-01 00:00:00+00:00
[2025-10-30T07:34:06.872+0000] {processor.py:183} INFO - Processing /opt/airflow/dags/data_ingestion.py took 1.005 seconds
[2025-10-30T07:34:37.551+0000] {processor.py:161} INFO - Started process (PID=10460) to work on /opt/airflow/dags/data_ingestion.py
[2025-10-30T07:34:37.554+0000] {processor.py:830} INFO - Processing file /opt/airflow/dags/data_ingestion.py for tasks to queue
[2025-10-30T07:34:37.558+0000] {logging_mixin.py:188} INFO - [2025-10-30T07:34:37.557+0000] {dagbag.py:545} INFO - Filling up the DagBag from /opt/airflow/dags/data_ingestion.py
[2025-10-30T07:34:38.374+0000] {processor.py:840} INFO - DAG(s) 'police_data_ingestion' retrieved from /opt/airflow/dags/data_ingestion.py
[2025-10-30T07:34:38.430+0000] {logging_mixin.py:188} INFO - [2025-10-30T07:34:38.430+0000] {dag.py:3096} INFO - Sync 1 DAGs
[2025-10-30T07:34:38.462+0000] {logging_mixin.py:188} INFO - [2025-10-30T07:34:38.461+0000] {dag.py:3954} INFO - Setting next_dagrun for police_data_ingestion to 2025-11-01 00:00:00+00:00, run_after=2025-12-01 00:00:00+00:00
[2025-10-30T07:34:38.505+0000] {processor.py:183} INFO - Processing /opt/airflow/dags/data_ingestion.py took 0.967 seconds
[2025-10-30T07:35:09.264+0000] {processor.py:161} INFO - Started process (PID=10472) to work on /opt/airflow/dags/data_ingestion.py
[2025-10-30T07:35:09.266+0000] {processor.py:830} INFO - Processing file /opt/airflow/dags/data_ingestion.py for tasks to queue
[2025-10-30T07:35:09.270+0000] {logging_mixin.py:188} INFO - [2025-10-30T07:35:09.269+0000] {dagbag.py:545} INFO - Filling up the DagBag from /opt/airflow/dags/data_ingestion.py
[2025-10-30T07:35:10.126+0000] {processor.py:840} INFO - DAG(s) 'police_data_ingestion' retrieved from /opt/airflow/dags/data_ingestion.py
[2025-10-30T07:35:10.174+0000] {logging_mixin.py:188} INFO - [2025-10-30T07:35:10.173+0000] {dag.py:3096} INFO - Sync 1 DAGs
[2025-10-30T07:35:10.204+0000] {logging_mixin.py:188} INFO - [2025-10-30T07:35:10.204+0000] {dag.py:3954} INFO - Setting next_dagrun for police_data_ingestion to 2025-11-01 00:00:00+00:00, run_after=2025-12-01 00:00:00+00:00
[2025-10-30T07:35:10.250+0000] {processor.py:183} INFO - Processing /opt/airflow/dags/data_ingestion.py took 0.998 seconds
[2025-10-30T07:35:40.867+0000] {processor.py:161} INFO - Started process (PID=10484) to work on /opt/airflow/dags/data_ingestion.py
[2025-10-30T07:35:40.870+0000] {processor.py:830} INFO - Processing file /opt/airflow/dags/data_ingestion.py for tasks to queue
[2025-10-30T07:35:40.875+0000] {logging_mixin.py:188} INFO - [2025-10-30T07:35:40.874+0000] {dagbag.py:545} INFO - Filling up the DagBag from /opt/airflow/dags/data_ingestion.py
[2025-10-30T07:35:41.744+0000] {processor.py:840} INFO - DAG(s) 'police_data_ingestion' retrieved from /opt/airflow/dags/data_ingestion.py
[2025-10-30T07:35:41.802+0000] {logging_mixin.py:188} INFO - [2025-10-30T07:35:41.801+0000] {dag.py:3096} INFO - Sync 1 DAGs
[2025-10-30T07:35:41.847+0000] {logging_mixin.py:188} INFO - [2025-10-30T07:35:41.846+0000] {dag.py:3954} INFO - Setting next_dagrun for police_data_ingestion to 2025-11-01 00:00:00+00:00, run_after=2025-12-01 00:00:00+00:00
[2025-10-30T07:35:41.880+0000] {processor.py:183} INFO - Processing /opt/airflow/dags/data_ingestion.py took 1.028 seconds
[2025-10-30T07:36:12.476+0000] {processor.py:161} INFO - Started process (PID=10496) to work on /opt/airflow/dags/data_ingestion.py
[2025-10-30T07:36:12.479+0000] {processor.py:830} INFO - Processing file /opt/airflow/dags/data_ingestion.py for tasks to queue
[2025-10-30T07:36:12.483+0000] {logging_mixin.py:188} INFO - [2025-10-30T07:36:12.482+0000] {dagbag.py:545} INFO - Filling up the DagBag from /opt/airflow/dags/data_ingestion.py
[2025-10-30T07:36:13.391+0000] {processor.py:840} INFO - DAG(s) 'police_data_ingestion' retrieved from /opt/airflow/dags/data_ingestion.py
[2025-10-30T07:36:13.444+0000] {logging_mixin.py:188} INFO - [2025-10-30T07:36:13.443+0000] {dag.py:3096} INFO - Sync 1 DAGs
[2025-10-30T07:36:13.480+0000] {logging_mixin.py:188} INFO - [2025-10-30T07:36:13.480+0000] {dag.py:3954} INFO - Setting next_dagrun for police_data_ingestion to 2025-11-01 00:00:00+00:00, run_after=2025-12-01 00:00:00+00:00
[2025-10-30T07:36:13.530+0000] {processor.py:183} INFO - Processing /opt/airflow/dags/data_ingestion.py took 1.068 seconds
[2025-10-30T07:36:44.217+0000] {processor.py:161} INFO - Started process (PID=10508) to work on /opt/airflow/dags/data_ingestion.py
[2025-10-30T07:36:44.223+0000] {processor.py:830} INFO - Processing file /opt/airflow/dags/data_ingestion.py for tasks to queue
[2025-10-30T07:36:44.239+0000] {logging_mixin.py:188} INFO - [2025-10-30T07:36:44.237+0000] {dagbag.py:545} INFO - Filling up the DagBag from /opt/airflow/dags/data_ingestion.py
[2025-10-30T07:36:45.235+0000] {processor.py:840} INFO - DAG(s) 'police_data_ingestion' retrieved from /opt/airflow/dags/data_ingestion.py
[2025-10-30T07:36:45.284+0000] {logging_mixin.py:188} INFO - [2025-10-30T07:36:45.283+0000] {dag.py:3096} INFO - Sync 1 DAGs
[2025-10-30T07:36:45.322+0000] {logging_mixin.py:188} INFO - [2025-10-30T07:36:45.321+0000] {dag.py:3954} INFO - Setting next_dagrun for police_data_ingestion to 2025-11-01 00:00:00+00:00, run_after=2025-12-01 00:00:00+00:00
[2025-10-30T07:36:45.370+0000] {processor.py:183} INFO - Processing /opt/airflow/dags/data_ingestion.py took 1.202 seconds
[2025-10-30T07:37:16.023+0000] {processor.py:161} INFO - Started process (PID=10520) to work on /opt/airflow/dags/data_ingestion.py
[2025-10-30T07:37:16.026+0000] {processor.py:830} INFO - Processing file /opt/airflow/dags/data_ingestion.py for tasks to queue
[2025-10-30T07:37:16.031+0000] {logging_mixin.py:188} INFO - [2025-10-30T07:37:16.030+0000] {dagbag.py:545} INFO - Filling up the DagBag from /opt/airflow/dags/data_ingestion.py
[2025-10-30T07:37:16.909+0000] {processor.py:840} INFO - DAG(s) 'police_data_ingestion' retrieved from /opt/airflow/dags/data_ingestion.py
[2025-10-30T07:37:16.962+0000] {logging_mixin.py:188} INFO - [2025-10-30T07:37:16.961+0000] {dag.py:3096} INFO - Sync 1 DAGs
[2025-10-30T07:37:17.000+0000] {logging_mixin.py:188} INFO - [2025-10-30T07:37:17.000+0000] {dag.py:3954} INFO - Setting next_dagrun for police_data_ingestion to 2025-11-01 00:00:00+00:00, run_after=2025-12-01 00:00:00+00:00
[2025-10-30T07:37:17.054+0000] {processor.py:183} INFO - Processing /opt/airflow/dags/data_ingestion.py took 1.050 seconds
[2025-10-30T07:37:47.763+0000] {processor.py:161} INFO - Started process (PID=10532) to work on /opt/airflow/dags/data_ingestion.py
[2025-10-30T07:37:47.766+0000] {processor.py:830} INFO - Processing file /opt/airflow/dags/data_ingestion.py for tasks to queue
[2025-10-30T07:37:47.770+0000] {logging_mixin.py:188} INFO - [2025-10-30T07:37:47.769+0000] {dagbag.py:545} INFO - Filling up the DagBag from /opt/airflow/dags/data_ingestion.py
[2025-10-30T07:37:48.602+0000] {processor.py:840} INFO - DAG(s) 'police_data_ingestion' retrieved from /opt/airflow/dags/data_ingestion.py
[2025-10-30T07:37:48.654+0000] {logging_mixin.py:188} INFO - [2025-10-30T07:37:48.653+0000] {dag.py:3096} INFO - Sync 1 DAGs
[2025-10-30T07:37:48.683+0000] {logging_mixin.py:188} INFO - [2025-10-30T07:37:48.683+0000] {dag.py:3954} INFO - Setting next_dagrun for police_data_ingestion to 2025-11-01 00:00:00+00:00, run_after=2025-12-01 00:00:00+00:00
[2025-10-30T07:37:48.734+0000] {processor.py:183} INFO - Processing /opt/airflow/dags/data_ingestion.py took 0.984 seconds
[2025-10-30T07:38:19.538+0000] {processor.py:161} INFO - Started process (PID=10544) to work on /opt/airflow/dags/data_ingestion.py
[2025-10-30T07:38:19.540+0000] {processor.py:830} INFO - Processing file /opt/airflow/dags/data_ingestion.py for tasks to queue
[2025-10-30T07:38:19.544+0000] {logging_mixin.py:188} INFO - [2025-10-30T07:38:19.543+0000] {dagbag.py:545} INFO - Filling up the DagBag from /opt/airflow/dags/data_ingestion.py
[2025-10-30T07:38:20.398+0000] {processor.py:840} INFO - DAG(s) 'police_data_ingestion' retrieved from /opt/airflow/dags/data_ingestion.py
[2025-10-30T07:38:20.448+0000] {logging_mixin.py:188} INFO - [2025-10-30T07:38:20.447+0000] {dag.py:3096} INFO - Sync 1 DAGs
[2025-10-30T07:38:20.496+0000] {logging_mixin.py:188} INFO - [2025-10-30T07:38:20.495+0000] {dag.py:3954} INFO - Setting next_dagrun for police_data_ingestion to 2025-11-01 00:00:00+00:00, run_after=2025-12-01 00:00:00+00:00
[2025-10-30T07:38:20.541+0000] {processor.py:183} INFO - Processing /opt/airflow/dags/data_ingestion.py took 1.014 seconds
[2025-10-30T07:38:51.160+0000] {processor.py:161} INFO - Started process (PID=10556) to work on /opt/airflow/dags/data_ingestion.py
[2025-10-30T07:38:51.163+0000] {processor.py:830} INFO - Processing file /opt/airflow/dags/data_ingestion.py for tasks to queue
[2025-10-30T07:38:51.169+0000] {logging_mixin.py:188} INFO - [2025-10-30T07:38:51.168+0000] {dagbag.py:545} INFO - Filling up the DagBag from /opt/airflow/dags/data_ingestion.py
[2025-10-30T07:38:52.135+0000] {processor.py:840} INFO - DAG(s) 'police_data_ingestion' retrieved from /opt/airflow/dags/data_ingestion.py
[2025-10-30T07:38:52.189+0000] {logging_mixin.py:188} INFO - [2025-10-30T07:38:52.188+0000] {dag.py:3096} INFO - Sync 1 DAGs
[2025-10-30T07:38:52.227+0000] {logging_mixin.py:188} INFO - [2025-10-30T07:38:52.227+0000] {dag.py:3954} INFO - Setting next_dagrun for police_data_ingestion to 2025-11-01 00:00:00+00:00, run_after=2025-12-01 00:00:00+00:00
[2025-10-30T07:38:52.275+0000] {processor.py:183} INFO - Processing /opt/airflow/dags/data_ingestion.py took 1.133 seconds
[2025-10-30T07:39:23.060+0000] {processor.py:161} INFO - Started process (PID=10568) to work on /opt/airflow/dags/data_ingestion.py
[2025-10-30T07:39:23.066+0000] {processor.py:830} INFO - Processing file /opt/airflow/dags/data_ingestion.py for tasks to queue
[2025-10-30T07:39:23.076+0000] {logging_mixin.py:188} INFO - [2025-10-30T07:39:23.075+0000] {dagbag.py:545} INFO - Filling up the DagBag from /opt/airflow/dags/data_ingestion.py
[2025-10-30T07:39:23.971+0000] {processor.py:840} INFO - DAG(s) 'police_data_ingestion' retrieved from /opt/airflow/dags/data_ingestion.py
[2025-10-30T07:39:24.021+0000] {logging_mixin.py:188} INFO - [2025-10-30T07:39:24.020+0000] {dag.py:3096} INFO - Sync 1 DAGs
[2025-10-30T07:39:24.064+0000] {logging_mixin.py:188} INFO - [2025-10-30T07:39:24.063+0000] {dag.py:3954} INFO - Setting next_dagrun for police_data_ingestion to 2025-11-01 00:00:00+00:00, run_after=2025-12-01 00:00:00+00:00
[2025-10-30T07:39:24.125+0000] {processor.py:183} INFO - Processing /opt/airflow/dags/data_ingestion.py took 1.095 seconds
[2025-10-30T07:39:54.846+0000] {processor.py:161} INFO - Started process (PID=10580) to work on /opt/airflow/dags/data_ingestion.py
[2025-10-30T07:39:54.848+0000] {processor.py:830} INFO - Processing file /opt/airflow/dags/data_ingestion.py for tasks to queue
[2025-10-30T07:39:54.852+0000] {logging_mixin.py:188} INFO - [2025-10-30T07:39:54.852+0000] {dagbag.py:545} INFO - Filling up the DagBag from /opt/airflow/dags/data_ingestion.py
[2025-10-30T07:39:55.699+0000] {processor.py:840} INFO - DAG(s) 'police_data_ingestion' retrieved from /opt/airflow/dags/data_ingestion.py
[2025-10-30T07:39:55.748+0000] {logging_mixin.py:188} INFO - [2025-10-30T07:39:55.747+0000] {dag.py:3096} INFO - Sync 1 DAGs
[2025-10-30T07:39:55.778+0000] {logging_mixin.py:188} INFO - [2025-10-30T07:39:55.777+0000] {dag.py:3954} INFO - Setting next_dagrun for police_data_ingestion to 2025-11-01 00:00:00+00:00, run_after=2025-12-01 00:00:00+00:00
[2025-10-30T07:39:55.824+0000] {processor.py:183} INFO - Processing /opt/airflow/dags/data_ingestion.py took 0.989 seconds
[2025-10-30T07:40:26.572+0000] {processor.py:161} INFO - Started process (PID=10592) to work on /opt/airflow/dags/data_ingestion.py
[2025-10-30T07:40:26.574+0000] {processor.py:830} INFO - Processing file /opt/airflow/dags/data_ingestion.py for tasks to queue
[2025-10-30T07:40:26.579+0000] {logging_mixin.py:188} INFO - [2025-10-30T07:40:26.578+0000] {dagbag.py:545} INFO - Filling up the DagBag from /opt/airflow/dags/data_ingestion.py
[2025-10-30T07:40:27.376+0000] {processor.py:840} INFO - DAG(s) 'police_data_ingestion' retrieved from /opt/airflow/dags/data_ingestion.py
[2025-10-30T07:40:27.424+0000] {logging_mixin.py:188} INFO - [2025-10-30T07:40:27.424+0000] {dag.py:3096} INFO - Sync 1 DAGs
[2025-10-30T07:40:27.454+0000] {logging_mixin.py:188} INFO - [2025-10-30T07:40:27.453+0000] {dag.py:3954} INFO - Setting next_dagrun for police_data_ingestion to 2025-11-01 00:00:00+00:00, run_after=2025-12-01 00:00:00+00:00
[2025-10-30T07:40:27.503+0000] {processor.py:183} INFO - Processing /opt/airflow/dags/data_ingestion.py took 0.949 seconds
[2025-10-30T07:40:58.251+0000] {processor.py:161} INFO - Started process (PID=10604) to work on /opt/airflow/dags/data_ingestion.py
[2025-10-30T07:40:58.253+0000] {processor.py:830} INFO - Processing file /opt/airflow/dags/data_ingestion.py for tasks to queue
[2025-10-30T07:40:58.258+0000] {logging_mixin.py:188} INFO - [2025-10-30T07:40:58.257+0000] {dagbag.py:545} INFO - Filling up the DagBag from /opt/airflow/dags/data_ingestion.py
[2025-10-30T07:40:59.025+0000] {processor.py:840} INFO - DAG(s) 'police_data_ingestion' retrieved from /opt/airflow/dags/data_ingestion.py
[2025-10-30T07:40:59.076+0000] {logging_mixin.py:188} INFO - [2025-10-30T07:40:59.075+0000] {dag.py:3096} INFO - Sync 1 DAGs
[2025-10-30T07:40:59.111+0000] {logging_mixin.py:188} INFO - [2025-10-30T07:40:59.110+0000] {dag.py:3954} INFO - Setting next_dagrun for police_data_ingestion to 2025-11-01 00:00:00+00:00, run_after=2025-12-01 00:00:00+00:00
[2025-10-30T07:40:59.164+0000] {processor.py:183} INFO - Processing /opt/airflow/dags/data_ingestion.py took 0.927 seconds
[2025-10-30T07:41:29.907+0000] {processor.py:161} INFO - Started process (PID=10616) to work on /opt/airflow/dags/data_ingestion.py
[2025-10-30T07:41:29.909+0000] {processor.py:830} INFO - Processing file /opt/airflow/dags/data_ingestion.py for tasks to queue
[2025-10-30T07:41:29.914+0000] {logging_mixin.py:188} INFO - [2025-10-30T07:41:29.913+0000] {dagbag.py:545} INFO - Filling up the DagBag from /opt/airflow/dags/data_ingestion.py
[2025-10-30T07:41:30.733+0000] {processor.py:840} INFO - DAG(s) 'police_data_ingestion' retrieved from /opt/airflow/dags/data_ingestion.py
[2025-10-30T07:41:30.793+0000] {logging_mixin.py:188} INFO - [2025-10-30T07:41:30.792+0000] {dag.py:3096} INFO - Sync 1 DAGs
[2025-10-30T07:41:30.845+0000] {logging_mixin.py:188} INFO - [2025-10-30T07:41:30.844+0000] {dag.py:3954} INFO - Setting next_dagrun for police_data_ingestion to 2025-11-01 00:00:00+00:00, run_after=2025-12-01 00:00:00+00:00
[2025-10-30T07:41:30.890+0000] {processor.py:183} INFO - Processing /opt/airflow/dags/data_ingestion.py took 0.996 seconds
[2025-10-30T07:42:01.586+0000] {processor.py:161} INFO - Started process (PID=10628) to work on /opt/airflow/dags/data_ingestion.py
[2025-10-30T07:42:01.589+0000] {processor.py:830} INFO - Processing file /opt/airflow/dags/data_ingestion.py for tasks to queue
[2025-10-30T07:42:01.593+0000] {logging_mixin.py:188} INFO - [2025-10-30T07:42:01.592+0000] {dagbag.py:545} INFO - Filling up the DagBag from /opt/airflow/dags/data_ingestion.py
[2025-10-30T07:42:02.437+0000] {processor.py:840} INFO - DAG(s) 'police_data_ingestion' retrieved from /opt/airflow/dags/data_ingestion.py
[2025-10-30T07:42:02.492+0000] {logging_mixin.py:188} INFO - [2025-10-30T07:42:02.492+0000] {dag.py:3096} INFO - Sync 1 DAGs
[2025-10-30T07:42:02.537+0000] {logging_mixin.py:188} INFO - [2025-10-30T07:42:02.536+0000] {dag.py:3954} INFO - Setting next_dagrun for police_data_ingestion to 2025-11-01 00:00:00+00:00, run_after=2025-12-01 00:00:00+00:00
[2025-10-30T07:42:02.580+0000] {processor.py:183} INFO - Processing /opt/airflow/dags/data_ingestion.py took 1.005 seconds
[2025-10-30T07:42:33.320+0000] {processor.py:161} INFO - Started process (PID=10640) to work on /opt/airflow/dags/data_ingestion.py
[2025-10-30T07:42:33.322+0000] {processor.py:830} INFO - Processing file /opt/airflow/dags/data_ingestion.py for tasks to queue
[2025-10-30T07:42:33.327+0000] {logging_mixin.py:188} INFO - [2025-10-30T07:42:33.326+0000] {dagbag.py:545} INFO - Filling up the DagBag from /opt/airflow/dags/data_ingestion.py
[2025-10-30T07:42:34.150+0000] {processor.py:840} INFO - DAG(s) 'police_data_ingestion' retrieved from /opt/airflow/dags/data_ingestion.py
[2025-10-30T07:42:34.196+0000] {logging_mixin.py:188} INFO - [2025-10-30T07:42:34.195+0000] {dag.py:3096} INFO - Sync 1 DAGs
[2025-10-30T07:42:34.228+0000] {logging_mixin.py:188} INFO - [2025-10-30T07:42:34.228+0000] {dag.py:3954} INFO - Setting next_dagrun for police_data_ingestion to 2025-11-01 00:00:00+00:00, run_after=2025-12-01 00:00:00+00:00
[2025-10-30T07:42:34.287+0000] {processor.py:183} INFO - Processing /opt/airflow/dags/data_ingestion.py took 0.980 seconds
[2025-10-30T07:43:04.983+0000] {processor.py:161} INFO - Started process (PID=10652) to work on /opt/airflow/dags/data_ingestion.py
[2025-10-30T07:43:04.985+0000] {processor.py:830} INFO - Processing file /opt/airflow/dags/data_ingestion.py for tasks to queue
[2025-10-30T07:43:04.990+0000] {logging_mixin.py:188} INFO - [2025-10-30T07:43:04.989+0000] {dagbag.py:545} INFO - Filling up the DagBag from /opt/airflow/dags/data_ingestion.py
[2025-10-30T07:43:05.852+0000] {processor.py:840} INFO - DAG(s) 'police_data_ingestion' retrieved from /opt/airflow/dags/data_ingestion.py
[2025-10-30T07:43:05.912+0000] {logging_mixin.py:188} INFO - [2025-10-30T07:43:05.911+0000] {dag.py:3096} INFO - Sync 1 DAGs
[2025-10-30T07:43:05.948+0000] {logging_mixin.py:188} INFO - [2025-10-30T07:43:05.947+0000] {dag.py:3954} INFO - Setting next_dagrun for police_data_ingestion to 2025-11-01 00:00:00+00:00, run_after=2025-12-01 00:00:00+00:00
[2025-10-30T07:43:06.002+0000] {processor.py:183} INFO - Processing /opt/airflow/dags/data_ingestion.py took 1.037 seconds
[2025-10-30T07:43:36.744+0000] {processor.py:161} INFO - Started process (PID=10664) to work on /opt/airflow/dags/data_ingestion.py
[2025-10-30T07:43:36.749+0000] {processor.py:830} INFO - Processing file /opt/airflow/dags/data_ingestion.py for tasks to queue
[2025-10-30T07:43:36.755+0000] {logging_mixin.py:188} INFO - [2025-10-30T07:43:36.754+0000] {dagbag.py:545} INFO - Filling up the DagBag from /opt/airflow/dags/data_ingestion.py
[2025-10-30T07:43:37.729+0000] {processor.py:840} INFO - DAG(s) 'police_data_ingestion' retrieved from /opt/airflow/dags/data_ingestion.py
[2025-10-30T07:43:37.783+0000] {logging_mixin.py:188} INFO - [2025-10-30T07:43:37.783+0000] {dag.py:3096} INFO - Sync 1 DAGs
[2025-10-30T07:43:37.826+0000] {logging_mixin.py:188} INFO - [2025-10-30T07:43:37.826+0000] {dag.py:3954} INFO - Setting next_dagrun for police_data_ingestion to 2025-11-01 00:00:00+00:00, run_after=2025-12-01 00:00:00+00:00
[2025-10-30T07:43:37.863+0000] {processor.py:183} INFO - Processing /opt/airflow/dags/data_ingestion.py took 1.157 seconds
[2025-10-30T07:44:08.531+0000] {processor.py:161} INFO - Started process (PID=10676) to work on /opt/airflow/dags/data_ingestion.py
[2025-10-30T07:44:08.533+0000] {processor.py:830} INFO - Processing file /opt/airflow/dags/data_ingestion.py for tasks to queue
[2025-10-30T07:44:08.540+0000] {logging_mixin.py:188} INFO - [2025-10-30T07:44:08.539+0000] {dagbag.py:545} INFO - Filling up the DagBag from /opt/airflow/dags/data_ingestion.py
[2025-10-30T07:44:09.577+0000] {processor.py:840} INFO - DAG(s) 'police_data_ingestion' retrieved from /opt/airflow/dags/data_ingestion.py
[2025-10-30T07:44:09.635+0000] {logging_mixin.py:188} INFO - [2025-10-30T07:44:09.634+0000] {dag.py:3096} INFO - Sync 1 DAGs
[2025-10-30T07:44:09.673+0000] {logging_mixin.py:188} INFO - [2025-10-30T07:44:09.672+0000] {dag.py:3954} INFO - Setting next_dagrun for police_data_ingestion to 2025-11-01 00:00:00+00:00, run_after=2025-12-01 00:00:00+00:00
[2025-10-30T07:44:09.723+0000] {processor.py:183} INFO - Processing /opt/airflow/dags/data_ingestion.py took 1.207 seconds
[2025-10-30T07:44:40.461+0000] {processor.py:161} INFO - Started process (PID=10688) to work on /opt/airflow/dags/data_ingestion.py
[2025-10-30T07:44:40.463+0000] {processor.py:830} INFO - Processing file /opt/airflow/dags/data_ingestion.py for tasks to queue
[2025-10-30T07:44:40.468+0000] {logging_mixin.py:188} INFO - [2025-10-30T07:44:40.467+0000] {dagbag.py:545} INFO - Filling up the DagBag from /opt/airflow/dags/data_ingestion.py
[2025-10-30T07:44:41.307+0000] {processor.py:840} INFO - DAG(s) 'police_data_ingestion' retrieved from /opt/airflow/dags/data_ingestion.py
[2025-10-30T07:44:41.367+0000] {logging_mixin.py:188} INFO - [2025-10-30T07:44:41.366+0000] {dag.py:3096} INFO - Sync 1 DAGs
[2025-10-30T07:44:41.398+0000] {logging_mixin.py:188} INFO - [2025-10-30T07:44:41.398+0000] {dag.py:3954} INFO - Setting next_dagrun for police_data_ingestion to 2025-11-01 00:00:00+00:00, run_after=2025-12-01 00:00:00+00:00
[2025-10-30T07:44:41.431+0000] {processor.py:183} INFO - Processing /opt/airflow/dags/data_ingestion.py took 0.989 seconds
[2025-10-30T07:45:12.159+0000] {processor.py:161} INFO - Started process (PID=10700) to work on /opt/airflow/dags/data_ingestion.py
[2025-10-30T07:45:12.162+0000] {processor.py:830} INFO - Processing file /opt/airflow/dags/data_ingestion.py for tasks to queue
[2025-10-30T07:45:12.167+0000] {logging_mixin.py:188} INFO - [2025-10-30T07:45:12.166+0000] {dagbag.py:545} INFO - Filling up the DagBag from /opt/airflow/dags/data_ingestion.py
[2025-10-30T07:45:13.264+0000] {processor.py:840} INFO - DAG(s) 'police_data_ingestion' retrieved from /opt/airflow/dags/data_ingestion.py
[2025-10-30T07:45:13.338+0000] {logging_mixin.py:188} INFO - [2025-10-30T07:45:13.338+0000] {dag.py:3096} INFO - Sync 1 DAGs
[2025-10-30T07:45:13.386+0000] {logging_mixin.py:188} INFO - [2025-10-30T07:45:13.386+0000] {dag.py:3954} INFO - Setting next_dagrun for police_data_ingestion to 2025-11-01 00:00:00+00:00, run_after=2025-12-01 00:00:00+00:00
[2025-10-30T07:45:13.428+0000] {processor.py:183} INFO - Processing /opt/airflow/dags/data_ingestion.py took 1.283 seconds
[2025-10-30T07:45:43.899+0000] {processor.py:161} INFO - Started process (PID=10712) to work on /opt/airflow/dags/data_ingestion.py
[2025-10-30T07:45:43.901+0000] {processor.py:830} INFO - Processing file /opt/airflow/dags/data_ingestion.py for tasks to queue
[2025-10-30T07:45:43.905+0000] {logging_mixin.py:188} INFO - [2025-10-30T07:45:43.904+0000] {dagbag.py:545} INFO - Filling up the DagBag from /opt/airflow/dags/data_ingestion.py
[2025-10-30T07:45:44.751+0000] {processor.py:840} INFO - DAG(s) 'police_data_ingestion' retrieved from /opt/airflow/dags/data_ingestion.py
[2025-10-30T07:45:44.800+0000] {logging_mixin.py:188} INFO - [2025-10-30T07:45:44.799+0000] {dag.py:3096} INFO - Sync 1 DAGs
[2025-10-30T07:45:44.832+0000] {logging_mixin.py:188} INFO - [2025-10-30T07:45:44.832+0000] {dag.py:3954} INFO - Setting next_dagrun for police_data_ingestion to 2025-11-01 00:00:00+00:00, run_after=2025-12-01 00:00:00+00:00
[2025-10-30T07:45:44.885+0000] {processor.py:183} INFO - Processing /opt/airflow/dags/data_ingestion.py took 0.997 seconds
[2025-10-30T07:46:15.580+0000] {processor.py:161} INFO - Started process (PID=10724) to work on /opt/airflow/dags/data_ingestion.py
[2025-10-30T07:46:15.583+0000] {processor.py:830} INFO - Processing file /opt/airflow/dags/data_ingestion.py for tasks to queue
[2025-10-30T07:46:15.590+0000] {logging_mixin.py:188} INFO - [2025-10-30T07:46:15.589+0000] {dagbag.py:545} INFO - Filling up the DagBag from /opt/airflow/dags/data_ingestion.py
[2025-10-30T07:46:16.534+0000] {processor.py:840} INFO - DAG(s) 'police_data_ingestion' retrieved from /opt/airflow/dags/data_ingestion.py
[2025-10-30T07:46:16.589+0000] {logging_mixin.py:188} INFO - [2025-10-30T07:46:16.589+0000] {dag.py:3096} INFO - Sync 1 DAGs
[2025-10-30T07:46:16.628+0000] {logging_mixin.py:188} INFO - [2025-10-30T07:46:16.627+0000] {dag.py:3954} INFO - Setting next_dagrun for police_data_ingestion to 2025-11-01 00:00:00+00:00, run_after=2025-12-01 00:00:00+00:00
[2025-10-30T07:46:16.691+0000] {processor.py:183} INFO - Processing /opt/airflow/dags/data_ingestion.py took 1.125 seconds
[2025-10-30T07:46:47.443+0000] {processor.py:161} INFO - Started process (PID=10736) to work on /opt/airflow/dags/data_ingestion.py
[2025-10-30T07:46:47.445+0000] {processor.py:830} INFO - Processing file /opt/airflow/dags/data_ingestion.py for tasks to queue
[2025-10-30T07:46:47.452+0000] {logging_mixin.py:188} INFO - [2025-10-30T07:46:47.451+0000] {dagbag.py:545} INFO - Filling up the DagBag from /opt/airflow/dags/data_ingestion.py
[2025-10-30T07:46:48.254+0000] {processor.py:840} INFO - DAG(s) 'police_data_ingestion' retrieved from /opt/airflow/dags/data_ingestion.py
[2025-10-30T07:46:48.300+0000] {logging_mixin.py:188} INFO - [2025-10-30T07:46:48.299+0000] {dag.py:3096} INFO - Sync 1 DAGs
[2025-10-30T07:46:48.333+0000] {logging_mixin.py:188} INFO - [2025-10-30T07:46:48.333+0000] {dag.py:3954} INFO - Setting next_dagrun for police_data_ingestion to 2025-11-01 00:00:00+00:00, run_after=2025-12-01 00:00:00+00:00
[2025-10-30T07:46:48.391+0000] {processor.py:183} INFO - Processing /opt/airflow/dags/data_ingestion.py took 0.962 seconds
[2025-10-30T07:47:19.117+0000] {processor.py:161} INFO - Started process (PID=10748) to work on /opt/airflow/dags/data_ingestion.py
[2025-10-30T07:47:19.120+0000] {processor.py:830} INFO - Processing file /opt/airflow/dags/data_ingestion.py for tasks to queue
[2025-10-30T07:47:19.125+0000] {logging_mixin.py:188} INFO - [2025-10-30T07:47:19.124+0000] {dagbag.py:545} INFO - Filling up the DagBag from /opt/airflow/dags/data_ingestion.py
[2025-10-30T07:47:20.035+0000] {processor.py:840} INFO - DAG(s) 'police_data_ingestion' retrieved from /opt/airflow/dags/data_ingestion.py
[2025-10-30T07:47:20.093+0000] {logging_mixin.py:188} INFO - [2025-10-30T07:47:20.092+0000] {dag.py:3096} INFO - Sync 1 DAGs
[2025-10-30T07:47:20.132+0000] {logging_mixin.py:188} INFO - [2025-10-30T07:47:20.132+0000] {dag.py:3954} INFO - Setting next_dagrun for police_data_ingestion to 2025-11-01 00:00:00+00:00, run_after=2025-12-01 00:00:00+00:00
[2025-10-30T07:47:20.191+0000] {processor.py:183} INFO - Processing /opt/airflow/dags/data_ingestion.py took 1.084 seconds
[2025-10-30T07:47:50.883+0000] {processor.py:161} INFO - Started process (PID=10760) to work on /opt/airflow/dags/data_ingestion.py
[2025-10-30T07:47:50.885+0000] {processor.py:830} INFO - Processing file /opt/airflow/dags/data_ingestion.py for tasks to queue
[2025-10-30T07:47:50.892+0000] {logging_mixin.py:188} INFO - [2025-10-30T07:47:50.891+0000] {dagbag.py:545} INFO - Filling up the DagBag from /opt/airflow/dags/data_ingestion.py
[2025-10-30T07:47:51.806+0000] {processor.py:840} INFO - DAG(s) 'police_data_ingestion' retrieved from /opt/airflow/dags/data_ingestion.py
[2025-10-30T07:47:51.858+0000] {logging_mixin.py:188} INFO - [2025-10-30T07:47:51.858+0000] {dag.py:3096} INFO - Sync 1 DAGs
[2025-10-30T07:47:51.914+0000] {logging_mixin.py:188} INFO - [2025-10-30T07:47:51.914+0000] {dag.py:3954} INFO - Setting next_dagrun for police_data_ingestion to 2025-11-01 00:00:00+00:00, run_after=2025-12-01 00:00:00+00:00
[2025-10-30T07:47:51.966+0000] {processor.py:183} INFO - Processing /opt/airflow/dags/data_ingestion.py took 1.108 seconds
[2025-10-30T07:48:22.689+0000] {processor.py:161} INFO - Started process (PID=10772) to work on /opt/airflow/dags/data_ingestion.py
[2025-10-30T07:48:22.691+0000] {processor.py:830} INFO - Processing file /opt/airflow/dags/data_ingestion.py for tasks to queue
[2025-10-30T07:48:22.695+0000] {logging_mixin.py:188} INFO - [2025-10-30T07:48:22.694+0000] {dagbag.py:545} INFO - Filling up the DagBag from /opt/airflow/dags/data_ingestion.py
[2025-10-30T07:48:23.505+0000] {processor.py:840} INFO - DAG(s) 'police_data_ingestion' retrieved from /opt/airflow/dags/data_ingestion.py
[2025-10-30T07:48:23.567+0000] {logging_mixin.py:188} INFO - [2025-10-30T07:48:23.566+0000] {dag.py:3096} INFO - Sync 1 DAGs
[2025-10-30T07:48:23.607+0000] {logging_mixin.py:188} INFO - [2025-10-30T07:48:23.607+0000] {dag.py:3954} INFO - Setting next_dagrun for police_data_ingestion to 2025-11-01 00:00:00+00:00, run_after=2025-12-01 00:00:00+00:00
[2025-10-30T07:48:23.638+0000] {processor.py:183} INFO - Processing /opt/airflow/dags/data_ingestion.py took 0.960 seconds
[2025-10-30T07:48:54.402+0000] {processor.py:161} INFO - Started process (PID=10784) to work on /opt/airflow/dags/data_ingestion.py
[2025-10-30T07:48:54.409+0000] {processor.py:830} INFO - Processing file /opt/airflow/dags/data_ingestion.py for tasks to queue
[2025-10-30T07:48:54.420+0000] {logging_mixin.py:188} INFO - [2025-10-30T07:48:54.418+0000] {dagbag.py:545} INFO - Filling up the DagBag from /opt/airflow/dags/data_ingestion.py
[2025-10-30T07:48:55.419+0000] {processor.py:840} INFO - DAG(s) 'police_data_ingestion' retrieved from /opt/airflow/dags/data_ingestion.py
[2025-10-30T07:48:55.471+0000] {logging_mixin.py:188} INFO - [2025-10-30T07:48:55.470+0000] {dag.py:3096} INFO - Sync 1 DAGs
[2025-10-30T07:48:55.507+0000] {logging_mixin.py:188} INFO - [2025-10-30T07:48:55.506+0000] {dag.py:3954} INFO - Setting next_dagrun for police_data_ingestion to 2025-11-01 00:00:00+00:00, run_after=2025-12-01 00:00:00+00:00
[2025-10-30T07:48:55.544+0000] {processor.py:183} INFO - Processing /opt/airflow/dags/data_ingestion.py took 1.183 seconds
[2025-10-30T07:49:26.120+0000] {processor.py:161} INFO - Started process (PID=10796) to work on /opt/airflow/dags/data_ingestion.py
[2025-10-30T07:49:26.122+0000] {processor.py:830} INFO - Processing file /opt/airflow/dags/data_ingestion.py for tasks to queue
[2025-10-30T07:49:26.126+0000] {logging_mixin.py:188} INFO - [2025-10-30T07:49:26.125+0000] {dagbag.py:545} INFO - Filling up the DagBag from /opt/airflow/dags/data_ingestion.py
[2025-10-30T07:49:26.977+0000] {processor.py:840} INFO - DAG(s) 'police_data_ingestion' retrieved from /opt/airflow/dags/data_ingestion.py
[2025-10-30T07:49:27.026+0000] {logging_mixin.py:188} INFO - [2025-10-30T07:49:27.026+0000] {dag.py:3096} INFO - Sync 1 DAGs
[2025-10-30T07:49:27.058+0000] {logging_mixin.py:188} INFO - [2025-10-30T07:49:27.058+0000] {dag.py:3954} INFO - Setting next_dagrun for police_data_ingestion to 2025-11-01 00:00:00+00:00, run_after=2025-12-01 00:00:00+00:00
[2025-10-30T07:49:27.107+0000] {processor.py:183} INFO - Processing /opt/airflow/dags/data_ingestion.py took 1.000 seconds
[2025-10-30T07:49:57.829+0000] {processor.py:161} INFO - Started process (PID=10808) to work on /opt/airflow/dags/data_ingestion.py
[2025-10-30T07:49:57.831+0000] {processor.py:830} INFO - Processing file /opt/airflow/dags/data_ingestion.py for tasks to queue
[2025-10-30T07:49:57.836+0000] {logging_mixin.py:188} INFO - [2025-10-30T07:49:57.835+0000] {dagbag.py:545} INFO - Filling up the DagBag from /opt/airflow/dags/data_ingestion.py
[2025-10-30T07:49:58.653+0000] {processor.py:840} INFO - DAG(s) 'police_data_ingestion' retrieved from /opt/airflow/dags/data_ingestion.py
[2025-10-30T07:49:58.718+0000] {logging_mixin.py:188} INFO - [2025-10-30T07:49:58.717+0000] {dag.py:3096} INFO - Sync 1 DAGs
[2025-10-30T07:49:58.752+0000] {logging_mixin.py:188} INFO - [2025-10-30T07:49:58.752+0000] {dag.py:3954} INFO - Setting next_dagrun for police_data_ingestion to 2025-11-01 00:00:00+00:00, run_after=2025-12-01 00:00:00+00:00
[2025-10-30T07:49:58.806+0000] {processor.py:183} INFO - Processing /opt/airflow/dags/data_ingestion.py took 0.992 seconds
[2025-10-30T07:50:29.505+0000] {processor.py:161} INFO - Started process (PID=10820) to work on /opt/airflow/dags/data_ingestion.py
[2025-10-30T07:50:29.508+0000] {processor.py:830} INFO - Processing file /opt/airflow/dags/data_ingestion.py for tasks to queue
[2025-10-30T07:50:29.513+0000] {logging_mixin.py:188} INFO - [2025-10-30T07:50:29.511+0000] {dagbag.py:545} INFO - Filling up the DagBag from /opt/airflow/dags/data_ingestion.py
[2025-10-30T07:50:30.399+0000] {processor.py:840} INFO - DAG(s) 'police_data_ingestion' retrieved from /opt/airflow/dags/data_ingestion.py
[2025-10-30T07:50:30.451+0000] {logging_mixin.py:188} INFO - [2025-10-30T07:50:30.450+0000] {dag.py:3096} INFO - Sync 1 DAGs
[2025-10-30T07:50:30.483+0000] {logging_mixin.py:188} INFO - [2025-10-30T07:50:30.482+0000] {dag.py:3954} INFO - Setting next_dagrun for police_data_ingestion to 2025-11-01 00:00:00+00:00, run_after=2025-12-01 00:00:00+00:00
[2025-10-30T07:50:30.531+0000] {processor.py:183} INFO - Processing /opt/airflow/dags/data_ingestion.py took 1.048 seconds
[2025-10-30T07:51:01.290+0000] {processor.py:161} INFO - Started process (PID=10832) to work on /opt/airflow/dags/data_ingestion.py
[2025-10-30T07:51:01.292+0000] {processor.py:830} INFO - Processing file /opt/airflow/dags/data_ingestion.py for tasks to queue
[2025-10-30T07:51:01.298+0000] {logging_mixin.py:188} INFO - [2025-10-30T07:51:01.297+0000] {dagbag.py:545} INFO - Filling up the DagBag from /opt/airflow/dags/data_ingestion.py
[2025-10-30T07:51:02.121+0000] {processor.py:840} INFO - DAG(s) 'police_data_ingestion' retrieved from /opt/airflow/dags/data_ingestion.py
[2025-10-30T07:51:02.174+0000] {logging_mixin.py:188} INFO - [2025-10-30T07:51:02.174+0000] {dag.py:3096} INFO - Sync 1 DAGs
[2025-10-30T07:51:02.206+0000] {logging_mixin.py:188} INFO - [2025-10-30T07:51:02.206+0000] {dag.py:3954} INFO - Setting next_dagrun for police_data_ingestion to 2025-11-01 00:00:00+00:00, run_after=2025-12-01 00:00:00+00:00
[2025-10-30T07:51:02.238+0000] {processor.py:183} INFO - Processing /opt/airflow/dags/data_ingestion.py took 0.970 seconds
[2025-10-30T07:51:32.972+0000] {processor.py:161} INFO - Started process (PID=10844) to work on /opt/airflow/dags/data_ingestion.py
[2025-10-30T07:51:32.975+0000] {processor.py:830} INFO - Processing file /opt/airflow/dags/data_ingestion.py for tasks to queue
[2025-10-30T07:51:32.981+0000] {logging_mixin.py:188} INFO - [2025-10-30T07:51:32.980+0000] {dagbag.py:545} INFO - Filling up the DagBag from /opt/airflow/dags/data_ingestion.py
[2025-10-30T07:51:33.879+0000] {processor.py:840} INFO - DAG(s) 'police_data_ingestion' retrieved from /opt/airflow/dags/data_ingestion.py
[2025-10-30T07:51:33.935+0000] {logging_mixin.py:188} INFO - [2025-10-30T07:51:33.934+0000] {dag.py:3096} INFO - Sync 1 DAGs
[2025-10-30T07:51:33.973+0000] {logging_mixin.py:188} INFO - [2025-10-30T07:51:33.973+0000] {dag.py:3954} INFO - Setting next_dagrun for police_data_ingestion to 2025-11-01 00:00:00+00:00, run_after=2025-12-01 00:00:00+00:00
[2025-10-30T07:51:34.022+0000] {processor.py:183} INFO - Processing /opt/airflow/dags/data_ingestion.py took 1.069 seconds
[2025-10-30T07:52:04.731+0000] {processor.py:161} INFO - Started process (PID=10856) to work on /opt/airflow/dags/data_ingestion.py
[2025-10-30T07:52:04.734+0000] {processor.py:830} INFO - Processing file /opt/airflow/dags/data_ingestion.py for tasks to queue
[2025-10-30T07:52:04.739+0000] {logging_mixin.py:188} INFO - [2025-10-30T07:52:04.738+0000] {dagbag.py:545} INFO - Filling up the DagBag from /opt/airflow/dags/data_ingestion.py
[2025-10-30T07:52:05.516+0000] {processor.py:840} INFO - DAG(s) 'police_data_ingestion' retrieved from /opt/airflow/dags/data_ingestion.py
[2025-10-30T07:52:05.574+0000] {logging_mixin.py:188} INFO - [2025-10-30T07:52:05.573+0000] {dag.py:3096} INFO - Sync 1 DAGs
[2025-10-30T07:52:05.613+0000] {logging_mixin.py:188} INFO - [2025-10-30T07:52:05.613+0000] {dag.py:3954} INFO - Setting next_dagrun for police_data_ingestion to 2025-11-01 00:00:00+00:00, run_after=2025-12-01 00:00:00+00:00
[2025-10-30T07:52:05.645+0000] {processor.py:183} INFO - Processing /opt/airflow/dags/data_ingestion.py took 0.932 seconds
[2025-10-30T07:52:36.473+0000] {processor.py:161} INFO - Started process (PID=10868) to work on /opt/airflow/dags/data_ingestion.py
[2025-10-30T07:52:36.476+0000] {processor.py:830} INFO - Processing file /opt/airflow/dags/data_ingestion.py for tasks to queue
[2025-10-30T07:52:36.480+0000] {logging_mixin.py:188} INFO - [2025-10-30T07:52:36.479+0000] {dagbag.py:545} INFO - Filling up the DagBag from /opt/airflow/dags/data_ingestion.py
[2025-10-30T07:52:37.597+0000] {processor.py:840} INFO - DAG(s) 'police_data_ingestion' retrieved from /opt/airflow/dags/data_ingestion.py
[2025-10-30T07:52:37.662+0000] {logging_mixin.py:188} INFO - [2025-10-30T07:52:37.661+0000] {dag.py:3096} INFO - Sync 1 DAGs
[2025-10-30T07:52:37.706+0000] {logging_mixin.py:188} INFO - [2025-10-30T07:52:37.705+0000] {dag.py:3954} INFO - Setting next_dagrun for police_data_ingestion to 2025-11-01 00:00:00+00:00, run_after=2025-12-01 00:00:00+00:00
[2025-10-30T07:52:37.774+0000] {processor.py:183} INFO - Processing /opt/airflow/dags/data_ingestion.py took 1.312 seconds
[2025-10-30T07:53:08.196+0000] {processor.py:161} INFO - Started process (PID=10880) to work on /opt/airflow/dags/data_ingestion.py
[2025-10-30T07:53:08.198+0000] {processor.py:830} INFO - Processing file /opt/airflow/dags/data_ingestion.py for tasks to queue
[2025-10-30T07:53:08.203+0000] {logging_mixin.py:188} INFO - [2025-10-30T07:53:08.202+0000] {dagbag.py:545} INFO - Filling up the DagBag from /opt/airflow/dags/data_ingestion.py
[2025-10-30T07:53:09.080+0000] {processor.py:840} INFO - DAG(s) 'police_data_ingestion' retrieved from /opt/airflow/dags/data_ingestion.py
[2025-10-30T07:53:09.127+0000] {logging_mixin.py:188} INFO - [2025-10-30T07:53:09.127+0000] {dag.py:3096} INFO - Sync 1 DAGs
[2025-10-30T07:53:09.159+0000] {logging_mixin.py:188} INFO - [2025-10-30T07:53:09.159+0000] {dag.py:3954} INFO - Setting next_dagrun for police_data_ingestion to 2025-11-01 00:00:00+00:00, run_after=2025-12-01 00:00:00+00:00
[2025-10-30T07:53:09.215+0000] {processor.py:183} INFO - Processing /opt/airflow/dags/data_ingestion.py took 1.034 seconds
[2025-10-30T07:53:39.952+0000] {processor.py:161} INFO - Started process (PID=10892) to work on /opt/airflow/dags/data_ingestion.py
[2025-10-30T07:53:39.955+0000] {processor.py:830} INFO - Processing file /opt/airflow/dags/data_ingestion.py for tasks to queue
[2025-10-30T07:53:39.959+0000] {logging_mixin.py:188} INFO - [2025-10-30T07:53:39.958+0000] {dagbag.py:545} INFO - Filling up the DagBag from /opt/airflow/dags/data_ingestion.py
[2025-10-30T07:53:40.814+0000] {processor.py:840} INFO - DAG(s) 'police_data_ingestion' retrieved from /opt/airflow/dags/data_ingestion.py
[2025-10-30T07:53:40.867+0000] {logging_mixin.py:188} INFO - [2025-10-30T07:53:40.866+0000] {dag.py:3096} INFO - Sync 1 DAGs
[2025-10-30T07:53:40.920+0000] {logging_mixin.py:188} INFO - [2025-10-30T07:53:40.920+0000] {dag.py:3954} INFO - Setting next_dagrun for police_data_ingestion to 2025-11-01 00:00:00+00:00, run_after=2025-12-01 00:00:00+00:00
[2025-10-30T07:53:40.965+0000] {processor.py:183} INFO - Processing /opt/airflow/dags/data_ingestion.py took 1.029 seconds
[2025-10-30T07:54:11.664+0000] {processor.py:161} INFO - Started process (PID=10904) to work on /opt/airflow/dags/data_ingestion.py
[2025-10-30T07:54:11.667+0000] {processor.py:830} INFO - Processing file /opt/airflow/dags/data_ingestion.py for tasks to queue
[2025-10-30T07:54:11.671+0000] {logging_mixin.py:188} INFO - [2025-10-30T07:54:11.670+0000] {dagbag.py:545} INFO - Filling up the DagBag from /opt/airflow/dags/data_ingestion.py
[2025-10-30T07:54:12.744+0000] {processor.py:840} INFO - DAG(s) 'police_data_ingestion' retrieved from /opt/airflow/dags/data_ingestion.py
[2025-10-30T07:54:12.835+0000] {logging_mixin.py:188} INFO - [2025-10-30T07:54:12.833+0000] {dag.py:3096} INFO - Sync 1 DAGs
[2025-10-30T07:54:12.893+0000] {logging_mixin.py:188} INFO - [2025-10-30T07:54:12.892+0000] {dag.py:3954} INFO - Setting next_dagrun for police_data_ingestion to 2025-11-01 00:00:00+00:00, run_after=2025-12-01 00:00:00+00:00
[2025-10-30T07:54:12.943+0000] {processor.py:183} INFO - Processing /opt/airflow/dags/data_ingestion.py took 1.292 seconds
[2025-10-30T07:54:43.309+0000] {processor.py:161} INFO - Started process (PID=10916) to work on /opt/airflow/dags/data_ingestion.py
[2025-10-30T07:54:43.312+0000] {processor.py:830} INFO - Processing file /opt/airflow/dags/data_ingestion.py for tasks to queue
[2025-10-30T07:54:43.316+0000] {logging_mixin.py:188} INFO - [2025-10-30T07:54:43.316+0000] {dagbag.py:545} INFO - Filling up the DagBag from /opt/airflow/dags/data_ingestion.py
[2025-10-30T07:54:44.124+0000] {processor.py:840} INFO - DAG(s) 'police_data_ingestion' retrieved from /opt/airflow/dags/data_ingestion.py
[2025-10-30T07:54:44.191+0000] {logging_mixin.py:188} INFO - [2025-10-30T07:54:44.190+0000] {dag.py:3096} INFO - Sync 1 DAGs
[2025-10-30T07:54:44.229+0000] {logging_mixin.py:188} INFO - [2025-10-30T07:54:44.228+0000] {dag.py:3954} INFO - Setting next_dagrun for police_data_ingestion to 2025-11-01 00:00:00+00:00, run_after=2025-12-01 00:00:00+00:00
[2025-10-30T07:54:44.276+0000] {processor.py:183} INFO - Processing /opt/airflow/dags/data_ingestion.py took 0.978 seconds
[2025-10-30T07:55:14.898+0000] {processor.py:161} INFO - Started process (PID=10928) to work on /opt/airflow/dags/data_ingestion.py
[2025-10-30T07:55:14.901+0000] {processor.py:830} INFO - Processing file /opt/airflow/dags/data_ingestion.py for tasks to queue
[2025-10-30T07:55:14.905+0000] {logging_mixin.py:188} INFO - [2025-10-30T07:55:14.904+0000] {dagbag.py:545} INFO - Filling up the DagBag from /opt/airflow/dags/data_ingestion.py
[2025-10-30T07:55:15.736+0000] {processor.py:840} INFO - DAG(s) 'police_data_ingestion' retrieved from /opt/airflow/dags/data_ingestion.py
[2025-10-30T07:55:15.788+0000] {logging_mixin.py:188} INFO - [2025-10-30T07:55:15.788+0000] {dag.py:3096} INFO - Sync 1 DAGs
[2025-10-30T07:55:15.820+0000] {logging_mixin.py:188} INFO - [2025-10-30T07:55:15.820+0000] {dag.py:3954} INFO - Setting next_dagrun for police_data_ingestion to 2025-11-01 00:00:00+00:00, run_after=2025-12-01 00:00:00+00:00
[2025-10-30T07:55:15.852+0000] {processor.py:183} INFO - Processing /opt/airflow/dags/data_ingestion.py took 0.966 seconds
[2025-10-30T07:55:46.581+0000] {processor.py:161} INFO - Started process (PID=10940) to work on /opt/airflow/dags/data_ingestion.py
[2025-10-30T07:55:46.583+0000] {processor.py:830} INFO - Processing file /opt/airflow/dags/data_ingestion.py for tasks to queue
[2025-10-30T07:55:46.587+0000] {logging_mixin.py:188} INFO - [2025-10-30T07:55:46.587+0000] {dagbag.py:545} INFO - Filling up the DagBag from /opt/airflow/dags/data_ingestion.py
[2025-10-30T07:55:47.405+0000] {processor.py:840} INFO - DAG(s) 'police_data_ingestion' retrieved from /opt/airflow/dags/data_ingestion.py
[2025-10-30T07:55:47.464+0000] {logging_mixin.py:188} INFO - [2025-10-30T07:55:47.463+0000] {dag.py:3096} INFO - Sync 1 DAGs
[2025-10-30T07:55:47.509+0000] {logging_mixin.py:188} INFO - [2025-10-30T07:55:47.509+0000] {dag.py:3954} INFO - Setting next_dagrun for police_data_ingestion to 2025-11-01 00:00:00+00:00, run_after=2025-12-01 00:00:00+00:00
[2025-10-30T07:55:47.557+0000] {processor.py:183} INFO - Processing /opt/airflow/dags/data_ingestion.py took 0.990 seconds
[2025-10-30T07:56:18.271+0000] {processor.py:161} INFO - Started process (PID=10952) to work on /opt/airflow/dags/data_ingestion.py
[2025-10-30T07:56:18.273+0000] {processor.py:830} INFO - Processing file /opt/airflow/dags/data_ingestion.py for tasks to queue
[2025-10-30T07:56:18.278+0000] {logging_mixin.py:188} INFO - [2025-10-30T07:56:18.277+0000] {dagbag.py:545} INFO - Filling up the DagBag from /opt/airflow/dags/data_ingestion.py
[2025-10-30T07:56:19.043+0000] {processor.py:840} INFO - DAG(s) 'police_data_ingestion' retrieved from /opt/airflow/dags/data_ingestion.py
[2025-10-30T07:56:19.095+0000] {logging_mixin.py:188} INFO - [2025-10-30T07:56:19.095+0000] {dag.py:3096} INFO - Sync 1 DAGs
[2025-10-30T07:56:19.140+0000] {logging_mixin.py:188} INFO - [2025-10-30T07:56:19.140+0000] {dag.py:3954} INFO - Setting next_dagrun for police_data_ingestion to 2025-11-01 00:00:00+00:00, run_after=2025-12-01 00:00:00+00:00
[2025-10-30T07:56:19.186+0000] {processor.py:183} INFO - Processing /opt/airflow/dags/data_ingestion.py took 0.934 seconds
[2025-10-30T07:56:49.925+0000] {processor.py:161} INFO - Started process (PID=10964) to work on /opt/airflow/dags/data_ingestion.py
[2025-10-30T07:56:49.930+0000] {processor.py:830} INFO - Processing file /opt/airflow/dags/data_ingestion.py for tasks to queue
[2025-10-30T07:56:49.936+0000] {logging_mixin.py:188} INFO - [2025-10-30T07:56:49.935+0000] {dagbag.py:545} INFO - Filling up the DagBag from /opt/airflow/dags/data_ingestion.py
[2025-10-30T07:56:50.741+0000] {processor.py:840} INFO - DAG(s) 'police_data_ingestion' retrieved from /opt/airflow/dags/data_ingestion.py
[2025-10-30T07:56:50.801+0000] {logging_mixin.py:188} INFO - [2025-10-30T07:56:50.801+0000] {dag.py:3096} INFO - Sync 1 DAGs
[2025-10-30T07:56:50.839+0000] {logging_mixin.py:188} INFO - [2025-10-30T07:56:50.839+0000] {dag.py:3954} INFO - Setting next_dagrun for police_data_ingestion to 2025-11-01 00:00:00+00:00, run_after=2025-12-01 00:00:00+00:00
[2025-10-30T07:56:50.880+0000] {processor.py:183} INFO - Processing /opt/airflow/dags/data_ingestion.py took 0.979 seconds
[2025-10-30T07:57:21.578+0000] {processor.py:161} INFO - Started process (PID=10976) to work on /opt/airflow/dags/data_ingestion.py
[2025-10-30T07:57:21.580+0000] {processor.py:830} INFO - Processing file /opt/airflow/dags/data_ingestion.py for tasks to queue
[2025-10-30T07:57:21.584+0000] {logging_mixin.py:188} INFO - [2025-10-30T07:57:21.584+0000] {dagbag.py:545} INFO - Filling up the DagBag from /opt/airflow/dags/data_ingestion.py
[2025-10-30T07:57:22.400+0000] {processor.py:840} INFO - DAG(s) 'police_data_ingestion' retrieved from /opt/airflow/dags/data_ingestion.py
[2025-10-30T07:57:22.460+0000] {logging_mixin.py:188} INFO - [2025-10-30T07:57:22.460+0000] {dag.py:3096} INFO - Sync 1 DAGs
[2025-10-30T07:57:22.494+0000] {logging_mixin.py:188} INFO - [2025-10-30T07:57:22.493+0000] {dag.py:3954} INFO - Setting next_dagrun for police_data_ingestion to 2025-11-01 00:00:00+00:00, run_after=2025-12-01 00:00:00+00:00
[2025-10-30T07:57:22.545+0000] {processor.py:183} INFO - Processing /opt/airflow/dags/data_ingestion.py took 0.981 seconds
[2025-10-30T07:57:53.481+0000] {processor.py:161} INFO - Started process (PID=10988) to work on /opt/airflow/dags/data_ingestion.py
[2025-10-30T07:57:53.484+0000] {processor.py:830} INFO - Processing file /opt/airflow/dags/data_ingestion.py for tasks to queue
[2025-10-30T07:57:53.489+0000] {logging_mixin.py:188} INFO - [2025-10-30T07:57:53.488+0000] {dagbag.py:545} INFO - Filling up the DagBag from /opt/airflow/dags/data_ingestion.py
[2025-10-30T07:57:54.307+0000] {processor.py:840} INFO - DAG(s) 'police_data_ingestion' retrieved from /opt/airflow/dags/data_ingestion.py
[2025-10-30T07:57:54.365+0000] {logging_mixin.py:188} INFO - [2025-10-30T07:57:54.364+0000] {dag.py:3096} INFO - Sync 1 DAGs
[2025-10-30T07:57:54.401+0000] {logging_mixin.py:188} INFO - [2025-10-30T07:57:54.400+0000] {dag.py:3954} INFO - Setting next_dagrun for police_data_ingestion to 2025-11-01 00:00:00+00:00, run_after=2025-12-01 00:00:00+00:00
[2025-10-30T07:57:54.454+0000] {processor.py:183} INFO - Processing /opt/airflow/dags/data_ingestion.py took 0.985 seconds
[2025-10-30T07:58:25.176+0000] {processor.py:161} INFO - Started process (PID=11000) to work on /opt/airflow/dags/data_ingestion.py
[2025-10-30T07:58:25.178+0000] {processor.py:830} INFO - Processing file /opt/airflow/dags/data_ingestion.py for tasks to queue
[2025-10-30T07:58:25.182+0000] {logging_mixin.py:188} INFO - [2025-10-30T07:58:25.181+0000] {dagbag.py:545} INFO - Filling up the DagBag from /opt/airflow/dags/data_ingestion.py
[2025-10-30T07:58:25.973+0000] {processor.py:840} INFO - DAG(s) 'police_data_ingestion' retrieved from /opt/airflow/dags/data_ingestion.py
[2025-10-30T07:58:26.038+0000] {logging_mixin.py:188} INFO - [2025-10-30T07:58:26.037+0000] {dag.py:3096} INFO - Sync 1 DAGs
[2025-10-30T07:58:26.078+0000] {logging_mixin.py:188} INFO - [2025-10-30T07:58:26.078+0000] {dag.py:3954} INFO - Setting next_dagrun for police_data_ingestion to 2025-11-01 00:00:00+00:00, run_after=2025-12-01 00:00:00+00:00
[2025-10-30T07:58:26.138+0000] {processor.py:183} INFO - Processing /opt/airflow/dags/data_ingestion.py took 0.974 seconds
[2025-10-30T07:58:56.898+0000] {processor.py:161} INFO - Started process (PID=11012) to work on /opt/airflow/dags/data_ingestion.py
[2025-10-30T07:58:56.900+0000] {processor.py:830} INFO - Processing file /opt/airflow/dags/data_ingestion.py for tasks to queue
[2025-10-30T07:58:56.906+0000] {logging_mixin.py:188} INFO - [2025-10-30T07:58:56.905+0000] {dagbag.py:545} INFO - Filling up the DagBag from /opt/airflow/dags/data_ingestion.py
[2025-10-30T07:58:57.855+0000] {processor.py:840} INFO - DAG(s) 'police_data_ingestion' retrieved from /opt/airflow/dags/data_ingestion.py
[2025-10-30T07:58:57.908+0000] {logging_mixin.py:188} INFO - [2025-10-30T07:58:57.907+0000] {dag.py:3096} INFO - Sync 1 DAGs
[2025-10-30T07:58:57.946+0000] {logging_mixin.py:188} INFO - [2025-10-30T07:58:57.945+0000] {dag.py:3954} INFO - Setting next_dagrun for police_data_ingestion to 2025-11-01 00:00:00+00:00, run_after=2025-12-01 00:00:00+00:00
[2025-10-30T07:58:58.004+0000] {processor.py:183} INFO - Processing /opt/airflow/dags/data_ingestion.py took 1.123 seconds
[2025-10-30T07:59:28.605+0000] {processor.py:161} INFO - Started process (PID=11024) to work on /opt/airflow/dags/data_ingestion.py
[2025-10-30T07:59:28.607+0000] {processor.py:830} INFO - Processing file /opt/airflow/dags/data_ingestion.py for tasks to queue
[2025-10-30T07:59:28.611+0000] {logging_mixin.py:188} INFO - [2025-10-30T07:59:28.610+0000] {dagbag.py:545} INFO - Filling up the DagBag from /opt/airflow/dags/data_ingestion.py
[2025-10-30T07:59:29.433+0000] {processor.py:840} INFO - DAG(s) 'police_data_ingestion' retrieved from /opt/airflow/dags/data_ingestion.py
[2025-10-30T07:59:29.499+0000] {logging_mixin.py:188} INFO - [2025-10-30T07:59:29.498+0000] {dag.py:3096} INFO - Sync 1 DAGs
[2025-10-30T07:59:29.536+0000] {logging_mixin.py:188} INFO - [2025-10-30T07:59:29.536+0000] {dag.py:3954} INFO - Setting next_dagrun for police_data_ingestion to 2025-11-01 00:00:00+00:00, run_after=2025-12-01 00:00:00+00:00
[2025-10-30T07:59:29.581+0000] {processor.py:183} INFO - Processing /opt/airflow/dags/data_ingestion.py took 0.990 seconds
[2025-10-30T08:00:00.264+0000] {processor.py:161} INFO - Started process (PID=11036) to work on /opt/airflow/dags/data_ingestion.py
[2025-10-30T08:00:00.267+0000] {processor.py:830} INFO - Processing file /opt/airflow/dags/data_ingestion.py for tasks to queue
[2025-10-30T08:00:00.272+0000] {logging_mixin.py:188} INFO - [2025-10-30T08:00:00.271+0000] {dagbag.py:545} INFO - Filling up the DagBag from /opt/airflow/dags/data_ingestion.py
[2025-10-30T08:00:01.112+0000] {processor.py:840} INFO - DAG(s) 'police_data_ingestion' retrieved from /opt/airflow/dags/data_ingestion.py
[2025-10-30T08:00:01.162+0000] {logging_mixin.py:188} INFO - [2025-10-30T08:00:01.161+0000] {dag.py:3096} INFO - Sync 1 DAGs
[2025-10-30T08:00:01.199+0000] {logging_mixin.py:188} INFO - [2025-10-30T08:00:01.198+0000] {dag.py:3954} INFO - Setting next_dagrun for police_data_ingestion to 2025-11-01 00:00:00+00:00, run_after=2025-12-01 00:00:00+00:00
[2025-10-30T08:00:01.233+0000] {processor.py:183} INFO - Processing /opt/airflow/dags/data_ingestion.py took 0.981 seconds
[2025-10-30T08:00:31.915+0000] {processor.py:161} INFO - Started process (PID=11048) to work on /opt/airflow/dags/data_ingestion.py
[2025-10-30T08:00:31.917+0000] {processor.py:830} INFO - Processing file /opt/airflow/dags/data_ingestion.py for tasks to queue
[2025-10-30T08:00:31.921+0000] {logging_mixin.py:188} INFO - [2025-10-30T08:00:31.921+0000] {dagbag.py:545} INFO - Filling up the DagBag from /opt/airflow/dags/data_ingestion.py
[2025-10-30T08:00:32.785+0000] {processor.py:840} INFO - DAG(s) 'police_data_ingestion' retrieved from /opt/airflow/dags/data_ingestion.py
[2025-10-30T08:00:32.836+0000] {logging_mixin.py:188} INFO - [2025-10-30T08:00:32.836+0000] {dag.py:3096} INFO - Sync 1 DAGs
[2025-10-30T08:00:32.867+0000] {logging_mixin.py:188} INFO - [2025-10-30T08:00:32.866+0000] {dag.py:3954} INFO - Setting next_dagrun for police_data_ingestion to 2025-11-01 00:00:00+00:00, run_after=2025-12-01 00:00:00+00:00
[2025-10-30T08:00:32.914+0000] {processor.py:183} INFO - Processing /opt/airflow/dags/data_ingestion.py took 1.011 seconds
[2025-10-30T08:01:03.650+0000] {processor.py:161} INFO - Started process (PID=11060) to work on /opt/airflow/dags/data_ingestion.py
[2025-10-30T08:01:03.653+0000] {processor.py:830} INFO - Processing file /opt/airflow/dags/data_ingestion.py for tasks to queue
[2025-10-30T08:01:03.657+0000] {logging_mixin.py:188} INFO - [2025-10-30T08:01:03.656+0000] {dagbag.py:545} INFO - Filling up the DagBag from /opt/airflow/dags/data_ingestion.py
[2025-10-30T08:01:04.480+0000] {processor.py:840} INFO - DAG(s) 'police_data_ingestion' retrieved from /opt/airflow/dags/data_ingestion.py
[2025-10-30T08:01:04.532+0000] {logging_mixin.py:188} INFO - [2025-10-30T08:01:04.531+0000] {dag.py:3096} INFO - Sync 1 DAGs
[2025-10-30T08:01:04.571+0000] {logging_mixin.py:188} INFO - [2025-10-30T08:01:04.571+0000] {dag.py:3954} INFO - Setting next_dagrun for police_data_ingestion to 2025-11-01 00:00:00+00:00, run_after=2025-12-01 00:00:00+00:00
[2025-10-30T08:01:04.629+0000] {processor.py:183} INFO - Processing /opt/airflow/dags/data_ingestion.py took 0.994 seconds
[2025-10-30T08:01:35.350+0000] {processor.py:161} INFO - Started process (PID=11072) to work on /opt/airflow/dags/data_ingestion.py
[2025-10-30T08:01:35.352+0000] {processor.py:830} INFO - Processing file /opt/airflow/dags/data_ingestion.py for tasks to queue
[2025-10-30T08:01:35.356+0000] {logging_mixin.py:188} INFO - [2025-10-30T08:01:35.355+0000] {dagbag.py:545} INFO - Filling up the DagBag from /opt/airflow/dags/data_ingestion.py
[2025-10-30T08:01:36.201+0000] {processor.py:840} INFO - DAG(s) 'police_data_ingestion' retrieved from /opt/airflow/dags/data_ingestion.py
[2025-10-30T08:01:36.267+0000] {logging_mixin.py:188} INFO - [2025-10-30T08:01:36.266+0000] {dag.py:3096} INFO - Sync 1 DAGs
[2025-10-30T08:01:36.300+0000] {logging_mixin.py:188} INFO - [2025-10-30T08:01:36.300+0000] {dag.py:3954} INFO - Setting next_dagrun for police_data_ingestion to 2025-11-01 00:00:00+00:00, run_after=2025-12-01 00:00:00+00:00
[2025-10-30T08:01:36.335+0000] {processor.py:183} INFO - Processing /opt/airflow/dags/data_ingestion.py took 0.997 seconds
[2025-10-30T08:02:06.516+0000] {processor.py:161} INFO - Started process (PID=11084) to work on /opt/airflow/dags/data_ingestion.py
[2025-10-30T08:02:06.518+0000] {processor.py:830} INFO - Processing file /opt/airflow/dags/data_ingestion.py for tasks to queue
[2025-10-30T08:02:06.523+0000] {logging_mixin.py:188} INFO - [2025-10-30T08:02:06.522+0000] {dagbag.py:545} INFO - Filling up the DagBag from /opt/airflow/dags/data_ingestion.py
[2025-10-30T08:02:07.376+0000] {processor.py:840} INFO - DAG(s) 'police_data_ingestion' retrieved from /opt/airflow/dags/data_ingestion.py
[2025-10-30T08:02:07.427+0000] {logging_mixin.py:188} INFO - [2025-10-30T08:02:07.426+0000] {dag.py:3096} INFO - Sync 1 DAGs
[2025-10-30T08:02:07.459+0000] {logging_mixin.py:188} INFO - [2025-10-30T08:02:07.459+0000] {dag.py:3954} INFO - Setting next_dagrun for police_data_ingestion to 2025-11-01 00:00:00+00:00, run_after=2025-12-01 00:00:00+00:00
[2025-10-30T08:02:07.513+0000] {processor.py:183} INFO - Processing /opt/airflow/dags/data_ingestion.py took 1.018 seconds
[2025-10-30T08:02:38.164+0000] {processor.py:161} INFO - Started process (PID=11096) to work on /opt/airflow/dags/data_ingestion.py
[2025-10-30T08:02:38.166+0000] {processor.py:830} INFO - Processing file /opt/airflow/dags/data_ingestion.py for tasks to queue
[2025-10-30T08:02:38.171+0000] {logging_mixin.py:188} INFO - [2025-10-30T08:02:38.170+0000] {dagbag.py:545} INFO - Filling up the DagBag from /opt/airflow/dags/data_ingestion.py
[2025-10-30T08:02:39.011+0000] {processor.py:840} INFO - DAG(s) 'police_data_ingestion' retrieved from /opt/airflow/dags/data_ingestion.py
[2025-10-30T08:02:39.063+0000] {logging_mixin.py:188} INFO - [2025-10-30T08:02:39.062+0000] {dag.py:3096} INFO - Sync 1 DAGs
[2025-10-30T08:02:39.102+0000] {logging_mixin.py:188} INFO - [2025-10-30T08:02:39.101+0000] {dag.py:3954} INFO - Setting next_dagrun for police_data_ingestion to 2025-11-01 00:00:00+00:00, run_after=2025-12-01 00:00:00+00:00
[2025-10-30T08:02:39.154+0000] {processor.py:183} INFO - Processing /opt/airflow/dags/data_ingestion.py took 1.003 seconds
[2025-10-30T08:03:09.979+0000] {processor.py:161} INFO - Started process (PID=11108) to work on /opt/airflow/dags/data_ingestion.py
[2025-10-30T08:03:09.982+0000] {processor.py:830} INFO - Processing file /opt/airflow/dags/data_ingestion.py for tasks to queue
[2025-10-30T08:03:09.987+0000] {logging_mixin.py:188} INFO - [2025-10-30T08:03:09.986+0000] {dagbag.py:545} INFO - Filling up the DagBag from /opt/airflow/dags/data_ingestion.py
[2025-10-30T08:03:10.788+0000] {processor.py:840} INFO - DAG(s) 'police_data_ingestion' retrieved from /opt/airflow/dags/data_ingestion.py
[2025-10-30T08:03:10.840+0000] {logging_mixin.py:188} INFO - [2025-10-30T08:03:10.839+0000] {dag.py:3096} INFO - Sync 1 DAGs
[2025-10-30T08:03:10.886+0000] {logging_mixin.py:188} INFO - [2025-10-30T08:03:10.886+0000] {dag.py:3954} INFO - Setting next_dagrun for police_data_ingestion to 2025-11-01 00:00:00+00:00, run_after=2025-12-01 00:00:00+00:00
[2025-10-30T08:03:10.938+0000] {processor.py:183} INFO - Processing /opt/airflow/dags/data_ingestion.py took 0.989 seconds
[2025-10-30T08:03:41.677+0000] {processor.py:161} INFO - Started process (PID=11120) to work on /opt/airflow/dags/data_ingestion.py
[2025-10-30T08:03:41.680+0000] {processor.py:830} INFO - Processing file /opt/airflow/dags/data_ingestion.py for tasks to queue
[2025-10-30T08:03:41.683+0000] {logging_mixin.py:188} INFO - [2025-10-30T08:03:41.683+0000] {dagbag.py:545} INFO - Filling up the DagBag from /opt/airflow/dags/data_ingestion.py
[2025-10-30T08:03:42.595+0000] {processor.py:840} INFO - DAG(s) 'police_data_ingestion' retrieved from /opt/airflow/dags/data_ingestion.py
[2025-10-30T08:03:42.646+0000] {logging_mixin.py:188} INFO - [2025-10-30T08:03:42.646+0000] {dag.py:3096} INFO - Sync 1 DAGs
[2025-10-30T08:03:42.681+0000] {logging_mixin.py:188} INFO - [2025-10-30T08:03:42.681+0000] {dag.py:3954} INFO - Setting next_dagrun for police_data_ingestion to 2025-11-01 00:00:00+00:00, run_after=2025-12-01 00:00:00+00:00
[2025-10-30T08:03:42.725+0000] {processor.py:183} INFO - Processing /opt/airflow/dags/data_ingestion.py took 1.064 seconds
[2025-10-30T08:04:13.423+0000] {processor.py:161} INFO - Started process (PID=11132) to work on /opt/airflow/dags/data_ingestion.py
[2025-10-30T08:04:13.426+0000] {processor.py:830} INFO - Processing file /opt/airflow/dags/data_ingestion.py for tasks to queue
[2025-10-30T08:04:13.431+0000] {logging_mixin.py:188} INFO - [2025-10-30T08:04:13.430+0000] {dagbag.py:545} INFO - Filling up the DagBag from /opt/airflow/dags/data_ingestion.py
[2025-10-30T08:04:14.402+0000] {processor.py:840} INFO - DAG(s) 'police_data_ingestion' retrieved from /opt/airflow/dags/data_ingestion.py
[2025-10-30T08:04:14.482+0000] {logging_mixin.py:188} INFO - [2025-10-30T08:04:14.481+0000] {dag.py:3096} INFO - Sync 1 DAGs
[2025-10-30T08:04:14.537+0000] {logging_mixin.py:188} INFO - [2025-10-30T08:04:14.537+0000] {dag.py:3954} INFO - Setting next_dagrun for police_data_ingestion to 2025-11-01 00:00:00+00:00, run_after=2025-12-01 00:00:00+00:00
[2025-10-30T08:04:14.598+0000] {processor.py:183} INFO - Processing /opt/airflow/dags/data_ingestion.py took 1.188 seconds
[2025-10-30T08:04:44.992+0000] {processor.py:161} INFO - Started process (PID=11144) to work on /opt/airflow/dags/data_ingestion.py
[2025-10-30T08:04:44.995+0000] {processor.py:830} INFO - Processing file /opt/airflow/dags/data_ingestion.py for tasks to queue
[2025-10-30T08:04:44.999+0000] {logging_mixin.py:188} INFO - [2025-10-30T08:04:44.999+0000] {dagbag.py:545} INFO - Filling up the DagBag from /opt/airflow/dags/data_ingestion.py
[2025-10-30T08:04:46.069+0000] {processor.py:840} INFO - DAG(s) 'police_data_ingestion' retrieved from /opt/airflow/dags/data_ingestion.py
[2025-10-30T08:04:46.121+0000] {logging_mixin.py:188} INFO - [2025-10-30T08:04:46.121+0000] {dag.py:3096} INFO - Sync 1 DAGs
[2025-10-30T08:04:46.151+0000] {logging_mixin.py:188} INFO - [2025-10-30T08:04:46.151+0000] {dag.py:3954} INFO - Setting next_dagrun for police_data_ingestion to 2025-11-01 00:00:00+00:00, run_after=2025-12-01 00:00:00+00:00
[2025-10-30T08:04:46.196+0000] {processor.py:183} INFO - Processing /opt/airflow/dags/data_ingestion.py took 1.218 seconds
[2025-10-30T08:05:16.707+0000] {processor.py:161} INFO - Started process (PID=11156) to work on /opt/airflow/dags/data_ingestion.py
[2025-10-30T08:05:16.709+0000] {processor.py:830} INFO - Processing file /opt/airflow/dags/data_ingestion.py for tasks to queue
[2025-10-30T08:05:16.713+0000] {logging_mixin.py:188} INFO - [2025-10-30T08:05:16.712+0000] {dagbag.py:545} INFO - Filling up the DagBag from /opt/airflow/dags/data_ingestion.py
[2025-10-30T08:05:17.522+0000] {processor.py:840} INFO - DAG(s) 'police_data_ingestion' retrieved from /opt/airflow/dags/data_ingestion.py
[2025-10-30T08:05:17.572+0000] {logging_mixin.py:188} INFO - [2025-10-30T08:05:17.571+0000] {dag.py:3096} INFO - Sync 1 DAGs
[2025-10-30T08:05:17.611+0000] {logging_mixin.py:188} INFO - [2025-10-30T08:05:17.610+0000] {dag.py:3954} INFO - Setting next_dagrun for police_data_ingestion to 2025-11-01 00:00:00+00:00, run_after=2025-12-01 00:00:00+00:00
[2025-10-30T08:05:17.660+0000] {processor.py:183} INFO - Processing /opt/airflow/dags/data_ingestion.py took 0.965 seconds
[2025-10-30T08:05:48.362+0000] {processor.py:161} INFO - Started process (PID=11168) to work on /opt/airflow/dags/data_ingestion.py
[2025-10-30T08:05:48.364+0000] {processor.py:830} INFO - Processing file /opt/airflow/dags/data_ingestion.py for tasks to queue
[2025-10-30T08:05:48.369+0000] {logging_mixin.py:188} INFO - [2025-10-30T08:05:48.368+0000] {dagbag.py:545} INFO - Filling up the DagBag from /opt/airflow/dags/data_ingestion.py
[2025-10-30T08:05:49.521+0000] {processor.py:840} INFO - DAG(s) 'police_data_ingestion' retrieved from /opt/airflow/dags/data_ingestion.py
[2025-10-30T08:05:49.608+0000] {logging_mixin.py:188} INFO - [2025-10-30T08:05:49.607+0000] {dag.py:3096} INFO - Sync 1 DAGs
[2025-10-30T08:05:49.670+0000] {logging_mixin.py:188} INFO - [2025-10-30T08:05:49.670+0000] {dag.py:3954} INFO - Setting next_dagrun for police_data_ingestion to 2025-11-01 00:00:00+00:00, run_after=2025-12-01 00:00:00+00:00
[2025-10-30T08:05:49.742+0000] {processor.py:183} INFO - Processing /opt/airflow/dags/data_ingestion.py took 1.396 seconds
[2025-10-30T08:06:20.302+0000] {processor.py:161} INFO - Started process (PID=11180) to work on /opt/airflow/dags/data_ingestion.py
[2025-10-30T08:06:20.304+0000] {processor.py:830} INFO - Processing file /opt/airflow/dags/data_ingestion.py for tasks to queue
[2025-10-30T08:06:20.308+0000] {logging_mixin.py:188} INFO - [2025-10-30T08:06:20.307+0000] {dagbag.py:545} INFO - Filling up the DagBag from /opt/airflow/dags/data_ingestion.py
[2025-10-30T08:06:21.178+0000] {processor.py:840} INFO - DAG(s) 'police_data_ingestion' retrieved from /opt/airflow/dags/data_ingestion.py
[2025-10-30T08:06:21.229+0000] {logging_mixin.py:188} INFO - [2025-10-30T08:06:21.228+0000] {dag.py:3096} INFO - Sync 1 DAGs
[2025-10-30T08:06:21.265+0000] {logging_mixin.py:188} INFO - [2025-10-30T08:06:21.264+0000] {dag.py:3954} INFO - Setting next_dagrun for police_data_ingestion to 2025-11-01 00:00:00+00:00, run_after=2025-12-01 00:00:00+00:00
[2025-10-30T08:06:21.319+0000] {processor.py:183} INFO - Processing /opt/airflow/dags/data_ingestion.py took 1.031 seconds
[2025-10-30T08:06:51.993+0000] {processor.py:161} INFO - Started process (PID=11192) to work on /opt/airflow/dags/data_ingestion.py
[2025-10-30T08:06:51.996+0000] {processor.py:830} INFO - Processing file /opt/airflow/dags/data_ingestion.py for tasks to queue
[2025-10-30T08:06:52.001+0000] {logging_mixin.py:188} INFO - [2025-10-30T08:06:52.000+0000] {dagbag.py:545} INFO - Filling up the DagBag from /opt/airflow/dags/data_ingestion.py
[2025-10-30T08:06:53.058+0000] {processor.py:840} INFO - DAG(s) 'police_data_ingestion' retrieved from /opt/airflow/dags/data_ingestion.py
[2025-10-30T08:06:53.125+0000] {logging_mixin.py:188} INFO - [2025-10-30T08:06:53.124+0000] {dag.py:3096} INFO - Sync 1 DAGs
[2025-10-30T08:06:53.182+0000] {logging_mixin.py:188} INFO - [2025-10-30T08:06:53.182+0000] {dag.py:3954} INFO - Setting next_dagrun for police_data_ingestion to 2025-11-01 00:00:00+00:00, run_after=2025-12-01 00:00:00+00:00
[2025-10-30T08:06:53.238+0000] {processor.py:183} INFO - Processing /opt/airflow/dags/data_ingestion.py took 1.257 seconds
[2025-10-30T08:07:23.751+0000] {processor.py:161} INFO - Started process (PID=11204) to work on /opt/airflow/dags/data_ingestion.py
[2025-10-30T08:07:23.754+0000] {processor.py:830} INFO - Processing file /opt/airflow/dags/data_ingestion.py for tasks to queue
[2025-10-30T08:07:23.759+0000] {logging_mixin.py:188} INFO - [2025-10-30T08:07:23.758+0000] {dagbag.py:545} INFO - Filling up the DagBag from /opt/airflow/dags/data_ingestion.py
[2025-10-30T08:07:24.580+0000] {processor.py:840} INFO - DAG(s) 'police_data_ingestion' retrieved from /opt/airflow/dags/data_ingestion.py
[2025-10-30T08:07:24.629+0000] {logging_mixin.py:188} INFO - [2025-10-30T08:07:24.628+0000] {dag.py:3096} INFO - Sync 1 DAGs
[2025-10-30T08:07:24.668+0000] {logging_mixin.py:188} INFO - [2025-10-30T08:07:24.667+0000] {dag.py:3954} INFO - Setting next_dagrun for police_data_ingestion to 2025-11-01 00:00:00+00:00, run_after=2025-12-01 00:00:00+00:00
[2025-10-30T08:07:24.722+0000] {processor.py:183} INFO - Processing /opt/airflow/dags/data_ingestion.py took 0.987 seconds
[2025-10-30T08:07:55.637+0000] {processor.py:161} INFO - Started process (PID=11216) to work on /opt/airflow/dags/data_ingestion.py
[2025-10-30T08:07:55.641+0000] {processor.py:830} INFO - Processing file /opt/airflow/dags/data_ingestion.py for tasks to queue
[2025-10-30T08:07:55.645+0000] {logging_mixin.py:188} INFO - [2025-10-30T08:07:55.644+0000] {dagbag.py:545} INFO - Filling up the DagBag from /opt/airflow/dags/data_ingestion.py
[2025-10-30T08:07:56.672+0000] {processor.py:840} INFO - DAG(s) 'police_data_ingestion' retrieved from /opt/airflow/dags/data_ingestion.py
[2025-10-30T08:07:56.753+0000] {logging_mixin.py:188} INFO - [2025-10-30T08:07:56.752+0000] {dag.py:3096} INFO - Sync 1 DAGs
[2025-10-30T08:07:56.803+0000] {logging_mixin.py:188} INFO - [2025-10-30T08:07:56.802+0000] {dag.py:3954} INFO - Setting next_dagrun for police_data_ingestion to 2025-11-01 00:00:00+00:00, run_after=2025-12-01 00:00:00+00:00
[2025-10-30T08:07:56.838+0000] {processor.py:183} INFO - Processing /opt/airflow/dags/data_ingestion.py took 1.213 seconds
[2025-10-30T08:08:27.315+0000] {processor.py:161} INFO - Started process (PID=11228) to work on /opt/airflow/dags/data_ingestion.py
[2025-10-30T08:08:27.317+0000] {processor.py:830} INFO - Processing file /opt/airflow/dags/data_ingestion.py for tasks to queue
[2025-10-30T08:08:27.321+0000] {logging_mixin.py:188} INFO - [2025-10-30T08:08:27.320+0000] {dagbag.py:545} INFO - Filling up the DagBag from /opt/airflow/dags/data_ingestion.py
[2025-10-30T08:08:28.115+0000] {processor.py:840} INFO - DAG(s) 'police_data_ingestion' retrieved from /opt/airflow/dags/data_ingestion.py
[2025-10-30T08:08:28.165+0000] {logging_mixin.py:188} INFO - [2025-10-30T08:08:28.165+0000] {dag.py:3096} INFO - Sync 1 DAGs
[2025-10-30T08:08:28.196+0000] {logging_mixin.py:188} INFO - [2025-10-30T08:08:28.196+0000] {dag.py:3954} INFO - Setting next_dagrun for police_data_ingestion to 2025-11-01 00:00:00+00:00, run_after=2025-12-01 00:00:00+00:00
[2025-10-30T08:08:28.247+0000] {processor.py:183} INFO - Processing /opt/airflow/dags/data_ingestion.py took 0.949 seconds
[2025-10-30T08:08:59.033+0000] {processor.py:161} INFO - Started process (PID=11240) to work on /opt/airflow/dags/data_ingestion.py
[2025-10-30T08:08:59.036+0000] {processor.py:830} INFO - Processing file /opt/airflow/dags/data_ingestion.py for tasks to queue
[2025-10-30T08:08:59.040+0000] {logging_mixin.py:188} INFO - [2025-10-30T08:08:59.039+0000] {dagbag.py:545} INFO - Filling up the DagBag from /opt/airflow/dags/data_ingestion.py
[2025-10-30T08:08:59.822+0000] {processor.py:840} INFO - DAG(s) 'police_data_ingestion' retrieved from /opt/airflow/dags/data_ingestion.py
[2025-10-30T08:08:59.879+0000] {logging_mixin.py:188} INFO - [2025-10-30T08:08:59.878+0000] {dag.py:3096} INFO - Sync 1 DAGs
[2025-10-30T08:08:59.923+0000] {logging_mixin.py:188} INFO - [2025-10-30T08:08:59.923+0000] {dag.py:3954} INFO - Setting next_dagrun for police_data_ingestion to 2025-11-01 00:00:00+00:00, run_after=2025-12-01 00:00:00+00:00
[2025-10-30T08:08:59.972+0000] {processor.py:183} INFO - Processing /opt/airflow/dags/data_ingestion.py took 0.954 seconds
[2025-10-30T08:09:30.714+0000] {processor.py:161} INFO - Started process (PID=11252) to work on /opt/airflow/dags/data_ingestion.py
[2025-10-30T08:09:30.718+0000] {processor.py:830} INFO - Processing file /opt/airflow/dags/data_ingestion.py for tasks to queue
[2025-10-30T08:09:30.723+0000] {logging_mixin.py:188} INFO - [2025-10-30T08:09:30.722+0000] {dagbag.py:545} INFO - Filling up the DagBag from /opt/airflow/dags/data_ingestion.py
[2025-10-30T08:09:31.582+0000] {processor.py:840} INFO - DAG(s) 'police_data_ingestion' retrieved from /opt/airflow/dags/data_ingestion.py
[2025-10-30T08:09:31.647+0000] {logging_mixin.py:188} INFO - [2025-10-30T08:09:31.646+0000] {dag.py:3096} INFO - Sync 1 DAGs
[2025-10-30T08:09:31.686+0000] {logging_mixin.py:188} INFO - [2025-10-30T08:09:31.685+0000] {dag.py:3954} INFO - Setting next_dagrun for police_data_ingestion to 2025-11-01 00:00:00+00:00, run_after=2025-12-01 00:00:00+00:00
[2025-10-30T08:09:31.735+0000] {processor.py:183} INFO - Processing /opt/airflow/dags/data_ingestion.py took 1.035 seconds
[2025-10-30T08:10:02.480+0000] {processor.py:161} INFO - Started process (PID=11264) to work on /opt/airflow/dags/data_ingestion.py
[2025-10-30T08:10:02.483+0000] {processor.py:830} INFO - Processing file /opt/airflow/dags/data_ingestion.py for tasks to queue
[2025-10-30T08:10:02.489+0000] {logging_mixin.py:188} INFO - [2025-10-30T08:10:02.488+0000] {dagbag.py:545} INFO - Filling up the DagBag from /opt/airflow/dags/data_ingestion.py
[2025-10-30T08:10:03.454+0000] {processor.py:840} INFO - DAG(s) 'police_data_ingestion' retrieved from /opt/airflow/dags/data_ingestion.py
[2025-10-30T08:10:03.516+0000] {logging_mixin.py:188} INFO - [2025-10-30T08:10:03.515+0000] {dag.py:3096} INFO - Sync 1 DAGs
[2025-10-30T08:10:03.567+0000] {logging_mixin.py:188} INFO - [2025-10-30T08:10:03.566+0000] {dag.py:3954} INFO - Setting next_dagrun for police_data_ingestion to 2025-11-01 00:00:00+00:00, run_after=2025-12-01 00:00:00+00:00
[2025-10-30T08:10:03.630+0000] {processor.py:183} INFO - Processing /opt/airflow/dags/data_ingestion.py took 1.171 seconds
[2025-10-30T08:10:34.303+0000] {processor.py:161} INFO - Started process (PID=11276) to work on /opt/airflow/dags/data_ingestion.py
[2025-10-30T08:10:34.305+0000] {processor.py:830} INFO - Processing file /opt/airflow/dags/data_ingestion.py for tasks to queue
[2025-10-30T08:10:34.310+0000] {logging_mixin.py:188} INFO - [2025-10-30T08:10:34.309+0000] {dagbag.py:545} INFO - Filling up the DagBag from /opt/airflow/dags/data_ingestion.py
[2025-10-30T08:10:35.162+0000] {processor.py:840} INFO - DAG(s) 'police_data_ingestion' retrieved from /opt/airflow/dags/data_ingestion.py
[2025-10-30T08:10:35.218+0000] {logging_mixin.py:188} INFO - [2025-10-30T08:10:35.217+0000] {dag.py:3096} INFO - Sync 1 DAGs
[2025-10-30T08:10:35.265+0000] {logging_mixin.py:188} INFO - [2025-10-30T08:10:35.264+0000] {dag.py:3954} INFO - Setting next_dagrun for police_data_ingestion to 2025-11-01 00:00:00+00:00, run_after=2025-12-01 00:00:00+00:00
[2025-10-30T08:10:35.307+0000] {processor.py:183} INFO - Processing /opt/airflow/dags/data_ingestion.py took 1.017 seconds
[2025-10-30T08:11:06.013+0000] {processor.py:161} INFO - Started process (PID=11288) to work on /opt/airflow/dags/data_ingestion.py
[2025-10-30T08:11:06.016+0000] {processor.py:830} INFO - Processing file /opt/airflow/dags/data_ingestion.py for tasks to queue
[2025-10-30T08:11:06.021+0000] {logging_mixin.py:188} INFO - [2025-10-30T08:11:06.020+0000] {dagbag.py:545} INFO - Filling up the DagBag from /opt/airflow/dags/data_ingestion.py
[2025-10-30T08:11:06.810+0000] {processor.py:840} INFO - DAG(s) 'police_data_ingestion' retrieved from /opt/airflow/dags/data_ingestion.py
[2025-10-30T08:11:06.862+0000] {logging_mixin.py:188} INFO - [2025-10-30T08:11:06.862+0000] {dag.py:3096} INFO - Sync 1 DAGs
[2025-10-30T08:11:06.896+0000] {logging_mixin.py:188} INFO - [2025-10-30T08:11:06.895+0000] {dag.py:3954} INFO - Setting next_dagrun for police_data_ingestion to 2025-11-01 00:00:00+00:00, run_after=2025-12-01 00:00:00+00:00
[2025-10-30T08:11:06.929+0000] {processor.py:183} INFO - Processing /opt/airflow/dags/data_ingestion.py took 0.929 seconds
[2025-10-30T08:11:37.639+0000] {processor.py:161} INFO - Started process (PID=11300) to work on /opt/airflow/dags/data_ingestion.py
[2025-10-30T08:11:37.642+0000] {processor.py:830} INFO - Processing file /opt/airflow/dags/data_ingestion.py for tasks to queue
[2025-10-30T08:11:37.646+0000] {logging_mixin.py:188} INFO - [2025-10-30T08:11:37.645+0000] {dagbag.py:545} INFO - Filling up the DagBag from /opt/airflow/dags/data_ingestion.py
[2025-10-30T08:11:38.455+0000] {processor.py:840} INFO - DAG(s) 'police_data_ingestion' retrieved from /opt/airflow/dags/data_ingestion.py
[2025-10-30T08:11:38.504+0000] {logging_mixin.py:188} INFO - [2025-10-30T08:11:38.503+0000] {dag.py:3096} INFO - Sync 1 DAGs
[2025-10-30T08:11:38.540+0000] {logging_mixin.py:188} INFO - [2025-10-30T08:11:38.539+0000] {dag.py:3954} INFO - Setting next_dagrun for police_data_ingestion to 2025-11-01 00:00:00+00:00, run_after=2025-12-01 00:00:00+00:00
[2025-10-30T08:11:38.590+0000] {processor.py:183} INFO - Processing /opt/airflow/dags/data_ingestion.py took 0.964 seconds
[2025-10-30T08:12:09.316+0000] {processor.py:161} INFO - Started process (PID=11312) to work on /opt/airflow/dags/data_ingestion.py
[2025-10-30T08:12:09.319+0000] {processor.py:830} INFO - Processing file /opt/airflow/dags/data_ingestion.py for tasks to queue
[2025-10-30T08:12:09.324+0000] {logging_mixin.py:188} INFO - [2025-10-30T08:12:09.323+0000] {dagbag.py:545} INFO - Filling up the DagBag from /opt/airflow/dags/data_ingestion.py
[2025-10-30T08:12:10.213+0000] {processor.py:840} INFO - DAG(s) 'police_data_ingestion' retrieved from /opt/airflow/dags/data_ingestion.py
[2025-10-30T08:12:10.267+0000] {logging_mixin.py:188} INFO - [2025-10-30T08:12:10.266+0000] {dag.py:3096} INFO - Sync 1 DAGs
[2025-10-30T08:12:10.299+0000] {logging_mixin.py:188} INFO - [2025-10-30T08:12:10.299+0000] {dag.py:3954} INFO - Setting next_dagrun for police_data_ingestion to 2025-11-01 00:00:00+00:00, run_after=2025-12-01 00:00:00+00:00
[2025-10-30T08:12:10.364+0000] {processor.py:183} INFO - Processing /opt/airflow/dags/data_ingestion.py took 1.062 seconds
[2025-10-30T08:12:41.066+0000] {processor.py:161} INFO - Started process (PID=11324) to work on /opt/airflow/dags/data_ingestion.py
[2025-10-30T08:12:41.069+0000] {processor.py:830} INFO - Processing file /opt/airflow/dags/data_ingestion.py for tasks to queue
[2025-10-30T08:12:41.073+0000] {logging_mixin.py:188} INFO - [2025-10-30T08:12:41.073+0000] {dagbag.py:545} INFO - Filling up the DagBag from /opt/airflow/dags/data_ingestion.py
[2025-10-30T08:12:42.008+0000] {processor.py:840} INFO - DAG(s) 'police_data_ingestion' retrieved from /opt/airflow/dags/data_ingestion.py
[2025-10-30T08:12:42.085+0000] {logging_mixin.py:188} INFO - [2025-10-30T08:12:42.084+0000] {dag.py:3096} INFO - Sync 1 DAGs
[2025-10-30T08:12:42.122+0000] {logging_mixin.py:188} INFO - [2025-10-30T08:12:42.122+0000] {dag.py:3954} INFO - Setting next_dagrun for police_data_ingestion to 2025-11-01 00:00:00+00:00, run_after=2025-12-01 00:00:00+00:00
[2025-10-30T08:12:42.156+0000] {processor.py:183} INFO - Processing /opt/airflow/dags/data_ingestion.py took 1.110 seconds
[2025-10-30T08:13:12.831+0000] {processor.py:161} INFO - Started process (PID=11336) to work on /opt/airflow/dags/data_ingestion.py
[2025-10-30T08:13:12.833+0000] {processor.py:830} INFO - Processing file /opt/airflow/dags/data_ingestion.py for tasks to queue
[2025-10-30T08:13:12.838+0000] {logging_mixin.py:188} INFO - [2025-10-30T08:13:12.837+0000] {dagbag.py:545} INFO - Filling up the DagBag from /opt/airflow/dags/data_ingestion.py
[2025-10-30T08:13:13.648+0000] {processor.py:840} INFO - DAG(s) 'police_data_ingestion' retrieved from /opt/airflow/dags/data_ingestion.py
[2025-10-30T08:13:13.696+0000] {logging_mixin.py:188} INFO - [2025-10-30T08:13:13.695+0000] {dag.py:3096} INFO - Sync 1 DAGs
[2025-10-30T08:13:13.726+0000] {logging_mixin.py:188} INFO - [2025-10-30T08:13:13.726+0000] {dag.py:3954} INFO - Setting next_dagrun for police_data_ingestion to 2025-11-01 00:00:00+00:00, run_after=2025-12-01 00:00:00+00:00
[2025-10-30T08:13:13.777+0000] {processor.py:183} INFO - Processing /opt/airflow/dags/data_ingestion.py took 0.957 seconds
[2025-10-30T08:13:44.560+0000] {processor.py:161} INFO - Started process (PID=11348) to work on /opt/airflow/dags/data_ingestion.py
[2025-10-30T08:13:44.562+0000] {processor.py:830} INFO - Processing file /opt/airflow/dags/data_ingestion.py for tasks to queue
[2025-10-30T08:13:44.566+0000] {logging_mixin.py:188} INFO - [2025-10-30T08:13:44.566+0000] {dagbag.py:545} INFO - Filling up the DagBag from /opt/airflow/dags/data_ingestion.py
[2025-10-30T08:13:45.444+0000] {processor.py:840} INFO - DAG(s) 'police_data_ingestion' retrieved from /opt/airflow/dags/data_ingestion.py
[2025-10-30T08:13:45.498+0000] {logging_mixin.py:188} INFO - [2025-10-30T08:13:45.498+0000] {dag.py:3096} INFO - Sync 1 DAGs
[2025-10-30T08:13:45.535+0000] {logging_mixin.py:188} INFO - [2025-10-30T08:13:45.535+0000] {dag.py:3954} INFO - Setting next_dagrun for police_data_ingestion to 2025-11-01 00:00:00+00:00, run_after=2025-12-01 00:00:00+00:00
[2025-10-30T08:13:45.583+0000] {processor.py:183} INFO - Processing /opt/airflow/dags/data_ingestion.py took 1.035 seconds
[2025-10-30T08:14:16.233+0000] {processor.py:161} INFO - Started process (PID=11360) to work on /opt/airflow/dags/data_ingestion.py
[2025-10-30T08:14:16.235+0000] {processor.py:830} INFO - Processing file /opt/airflow/dags/data_ingestion.py for tasks to queue
[2025-10-30T08:14:16.239+0000] {logging_mixin.py:188} INFO - [2025-10-30T08:14:16.238+0000] {dagbag.py:545} INFO - Filling up the DagBag from /opt/airflow/dags/data_ingestion.py
[2025-10-30T08:14:17.152+0000] {processor.py:840} INFO - DAG(s) 'police_data_ingestion' retrieved from /opt/airflow/dags/data_ingestion.py
[2025-10-30T08:14:17.206+0000] {logging_mixin.py:188} INFO - [2025-10-30T08:14:17.206+0000] {dag.py:3096} INFO - Sync 1 DAGs
[2025-10-30T08:14:17.246+0000] {logging_mixin.py:188} INFO - [2025-10-30T08:14:17.245+0000] {dag.py:3954} INFO - Setting next_dagrun for police_data_ingestion to 2025-11-01 00:00:00+00:00, run_after=2025-12-01 00:00:00+00:00
[2025-10-30T08:14:17.292+0000] {processor.py:183} INFO - Processing /opt/airflow/dags/data_ingestion.py took 1.071 seconds
[2025-10-30T08:14:47.931+0000] {processor.py:161} INFO - Started process (PID=11372) to work on /opt/airflow/dags/data_ingestion.py
[2025-10-30T08:14:47.934+0000] {processor.py:830} INFO - Processing file /opt/airflow/dags/data_ingestion.py for tasks to queue
[2025-10-30T08:14:47.938+0000] {logging_mixin.py:188} INFO - [2025-10-30T08:14:47.938+0000] {dagbag.py:545} INFO - Filling up the DagBag from /opt/airflow/dags/data_ingestion.py
[2025-10-30T08:14:48.782+0000] {processor.py:840} INFO - DAG(s) 'police_data_ingestion' retrieved from /opt/airflow/dags/data_ingestion.py
[2025-10-30T08:14:48.854+0000] {logging_mixin.py:188} INFO - [2025-10-30T08:14:48.853+0000] {dag.py:3096} INFO - Sync 1 DAGs
[2025-10-30T08:14:48.902+0000] {logging_mixin.py:188} INFO - [2025-10-30T08:14:48.901+0000] {dag.py:3954} INFO - Setting next_dagrun for police_data_ingestion to 2025-11-01 00:00:00+00:00, run_after=2025-12-01 00:00:00+00:00
[2025-10-30T08:14:48.951+0000] {processor.py:183} INFO - Processing /opt/airflow/dags/data_ingestion.py took 1.033 seconds
[2025-10-30T08:15:19.577+0000] {processor.py:161} INFO - Started process (PID=11384) to work on /opt/airflow/dags/data_ingestion.py
[2025-10-30T08:15:19.579+0000] {processor.py:830} INFO - Processing file /opt/airflow/dags/data_ingestion.py for tasks to queue
[2025-10-30T08:15:19.583+0000] {logging_mixin.py:188} INFO - [2025-10-30T08:15:19.582+0000] {dagbag.py:545} INFO - Filling up the DagBag from /opt/airflow/dags/data_ingestion.py
[2025-10-30T08:15:20.482+0000] {processor.py:840} INFO - DAG(s) 'police_data_ingestion' retrieved from /opt/airflow/dags/data_ingestion.py
[2025-10-30T08:15:20.540+0000] {logging_mixin.py:188} INFO - [2025-10-30T08:15:20.539+0000] {dag.py:3096} INFO - Sync 1 DAGs
[2025-10-30T08:15:20.577+0000] {logging_mixin.py:188} INFO - [2025-10-30T08:15:20.576+0000] {dag.py:3954} INFO - Setting next_dagrun for police_data_ingestion to 2025-11-01 00:00:00+00:00, run_after=2025-12-01 00:00:00+00:00
[2025-10-30T08:15:20.630+0000] {processor.py:183} INFO - Processing /opt/airflow/dags/data_ingestion.py took 1.067 seconds
[2025-10-30T08:15:51.384+0000] {processor.py:161} INFO - Started process (PID=11396) to work on /opt/airflow/dags/data_ingestion.py
[2025-10-30T08:15:51.388+0000] {processor.py:830} INFO - Processing file /opt/airflow/dags/data_ingestion.py for tasks to queue
[2025-10-30T08:15:51.393+0000] {logging_mixin.py:188} INFO - [2025-10-30T08:15:51.392+0000] {dagbag.py:545} INFO - Filling up the DagBag from /opt/airflow/dags/data_ingestion.py
[2025-10-30T08:15:52.239+0000] {processor.py:840} INFO - DAG(s) 'police_data_ingestion' retrieved from /opt/airflow/dags/data_ingestion.py
[2025-10-30T08:15:52.291+0000] {logging_mixin.py:188} INFO - [2025-10-30T08:15:52.290+0000] {dag.py:3096} INFO - Sync 1 DAGs
[2025-10-30T08:15:52.322+0000] {logging_mixin.py:188} INFO - [2025-10-30T08:15:52.322+0000] {dag.py:3954} INFO - Setting next_dagrun for police_data_ingestion to 2025-11-01 00:00:00+00:00, run_after=2025-12-01 00:00:00+00:00
[2025-10-30T08:15:52.374+0000] {processor.py:183} INFO - Processing /opt/airflow/dags/data_ingestion.py took 1.017 seconds
[2025-10-30T08:16:23.070+0000] {processor.py:161} INFO - Started process (PID=11408) to work on /opt/airflow/dags/data_ingestion.py
[2025-10-30T08:16:23.072+0000] {processor.py:830} INFO - Processing file /opt/airflow/dags/data_ingestion.py for tasks to queue
[2025-10-30T08:16:23.076+0000] {logging_mixin.py:188} INFO - [2025-10-30T08:16:23.075+0000] {dagbag.py:545} INFO - Filling up the DagBag from /opt/airflow/dags/data_ingestion.py
[2025-10-30T08:16:23.855+0000] {processor.py:840} INFO - DAG(s) 'police_data_ingestion' retrieved from /opt/airflow/dags/data_ingestion.py
[2025-10-30T08:16:23.912+0000] {logging_mixin.py:188} INFO - [2025-10-30T08:16:23.911+0000] {dag.py:3096} INFO - Sync 1 DAGs
[2025-10-30T08:16:23.945+0000] {logging_mixin.py:188} INFO - [2025-10-30T08:16:23.945+0000] {dag.py:3954} INFO - Setting next_dagrun for police_data_ingestion to 2025-11-01 00:00:00+00:00, run_after=2025-12-01 00:00:00+00:00
[2025-10-30T08:16:23.980+0000] {processor.py:183} INFO - Processing /opt/airflow/dags/data_ingestion.py took 0.922 seconds
[2025-10-30T08:16:54.700+0000] {processor.py:161} INFO - Started process (PID=11420) to work on /opt/airflow/dags/data_ingestion.py
[2025-10-30T08:16:54.702+0000] {processor.py:830} INFO - Processing file /opt/airflow/dags/data_ingestion.py for tasks to queue
[2025-10-30T08:16:54.706+0000] {logging_mixin.py:188} INFO - [2025-10-30T08:16:54.706+0000] {dagbag.py:545} INFO - Filling up the DagBag from /opt/airflow/dags/data_ingestion.py
[2025-10-30T08:16:55.564+0000] {processor.py:840} INFO - DAG(s) 'police_data_ingestion' retrieved from /opt/airflow/dags/data_ingestion.py
[2025-10-30T08:16:55.619+0000] {logging_mixin.py:188} INFO - [2025-10-30T08:16:55.618+0000] {dag.py:3096} INFO - Sync 1 DAGs
[2025-10-30T08:16:55.668+0000] {logging_mixin.py:188} INFO - [2025-10-30T08:16:55.668+0000] {dag.py:3954} INFO - Setting next_dagrun for police_data_ingestion to 2025-11-01 00:00:00+00:00, run_after=2025-12-01 00:00:00+00:00
[2025-10-30T08:16:55.731+0000] {processor.py:183} INFO - Processing /opt/airflow/dags/data_ingestion.py took 1.041 seconds
[2025-10-30T08:17:26.442+0000] {processor.py:161} INFO - Started process (PID=11432) to work on /opt/airflow/dags/data_ingestion.py
[2025-10-30T08:17:26.445+0000] {processor.py:830} INFO - Processing file /opt/airflow/dags/data_ingestion.py for tasks to queue
[2025-10-30T08:17:26.450+0000] {logging_mixin.py:188} INFO - [2025-10-30T08:17:26.449+0000] {dagbag.py:545} INFO - Filling up the DagBag from /opt/airflow/dags/data_ingestion.py
[2025-10-30T08:17:27.231+0000] {processor.py:840} INFO - DAG(s) 'police_data_ingestion' retrieved from /opt/airflow/dags/data_ingestion.py
[2025-10-30T08:17:27.288+0000] {logging_mixin.py:188} INFO - [2025-10-30T08:17:27.288+0000] {dag.py:3096} INFO - Sync 1 DAGs
[2025-10-30T08:17:27.325+0000] {logging_mixin.py:188} INFO - [2025-10-30T08:17:27.324+0000] {dag.py:3954} INFO - Setting next_dagrun for police_data_ingestion to 2025-11-01 00:00:00+00:00, run_after=2025-12-01 00:00:00+00:00
[2025-10-30T08:17:27.361+0000] {processor.py:183} INFO - Processing /opt/airflow/dags/data_ingestion.py took 0.933 seconds
[2025-10-30T08:17:58.216+0000] {processor.py:161} INFO - Started process (PID=11444) to work on /opt/airflow/dags/data_ingestion.py
[2025-10-30T08:17:58.218+0000] {processor.py:830} INFO - Processing file /opt/airflow/dags/data_ingestion.py for tasks to queue
[2025-10-30T08:17:58.223+0000] {logging_mixin.py:188} INFO - [2025-10-30T08:17:58.222+0000] {dagbag.py:545} INFO - Filling up the DagBag from /opt/airflow/dags/data_ingestion.py
[2025-10-30T08:17:59.054+0000] {processor.py:840} INFO - DAG(s) 'police_data_ingestion' retrieved from /opt/airflow/dags/data_ingestion.py
[2025-10-30T08:17:59.126+0000] {logging_mixin.py:188} INFO - [2025-10-30T08:17:59.125+0000] {dag.py:3096} INFO - Sync 1 DAGs
[2025-10-30T08:17:59.174+0000] {logging_mixin.py:188} INFO - [2025-10-30T08:17:59.173+0000] {dag.py:3954} INFO - Setting next_dagrun for police_data_ingestion to 2025-11-01 00:00:00+00:00, run_after=2025-12-01 00:00:00+00:00
[2025-10-30T08:17:59.234+0000] {processor.py:183} INFO - Processing /opt/airflow/dags/data_ingestion.py took 1.037 seconds
[2025-10-30T08:18:29.983+0000] {processor.py:161} INFO - Started process (PID=11456) to work on /opt/airflow/dags/data_ingestion.py
[2025-10-30T08:18:29.985+0000] {processor.py:830} INFO - Processing file /opt/airflow/dags/data_ingestion.py for tasks to queue
[2025-10-30T08:18:29.991+0000] {logging_mixin.py:188} INFO - [2025-10-30T08:18:29.990+0000] {dagbag.py:545} INFO - Filling up the DagBag from /opt/airflow/dags/data_ingestion.py
[2025-10-30T08:18:30.806+0000] {processor.py:840} INFO - DAG(s) 'police_data_ingestion' retrieved from /opt/airflow/dags/data_ingestion.py
[2025-10-30T08:18:30.855+0000] {logging_mixin.py:188} INFO - [2025-10-30T08:18:30.854+0000] {dag.py:3096} INFO - Sync 1 DAGs
[2025-10-30T08:18:30.898+0000] {logging_mixin.py:188} INFO - [2025-10-30T08:18:30.898+0000] {dag.py:3954} INFO - Setting next_dagrun for police_data_ingestion to 2025-11-01 00:00:00+00:00, run_after=2025-12-01 00:00:00+00:00
[2025-10-30T08:18:30.941+0000] {processor.py:183} INFO - Processing /opt/airflow/dags/data_ingestion.py took 0.974 seconds
[2025-10-30T08:19:01.600+0000] {processor.py:161} INFO - Started process (PID=11468) to work on /opt/airflow/dags/data_ingestion.py
[2025-10-30T08:19:01.603+0000] {processor.py:830} INFO - Processing file /opt/airflow/dags/data_ingestion.py for tasks to queue
[2025-10-30T08:19:01.606+0000] {logging_mixin.py:188} INFO - [2025-10-30T08:19:01.606+0000] {dagbag.py:545} INFO - Filling up the DagBag from /opt/airflow/dags/data_ingestion.py
[2025-10-30T08:19:02.442+0000] {processor.py:840} INFO - DAG(s) 'police_data_ingestion' retrieved from /opt/airflow/dags/data_ingestion.py
[2025-10-30T08:19:02.493+0000] {logging_mixin.py:188} INFO - [2025-10-30T08:19:02.493+0000] {dag.py:3096} INFO - Sync 1 DAGs
[2025-10-30T08:19:02.524+0000] {logging_mixin.py:188} INFO - [2025-10-30T08:19:02.524+0000] {dag.py:3954} INFO - Setting next_dagrun for police_data_ingestion to 2025-11-01 00:00:00+00:00, run_after=2025-12-01 00:00:00+00:00
[2025-10-30T08:19:02.564+0000] {processor.py:183} INFO - Processing /opt/airflow/dags/data_ingestion.py took 0.974 seconds
[2025-10-30T08:19:33.330+0000] {processor.py:161} INFO - Started process (PID=11480) to work on /opt/airflow/dags/data_ingestion.py
[2025-10-30T08:19:33.332+0000] {processor.py:830} INFO - Processing file /opt/airflow/dags/data_ingestion.py for tasks to queue
[2025-10-30T08:19:33.335+0000] {logging_mixin.py:188} INFO - [2025-10-30T08:19:33.335+0000] {dagbag.py:545} INFO - Filling up the DagBag from /opt/airflow/dags/data_ingestion.py
[2025-10-30T08:19:34.180+0000] {processor.py:840} INFO - DAG(s) 'police_data_ingestion' retrieved from /opt/airflow/dags/data_ingestion.py
[2025-10-30T08:19:34.233+0000] {logging_mixin.py:188} INFO - [2025-10-30T08:19:34.232+0000] {dag.py:3096} INFO - Sync 1 DAGs
[2025-10-30T08:19:34.273+0000] {logging_mixin.py:188} INFO - [2025-10-30T08:19:34.272+0000] {dag.py:3954} INFO - Setting next_dagrun for police_data_ingestion to 2025-11-01 00:00:00+00:00, run_after=2025-12-01 00:00:00+00:00
[2025-10-30T08:19:34.334+0000] {processor.py:183} INFO - Processing /opt/airflow/dags/data_ingestion.py took 1.017 seconds
[2025-10-30T08:20:05.079+0000] {processor.py:161} INFO - Started process (PID=11492) to work on /opt/airflow/dags/data_ingestion.py
[2025-10-30T08:20:05.081+0000] {processor.py:830} INFO - Processing file /opt/airflow/dags/data_ingestion.py for tasks to queue
[2025-10-30T08:20:05.085+0000] {logging_mixin.py:188} INFO - [2025-10-30T08:20:05.084+0000] {dagbag.py:545} INFO - Filling up the DagBag from /opt/airflow/dags/data_ingestion.py
[2025-10-30T08:20:05.858+0000] {processor.py:840} INFO - DAG(s) 'police_data_ingestion' retrieved from /opt/airflow/dags/data_ingestion.py
[2025-10-30T08:20:05.911+0000] {logging_mixin.py:188} INFO - [2025-10-30T08:20:05.910+0000] {dag.py:3096} INFO - Sync 1 DAGs
[2025-10-30T08:20:05.947+0000] {logging_mixin.py:188} INFO - [2025-10-30T08:20:05.946+0000] {dag.py:3954} INFO - Setting next_dagrun for police_data_ingestion to 2025-11-01 00:00:00+00:00, run_after=2025-12-01 00:00:00+00:00
[2025-10-30T08:20:06.000+0000] {processor.py:183} INFO - Processing /opt/airflow/dags/data_ingestion.py took 0.933 seconds
[2025-10-30T08:20:36.737+0000] {processor.py:161} INFO - Started process (PID=11504) to work on /opt/airflow/dags/data_ingestion.py
[2025-10-30T08:20:36.739+0000] {processor.py:830} INFO - Processing file /opt/airflow/dags/data_ingestion.py for tasks to queue
[2025-10-30T08:20:36.744+0000] {logging_mixin.py:188} INFO - [2025-10-30T08:20:36.743+0000] {dagbag.py:545} INFO - Filling up the DagBag from /opt/airflow/dags/data_ingestion.py
[2025-10-30T08:20:37.680+0000] {processor.py:840} INFO - DAG(s) 'police_data_ingestion' retrieved from /opt/airflow/dags/data_ingestion.py
[2025-10-30T08:20:37.728+0000] {logging_mixin.py:188} INFO - [2025-10-30T08:20:37.728+0000] {dag.py:3096} INFO - Sync 1 DAGs
[2025-10-30T08:20:37.762+0000] {logging_mixin.py:188} INFO - [2025-10-30T08:20:37.762+0000] {dag.py:3954} INFO - Setting next_dagrun for police_data_ingestion to 2025-11-01 00:00:00+00:00, run_after=2025-12-01 00:00:00+00:00
[2025-10-30T08:20:37.820+0000] {processor.py:183} INFO - Processing /opt/airflow/dags/data_ingestion.py took 1.101 seconds
[2025-10-30T08:21:08.579+0000] {processor.py:161} INFO - Started process (PID=11516) to work on /opt/airflow/dags/data_ingestion.py
[2025-10-30T08:21:08.584+0000] {processor.py:830} INFO - Processing file /opt/airflow/dags/data_ingestion.py for tasks to queue
[2025-10-30T08:21:08.594+0000] {logging_mixin.py:188} INFO - [2025-10-30T08:21:08.592+0000] {dagbag.py:545} INFO - Filling up the DagBag from /opt/airflow/dags/data_ingestion.py
[2025-10-30T08:21:09.432+0000] {processor.py:840} INFO - DAG(s) 'police_data_ingestion' retrieved from /opt/airflow/dags/data_ingestion.py
[2025-10-30T08:21:09.484+0000] {logging_mixin.py:188} INFO - [2025-10-30T08:21:09.483+0000] {dag.py:3096} INFO - Sync 1 DAGs
[2025-10-30T08:21:09.527+0000] {logging_mixin.py:188} INFO - [2025-10-30T08:21:09.526+0000] {dag.py:3954} INFO - Setting next_dagrun for police_data_ingestion to 2025-11-01 00:00:00+00:00, run_after=2025-12-01 00:00:00+00:00
[2025-10-30T08:21:09.579+0000] {processor.py:183} INFO - Processing /opt/airflow/dags/data_ingestion.py took 1.031 seconds
[2025-10-30T08:21:40.308+0000] {processor.py:161} INFO - Started process (PID=11528) to work on /opt/airflow/dags/data_ingestion.py
[2025-10-30T08:21:40.311+0000] {processor.py:830} INFO - Processing file /opt/airflow/dags/data_ingestion.py for tasks to queue
[2025-10-30T08:21:40.317+0000] {logging_mixin.py:188} INFO - [2025-10-30T08:21:40.316+0000] {dagbag.py:545} INFO - Filling up the DagBag from /opt/airflow/dags/data_ingestion.py
[2025-10-30T08:21:41.257+0000] {processor.py:840} INFO - DAG(s) 'police_data_ingestion' retrieved from /opt/airflow/dags/data_ingestion.py
[2025-10-30T08:21:41.312+0000] {logging_mixin.py:188} INFO - [2025-10-30T08:21:41.312+0000] {dag.py:3096} INFO - Sync 1 DAGs
[2025-10-30T08:21:41.347+0000] {logging_mixin.py:188} INFO - [2025-10-30T08:21:41.347+0000] {dag.py:3954} INFO - Setting next_dagrun for police_data_ingestion to 2025-11-01 00:00:00+00:00, run_after=2025-12-01 00:00:00+00:00
[2025-10-30T08:21:41.393+0000] {processor.py:183} INFO - Processing /opt/airflow/dags/data_ingestion.py took 1.106 seconds
[2025-10-30T08:22:12.026+0000] {processor.py:161} INFO - Started process (PID=11540) to work on /opt/airflow/dags/data_ingestion.py
[2025-10-30T08:22:12.029+0000] {processor.py:830} INFO - Processing file /opt/airflow/dags/data_ingestion.py for tasks to queue
[2025-10-30T08:22:12.032+0000] {logging_mixin.py:188} INFO - [2025-10-30T08:22:12.032+0000] {dagbag.py:545} INFO - Filling up the DagBag from /opt/airflow/dags/data_ingestion.py
[2025-10-30T08:22:12.954+0000] {processor.py:840} INFO - DAG(s) 'police_data_ingestion' retrieved from /opt/airflow/dags/data_ingestion.py
[2025-10-30T08:22:13.007+0000] {logging_mixin.py:188} INFO - [2025-10-30T08:22:13.006+0000] {dag.py:3096} INFO - Sync 1 DAGs
[2025-10-30T08:22:13.042+0000] {logging_mixin.py:188} INFO - [2025-10-30T08:22:13.042+0000] {dag.py:3954} INFO - Setting next_dagrun for police_data_ingestion to 2025-11-01 00:00:00+00:00, run_after=2025-12-01 00:00:00+00:00
[2025-10-30T08:22:13.076+0000] {processor.py:183} INFO - Processing /opt/airflow/dags/data_ingestion.py took 1.062 seconds
[2025-10-30T08:22:43.726+0000] {processor.py:161} INFO - Started process (PID=11552) to work on /opt/airflow/dags/data_ingestion.py
[2025-10-30T08:22:43.728+0000] {processor.py:830} INFO - Processing file /opt/airflow/dags/data_ingestion.py for tasks to queue
[2025-10-30T08:22:43.732+0000] {logging_mixin.py:188} INFO - [2025-10-30T08:22:43.732+0000] {dagbag.py:545} INFO - Filling up the DagBag from /opt/airflow/dags/data_ingestion.py
[2025-10-30T08:22:44.471+0000] {processor.py:840} INFO - DAG(s) 'police_data_ingestion' retrieved from /opt/airflow/dags/data_ingestion.py
[2025-10-30T08:22:44.519+0000] {logging_mixin.py:188} INFO - [2025-10-30T08:22:44.518+0000] {dag.py:3096} INFO - Sync 1 DAGs
[2025-10-30T08:22:44.557+0000] {logging_mixin.py:188} INFO - [2025-10-30T08:22:44.556+0000] {dag.py:3954} INFO - Setting next_dagrun for police_data_ingestion to 2025-11-01 00:00:00+00:00, run_after=2025-12-01 00:00:00+00:00
[2025-10-30T08:22:44.596+0000] {processor.py:183} INFO - Processing /opt/airflow/dags/data_ingestion.py took 0.885 seconds
[2025-10-30T08:23:15.357+0000] {processor.py:161} INFO - Started process (PID=11564) to work on /opt/airflow/dags/data_ingestion.py
[2025-10-30T08:23:15.359+0000] {processor.py:830} INFO - Processing file /opt/airflow/dags/data_ingestion.py for tasks to queue
[2025-10-30T08:23:15.363+0000] {logging_mixin.py:188} INFO - [2025-10-30T08:23:15.363+0000] {dagbag.py:545} INFO - Filling up the DagBag from /opt/airflow/dags/data_ingestion.py
[2025-10-30T08:23:16.160+0000] {processor.py:840} INFO - DAG(s) 'police_data_ingestion' retrieved from /opt/airflow/dags/data_ingestion.py
[2025-10-30T08:23:16.225+0000] {logging_mixin.py:188} INFO - [2025-10-30T08:23:16.224+0000] {dag.py:3096} INFO - Sync 1 DAGs
[2025-10-30T08:23:16.259+0000] {logging_mixin.py:188} INFO - [2025-10-30T08:23:16.259+0000] {dag.py:3954} INFO - Setting next_dagrun for police_data_ingestion to 2025-11-01 00:00:00+00:00, run_after=2025-12-01 00:00:00+00:00
[2025-10-30T08:23:16.297+0000] {processor.py:183} INFO - Processing /opt/airflow/dags/data_ingestion.py took 0.957 seconds
[2025-10-30T08:23:46.992+0000] {processor.py:161} INFO - Started process (PID=11576) to work on /opt/airflow/dags/data_ingestion.py
[2025-10-30T08:23:46.995+0000] {processor.py:830} INFO - Processing file /opt/airflow/dags/data_ingestion.py for tasks to queue
[2025-10-30T08:23:46.999+0000] {logging_mixin.py:188} INFO - [2025-10-30T08:23:46.998+0000] {dagbag.py:545} INFO - Filling up the DagBag from /opt/airflow/dags/data_ingestion.py
[2025-10-30T08:23:47.772+0000] {processor.py:840} INFO - DAG(s) 'police_data_ingestion' retrieved from /opt/airflow/dags/data_ingestion.py
[2025-10-30T08:23:47.845+0000] {logging_mixin.py:188} INFO - [2025-10-30T08:23:47.844+0000] {dag.py:3096} INFO - Sync 1 DAGs
[2025-10-30T08:23:47.878+0000] {logging_mixin.py:188} INFO - [2025-10-30T08:23:47.877+0000] {dag.py:3954} INFO - Setting next_dagrun for police_data_ingestion to 2025-11-01 00:00:00+00:00, run_after=2025-12-01 00:00:00+00:00
[2025-10-30T08:23:47.920+0000] {processor.py:183} INFO - Processing /opt/airflow/dags/data_ingestion.py took 0.940 seconds
[2025-10-30T08:24:18.608+0000] {processor.py:161} INFO - Started process (PID=11588) to work on /opt/airflow/dags/data_ingestion.py
[2025-10-30T08:24:18.610+0000] {processor.py:830} INFO - Processing file /opt/airflow/dags/data_ingestion.py for tasks to queue
[2025-10-30T08:24:18.614+0000] {logging_mixin.py:188} INFO - [2025-10-30T08:24:18.613+0000] {dagbag.py:545} INFO - Filling up the DagBag from /opt/airflow/dags/data_ingestion.py
[2025-10-30T08:24:19.431+0000] {processor.py:840} INFO - DAG(s) 'police_data_ingestion' retrieved from /opt/airflow/dags/data_ingestion.py
[2025-10-30T08:24:19.482+0000] {logging_mixin.py:188} INFO - [2025-10-30T08:24:19.481+0000] {dag.py:3096} INFO - Sync 1 DAGs
[2025-10-30T08:24:19.512+0000] {logging_mixin.py:188} INFO - [2025-10-30T08:24:19.511+0000] {dag.py:3954} INFO - Setting next_dagrun for police_data_ingestion to 2025-11-01 00:00:00+00:00, run_after=2025-12-01 00:00:00+00:00
[2025-10-30T08:24:19.558+0000] {processor.py:183} INFO - Processing /opt/airflow/dags/data_ingestion.py took 0.962 seconds
[2025-10-30T08:24:50.285+0000] {processor.py:161} INFO - Started process (PID=11600) to work on /opt/airflow/dags/data_ingestion.py
[2025-10-30T08:24:50.287+0000] {processor.py:830} INFO - Processing file /opt/airflow/dags/data_ingestion.py for tasks to queue
[2025-10-30T08:24:50.291+0000] {logging_mixin.py:188} INFO - [2025-10-30T08:24:50.291+0000] {dagbag.py:545} INFO - Filling up the DagBag from /opt/airflow/dags/data_ingestion.py
[2025-10-30T08:24:51.096+0000] {processor.py:840} INFO - DAG(s) 'police_data_ingestion' retrieved from /opt/airflow/dags/data_ingestion.py
[2025-10-30T08:24:51.153+0000] {logging_mixin.py:188} INFO - [2025-10-30T08:24:51.152+0000] {dag.py:3096} INFO - Sync 1 DAGs
[2025-10-30T08:24:51.183+0000] {logging_mixin.py:188} INFO - [2025-10-30T08:24:51.182+0000] {dag.py:3954} INFO - Setting next_dagrun for police_data_ingestion to 2025-11-01 00:00:00+00:00, run_after=2025-12-01 00:00:00+00:00
[2025-10-30T08:24:51.239+0000] {processor.py:183} INFO - Processing /opt/airflow/dags/data_ingestion.py took 0.966 seconds
[2025-10-30T08:25:21.881+0000] {processor.py:161} INFO - Started process (PID=11612) to work on /opt/airflow/dags/data_ingestion.py
[2025-10-30T08:25:21.884+0000] {processor.py:830} INFO - Processing file /opt/airflow/dags/data_ingestion.py for tasks to queue
[2025-10-30T08:25:21.889+0000] {logging_mixin.py:188} INFO - [2025-10-30T08:25:21.888+0000] {dagbag.py:545} INFO - Filling up the DagBag from /opt/airflow/dags/data_ingestion.py
[2025-10-30T08:25:22.747+0000] {processor.py:840} INFO - DAG(s) 'police_data_ingestion' retrieved from /opt/airflow/dags/data_ingestion.py
[2025-10-30T08:25:22.794+0000] {logging_mixin.py:188} INFO - [2025-10-30T08:25:22.793+0000] {dag.py:3096} INFO - Sync 1 DAGs
[2025-10-30T08:25:22.835+0000] {logging_mixin.py:188} INFO - [2025-10-30T08:25:22.834+0000] {dag.py:3954} INFO - Setting next_dagrun for police_data_ingestion to 2025-11-01 00:00:00+00:00, run_after=2025-12-01 00:00:00+00:00
[2025-10-30T08:25:22.882+0000] {processor.py:183} INFO - Processing /opt/airflow/dags/data_ingestion.py took 1.016 seconds
[2025-10-30T08:25:53.579+0000] {processor.py:161} INFO - Started process (PID=11624) to work on /opt/airflow/dags/data_ingestion.py
[2025-10-30T08:25:53.581+0000] {processor.py:830} INFO - Processing file /opt/airflow/dags/data_ingestion.py for tasks to queue
[2025-10-30T08:25:53.586+0000] {logging_mixin.py:188} INFO - [2025-10-30T08:25:53.585+0000] {dagbag.py:545} INFO - Filling up the DagBag from /opt/airflow/dags/data_ingestion.py
[2025-10-30T08:25:54.444+0000] {processor.py:840} INFO - DAG(s) 'police_data_ingestion' retrieved from /opt/airflow/dags/data_ingestion.py
[2025-10-30T08:25:54.515+0000] {logging_mixin.py:188} INFO - [2025-10-30T08:25:54.514+0000] {dag.py:3096} INFO - Sync 1 DAGs
[2025-10-30T08:25:54.559+0000] {logging_mixin.py:188} INFO - [2025-10-30T08:25:54.558+0000] {dag.py:3954} INFO - Setting next_dagrun for police_data_ingestion to 2025-11-01 00:00:00+00:00, run_after=2025-12-01 00:00:00+00:00
[2025-10-30T08:25:54.597+0000] {processor.py:183} INFO - Processing /opt/airflow/dags/data_ingestion.py took 1.032 seconds
[2025-10-30T08:26:25.211+0000] {processor.py:161} INFO - Started process (PID=11636) to work on /opt/airflow/dags/data_ingestion.py
[2025-10-30T08:26:25.222+0000] {processor.py:830} INFO - Processing file /opt/airflow/dags/data_ingestion.py for tasks to queue
[2025-10-30T08:26:25.247+0000] {logging_mixin.py:188} INFO - [2025-10-30T08:26:25.243+0000] {dagbag.py:545} INFO - Filling up the DagBag from /opt/airflow/dags/data_ingestion.py
[2025-10-30T08:26:26.193+0000] {processor.py:840} INFO - DAG(s) 'police_data_ingestion' retrieved from /opt/airflow/dags/data_ingestion.py
[2025-10-30T08:26:26.243+0000] {logging_mixin.py:188} INFO - [2025-10-30T08:26:26.243+0000] {dag.py:3096} INFO - Sync 1 DAGs
[2025-10-30T08:26:26.274+0000] {logging_mixin.py:188} INFO - [2025-10-30T08:26:26.273+0000] {dag.py:3954} INFO - Setting next_dagrun for police_data_ingestion to 2025-11-01 00:00:00+00:00, run_after=2025-12-01 00:00:00+00:00
[2025-10-30T08:26:26.327+0000] {processor.py:183} INFO - Processing /opt/airflow/dags/data_ingestion.py took 1.170 seconds
[2025-10-30T08:26:57.005+0000] {processor.py:161} INFO - Started process (PID=11648) to work on /opt/airflow/dags/data_ingestion.py
[2025-10-30T08:26:57.008+0000] {processor.py:830} INFO - Processing file /opt/airflow/dags/data_ingestion.py for tasks to queue
[2025-10-30T08:26:57.012+0000] {logging_mixin.py:188} INFO - [2025-10-30T08:26:57.011+0000] {dagbag.py:545} INFO - Filling up the DagBag from /opt/airflow/dags/data_ingestion.py
[2025-10-30T08:26:57.817+0000] {processor.py:840} INFO - DAG(s) 'police_data_ingestion' retrieved from /opt/airflow/dags/data_ingestion.py
[2025-10-30T08:26:57.865+0000] {logging_mixin.py:188} INFO - [2025-10-30T08:26:57.865+0000] {dag.py:3096} INFO - Sync 1 DAGs
[2025-10-30T08:26:57.901+0000] {logging_mixin.py:188} INFO - [2025-10-30T08:26:57.900+0000] {dag.py:3954} INFO - Setting next_dagrun for police_data_ingestion to 2025-11-01 00:00:00+00:00, run_after=2025-12-01 00:00:00+00:00
[2025-10-30T08:26:57.960+0000] {processor.py:183} INFO - Processing /opt/airflow/dags/data_ingestion.py took 0.969 seconds
[2025-10-30T08:27:28.698+0000] {processor.py:161} INFO - Started process (PID=11660) to work on /opt/airflow/dags/data_ingestion.py
[2025-10-30T08:27:28.700+0000] {processor.py:830} INFO - Processing file /opt/airflow/dags/data_ingestion.py for tasks to queue
[2025-10-30T08:27:28.704+0000] {logging_mixin.py:188} INFO - [2025-10-30T08:27:28.703+0000] {dagbag.py:545} INFO - Filling up the DagBag from /opt/airflow/dags/data_ingestion.py
[2025-10-30T08:27:29.523+0000] {processor.py:840} INFO - DAG(s) 'police_data_ingestion' retrieved from /opt/airflow/dags/data_ingestion.py
[2025-10-30T08:27:29.570+0000] {logging_mixin.py:188} INFO - [2025-10-30T08:27:29.569+0000] {dag.py:3096} INFO - Sync 1 DAGs
[2025-10-30T08:27:29.602+0000] {logging_mixin.py:188} INFO - [2025-10-30T08:27:29.602+0000] {dag.py:3954} INFO - Setting next_dagrun for police_data_ingestion to 2025-11-01 00:00:00+00:00, run_after=2025-12-01 00:00:00+00:00
[2025-10-30T08:27:29.651+0000] {processor.py:183} INFO - Processing /opt/airflow/dags/data_ingestion.py took 0.971 seconds
[2025-10-30T08:28:00.526+0000] {processor.py:161} INFO - Started process (PID=11672) to work on /opt/airflow/dags/data_ingestion.py
[2025-10-30T08:28:00.528+0000] {processor.py:830} INFO - Processing file /opt/airflow/dags/data_ingestion.py for tasks to queue
[2025-10-30T08:28:00.532+0000] {logging_mixin.py:188} INFO - [2025-10-30T08:28:00.532+0000] {dagbag.py:545} INFO - Filling up the DagBag from /opt/airflow/dags/data_ingestion.py
[2025-10-30T08:28:01.363+0000] {processor.py:840} INFO - DAG(s) 'police_data_ingestion' retrieved from /opt/airflow/dags/data_ingestion.py
[2025-10-30T08:28:01.417+0000] {logging_mixin.py:188} INFO - [2025-10-30T08:28:01.416+0000] {dag.py:3096} INFO - Sync 1 DAGs
[2025-10-30T08:28:01.454+0000] {logging_mixin.py:188} INFO - [2025-10-30T08:28:01.454+0000] {dag.py:3954} INFO - Setting next_dagrun for police_data_ingestion to 2025-11-01 00:00:00+00:00, run_after=2025-12-01 00:00:00+00:00
[2025-10-30T08:28:01.491+0000] {processor.py:183} INFO - Processing /opt/airflow/dags/data_ingestion.py took 0.976 seconds
[2025-10-30T08:28:32.141+0000] {processor.py:161} INFO - Started process (PID=11684) to work on /opt/airflow/dags/data_ingestion.py
[2025-10-30T08:28:32.143+0000] {processor.py:830} INFO - Processing file /opt/airflow/dags/data_ingestion.py for tasks to queue
[2025-10-30T08:28:32.148+0000] {logging_mixin.py:188} INFO - [2025-10-30T08:28:32.147+0000] {dagbag.py:545} INFO - Filling up the DagBag from /opt/airflow/dags/data_ingestion.py
[2025-10-30T08:28:33.041+0000] {processor.py:840} INFO - DAG(s) 'police_data_ingestion' retrieved from /opt/airflow/dags/data_ingestion.py
[2025-10-30T08:28:33.103+0000] {logging_mixin.py:188} INFO - [2025-10-30T08:28:33.103+0000] {dag.py:3096} INFO - Sync 1 DAGs
[2025-10-30T08:28:33.133+0000] {logging_mixin.py:188} INFO - [2025-10-30T08:28:33.133+0000] {dag.py:3954} INFO - Setting next_dagrun for police_data_ingestion to 2025-11-01 00:00:00+00:00, run_after=2025-12-01 00:00:00+00:00
[2025-10-30T08:28:33.188+0000] {processor.py:183} INFO - Processing /opt/airflow/dags/data_ingestion.py took 1.061 seconds
[2025-10-30T08:29:03.903+0000] {processor.py:161} INFO - Started process (PID=11696) to work on /opt/airflow/dags/data_ingestion.py
[2025-10-30T08:29:03.906+0000] {processor.py:830} INFO - Processing file /opt/airflow/dags/data_ingestion.py for tasks to queue
[2025-10-30T08:29:03.911+0000] {logging_mixin.py:188} INFO - [2025-10-30T08:29:03.910+0000] {dagbag.py:545} INFO - Filling up the DagBag from /opt/airflow/dags/data_ingestion.py
[2025-10-30T08:29:04.826+0000] {processor.py:840} INFO - DAG(s) 'police_data_ingestion' retrieved from /opt/airflow/dags/data_ingestion.py
[2025-10-30T08:29:04.886+0000] {logging_mixin.py:188} INFO - [2025-10-30T08:29:04.885+0000] {dag.py:3096} INFO - Sync 1 DAGs
[2025-10-30T08:29:04.930+0000] {logging_mixin.py:188} INFO - [2025-10-30T08:29:04.930+0000] {dag.py:3954} INFO - Setting next_dagrun for police_data_ingestion to 2025-11-01 00:00:00+00:00, run_after=2025-12-01 00:00:00+00:00
[2025-10-30T08:29:04.973+0000] {processor.py:183} INFO - Processing /opt/airflow/dags/data_ingestion.py took 1.088 seconds
[2025-10-30T08:29:35.629+0000] {processor.py:161} INFO - Started process (PID=11708) to work on /opt/airflow/dags/data_ingestion.py
[2025-10-30T08:29:35.631+0000] {processor.py:830} INFO - Processing file /opt/airflow/dags/data_ingestion.py for tasks to queue
[2025-10-30T08:29:35.635+0000] {logging_mixin.py:188} INFO - [2025-10-30T08:29:35.635+0000] {dagbag.py:545} INFO - Filling up the DagBag from /opt/airflow/dags/data_ingestion.py
[2025-10-30T08:29:36.642+0000] {processor.py:840} INFO - DAG(s) 'police_data_ingestion' retrieved from /opt/airflow/dags/data_ingestion.py
[2025-10-30T08:29:36.737+0000] {logging_mixin.py:188} INFO - [2025-10-30T08:29:36.736+0000] {dag.py:3096} INFO - Sync 1 DAGs
[2025-10-30T08:29:36.782+0000] {logging_mixin.py:188} INFO - [2025-10-30T08:29:36.782+0000] {dag.py:3954} INFO - Setting next_dagrun for police_data_ingestion to 2025-11-01 00:00:00+00:00, run_after=2025-12-01 00:00:00+00:00
[2025-10-30T08:29:36.821+0000] {processor.py:183} INFO - Processing /opt/airflow/dags/data_ingestion.py took 1.205 seconds
[2025-10-30T08:30:07.314+0000] {processor.py:161} INFO - Started process (PID=11720) to work on /opt/airflow/dags/data_ingestion.py
[2025-10-30T08:30:07.316+0000] {processor.py:830} INFO - Processing file /opt/airflow/dags/data_ingestion.py for tasks to queue
[2025-10-30T08:30:07.321+0000] {logging_mixin.py:188} INFO - [2025-10-30T08:30:07.320+0000] {dagbag.py:545} INFO - Filling up the DagBag from /opt/airflow/dags/data_ingestion.py
[2025-10-30T08:30:08.436+0000] {processor.py:840} INFO - DAG(s) 'police_data_ingestion' retrieved from /opt/airflow/dags/data_ingestion.py
[2025-10-30T08:30:08.507+0000] {logging_mixin.py:188} INFO - [2025-10-30T08:30:08.506+0000] {dag.py:3096} INFO - Sync 1 DAGs
[2025-10-30T08:30:08.554+0000] {logging_mixin.py:188} INFO - [2025-10-30T08:30:08.553+0000] {dag.py:3954} INFO - Setting next_dagrun for police_data_ingestion to 2025-11-01 00:00:00+00:00, run_after=2025-12-01 00:00:00+00:00
[2025-10-30T08:30:08.593+0000] {processor.py:183} INFO - Processing /opt/airflow/dags/data_ingestion.py took 1.293 seconds
[2025-10-30T08:30:38.938+0000] {processor.py:161} INFO - Started process (PID=11732) to work on /opt/airflow/dags/data_ingestion.py
[2025-10-30T08:30:38.942+0000] {processor.py:830} INFO - Processing file /opt/airflow/dags/data_ingestion.py for tasks to queue
[2025-10-30T08:30:38.948+0000] {logging_mixin.py:188} INFO - [2025-10-30T08:30:38.947+0000] {dagbag.py:545} INFO - Filling up the DagBag from /opt/airflow/dags/data_ingestion.py
[2025-10-30T08:30:40.077+0000] {processor.py:840} INFO - DAG(s) 'police_data_ingestion' retrieved from /opt/airflow/dags/data_ingestion.py
[2025-10-30T08:30:40.171+0000] {logging_mixin.py:188} INFO - [2025-10-30T08:30:40.170+0000] {dag.py:3096} INFO - Sync 1 DAGs
[2025-10-30T08:30:40.223+0000] {logging_mixin.py:188} INFO - [2025-10-30T08:30:40.222+0000] {dag.py:3954} INFO - Setting next_dagrun for police_data_ingestion to 2025-11-01 00:00:00+00:00, run_after=2025-12-01 00:00:00+00:00
[2025-10-30T08:30:40.281+0000] {processor.py:183} INFO - Processing /opt/airflow/dags/data_ingestion.py took 1.364 seconds
[2025-10-30T08:31:10.615+0000] {processor.py:161} INFO - Started process (PID=11744) to work on /opt/airflow/dags/data_ingestion.py
[2025-10-30T08:31:10.617+0000] {processor.py:830} INFO - Processing file /opt/airflow/dags/data_ingestion.py for tasks to queue
[2025-10-30T08:31:10.622+0000] {logging_mixin.py:188} INFO - [2025-10-30T08:31:10.621+0000] {dagbag.py:545} INFO - Filling up the DagBag from /opt/airflow/dags/data_ingestion.py
[2025-10-30T08:31:11.534+0000] {processor.py:840} INFO - DAG(s) 'police_data_ingestion' retrieved from /opt/airflow/dags/data_ingestion.py
[2025-10-30T08:31:11.593+0000] {logging_mixin.py:188} INFO - [2025-10-30T08:31:11.592+0000] {dag.py:3096} INFO - Sync 1 DAGs
[2025-10-30T08:31:11.625+0000] {logging_mixin.py:188} INFO - [2025-10-30T08:31:11.625+0000] {dag.py:3954} INFO - Setting next_dagrun for police_data_ingestion to 2025-11-01 00:00:00+00:00, run_after=2025-12-01 00:00:00+00:00
[2025-10-30T08:31:11.672+0000] {processor.py:183} INFO - Processing /opt/airflow/dags/data_ingestion.py took 1.073 seconds
[2025-10-30T08:31:42.318+0000] {processor.py:161} INFO - Started process (PID=11756) to work on /opt/airflow/dags/data_ingestion.py
[2025-10-30T08:31:42.321+0000] {processor.py:830} INFO - Processing file /opt/airflow/dags/data_ingestion.py for tasks to queue
[2025-10-30T08:31:42.325+0000] {logging_mixin.py:188} INFO - [2025-10-30T08:31:42.324+0000] {dagbag.py:545} INFO - Filling up the DagBag from /opt/airflow/dags/data_ingestion.py
[2025-10-30T08:31:43.410+0000] {processor.py:840} INFO - DAG(s) 'police_data_ingestion' retrieved from /opt/airflow/dags/data_ingestion.py
[2025-10-30T08:31:43.481+0000] {logging_mixin.py:188} INFO - [2025-10-30T08:31:43.480+0000] {dag.py:3096} INFO - Sync 1 DAGs
[2025-10-30T08:31:43.528+0000] {logging_mixin.py:188} INFO - [2025-10-30T08:31:43.527+0000] {dag.py:3954} INFO - Setting next_dagrun for police_data_ingestion to 2025-11-01 00:00:00+00:00, run_after=2025-12-01 00:00:00+00:00
[2025-10-30T08:31:43.565+0000] {processor.py:183} INFO - Processing /opt/airflow/dags/data_ingestion.py took 1.261 seconds
[2025-10-30T08:32:13.964+0000] {processor.py:161} INFO - Started process (PID=11768) to work on /opt/airflow/dags/data_ingestion.py
[2025-10-30T08:32:13.967+0000] {processor.py:830} INFO - Processing file /opt/airflow/dags/data_ingestion.py for tasks to queue
[2025-10-30T08:32:13.973+0000] {logging_mixin.py:188} INFO - [2025-10-30T08:32:13.972+0000] {dagbag.py:545} INFO - Filling up the DagBag from /opt/airflow/dags/data_ingestion.py
[2025-10-30T08:32:14.867+0000] {processor.py:840} INFO - DAG(s) 'police_data_ingestion' retrieved from /opt/airflow/dags/data_ingestion.py
[2025-10-30T08:32:14.925+0000] {logging_mixin.py:188} INFO - [2025-10-30T08:32:14.924+0000] {dag.py:3096} INFO - Sync 1 DAGs
[2025-10-30T08:32:14.962+0000] {logging_mixin.py:188} INFO - [2025-10-30T08:32:14.961+0000] {dag.py:3954} INFO - Setting next_dagrun for police_data_ingestion to 2025-11-01 00:00:00+00:00, run_after=2025-12-01 00:00:00+00:00
[2025-10-30T08:32:15.024+0000] {processor.py:183} INFO - Processing /opt/airflow/dags/data_ingestion.py took 1.075 seconds
[2025-10-30T08:32:45.791+0000] {processor.py:161} INFO - Started process (PID=11780) to work on /opt/airflow/dags/data_ingestion.py
[2025-10-30T08:32:45.794+0000] {processor.py:830} INFO - Processing file /opt/airflow/dags/data_ingestion.py for tasks to queue
[2025-10-30T08:32:45.798+0000] {logging_mixin.py:188} INFO - [2025-10-30T08:32:45.798+0000] {dagbag.py:545} INFO - Filling up the DagBag from /opt/airflow/dags/data_ingestion.py
[2025-10-30T08:32:46.697+0000] {processor.py:840} INFO - DAG(s) 'police_data_ingestion' retrieved from /opt/airflow/dags/data_ingestion.py
[2025-10-30T08:32:46.754+0000] {logging_mixin.py:188} INFO - [2025-10-30T08:32:46.753+0000] {dag.py:3096} INFO - Sync 1 DAGs
[2025-10-30T08:32:46.793+0000] {logging_mixin.py:188} INFO - [2025-10-30T08:32:46.793+0000] {dag.py:3954} INFO - Setting next_dagrun for police_data_ingestion to 2025-11-01 00:00:00+00:00, run_after=2025-12-01 00:00:00+00:00
[2025-10-30T08:32:46.833+0000] {processor.py:183} INFO - Processing /opt/airflow/dags/data_ingestion.py took 1.056 seconds
[2025-10-30T08:33:17.646+0000] {processor.py:161} INFO - Started process (PID=11792) to work on /opt/airflow/dags/data_ingestion.py
[2025-10-30T08:33:17.648+0000] {processor.py:830} INFO - Processing file /opt/airflow/dags/data_ingestion.py for tasks to queue
[2025-10-30T08:33:17.652+0000] {logging_mixin.py:188} INFO - [2025-10-30T08:33:17.651+0000] {dagbag.py:545} INFO - Filling up the DagBag from /opt/airflow/dags/data_ingestion.py
[2025-10-30T08:33:18.517+0000] {processor.py:840} INFO - DAG(s) 'police_data_ingestion' retrieved from /opt/airflow/dags/data_ingestion.py
[2025-10-30T08:33:18.566+0000] {logging_mixin.py:188} INFO - [2025-10-30T08:33:18.565+0000] {dag.py:3096} INFO - Sync 1 DAGs
[2025-10-30T08:33:18.598+0000] {logging_mixin.py:188} INFO - [2025-10-30T08:33:18.598+0000] {dag.py:3954} INFO - Setting next_dagrun for police_data_ingestion to 2025-11-01 00:00:00+00:00, run_after=2025-12-01 00:00:00+00:00
[2025-10-30T08:33:18.669+0000] {processor.py:183} INFO - Processing /opt/airflow/dags/data_ingestion.py took 1.035 seconds
[2025-10-30T08:33:49.342+0000] {processor.py:161} INFO - Started process (PID=11804) to work on /opt/airflow/dags/data_ingestion.py
[2025-10-30T08:33:49.344+0000] {processor.py:830} INFO - Processing file /opt/airflow/dags/data_ingestion.py for tasks to queue
[2025-10-30T08:33:49.347+0000] {logging_mixin.py:188} INFO - [2025-10-30T08:33:49.347+0000] {dagbag.py:545} INFO - Filling up the DagBag from /opt/airflow/dags/data_ingestion.py
[2025-10-30T08:33:50.279+0000] {processor.py:840} INFO - DAG(s) 'police_data_ingestion' retrieved from /opt/airflow/dags/data_ingestion.py
[2025-10-30T08:33:50.327+0000] {logging_mixin.py:188} INFO - [2025-10-30T08:33:50.327+0000] {dag.py:3096} INFO - Sync 1 DAGs
[2025-10-30T08:33:50.364+0000] {logging_mixin.py:188} INFO - [2025-10-30T08:33:50.363+0000] {dag.py:3954} INFO - Setting next_dagrun for police_data_ingestion to 2025-11-01 00:00:00+00:00, run_after=2025-12-01 00:00:00+00:00
[2025-10-30T08:33:50.426+0000] {processor.py:183} INFO - Processing /opt/airflow/dags/data_ingestion.py took 1.096 seconds
[2025-10-30T08:34:21.045+0000] {processor.py:161} INFO - Started process (PID=11816) to work on /opt/airflow/dags/data_ingestion.py
[2025-10-30T08:34:21.048+0000] {processor.py:830} INFO - Processing file /opt/airflow/dags/data_ingestion.py for tasks to queue
[2025-10-30T08:34:21.051+0000] {logging_mixin.py:188} INFO - [2025-10-30T08:34:21.051+0000] {dagbag.py:545} INFO - Filling up the DagBag from /opt/airflow/dags/data_ingestion.py
[2025-10-30T08:34:21.950+0000] {processor.py:840} INFO - DAG(s) 'police_data_ingestion' retrieved from /opt/airflow/dags/data_ingestion.py
[2025-10-30T08:34:22.004+0000] {logging_mixin.py:188} INFO - [2025-10-30T08:34:22.003+0000] {dag.py:3096} INFO - Sync 1 DAGs
[2025-10-30T08:34:22.038+0000] {logging_mixin.py:188} INFO - [2025-10-30T08:34:22.037+0000] {dag.py:3954} INFO - Setting next_dagrun for police_data_ingestion to 2025-11-01 00:00:00+00:00, run_after=2025-12-01 00:00:00+00:00
[2025-10-30T08:34:22.084+0000] {processor.py:183} INFO - Processing /opt/airflow/dags/data_ingestion.py took 1.051 seconds
[2025-10-30T08:34:52.769+0000] {processor.py:161} INFO - Started process (PID=11828) to work on /opt/airflow/dags/data_ingestion.py
[2025-10-30T08:34:52.772+0000] {processor.py:830} INFO - Processing file /opt/airflow/dags/data_ingestion.py for tasks to queue
[2025-10-30T08:34:52.776+0000] {logging_mixin.py:188} INFO - [2025-10-30T08:34:52.775+0000] {dagbag.py:545} INFO - Filling up the DagBag from /opt/airflow/dags/data_ingestion.py
[2025-10-30T08:34:53.635+0000] {processor.py:840} INFO - DAG(s) 'police_data_ingestion' retrieved from /opt/airflow/dags/data_ingestion.py
[2025-10-30T08:34:53.702+0000] {logging_mixin.py:188} INFO - [2025-10-30T08:34:53.702+0000] {dag.py:3096} INFO - Sync 1 DAGs
[2025-10-30T08:34:53.733+0000] {logging_mixin.py:188} INFO - [2025-10-30T08:34:53.733+0000] {dag.py:3954} INFO - Setting next_dagrun for police_data_ingestion to 2025-11-01 00:00:00+00:00, run_after=2025-12-01 00:00:00+00:00
[2025-10-30T08:34:53.767+0000] {processor.py:183} INFO - Processing /opt/airflow/dags/data_ingestion.py took 1.025 seconds
[2025-10-30T08:35:24.395+0000] {processor.py:161} INFO - Started process (PID=11840) to work on /opt/airflow/dags/data_ingestion.py
[2025-10-30T08:35:24.398+0000] {processor.py:830} INFO - Processing file /opt/airflow/dags/data_ingestion.py for tasks to queue
[2025-10-30T08:35:24.402+0000] {logging_mixin.py:188} INFO - [2025-10-30T08:35:24.402+0000] {dagbag.py:545} INFO - Filling up the DagBag from /opt/airflow/dags/data_ingestion.py
[2025-10-30T08:35:25.290+0000] {processor.py:840} INFO - DAG(s) 'police_data_ingestion' retrieved from /opt/airflow/dags/data_ingestion.py
[2025-10-30T08:35:25.341+0000] {logging_mixin.py:188} INFO - [2025-10-30T08:35:25.340+0000] {dag.py:3096} INFO - Sync 1 DAGs
[2025-10-30T08:35:25.380+0000] {logging_mixin.py:188} INFO - [2025-10-30T08:35:25.380+0000] {dag.py:3954} INFO - Setting next_dagrun for police_data_ingestion to 2025-11-01 00:00:00+00:00, run_after=2025-12-01 00:00:00+00:00
[2025-10-30T08:35:25.440+0000] {processor.py:183} INFO - Processing /opt/airflow/dags/data_ingestion.py took 1.058 seconds
[2025-10-30T08:35:56.042+0000] {processor.py:161} INFO - Started process (PID=11852) to work on /opt/airflow/dags/data_ingestion.py
[2025-10-30T08:35:56.044+0000] {processor.py:830} INFO - Processing file /opt/airflow/dags/data_ingestion.py for tasks to queue
[2025-10-30T08:35:56.049+0000] {logging_mixin.py:188} INFO - [2025-10-30T08:35:56.048+0000] {dagbag.py:545} INFO - Filling up the DagBag from /opt/airflow/dags/data_ingestion.py
[2025-10-30T08:35:56.888+0000] {processor.py:840} INFO - DAG(s) 'police_data_ingestion' retrieved from /opt/airflow/dags/data_ingestion.py
[2025-10-30T08:35:56.938+0000] {logging_mixin.py:188} INFO - [2025-10-30T08:35:56.937+0000] {dag.py:3096} INFO - Sync 1 DAGs
[2025-10-30T08:35:56.972+0000] {logging_mixin.py:188} INFO - [2025-10-30T08:35:56.971+0000] {dag.py:3954} INFO - Setting next_dagrun for police_data_ingestion to 2025-11-01 00:00:00+00:00, run_after=2025-12-01 00:00:00+00:00
[2025-10-30T08:35:57.009+0000] {processor.py:183} INFO - Processing /opt/airflow/dags/data_ingestion.py took 0.980 seconds
[2025-10-30T08:36:27.524+0000] {processor.py:161} INFO - Started process (PID=11864) to work on /opt/airflow/dags/data_ingestion.py
[2025-10-30T08:36:27.527+0000] {processor.py:830} INFO - Processing file /opt/airflow/dags/data_ingestion.py for tasks to queue
[2025-10-30T08:36:27.531+0000] {logging_mixin.py:188} INFO - [2025-10-30T08:36:27.531+0000] {dagbag.py:545} INFO - Filling up the DagBag from /opt/airflow/dags/data_ingestion.py
[2025-10-30T08:36:28.456+0000] {processor.py:840} INFO - DAG(s) 'police_data_ingestion' retrieved from /opt/airflow/dags/data_ingestion.py
[2025-10-30T08:36:28.523+0000] {logging_mixin.py:188} INFO - [2025-10-30T08:36:28.523+0000] {dag.py:3096} INFO - Sync 1 DAGs
[2025-10-30T08:36:28.567+0000] {logging_mixin.py:188} INFO - [2025-10-30T08:36:28.567+0000] {dag.py:3954} INFO - Setting next_dagrun for police_data_ingestion to 2025-11-01 00:00:00+00:00, run_after=2025-12-01 00:00:00+00:00
[2025-10-30T08:36:28.599+0000] {processor.py:183} INFO - Processing /opt/airflow/dags/data_ingestion.py took 1.090 seconds
[2025-10-30T08:36:59.138+0000] {processor.py:161} INFO - Started process (PID=11876) to work on /opt/airflow/dags/data_ingestion.py
[2025-10-30T08:36:59.141+0000] {processor.py:830} INFO - Processing file /opt/airflow/dags/data_ingestion.py for tasks to queue
[2025-10-30T08:36:59.147+0000] {logging_mixin.py:188} INFO - [2025-10-30T08:36:59.146+0000] {dagbag.py:545} INFO - Filling up the DagBag from /opt/airflow/dags/data_ingestion.py
[2025-10-30T08:37:00.191+0000] {processor.py:840} INFO - DAG(s) 'police_data_ingestion' retrieved from /opt/airflow/dags/data_ingestion.py
[2025-10-30T08:37:00.275+0000] {logging_mixin.py:188} INFO - [2025-10-30T08:37:00.274+0000] {dag.py:3096} INFO - Sync 1 DAGs
[2025-10-30T08:37:00.333+0000] {logging_mixin.py:188} INFO - [2025-10-30T08:37:00.332+0000] {dag.py:3954} INFO - Setting next_dagrun for police_data_ingestion to 2025-11-01 00:00:00+00:00, run_after=2025-12-01 00:00:00+00:00
[2025-10-30T08:37:00.375+0000] {processor.py:183} INFO - Processing /opt/airflow/dags/data_ingestion.py took 1.258 seconds
[2025-10-30T08:37:30.623+0000] {processor.py:161} INFO - Started process (PID=11888) to work on /opt/airflow/dags/data_ingestion.py
[2025-10-30T08:37:30.625+0000] {processor.py:830} INFO - Processing file /opt/airflow/dags/data_ingestion.py for tasks to queue
[2025-10-30T08:37:30.630+0000] {logging_mixin.py:188} INFO - [2025-10-30T08:37:30.629+0000] {dagbag.py:545} INFO - Filling up the DagBag from /opt/airflow/dags/data_ingestion.py
[2025-10-30T08:37:31.740+0000] {processor.py:840} INFO - DAG(s) 'police_data_ingestion' retrieved from /opt/airflow/dags/data_ingestion.py
[2025-10-30T08:37:31.801+0000] {logging_mixin.py:188} INFO - [2025-10-30T08:37:31.800+0000] {dag.py:3096} INFO - Sync 1 DAGs
[2025-10-30T08:37:31.835+0000] {logging_mixin.py:188} INFO - [2025-10-30T08:37:31.834+0000] {dag.py:3954} INFO - Setting next_dagrun for police_data_ingestion to 2025-11-01 00:00:00+00:00, run_after=2025-12-01 00:00:00+00:00
[2025-10-30T08:37:31.882+0000] {processor.py:183} INFO - Processing /opt/airflow/dags/data_ingestion.py took 1.273 seconds
[2025-10-30T08:38:02.779+0000] {processor.py:161} INFO - Started process (PID=11900) to work on /opt/airflow/dags/data_ingestion.py
[2025-10-30T08:38:02.781+0000] {processor.py:830} INFO - Processing file /opt/airflow/dags/data_ingestion.py for tasks to queue
[2025-10-30T08:38:02.785+0000] {logging_mixin.py:188} INFO - [2025-10-30T08:38:02.784+0000] {dagbag.py:545} INFO - Filling up the DagBag from /opt/airflow/dags/data_ingestion.py
[2025-10-30T08:38:03.649+0000] {processor.py:840} INFO - DAG(s) 'police_data_ingestion' retrieved from /opt/airflow/dags/data_ingestion.py
[2025-10-30T08:38:03.710+0000] {logging_mixin.py:188} INFO - [2025-10-30T08:38:03.710+0000] {dag.py:3096} INFO - Sync 1 DAGs
[2025-10-30T08:38:03.744+0000] {logging_mixin.py:188} INFO - [2025-10-30T08:38:03.744+0000] {dag.py:3954} INFO - Setting next_dagrun for police_data_ingestion to 2025-11-01 00:00:00+00:00, run_after=2025-12-01 00:00:00+00:00
[2025-10-30T08:38:03.778+0000] {processor.py:183} INFO - Processing /opt/airflow/dags/data_ingestion.py took 1.010 seconds
[2025-10-30T08:38:34.352+0000] {processor.py:161} INFO - Started process (PID=11912) to work on /opt/airflow/dags/data_ingestion.py
[2025-10-30T08:38:34.354+0000] {processor.py:830} INFO - Processing file /opt/airflow/dags/data_ingestion.py for tasks to queue
[2025-10-30T08:38:34.358+0000] {logging_mixin.py:188} INFO - [2025-10-30T08:38:34.358+0000] {dagbag.py:545} INFO - Filling up the DagBag from /opt/airflow/dags/data_ingestion.py
[2025-10-30T08:38:35.191+0000] {processor.py:840} INFO - DAG(s) 'police_data_ingestion' retrieved from /opt/airflow/dags/data_ingestion.py
[2025-10-30T08:38:35.248+0000] {logging_mixin.py:188} INFO - [2025-10-30T08:38:35.247+0000] {dag.py:3096} INFO - Sync 1 DAGs
[2025-10-30T08:38:35.293+0000] {logging_mixin.py:188} INFO - [2025-10-30T08:38:35.293+0000] {dag.py:3954} INFO - Setting next_dagrun for police_data_ingestion to 2025-11-01 00:00:00+00:00, run_after=2025-12-01 00:00:00+00:00
[2025-10-30T08:38:35.354+0000] {processor.py:183} INFO - Processing /opt/airflow/dags/data_ingestion.py took 1.015 seconds
[2025-10-30T08:39:05.947+0000] {processor.py:161} INFO - Started process (PID=11924) to work on /opt/airflow/dags/data_ingestion.py
[2025-10-30T08:39:05.949+0000] {processor.py:830} INFO - Processing file /opt/airflow/dags/data_ingestion.py for tasks to queue
[2025-10-30T08:39:05.953+0000] {logging_mixin.py:188} INFO - [2025-10-30T08:39:05.952+0000] {dagbag.py:545} INFO - Filling up the DagBag from /opt/airflow/dags/data_ingestion.py
[2025-10-30T08:39:06.920+0000] {processor.py:840} INFO - DAG(s) 'police_data_ingestion' retrieved from /opt/airflow/dags/data_ingestion.py
[2025-10-30T08:39:06.971+0000] {logging_mixin.py:188} INFO - [2025-10-30T08:39:06.970+0000] {dag.py:3096} INFO - Sync 1 DAGs
[2025-10-30T08:39:07.006+0000] {logging_mixin.py:188} INFO - [2025-10-30T08:39:07.005+0000] {dag.py:3954} INFO - Setting next_dagrun for police_data_ingestion to 2025-11-01 00:00:00+00:00, run_after=2025-12-01 00:00:00+00:00
[2025-10-30T08:39:07.048+0000] {processor.py:183} INFO - Processing /opt/airflow/dags/data_ingestion.py took 1.115 seconds
[2025-10-30T08:39:37.651+0000] {processor.py:161} INFO - Started process (PID=11936) to work on /opt/airflow/dags/data_ingestion.py
[2025-10-30T08:39:37.655+0000] {processor.py:830} INFO - Processing file /opt/airflow/dags/data_ingestion.py for tasks to queue
[2025-10-30T08:39:37.661+0000] {logging_mixin.py:188} INFO - [2025-10-30T08:39:37.660+0000] {dagbag.py:545} INFO - Filling up the DagBag from /opt/airflow/dags/data_ingestion.py
[2025-10-30T08:39:38.528+0000] {processor.py:840} INFO - DAG(s) 'police_data_ingestion' retrieved from /opt/airflow/dags/data_ingestion.py
[2025-10-30T08:39:38.578+0000] {logging_mixin.py:188} INFO - [2025-10-30T08:39:38.578+0000] {dag.py:3096} INFO - Sync 1 DAGs
[2025-10-30T08:39:38.612+0000] {logging_mixin.py:188} INFO - [2025-10-30T08:39:38.611+0000] {dag.py:3954} INFO - Setting next_dagrun for police_data_ingestion to 2025-11-01 00:00:00+00:00, run_after=2025-12-01 00:00:00+00:00
[2025-10-30T08:39:38.666+0000] {processor.py:183} INFO - Processing /opt/airflow/dags/data_ingestion.py took 1.032 seconds
[2025-10-30T08:40:09.316+0000] {processor.py:161} INFO - Started process (PID=11948) to work on /opt/airflow/dags/data_ingestion.py
[2025-10-30T08:40:09.318+0000] {processor.py:830} INFO - Processing file /opt/airflow/dags/data_ingestion.py for tasks to queue
[2025-10-30T08:40:09.322+0000] {logging_mixin.py:188} INFO - [2025-10-30T08:40:09.322+0000] {dagbag.py:545} INFO - Filling up the DagBag from /opt/airflow/dags/data_ingestion.py
[2025-10-30T08:40:10.160+0000] {processor.py:840} INFO - DAG(s) 'police_data_ingestion' retrieved from /opt/airflow/dags/data_ingestion.py
[2025-10-30T08:40:10.244+0000] {logging_mixin.py:188} INFO - [2025-10-30T08:40:10.243+0000] {dag.py:3096} INFO - Sync 1 DAGs
[2025-10-30T08:40:10.281+0000] {logging_mixin.py:188} INFO - [2025-10-30T08:40:10.281+0000] {dag.py:3954} INFO - Setting next_dagrun for police_data_ingestion to 2025-11-01 00:00:00+00:00, run_after=2025-12-01 00:00:00+00:00
[2025-10-30T08:40:10.345+0000] {processor.py:183} INFO - Processing /opt/airflow/dags/data_ingestion.py took 1.041 seconds
[2025-10-30T08:40:40.889+0000] {processor.py:161} INFO - Started process (PID=11960) to work on /opt/airflow/dags/data_ingestion.py
[2025-10-30T08:40:40.891+0000] {processor.py:830} INFO - Processing file /opt/airflow/dags/data_ingestion.py for tasks to queue
[2025-10-30T08:40:40.895+0000] {logging_mixin.py:188} INFO - [2025-10-30T08:40:40.894+0000] {dagbag.py:545} INFO - Filling up the DagBag from /opt/airflow/dags/data_ingestion.py
[2025-10-30T08:40:41.800+0000] {processor.py:840} INFO - DAG(s) 'police_data_ingestion' retrieved from /opt/airflow/dags/data_ingestion.py
[2025-10-30T08:40:41.851+0000] {logging_mixin.py:188} INFO - [2025-10-30T08:40:41.851+0000] {dag.py:3096} INFO - Sync 1 DAGs
[2025-10-30T08:40:41.885+0000] {logging_mixin.py:188} INFO - [2025-10-30T08:40:41.885+0000] {dag.py:3954} INFO - Setting next_dagrun for police_data_ingestion to 2025-11-01 00:00:00+00:00, run_after=2025-12-01 00:00:00+00:00
[2025-10-30T08:40:41.929+0000] {processor.py:183} INFO - Processing /opt/airflow/dags/data_ingestion.py took 1.053 seconds
[2025-10-30T08:41:12.610+0000] {processor.py:161} INFO - Started process (PID=11972) to work on /opt/airflow/dags/data_ingestion.py
[2025-10-30T08:41:12.613+0000] {processor.py:830} INFO - Processing file /opt/airflow/dags/data_ingestion.py for tasks to queue
[2025-10-30T08:41:12.618+0000] {logging_mixin.py:188} INFO - [2025-10-30T08:41:12.617+0000] {dagbag.py:545} INFO - Filling up the DagBag from /opt/airflow/dags/data_ingestion.py
[2025-10-30T08:41:13.458+0000] {processor.py:840} INFO - DAG(s) 'police_data_ingestion' retrieved from /opt/airflow/dags/data_ingestion.py
[2025-10-30T08:41:13.507+0000] {logging_mixin.py:188} INFO - [2025-10-30T08:41:13.506+0000] {dag.py:3096} INFO - Sync 1 DAGs
[2025-10-30T08:41:13.542+0000] {logging_mixin.py:188} INFO - [2025-10-30T08:41:13.541+0000] {dag.py:3954} INFO - Setting next_dagrun for police_data_ingestion to 2025-11-01 00:00:00+00:00, run_after=2025-12-01 00:00:00+00:00
[2025-10-30T08:41:13.595+0000] {processor.py:183} INFO - Processing /opt/airflow/dags/data_ingestion.py took 0.998 seconds
[2025-10-30T08:41:44.329+0000] {processor.py:161} INFO - Started process (PID=11984) to work on /opt/airflow/dags/data_ingestion.py
[2025-10-30T08:41:44.332+0000] {processor.py:830} INFO - Processing file /opt/airflow/dags/data_ingestion.py for tasks to queue
[2025-10-30T08:41:44.336+0000] {logging_mixin.py:188} INFO - [2025-10-30T08:41:44.336+0000] {dagbag.py:545} INFO - Filling up the DagBag from /opt/airflow/dags/data_ingestion.py
[2025-10-30T08:41:45.139+0000] {processor.py:840} INFO - DAG(s) 'police_data_ingestion' retrieved from /opt/airflow/dags/data_ingestion.py
[2025-10-30T08:41:45.201+0000] {logging_mixin.py:188} INFO - [2025-10-30T08:41:45.200+0000] {dag.py:3096} INFO - Sync 1 DAGs
[2025-10-30T08:41:45.252+0000] {logging_mixin.py:188} INFO - [2025-10-30T08:41:45.251+0000] {dag.py:3954} INFO - Setting next_dagrun for police_data_ingestion to 2025-11-01 00:00:00+00:00, run_after=2025-12-01 00:00:00+00:00
[2025-10-30T08:41:45.302+0000] {processor.py:183} INFO - Processing /opt/airflow/dags/data_ingestion.py took 0.993 seconds
[2025-10-30T08:42:16.005+0000] {processor.py:161} INFO - Started process (PID=11996) to work on /opt/airflow/dags/data_ingestion.py
[2025-10-30T08:42:16.007+0000] {processor.py:830} INFO - Processing file /opt/airflow/dags/data_ingestion.py for tasks to queue
[2025-10-30T08:42:16.011+0000] {logging_mixin.py:188} INFO - [2025-10-30T08:42:16.011+0000] {dagbag.py:545} INFO - Filling up the DagBag from /opt/airflow/dags/data_ingestion.py
[2025-10-30T08:42:16.854+0000] {processor.py:840} INFO - DAG(s) 'police_data_ingestion' retrieved from /opt/airflow/dags/data_ingestion.py
[2025-10-30T08:42:16.923+0000] {logging_mixin.py:188} INFO - [2025-10-30T08:42:16.922+0000] {dag.py:3096} INFO - Sync 1 DAGs
[2025-10-30T08:42:16.971+0000] {logging_mixin.py:188} INFO - [2025-10-30T08:42:16.971+0000] {dag.py:3954} INFO - Setting next_dagrun for police_data_ingestion to 2025-11-01 00:00:00+00:00, run_after=2025-12-01 00:00:00+00:00
[2025-10-30T08:42:17.029+0000] {processor.py:183} INFO - Processing /opt/airflow/dags/data_ingestion.py took 1.037 seconds
[2025-10-30T08:42:47.681+0000] {processor.py:161} INFO - Started process (PID=12008) to work on /opt/airflow/dags/data_ingestion.py
[2025-10-30T08:42:47.683+0000] {processor.py:830} INFO - Processing file /opt/airflow/dags/data_ingestion.py for tasks to queue
[2025-10-30T08:42:47.687+0000] {logging_mixin.py:188} INFO - [2025-10-30T08:42:47.686+0000] {dagbag.py:545} INFO - Filling up the DagBag from /opt/airflow/dags/data_ingestion.py
[2025-10-30T08:42:48.591+0000] {processor.py:840} INFO - DAG(s) 'police_data_ingestion' retrieved from /opt/airflow/dags/data_ingestion.py
[2025-10-30T08:42:48.641+0000] {logging_mixin.py:188} INFO - [2025-10-30T08:42:48.641+0000] {dag.py:3096} INFO - Sync 1 DAGs
[2025-10-30T08:42:48.676+0000] {logging_mixin.py:188} INFO - [2025-10-30T08:42:48.675+0000] {dag.py:3954} INFO - Setting next_dagrun for police_data_ingestion to 2025-11-01 00:00:00+00:00, run_after=2025-12-01 00:00:00+00:00
[2025-10-30T08:42:48.726+0000] {processor.py:183} INFO - Processing /opt/airflow/dags/data_ingestion.py took 1.062 seconds
[2025-10-30T08:43:19.488+0000] {processor.py:161} INFO - Started process (PID=12020) to work on /opt/airflow/dags/data_ingestion.py
[2025-10-30T08:43:19.490+0000] {processor.py:830} INFO - Processing file /opt/airflow/dags/data_ingestion.py for tasks to queue
[2025-10-30T08:43:19.496+0000] {logging_mixin.py:188} INFO - [2025-10-30T08:43:19.495+0000] {dagbag.py:545} INFO - Filling up the DagBag from /opt/airflow/dags/data_ingestion.py
[2025-10-30T08:43:20.432+0000] {processor.py:840} INFO - DAG(s) 'police_data_ingestion' retrieved from /opt/airflow/dags/data_ingestion.py
[2025-10-30T08:43:20.489+0000] {logging_mixin.py:188} INFO - [2025-10-30T08:43:20.489+0000] {dag.py:3096} INFO - Sync 1 DAGs
[2025-10-30T08:43:20.527+0000] {logging_mixin.py:188} INFO - [2025-10-30T08:43:20.527+0000] {dag.py:3954} INFO - Setting next_dagrun for police_data_ingestion to 2025-11-01 00:00:00+00:00, run_after=2025-12-01 00:00:00+00:00
[2025-10-30T08:43:20.560+0000] {processor.py:183} INFO - Processing /opt/airflow/dags/data_ingestion.py took 1.085 seconds
[2025-10-30T08:43:51.125+0000] {processor.py:161} INFO - Started process (PID=12032) to work on /opt/airflow/dags/data_ingestion.py
[2025-10-30T08:43:51.128+0000] {processor.py:830} INFO - Processing file /opt/airflow/dags/data_ingestion.py for tasks to queue
[2025-10-30T08:43:51.133+0000] {logging_mixin.py:188} INFO - [2025-10-30T08:43:51.132+0000] {dagbag.py:545} INFO - Filling up the DagBag from /opt/airflow/dags/data_ingestion.py
[2025-10-30T08:43:51.955+0000] {processor.py:840} INFO - DAG(s) 'police_data_ingestion' retrieved from /opt/airflow/dags/data_ingestion.py
[2025-10-30T08:43:52.012+0000] {logging_mixin.py:188} INFO - [2025-10-30T08:43:52.011+0000] {dag.py:3096} INFO - Sync 1 DAGs
[2025-10-30T08:43:52.040+0000] {logging_mixin.py:188} INFO - [2025-10-30T08:43:52.039+0000] {dag.py:3954} INFO - Setting next_dagrun for police_data_ingestion to 2025-11-01 00:00:00+00:00, run_after=2025-12-01 00:00:00+00:00
[2025-10-30T08:43:52.093+0000] {processor.py:183} INFO - Processing /opt/airflow/dags/data_ingestion.py took 0.984 seconds
[2025-10-30T08:44:22.815+0000] {processor.py:161} INFO - Started process (PID=12044) to work on /opt/airflow/dags/data_ingestion.py
[2025-10-30T08:44:22.818+0000] {processor.py:830} INFO - Processing file /opt/airflow/dags/data_ingestion.py for tasks to queue
[2025-10-30T08:44:22.825+0000] {logging_mixin.py:188} INFO - [2025-10-30T08:44:22.824+0000] {dagbag.py:545} INFO - Filling up the DagBag from /opt/airflow/dags/data_ingestion.py
[2025-10-30T08:44:23.706+0000] {processor.py:840} INFO - DAG(s) 'police_data_ingestion' retrieved from /opt/airflow/dags/data_ingestion.py
[2025-10-30T08:44:23.769+0000] {logging_mixin.py:188} INFO - [2025-10-30T08:44:23.768+0000] {dag.py:3096} INFO - Sync 1 DAGs
[2025-10-30T08:44:23.804+0000] {logging_mixin.py:188} INFO - [2025-10-30T08:44:23.803+0000] {dag.py:3954} INFO - Setting next_dagrun for police_data_ingestion to 2025-11-01 00:00:00+00:00, run_after=2025-12-01 00:00:00+00:00
[2025-10-30T08:44:23.852+0000] {processor.py:183} INFO - Processing /opt/airflow/dags/data_ingestion.py took 1.059 seconds
[2025-10-30T08:44:54.485+0000] {processor.py:161} INFO - Started process (PID=12056) to work on /opt/airflow/dags/data_ingestion.py
[2025-10-30T08:44:54.488+0000] {processor.py:830} INFO - Processing file /opt/airflow/dags/data_ingestion.py for tasks to queue
[2025-10-30T08:44:54.493+0000] {logging_mixin.py:188} INFO - [2025-10-30T08:44:54.492+0000] {dagbag.py:545} INFO - Filling up the DagBag from /opt/airflow/dags/data_ingestion.py
[2025-10-30T08:44:55.332+0000] {processor.py:840} INFO - DAG(s) 'police_data_ingestion' retrieved from /opt/airflow/dags/data_ingestion.py
[2025-10-30T08:44:55.385+0000] {logging_mixin.py:188} INFO - [2025-10-30T08:44:55.384+0000] {dag.py:3096} INFO - Sync 1 DAGs
[2025-10-30T08:44:55.430+0000] {logging_mixin.py:188} INFO - [2025-10-30T08:44:55.430+0000] {dag.py:3954} INFO - Setting next_dagrun for police_data_ingestion to 2025-11-01 00:00:00+00:00, run_after=2025-12-01 00:00:00+00:00
[2025-10-30T08:44:55.474+0000] {processor.py:183} INFO - Processing /opt/airflow/dags/data_ingestion.py took 1.003 seconds
[2025-10-30T08:45:26.156+0000] {processor.py:161} INFO - Started process (PID=12068) to work on /opt/airflow/dags/data_ingestion.py
[2025-10-30T08:45:26.159+0000] {processor.py:830} INFO - Processing file /opt/airflow/dags/data_ingestion.py for tasks to queue
[2025-10-30T08:45:26.162+0000] {logging_mixin.py:188} INFO - [2025-10-30T08:45:26.162+0000] {dagbag.py:545} INFO - Filling up the DagBag from /opt/airflow/dags/data_ingestion.py
[2025-10-30T08:45:26.949+0000] {processor.py:840} INFO - DAG(s) 'police_data_ingestion' retrieved from /opt/airflow/dags/data_ingestion.py
[2025-10-30T08:45:27.007+0000] {logging_mixin.py:188} INFO - [2025-10-30T08:45:27.006+0000] {dag.py:3096} INFO - Sync 1 DAGs
[2025-10-30T08:45:27.040+0000] {logging_mixin.py:188} INFO - [2025-10-30T08:45:27.040+0000] {dag.py:3954} INFO - Setting next_dagrun for police_data_ingestion to 2025-11-01 00:00:00+00:00, run_after=2025-12-01 00:00:00+00:00
[2025-10-30T08:45:27.091+0000] {processor.py:183} INFO - Processing /opt/airflow/dags/data_ingestion.py took 0.946 seconds
[2025-10-30T08:45:57.749+0000] {processor.py:161} INFO - Started process (PID=12080) to work on /opt/airflow/dags/data_ingestion.py
[2025-10-30T08:45:57.752+0000] {processor.py:830} INFO - Processing file /opt/airflow/dags/data_ingestion.py for tasks to queue
[2025-10-30T08:45:57.756+0000] {logging_mixin.py:188} INFO - [2025-10-30T08:45:57.755+0000] {dagbag.py:545} INFO - Filling up the DagBag from /opt/airflow/dags/data_ingestion.py
[2025-10-30T08:45:58.603+0000] {processor.py:840} INFO - DAG(s) 'police_data_ingestion' retrieved from /opt/airflow/dags/data_ingestion.py
[2025-10-30T08:45:58.650+0000] {logging_mixin.py:188} INFO - [2025-10-30T08:45:58.650+0000] {dag.py:3096} INFO - Sync 1 DAGs
[2025-10-30T08:45:58.681+0000] {logging_mixin.py:188} INFO - [2025-10-30T08:45:58.681+0000] {dag.py:3954} INFO - Setting next_dagrun for police_data_ingestion to 2025-11-01 00:00:00+00:00, run_after=2025-12-01 00:00:00+00:00
[2025-10-30T08:45:58.733+0000] {processor.py:183} INFO - Processing /opt/airflow/dags/data_ingestion.py took 0.996 seconds
[2025-10-30T08:46:29.454+0000] {processor.py:161} INFO - Started process (PID=12092) to work on /opt/airflow/dags/data_ingestion.py
[2025-10-30T08:46:29.457+0000] {processor.py:830} INFO - Processing file /opt/airflow/dags/data_ingestion.py for tasks to queue
[2025-10-30T08:46:29.463+0000] {logging_mixin.py:188} INFO - [2025-10-30T08:46:29.462+0000] {dagbag.py:545} INFO - Filling up the DagBag from /opt/airflow/dags/data_ingestion.py
[2025-10-30T08:46:30.350+0000] {processor.py:840} INFO - DAG(s) 'police_data_ingestion' retrieved from /opt/airflow/dags/data_ingestion.py
[2025-10-30T08:46:30.407+0000] {logging_mixin.py:188} INFO - [2025-10-30T08:46:30.406+0000] {dag.py:3096} INFO - Sync 1 DAGs
[2025-10-30T08:46:30.445+0000] {logging_mixin.py:188} INFO - [2025-10-30T08:46:30.445+0000] {dag.py:3954} INFO - Setting next_dagrun for police_data_ingestion to 2025-11-01 00:00:00+00:00, run_after=2025-12-01 00:00:00+00:00
[2025-10-30T08:46:30.497+0000] {processor.py:183} INFO - Processing /opt/airflow/dags/data_ingestion.py took 1.054 seconds
[2025-10-30T08:47:01.451+0000] {processor.py:161} INFO - Started process (PID=12104) to work on /opt/airflow/dags/data_ingestion.py
[2025-10-30T08:47:01.454+0000] {processor.py:830} INFO - Processing file /opt/airflow/dags/data_ingestion.py for tasks to queue
[2025-10-30T08:47:01.460+0000] {logging_mixin.py:188} INFO - [2025-10-30T08:47:01.459+0000] {dagbag.py:545} INFO - Filling up the DagBag from /opt/airflow/dags/data_ingestion.py
[2025-10-30T08:47:02.068+0000] {processor.py:840} INFO - DAG(s) 'police_data_ingestion' retrieved from /opt/airflow/dags/data_ingestion.py
[2025-10-30T08:47:02.123+0000] {logging_mixin.py:188} INFO - [2025-10-30T08:47:02.123+0000] {dag.py:3096} INFO - Sync 1 DAGs
[2025-10-30T08:47:02.161+0000] {logging_mixin.py:188} INFO - [2025-10-30T08:47:02.161+0000] {dag.py:3954} INFO - Setting next_dagrun for police_data_ingestion to 2025-11-01 00:00:00+00:00, run_after=2025-12-01 00:00:00+00:00
[2025-10-30T08:47:02.214+0000] {processor.py:183} INFO - Processing /opt/airflow/dags/data_ingestion.py took 0.787 seconds
[2025-10-30T08:47:32.915+0000] {processor.py:161} INFO - Started process (PID=12116) to work on /opt/airflow/dags/data_ingestion.py
[2025-10-30T08:47:32.918+0000] {processor.py:830} INFO - Processing file /opt/airflow/dags/data_ingestion.py for tasks to queue
[2025-10-30T08:47:32.924+0000] {logging_mixin.py:188} INFO - [2025-10-30T08:47:32.923+0000] {dagbag.py:545} INFO - Filling up the DagBag from /opt/airflow/dags/data_ingestion.py
[2025-10-30T08:47:33.561+0000] {processor.py:840} INFO - DAG(s) 'police_data_ingestion' retrieved from /opt/airflow/dags/data_ingestion.py
[2025-10-30T08:47:33.645+0000] {logging_mixin.py:188} INFO - [2025-10-30T08:47:33.644+0000] {dag.py:3096} INFO - Sync 1 DAGs
[2025-10-30T08:47:33.681+0000] {logging_mixin.py:188} INFO - [2025-10-30T08:47:33.681+0000] {dag.py:3954} INFO - Setting next_dagrun for police_data_ingestion to 2025-11-01 00:00:00+00:00, run_after=2025-12-01 00:00:00+00:00
[2025-10-30T08:47:33.716+0000] {processor.py:183} INFO - Processing /opt/airflow/dags/data_ingestion.py took 0.813 seconds
[2025-10-30T08:48:04.371+0000] {processor.py:161} INFO - Started process (PID=12128) to work on /opt/airflow/dags/data_ingestion.py
[2025-10-30T08:48:04.374+0000] {processor.py:830} INFO - Processing file /opt/airflow/dags/data_ingestion.py for tasks to queue
[2025-10-30T08:48:04.379+0000] {logging_mixin.py:188} INFO - [2025-10-30T08:48:04.378+0000] {dagbag.py:545} INFO - Filling up the DagBag from /opt/airflow/dags/data_ingestion.py
[2025-10-30T08:48:05.013+0000] {processor.py:840} INFO - DAG(s) 'police_data_ingestion' retrieved from /opt/airflow/dags/data_ingestion.py
[2025-10-30T08:48:05.076+0000] {logging_mixin.py:188} INFO - [2025-10-30T08:48:05.075+0000] {dag.py:3096} INFO - Sync 1 DAGs
[2025-10-30T08:48:05.115+0000] {logging_mixin.py:188} INFO - [2025-10-30T08:48:05.114+0000] {dag.py:3954} INFO - Setting next_dagrun for police_data_ingestion to 2025-11-01 00:00:00+00:00, run_after=2025-12-01 00:00:00+00:00
[2025-10-30T08:48:05.174+0000] {processor.py:183} INFO - Processing /opt/airflow/dags/data_ingestion.py took 0.822 seconds
[2025-10-30T08:48:35.752+0000] {processor.py:161} INFO - Started process (PID=12140) to work on /opt/airflow/dags/data_ingestion.py
[2025-10-30T08:48:35.755+0000] {processor.py:830} INFO - Processing file /opt/airflow/dags/data_ingestion.py for tasks to queue
[2025-10-30T08:48:35.760+0000] {logging_mixin.py:188} INFO - [2025-10-30T08:48:35.760+0000] {dagbag.py:545} INFO - Filling up the DagBag from /opt/airflow/dags/data_ingestion.py
[2025-10-30T08:48:36.356+0000] {processor.py:840} INFO - DAG(s) 'police_data_ingestion' retrieved from /opt/airflow/dags/data_ingestion.py
[2025-10-30T08:48:36.435+0000] {logging_mixin.py:188} INFO - [2025-10-30T08:48:36.434+0000] {dag.py:3096} INFO - Sync 1 DAGs
[2025-10-30T08:48:36.500+0000] {logging_mixin.py:188} INFO - [2025-10-30T08:48:36.499+0000] {dag.py:3954} INFO - Setting next_dagrun for police_data_ingestion to 2025-11-01 00:00:00+00:00, run_after=2025-12-01 00:00:00+00:00
[2025-10-30T08:48:36.596+0000] {processor.py:183} INFO - Processing /opt/airflow/dags/data_ingestion.py took 0.861 seconds
[2025-10-30T08:49:07.264+0000] {processor.py:161} INFO - Started process (PID=12152) to work on /opt/airflow/dags/data_ingestion.py
[2025-10-30T08:49:07.273+0000] {processor.py:830} INFO - Processing file /opt/airflow/dags/data_ingestion.py for tasks to queue
[2025-10-30T08:49:07.279+0000] {logging_mixin.py:188} INFO - [2025-10-30T08:49:07.278+0000] {dagbag.py:545} INFO - Filling up the DagBag from /opt/airflow/dags/data_ingestion.py
[2025-10-30T08:49:07.936+0000] {processor.py:840} INFO - DAG(s) 'police_data_ingestion' retrieved from /opt/airflow/dags/data_ingestion.py
[2025-10-30T08:49:07.991+0000] {logging_mixin.py:188} INFO - [2025-10-30T08:49:07.991+0000] {dag.py:3096} INFO - Sync 1 DAGs
[2025-10-30T08:49:08.045+0000] {logging_mixin.py:188} INFO - [2025-10-30T08:49:08.044+0000] {dag.py:3954} INFO - Setting next_dagrun for police_data_ingestion to 2025-11-01 00:00:00+00:00, run_after=2025-12-01 00:00:00+00:00
[2025-10-30T08:49:08.106+0000] {processor.py:183} INFO - Processing /opt/airflow/dags/data_ingestion.py took 0.862 seconds
[2025-10-30T08:49:38.755+0000] {processor.py:161} INFO - Started process (PID=12164) to work on /opt/airflow/dags/data_ingestion.py
[2025-10-30T08:49:38.757+0000] {processor.py:830} INFO - Processing file /opt/airflow/dags/data_ingestion.py for tasks to queue
[2025-10-30T08:49:38.762+0000] {logging_mixin.py:188} INFO - [2025-10-30T08:49:38.761+0000] {dagbag.py:545} INFO - Filling up the DagBag from /opt/airflow/dags/data_ingestion.py
[2025-10-30T08:49:39.377+0000] {processor.py:840} INFO - DAG(s) 'police_data_ingestion' retrieved from /opt/airflow/dags/data_ingestion.py
[2025-10-30T08:49:39.455+0000] {logging_mixin.py:188} INFO - [2025-10-30T08:49:39.454+0000] {dag.py:3096} INFO - Sync 1 DAGs
[2025-10-30T08:49:39.493+0000] {logging_mixin.py:188} INFO - [2025-10-30T08:49:39.492+0000] {dag.py:3954} INFO - Setting next_dagrun for police_data_ingestion to 2025-11-01 00:00:00+00:00, run_after=2025-12-01 00:00:00+00:00
[2025-10-30T08:49:39.552+0000] {processor.py:183} INFO - Processing /opt/airflow/dags/data_ingestion.py took 0.810 seconds
[2025-10-30T08:50:10.252+0000] {processor.py:161} INFO - Started process (PID=12176) to work on /opt/airflow/dags/data_ingestion.py
[2025-10-30T08:50:10.255+0000] {processor.py:830} INFO - Processing file /opt/airflow/dags/data_ingestion.py for tasks to queue
[2025-10-30T08:50:10.263+0000] {logging_mixin.py:188} INFO - [2025-10-30T08:50:10.261+0000] {dagbag.py:545} INFO - Filling up the DagBag from /opt/airflow/dags/data_ingestion.py
[2025-10-30T08:50:10.853+0000] {processor.py:840} INFO - DAG(s) 'police_data_ingestion' retrieved from /opt/airflow/dags/data_ingestion.py
[2025-10-30T08:50:10.908+0000] {logging_mixin.py:188} INFO - [2025-10-30T08:50:10.907+0000] {dag.py:3096} INFO - Sync 1 DAGs
[2025-10-30T08:50:10.947+0000] {logging_mixin.py:188} INFO - [2025-10-30T08:50:10.947+0000] {dag.py:3954} INFO - Setting next_dagrun for police_data_ingestion to 2025-11-01 00:00:00+00:00, run_after=2025-12-01 00:00:00+00:00
[2025-10-30T08:50:10.990+0000] {processor.py:183} INFO - Processing /opt/airflow/dags/data_ingestion.py took 0.757 seconds
[2025-10-30T08:50:41.634+0000] {processor.py:161} INFO - Started process (PID=12188) to work on /opt/airflow/dags/data_ingestion.py
[2025-10-30T08:50:41.636+0000] {processor.py:830} INFO - Processing file /opt/airflow/dags/data_ingestion.py for tasks to queue
[2025-10-30T08:50:41.640+0000] {logging_mixin.py:188} INFO - [2025-10-30T08:50:41.640+0000] {dagbag.py:545} INFO - Filling up the DagBag from /opt/airflow/dags/data_ingestion.py
[2025-10-30T08:50:42.246+0000] {processor.py:840} INFO - DAG(s) 'police_data_ingestion' retrieved from /opt/airflow/dags/data_ingestion.py
[2025-10-30T08:50:42.308+0000] {logging_mixin.py:188} INFO - [2025-10-30T08:50:42.307+0000] {dag.py:3096} INFO - Sync 1 DAGs
[2025-10-30T08:50:42.358+0000] {logging_mixin.py:188} INFO - [2025-10-30T08:50:42.357+0000] {dag.py:3954} INFO - Setting next_dagrun for police_data_ingestion to 2025-11-01 00:00:00+00:00, run_after=2025-12-01 00:00:00+00:00
[2025-10-30T08:50:42.412+0000] {processor.py:183} INFO - Processing /opt/airflow/dags/data_ingestion.py took 0.792 seconds
[2025-10-30T08:51:13.080+0000] {processor.py:161} INFO - Started process (PID=12200) to work on /opt/airflow/dags/data_ingestion.py
[2025-10-30T08:51:13.083+0000] {processor.py:830} INFO - Processing file /opt/airflow/dags/data_ingestion.py for tasks to queue
[2025-10-30T08:51:13.087+0000] {logging_mixin.py:188} INFO - [2025-10-30T08:51:13.086+0000] {dagbag.py:545} INFO - Filling up the DagBag from /opt/airflow/dags/data_ingestion.py
[2025-10-30T08:51:13.733+0000] {processor.py:840} INFO - DAG(s) 'police_data_ingestion' retrieved from /opt/airflow/dags/data_ingestion.py
[2025-10-30T08:51:13.801+0000] {logging_mixin.py:188} INFO - [2025-10-30T08:51:13.800+0000] {dag.py:3096} INFO - Sync 1 DAGs
[2025-10-30T08:51:13.844+0000] {logging_mixin.py:188} INFO - [2025-10-30T08:51:13.844+0000] {dag.py:3954} INFO - Setting next_dagrun for police_data_ingestion to 2025-11-01 00:00:00+00:00, run_after=2025-12-01 00:00:00+00:00
[2025-10-30T08:51:13.909+0000] {processor.py:183} INFO - Processing /opt/airflow/dags/data_ingestion.py took 0.850 seconds
[2025-10-30T08:51:44.572+0000] {processor.py:161} INFO - Started process (PID=12212) to work on /opt/airflow/dags/data_ingestion.py
[2025-10-30T08:51:44.579+0000] {processor.py:830} INFO - Processing file /opt/airflow/dags/data_ingestion.py for tasks to queue
[2025-10-30T08:51:44.583+0000] {logging_mixin.py:188} INFO - [2025-10-30T08:51:44.583+0000] {dagbag.py:545} INFO - Filling up the DagBag from /opt/airflow/dags/data_ingestion.py
[2025-10-30T08:51:45.159+0000] {processor.py:840} INFO - DAG(s) 'police_data_ingestion' retrieved from /opt/airflow/dags/data_ingestion.py
[2025-10-30T08:51:45.212+0000] {logging_mixin.py:188} INFO - [2025-10-30T08:51:45.211+0000] {dag.py:3096} INFO - Sync 1 DAGs
[2025-10-30T08:51:45.251+0000] {logging_mixin.py:188} INFO - [2025-10-30T08:51:45.250+0000] {dag.py:3954} INFO - Setting next_dagrun for police_data_ingestion to 2025-11-01 00:00:00+00:00, run_after=2025-12-01 00:00:00+00:00
[2025-10-30T08:51:45.313+0000] {processor.py:183} INFO - Processing /opt/airflow/dags/data_ingestion.py took 0.753 seconds
[2025-10-30T08:52:16.056+0000] {processor.py:161} INFO - Started process (PID=12224) to work on /opt/airflow/dags/data_ingestion.py
[2025-10-30T08:52:16.059+0000] {processor.py:830} INFO - Processing file /opt/airflow/dags/data_ingestion.py for tasks to queue
[2025-10-30T08:52:16.063+0000] {logging_mixin.py:188} INFO - [2025-10-30T08:52:16.062+0000] {dagbag.py:545} INFO - Filling up the DagBag from /opt/airflow/dags/data_ingestion.py
[2025-10-30T08:52:16.864+0000] {processor.py:840} INFO - DAG(s) 'police_data_ingestion' retrieved from /opt/airflow/dags/data_ingestion.py
[2025-10-30T08:52:16.973+0000] {logging_mixin.py:188} INFO - [2025-10-30T08:52:16.970+0000] {dag.py:3096} INFO - Sync 1 DAGs
[2025-10-30T08:52:17.054+0000] {logging_mixin.py:188} INFO - [2025-10-30T08:52:17.053+0000] {dag.py:3954} INFO - Setting next_dagrun for police_data_ingestion to 2025-11-01 00:00:00+00:00, run_after=2025-12-01 00:00:00+00:00
[2025-10-30T08:52:17.103+0000] {processor.py:183} INFO - Processing /opt/airflow/dags/data_ingestion.py took 1.063 seconds
[2025-10-30T08:52:47.617+0000] {processor.py:161} INFO - Started process (PID=12236) to work on /opt/airflow/dags/data_ingestion.py
[2025-10-30T08:52:47.620+0000] {processor.py:830} INFO - Processing file /opt/airflow/dags/data_ingestion.py for tasks to queue
[2025-10-30T08:52:47.624+0000] {logging_mixin.py:188} INFO - [2025-10-30T08:52:47.623+0000] {dagbag.py:545} INFO - Filling up the DagBag from /opt/airflow/dags/data_ingestion.py
[2025-10-30T08:52:48.185+0000] {processor.py:840} INFO - DAG(s) 'police_data_ingestion' retrieved from /opt/airflow/dags/data_ingestion.py
[2025-10-30T08:52:48.248+0000] {logging_mixin.py:188} INFO - [2025-10-30T08:52:48.247+0000] {dag.py:3096} INFO - Sync 1 DAGs
[2025-10-30T08:52:48.288+0000] {logging_mixin.py:188} INFO - [2025-10-30T08:52:48.288+0000] {dag.py:3954} INFO - Setting next_dagrun for police_data_ingestion to 2025-11-01 00:00:00+00:00, run_after=2025-12-01 00:00:00+00:00
[2025-10-30T08:52:48.356+0000] {processor.py:183} INFO - Processing /opt/airflow/dags/data_ingestion.py took 0.753 seconds
[2025-10-30T08:53:19.185+0000] {processor.py:161} INFO - Started process (PID=12248) to work on /opt/airflow/dags/data_ingestion.py
[2025-10-30T08:53:19.188+0000] {processor.py:830} INFO - Processing file /opt/airflow/dags/data_ingestion.py for tasks to queue
[2025-10-30T08:53:19.194+0000] {logging_mixin.py:188} INFO - [2025-10-30T08:53:19.193+0000] {dagbag.py:545} INFO - Filling up the DagBag from /opt/airflow/dags/data_ingestion.py
[2025-10-30T08:53:19.936+0000] {processor.py:840} INFO - DAG(s) 'police_data_ingestion' retrieved from /opt/airflow/dags/data_ingestion.py
[2025-10-30T08:53:19.997+0000] {logging_mixin.py:188} INFO - [2025-10-30T08:53:19.996+0000] {dag.py:3096} INFO - Sync 1 DAGs
[2025-10-30T08:53:20.047+0000] {logging_mixin.py:188} INFO - [2025-10-30T08:53:20.047+0000] {dag.py:3954} INFO - Setting next_dagrun for police_data_ingestion to 2025-11-01 00:00:00+00:00, run_after=2025-12-01 00:00:00+00:00
[2025-10-30T08:53:20.103+0000] {processor.py:183} INFO - Processing /opt/airflow/dags/data_ingestion.py took 0.937 seconds
[2025-10-30T08:53:50.676+0000] {processor.py:161} INFO - Started process (PID=12260) to work on /opt/airflow/dags/data_ingestion.py
[2025-10-30T08:53:50.678+0000] {processor.py:830} INFO - Processing file /opt/airflow/dags/data_ingestion.py for tasks to queue
[2025-10-30T08:53:50.682+0000] {logging_mixin.py:188} INFO - [2025-10-30T08:53:50.682+0000] {dagbag.py:545} INFO - Filling up the DagBag from /opt/airflow/dags/data_ingestion.py
[2025-10-30T08:53:51.267+0000] {processor.py:840} INFO - DAG(s) 'police_data_ingestion' retrieved from /opt/airflow/dags/data_ingestion.py
[2025-10-30T08:53:51.341+0000] {logging_mixin.py:188} INFO - [2025-10-30T08:53:51.340+0000] {dag.py:3096} INFO - Sync 1 DAGs
[2025-10-30T08:53:51.387+0000] {logging_mixin.py:188} INFO - [2025-10-30T08:53:51.386+0000] {dag.py:3954} INFO - Setting next_dagrun for police_data_ingestion to 2025-11-01 00:00:00+00:00, run_after=2025-12-01 00:00:00+00:00
[2025-10-30T08:53:51.423+0000] {processor.py:183} INFO - Processing /opt/airflow/dags/data_ingestion.py took 0.762 seconds
[2025-10-30T08:54:22.071+0000] {processor.py:161} INFO - Started process (PID=12272) to work on /opt/airflow/dags/data_ingestion.py
[2025-10-30T08:54:22.075+0000] {processor.py:830} INFO - Processing file /opt/airflow/dags/data_ingestion.py for tasks to queue
[2025-10-30T08:54:22.081+0000] {logging_mixin.py:188} INFO - [2025-10-30T08:54:22.080+0000] {dagbag.py:545} INFO - Filling up the DagBag from /opt/airflow/dags/data_ingestion.py
[2025-10-30T08:54:22.994+0000] {processor.py:840} INFO - DAG(s) 'police_data_ingestion' retrieved from /opt/airflow/dags/data_ingestion.py
[2025-10-30T08:54:23.077+0000] {logging_mixin.py:188} INFO - [2025-10-30T08:54:23.077+0000] {dag.py:3096} INFO - Sync 1 DAGs
[2025-10-30T08:54:23.127+0000] {logging_mixin.py:188} INFO - [2025-10-30T08:54:23.126+0000] {dag.py:3954} INFO - Setting next_dagrun for police_data_ingestion to 2025-11-01 00:00:00+00:00, run_after=2025-12-01 00:00:00+00:00
[2025-10-30T08:54:23.180+0000] {processor.py:183} INFO - Processing /opt/airflow/dags/data_ingestion.py took 1.130 seconds
[2025-10-30T08:54:53.756+0000] {processor.py:161} INFO - Started process (PID=12284) to work on /opt/airflow/dags/data_ingestion.py
[2025-10-30T08:54:53.759+0000] {processor.py:830} INFO - Processing file /opt/airflow/dags/data_ingestion.py for tasks to queue
[2025-10-30T08:54:53.763+0000] {logging_mixin.py:188} INFO - [2025-10-30T08:54:53.763+0000] {dagbag.py:545} INFO - Filling up the DagBag from /opt/airflow/dags/data_ingestion.py
[2025-10-30T08:54:54.362+0000] {processor.py:840} INFO - DAG(s) 'police_data_ingestion' retrieved from /opt/airflow/dags/data_ingestion.py
[2025-10-30T08:54:54.425+0000] {logging_mixin.py:188} INFO - [2025-10-30T08:54:54.424+0000] {dag.py:3096} INFO - Sync 1 DAGs
[2025-10-30T08:54:54.477+0000] {logging_mixin.py:188} INFO - [2025-10-30T08:54:54.477+0000] {dag.py:3954} INFO - Setting next_dagrun for police_data_ingestion to 2025-11-01 00:00:00+00:00, run_after=2025-12-01 00:00:00+00:00
[2025-10-30T08:54:54.524+0000] {processor.py:183} INFO - Processing /opt/airflow/dags/data_ingestion.py took 0.782 seconds
[2025-10-30T08:55:25.184+0000] {processor.py:161} INFO - Started process (PID=12296) to work on /opt/airflow/dags/data_ingestion.py
[2025-10-30T08:55:25.189+0000] {processor.py:830} INFO - Processing file /opt/airflow/dags/data_ingestion.py for tasks to queue
[2025-10-30T08:55:25.195+0000] {logging_mixin.py:188} INFO - [2025-10-30T08:55:25.194+0000] {dagbag.py:545} INFO - Filling up the DagBag from /opt/airflow/dags/data_ingestion.py
[2025-10-30T08:55:26.087+0000] {processor.py:840} INFO - DAG(s) 'police_data_ingestion' retrieved from /opt/airflow/dags/data_ingestion.py
[2025-10-30T08:55:26.150+0000] {logging_mixin.py:188} INFO - [2025-10-30T08:55:26.149+0000] {dag.py:3096} INFO - Sync 1 DAGs
[2025-10-30T08:55:26.193+0000] {logging_mixin.py:188} INFO - [2025-10-30T08:55:26.192+0000] {dag.py:3954} INFO - Setting next_dagrun for police_data_ingestion to 2025-11-01 00:00:00+00:00, run_after=2025-12-01 00:00:00+00:00
[2025-10-30T08:55:26.241+0000] {processor.py:183} INFO - Processing /opt/airflow/dags/data_ingestion.py took 1.080 seconds
[2025-10-30T08:55:56.879+0000] {processor.py:161} INFO - Started process (PID=12308) to work on /opt/airflow/dags/data_ingestion.py
[2025-10-30T08:55:56.881+0000] {processor.py:830} INFO - Processing file /opt/airflow/dags/data_ingestion.py for tasks to queue
[2025-10-30T08:55:56.885+0000] {logging_mixin.py:188} INFO - [2025-10-30T08:55:56.885+0000] {dagbag.py:545} INFO - Filling up the DagBag from /opt/airflow/dags/data_ingestion.py
[2025-10-30T08:55:57.493+0000] {processor.py:840} INFO - DAG(s) 'police_data_ingestion' retrieved from /opt/airflow/dags/data_ingestion.py
[2025-10-30T08:55:57.553+0000] {logging_mixin.py:188} INFO - [2025-10-30T08:55:57.553+0000] {dag.py:3096} INFO - Sync 1 DAGs
[2025-10-30T08:55:57.603+0000] {logging_mixin.py:188} INFO - [2025-10-30T08:55:57.602+0000] {dag.py:3954} INFO - Setting next_dagrun for police_data_ingestion to 2025-11-01 00:00:00+00:00, run_after=2025-12-01 00:00:00+00:00
[2025-10-30T08:55:57.649+0000] {processor.py:183} INFO - Processing /opt/airflow/dags/data_ingestion.py took 0.782 seconds
[2025-10-30T08:56:28.315+0000] {processor.py:161} INFO - Started process (PID=12320) to work on /opt/airflow/dags/data_ingestion.py
[2025-10-30T08:56:28.317+0000] {processor.py:830} INFO - Processing file /opt/airflow/dags/data_ingestion.py for tasks to queue
[2025-10-30T08:56:28.321+0000] {logging_mixin.py:188} INFO - [2025-10-30T08:56:28.321+0000] {dagbag.py:545} INFO - Filling up the DagBag from /opt/airflow/dags/data_ingestion.py
[2025-10-30T08:56:28.954+0000] {processor.py:840} INFO - DAG(s) 'police_data_ingestion' retrieved from /opt/airflow/dags/data_ingestion.py
[2025-10-30T08:56:29.012+0000] {logging_mixin.py:188} INFO - [2025-10-30T08:56:29.011+0000] {dag.py:3096} INFO - Sync 1 DAGs
[2025-10-30T08:56:29.055+0000] {logging_mixin.py:188} INFO - [2025-10-30T08:56:29.055+0000] {dag.py:3954} INFO - Setting next_dagrun for police_data_ingestion to 2025-11-01 00:00:00+00:00, run_after=2025-12-01 00:00:00+00:00
[2025-10-30T08:56:29.096+0000] {processor.py:183} INFO - Processing /opt/airflow/dags/data_ingestion.py took 0.796 seconds
[2025-10-30T08:56:59.706+0000] {processor.py:161} INFO - Started process (PID=12332) to work on /opt/airflow/dags/data_ingestion.py
[2025-10-30T08:56:59.709+0000] {processor.py:830} INFO - Processing file /opt/airflow/dags/data_ingestion.py for tasks to queue
[2025-10-30T08:56:59.714+0000] {logging_mixin.py:188} INFO - [2025-10-30T08:56:59.713+0000] {dagbag.py:545} INFO - Filling up the DagBag from /opt/airflow/dags/data_ingestion.py
[2025-10-30T08:57:00.372+0000] {processor.py:840} INFO - DAG(s) 'police_data_ingestion' retrieved from /opt/airflow/dags/data_ingestion.py
[2025-10-30T08:57:00.427+0000] {logging_mixin.py:188} INFO - [2025-10-30T08:57:00.427+0000] {dag.py:3096} INFO - Sync 1 DAGs
[2025-10-30T08:57:00.466+0000] {logging_mixin.py:188} INFO - [2025-10-30T08:57:00.466+0000] {dag.py:3954} INFO - Setting next_dagrun for police_data_ingestion to 2025-11-01 00:00:00+00:00, run_after=2025-12-01 00:00:00+00:00
[2025-10-30T08:57:00.524+0000] {processor.py:183} INFO - Processing /opt/airflow/dags/data_ingestion.py took 0.832 seconds
[2025-10-30T08:57:31.186+0000] {processor.py:161} INFO - Started process (PID=12344) to work on /opt/airflow/dags/data_ingestion.py
[2025-10-30T08:57:31.189+0000] {processor.py:830} INFO - Processing file /opt/airflow/dags/data_ingestion.py for tasks to queue
[2025-10-30T08:57:31.193+0000] {logging_mixin.py:188} INFO - [2025-10-30T08:57:31.192+0000] {dagbag.py:545} INFO - Filling up the DagBag from /opt/airflow/dags/data_ingestion.py
[2025-10-30T08:57:31.871+0000] {processor.py:840} INFO - DAG(s) 'police_data_ingestion' retrieved from /opt/airflow/dags/data_ingestion.py
[2025-10-30T08:57:31.942+0000] {logging_mixin.py:188} INFO - [2025-10-30T08:57:31.941+0000] {dag.py:3096} INFO - Sync 1 DAGs
[2025-10-30T08:57:31.982+0000] {logging_mixin.py:188} INFO - [2025-10-30T08:57:31.981+0000] {dag.py:3954} INFO - Setting next_dagrun for police_data_ingestion to 2025-11-01 00:00:00+00:00, run_after=2025-12-01 00:00:00+00:00
[2025-10-30T08:57:32.032+0000] {processor.py:183} INFO - Processing /opt/airflow/dags/data_ingestion.py took 0.862 seconds
[2025-10-30T08:58:03.084+0000] {processor.py:161} INFO - Started process (PID=12356) to work on /opt/airflow/dags/data_ingestion.py
[2025-10-30T08:58:03.086+0000] {processor.py:830} INFO - Processing file /opt/airflow/dags/data_ingestion.py for tasks to queue
[2025-10-30T08:58:03.090+0000] {logging_mixin.py:188} INFO - [2025-10-30T08:58:03.089+0000] {dagbag.py:545} INFO - Filling up the DagBag from /opt/airflow/dags/data_ingestion.py
[2025-10-30T08:58:03.726+0000] {processor.py:840} INFO - DAG(s) 'police_data_ingestion' retrieved from /opt/airflow/dags/data_ingestion.py
[2025-10-30T08:58:03.783+0000] {logging_mixin.py:188} INFO - [2025-10-30T08:58:03.782+0000] {dag.py:3096} INFO - Sync 1 DAGs
[2025-10-30T08:58:03.837+0000] {logging_mixin.py:188} INFO - [2025-10-30T08:58:03.836+0000] {dag.py:3954} INFO - Setting next_dagrun for police_data_ingestion to 2025-11-01 00:00:00+00:00, run_after=2025-12-01 00:00:00+00:00
[2025-10-30T08:58:03.902+0000] {processor.py:183} INFO - Processing /opt/airflow/dags/data_ingestion.py took 0.828 seconds
[2025-10-30T08:58:34.614+0000] {processor.py:161} INFO - Started process (PID=12368) to work on /opt/airflow/dags/data_ingestion.py
[2025-10-30T08:58:34.617+0000] {processor.py:830} INFO - Processing file /opt/airflow/dags/data_ingestion.py for tasks to queue
[2025-10-30T08:58:34.621+0000] {logging_mixin.py:188} INFO - [2025-10-30T08:58:34.620+0000] {dagbag.py:545} INFO - Filling up the DagBag from /opt/airflow/dags/data_ingestion.py
[2025-10-30T08:58:35.294+0000] {processor.py:840} INFO - DAG(s) 'police_data_ingestion' retrieved from /opt/airflow/dags/data_ingestion.py
[2025-10-30T08:58:35.350+0000] {logging_mixin.py:188} INFO - [2025-10-30T08:58:35.349+0000] {dag.py:3096} INFO - Sync 1 DAGs
[2025-10-30T08:58:35.391+0000] {logging_mixin.py:188} INFO - [2025-10-30T08:58:35.390+0000] {dag.py:3954} INFO - Setting next_dagrun for police_data_ingestion to 2025-11-01 00:00:00+00:00, run_after=2025-12-01 00:00:00+00:00
[2025-10-30T08:58:35.442+0000] {processor.py:183} INFO - Processing /opt/airflow/dags/data_ingestion.py took 0.841 seconds
[2025-10-30T08:59:06.186+0000] {processor.py:161} INFO - Started process (PID=12380) to work on /opt/airflow/dags/data_ingestion.py
[2025-10-30T08:59:06.189+0000] {processor.py:830} INFO - Processing file /opt/airflow/dags/data_ingestion.py for tasks to queue
[2025-10-30T08:59:06.195+0000] {logging_mixin.py:188} INFO - [2025-10-30T08:59:06.194+0000] {dagbag.py:545} INFO - Filling up the DagBag from /opt/airflow/dags/data_ingestion.py
[2025-10-30T08:59:06.828+0000] {processor.py:840} INFO - DAG(s) 'police_data_ingestion' retrieved from /opt/airflow/dags/data_ingestion.py
[2025-10-30T08:59:06.892+0000] {logging_mixin.py:188} INFO - [2025-10-30T08:59:06.892+0000] {dag.py:3096} INFO - Sync 1 DAGs
[2025-10-30T08:59:06.932+0000] {logging_mixin.py:188} INFO - [2025-10-30T08:59:06.932+0000] {dag.py:3954} INFO - Setting next_dagrun for police_data_ingestion to 2025-11-01 00:00:00+00:00, run_after=2025-12-01 00:00:00+00:00
[2025-10-30T08:59:06.977+0000] {processor.py:183} INFO - Processing /opt/airflow/dags/data_ingestion.py took 0.802 seconds
[2025-10-30T08:59:37.547+0000] {processor.py:161} INFO - Started process (PID=12392) to work on /opt/airflow/dags/data_ingestion.py
[2025-10-30T08:59:37.550+0000] {processor.py:830} INFO - Processing file /opt/airflow/dags/data_ingestion.py for tasks to queue
[2025-10-30T08:59:37.558+0000] {logging_mixin.py:188} INFO - [2025-10-30T08:59:37.557+0000] {dagbag.py:545} INFO - Filling up the DagBag from /opt/airflow/dags/data_ingestion.py
[2025-10-30T08:59:38.213+0000] {processor.py:840} INFO - DAG(s) 'police_data_ingestion' retrieved from /opt/airflow/dags/data_ingestion.py
[2025-10-30T08:59:38.273+0000] {logging_mixin.py:188} INFO - [2025-10-30T08:59:38.273+0000] {dag.py:3096} INFO - Sync 1 DAGs
[2025-10-30T08:59:38.315+0000] {logging_mixin.py:188} INFO - [2025-10-30T08:59:38.315+0000] {dag.py:3954} INFO - Setting next_dagrun for police_data_ingestion to 2025-11-01 00:00:00+00:00, run_after=2025-12-01 00:00:00+00:00
[2025-10-30T08:59:38.371+0000] {processor.py:183} INFO - Processing /opt/airflow/dags/data_ingestion.py took 0.837 seconds
[2025-10-30T09:00:08.956+0000] {processor.py:161} INFO - Started process (PID=12404) to work on /opt/airflow/dags/data_ingestion.py
[2025-10-30T09:00:08.959+0000] {processor.py:830} INFO - Processing file /opt/airflow/dags/data_ingestion.py for tasks to queue
[2025-10-30T09:00:08.968+0000] {logging_mixin.py:188} INFO - [2025-10-30T09:00:08.967+0000] {dagbag.py:545} INFO - Filling up the DagBag from /opt/airflow/dags/data_ingestion.py
[2025-10-30T09:00:09.608+0000] {processor.py:840} INFO - DAG(s) 'police_data_ingestion' retrieved from /opt/airflow/dags/data_ingestion.py
[2025-10-30T09:00:09.663+0000] {logging_mixin.py:188} INFO - [2025-10-30T09:00:09.662+0000] {dag.py:3096} INFO - Sync 1 DAGs
[2025-10-30T09:00:09.700+0000] {logging_mixin.py:188} INFO - [2025-10-30T09:00:09.700+0000] {dag.py:3954} INFO - Setting next_dagrun for police_data_ingestion to 2025-11-01 00:00:00+00:00, run_after=2025-12-01 00:00:00+00:00
[2025-10-30T09:00:09.756+0000] {processor.py:183} INFO - Processing /opt/airflow/dags/data_ingestion.py took 0.814 seconds
[2025-10-30T09:00:40.356+0000] {processor.py:161} INFO - Started process (PID=12416) to work on /opt/airflow/dags/data_ingestion.py
[2025-10-30T09:00:40.360+0000] {processor.py:830} INFO - Processing file /opt/airflow/dags/data_ingestion.py for tasks to queue
[2025-10-30T09:00:40.367+0000] {logging_mixin.py:188} INFO - [2025-10-30T09:00:40.364+0000] {dagbag.py:545} INFO - Filling up the DagBag from /opt/airflow/dags/data_ingestion.py
[2025-10-30T09:00:40.985+0000] {processor.py:840} INFO - DAG(s) 'police_data_ingestion' retrieved from /opt/airflow/dags/data_ingestion.py
[2025-10-30T09:00:41.042+0000] {logging_mixin.py:188} INFO - [2025-10-30T09:00:41.042+0000] {dag.py:3096} INFO - Sync 1 DAGs
[2025-10-30T09:00:41.082+0000] {logging_mixin.py:188} INFO - [2025-10-30T09:00:41.081+0000] {dag.py:3954} INFO - Setting next_dagrun for police_data_ingestion to 2025-11-01 00:00:00+00:00, run_after=2025-12-01 00:00:00+00:00
[2025-10-30T09:00:41.130+0000] {processor.py:183} INFO - Processing /opt/airflow/dags/data_ingestion.py took 0.798 seconds
[2025-10-30T09:01:11.807+0000] {processor.py:161} INFO - Started process (PID=12428) to work on /opt/airflow/dags/data_ingestion.py
[2025-10-30T09:01:11.810+0000] {processor.py:830} INFO - Processing file /opt/airflow/dags/data_ingestion.py for tasks to queue
[2025-10-30T09:01:11.815+0000] {logging_mixin.py:188} INFO - [2025-10-30T09:01:11.814+0000] {dagbag.py:545} INFO - Filling up the DagBag from /opt/airflow/dags/data_ingestion.py
[2025-10-30T09:01:12.443+0000] {processor.py:840} INFO - DAG(s) 'police_data_ingestion' retrieved from /opt/airflow/dags/data_ingestion.py
[2025-10-30T09:01:12.506+0000] {logging_mixin.py:188} INFO - [2025-10-30T09:01:12.505+0000] {dag.py:3096} INFO - Sync 1 DAGs
[2025-10-30T09:01:12.560+0000] {logging_mixin.py:188} INFO - [2025-10-30T09:01:12.560+0000] {dag.py:3954} INFO - Setting next_dagrun for police_data_ingestion to 2025-11-01 00:00:00+00:00, run_after=2025-12-01 00:00:00+00:00
[2025-10-30T09:01:12.622+0000] {processor.py:183} INFO - Processing /opt/airflow/dags/data_ingestion.py took 0.832 seconds
[2025-10-30T09:01:43.272+0000] {processor.py:161} INFO - Started process (PID=12440) to work on /opt/airflow/dags/data_ingestion.py
[2025-10-30T09:01:43.275+0000] {processor.py:830} INFO - Processing file /opt/airflow/dags/data_ingestion.py for tasks to queue
[2025-10-30T09:01:43.280+0000] {logging_mixin.py:188} INFO - [2025-10-30T09:01:43.279+0000] {dagbag.py:545} INFO - Filling up the DagBag from /opt/airflow/dags/data_ingestion.py
[2025-10-30T09:01:43.891+0000] {processor.py:840} INFO - DAG(s) 'police_data_ingestion' retrieved from /opt/airflow/dags/data_ingestion.py
[2025-10-30T09:01:43.951+0000] {logging_mixin.py:188} INFO - [2025-10-30T09:01:43.950+0000] {dag.py:3096} INFO - Sync 1 DAGs
[2025-10-30T09:01:43.989+0000] {logging_mixin.py:188} INFO - [2025-10-30T09:01:43.989+0000] {dag.py:3954} INFO - Setting next_dagrun for police_data_ingestion to 2025-11-01 00:00:00+00:00, run_after=2025-12-01 00:00:00+00:00
[2025-10-30T09:01:44.059+0000] {processor.py:183} INFO - Processing /opt/airflow/dags/data_ingestion.py took 0.810 seconds
[2025-10-30T09:02:14.216+0000] {processor.py:161} INFO - Started process (PID=12452) to work on /opt/airflow/dags/data_ingestion.py
[2025-10-30T09:02:14.221+0000] {processor.py:830} INFO - Processing file /opt/airflow/dags/data_ingestion.py for tasks to queue
[2025-10-30T09:02:14.227+0000] {logging_mixin.py:188} INFO - [2025-10-30T09:02:14.225+0000] {dagbag.py:545} INFO - Filling up the DagBag from /opt/airflow/dags/data_ingestion.py
[2025-10-30T09:02:14.853+0000] {processor.py:840} INFO - DAG(s) 'police_data_ingestion' retrieved from /opt/airflow/dags/data_ingestion.py
[2025-10-30T09:02:14.914+0000] {logging_mixin.py:188} INFO - [2025-10-30T09:02:14.913+0000] {dag.py:3096} INFO - Sync 1 DAGs
[2025-10-30T09:02:14.956+0000] {logging_mixin.py:188} INFO - [2025-10-30T09:02:14.955+0000] {dag.py:3954} INFO - Setting next_dagrun for police_data_ingestion to 2025-11-01 00:00:00+00:00, run_after=2025-12-01 00:00:00+00:00
[2025-10-30T09:02:14.993+0000] {processor.py:183} INFO - Processing /opt/airflow/dags/data_ingestion.py took 0.796 seconds
[2025-10-30T09:02:45.207+0000] {processor.py:161} INFO - Started process (PID=12464) to work on /opt/airflow/dags/data_ingestion.py
[2025-10-30T09:02:45.210+0000] {processor.py:830} INFO - Processing file /opt/airflow/dags/data_ingestion.py for tasks to queue
[2025-10-30T09:02:45.213+0000] {logging_mixin.py:188} INFO - [2025-10-30T09:02:45.213+0000] {dagbag.py:545} INFO - Filling up the DagBag from /opt/airflow/dags/data_ingestion.py
[2025-10-30T09:02:45.828+0000] {processor.py:840} INFO - DAG(s) 'police_data_ingestion' retrieved from /opt/airflow/dags/data_ingestion.py
[2025-10-30T09:02:45.881+0000] {logging_mixin.py:188} INFO - [2025-10-30T09:02:45.881+0000] {dag.py:3096} INFO - Sync 1 DAGs
[2025-10-30T09:02:45.924+0000] {logging_mixin.py:188} INFO - [2025-10-30T09:02:45.924+0000] {dag.py:3954} INFO - Setting next_dagrun for police_data_ingestion to 2025-11-01 00:00:00+00:00, run_after=2025-12-01 00:00:00+00:00
[2025-10-30T09:02:45.981+0000] {processor.py:183} INFO - Processing /opt/airflow/dags/data_ingestion.py took 0.788 seconds
[2025-10-30T09:03:16.767+0000] {processor.py:161} INFO - Started process (PID=12476) to work on /opt/airflow/dags/data_ingestion.py
[2025-10-30T09:03:16.770+0000] {processor.py:830} INFO - Processing file /opt/airflow/dags/data_ingestion.py for tasks to queue
[2025-10-30T09:03:16.774+0000] {logging_mixin.py:188} INFO - [2025-10-30T09:03:16.773+0000] {dagbag.py:545} INFO - Filling up the DagBag from /opt/airflow/dags/data_ingestion.py
[2025-10-30T09:03:17.439+0000] {processor.py:840} INFO - DAG(s) 'police_data_ingestion' retrieved from /opt/airflow/dags/data_ingestion.py
[2025-10-30T09:03:17.495+0000] {logging_mixin.py:188} INFO - [2025-10-30T09:03:17.495+0000] {dag.py:3096} INFO - Sync 1 DAGs
[2025-10-30T09:03:17.533+0000] {logging_mixin.py:188} INFO - [2025-10-30T09:03:17.533+0000] {dag.py:3954} INFO - Setting next_dagrun for police_data_ingestion to 2025-11-01 00:00:00+00:00, run_after=2025-12-01 00:00:00+00:00
[2025-10-30T09:03:17.587+0000] {processor.py:183} INFO - Processing /opt/airflow/dags/data_ingestion.py took 0.833 seconds
[2025-10-30T09:03:48.245+0000] {processor.py:161} INFO - Started process (PID=12488) to work on /opt/airflow/dags/data_ingestion.py
[2025-10-30T09:03:48.247+0000] {processor.py:830} INFO - Processing file /opt/airflow/dags/data_ingestion.py for tasks to queue
[2025-10-30T09:03:48.252+0000] {logging_mixin.py:188} INFO - [2025-10-30T09:03:48.252+0000] {dagbag.py:545} INFO - Filling up the DagBag from /opt/airflow/dags/data_ingestion.py
[2025-10-30T09:03:48.866+0000] {processor.py:840} INFO - DAG(s) 'police_data_ingestion' retrieved from /opt/airflow/dags/data_ingestion.py
[2025-10-30T09:03:48.917+0000] {logging_mixin.py:188} INFO - [2025-10-30T09:03:48.916+0000] {dag.py:3096} INFO - Sync 1 DAGs
[2025-10-30T09:03:48.954+0000] {logging_mixin.py:188} INFO - [2025-10-30T09:03:48.954+0000] {dag.py:3954} INFO - Setting next_dagrun for police_data_ingestion to 2025-11-01 00:00:00+00:00, run_after=2025-12-01 00:00:00+00:00
[2025-10-30T09:03:49.011+0000] {processor.py:183} INFO - Processing /opt/airflow/dags/data_ingestion.py took 0.781 seconds
[2025-10-30T09:04:19.566+0000] {processor.py:161} INFO - Started process (PID=12500) to work on /opt/airflow/dags/data_ingestion.py
[2025-10-30T09:04:19.568+0000] {processor.py:830} INFO - Processing file /opt/airflow/dags/data_ingestion.py for tasks to queue
[2025-10-30T09:04:19.573+0000] {logging_mixin.py:188} INFO - [2025-10-30T09:04:19.572+0000] {dagbag.py:545} INFO - Filling up the DagBag from /opt/airflow/dags/data_ingestion.py
[2025-10-30T09:04:20.260+0000] {processor.py:840} INFO - DAG(s) 'police_data_ingestion' retrieved from /opt/airflow/dags/data_ingestion.py
[2025-10-30T09:04:20.335+0000] {logging_mixin.py:188} INFO - [2025-10-30T09:04:20.335+0000] {dag.py:3096} INFO - Sync 1 DAGs
[2025-10-30T09:04:20.409+0000] {logging_mixin.py:188} INFO - [2025-10-30T09:04:20.408+0000] {dag.py:3954} INFO - Setting next_dagrun for police_data_ingestion to 2025-11-01 00:00:00+00:00, run_after=2025-12-01 00:00:00+00:00
[2025-10-30T09:04:20.442+0000] {processor.py:183} INFO - Processing /opt/airflow/dags/data_ingestion.py took 0.893 seconds
[2025-10-30T09:04:51.005+0000] {processor.py:161} INFO - Started process (PID=12512) to work on /opt/airflow/dags/data_ingestion.py
[2025-10-30T09:04:51.007+0000] {processor.py:830} INFO - Processing file /opt/airflow/dags/data_ingestion.py for tasks to queue
[2025-10-30T09:04:51.011+0000] {logging_mixin.py:188} INFO - [2025-10-30T09:04:51.010+0000] {dagbag.py:545} INFO - Filling up the DagBag from /opt/airflow/dags/data_ingestion.py
[2025-10-30T09:04:51.695+0000] {processor.py:840} INFO - DAG(s) 'police_data_ingestion' retrieved from /opt/airflow/dags/data_ingestion.py
[2025-10-30T09:04:51.765+0000] {logging_mixin.py:188} INFO - [2025-10-30T09:04:51.764+0000] {dag.py:3096} INFO - Sync 1 DAGs
[2025-10-30T09:04:51.812+0000] {logging_mixin.py:188} INFO - [2025-10-30T09:04:51.812+0000] {dag.py:3954} INFO - Setting next_dagrun for police_data_ingestion to 2025-11-01 00:00:00+00:00, run_after=2025-12-01 00:00:00+00:00
[2025-10-30T09:04:51.873+0000] {processor.py:183} INFO - Processing /opt/airflow/dags/data_ingestion.py took 0.883 seconds
[2025-10-30T09:05:22.476+0000] {processor.py:161} INFO - Started process (PID=12524) to work on /opt/airflow/dags/data_ingestion.py
[2025-10-30T09:05:22.478+0000] {processor.py:830} INFO - Processing file /opt/airflow/dags/data_ingestion.py for tasks to queue
[2025-10-30T09:05:22.483+0000] {logging_mixin.py:188} INFO - [2025-10-30T09:05:22.482+0000] {dagbag.py:545} INFO - Filling up the DagBag from /opt/airflow/dags/data_ingestion.py
[2025-10-30T09:05:23.204+0000] {processor.py:840} INFO - DAG(s) 'police_data_ingestion' retrieved from /opt/airflow/dags/data_ingestion.py
[2025-10-30T09:05:23.278+0000] {logging_mixin.py:188} INFO - [2025-10-30T09:05:23.277+0000] {dag.py:3096} INFO - Sync 1 DAGs
[2025-10-30T09:05:23.319+0000] {logging_mixin.py:188} INFO - [2025-10-30T09:05:23.319+0000] {dag.py:3954} INFO - Setting next_dagrun for police_data_ingestion to 2025-11-01 00:00:00+00:00, run_after=2025-12-01 00:00:00+00:00
[2025-10-30T09:05:23.364+0000] {processor.py:183} INFO - Processing /opt/airflow/dags/data_ingestion.py took 0.902 seconds
[2025-10-30T09:05:53.571+0000] {processor.py:161} INFO - Started process (PID=12536) to work on /opt/airflow/dags/data_ingestion.py
[2025-10-30T09:05:53.574+0000] {processor.py:830} INFO - Processing file /opt/airflow/dags/data_ingestion.py for tasks to queue
[2025-10-30T09:05:53.578+0000] {logging_mixin.py:188} INFO - [2025-10-30T09:05:53.577+0000] {dagbag.py:545} INFO - Filling up the DagBag from /opt/airflow/dags/data_ingestion.py
[2025-10-30T09:05:54.232+0000] {processor.py:840} INFO - DAG(s) 'police_data_ingestion' retrieved from /opt/airflow/dags/data_ingestion.py
[2025-10-30T09:05:54.302+0000] {logging_mixin.py:188} INFO - [2025-10-30T09:05:54.301+0000] {dag.py:3096} INFO - Sync 1 DAGs
[2025-10-30T09:05:54.354+0000] {logging_mixin.py:188} INFO - [2025-10-30T09:05:54.353+0000] {dag.py:3954} INFO - Setting next_dagrun for police_data_ingestion to 2025-11-01 00:00:00+00:00, run_after=2025-12-01 00:00:00+00:00
[2025-10-30T09:05:54.401+0000] {processor.py:183} INFO - Processing /opt/airflow/dags/data_ingestion.py took 0.842 seconds
[2025-10-30T09:06:25.101+0000] {processor.py:161} INFO - Started process (PID=12548) to work on /opt/airflow/dags/data_ingestion.py
[2025-10-30T09:06:25.104+0000] {processor.py:830} INFO - Processing file /opt/airflow/dags/data_ingestion.py for tasks to queue
[2025-10-30T09:06:25.108+0000] {logging_mixin.py:188} INFO - [2025-10-30T09:06:25.107+0000] {dagbag.py:545} INFO - Filling up the DagBag from /opt/airflow/dags/data_ingestion.py
[2025-10-30T09:06:25.741+0000] {processor.py:840} INFO - DAG(s) 'police_data_ingestion' retrieved from /opt/airflow/dags/data_ingestion.py
[2025-10-30T09:06:25.803+0000] {logging_mixin.py:188} INFO - [2025-10-30T09:06:25.802+0000] {dag.py:3096} INFO - Sync 1 DAGs
[2025-10-30T09:06:25.847+0000] {logging_mixin.py:188} INFO - [2025-10-30T09:06:25.847+0000] {dag.py:3954} INFO - Setting next_dagrun for police_data_ingestion to 2025-11-01 00:00:00+00:00, run_after=2025-12-01 00:00:00+00:00
[2025-10-30T09:06:25.884+0000] {processor.py:183} INFO - Processing /opt/airflow/dags/data_ingestion.py took 0.797 seconds
[2025-10-30T09:06:56.636+0000] {processor.py:161} INFO - Started process (PID=12560) to work on /opt/airflow/dags/data_ingestion.py
[2025-10-30T09:06:56.639+0000] {processor.py:830} INFO - Processing file /opt/airflow/dags/data_ingestion.py for tasks to queue
[2025-10-30T09:06:56.645+0000] {logging_mixin.py:188} INFO - [2025-10-30T09:06:56.643+0000] {dagbag.py:545} INFO - Filling up the DagBag from /opt/airflow/dags/data_ingestion.py
[2025-10-30T09:06:57.247+0000] {processor.py:840} INFO - DAG(s) 'police_data_ingestion' retrieved from /opt/airflow/dags/data_ingestion.py
[2025-10-30T09:06:57.318+0000] {logging_mixin.py:188} INFO - [2025-10-30T09:06:57.318+0000] {dag.py:3096} INFO - Sync 1 DAGs
[2025-10-30T09:06:57.352+0000] {logging_mixin.py:188} INFO - [2025-10-30T09:06:57.352+0000] {dag.py:3954} INFO - Setting next_dagrun for police_data_ingestion to 2025-11-01 00:00:00+00:00, run_after=2025-12-01 00:00:00+00:00
[2025-10-30T09:06:57.406+0000] {processor.py:183} INFO - Processing /opt/airflow/dags/data_ingestion.py took 0.788 seconds
[2025-10-30T09:07:28.110+0000] {processor.py:161} INFO - Started process (PID=12572) to work on /opt/airflow/dags/data_ingestion.py
[2025-10-30T09:07:28.114+0000] {processor.py:830} INFO - Processing file /opt/airflow/dags/data_ingestion.py for tasks to queue
[2025-10-30T09:07:28.120+0000] {logging_mixin.py:188} INFO - [2025-10-30T09:07:28.119+0000] {dagbag.py:545} INFO - Filling up the DagBag from /opt/airflow/dags/data_ingestion.py
[2025-10-30T09:07:28.963+0000] {processor.py:840} INFO - DAG(s) 'police_data_ingestion' retrieved from /opt/airflow/dags/data_ingestion.py
[2025-10-30T09:07:29.037+0000] {logging_mixin.py:188} INFO - [2025-10-30T09:07:29.036+0000] {dag.py:3096} INFO - Sync 1 DAGs
[2025-10-30T09:07:29.099+0000] {logging_mixin.py:188} INFO - [2025-10-30T09:07:29.098+0000] {dag.py:3954} INFO - Setting next_dagrun for police_data_ingestion to 2025-11-01 00:00:00+00:00, run_after=2025-12-01 00:00:00+00:00
[2025-10-30T09:07:29.146+0000] {processor.py:183} INFO - Processing /opt/airflow/dags/data_ingestion.py took 1.056 seconds
[2025-10-30T09:07:59.962+0000] {processor.py:161} INFO - Started process (PID=12584) to work on /opt/airflow/dags/data_ingestion.py
[2025-10-30T09:07:59.964+0000] {processor.py:830} INFO - Processing file /opt/airflow/dags/data_ingestion.py for tasks to queue
[2025-10-30T09:07:59.968+0000] {logging_mixin.py:188} INFO - [2025-10-30T09:07:59.967+0000] {dagbag.py:545} INFO - Filling up the DagBag from /opt/airflow/dags/data_ingestion.py
[2025-10-30T09:08:00.746+0000] {processor.py:840} INFO - DAG(s) 'police_data_ingestion' retrieved from /opt/airflow/dags/data_ingestion.py
[2025-10-30T09:08:00.807+0000] {logging_mixin.py:188} INFO - [2025-10-30T09:08:00.806+0000] {dag.py:3096} INFO - Sync 1 DAGs
[2025-10-30T09:08:00.862+0000] {logging_mixin.py:188} INFO - [2025-10-30T09:08:00.862+0000] {dag.py:3954} INFO - Setting next_dagrun for police_data_ingestion to 2025-11-01 00:00:00+00:00, run_after=2025-12-01 00:00:00+00:00
[2025-10-30T09:08:00.928+0000] {processor.py:183} INFO - Processing /opt/airflow/dags/data_ingestion.py took 0.979 seconds
[2025-10-30T09:08:31.411+0000] {processor.py:161} INFO - Started process (PID=12596) to work on /opt/airflow/dags/data_ingestion.py
[2025-10-30T09:08:31.414+0000] {processor.py:830} INFO - Processing file /opt/airflow/dags/data_ingestion.py for tasks to queue
[2025-10-30T09:08:31.420+0000] {logging_mixin.py:188} INFO - [2025-10-30T09:08:31.419+0000] {dagbag.py:545} INFO - Filling up the DagBag from /opt/airflow/dags/data_ingestion.py
[2025-10-30T09:08:32.095+0000] {processor.py:840} INFO - DAG(s) 'police_data_ingestion' retrieved from /opt/airflow/dags/data_ingestion.py
[2025-10-30T09:08:32.155+0000] {logging_mixin.py:188} INFO - [2025-10-30T09:08:32.155+0000] {dag.py:3096} INFO - Sync 1 DAGs
[2025-10-30T09:08:32.194+0000] {logging_mixin.py:188} INFO - [2025-10-30T09:08:32.194+0000] {dag.py:3954} INFO - Setting next_dagrun for police_data_ingestion to 2025-11-01 00:00:00+00:00, run_after=2025-12-01 00:00:00+00:00
[2025-10-30T09:08:32.244+0000] {processor.py:183} INFO - Processing /opt/airflow/dags/data_ingestion.py took 0.846 seconds
[2025-10-30T09:09:02.947+0000] {processor.py:161} INFO - Started process (PID=12608) to work on /opt/airflow/dags/data_ingestion.py
[2025-10-30T09:09:02.950+0000] {processor.py:830} INFO - Processing file /opt/airflow/dags/data_ingestion.py for tasks to queue
[2025-10-30T09:09:02.955+0000] {logging_mixin.py:188} INFO - [2025-10-30T09:09:02.954+0000] {dagbag.py:545} INFO - Filling up the DagBag from /opt/airflow/dags/data_ingestion.py
[2025-10-30T09:09:03.612+0000] {processor.py:840} INFO - DAG(s) 'police_data_ingestion' retrieved from /opt/airflow/dags/data_ingestion.py
[2025-10-30T09:09:03.664+0000] {logging_mixin.py:188} INFO - [2025-10-30T09:09:03.664+0000] {dag.py:3096} INFO - Sync 1 DAGs
[2025-10-30T09:09:03.709+0000] {logging_mixin.py:188} INFO - [2025-10-30T09:09:03.708+0000] {dag.py:3954} INFO - Setting next_dagrun for police_data_ingestion to 2025-11-01 00:00:00+00:00, run_after=2025-12-01 00:00:00+00:00
[2025-10-30T09:09:03.754+0000] {processor.py:183} INFO - Processing /opt/airflow/dags/data_ingestion.py took 0.819 seconds
[2025-10-30T09:09:34.438+0000] {processor.py:161} INFO - Started process (PID=12620) to work on /opt/airflow/dags/data_ingestion.py
[2025-10-30T09:09:34.441+0000] {processor.py:830} INFO - Processing file /opt/airflow/dags/data_ingestion.py for tasks to queue
[2025-10-30T09:09:34.446+0000] {logging_mixin.py:188} INFO - [2025-10-30T09:09:34.445+0000] {dagbag.py:545} INFO - Filling up the DagBag from /opt/airflow/dags/data_ingestion.py
[2025-10-30T09:09:35.096+0000] {processor.py:840} INFO - DAG(s) 'police_data_ingestion' retrieved from /opt/airflow/dags/data_ingestion.py
[2025-10-30T09:09:35.158+0000] {logging_mixin.py:188} INFO - [2025-10-30T09:09:35.157+0000] {dag.py:3096} INFO - Sync 1 DAGs
[2025-10-30T09:09:35.201+0000] {logging_mixin.py:188} INFO - [2025-10-30T09:09:35.200+0000] {dag.py:3954} INFO - Setting next_dagrun for police_data_ingestion to 2025-11-01 00:00:00+00:00, run_after=2025-12-01 00:00:00+00:00
[2025-10-30T09:09:35.253+0000] {processor.py:183} INFO - Processing /opt/airflow/dags/data_ingestion.py took 0.834 seconds
[2025-10-30T09:10:05.928+0000] {processor.py:161} INFO - Started process (PID=12632) to work on /opt/airflow/dags/data_ingestion.py
[2025-10-30T09:10:05.931+0000] {processor.py:830} INFO - Processing file /opt/airflow/dags/data_ingestion.py for tasks to queue
[2025-10-30T09:10:05.937+0000] {logging_mixin.py:188} INFO - [2025-10-30T09:10:05.937+0000] {dagbag.py:545} INFO - Filling up the DagBag from /opt/airflow/dags/data_ingestion.py
[2025-10-30T09:10:06.586+0000] {processor.py:840} INFO - DAG(s) 'police_data_ingestion' retrieved from /opt/airflow/dags/data_ingestion.py
[2025-10-30T09:10:06.655+0000] {logging_mixin.py:188} INFO - [2025-10-30T09:10:06.655+0000] {dag.py:3096} INFO - Sync 1 DAGs
[2025-10-30T09:10:06.704+0000] {logging_mixin.py:188} INFO - [2025-10-30T09:10:06.704+0000] {dag.py:3954} INFO - Setting next_dagrun for police_data_ingestion to 2025-11-01 00:00:00+00:00, run_after=2025-12-01 00:00:00+00:00
[2025-10-30T09:10:06.740+0000] {processor.py:183} INFO - Processing /opt/airflow/dags/data_ingestion.py took 0.829 seconds
[2025-10-30T09:10:37.350+0000] {processor.py:161} INFO - Started process (PID=12644) to work on /opt/airflow/dags/data_ingestion.py
[2025-10-30T09:10:37.353+0000] {processor.py:830} INFO - Processing file /opt/airflow/dags/data_ingestion.py for tasks to queue
[2025-10-30T09:10:37.360+0000] {logging_mixin.py:188} INFO - [2025-10-30T09:10:37.358+0000] {dagbag.py:545} INFO - Filling up the DagBag from /opt/airflow/dags/data_ingestion.py
[2025-10-30T09:10:38.106+0000] {processor.py:840} INFO - DAG(s) 'police_data_ingestion' retrieved from /opt/airflow/dags/data_ingestion.py
[2025-10-30T09:10:38.197+0000] {logging_mixin.py:188} INFO - [2025-10-30T09:10:38.196+0000] {dag.py:3096} INFO - Sync 1 DAGs
[2025-10-30T09:10:38.254+0000] {logging_mixin.py:188} INFO - [2025-10-30T09:10:38.254+0000] {dag.py:3954} INFO - Setting next_dagrun for police_data_ingestion to 2025-11-01 00:00:00+00:00, run_after=2025-12-01 00:00:00+00:00
[2025-10-30T09:10:38.301+0000] {processor.py:183} INFO - Processing /opt/airflow/dags/data_ingestion.py took 0.969 seconds
[2025-10-30T09:11:08.924+0000] {processor.py:161} INFO - Started process (PID=12656) to work on /opt/airflow/dags/data_ingestion.py
[2025-10-30T09:11:08.926+0000] {processor.py:830} INFO - Processing file /opt/airflow/dags/data_ingestion.py for tasks to queue
[2025-10-30T09:11:08.930+0000] {logging_mixin.py:188} INFO - [2025-10-30T09:11:08.929+0000] {dagbag.py:545} INFO - Filling up the DagBag from /opt/airflow/dags/data_ingestion.py
[2025-10-30T09:11:09.562+0000] {processor.py:840} INFO - DAG(s) 'police_data_ingestion' retrieved from /opt/airflow/dags/data_ingestion.py
[2025-10-30T09:11:09.629+0000] {logging_mixin.py:188} INFO - [2025-10-30T09:11:09.628+0000] {dag.py:3096} INFO - Sync 1 DAGs
[2025-10-30T09:11:09.673+0000] {logging_mixin.py:188} INFO - [2025-10-30T09:11:09.673+0000] {dag.py:3954} INFO - Setting next_dagrun for police_data_ingestion to 2025-11-01 00:00:00+00:00, run_after=2025-12-01 00:00:00+00:00
[2025-10-30T09:11:09.708+0000] {processor.py:183} INFO - Processing /opt/airflow/dags/data_ingestion.py took 0.796 seconds
[2025-10-30T09:11:40.208+0000] {processor.py:161} INFO - Started process (PID=12668) to work on /opt/airflow/dags/data_ingestion.py
[2025-10-30T09:11:40.211+0000] {processor.py:830} INFO - Processing file /opt/airflow/dags/data_ingestion.py for tasks to queue
[2025-10-30T09:11:40.215+0000] {logging_mixin.py:188} INFO - [2025-10-30T09:11:40.214+0000] {dagbag.py:545} INFO - Filling up the DagBag from /opt/airflow/dags/data_ingestion.py
[2025-10-30T09:11:41.088+0000] {processor.py:840} INFO - DAG(s) 'police_data_ingestion' retrieved from /opt/airflow/dags/data_ingestion.py
[2025-10-30T09:11:41.156+0000] {logging_mixin.py:188} INFO - [2025-10-30T09:11:41.155+0000] {dag.py:3096} INFO - Sync 1 DAGs
[2025-10-30T09:11:41.218+0000] {logging_mixin.py:188} INFO - [2025-10-30T09:11:41.218+0000] {dag.py:3954} INFO - Setting next_dagrun for police_data_ingestion to 2025-11-01 00:00:00+00:00, run_after=2025-12-01 00:00:00+00:00
[2025-10-30T09:11:41.270+0000] {processor.py:183} INFO - Processing /opt/airflow/dags/data_ingestion.py took 1.078 seconds
[2025-10-30T09:12:11.755+0000] {processor.py:161} INFO - Started process (PID=12680) to work on /opt/airflow/dags/data_ingestion.py
[2025-10-30T09:12:11.758+0000] {processor.py:830} INFO - Processing file /opt/airflow/dags/data_ingestion.py for tasks to queue
[2025-10-30T09:12:11.762+0000] {logging_mixin.py:188} INFO - [2025-10-30T09:12:11.761+0000] {dagbag.py:545} INFO - Filling up the DagBag from /opt/airflow/dags/data_ingestion.py
[2025-10-30T09:12:12.365+0000] {processor.py:840} INFO - DAG(s) 'police_data_ingestion' retrieved from /opt/airflow/dags/data_ingestion.py
[2025-10-30T09:12:12.421+0000] {logging_mixin.py:188} INFO - [2025-10-30T09:12:12.420+0000] {dag.py:3096} INFO - Sync 1 DAGs
[2025-10-30T09:12:12.477+0000] {logging_mixin.py:188} INFO - [2025-10-30T09:12:12.477+0000] {dag.py:3954} INFO - Setting next_dagrun for police_data_ingestion to 2025-11-01 00:00:00+00:00, run_after=2025-12-01 00:00:00+00:00
[2025-10-30T09:12:12.550+0000] {processor.py:183} INFO - Processing /opt/airflow/dags/data_ingestion.py took 0.813 seconds
[2025-10-30T09:12:43.195+0000] {processor.py:161} INFO - Started process (PID=12692) to work on /opt/airflow/dags/data_ingestion.py
[2025-10-30T09:12:43.198+0000] {processor.py:830} INFO - Processing file /opt/airflow/dags/data_ingestion.py for tasks to queue
[2025-10-30T09:12:43.202+0000] {logging_mixin.py:188} INFO - [2025-10-30T09:12:43.202+0000] {dagbag.py:545} INFO - Filling up the DagBag from /opt/airflow/dags/data_ingestion.py
[2025-10-30T09:12:43.919+0000] {processor.py:840} INFO - DAG(s) 'police_data_ingestion' retrieved from /opt/airflow/dags/data_ingestion.py
[2025-10-30T09:12:43.999+0000] {logging_mixin.py:188} INFO - [2025-10-30T09:12:43.998+0000] {dag.py:3096} INFO - Sync 1 DAGs
[2025-10-30T09:12:44.063+0000] {logging_mixin.py:188} INFO - [2025-10-30T09:12:44.062+0000] {dag.py:3954} INFO - Setting next_dagrun for police_data_ingestion to 2025-11-01 00:00:00+00:00, run_after=2025-12-01 00:00:00+00:00
[2025-10-30T09:12:44.106+0000] {processor.py:183} INFO - Processing /opt/airflow/dags/data_ingestion.py took 0.931 seconds
[2025-10-30T09:13:14.907+0000] {processor.py:161} INFO - Started process (PID=12704) to work on /opt/airflow/dags/data_ingestion.py
[2025-10-30T09:13:14.910+0000] {processor.py:830} INFO - Processing file /opt/airflow/dags/data_ingestion.py for tasks to queue
[2025-10-30T09:13:14.915+0000] {logging_mixin.py:188} INFO - [2025-10-30T09:13:14.914+0000] {dagbag.py:545} INFO - Filling up the DagBag from /opt/airflow/dags/data_ingestion.py
[2025-10-30T09:13:15.570+0000] {processor.py:840} INFO - DAG(s) 'police_data_ingestion' retrieved from /opt/airflow/dags/data_ingestion.py
[2025-10-30T09:13:15.650+0000] {logging_mixin.py:188} INFO - [2025-10-30T09:13:15.649+0000] {dag.py:3096} INFO - Sync 1 DAGs
[2025-10-30T09:13:15.695+0000] {logging_mixin.py:188} INFO - [2025-10-30T09:13:15.695+0000] {dag.py:3954} INFO - Setting next_dagrun for police_data_ingestion to 2025-11-01 00:00:00+00:00, run_after=2025-12-01 00:00:00+00:00
[2025-10-30T09:13:15.748+0000] {processor.py:183} INFO - Processing /opt/airflow/dags/data_ingestion.py took 0.858 seconds
[2025-10-30T09:13:46.342+0000] {processor.py:161} INFO - Started process (PID=12716) to work on /opt/airflow/dags/data_ingestion.py
[2025-10-30T09:13:46.344+0000] {processor.py:830} INFO - Processing file /opt/airflow/dags/data_ingestion.py for tasks to queue
[2025-10-30T09:13:46.349+0000] {logging_mixin.py:188} INFO - [2025-10-30T09:13:46.348+0000] {dagbag.py:545} INFO - Filling up the DagBag from /opt/airflow/dags/data_ingestion.py
[2025-10-30T09:13:46.950+0000] {processor.py:840} INFO - DAG(s) 'police_data_ingestion' retrieved from /opt/airflow/dags/data_ingestion.py
[2025-10-30T09:13:47.006+0000] {logging_mixin.py:188} INFO - [2025-10-30T09:13:47.005+0000] {dag.py:3096} INFO - Sync 1 DAGs
[2025-10-30T09:13:47.066+0000] {logging_mixin.py:188} INFO - [2025-10-30T09:13:47.065+0000] {dag.py:3954} INFO - Setting next_dagrun for police_data_ingestion to 2025-11-01 00:00:00+00:00, run_after=2025-12-01 00:00:00+00:00
[2025-10-30T09:13:47.113+0000] {processor.py:183} INFO - Processing /opt/airflow/dags/data_ingestion.py took 0.790 seconds
[2025-10-30T09:14:17.627+0000] {processor.py:161} INFO - Started process (PID=12728) to work on /opt/airflow/dags/data_ingestion.py
[2025-10-30T09:14:17.630+0000] {processor.py:830} INFO - Processing file /opt/airflow/dags/data_ingestion.py for tasks to queue
[2025-10-30T09:14:17.634+0000] {logging_mixin.py:188} INFO - [2025-10-30T09:14:17.633+0000] {dagbag.py:545} INFO - Filling up the DagBag from /opt/airflow/dags/data_ingestion.py
[2025-10-30T09:14:18.346+0000] {processor.py:840} INFO - DAG(s) 'police_data_ingestion' retrieved from /opt/airflow/dags/data_ingestion.py
[2025-10-30T09:14:18.421+0000] {logging_mixin.py:188} INFO - [2025-10-30T09:14:18.420+0000] {dag.py:3096} INFO - Sync 1 DAGs
[2025-10-30T09:14:18.479+0000] {logging_mixin.py:188} INFO - [2025-10-30T09:14:18.478+0000] {dag.py:3954} INFO - Setting next_dagrun for police_data_ingestion to 2025-11-01 00:00:00+00:00, run_after=2025-12-01 00:00:00+00:00
[2025-10-30T09:14:18.544+0000] {processor.py:183} INFO - Processing /opt/airflow/dags/data_ingestion.py took 0.930 seconds
[2025-10-30T09:14:49.168+0000] {processor.py:161} INFO - Started process (PID=12740) to work on /opt/airflow/dags/data_ingestion.py
[2025-10-30T09:14:49.170+0000] {processor.py:830} INFO - Processing file /opt/airflow/dags/data_ingestion.py for tasks to queue
[2025-10-30T09:14:49.173+0000] {logging_mixin.py:188} INFO - [2025-10-30T09:14:49.173+0000] {dagbag.py:545} INFO - Filling up the DagBag from /opt/airflow/dags/data_ingestion.py
[2025-10-30T09:14:49.785+0000] {processor.py:840} INFO - DAG(s) 'police_data_ingestion' retrieved from /opt/airflow/dags/data_ingestion.py
[2025-10-30T09:14:49.841+0000] {logging_mixin.py:188} INFO - [2025-10-30T09:14:49.841+0000] {dag.py:3096} INFO - Sync 1 DAGs
[2025-10-30T09:14:49.883+0000] {logging_mixin.py:188} INFO - [2025-10-30T09:14:49.882+0000] {dag.py:3954} INFO - Setting next_dagrun for police_data_ingestion to 2025-11-01 00:00:00+00:00, run_after=2025-12-01 00:00:00+00:00
[2025-10-30T09:14:49.947+0000] {processor.py:183} INFO - Processing /opt/airflow/dags/data_ingestion.py took 0.791 seconds
[2025-10-30T09:15:20.535+0000] {processor.py:161} INFO - Started process (PID=12752) to work on /opt/airflow/dags/data_ingestion.py
[2025-10-30T09:15:20.538+0000] {processor.py:830} INFO - Processing file /opt/airflow/dags/data_ingestion.py for tasks to queue
[2025-10-30T09:15:20.542+0000] {logging_mixin.py:188} INFO - [2025-10-30T09:15:20.541+0000] {dagbag.py:545} INFO - Filling up the DagBag from /opt/airflow/dags/data_ingestion.py
[2025-10-30T09:15:21.148+0000] {processor.py:840} INFO - DAG(s) 'police_data_ingestion' retrieved from /opt/airflow/dags/data_ingestion.py
[2025-10-30T09:15:21.202+0000] {logging_mixin.py:188} INFO - [2025-10-30T09:15:21.201+0000] {dag.py:3096} INFO - Sync 1 DAGs
[2025-10-30T09:15:21.243+0000] {logging_mixin.py:188} INFO - [2025-10-30T09:15:21.243+0000] {dag.py:3954} INFO - Setting next_dagrun for police_data_ingestion to 2025-11-01 00:00:00+00:00, run_after=2025-12-01 00:00:00+00:00
[2025-10-30T09:15:21.300+0000] {processor.py:183} INFO - Processing /opt/airflow/dags/data_ingestion.py took 0.778 seconds
[2025-10-30T09:15:51.972+0000] {processor.py:161} INFO - Started process (PID=12764) to work on /opt/airflow/dags/data_ingestion.py
[2025-10-30T09:15:51.974+0000] {processor.py:830} INFO - Processing file /opt/airflow/dags/data_ingestion.py for tasks to queue
[2025-10-30T09:15:51.979+0000] {logging_mixin.py:188} INFO - [2025-10-30T09:15:51.978+0000] {dagbag.py:545} INFO - Filling up the DagBag from /opt/airflow/dags/data_ingestion.py
[2025-10-30T09:15:52.625+0000] {processor.py:840} INFO - DAG(s) 'police_data_ingestion' retrieved from /opt/airflow/dags/data_ingestion.py
[2025-10-30T09:15:52.680+0000] {logging_mixin.py:188} INFO - [2025-10-30T09:15:52.680+0000] {dag.py:3096} INFO - Sync 1 DAGs
[2025-10-30T09:15:52.725+0000] {logging_mixin.py:188} INFO - [2025-10-30T09:15:52.724+0000] {dag.py:3954} INFO - Setting next_dagrun for police_data_ingestion to 2025-11-01 00:00:00+00:00, run_after=2025-12-01 00:00:00+00:00
[2025-10-30T09:15:52.760+0000] {processor.py:183} INFO - Processing /opt/airflow/dags/data_ingestion.py took 0.801 seconds
[2025-10-30T09:16:23.397+0000] {processor.py:161} INFO - Started process (PID=12776) to work on /opt/airflow/dags/data_ingestion.py
[2025-10-30T09:16:23.399+0000] {processor.py:830} INFO - Processing file /opt/airflow/dags/data_ingestion.py for tasks to queue
[2025-10-30T09:16:23.403+0000] {logging_mixin.py:188} INFO - [2025-10-30T09:16:23.402+0000] {dagbag.py:545} INFO - Filling up the DagBag from /opt/airflow/dags/data_ingestion.py
[2025-10-30T09:16:24.001+0000] {processor.py:840} INFO - DAG(s) 'police_data_ingestion' retrieved from /opt/airflow/dags/data_ingestion.py
[2025-10-30T09:16:24.060+0000] {logging_mixin.py:188} INFO - [2025-10-30T09:16:24.059+0000] {dag.py:3096} INFO - Sync 1 DAGs
[2025-10-30T09:16:24.114+0000] {logging_mixin.py:188} INFO - [2025-10-30T09:16:24.114+0000] {dag.py:3954} INFO - Setting next_dagrun for police_data_ingestion to 2025-11-01 00:00:00+00:00, run_after=2025-12-01 00:00:00+00:00
[2025-10-30T09:16:24.183+0000] {processor.py:183} INFO - Processing /opt/airflow/dags/data_ingestion.py took 0.798 seconds
[2025-10-30T09:16:54.888+0000] {processor.py:161} INFO - Started process (PID=12788) to work on /opt/airflow/dags/data_ingestion.py
[2025-10-30T09:16:54.890+0000] {processor.py:830} INFO - Processing file /opt/airflow/dags/data_ingestion.py for tasks to queue
[2025-10-30T09:16:54.894+0000] {logging_mixin.py:188} INFO - [2025-10-30T09:16:54.893+0000] {dagbag.py:545} INFO - Filling up the DagBag from /opt/airflow/dags/data_ingestion.py
[2025-10-30T09:16:55.502+0000] {processor.py:840} INFO - DAG(s) 'police_data_ingestion' retrieved from /opt/airflow/dags/data_ingestion.py
[2025-10-30T09:16:55.555+0000] {logging_mixin.py:188} INFO - [2025-10-30T09:16:55.554+0000] {dag.py:3096} INFO - Sync 1 DAGs
[2025-10-30T09:16:55.587+0000] {logging_mixin.py:188} INFO - [2025-10-30T09:16:55.587+0000] {dag.py:3954} INFO - Setting next_dagrun for police_data_ingestion to 2025-11-01 00:00:00+00:00, run_after=2025-12-01 00:00:00+00:00
[2025-10-30T09:16:55.649+0000] {processor.py:183} INFO - Processing /opt/airflow/dags/data_ingestion.py took 0.777 seconds
[2025-10-30T09:17:26.356+0000] {processor.py:161} INFO - Started process (PID=12800) to work on /opt/airflow/dags/data_ingestion.py
[2025-10-30T09:17:26.361+0000] {processor.py:830} INFO - Processing file /opt/airflow/dags/data_ingestion.py for tasks to queue
[2025-10-30T09:17:26.368+0000] {logging_mixin.py:188} INFO - [2025-10-30T09:17:26.367+0000] {dagbag.py:545} INFO - Filling up the DagBag from /opt/airflow/dags/data_ingestion.py
[2025-10-30T09:17:27.032+0000] {processor.py:840} INFO - DAG(s) 'police_data_ingestion' retrieved from /opt/airflow/dags/data_ingestion.py
[2025-10-30T09:17:27.092+0000] {logging_mixin.py:188} INFO - [2025-10-30T09:17:27.091+0000] {dag.py:3096} INFO - Sync 1 DAGs
[2025-10-30T09:17:27.134+0000] {logging_mixin.py:188} INFO - [2025-10-30T09:17:27.134+0000] {dag.py:3954} INFO - Setting next_dagrun for police_data_ingestion to 2025-11-01 00:00:00+00:00, run_after=2025-12-01 00:00:00+00:00
[2025-10-30T09:17:27.181+0000] {processor.py:183} INFO - Processing /opt/airflow/dags/data_ingestion.py took 0.846 seconds
[2025-10-30T09:17:57.814+0000] {processor.py:161} INFO - Started process (PID=12812) to work on /opt/airflow/dags/data_ingestion.py
[2025-10-30T09:17:57.816+0000] {processor.py:830} INFO - Processing file /opt/airflow/dags/data_ingestion.py for tasks to queue
[2025-10-30T09:17:57.820+0000] {logging_mixin.py:188} INFO - [2025-10-30T09:17:57.819+0000] {dagbag.py:545} INFO - Filling up the DagBag from /opt/airflow/dags/data_ingestion.py
[2025-10-30T09:17:58.389+0000] {processor.py:840} INFO - DAG(s) 'police_data_ingestion' retrieved from /opt/airflow/dags/data_ingestion.py
[2025-10-30T09:17:58.447+0000] {logging_mixin.py:188} INFO - [2025-10-30T09:17:58.447+0000] {dag.py:3096} INFO - Sync 1 DAGs
[2025-10-30T09:17:58.492+0000] {logging_mixin.py:188} INFO - [2025-10-30T09:17:58.492+0000] {dag.py:3954} INFO - Setting next_dagrun for police_data_ingestion to 2025-11-01 00:00:00+00:00, run_after=2025-12-01 00:00:00+00:00
[2025-10-30T09:17:58.528+0000] {processor.py:183} INFO - Processing /opt/airflow/dags/data_ingestion.py took 0.727 seconds
[2025-10-30T09:18:29.319+0000] {processor.py:161} INFO - Started process (PID=12824) to work on /opt/airflow/dags/data_ingestion.py
[2025-10-30T09:18:29.321+0000] {processor.py:830} INFO - Processing file /opt/airflow/dags/data_ingestion.py for tasks to queue
[2025-10-30T09:18:29.325+0000] {logging_mixin.py:188} INFO - [2025-10-30T09:18:29.324+0000] {dagbag.py:545} INFO - Filling up the DagBag from /opt/airflow/dags/data_ingestion.py
[2025-10-30T09:18:29.952+0000] {processor.py:840} INFO - DAG(s) 'police_data_ingestion' retrieved from /opt/airflow/dags/data_ingestion.py
[2025-10-30T09:18:30.008+0000] {logging_mixin.py:188} INFO - [2025-10-30T09:18:30.007+0000] {dag.py:3096} INFO - Sync 1 DAGs
[2025-10-30T09:18:30.049+0000] {logging_mixin.py:188} INFO - [2025-10-30T09:18:30.049+0000] {dag.py:3954} INFO - Setting next_dagrun for police_data_ingestion to 2025-11-01 00:00:00+00:00, run_after=2025-12-01 00:00:00+00:00
[2025-10-30T09:18:30.096+0000] {processor.py:183} INFO - Processing /opt/airflow/dags/data_ingestion.py took 0.789 seconds
[2025-10-30T09:19:00.960+0000] {processor.py:161} INFO - Started process (PID=12836) to work on /opt/airflow/dags/data_ingestion.py
[2025-10-30T09:19:00.964+0000] {processor.py:830} INFO - Processing file /opt/airflow/dags/data_ingestion.py for tasks to queue
[2025-10-30T09:19:00.970+0000] {logging_mixin.py:188} INFO - [2025-10-30T09:19:00.969+0000] {dagbag.py:545} INFO - Filling up the DagBag from /opt/airflow/dags/data_ingestion.py
[2025-10-30T09:19:01.628+0000] {processor.py:840} INFO - DAG(s) 'police_data_ingestion' retrieved from /opt/airflow/dags/data_ingestion.py
[2025-10-30T09:19:01.687+0000] {logging_mixin.py:188} INFO - [2025-10-30T09:19:01.687+0000] {dag.py:3096} INFO - Sync 1 DAGs
[2025-10-30T09:19:01.731+0000] {logging_mixin.py:188} INFO - [2025-10-30T09:19:01.731+0000] {dag.py:3954} INFO - Setting next_dagrun for police_data_ingestion to 2025-11-01 00:00:00+00:00, run_after=2025-12-01 00:00:00+00:00
[2025-10-30T09:19:01.783+0000] {processor.py:183} INFO - Processing /opt/airflow/dags/data_ingestion.py took 0.843 seconds
[2025-10-30T09:19:32.424+0000] {processor.py:161} INFO - Started process (PID=12848) to work on /opt/airflow/dags/data_ingestion.py
[2025-10-30T09:19:32.427+0000] {processor.py:830} INFO - Processing file /opt/airflow/dags/data_ingestion.py for tasks to queue
[2025-10-30T09:19:32.431+0000] {logging_mixin.py:188} INFO - [2025-10-30T09:19:32.430+0000] {dagbag.py:545} INFO - Filling up the DagBag from /opt/airflow/dags/data_ingestion.py
[2025-10-30T09:19:33.149+0000] {processor.py:840} INFO - DAG(s) 'police_data_ingestion' retrieved from /opt/airflow/dags/data_ingestion.py
[2025-10-30T09:19:33.203+0000] {logging_mixin.py:188} INFO - [2025-10-30T09:19:33.202+0000] {dag.py:3096} INFO - Sync 1 DAGs
[2025-10-30T09:19:33.238+0000] {logging_mixin.py:188} INFO - [2025-10-30T09:19:33.238+0000] {dag.py:3954} INFO - Setting next_dagrun for police_data_ingestion to 2025-11-01 00:00:00+00:00, run_after=2025-12-01 00:00:00+00:00
[2025-10-30T09:19:33.280+0000] {processor.py:183} INFO - Processing /opt/airflow/dags/data_ingestion.py took 0.870 seconds
[2025-10-30T09:20:03.948+0000] {processor.py:161} INFO - Started process (PID=12860) to work on /opt/airflow/dags/data_ingestion.py
[2025-10-30T09:20:03.951+0000] {processor.py:830} INFO - Processing file /opt/airflow/dags/data_ingestion.py for tasks to queue
[2025-10-30T09:20:03.955+0000] {logging_mixin.py:188} INFO - [2025-10-30T09:20:03.954+0000] {dagbag.py:545} INFO - Filling up the DagBag from /opt/airflow/dags/data_ingestion.py
[2025-10-30T09:20:04.563+0000] {processor.py:840} INFO - DAG(s) 'police_data_ingestion' retrieved from /opt/airflow/dags/data_ingestion.py
[2025-10-30T09:20:04.618+0000] {logging_mixin.py:188} INFO - [2025-10-30T09:20:04.617+0000] {dag.py:3096} INFO - Sync 1 DAGs
[2025-10-30T09:20:04.664+0000] {logging_mixin.py:188} INFO - [2025-10-30T09:20:04.663+0000] {dag.py:3954} INFO - Setting next_dagrun for police_data_ingestion to 2025-11-01 00:00:00+00:00, run_after=2025-12-01 00:00:00+00:00
[2025-10-30T09:20:04.729+0000] {processor.py:183} INFO - Processing /opt/airflow/dags/data_ingestion.py took 0.792 seconds
[2025-10-30T09:20:35.456+0000] {processor.py:161} INFO - Started process (PID=12872) to work on /opt/airflow/dags/data_ingestion.py
[2025-10-30T09:20:35.459+0000] {processor.py:830} INFO - Processing file /opt/airflow/dags/data_ingestion.py for tasks to queue
[2025-10-30T09:20:35.463+0000] {logging_mixin.py:188} INFO - [2025-10-30T09:20:35.462+0000] {dagbag.py:545} INFO - Filling up the DagBag from /opt/airflow/dags/data_ingestion.py
[2025-10-30T09:20:36.094+0000] {processor.py:840} INFO - DAG(s) 'police_data_ingestion' retrieved from /opt/airflow/dags/data_ingestion.py
[2025-10-30T09:20:36.149+0000] {logging_mixin.py:188} INFO - [2025-10-30T09:20:36.149+0000] {dag.py:3096} INFO - Sync 1 DAGs
[2025-10-30T09:20:36.184+0000] {logging_mixin.py:188} INFO - [2025-10-30T09:20:36.184+0000] {dag.py:3954} INFO - Setting next_dagrun for police_data_ingestion to 2025-11-01 00:00:00+00:00, run_after=2025-12-01 00:00:00+00:00
[2025-10-30T09:20:36.225+0000] {processor.py:183} INFO - Processing /opt/airflow/dags/data_ingestion.py took 0.781 seconds
[2025-10-30T09:21:06.894+0000] {processor.py:161} INFO - Started process (PID=12884) to work on /opt/airflow/dags/data_ingestion.py
[2025-10-30T09:21:06.896+0000] {processor.py:830} INFO - Processing file /opt/airflow/dags/data_ingestion.py for tasks to queue
[2025-10-30T09:21:06.901+0000] {logging_mixin.py:188} INFO - [2025-10-30T09:21:06.900+0000] {dagbag.py:545} INFO - Filling up the DagBag from /opt/airflow/dags/data_ingestion.py
[2025-10-30T09:21:07.514+0000] {processor.py:840} INFO - DAG(s) 'police_data_ingestion' retrieved from /opt/airflow/dags/data_ingestion.py
[2025-10-30T09:21:07.575+0000] {logging_mixin.py:188} INFO - [2025-10-30T09:21:07.574+0000] {dag.py:3096} INFO - Sync 1 DAGs
[2025-10-30T09:21:07.620+0000] {logging_mixin.py:188} INFO - [2025-10-30T09:21:07.619+0000] {dag.py:3954} INFO - Setting next_dagrun for police_data_ingestion to 2025-11-01 00:00:00+00:00, run_after=2025-12-01 00:00:00+00:00
[2025-10-30T09:21:07.673+0000] {processor.py:183} INFO - Processing /opt/airflow/dags/data_ingestion.py took 0.791 seconds
[2025-10-30T09:21:38.221+0000] {processor.py:161} INFO - Started process (PID=12896) to work on /opt/airflow/dags/data_ingestion.py
[2025-10-30T09:21:38.224+0000] {processor.py:830} INFO - Processing file /opt/airflow/dags/data_ingestion.py for tasks to queue
[2025-10-30T09:21:38.229+0000] {logging_mixin.py:188} INFO - [2025-10-30T09:21:38.228+0000] {dagbag.py:545} INFO - Filling up the DagBag from /opt/airflow/dags/data_ingestion.py
[2025-10-30T09:21:39.002+0000] {processor.py:840} INFO - DAG(s) 'police_data_ingestion' retrieved from /opt/airflow/dags/data_ingestion.py
[2025-10-30T09:21:39.077+0000] {logging_mixin.py:188} INFO - [2025-10-30T09:21:39.076+0000] {dag.py:3096} INFO - Sync 1 DAGs
[2025-10-30T09:21:39.122+0000] {logging_mixin.py:188} INFO - [2025-10-30T09:21:39.122+0000] {dag.py:3954} INFO - Setting next_dagrun for police_data_ingestion to 2025-11-01 00:00:00+00:00, run_after=2025-12-01 00:00:00+00:00
[2025-10-30T09:21:39.173+0000] {processor.py:183} INFO - Processing /opt/airflow/dags/data_ingestion.py took 0.970 seconds
[2025-10-30T09:22:09.800+0000] {processor.py:161} INFO - Started process (PID=12908) to work on /opt/airflow/dags/data_ingestion.py
[2025-10-30T09:22:09.802+0000] {processor.py:830} INFO - Processing file /opt/airflow/dags/data_ingestion.py for tasks to queue
[2025-10-30T09:22:09.808+0000] {logging_mixin.py:188} INFO - [2025-10-30T09:22:09.807+0000] {dagbag.py:545} INFO - Filling up the DagBag from /opt/airflow/dags/data_ingestion.py
[2025-10-30T09:22:10.438+0000] {processor.py:840} INFO - DAG(s) 'police_data_ingestion' retrieved from /opt/airflow/dags/data_ingestion.py
[2025-10-30T09:22:10.524+0000] {logging_mixin.py:188} INFO - [2025-10-30T09:22:10.524+0000] {dag.py:3096} INFO - Sync 1 DAGs
[2025-10-30T09:22:10.577+0000] {logging_mixin.py:188} INFO - [2025-10-30T09:22:10.577+0000] {dag.py:3954} INFO - Setting next_dagrun for police_data_ingestion to 2025-11-01 00:00:00+00:00, run_after=2025-12-01 00:00:00+00:00
[2025-10-30T09:22:10.620+0000] {processor.py:183} INFO - Processing /opt/airflow/dags/data_ingestion.py took 0.833 seconds
[2025-10-30T09:22:41.164+0000] {processor.py:161} INFO - Started process (PID=12920) to work on /opt/airflow/dags/data_ingestion.py
[2025-10-30T09:22:41.167+0000] {processor.py:830} INFO - Processing file /opt/airflow/dags/data_ingestion.py for tasks to queue
[2025-10-30T09:22:41.172+0000] {logging_mixin.py:188} INFO - [2025-10-30T09:22:41.171+0000] {dagbag.py:545} INFO - Filling up the DagBag from /opt/airflow/dags/data_ingestion.py
[2025-10-30T09:22:41.985+0000] {processor.py:840} INFO - DAG(s) 'police_data_ingestion' retrieved from /opt/airflow/dags/data_ingestion.py
[2025-10-30T09:22:42.046+0000] {logging_mixin.py:188} INFO - [2025-10-30T09:22:42.045+0000] {dag.py:3096} INFO - Sync 1 DAGs
[2025-10-30T09:22:42.087+0000] {logging_mixin.py:188} INFO - [2025-10-30T09:22:42.086+0000] {dag.py:3954} INFO - Setting next_dagrun for police_data_ingestion to 2025-11-01 00:00:00+00:00, run_after=2025-12-01 00:00:00+00:00
[2025-10-30T09:22:42.134+0000] {processor.py:183} INFO - Processing /opt/airflow/dags/data_ingestion.py took 0.993 seconds
[2025-10-30T09:23:12.918+0000] {processor.py:161} INFO - Started process (PID=12932) to work on /opt/airflow/dags/data_ingestion.py
[2025-10-30T09:23:12.921+0000] {processor.py:830} INFO - Processing file /opt/airflow/dags/data_ingestion.py for tasks to queue
[2025-10-30T09:23:12.926+0000] {logging_mixin.py:188} INFO - [2025-10-30T09:23:12.925+0000] {dagbag.py:545} INFO - Filling up the DagBag from /opt/airflow/dags/data_ingestion.py
[2025-10-30T09:23:13.554+0000] {processor.py:840} INFO - DAG(s) 'police_data_ingestion' retrieved from /opt/airflow/dags/data_ingestion.py
[2025-10-30T09:23:13.613+0000] {logging_mixin.py:188} INFO - [2025-10-30T09:23:13.612+0000] {dag.py:3096} INFO - Sync 1 DAGs
[2025-10-30T09:23:13.648+0000] {logging_mixin.py:188} INFO - [2025-10-30T09:23:13.647+0000] {dag.py:3954} INFO - Setting next_dagrun for police_data_ingestion to 2025-11-01 00:00:00+00:00, run_after=2025-12-01 00:00:00+00:00
[2025-10-30T09:23:13.702+0000] {processor.py:183} INFO - Processing /opt/airflow/dags/data_ingestion.py took 0.802 seconds
[2025-10-30T09:23:44.316+0000] {processor.py:161} INFO - Started process (PID=12944) to work on /opt/airflow/dags/data_ingestion.py
[2025-10-30T09:23:44.319+0000] {processor.py:830} INFO - Processing file /opt/airflow/dags/data_ingestion.py for tasks to queue
[2025-10-30T09:23:44.322+0000] {logging_mixin.py:188} INFO - [2025-10-30T09:23:44.322+0000] {dagbag.py:545} INFO - Filling up the DagBag from /opt/airflow/dags/data_ingestion.py
[2025-10-30T09:23:45.009+0000] {processor.py:840} INFO - DAG(s) 'police_data_ingestion' retrieved from /opt/airflow/dags/data_ingestion.py
[2025-10-30T09:23:45.065+0000] {logging_mixin.py:188} INFO - [2025-10-30T09:23:45.064+0000] {dag.py:3096} INFO - Sync 1 DAGs
[2025-10-30T09:23:45.107+0000] {logging_mixin.py:188} INFO - [2025-10-30T09:23:45.107+0000] {dag.py:3954} INFO - Setting next_dagrun for police_data_ingestion to 2025-11-01 00:00:00+00:00, run_after=2025-12-01 00:00:00+00:00
[2025-10-30T09:23:45.150+0000] {processor.py:183} INFO - Processing /opt/airflow/dags/data_ingestion.py took 0.848 seconds
[2025-10-30T09:24:15.830+0000] {processor.py:161} INFO - Started process (PID=12956) to work on /opt/airflow/dags/data_ingestion.py
[2025-10-30T09:24:15.833+0000] {processor.py:830} INFO - Processing file /opt/airflow/dags/data_ingestion.py for tasks to queue
[2025-10-30T09:24:15.840+0000] {logging_mixin.py:188} INFO - [2025-10-30T09:24:15.839+0000] {dagbag.py:545} INFO - Filling up the DagBag from /opt/airflow/dags/data_ingestion.py
[2025-10-30T09:24:16.549+0000] {processor.py:840} INFO - DAG(s) 'police_data_ingestion' retrieved from /opt/airflow/dags/data_ingestion.py
[2025-10-30T09:24:16.623+0000] {logging_mixin.py:188} INFO - [2025-10-30T09:24:16.622+0000] {dag.py:3096} INFO - Sync 1 DAGs
[2025-10-30T09:24:16.685+0000] {logging_mixin.py:188} INFO - [2025-10-30T09:24:16.684+0000] {dag.py:3954} INFO - Setting next_dagrun for police_data_ingestion to 2025-11-01 00:00:00+00:00, run_after=2025-12-01 00:00:00+00:00
[2025-10-30T09:24:16.740+0000] {processor.py:183} INFO - Processing /opt/airflow/dags/data_ingestion.py took 0.932 seconds
[2025-10-30T09:24:47.310+0000] {processor.py:161} INFO - Started process (PID=12968) to work on /opt/airflow/dags/data_ingestion.py
[2025-10-30T09:24:47.313+0000] {processor.py:830} INFO - Processing file /opt/airflow/dags/data_ingestion.py for tasks to queue
[2025-10-30T09:24:47.318+0000] {logging_mixin.py:188} INFO - [2025-10-30T09:24:47.317+0000] {dagbag.py:545} INFO - Filling up the DagBag from /opt/airflow/dags/data_ingestion.py
[2025-10-30T09:24:48.009+0000] {processor.py:840} INFO - DAG(s) 'police_data_ingestion' retrieved from /opt/airflow/dags/data_ingestion.py
[2025-10-30T09:24:48.069+0000] {logging_mixin.py:188} INFO - [2025-10-30T09:24:48.069+0000] {dag.py:3096} INFO - Sync 1 DAGs
[2025-10-30T09:24:48.110+0000] {logging_mixin.py:188} INFO - [2025-10-30T09:24:48.109+0000] {dag.py:3954} INFO - Setting next_dagrun for police_data_ingestion to 2025-11-01 00:00:00+00:00, run_after=2025-12-01 00:00:00+00:00
[2025-10-30T09:24:48.190+0000] {processor.py:183} INFO - Processing /opt/airflow/dags/data_ingestion.py took 0.897 seconds
[2025-10-30T09:25:18.837+0000] {processor.py:161} INFO - Started process (PID=12980) to work on /opt/airflow/dags/data_ingestion.py
[2025-10-30T09:25:18.840+0000] {processor.py:830} INFO - Processing file /opt/airflow/dags/data_ingestion.py for tasks to queue
[2025-10-30T09:25:18.843+0000] {logging_mixin.py:188} INFO - [2025-10-30T09:25:18.843+0000] {dagbag.py:545} INFO - Filling up the DagBag from /opt/airflow/dags/data_ingestion.py
[2025-10-30T09:25:19.429+0000] {processor.py:840} INFO - DAG(s) 'police_data_ingestion' retrieved from /opt/airflow/dags/data_ingestion.py
[2025-10-30T09:25:19.482+0000] {logging_mixin.py:188} INFO - [2025-10-30T09:25:19.481+0000] {dag.py:3096} INFO - Sync 1 DAGs
[2025-10-30T09:25:19.516+0000] {logging_mixin.py:188} INFO - [2025-10-30T09:25:19.515+0000] {dag.py:3954} INFO - Setting next_dagrun for police_data_ingestion to 2025-11-01 00:00:00+00:00, run_after=2025-12-01 00:00:00+00:00
[2025-10-30T09:25:19.571+0000] {processor.py:183} INFO - Processing /opt/airflow/dags/data_ingestion.py took 0.746 seconds
[2025-10-30T09:25:50.113+0000] {processor.py:161} INFO - Started process (PID=12992) to work on /opt/airflow/dags/data_ingestion.py
[2025-10-30T09:25:50.116+0000] {processor.py:830} INFO - Processing file /opt/airflow/dags/data_ingestion.py for tasks to queue
[2025-10-30T09:25:50.121+0000] {logging_mixin.py:188} INFO - [2025-10-30T09:25:50.120+0000] {dagbag.py:545} INFO - Filling up the DagBag from /opt/airflow/dags/data_ingestion.py
[2025-10-30T09:25:50.880+0000] {processor.py:840} INFO - DAG(s) 'police_data_ingestion' retrieved from /opt/airflow/dags/data_ingestion.py
[2025-10-30T09:25:50.939+0000] {logging_mixin.py:188} INFO - [2025-10-30T09:25:50.938+0000] {dag.py:3096} INFO - Sync 1 DAGs
[2025-10-30T09:25:50.981+0000] {logging_mixin.py:188} INFO - [2025-10-30T09:25:50.981+0000] {dag.py:3954} INFO - Setting next_dagrun for police_data_ingestion to 2025-11-01 00:00:00+00:00, run_after=2025-12-01 00:00:00+00:00
[2025-10-30T09:25:51.028+0000] {processor.py:183} INFO - Processing /opt/airflow/dags/data_ingestion.py took 0.932 seconds
[2025-10-30T09:26:21.661+0000] {processor.py:161} INFO - Started process (PID=13004) to work on /opt/airflow/dags/data_ingestion.py
[2025-10-30T09:26:21.664+0000] {processor.py:830} INFO - Processing file /opt/airflow/dags/data_ingestion.py for tasks to queue
[2025-10-30T09:26:21.669+0000] {logging_mixin.py:188} INFO - [2025-10-30T09:26:21.668+0000] {dagbag.py:545} INFO - Filling up the DagBag from /opt/airflow/dags/data_ingestion.py
[2025-10-30T09:26:22.271+0000] {processor.py:840} INFO - DAG(s) 'police_data_ingestion' retrieved from /opt/airflow/dags/data_ingestion.py
[2025-10-30T09:26:22.325+0000] {logging_mixin.py:188} INFO - [2025-10-30T09:26:22.324+0000] {dag.py:3096} INFO - Sync 1 DAGs
[2025-10-30T09:26:22.369+0000] {logging_mixin.py:188} INFO - [2025-10-30T09:26:22.368+0000] {dag.py:3954} INFO - Setting next_dagrun for police_data_ingestion to 2025-11-01 00:00:00+00:00, run_after=2025-12-01 00:00:00+00:00
[2025-10-30T09:26:22.430+0000] {processor.py:183} INFO - Processing /opt/airflow/dags/data_ingestion.py took 0.786 seconds
[2025-10-30T09:26:53.100+0000] {processor.py:161} INFO - Started process (PID=13016) to work on /opt/airflow/dags/data_ingestion.py
[2025-10-30T09:26:53.103+0000] {processor.py:830} INFO - Processing file /opt/airflow/dags/data_ingestion.py for tasks to queue
[2025-10-30T09:26:53.108+0000] {logging_mixin.py:188} INFO - [2025-10-30T09:26:53.107+0000] {dagbag.py:545} INFO - Filling up the DagBag from /opt/airflow/dags/data_ingestion.py
[2025-10-30T09:26:53.782+0000] {processor.py:840} INFO - DAG(s) 'police_data_ingestion' retrieved from /opt/airflow/dags/data_ingestion.py
[2025-10-30T09:26:53.842+0000] {logging_mixin.py:188} INFO - [2025-10-30T09:26:53.841+0000] {dag.py:3096} INFO - Sync 1 DAGs
[2025-10-30T09:26:53.883+0000] {logging_mixin.py:188} INFO - [2025-10-30T09:26:53.883+0000] {dag.py:3954} INFO - Setting next_dagrun for police_data_ingestion to 2025-11-01 00:00:00+00:00, run_after=2025-12-01 00:00:00+00:00
[2025-10-30T09:26:53.933+0000] {processor.py:183} INFO - Processing /opt/airflow/dags/data_ingestion.py took 0.845 seconds
[2025-10-30T09:27:24.698+0000] {processor.py:161} INFO - Started process (PID=13028) to work on /opt/airflow/dags/data_ingestion.py
[2025-10-30T09:27:24.702+0000] {processor.py:830} INFO - Processing file /opt/airflow/dags/data_ingestion.py for tasks to queue
[2025-10-30T09:27:24.707+0000] {logging_mixin.py:188} INFO - [2025-10-30T09:27:24.706+0000] {dagbag.py:545} INFO - Filling up the DagBag from /opt/airflow/dags/data_ingestion.py
[2025-10-30T09:27:25.331+0000] {processor.py:840} INFO - DAG(s) 'police_data_ingestion' retrieved from /opt/airflow/dags/data_ingestion.py
[2025-10-30T09:27:25.390+0000] {logging_mixin.py:188} INFO - [2025-10-30T09:27:25.389+0000] {dag.py:3096} INFO - Sync 1 DAGs
[2025-10-30T09:27:25.429+0000] {logging_mixin.py:188} INFO - [2025-10-30T09:27:25.428+0000] {dag.py:3954} INFO - Setting next_dagrun for police_data_ingestion to 2025-11-01 00:00:00+00:00, run_after=2025-12-01 00:00:00+00:00
[2025-10-30T09:27:25.466+0000] {processor.py:183} INFO - Processing /opt/airflow/dags/data_ingestion.py took 0.785 seconds
[2025-10-30T09:27:56.062+0000] {processor.py:161} INFO - Started process (PID=13040) to work on /opt/airflow/dags/data_ingestion.py
[2025-10-30T09:27:56.065+0000] {processor.py:830} INFO - Processing file /opt/airflow/dags/data_ingestion.py for tasks to queue
[2025-10-30T09:27:56.069+0000] {logging_mixin.py:188} INFO - [2025-10-30T09:27:56.069+0000] {dagbag.py:545} INFO - Filling up the DagBag from /opt/airflow/dags/data_ingestion.py
[2025-10-30T09:27:56.674+0000] {processor.py:840} INFO - DAG(s) 'police_data_ingestion' retrieved from /opt/airflow/dags/data_ingestion.py
[2025-10-30T09:27:56.730+0000] {logging_mixin.py:188} INFO - [2025-10-30T09:27:56.729+0000] {dag.py:3096} INFO - Sync 1 DAGs
[2025-10-30T09:27:56.770+0000] {logging_mixin.py:188} INFO - [2025-10-30T09:27:56.769+0000] {dag.py:3954} INFO - Setting next_dagrun for police_data_ingestion to 2025-11-01 00:00:00+00:00, run_after=2025-12-01 00:00:00+00:00
[2025-10-30T09:27:56.819+0000] {processor.py:183} INFO - Processing /opt/airflow/dags/data_ingestion.py took 0.772 seconds
[2025-10-30T09:28:27.687+0000] {processor.py:161} INFO - Started process (PID=13052) to work on /opt/airflow/dags/data_ingestion.py
[2025-10-30T09:28:27.690+0000] {processor.py:830} INFO - Processing file /opt/airflow/dags/data_ingestion.py for tasks to queue
[2025-10-30T09:28:27.694+0000] {logging_mixin.py:188} INFO - [2025-10-30T09:28:27.693+0000] {dagbag.py:545} INFO - Filling up the DagBag from /opt/airflow/dags/data_ingestion.py
[2025-10-30T09:28:28.299+0000] {processor.py:840} INFO - DAG(s) 'police_data_ingestion' retrieved from /opt/airflow/dags/data_ingestion.py
[2025-10-30T09:28:28.351+0000] {logging_mixin.py:188} INFO - [2025-10-30T09:28:28.351+0000] {dag.py:3096} INFO - Sync 1 DAGs
[2025-10-30T09:28:28.393+0000] {logging_mixin.py:188} INFO - [2025-10-30T09:28:28.393+0000] {dag.py:3954} INFO - Setting next_dagrun for police_data_ingestion to 2025-11-01 00:00:00+00:00, run_after=2025-12-01 00:00:00+00:00
[2025-10-30T09:28:28.427+0000] {processor.py:183} INFO - Processing /opt/airflow/dags/data_ingestion.py took 0.752 seconds
[2025-10-30T09:28:59.066+0000] {processor.py:161} INFO - Started process (PID=13064) to work on /opt/airflow/dags/data_ingestion.py
[2025-10-30T09:28:59.069+0000] {processor.py:830} INFO - Processing file /opt/airflow/dags/data_ingestion.py for tasks to queue
[2025-10-30T09:28:59.073+0000] {logging_mixin.py:188} INFO - [2025-10-30T09:28:59.072+0000] {dagbag.py:545} INFO - Filling up the DagBag from /opt/airflow/dags/data_ingestion.py
[2025-10-30T09:28:59.696+0000] {processor.py:840} INFO - DAG(s) 'police_data_ingestion' retrieved from /opt/airflow/dags/data_ingestion.py
[2025-10-30T09:28:59.747+0000] {logging_mixin.py:188} INFO - [2025-10-30T09:28:59.746+0000] {dag.py:3096} INFO - Sync 1 DAGs
[2025-10-30T09:28:59.787+0000] {logging_mixin.py:188} INFO - [2025-10-30T09:28:59.787+0000] {dag.py:3954} INFO - Setting next_dagrun for police_data_ingestion to 2025-11-01 00:00:00+00:00, run_after=2025-12-01 00:00:00+00:00
[2025-10-30T09:28:59.851+0000] {processor.py:183} INFO - Processing /opt/airflow/dags/data_ingestion.py took 0.797 seconds
[2025-10-30T09:29:30.505+0000] {processor.py:161} INFO - Started process (PID=13076) to work on /opt/airflow/dags/data_ingestion.py
[2025-10-30T09:29:30.507+0000] {processor.py:830} INFO - Processing file /opt/airflow/dags/data_ingestion.py for tasks to queue
[2025-10-30T09:29:30.512+0000] {logging_mixin.py:188} INFO - [2025-10-30T09:29:30.511+0000] {dagbag.py:545} INFO - Filling up the DagBag from /opt/airflow/dags/data_ingestion.py
[2025-10-30T09:29:31.112+0000] {processor.py:840} INFO - DAG(s) 'police_data_ingestion' retrieved from /opt/airflow/dags/data_ingestion.py
[2025-10-30T09:29:31.165+0000] {logging_mixin.py:188} INFO - [2025-10-30T09:29:31.165+0000] {dag.py:3096} INFO - Sync 1 DAGs
[2025-10-30T09:29:31.202+0000] {logging_mixin.py:188} INFO - [2025-10-30T09:29:31.201+0000] {dag.py:3954} INFO - Setting next_dagrun for police_data_ingestion to 2025-11-01 00:00:00+00:00, run_after=2025-12-01 00:00:00+00:00
[2025-10-30T09:29:31.260+0000] {processor.py:183} INFO - Processing /opt/airflow/dags/data_ingestion.py took 0.771 seconds
[2025-10-30T09:30:01.932+0000] {processor.py:161} INFO - Started process (PID=13088) to work on /opt/airflow/dags/data_ingestion.py
[2025-10-30T09:30:01.935+0000] {processor.py:830} INFO - Processing file /opt/airflow/dags/data_ingestion.py for tasks to queue
[2025-10-30T09:30:01.939+0000] {logging_mixin.py:188} INFO - [2025-10-30T09:30:01.939+0000] {dagbag.py:545} INFO - Filling up the DagBag from /opt/airflow/dags/data_ingestion.py
[2025-10-30T09:30:02.575+0000] {processor.py:840} INFO - DAG(s) 'police_data_ingestion' retrieved from /opt/airflow/dags/data_ingestion.py
[2025-10-30T09:30:02.644+0000] {logging_mixin.py:188} INFO - [2025-10-30T09:30:02.643+0000] {dag.py:3096} INFO - Sync 1 DAGs
[2025-10-30T09:30:02.678+0000] {logging_mixin.py:188} INFO - [2025-10-30T09:30:02.678+0000] {dag.py:3954} INFO - Setting next_dagrun for police_data_ingestion to 2025-11-01 00:00:00+00:00, run_after=2025-12-01 00:00:00+00:00
[2025-10-30T09:30:02.732+0000] {processor.py:183} INFO - Processing /opt/airflow/dags/data_ingestion.py took 0.820 seconds
[2025-10-30T09:30:32.898+0000] {processor.py:161} INFO - Started process (PID=13100) to work on /opt/airflow/dags/data_ingestion.py
[2025-10-30T09:30:32.901+0000] {processor.py:830} INFO - Processing file /opt/airflow/dags/data_ingestion.py for tasks to queue
[2025-10-30T09:30:32.906+0000] {logging_mixin.py:188} INFO - [2025-10-30T09:30:32.905+0000] {dagbag.py:545} INFO - Filling up the DagBag from /opt/airflow/dags/data_ingestion.py
[2025-10-30T09:30:33.495+0000] {processor.py:840} INFO - DAG(s) 'police_data_ingestion' retrieved from /opt/airflow/dags/data_ingestion.py
[2025-10-30T09:30:33.571+0000] {logging_mixin.py:188} INFO - [2025-10-30T09:30:33.571+0000] {dag.py:3096} INFO - Sync 1 DAGs
[2025-10-30T09:30:33.615+0000] {logging_mixin.py:188} INFO - [2025-10-30T09:30:33.615+0000] {dag.py:3954} INFO - Setting next_dagrun for police_data_ingestion to 2025-11-01 00:00:00+00:00, run_after=2025-12-01 00:00:00+00:00
[2025-10-30T09:30:33.661+0000] {processor.py:183} INFO - Processing /opt/airflow/dags/data_ingestion.py took 0.777 seconds
[2025-10-30T09:31:03.833+0000] {processor.py:161} INFO - Started process (PID=13112) to work on /opt/airflow/dags/data_ingestion.py
[2025-10-30T09:31:03.836+0000] {processor.py:830} INFO - Processing file /opt/airflow/dags/data_ingestion.py for tasks to queue
[2025-10-30T09:31:03.841+0000] {logging_mixin.py:188} INFO - [2025-10-30T09:31:03.840+0000] {dagbag.py:545} INFO - Filling up the DagBag from /opt/airflow/dags/data_ingestion.py
[2025-10-30T09:31:04.396+0000] {processor.py:840} INFO - DAG(s) 'police_data_ingestion' retrieved from /opt/airflow/dags/data_ingestion.py
[2025-10-30T09:31:04.449+0000] {logging_mixin.py:188} INFO - [2025-10-30T09:31:04.448+0000] {dag.py:3096} INFO - Sync 1 DAGs
[2025-10-30T09:31:04.486+0000] {logging_mixin.py:188} INFO - [2025-10-30T09:31:04.486+0000] {dag.py:3954} INFO - Setting next_dagrun for police_data_ingestion to 2025-11-01 00:00:00+00:00, run_after=2025-12-01 00:00:00+00:00
[2025-10-30T09:31:04.525+0000] {processor.py:183} INFO - Processing /opt/airflow/dags/data_ingestion.py took 0.705 seconds
[2025-10-30T09:31:34.874+0000] {processor.py:161} INFO - Started process (PID=13124) to work on /opt/airflow/dags/data_ingestion.py
[2025-10-30T09:31:34.876+0000] {processor.py:830} INFO - Processing file /opt/airflow/dags/data_ingestion.py for tasks to queue
[2025-10-30T09:31:34.881+0000] {logging_mixin.py:188} INFO - [2025-10-30T09:31:34.880+0000] {dagbag.py:545} INFO - Filling up the DagBag from /opt/airflow/dags/data_ingestion.py
[2025-10-30T09:31:35.529+0000] {processor.py:840} INFO - DAG(s) 'police_data_ingestion' retrieved from /opt/airflow/dags/data_ingestion.py
[2025-10-30T09:31:35.606+0000] {logging_mixin.py:188} INFO - [2025-10-30T09:31:35.605+0000] {dag.py:3096} INFO - Sync 1 DAGs
[2025-10-30T09:31:35.655+0000] {logging_mixin.py:188} INFO - [2025-10-30T09:31:35.654+0000] {dag.py:3954} INFO - Setting next_dagrun for police_data_ingestion to 2025-11-01 00:00:00+00:00, run_after=2025-12-01 00:00:00+00:00
[2025-10-30T09:31:35.693+0000] {processor.py:183} INFO - Processing /opt/airflow/dags/data_ingestion.py took 0.832 seconds
[2025-10-30T09:32:06.250+0000] {processor.py:161} INFO - Started process (PID=13136) to work on /opt/airflow/dags/data_ingestion.py
[2025-10-30T09:32:06.253+0000] {processor.py:830} INFO - Processing file /opt/airflow/dags/data_ingestion.py for tasks to queue
[2025-10-30T09:32:06.258+0000] {logging_mixin.py:188} INFO - [2025-10-30T09:32:06.257+0000] {dagbag.py:545} INFO - Filling up the DagBag from /opt/airflow/dags/data_ingestion.py
[2025-10-30T09:32:07.105+0000] {processor.py:840} INFO - DAG(s) 'police_data_ingestion' retrieved from /opt/airflow/dags/data_ingestion.py
[2025-10-30T09:32:07.203+0000] {logging_mixin.py:188} INFO - [2025-10-30T09:32:07.201+0000] {dag.py:3096} INFO - Sync 1 DAGs
[2025-10-30T09:32:07.267+0000] {logging_mixin.py:188} INFO - [2025-10-30T09:32:07.267+0000] {dag.py:3954} INFO - Setting next_dagrun for police_data_ingestion to 2025-11-01 00:00:00+00:00, run_after=2025-12-01 00:00:00+00:00
[2025-10-30T09:32:07.326+0000] {processor.py:183} INFO - Processing /opt/airflow/dags/data_ingestion.py took 1.092 seconds
[2025-10-30T09:32:37.789+0000] {processor.py:161} INFO - Started process (PID=13148) to work on /opt/airflow/dags/data_ingestion.py
[2025-10-30T09:32:37.792+0000] {processor.py:830} INFO - Processing file /opt/airflow/dags/data_ingestion.py for tasks to queue
[2025-10-30T09:32:37.799+0000] {logging_mixin.py:188} INFO - [2025-10-30T09:32:37.797+0000] {dagbag.py:545} INFO - Filling up the DagBag from /opt/airflow/dags/data_ingestion.py
[2025-10-30T09:32:38.572+0000] {processor.py:840} INFO - DAG(s) 'police_data_ingestion' retrieved from /opt/airflow/dags/data_ingestion.py
[2025-10-30T09:32:38.650+0000] {logging_mixin.py:188} INFO - [2025-10-30T09:32:38.649+0000] {dag.py:3096} INFO - Sync 1 DAGs
[2025-10-30T09:32:38.704+0000] {logging_mixin.py:188} INFO - [2025-10-30T09:32:38.704+0000] {dag.py:3954} INFO - Setting next_dagrun for police_data_ingestion to 2025-11-01 00:00:00+00:00, run_after=2025-12-01 00:00:00+00:00
[2025-10-30T09:32:38.755+0000] {processor.py:183} INFO - Processing /opt/airflow/dags/data_ingestion.py took 0.987 seconds
[2025-10-30T09:33:09.531+0000] {processor.py:161} INFO - Started process (PID=13160) to work on /opt/airflow/dags/data_ingestion.py
[2025-10-30T09:33:09.536+0000] {processor.py:830} INFO - Processing file /opt/airflow/dags/data_ingestion.py for tasks to queue
[2025-10-30T09:33:09.544+0000] {logging_mixin.py:188} INFO - [2025-10-30T09:33:09.543+0000] {dagbag.py:545} INFO - Filling up the DagBag from /opt/airflow/dags/data_ingestion.py
[2025-10-30T09:33:10.253+0000] {processor.py:840} INFO - DAG(s) 'police_data_ingestion' retrieved from /opt/airflow/dags/data_ingestion.py
[2025-10-30T09:33:10.329+0000] {logging_mixin.py:188} INFO - [2025-10-30T09:33:10.328+0000] {dag.py:3096} INFO - Sync 1 DAGs
[2025-10-30T09:33:10.375+0000] {logging_mixin.py:188} INFO - [2025-10-30T09:33:10.375+0000] {dag.py:3954} INFO - Setting next_dagrun for police_data_ingestion to 2025-11-01 00:00:00+00:00, run_after=2025-12-01 00:00:00+00:00
[2025-10-30T09:33:10.416+0000] {processor.py:183} INFO - Processing /opt/airflow/dags/data_ingestion.py took 0.911 seconds
[2025-10-30T09:33:41.097+0000] {processor.py:161} INFO - Started process (PID=13172) to work on /opt/airflow/dags/data_ingestion.py
[2025-10-30T09:33:41.100+0000] {processor.py:830} INFO - Processing file /opt/airflow/dags/data_ingestion.py for tasks to queue
[2025-10-30T09:33:41.105+0000] {logging_mixin.py:188} INFO - [2025-10-30T09:33:41.104+0000] {dagbag.py:545} INFO - Filling up the DagBag from /opt/airflow/dags/data_ingestion.py
[2025-10-30T09:33:41.887+0000] {processor.py:840} INFO - DAG(s) 'police_data_ingestion' retrieved from /opt/airflow/dags/data_ingestion.py
[2025-10-30T09:33:41.947+0000] {logging_mixin.py:188} INFO - [2025-10-30T09:33:41.946+0000] {dag.py:3096} INFO - Sync 1 DAGs
[2025-10-30T09:33:41.991+0000] {logging_mixin.py:188} INFO - [2025-10-30T09:33:41.990+0000] {dag.py:3954} INFO - Setting next_dagrun for police_data_ingestion to 2025-11-01 00:00:00+00:00, run_after=2025-12-01 00:00:00+00:00
[2025-10-30T09:33:42.035+0000] {processor.py:183} INFO - Processing /opt/airflow/dags/data_ingestion.py took 0.954 seconds
[2025-10-30T09:34:12.633+0000] {processor.py:161} INFO - Started process (PID=13184) to work on /opt/airflow/dags/data_ingestion.py
[2025-10-30T09:34:12.637+0000] {processor.py:830} INFO - Processing file /opt/airflow/dags/data_ingestion.py for tasks to queue
[2025-10-30T09:34:12.648+0000] {logging_mixin.py:188} INFO - [2025-10-30T09:34:12.643+0000] {dagbag.py:545} INFO - Filling up the DagBag from /opt/airflow/dags/data_ingestion.py
[2025-10-30T09:34:13.399+0000] {processor.py:840} INFO - DAG(s) 'police_data_ingestion' retrieved from /opt/airflow/dags/data_ingestion.py
[2025-10-30T09:34:13.460+0000] {logging_mixin.py:188} INFO - [2025-10-30T09:34:13.459+0000] {dag.py:3096} INFO - Sync 1 DAGs
[2025-10-30T09:34:13.512+0000] {logging_mixin.py:188} INFO - [2025-10-30T09:34:13.511+0000] {dag.py:3954} INFO - Setting next_dagrun for police_data_ingestion to 2025-11-01 00:00:00+00:00, run_after=2025-12-01 00:00:00+00:00
[2025-10-30T09:34:13.552+0000] {processor.py:183} INFO - Processing /opt/airflow/dags/data_ingestion.py took 0.941 seconds
[2025-10-30T09:34:44.177+0000] {processor.py:161} INFO - Started process (PID=13196) to work on /opt/airflow/dags/data_ingestion.py
[2025-10-30T09:34:44.179+0000] {processor.py:830} INFO - Processing file /opt/airflow/dags/data_ingestion.py for tasks to queue
[2025-10-30T09:34:44.183+0000] {logging_mixin.py:188} INFO - [2025-10-30T09:34:44.182+0000] {dagbag.py:545} INFO - Filling up the DagBag from /opt/airflow/dags/data_ingestion.py
[2025-10-30T09:34:44.862+0000] {processor.py:840} INFO - DAG(s) 'police_data_ingestion' retrieved from /opt/airflow/dags/data_ingestion.py
[2025-10-30T09:34:44.920+0000] {logging_mixin.py:188} INFO - [2025-10-30T09:34:44.919+0000] {dag.py:3096} INFO - Sync 1 DAGs
[2025-10-30T09:34:44.961+0000] {logging_mixin.py:188} INFO - [2025-10-30T09:34:44.961+0000] {dag.py:3954} INFO - Setting next_dagrun for police_data_ingestion to 2025-11-01 00:00:00+00:00, run_after=2025-12-01 00:00:00+00:00
[2025-10-30T09:34:45.015+0000] {processor.py:183} INFO - Processing /opt/airflow/dags/data_ingestion.py took 0.851 seconds
[2025-10-30T09:35:15.649+0000] {processor.py:161} INFO - Started process (PID=13208) to work on /opt/airflow/dags/data_ingestion.py
[2025-10-30T09:35:15.651+0000] {processor.py:830} INFO - Processing file /opt/airflow/dags/data_ingestion.py for tasks to queue
[2025-10-30T09:35:15.655+0000] {logging_mixin.py:188} INFO - [2025-10-30T09:35:15.654+0000] {dagbag.py:545} INFO - Filling up the DagBag from /opt/airflow/dags/data_ingestion.py
[2025-10-30T09:35:16.259+0000] {processor.py:840} INFO - DAG(s) 'police_data_ingestion' retrieved from /opt/airflow/dags/data_ingestion.py
[2025-10-30T09:35:16.317+0000] {logging_mixin.py:188} INFO - [2025-10-30T09:35:16.316+0000] {dag.py:3096} INFO - Sync 1 DAGs
[2025-10-30T09:35:16.361+0000] {logging_mixin.py:188} INFO - [2025-10-30T09:35:16.361+0000] {dag.py:3954} INFO - Setting next_dagrun for police_data_ingestion to 2025-11-01 00:00:00+00:00, run_after=2025-12-01 00:00:00+00:00
[2025-10-30T09:35:16.421+0000] {processor.py:183} INFO - Processing /opt/airflow/dags/data_ingestion.py took 0.788 seconds
[2025-10-30T09:35:47.016+0000] {processor.py:161} INFO - Started process (PID=13220) to work on /opt/airflow/dags/data_ingestion.py
[2025-10-30T09:35:47.018+0000] {processor.py:830} INFO - Processing file /opt/airflow/dags/data_ingestion.py for tasks to queue
[2025-10-30T09:35:47.022+0000] {logging_mixin.py:188} INFO - [2025-10-30T09:35:47.021+0000] {dagbag.py:545} INFO - Filling up the DagBag from /opt/airflow/dags/data_ingestion.py
[2025-10-30T09:35:47.791+0000] {processor.py:840} INFO - DAG(s) 'police_data_ingestion' retrieved from /opt/airflow/dags/data_ingestion.py
[2025-10-30T09:35:47.861+0000] {logging_mixin.py:188} INFO - [2025-10-30T09:35:47.860+0000] {dag.py:3096} INFO - Sync 1 DAGs
[2025-10-30T09:35:47.905+0000] {logging_mixin.py:188} INFO - [2025-10-30T09:35:47.904+0000] {dag.py:3954} INFO - Setting next_dagrun for police_data_ingestion to 2025-11-01 00:00:00+00:00, run_after=2025-12-01 00:00:00+00:00
[2025-10-30T09:35:47.957+0000] {processor.py:183} INFO - Processing /opt/airflow/dags/data_ingestion.py took 0.954 seconds
[2025-10-30T09:36:18.510+0000] {processor.py:161} INFO - Started process (PID=13232) to work on /opt/airflow/dags/data_ingestion.py
[2025-10-30T09:36:18.513+0000] {processor.py:830} INFO - Processing file /opt/airflow/dags/data_ingestion.py for tasks to queue
[2025-10-30T09:36:18.517+0000] {logging_mixin.py:188} INFO - [2025-10-30T09:36:18.516+0000] {dagbag.py:545} INFO - Filling up the DagBag from /opt/airflow/dags/data_ingestion.py
[2025-10-30T09:36:19.142+0000] {processor.py:840} INFO - DAG(s) 'police_data_ingestion' retrieved from /opt/airflow/dags/data_ingestion.py
[2025-10-30T09:36:19.207+0000] {logging_mixin.py:188} INFO - [2025-10-30T09:36:19.206+0000] {dag.py:3096} INFO - Sync 1 DAGs
[2025-10-30T09:36:19.256+0000] {logging_mixin.py:188} INFO - [2025-10-30T09:36:19.255+0000] {dag.py:3954} INFO - Setting next_dagrun for police_data_ingestion to 2025-11-01 00:00:00+00:00, run_after=2025-12-01 00:00:00+00:00
[2025-10-30T09:36:19.314+0000] {processor.py:183} INFO - Processing /opt/airflow/dags/data_ingestion.py took 0.818 seconds
[2025-10-30T09:36:49.950+0000] {processor.py:161} INFO - Started process (PID=13244) to work on /opt/airflow/dags/data_ingestion.py
[2025-10-30T09:36:49.952+0000] {processor.py:830} INFO - Processing file /opt/airflow/dags/data_ingestion.py for tasks to queue
[2025-10-30T09:36:49.956+0000] {logging_mixin.py:188} INFO - [2025-10-30T09:36:49.955+0000] {dagbag.py:545} INFO - Filling up the DagBag from /opt/airflow/dags/data_ingestion.py
[2025-10-30T09:36:50.692+0000] {processor.py:840} INFO - DAG(s) 'police_data_ingestion' retrieved from /opt/airflow/dags/data_ingestion.py
[2025-10-30T09:36:50.753+0000] {logging_mixin.py:188} INFO - [2025-10-30T09:36:50.752+0000] {dag.py:3096} INFO - Sync 1 DAGs
[2025-10-30T09:36:50.812+0000] {logging_mixin.py:188} INFO - [2025-10-30T09:36:50.812+0000] {dag.py:3954} INFO - Setting next_dagrun for police_data_ingestion to 2025-11-01 00:00:00+00:00, run_after=2025-12-01 00:00:00+00:00
[2025-10-30T09:36:50.862+0000] {processor.py:183} INFO - Processing /opt/airflow/dags/data_ingestion.py took 0.924 seconds
[2025-10-30T09:37:21.550+0000] {processor.py:161} INFO - Started process (PID=13256) to work on /opt/airflow/dags/data_ingestion.py
[2025-10-30T09:37:21.553+0000] {processor.py:830} INFO - Processing file /opt/airflow/dags/data_ingestion.py for tasks to queue
[2025-10-30T09:37:21.559+0000] {logging_mixin.py:188} INFO - [2025-10-30T09:37:21.557+0000] {dagbag.py:545} INFO - Filling up the DagBag from /opt/airflow/dags/data_ingestion.py
[2025-10-30T09:37:22.212+0000] {processor.py:840} INFO - DAG(s) 'police_data_ingestion' retrieved from /opt/airflow/dags/data_ingestion.py
[2025-10-30T09:37:22.271+0000] {logging_mixin.py:188} INFO - [2025-10-30T09:37:22.270+0000] {dag.py:3096} INFO - Sync 1 DAGs
[2025-10-30T09:37:22.320+0000] {logging_mixin.py:188} INFO - [2025-10-30T09:37:22.319+0000] {dag.py:3954} INFO - Setting next_dagrun for police_data_ingestion to 2025-11-01 00:00:00+00:00, run_after=2025-12-01 00:00:00+00:00
[2025-10-30T09:37:22.355+0000] {processor.py:183} INFO - Processing /opt/airflow/dags/data_ingestion.py took 0.820 seconds
[2025-10-30T09:37:53.018+0000] {processor.py:161} INFO - Started process (PID=13268) to work on /opt/airflow/dags/data_ingestion.py
[2025-10-30T09:37:53.020+0000] {processor.py:830} INFO - Processing file /opt/airflow/dags/data_ingestion.py for tasks to queue
[2025-10-30T09:37:53.025+0000] {logging_mixin.py:188} INFO - [2025-10-30T09:37:53.024+0000] {dagbag.py:545} INFO - Filling up the DagBag from /opt/airflow/dags/data_ingestion.py
[2025-10-30T09:37:53.613+0000] {processor.py:840} INFO - DAG(s) 'police_data_ingestion' retrieved from /opt/airflow/dags/data_ingestion.py
[2025-10-30T09:37:53.672+0000] {logging_mixin.py:188} INFO - [2025-10-30T09:37:53.671+0000] {dag.py:3096} INFO - Sync 1 DAGs
[2025-10-30T09:37:53.717+0000] {logging_mixin.py:188} INFO - [2025-10-30T09:37:53.716+0000] {dag.py:3954} INFO - Setting next_dagrun for police_data_ingestion to 2025-11-01 00:00:00+00:00, run_after=2025-12-01 00:00:00+00:00
[2025-10-30T09:37:53.767+0000] {processor.py:183} INFO - Processing /opt/airflow/dags/data_ingestion.py took 0.762 seconds
[2025-10-30T09:38:24.361+0000] {processor.py:161} INFO - Started process (PID=13280) to work on /opt/airflow/dags/data_ingestion.py
[2025-10-30T09:38:24.366+0000] {processor.py:830} INFO - Processing file /opt/airflow/dags/data_ingestion.py for tasks to queue
[2025-10-30T09:38:24.373+0000] {logging_mixin.py:188} INFO - [2025-10-30T09:38:24.372+0000] {dagbag.py:545} INFO - Filling up the DagBag from /opt/airflow/dags/data_ingestion.py
[2025-10-30T09:38:25.096+0000] {processor.py:840} INFO - DAG(s) 'police_data_ingestion' retrieved from /opt/airflow/dags/data_ingestion.py
[2025-10-30T09:38:25.151+0000] {logging_mixin.py:188} INFO - [2025-10-30T09:38:25.150+0000] {dag.py:3096} INFO - Sync 1 DAGs
[2025-10-30T09:38:25.188+0000] {logging_mixin.py:188} INFO - [2025-10-30T09:38:25.187+0000] {dag.py:3954} INFO - Setting next_dagrun for police_data_ingestion to 2025-11-01 00:00:00+00:00, run_after=2025-12-01 00:00:00+00:00
[2025-10-30T09:38:25.241+0000] {processor.py:183} INFO - Processing /opt/airflow/dags/data_ingestion.py took 0.906 seconds
[2025-10-30T09:38:55.929+0000] {processor.py:161} INFO - Started process (PID=13292) to work on /opt/airflow/dags/data_ingestion.py
[2025-10-30T09:38:55.932+0000] {processor.py:830} INFO - Processing file /opt/airflow/dags/data_ingestion.py for tasks to queue
[2025-10-30T09:38:55.937+0000] {logging_mixin.py:188} INFO - [2025-10-30T09:38:55.936+0000] {dagbag.py:545} INFO - Filling up the DagBag from /opt/airflow/dags/data_ingestion.py
[2025-10-30T09:38:56.636+0000] {processor.py:840} INFO - DAG(s) 'police_data_ingestion' retrieved from /opt/airflow/dags/data_ingestion.py
[2025-10-30T09:38:56.705+0000] {logging_mixin.py:188} INFO - [2025-10-30T09:38:56.705+0000] {dag.py:3096} INFO - Sync 1 DAGs
[2025-10-30T09:38:56.746+0000] {logging_mixin.py:188} INFO - [2025-10-30T09:38:56.746+0000] {dag.py:3954} INFO - Setting next_dagrun for police_data_ingestion to 2025-11-01 00:00:00+00:00, run_after=2025-12-01 00:00:00+00:00
[2025-10-30T09:38:56.804+0000] {processor.py:183} INFO - Processing /opt/airflow/dags/data_ingestion.py took 0.891 seconds
[2025-10-30T09:39:27.448+0000] {processor.py:161} INFO - Started process (PID=13304) to work on /opt/airflow/dags/data_ingestion.py
[2025-10-30T09:39:27.450+0000] {processor.py:830} INFO - Processing file /opt/airflow/dags/data_ingestion.py for tasks to queue
[2025-10-30T09:39:27.456+0000] {logging_mixin.py:188} INFO - [2025-10-30T09:39:27.455+0000] {dagbag.py:545} INFO - Filling up the DagBag from /opt/airflow/dags/data_ingestion.py
[2025-10-30T09:39:28.065+0000] {processor.py:840} INFO - DAG(s) 'police_data_ingestion' retrieved from /opt/airflow/dags/data_ingestion.py
[2025-10-30T09:39:28.123+0000] {logging_mixin.py:188} INFO - [2025-10-30T09:39:28.122+0000] {dag.py:3096} INFO - Sync 1 DAGs
[2025-10-30T09:39:28.171+0000] {logging_mixin.py:188} INFO - [2025-10-30T09:39:28.170+0000] {dag.py:3954} INFO - Setting next_dagrun for police_data_ingestion to 2025-11-01 00:00:00+00:00, run_after=2025-12-01 00:00:00+00:00
[2025-10-30T09:39:28.232+0000] {processor.py:183} INFO - Processing /opt/airflow/dags/data_ingestion.py took 0.804 seconds
[2025-10-30T09:39:58.898+0000] {processor.py:161} INFO - Started process (PID=13316) to work on /opt/airflow/dags/data_ingestion.py
[2025-10-30T09:39:58.901+0000] {processor.py:830} INFO - Processing file /opt/airflow/dags/data_ingestion.py for tasks to queue
[2025-10-30T09:39:58.905+0000] {logging_mixin.py:188} INFO - [2025-10-30T09:39:58.905+0000] {dagbag.py:545} INFO - Filling up the DagBag from /opt/airflow/dags/data_ingestion.py
[2025-10-30T09:39:59.513+0000] {processor.py:840} INFO - DAG(s) 'police_data_ingestion' retrieved from /opt/airflow/dags/data_ingestion.py
[2025-10-30T09:39:59.565+0000] {logging_mixin.py:188} INFO - [2025-10-30T09:39:59.565+0000] {dag.py:3096} INFO - Sync 1 DAGs
[2025-10-30T09:39:59.599+0000] {logging_mixin.py:188} INFO - [2025-10-30T09:39:59.599+0000] {dag.py:3954} INFO - Setting next_dagrun for police_data_ingestion to 2025-11-01 00:00:00+00:00, run_after=2025-12-01 00:00:00+00:00
[2025-10-30T09:39:59.659+0000] {processor.py:183} INFO - Processing /opt/airflow/dags/data_ingestion.py took 0.773 seconds
[2025-10-30T09:40:30.313+0000] {processor.py:161} INFO - Started process (PID=13328) to work on /opt/airflow/dags/data_ingestion.py
[2025-10-30T09:40:30.315+0000] {processor.py:830} INFO - Processing file /opt/airflow/dags/data_ingestion.py for tasks to queue
[2025-10-30T09:40:30.319+0000] {logging_mixin.py:188} INFO - [2025-10-30T09:40:30.319+0000] {dagbag.py:545} INFO - Filling up the DagBag from /opt/airflow/dags/data_ingestion.py
[2025-10-30T09:40:31.012+0000] {processor.py:840} INFO - DAG(s) 'police_data_ingestion' retrieved from /opt/airflow/dags/data_ingestion.py
[2025-10-30T09:40:31.070+0000] {logging_mixin.py:188} INFO - [2025-10-30T09:40:31.069+0000] {dag.py:3096} INFO - Sync 1 DAGs
[2025-10-30T09:40:31.107+0000] {logging_mixin.py:188} INFO - [2025-10-30T09:40:31.107+0000] {dag.py:3954} INFO - Setting next_dagrun for police_data_ingestion to 2025-11-01 00:00:00+00:00, run_after=2025-12-01 00:00:00+00:00
[2025-10-30T09:40:31.144+0000] {processor.py:183} INFO - Processing /opt/airflow/dags/data_ingestion.py took 0.843 seconds
[2025-10-30T09:41:01.750+0000] {processor.py:161} INFO - Started process (PID=13340) to work on /opt/airflow/dags/data_ingestion.py
[2025-10-30T09:41:01.752+0000] {processor.py:830} INFO - Processing file /opt/airflow/dags/data_ingestion.py for tasks to queue
[2025-10-30T09:41:01.756+0000] {logging_mixin.py:188} INFO - [2025-10-30T09:41:01.756+0000] {dagbag.py:545} INFO - Filling up the DagBag from /opt/airflow/dags/data_ingestion.py
[2025-10-30T09:41:02.325+0000] {processor.py:840} INFO - DAG(s) 'police_data_ingestion' retrieved from /opt/airflow/dags/data_ingestion.py
[2025-10-30T09:41:02.376+0000] {logging_mixin.py:188} INFO - [2025-10-30T09:41:02.376+0000] {dag.py:3096} INFO - Sync 1 DAGs
[2025-10-30T09:41:02.412+0000] {logging_mixin.py:188} INFO - [2025-10-30T09:41:02.412+0000] {dag.py:3954} INFO - Setting next_dagrun for police_data_ingestion to 2025-11-01 00:00:00+00:00, run_after=2025-12-01 00:00:00+00:00
[2025-10-30T09:41:02.461+0000] {processor.py:183} INFO - Processing /opt/airflow/dags/data_ingestion.py took 0.724 seconds
[2025-10-30T09:41:33.213+0000] {processor.py:161} INFO - Started process (PID=13352) to work on /opt/airflow/dags/data_ingestion.py
[2025-10-30T09:41:33.216+0000] {processor.py:830} INFO - Processing file /opt/airflow/dags/data_ingestion.py for tasks to queue
[2025-10-30T09:41:33.222+0000] {logging_mixin.py:188} INFO - [2025-10-30T09:41:33.221+0000] {dagbag.py:545} INFO - Filling up the DagBag from /opt/airflow/dags/data_ingestion.py
[2025-10-30T09:41:33.852+0000] {processor.py:840} INFO - DAG(s) 'police_data_ingestion' retrieved from /opt/airflow/dags/data_ingestion.py
[2025-10-30T09:41:33.914+0000] {logging_mixin.py:188} INFO - [2025-10-30T09:41:33.914+0000] {dag.py:3096} INFO - Sync 1 DAGs
[2025-10-30T09:41:33.949+0000] {logging_mixin.py:188} INFO - [2025-10-30T09:41:33.949+0000] {dag.py:3954} INFO - Setting next_dagrun for police_data_ingestion to 2025-11-01 00:00:00+00:00, run_after=2025-12-01 00:00:00+00:00
[2025-10-30T09:41:34.012+0000] {processor.py:183} INFO - Processing /opt/airflow/dags/data_ingestion.py took 0.817 seconds
[2025-10-30T09:42:04.659+0000] {processor.py:161} INFO - Started process (PID=13364) to work on /opt/airflow/dags/data_ingestion.py
[2025-10-30T09:42:04.661+0000] {processor.py:830} INFO - Processing file /opt/airflow/dags/data_ingestion.py for tasks to queue
[2025-10-30T09:42:04.666+0000] {logging_mixin.py:188} INFO - [2025-10-30T09:42:04.665+0000] {dagbag.py:545} INFO - Filling up the DagBag from /opt/airflow/dags/data_ingestion.py
[2025-10-30T09:42:05.292+0000] {processor.py:840} INFO - DAG(s) 'police_data_ingestion' retrieved from /opt/airflow/dags/data_ingestion.py
[2025-10-30T09:42:05.347+0000] {logging_mixin.py:188} INFO - [2025-10-30T09:42:05.346+0000] {dag.py:3096} INFO - Sync 1 DAGs
[2025-10-30T09:42:05.385+0000] {logging_mixin.py:188} INFO - [2025-10-30T09:42:05.384+0000] {dag.py:3954} INFO - Setting next_dagrun for police_data_ingestion to 2025-11-01 00:00:00+00:00, run_after=2025-12-01 00:00:00+00:00
[2025-10-30T09:42:05.431+0000] {processor.py:183} INFO - Processing /opt/airflow/dags/data_ingestion.py took 0.788 seconds
[2025-10-30T09:42:36.107+0000] {processor.py:161} INFO - Started process (PID=13376) to work on /opt/airflow/dags/data_ingestion.py
[2025-10-30T09:42:36.109+0000] {processor.py:830} INFO - Processing file /opt/airflow/dags/data_ingestion.py for tasks to queue
[2025-10-30T09:42:36.115+0000] {logging_mixin.py:188} INFO - [2025-10-30T09:42:36.114+0000] {dagbag.py:545} INFO - Filling up the DagBag from /opt/airflow/dags/data_ingestion.py
[2025-10-30T09:42:36.860+0000] {processor.py:840} INFO - DAG(s) 'police_data_ingestion' retrieved from /opt/airflow/dags/data_ingestion.py
[2025-10-30T09:42:36.916+0000] {logging_mixin.py:188} INFO - [2025-10-30T09:42:36.915+0000] {dag.py:3096} INFO - Sync 1 DAGs
[2025-10-30T09:42:36.968+0000] {logging_mixin.py:188} INFO - [2025-10-30T09:42:36.968+0000] {dag.py:3954} INFO - Setting next_dagrun for police_data_ingestion to 2025-11-01 00:00:00+00:00, run_after=2025-12-01 00:00:00+00:00
[2025-10-30T09:42:37.036+0000] {processor.py:183} INFO - Processing /opt/airflow/dags/data_ingestion.py took 0.945 seconds
[2025-10-30T09:43:07.794+0000] {processor.py:161} INFO - Started process (PID=13388) to work on /opt/airflow/dags/data_ingestion.py
[2025-10-30T09:43:07.798+0000] {processor.py:830} INFO - Processing file /opt/airflow/dags/data_ingestion.py for tasks to queue
[2025-10-30T09:43:07.804+0000] {logging_mixin.py:188} INFO - [2025-10-30T09:43:07.803+0000] {dagbag.py:545} INFO - Filling up the DagBag from /opt/airflow/dags/data_ingestion.py
[2025-10-30T09:43:08.421+0000] {processor.py:840} INFO - DAG(s) 'police_data_ingestion' retrieved from /opt/airflow/dags/data_ingestion.py
[2025-10-30T09:43:08.487+0000] {logging_mixin.py:188} INFO - [2025-10-30T09:43:08.486+0000] {dag.py:3096} INFO - Sync 1 DAGs
[2025-10-30T09:43:08.524+0000] {logging_mixin.py:188} INFO - [2025-10-30T09:43:08.523+0000] {dag.py:3954} INFO - Setting next_dagrun for police_data_ingestion to 2025-11-01 00:00:00+00:00, run_after=2025-12-01 00:00:00+00:00
[2025-10-30T09:43:08.573+0000] {processor.py:183} INFO - Processing /opt/airflow/dags/data_ingestion.py took 0.791 seconds
[2025-10-30T09:43:39.153+0000] {processor.py:161} INFO - Started process (PID=13400) to work on /opt/airflow/dags/data_ingestion.py
[2025-10-30T09:43:39.155+0000] {processor.py:830} INFO - Processing file /opt/airflow/dags/data_ingestion.py for tasks to queue
[2025-10-30T09:43:39.160+0000] {logging_mixin.py:188} INFO - [2025-10-30T09:43:39.159+0000] {dagbag.py:545} INFO - Filling up the DagBag from /opt/airflow/dags/data_ingestion.py
[2025-10-30T09:43:39.940+0000] {processor.py:840} INFO - DAG(s) 'police_data_ingestion' retrieved from /opt/airflow/dags/data_ingestion.py
[2025-10-30T09:43:40.001+0000] {logging_mixin.py:188} INFO - [2025-10-30T09:43:40.000+0000] {dag.py:3096} INFO - Sync 1 DAGs
[2025-10-30T09:43:40.037+0000] {logging_mixin.py:188} INFO - [2025-10-30T09:43:40.037+0000] {dag.py:3954} INFO - Setting next_dagrun for police_data_ingestion to 2025-11-01 00:00:00+00:00, run_after=2025-12-01 00:00:00+00:00
[2025-10-30T09:43:40.099+0000] {processor.py:183} INFO - Processing /opt/airflow/dags/data_ingestion.py took 0.960 seconds
[2025-10-30T09:44:10.734+0000] {processor.py:161} INFO - Started process (PID=13412) to work on /opt/airflow/dags/data_ingestion.py
[2025-10-30T09:44:10.738+0000] {processor.py:830} INFO - Processing file /opt/airflow/dags/data_ingestion.py for tasks to queue
[2025-10-30T09:44:10.747+0000] {logging_mixin.py:188} INFO - [2025-10-30T09:44:10.746+0000] {dagbag.py:545} INFO - Filling up the DagBag from /opt/airflow/dags/data_ingestion.py
[2025-10-30T09:44:11.390+0000] {processor.py:840} INFO - DAG(s) 'police_data_ingestion' retrieved from /opt/airflow/dags/data_ingestion.py
[2025-10-30T09:44:11.458+0000] {logging_mixin.py:188} INFO - [2025-10-30T09:44:11.458+0000] {dag.py:3096} INFO - Sync 1 DAGs
[2025-10-30T09:44:11.508+0000] {logging_mixin.py:188} INFO - [2025-10-30T09:44:11.507+0000] {dag.py:3954} INFO - Setting next_dagrun for police_data_ingestion to 2025-11-01 00:00:00+00:00, run_after=2025-12-01 00:00:00+00:00
[2025-10-30T09:44:11.554+0000] {processor.py:183} INFO - Processing /opt/airflow/dags/data_ingestion.py took 0.840 seconds
[2025-10-30T09:44:42.093+0000] {processor.py:161} INFO - Started process (PID=13424) to work on /opt/airflow/dags/data_ingestion.py
[2025-10-30T09:44:42.096+0000] {processor.py:830} INFO - Processing file /opt/airflow/dags/data_ingestion.py for tasks to queue
[2025-10-30T09:44:42.101+0000] {logging_mixin.py:188} INFO - [2025-10-30T09:44:42.100+0000] {dagbag.py:545} INFO - Filling up the DagBag from /opt/airflow/dags/data_ingestion.py
[2025-10-30T09:44:42.747+0000] {processor.py:840} INFO - DAG(s) 'police_data_ingestion' retrieved from /opt/airflow/dags/data_ingestion.py
[2025-10-30T09:44:42.806+0000] {logging_mixin.py:188} INFO - [2025-10-30T09:44:42.806+0000] {dag.py:3096} INFO - Sync 1 DAGs
[2025-10-30T09:44:42.845+0000] {logging_mixin.py:188} INFO - [2025-10-30T09:44:42.844+0000] {dag.py:3954} INFO - Setting next_dagrun for police_data_ingestion to 2025-11-01 00:00:00+00:00, run_after=2025-12-01 00:00:00+00:00
[2025-10-30T09:44:42.892+0000] {processor.py:183} INFO - Processing /opt/airflow/dags/data_ingestion.py took 0.826 seconds
[2025-10-30T09:45:13.685+0000] {processor.py:161} INFO - Started process (PID=13436) to work on /opt/airflow/dags/data_ingestion.py
[2025-10-30T09:45:13.687+0000] {processor.py:830} INFO - Processing file /opt/airflow/dags/data_ingestion.py for tasks to queue
[2025-10-30T09:45:13.691+0000] {logging_mixin.py:188} INFO - [2025-10-30T09:45:13.691+0000] {dagbag.py:545} INFO - Filling up the DagBag from /opt/airflow/dags/data_ingestion.py
[2025-10-30T09:45:14.341+0000] {processor.py:840} INFO - DAG(s) 'police_data_ingestion' retrieved from /opt/airflow/dags/data_ingestion.py
[2025-10-30T09:45:14.404+0000] {logging_mixin.py:188} INFO - [2025-10-30T09:45:14.403+0000] {dag.py:3096} INFO - Sync 1 DAGs
[2025-10-30T09:45:14.469+0000] {logging_mixin.py:188} INFO - [2025-10-30T09:45:14.469+0000] {dag.py:3954} INFO - Setting next_dagrun for police_data_ingestion to 2025-11-01 00:00:00+00:00, run_after=2025-12-01 00:00:00+00:00
[2025-10-30T09:45:14.530+0000] {processor.py:183} INFO - Processing /opt/airflow/dags/data_ingestion.py took 0.857 seconds
[2025-10-30T09:45:45.142+0000] {processor.py:161} INFO - Started process (PID=13448) to work on /opt/airflow/dags/data_ingestion.py
[2025-10-30T09:45:45.144+0000] {processor.py:830} INFO - Processing file /opt/airflow/dags/data_ingestion.py for tasks to queue
[2025-10-30T09:45:45.148+0000] {logging_mixin.py:188} INFO - [2025-10-30T09:45:45.147+0000] {dagbag.py:545} INFO - Filling up the DagBag from /opt/airflow/dags/data_ingestion.py
[2025-10-30T09:45:45.813+0000] {processor.py:840} INFO - DAG(s) 'police_data_ingestion' retrieved from /opt/airflow/dags/data_ingestion.py
[2025-10-30T09:45:45.871+0000] {logging_mixin.py:188} INFO - [2025-10-30T09:45:45.871+0000] {dag.py:3096} INFO - Sync 1 DAGs
[2025-10-30T09:45:45.913+0000] {logging_mixin.py:188} INFO - [2025-10-30T09:45:45.913+0000] {dag.py:3954} INFO - Setting next_dagrun for police_data_ingestion to 2025-11-01 00:00:00+00:00, run_after=2025-12-01 00:00:00+00:00
[2025-10-30T09:45:45.976+0000] {processor.py:183} INFO - Processing /opt/airflow/dags/data_ingestion.py took 0.850 seconds
[2025-10-30T09:46:16.589+0000] {processor.py:161} INFO - Started process (PID=13460) to work on /opt/airflow/dags/data_ingestion.py
[2025-10-30T09:46:16.592+0000] {processor.py:830} INFO - Processing file /opt/airflow/dags/data_ingestion.py for tasks to queue
[2025-10-30T09:46:16.595+0000] {logging_mixin.py:188} INFO - [2025-10-30T09:46:16.595+0000] {dagbag.py:545} INFO - Filling up the DagBag from /opt/airflow/dags/data_ingestion.py
[2025-10-30T09:46:17.167+0000] {processor.py:840} INFO - DAG(s) 'police_data_ingestion' retrieved from /opt/airflow/dags/data_ingestion.py
[2025-10-30T09:46:17.240+0000] {logging_mixin.py:188} INFO - [2025-10-30T09:46:17.240+0000] {dag.py:3096} INFO - Sync 1 DAGs
[2025-10-30T09:46:17.283+0000] {logging_mixin.py:188} INFO - [2025-10-30T09:46:17.283+0000] {dag.py:3954} INFO - Setting next_dagrun for police_data_ingestion to 2025-11-01 00:00:00+00:00, run_after=2025-12-01 00:00:00+00:00
[2025-10-30T09:46:17.330+0000] {processor.py:183} INFO - Processing /opt/airflow/dags/data_ingestion.py took 0.752 seconds
[2025-10-30T09:46:47.914+0000] {processor.py:161} INFO - Started process (PID=13472) to work on /opt/airflow/dags/data_ingestion.py
[2025-10-30T09:46:47.916+0000] {processor.py:830} INFO - Processing file /opt/airflow/dags/data_ingestion.py for tasks to queue
[2025-10-30T09:46:47.921+0000] {logging_mixin.py:188} INFO - [2025-10-30T09:46:47.920+0000] {dagbag.py:545} INFO - Filling up the DagBag from /opt/airflow/dags/data_ingestion.py
[2025-10-30T09:46:48.535+0000] {processor.py:840} INFO - DAG(s) 'police_data_ingestion' retrieved from /opt/airflow/dags/data_ingestion.py
[2025-10-30T09:46:48.595+0000] {logging_mixin.py:188} INFO - [2025-10-30T09:46:48.594+0000] {dag.py:3096} INFO - Sync 1 DAGs
[2025-10-30T09:46:48.640+0000] {logging_mixin.py:188} INFO - [2025-10-30T09:46:48.640+0000] {dag.py:3954} INFO - Setting next_dagrun for police_data_ingestion to 2025-11-01 00:00:00+00:00, run_after=2025-12-01 00:00:00+00:00
[2025-10-30T09:46:48.688+0000] {processor.py:183} INFO - Processing /opt/airflow/dags/data_ingestion.py took 0.787 seconds
[2025-10-30T09:47:19.330+0000] {processor.py:161} INFO - Started process (PID=13484) to work on /opt/airflow/dags/data_ingestion.py
[2025-10-30T09:47:19.333+0000] {processor.py:830} INFO - Processing file /opt/airflow/dags/data_ingestion.py for tasks to queue
[2025-10-30T09:47:19.337+0000] {logging_mixin.py:188} INFO - [2025-10-30T09:47:19.336+0000] {dagbag.py:545} INFO - Filling up the DagBag from /opt/airflow/dags/data_ingestion.py
[2025-10-30T09:47:19.899+0000] {processor.py:840} INFO - DAG(s) 'police_data_ingestion' retrieved from /opt/airflow/dags/data_ingestion.py
[2025-10-30T09:47:19.958+0000] {logging_mixin.py:188} INFO - [2025-10-30T09:47:19.958+0000] {dag.py:3096} INFO - Sync 1 DAGs
[2025-10-30T09:47:20.210+0000] {logging_mixin.py:188} INFO - [2025-10-30T09:47:20.210+0000] {dag.py:3954} INFO - Setting next_dagrun for police_data_ingestion to 2025-11-01 00:00:00+00:00, run_after=2025-12-01 00:00:00+00:00
[2025-10-30T09:47:20.247+0000] {processor.py:183} INFO - Processing /opt/airflow/dags/data_ingestion.py took 0.929 seconds
[2025-10-30T09:47:50.902+0000] {processor.py:161} INFO - Started process (PID=13496) to work on /opt/airflow/dags/data_ingestion.py
[2025-10-30T09:47:50.905+0000] {processor.py:830} INFO - Processing file /opt/airflow/dags/data_ingestion.py for tasks to queue
[2025-10-30T09:47:50.910+0000] {logging_mixin.py:188} INFO - [2025-10-30T09:47:50.909+0000] {dagbag.py:545} INFO - Filling up the DagBag from /opt/airflow/dags/data_ingestion.py
[2025-10-30T09:47:51.532+0000] {processor.py:840} INFO - DAG(s) 'police_data_ingestion' retrieved from /opt/airflow/dags/data_ingestion.py
[2025-10-30T09:47:51.590+0000] {logging_mixin.py:188} INFO - [2025-10-30T09:47:51.589+0000] {dag.py:3096} INFO - Sync 1 DAGs
[2025-10-30T09:47:51.630+0000] {logging_mixin.py:188} INFO - [2025-10-30T09:47:51.629+0000] {dag.py:3954} INFO - Setting next_dagrun for police_data_ingestion to 2025-11-01 00:00:00+00:00, run_after=2025-12-01 00:00:00+00:00
[2025-10-30T09:47:51.675+0000] {processor.py:183} INFO - Processing /opt/airflow/dags/data_ingestion.py took 0.787 seconds
[2025-10-30T09:48:22.491+0000] {processor.py:161} INFO - Started process (PID=13508) to work on /opt/airflow/dags/data_ingestion.py
[2025-10-30T09:48:22.493+0000] {processor.py:830} INFO - Processing file /opt/airflow/dags/data_ingestion.py for tasks to queue
[2025-10-30T09:48:22.498+0000] {logging_mixin.py:188} INFO - [2025-10-30T09:48:22.497+0000] {dagbag.py:545} INFO - Filling up the DagBag from /opt/airflow/dags/data_ingestion.py
[2025-10-30T09:48:23.165+0000] {processor.py:840} INFO - DAG(s) 'police_data_ingestion' retrieved from /opt/airflow/dags/data_ingestion.py
[2025-10-30T09:48:23.227+0000] {logging_mixin.py:188} INFO - [2025-10-30T09:48:23.226+0000] {dag.py:3096} INFO - Sync 1 DAGs
[2025-10-30T09:48:23.266+0000] {logging_mixin.py:188} INFO - [2025-10-30T09:48:23.266+0000] {dag.py:3954} INFO - Setting next_dagrun for police_data_ingestion to 2025-11-01 00:00:00+00:00, run_after=2025-12-01 00:00:00+00:00
[2025-10-30T09:48:23.304+0000] {processor.py:183} INFO - Processing /opt/airflow/dags/data_ingestion.py took 0.826 seconds
[2025-10-30T09:48:53.880+0000] {processor.py:161} INFO - Started process (PID=13520) to work on /opt/airflow/dags/data_ingestion.py
[2025-10-30T09:48:53.883+0000] {processor.py:830} INFO - Processing file /opt/airflow/dags/data_ingestion.py for tasks to queue
[2025-10-30T09:48:53.887+0000] {logging_mixin.py:188} INFO - [2025-10-30T09:48:53.886+0000] {dagbag.py:545} INFO - Filling up the DagBag from /opt/airflow/dags/data_ingestion.py
[2025-10-30T09:48:54.567+0000] {processor.py:840} INFO - DAG(s) 'police_data_ingestion' retrieved from /opt/airflow/dags/data_ingestion.py
[2025-10-30T09:48:54.623+0000] {logging_mixin.py:188} INFO - [2025-10-30T09:48:54.623+0000] {dag.py:3096} INFO - Sync 1 DAGs
[2025-10-30T09:48:54.662+0000] {logging_mixin.py:188} INFO - [2025-10-30T09:48:54.662+0000] {dag.py:3954} INFO - Setting next_dagrun for police_data_ingestion to 2025-11-01 00:00:00+00:00, run_after=2025-12-01 00:00:00+00:00
[2025-10-30T09:48:54.716+0000] {processor.py:183} INFO - Processing /opt/airflow/dags/data_ingestion.py took 0.848 seconds
[2025-10-30T09:49:25.356+0000] {processor.py:161} INFO - Started process (PID=13532) to work on /opt/airflow/dags/data_ingestion.py
[2025-10-30T09:49:25.359+0000] {processor.py:830} INFO - Processing file /opt/airflow/dags/data_ingestion.py for tasks to queue
[2025-10-30T09:49:25.362+0000] {logging_mixin.py:188} INFO - [2025-10-30T09:49:25.362+0000] {dagbag.py:545} INFO - Filling up the DagBag from /opt/airflow/dags/data_ingestion.py
[2025-10-30T09:49:25.947+0000] {processor.py:840} INFO - DAG(s) 'police_data_ingestion' retrieved from /opt/airflow/dags/data_ingestion.py
[2025-10-30T09:49:26.004+0000] {logging_mixin.py:188} INFO - [2025-10-30T09:49:26.003+0000] {dag.py:3096} INFO - Sync 1 DAGs
[2025-10-30T09:49:26.269+0000] {logging_mixin.py:188} INFO - [2025-10-30T09:49:26.268+0000] {dag.py:3954} INFO - Setting next_dagrun for police_data_ingestion to 2025-11-01 00:00:00+00:00, run_after=2025-12-01 00:00:00+00:00
[2025-10-30T09:49:26.316+0000] {processor.py:183} INFO - Processing /opt/airflow/dags/data_ingestion.py took 0.974 seconds
[2025-10-30T09:49:56.991+0000] {processor.py:161} INFO - Started process (PID=13544) to work on /opt/airflow/dags/data_ingestion.py
[2025-10-30T09:49:56.994+0000] {processor.py:830} INFO - Processing file /opt/airflow/dags/data_ingestion.py for tasks to queue
[2025-10-30T09:49:56.998+0000] {logging_mixin.py:188} INFO - [2025-10-30T09:49:56.997+0000] {dagbag.py:545} INFO - Filling up the DagBag from /opt/airflow/dags/data_ingestion.py
[2025-10-30T09:49:57.653+0000] {processor.py:840} INFO - DAG(s) 'police_data_ingestion' retrieved from /opt/airflow/dags/data_ingestion.py
[2025-10-30T09:49:57.720+0000] {logging_mixin.py:188} INFO - [2025-10-30T09:49:57.719+0000] {dag.py:3096} INFO - Sync 1 DAGs
[2025-10-30T09:49:57.760+0000] {logging_mixin.py:188} INFO - [2025-10-30T09:49:57.760+0000] {dag.py:3954} INFO - Setting next_dagrun for police_data_ingestion to 2025-11-01 00:00:00+00:00, run_after=2025-12-01 00:00:00+00:00
[2025-10-30T09:49:57.799+0000] {processor.py:183} INFO - Processing /opt/airflow/dags/data_ingestion.py took 0.822 seconds
[2025-10-30T09:50:28.349+0000] {processor.py:161} INFO - Started process (PID=13556) to work on /opt/airflow/dags/data_ingestion.py
[2025-10-30T09:50:28.351+0000] {processor.py:830} INFO - Processing file /opt/airflow/dags/data_ingestion.py for tasks to queue
[2025-10-30T09:50:28.355+0000] {logging_mixin.py:188} INFO - [2025-10-30T09:50:28.355+0000] {dagbag.py:545} INFO - Filling up the DagBag from /opt/airflow/dags/data_ingestion.py
[2025-10-30T09:50:28.945+0000] {processor.py:840} INFO - DAG(s) 'police_data_ingestion' retrieved from /opt/airflow/dags/data_ingestion.py
[2025-10-30T09:50:29.004+0000] {logging_mixin.py:188} INFO - [2025-10-30T09:50:29.003+0000] {dag.py:3096} INFO - Sync 1 DAGs
[2025-10-30T09:50:29.047+0000] {logging_mixin.py:188} INFO - [2025-10-30T09:50:29.047+0000] {dag.py:3954} INFO - Setting next_dagrun for police_data_ingestion to 2025-11-01 00:00:00+00:00, run_after=2025-12-01 00:00:00+00:00
[2025-10-30T09:50:29.107+0000] {processor.py:183} INFO - Processing /opt/airflow/dags/data_ingestion.py took 0.772 seconds
[2025-10-30T09:50:59.768+0000] {processor.py:161} INFO - Started process (PID=13568) to work on /opt/airflow/dags/data_ingestion.py
[2025-10-30T09:50:59.774+0000] {processor.py:830} INFO - Processing file /opt/airflow/dags/data_ingestion.py for tasks to queue
[2025-10-30T09:50:59.779+0000] {logging_mixin.py:188} INFO - [2025-10-30T09:50:59.778+0000] {dagbag.py:545} INFO - Filling up the DagBag from /opt/airflow/dags/data_ingestion.py
[2025-10-30T09:51:00.458+0000] {processor.py:840} INFO - DAG(s) 'police_data_ingestion' retrieved from /opt/airflow/dags/data_ingestion.py
[2025-10-30T09:51:00.513+0000] {logging_mixin.py:188} INFO - [2025-10-30T09:51:00.512+0000] {dag.py:3096} INFO - Sync 1 DAGs
[2025-10-30T09:51:00.563+0000] {logging_mixin.py:188} INFO - [2025-10-30T09:51:00.562+0000] {dag.py:3954} INFO - Setting next_dagrun for police_data_ingestion to 2025-11-01 00:00:00+00:00, run_after=2025-12-01 00:00:00+00:00
[2025-10-30T09:51:00.610+0000] {processor.py:183} INFO - Processing /opt/airflow/dags/data_ingestion.py took 0.863 seconds
[2025-10-30T09:51:31.307+0000] {processor.py:161} INFO - Started process (PID=13580) to work on /opt/airflow/dags/data_ingestion.py
[2025-10-30T09:51:31.311+0000] {processor.py:830} INFO - Processing file /opt/airflow/dags/data_ingestion.py for tasks to queue
[2025-10-30T09:51:31.315+0000] {logging_mixin.py:188} INFO - [2025-10-30T09:51:31.314+0000] {dagbag.py:545} INFO - Filling up the DagBag from /opt/airflow/dags/data_ingestion.py
[2025-10-30T09:51:31.947+0000] {processor.py:840} INFO - DAG(s) 'police_data_ingestion' retrieved from /opt/airflow/dags/data_ingestion.py
[2025-10-30T09:51:31.997+0000] {logging_mixin.py:188} INFO - [2025-10-30T09:51:31.996+0000] {dag.py:3096} INFO - Sync 1 DAGs
[2025-10-30T09:51:32.249+0000] {logging_mixin.py:188} INFO - [2025-10-30T09:51:32.248+0000] {dag.py:3954} INFO - Setting next_dagrun for police_data_ingestion to 2025-11-01 00:00:00+00:00, run_after=2025-12-01 00:00:00+00:00
[2025-10-30T09:51:32.300+0000] {processor.py:183} INFO - Processing /opt/airflow/dags/data_ingestion.py took 1.006 seconds
[2025-10-30T09:52:02.856+0000] {processor.py:161} INFO - Started process (PID=13592) to work on /opt/airflow/dags/data_ingestion.py
[2025-10-30T09:52:02.859+0000] {processor.py:830} INFO - Processing file /opt/airflow/dags/data_ingestion.py for tasks to queue
[2025-10-30T09:52:02.864+0000] {logging_mixin.py:188} INFO - [2025-10-30T09:52:02.863+0000] {dagbag.py:545} INFO - Filling up the DagBag from /opt/airflow/dags/data_ingestion.py
[2025-10-30T09:52:03.544+0000] {processor.py:840} INFO - DAG(s) 'police_data_ingestion' retrieved from /opt/airflow/dags/data_ingestion.py
[2025-10-30T09:52:03.604+0000] {logging_mixin.py:188} INFO - [2025-10-30T09:52:03.604+0000] {dag.py:3096} INFO - Sync 1 DAGs
[2025-10-30T09:52:03.923+0000] {logging_mixin.py:188} INFO - [2025-10-30T09:52:03.923+0000] {dag.py:3954} INFO - Setting next_dagrun for police_data_ingestion to 2025-11-01 00:00:00+00:00, run_after=2025-12-01 00:00:00+00:00
[2025-10-30T09:52:03.963+0000] {processor.py:183} INFO - Processing /opt/airflow/dags/data_ingestion.py took 1.129 seconds
[2025-10-30T09:52:34.603+0000] {processor.py:161} INFO - Started process (PID=13604) to work on /opt/airflow/dags/data_ingestion.py
[2025-10-30T09:52:34.606+0000] {processor.py:830} INFO - Processing file /opt/airflow/dags/data_ingestion.py for tasks to queue
[2025-10-30T09:52:34.616+0000] {logging_mixin.py:188} INFO - [2025-10-30T09:52:34.615+0000] {dagbag.py:545} INFO - Filling up the DagBag from /opt/airflow/dags/data_ingestion.py
[2025-10-30T09:52:35.403+0000] {processor.py:840} INFO - DAG(s) 'police_data_ingestion' retrieved from /opt/airflow/dags/data_ingestion.py
[2025-10-30T09:52:35.469+0000] {logging_mixin.py:188} INFO - [2025-10-30T09:52:35.468+0000] {dag.py:3096} INFO - Sync 1 DAGs
[2025-10-30T09:52:35.520+0000] {logging_mixin.py:188} INFO - [2025-10-30T09:52:35.519+0000] {dag.py:3954} INFO - Setting next_dagrun for police_data_ingestion to 2025-11-01 00:00:00+00:00, run_after=2025-12-01 00:00:00+00:00
[2025-10-30T09:52:35.579+0000] {processor.py:183} INFO - Processing /opt/airflow/dags/data_ingestion.py took 0.994 seconds
[2025-10-30T09:53:06.251+0000] {processor.py:161} INFO - Started process (PID=13616) to work on /opt/airflow/dags/data_ingestion.py
[2025-10-30T09:53:06.254+0000] {processor.py:830} INFO - Processing file /opt/airflow/dags/data_ingestion.py for tasks to queue
[2025-10-30T09:53:06.257+0000] {logging_mixin.py:188} INFO - [2025-10-30T09:53:06.256+0000] {dagbag.py:545} INFO - Filling up the DagBag from /opt/airflow/dags/data_ingestion.py
[2025-10-30T09:53:06.886+0000] {processor.py:840} INFO - DAG(s) 'police_data_ingestion' retrieved from /opt/airflow/dags/data_ingestion.py
[2025-10-30T09:53:06.950+0000] {logging_mixin.py:188} INFO - [2025-10-30T09:53:06.949+0000] {dag.py:3096} INFO - Sync 1 DAGs
[2025-10-30T09:53:06.991+0000] {logging_mixin.py:188} INFO - [2025-10-30T09:53:06.990+0000] {dag.py:3954} INFO - Setting next_dagrun for police_data_ingestion to 2025-11-01 00:00:00+00:00, run_after=2025-12-01 00:00:00+00:00
[2025-10-30T09:53:07.036+0000] {processor.py:183} INFO - Processing /opt/airflow/dags/data_ingestion.py took 0.797 seconds
[2025-10-30T09:53:37.834+0000] {processor.py:161} INFO - Started process (PID=13628) to work on /opt/airflow/dags/data_ingestion.py
[2025-10-30T09:53:37.838+0000] {processor.py:830} INFO - Processing file /opt/airflow/dags/data_ingestion.py for tasks to queue
[2025-10-30T09:53:37.845+0000] {logging_mixin.py:188} INFO - [2025-10-30T09:53:37.844+0000] {dagbag.py:545} INFO - Filling up the DagBag from /opt/airflow/dags/data_ingestion.py
[2025-10-30T09:53:38.702+0000] {processor.py:840} INFO - DAG(s) 'police_data_ingestion' retrieved from /opt/airflow/dags/data_ingestion.py
[2025-10-30T09:53:38.793+0000] {logging_mixin.py:188} INFO - [2025-10-30T09:53:38.791+0000] {dag.py:3096} INFO - Sync 1 DAGs
[2025-10-30T09:53:39.139+0000] {logging_mixin.py:188} INFO - [2025-10-30T09:53:39.139+0000] {dag.py:3954} INFO - Setting next_dagrun for police_data_ingestion to 2025-11-01 00:00:00+00:00, run_after=2025-12-01 00:00:00+00:00
[2025-10-30T09:53:39.198+0000] {processor.py:183} INFO - Processing /opt/airflow/dags/data_ingestion.py took 1.392 seconds
[2025-10-30T09:54:09.538+0000] {processor.py:161} INFO - Started process (PID=13640) to work on /opt/airflow/dags/data_ingestion.py
[2025-10-30T09:54:09.540+0000] {processor.py:830} INFO - Processing file /opt/airflow/dags/data_ingestion.py for tasks to queue
[2025-10-30T09:54:09.545+0000] {logging_mixin.py:188} INFO - [2025-10-30T09:54:09.544+0000] {dagbag.py:545} INFO - Filling up the DagBag from /opt/airflow/dags/data_ingestion.py
[2025-10-30T09:54:10.228+0000] {processor.py:840} INFO - DAG(s) 'police_data_ingestion' retrieved from /opt/airflow/dags/data_ingestion.py
[2025-10-30T09:54:10.288+0000] {logging_mixin.py:188} INFO - [2025-10-30T09:54:10.287+0000] {dag.py:3096} INFO - Sync 1 DAGs
[2025-10-30T09:54:10.571+0000] {logging_mixin.py:188} INFO - [2025-10-30T09:54:10.571+0000] {dag.py:3954} INFO - Setting next_dagrun for police_data_ingestion to 2025-11-01 00:00:00+00:00, run_after=2025-12-01 00:00:00+00:00
[2025-10-30T09:54:10.608+0000] {processor.py:183} INFO - Processing /opt/airflow/dags/data_ingestion.py took 1.089 seconds
[2025-10-30T09:54:41.253+0000] {processor.py:161} INFO - Started process (PID=13652) to work on /opt/airflow/dags/data_ingestion.py
[2025-10-30T09:54:41.256+0000] {processor.py:830} INFO - Processing file /opt/airflow/dags/data_ingestion.py for tasks to queue
[2025-10-30T09:54:41.260+0000] {logging_mixin.py:188} INFO - [2025-10-30T09:54:41.259+0000] {dagbag.py:545} INFO - Filling up the DagBag from /opt/airflow/dags/data_ingestion.py
[2025-10-30T09:54:42.035+0000] {processor.py:840} INFO - DAG(s) 'police_data_ingestion' retrieved from /opt/airflow/dags/data_ingestion.py
[2025-10-30T09:54:42.102+0000] {logging_mixin.py:188} INFO - [2025-10-30T09:54:42.101+0000] {dag.py:3096} INFO - Sync 1 DAGs
[2025-10-30T09:54:42.159+0000] {logging_mixin.py:188} INFO - [2025-10-30T09:54:42.158+0000] {dag.py:3954} INFO - Setting next_dagrun for police_data_ingestion to 2025-11-01 00:00:00+00:00, run_after=2025-12-01 00:00:00+00:00
[2025-10-30T09:54:42.205+0000] {processor.py:183} INFO - Processing /opt/airflow/dags/data_ingestion.py took 0.968 seconds
[2025-10-30T09:55:12.845+0000] {processor.py:161} INFO - Started process (PID=13664) to work on /opt/airflow/dags/data_ingestion.py
[2025-10-30T09:55:12.848+0000] {processor.py:830} INFO - Processing file /opt/airflow/dags/data_ingestion.py for tasks to queue
[2025-10-30T09:55:12.852+0000] {logging_mixin.py:188} INFO - [2025-10-30T09:55:12.851+0000] {dagbag.py:545} INFO - Filling up the DagBag from /opt/airflow/dags/data_ingestion.py
[2025-10-30T09:55:13.503+0000] {processor.py:840} INFO - DAG(s) 'police_data_ingestion' retrieved from /opt/airflow/dags/data_ingestion.py
[2025-10-30T09:55:13.560+0000] {logging_mixin.py:188} INFO - [2025-10-30T09:55:13.559+0000] {dag.py:3096} INFO - Sync 1 DAGs
[2025-10-30T09:55:13.602+0000] {logging_mixin.py:188} INFO - [2025-10-30T09:55:13.601+0000] {dag.py:3954} INFO - Setting next_dagrun for police_data_ingestion to 2025-11-01 00:00:00+00:00, run_after=2025-12-01 00:00:00+00:00
[2025-10-30T09:55:13.655+0000] {processor.py:183} INFO - Processing /opt/airflow/dags/data_ingestion.py took 0.822 seconds
[2025-10-30T09:55:44.433+0000] {processor.py:161} INFO - Started process (PID=13676) to work on /opt/airflow/dags/data_ingestion.py
[2025-10-30T09:55:44.436+0000] {processor.py:830} INFO - Processing file /opt/airflow/dags/data_ingestion.py for tasks to queue
[2025-10-30T09:55:44.440+0000] {logging_mixin.py:188} INFO - [2025-10-30T09:55:44.439+0000] {dagbag.py:545} INFO - Filling up the DagBag from /opt/airflow/dags/data_ingestion.py
[2025-10-30T09:55:44.994+0000] {processor.py:840} INFO - DAG(s) 'police_data_ingestion' retrieved from /opt/airflow/dags/data_ingestion.py
[2025-10-30T09:55:45.057+0000] {logging_mixin.py:188} INFO - [2025-10-30T09:55:45.056+0000] {dag.py:3096} INFO - Sync 1 DAGs
[2025-10-30T09:55:45.302+0000] {logging_mixin.py:188} INFO - [2025-10-30T09:55:45.301+0000] {dag.py:3954} INFO - Setting next_dagrun for police_data_ingestion to 2025-11-01 00:00:00+00:00, run_after=2025-12-01 00:00:00+00:00
[2025-10-30T09:55:45.362+0000] {processor.py:183} INFO - Processing /opt/airflow/dags/data_ingestion.py took 0.944 seconds
[2025-10-30T09:56:16.024+0000] {processor.py:161} INFO - Started process (PID=13688) to work on /opt/airflow/dags/data_ingestion.py
[2025-10-30T09:56:16.027+0000] {processor.py:830} INFO - Processing file /opt/airflow/dags/data_ingestion.py for tasks to queue
[2025-10-30T09:56:16.031+0000] {logging_mixin.py:188} INFO - [2025-10-30T09:56:16.030+0000] {dagbag.py:545} INFO - Filling up the DagBag from /opt/airflow/dags/data_ingestion.py
[2025-10-30T09:56:16.694+0000] {processor.py:840} INFO - DAG(s) 'police_data_ingestion' retrieved from /opt/airflow/dags/data_ingestion.py
[2025-10-30T09:56:16.753+0000] {logging_mixin.py:188} INFO - [2025-10-30T09:56:16.752+0000] {dag.py:3096} INFO - Sync 1 DAGs
[2025-10-30T09:56:17.152+0000] {logging_mixin.py:188} INFO - [2025-10-30T09:56:17.151+0000] {dag.py:3954} INFO - Setting next_dagrun for police_data_ingestion to 2025-11-01 00:00:00+00:00, run_after=2025-12-01 00:00:00+00:00
[2025-10-30T09:56:17.190+0000] {processor.py:183} INFO - Processing /opt/airflow/dags/data_ingestion.py took 1.178 seconds
[2025-10-30T09:56:47.877+0000] {processor.py:161} INFO - Started process (PID=13700) to work on /opt/airflow/dags/data_ingestion.py
[2025-10-30T09:56:47.880+0000] {processor.py:830} INFO - Processing file /opt/airflow/dags/data_ingestion.py for tasks to queue
[2025-10-30T09:56:47.884+0000] {logging_mixin.py:188} INFO - [2025-10-30T09:56:47.883+0000] {dagbag.py:545} INFO - Filling up the DagBag from /opt/airflow/dags/data_ingestion.py
[2025-10-30T09:56:48.460+0000] {processor.py:840} INFO - DAG(s) 'police_data_ingestion' retrieved from /opt/airflow/dags/data_ingestion.py
[2025-10-30T09:56:48.529+0000] {logging_mixin.py:188} INFO - [2025-10-30T09:56:48.528+0000] {dag.py:3096} INFO - Sync 1 DAGs
[2025-10-30T09:56:48.579+0000] {logging_mixin.py:188} INFO - [2025-10-30T09:56:48.578+0000] {dag.py:3954} INFO - Setting next_dagrun for police_data_ingestion to 2025-11-01 00:00:00+00:00, run_after=2025-12-01 00:00:00+00:00
[2025-10-30T09:56:48.639+0000] {processor.py:183} INFO - Processing /opt/airflow/dags/data_ingestion.py took 0.775 seconds
[2025-10-30T09:57:19.199+0000] {processor.py:161} INFO - Started process (PID=13712) to work on /opt/airflow/dags/data_ingestion.py
[2025-10-30T09:57:19.201+0000] {processor.py:830} INFO - Processing file /opt/airflow/dags/data_ingestion.py for tasks to queue
[2025-10-30T09:57:19.205+0000] {logging_mixin.py:188} INFO - [2025-10-30T09:57:19.204+0000] {dagbag.py:545} INFO - Filling up the DagBag from /opt/airflow/dags/data_ingestion.py
[2025-10-30T09:57:19.888+0000] {processor.py:840} INFO - DAG(s) 'police_data_ingestion' retrieved from /opt/airflow/dags/data_ingestion.py
[2025-10-30T09:57:19.946+0000] {logging_mixin.py:188} INFO - [2025-10-30T09:57:19.945+0000] {dag.py:3096} INFO - Sync 1 DAGs
[2025-10-30T09:57:19.987+0000] {logging_mixin.py:188} INFO - [2025-10-30T09:57:19.987+0000] {dag.py:3954} INFO - Setting next_dagrun for police_data_ingestion to 2025-11-01 00:00:00+00:00, run_after=2025-12-01 00:00:00+00:00
[2025-10-30T09:57:20.040+0000] {processor.py:183} INFO - Processing /opt/airflow/dags/data_ingestion.py took 0.853 seconds
[2025-10-30T09:57:50.919+0000] {processor.py:161} INFO - Started process (PID=13724) to work on /opt/airflow/dags/data_ingestion.py
[2025-10-30T09:57:50.921+0000] {processor.py:830} INFO - Processing file /opt/airflow/dags/data_ingestion.py for tasks to queue
[2025-10-30T09:57:50.926+0000] {logging_mixin.py:188} INFO - [2025-10-30T09:57:50.926+0000] {dagbag.py:545} INFO - Filling up the DagBag from /opt/airflow/dags/data_ingestion.py
[2025-10-30T09:57:51.503+0000] {processor.py:840} INFO - DAG(s) 'police_data_ingestion' retrieved from /opt/airflow/dags/data_ingestion.py
[2025-10-30T09:57:51.554+0000] {logging_mixin.py:188} INFO - [2025-10-30T09:57:51.553+0000] {dag.py:3096} INFO - Sync 1 DAGs
[2025-10-30T09:57:51.867+0000] {logging_mixin.py:188} INFO - [2025-10-30T09:57:51.867+0000] {dag.py:3954} INFO - Setting next_dagrun for police_data_ingestion to 2025-11-01 00:00:00+00:00, run_after=2025-12-01 00:00:00+00:00
[2025-10-30T09:57:51.908+0000] {processor.py:183} INFO - Processing /opt/airflow/dags/data_ingestion.py took 1.010 seconds
[2025-10-30T09:58:22.637+0000] {processor.py:161} INFO - Started process (PID=13736) to work on /opt/airflow/dags/data_ingestion.py
[2025-10-30T09:58:22.639+0000] {processor.py:830} INFO - Processing file /opt/airflow/dags/data_ingestion.py for tasks to queue
[2025-10-30T09:58:22.643+0000] {logging_mixin.py:188} INFO - [2025-10-30T09:58:22.642+0000] {dagbag.py:545} INFO - Filling up the DagBag from /opt/airflow/dags/data_ingestion.py
[2025-10-30T09:58:23.375+0000] {processor.py:840} INFO - DAG(s) 'police_data_ingestion' retrieved from /opt/airflow/dags/data_ingestion.py
[2025-10-30T09:58:23.435+0000] {logging_mixin.py:188} INFO - [2025-10-30T09:58:23.435+0000] {dag.py:3096} INFO - Sync 1 DAGs
[2025-10-30T09:58:23.712+0000] {logging_mixin.py:188} INFO - [2025-10-30T09:58:23.711+0000] {dag.py:3954} INFO - Setting next_dagrun for police_data_ingestion to 2025-11-01 00:00:00+00:00, run_after=2025-12-01 00:00:00+00:00
[2025-10-30T09:58:23.758+0000] {processor.py:183} INFO - Processing /opt/airflow/dags/data_ingestion.py took 1.134 seconds
[2025-10-30T09:58:54.420+0000] {processor.py:161} INFO - Started process (PID=13748) to work on /opt/airflow/dags/data_ingestion.py
[2025-10-30T09:58:54.422+0000] {processor.py:830} INFO - Processing file /opt/airflow/dags/data_ingestion.py for tasks to queue
[2025-10-30T09:58:54.426+0000] {logging_mixin.py:188} INFO - [2025-10-30T09:58:54.426+0000] {dagbag.py:545} INFO - Filling up the DagBag from /opt/airflow/dags/data_ingestion.py
[2025-10-30T09:58:55.026+0000] {processor.py:840} INFO - DAG(s) 'police_data_ingestion' retrieved from /opt/airflow/dags/data_ingestion.py
[2025-10-30T09:58:55.298+0000] {logging_mixin.py:188} INFO - [2025-10-30T09:58:55.297+0000] {dag.py:3096} INFO - Sync 1 DAGs
[2025-10-30T09:58:55.332+0000] {logging_mixin.py:188} INFO - [2025-10-30T09:58:55.332+0000] {dag.py:3954} INFO - Setting next_dagrun for police_data_ingestion to 2025-11-01 00:00:00+00:00, run_after=2025-12-01 00:00:00+00:00
[2025-10-30T09:58:55.368+0000] {processor.py:183} INFO - Processing /opt/airflow/dags/data_ingestion.py took 0.960 seconds
[2025-10-30T09:59:25.972+0000] {processor.py:161} INFO - Started process (PID=13760) to work on /opt/airflow/dags/data_ingestion.py
[2025-10-30T09:59:25.974+0000] {processor.py:830} INFO - Processing file /opt/airflow/dags/data_ingestion.py for tasks to queue
[2025-10-30T09:59:25.979+0000] {logging_mixin.py:188} INFO - [2025-10-30T09:59:25.978+0000] {dagbag.py:545} INFO - Filling up the DagBag from /opt/airflow/dags/data_ingestion.py
[2025-10-30T09:59:26.639+0000] {processor.py:840} INFO - DAG(s) 'police_data_ingestion' retrieved from /opt/airflow/dags/data_ingestion.py
[2025-10-30T09:59:26.699+0000] {logging_mixin.py:188} INFO - [2025-10-30T09:59:26.698+0000] {dag.py:3096} INFO - Sync 1 DAGs
[2025-10-30T09:59:26.741+0000] {logging_mixin.py:188} INFO - [2025-10-30T09:59:26.741+0000] {dag.py:3954} INFO - Setting next_dagrun for police_data_ingestion to 2025-11-01 00:00:00+00:00, run_after=2025-12-01 00:00:00+00:00
[2025-10-30T09:59:26.799+0000] {processor.py:183} INFO - Processing /opt/airflow/dags/data_ingestion.py took 0.840 seconds
[2025-10-30T09:59:57.408+0000] {processor.py:161} INFO - Started process (PID=13772) to work on /opt/airflow/dags/data_ingestion.py
[2025-10-30T09:59:57.411+0000] {processor.py:830} INFO - Processing file /opt/airflow/dags/data_ingestion.py for tasks to queue
[2025-10-30T09:59:57.415+0000] {logging_mixin.py:188} INFO - [2025-10-30T09:59:57.414+0000] {dagbag.py:545} INFO - Filling up the DagBag from /opt/airflow/dags/data_ingestion.py
[2025-10-30T09:59:58.061+0000] {processor.py:840} INFO - DAG(s) 'police_data_ingestion' retrieved from /opt/airflow/dags/data_ingestion.py
[2025-10-30T09:59:58.112+0000] {logging_mixin.py:188} INFO - [2025-10-30T09:59:58.112+0000] {dag.py:3096} INFO - Sync 1 DAGs
[2025-10-30T09:59:58.393+0000] {logging_mixin.py:188} INFO - [2025-10-30T09:59:58.392+0000] {dag.py:3954} INFO - Setting next_dagrun for police_data_ingestion to 2025-11-01 00:00:00+00:00, run_after=2025-12-01 00:00:00+00:00
[2025-10-30T09:59:58.453+0000] {processor.py:183} INFO - Processing /opt/airflow/dags/data_ingestion.py took 1.059 seconds
[2025-10-30T10:00:29.066+0000] {processor.py:161} INFO - Started process (PID=13784) to work on /opt/airflow/dags/data_ingestion.py
[2025-10-30T10:00:29.069+0000] {processor.py:830} INFO - Processing file /opt/airflow/dags/data_ingestion.py for tasks to queue
[2025-10-30T10:00:29.074+0000] {logging_mixin.py:188} INFO - [2025-10-30T10:00:29.073+0000] {dagbag.py:545} INFO - Filling up the DagBag from /opt/airflow/dags/data_ingestion.py
[2025-10-30T10:00:29.700+0000] {processor.py:840} INFO - DAG(s) 'police_data_ingestion' retrieved from /opt/airflow/dags/data_ingestion.py
[2025-10-30T10:00:29.758+0000] {logging_mixin.py:188} INFO - [2025-10-30T10:00:29.757+0000] {dag.py:3096} INFO - Sync 1 DAGs
[2025-10-30T10:00:30.014+0000] {logging_mixin.py:188} INFO - [2025-10-30T10:00:30.014+0000] {dag.py:3954} INFO - Setting next_dagrun for police_data_ingestion to 2025-11-01 00:00:00+00:00, run_after=2025-12-01 00:00:00+00:00
[2025-10-30T10:00:30.059+0000] {processor.py:183} INFO - Processing /opt/airflow/dags/data_ingestion.py took 1.006 seconds
[2025-10-30T10:01:00.726+0000] {processor.py:161} INFO - Started process (PID=13796) to work on /opt/airflow/dags/data_ingestion.py
[2025-10-30T10:01:00.729+0000] {processor.py:830} INFO - Processing file /opt/airflow/dags/data_ingestion.py for tasks to queue
[2025-10-30T10:01:00.738+0000] {logging_mixin.py:188} INFO - [2025-10-30T10:01:00.736+0000] {dagbag.py:545} INFO - Filling up the DagBag from /opt/airflow/dags/data_ingestion.py
[2025-10-30T10:01:01.299+0000] {processor.py:840} INFO - DAG(s) 'police_data_ingestion' retrieved from /opt/airflow/dags/data_ingestion.py
[2025-10-30T10:01:01.581+0000] {logging_mixin.py:188} INFO - [2025-10-30T10:01:01.580+0000] {dag.py:3096} INFO - Sync 1 DAGs
[2025-10-30T10:01:01.626+0000] {logging_mixin.py:188} INFO - [2025-10-30T10:01:01.626+0000] {dag.py:3954} INFO - Setting next_dagrun for police_data_ingestion to 2025-11-01 00:00:00+00:00, run_after=2025-12-01 00:00:00+00:00
[2025-10-30T10:01:01.684+0000] {processor.py:183} INFO - Processing /opt/airflow/dags/data_ingestion.py took 0.977 seconds
[2025-10-30T10:01:32.301+0000] {processor.py:161} INFO - Started process (PID=13808) to work on /opt/airflow/dags/data_ingestion.py
[2025-10-30T10:01:32.303+0000] {processor.py:830} INFO - Processing file /opt/airflow/dags/data_ingestion.py for tasks to queue
[2025-10-30T10:01:32.307+0000] {logging_mixin.py:188} INFO - [2025-10-30T10:01:32.306+0000] {dagbag.py:545} INFO - Filling up the DagBag from /opt/airflow/dags/data_ingestion.py
[2025-10-30T10:01:32.981+0000] {processor.py:840} INFO - DAG(s) 'police_data_ingestion' retrieved from /opt/airflow/dags/data_ingestion.py
[2025-10-30T10:01:33.042+0000] {logging_mixin.py:188} INFO - [2025-10-30T10:01:33.042+0000] {dag.py:3096} INFO - Sync 1 DAGs
[2025-10-30T10:01:33.087+0000] {logging_mixin.py:188} INFO - [2025-10-30T10:01:33.086+0000] {dag.py:3954} INFO - Setting next_dagrun for police_data_ingestion to 2025-11-01 00:00:00+00:00, run_after=2025-12-01 00:00:00+00:00
[2025-10-30T10:01:33.141+0000] {processor.py:183} INFO - Processing /opt/airflow/dags/data_ingestion.py took 0.852 seconds
[2025-10-30T10:02:03.784+0000] {processor.py:161} INFO - Started process (PID=13820) to work on /opt/airflow/dags/data_ingestion.py
[2025-10-30T10:02:03.787+0000] {processor.py:830} INFO - Processing file /opt/airflow/dags/data_ingestion.py for tasks to queue
[2025-10-30T10:02:03.791+0000] {logging_mixin.py:188} INFO - [2025-10-30T10:02:03.790+0000] {dagbag.py:545} INFO - Filling up the DagBag from /opt/airflow/dags/data_ingestion.py
[2025-10-30T10:02:04.362+0000] {processor.py:840} INFO - DAG(s) 'police_data_ingestion' retrieved from /opt/airflow/dags/data_ingestion.py
[2025-10-30T10:02:04.418+0000] {logging_mixin.py:188} INFO - [2025-10-30T10:02:04.417+0000] {dag.py:3096} INFO - Sync 1 DAGs
[2025-10-30T10:02:04.659+0000] {logging_mixin.py:188} INFO - [2025-10-30T10:02:04.659+0000] {dag.py:3954} INFO - Setting next_dagrun for police_data_ingestion to 2025-11-01 00:00:00+00:00, run_after=2025-12-01 00:00:00+00:00
[2025-10-30T10:02:04.719+0000] {processor.py:183} INFO - Processing /opt/airflow/dags/data_ingestion.py took 0.950 seconds
[2025-10-30T10:02:35.366+0000] {processor.py:161} INFO - Started process (PID=13832) to work on /opt/airflow/dags/data_ingestion.py
[2025-10-30T10:02:35.368+0000] {processor.py:830} INFO - Processing file /opt/airflow/dags/data_ingestion.py for tasks to queue
[2025-10-30T10:02:35.373+0000] {logging_mixin.py:188} INFO - [2025-10-30T10:02:35.372+0000] {dagbag.py:545} INFO - Filling up the DagBag from /opt/airflow/dags/data_ingestion.py
[2025-10-30T10:02:36.004+0000] {processor.py:840} INFO - DAG(s) 'police_data_ingestion' retrieved from /opt/airflow/dags/data_ingestion.py
[2025-10-30T10:02:36.066+0000] {logging_mixin.py:188} INFO - [2025-10-30T10:02:36.065+0000] {dag.py:3096} INFO - Sync 1 DAGs
[2025-10-30T10:02:36.340+0000] {logging_mixin.py:188} INFO - [2025-10-30T10:02:36.340+0000] {dag.py:3954} INFO - Setting next_dagrun for police_data_ingestion to 2025-11-01 00:00:00+00:00, run_after=2025-12-01 00:00:00+00:00
[2025-10-30T10:02:36.385+0000] {processor.py:183} INFO - Processing /opt/airflow/dags/data_ingestion.py took 1.032 seconds
[2025-10-30T10:03:07.072+0000] {processor.py:161} INFO - Started process (PID=13844) to work on /opt/airflow/dags/data_ingestion.py
[2025-10-30T10:03:07.074+0000] {processor.py:830} INFO - Processing file /opt/airflow/dags/data_ingestion.py for tasks to queue
[2025-10-30T10:03:07.080+0000] {logging_mixin.py:188} INFO - [2025-10-30T10:03:07.079+0000] {dagbag.py:545} INFO - Filling up the DagBag from /opt/airflow/dags/data_ingestion.py
[2025-10-30T10:03:07.695+0000] {processor.py:840} INFO - DAG(s) 'police_data_ingestion' retrieved from /opt/airflow/dags/data_ingestion.py
[2025-10-30T10:03:07.970+0000] {logging_mixin.py:188} INFO - [2025-10-30T10:03:07.969+0000] {dag.py:3096} INFO - Sync 1 DAGs
[2025-10-30T10:03:08.006+0000] {logging_mixin.py:188} INFO - [2025-10-30T10:03:08.005+0000] {dag.py:3954} INFO - Setting next_dagrun for police_data_ingestion to 2025-11-01 00:00:00+00:00, run_after=2025-12-01 00:00:00+00:00
[2025-10-30T10:03:08.062+0000] {processor.py:183} INFO - Processing /opt/airflow/dags/data_ingestion.py took 1.002 seconds
[2025-10-30T10:03:38.693+0000] {processor.py:161} INFO - Started process (PID=13856) to work on /opt/airflow/dags/data_ingestion.py
[2025-10-30T10:03:38.696+0000] {processor.py:830} INFO - Processing file /opt/airflow/dags/data_ingestion.py for tasks to queue
[2025-10-30T10:03:38.701+0000] {logging_mixin.py:188} INFO - [2025-10-30T10:03:38.700+0000] {dagbag.py:545} INFO - Filling up the DagBag from /opt/airflow/dags/data_ingestion.py
[2025-10-30T10:03:39.838+0000] {processor.py:840} INFO - DAG(s) 'police_data_ingestion' retrieved from /opt/airflow/dags/data_ingestion.py
[2025-10-30T10:03:39.905+0000] {logging_mixin.py:188} INFO - [2025-10-30T10:03:39.904+0000] {dag.py:3096} INFO - Sync 1 DAGs
[2025-10-30T10:03:39.941+0000] {logging_mixin.py:188} INFO - [2025-10-30T10:03:39.940+0000] {dag.py:3954} INFO - Setting next_dagrun for police_data_ingestion to 2025-11-01 00:00:00+00:00, run_after=2025-12-01 00:00:00+00:00
[2025-10-30T10:03:39.973+0000] {processor.py:183} INFO - Processing /opt/airflow/dags/data_ingestion.py took 1.296 seconds
[2025-10-30T10:04:10.576+0000] {processor.py:161} INFO - Started process (PID=13868) to work on /opt/airflow/dags/data_ingestion.py
[2025-10-30T10:04:10.583+0000] {processor.py:830} INFO - Processing file /opt/airflow/dags/data_ingestion.py for tasks to queue
[2025-10-30T10:04:10.595+0000] {logging_mixin.py:188} INFO - [2025-10-30T10:04:10.593+0000] {dagbag.py:545} INFO - Filling up the DagBag from /opt/airflow/dags/data_ingestion.py
[2025-10-30T10:04:11.621+0000] {processor.py:840} INFO - DAG(s) 'police_data_ingestion' retrieved from /opt/airflow/dags/data_ingestion.py
[2025-10-30T10:04:11.665+0000] {logging_mixin.py:188} INFO - [2025-10-30T10:04:11.664+0000] {dag.py:3096} INFO - Sync 1 DAGs
[2025-10-30T10:04:11.698+0000] {logging_mixin.py:188} INFO - [2025-10-30T10:04:11.697+0000] {dag.py:3954} INFO - Setting next_dagrun for police_data_ingestion to 2025-11-01 00:00:00+00:00, run_after=2025-12-01 00:00:00+00:00
[2025-10-30T10:04:11.741+0000] {processor.py:183} INFO - Processing /opt/airflow/dags/data_ingestion.py took 1.212 seconds
[2025-10-30T10:04:42.179+0000] {processor.py:161} INFO - Started process (PID=13880) to work on /opt/airflow/dags/data_ingestion.py
[2025-10-30T10:04:42.181+0000] {processor.py:830} INFO - Processing file /opt/airflow/dags/data_ingestion.py for tasks to queue
[2025-10-30T10:04:42.185+0000] {logging_mixin.py:188} INFO - [2025-10-30T10:04:42.184+0000] {dagbag.py:545} INFO - Filling up the DagBag from /opt/airflow/dags/data_ingestion.py
[2025-10-30T10:04:42.883+0000] {processor.py:840} INFO - DAG(s) 'police_data_ingestion' retrieved from /opt/airflow/dags/data_ingestion.py
[2025-10-30T10:04:42.941+0000] {logging_mixin.py:188} INFO - [2025-10-30T10:04:42.940+0000] {dag.py:3096} INFO - Sync 1 DAGs
[2025-10-30T10:04:43.211+0000] {logging_mixin.py:188} INFO - [2025-10-30T10:04:43.210+0000] {dag.py:3954} INFO - Setting next_dagrun for police_data_ingestion to 2025-11-01 00:00:00+00:00, run_after=2025-12-01 00:00:00+00:00
[2025-10-30T10:04:43.258+0000] {processor.py:183} INFO - Processing /opt/airflow/dags/data_ingestion.py took 1.093 seconds
[2025-10-30T10:05:13.964+0000] {processor.py:161} INFO - Started process (PID=13892) to work on /opt/airflow/dags/data_ingestion.py
[2025-10-30T10:05:13.966+0000] {processor.py:830} INFO - Processing file /opt/airflow/dags/data_ingestion.py for tasks to queue
[2025-10-30T10:05:13.972+0000] {logging_mixin.py:188} INFO - [2025-10-30T10:05:13.971+0000] {dagbag.py:545} INFO - Filling up the DagBag from /opt/airflow/dags/data_ingestion.py
[2025-10-30T10:05:14.648+0000] {processor.py:840} INFO - DAG(s) 'police_data_ingestion' retrieved from /opt/airflow/dags/data_ingestion.py
[2025-10-30T10:05:14.909+0000] {logging_mixin.py:188} INFO - [2025-10-30T10:05:14.909+0000] {dag.py:3096} INFO - Sync 1 DAGs
[2025-10-30T10:05:14.945+0000] {logging_mixin.py:188} INFO - [2025-10-30T10:05:14.945+0000] {dag.py:3954} INFO - Setting next_dagrun for police_data_ingestion to 2025-11-01 00:00:00+00:00, run_after=2025-12-01 00:00:00+00:00
[2025-10-30T10:05:15.006+0000] {processor.py:183} INFO - Processing /opt/airflow/dags/data_ingestion.py took 1.062 seconds
[2025-10-30T10:05:45.610+0000] {processor.py:161} INFO - Started process (PID=13904) to work on /opt/airflow/dags/data_ingestion.py
[2025-10-30T10:05:45.612+0000] {processor.py:830} INFO - Processing file /opt/airflow/dags/data_ingestion.py for tasks to queue
[2025-10-30T10:05:45.618+0000] {logging_mixin.py:188} INFO - [2025-10-30T10:05:45.618+0000] {dagbag.py:545} INFO - Filling up the DagBag from /opt/airflow/dags/data_ingestion.py
[2025-10-30T10:05:46.551+0000] {processor.py:840} INFO - DAG(s) 'police_data_ingestion' retrieved from /opt/airflow/dags/data_ingestion.py
[2025-10-30T10:05:46.604+0000] {logging_mixin.py:188} INFO - [2025-10-30T10:05:46.603+0000] {dag.py:3096} INFO - Sync 1 DAGs
[2025-10-30T10:05:46.639+0000] {logging_mixin.py:188} INFO - [2025-10-30T10:05:46.639+0000] {dag.py:3954} INFO - Setting next_dagrun for police_data_ingestion to 2025-11-01 00:00:00+00:00, run_after=2025-12-01 00:00:00+00:00
[2025-10-30T10:05:46.685+0000] {processor.py:183} INFO - Processing /opt/airflow/dags/data_ingestion.py took 1.088 seconds
[2025-10-30T10:06:17.183+0000] {processor.py:161} INFO - Started process (PID=13916) to work on /opt/airflow/dags/data_ingestion.py
[2025-10-30T10:06:17.185+0000] {processor.py:830} INFO - Processing file /opt/airflow/dags/data_ingestion.py for tasks to queue
[2025-10-30T10:06:17.190+0000] {logging_mixin.py:188} INFO - [2025-10-30T10:06:17.189+0000] {dagbag.py:545} INFO - Filling up the DagBag from /opt/airflow/dags/data_ingestion.py
[2025-10-30T10:06:18.021+0000] {processor.py:840} INFO - DAG(s) 'police_data_ingestion' retrieved from /opt/airflow/dags/data_ingestion.py
[2025-10-30T10:06:18.085+0000] {logging_mixin.py:188} INFO - [2025-10-30T10:06:18.084+0000] {dag.py:3096} INFO - Sync 1 DAGs
[2025-10-30T10:06:18.116+0000] {logging_mixin.py:188} INFO - [2025-10-30T10:06:18.116+0000] {dag.py:3954} INFO - Setting next_dagrun for police_data_ingestion to 2025-11-01 00:00:00+00:00, run_after=2025-12-01 00:00:00+00:00
[2025-10-30T10:06:18.171+0000] {processor.py:183} INFO - Processing /opt/airflow/dags/data_ingestion.py took 1.000 seconds
[2025-10-30T10:06:48.509+0000] {processor.py:161} INFO - Started process (PID=13928) to work on /opt/airflow/dags/data_ingestion.py
[2025-10-30T10:06:48.512+0000] {processor.py:830} INFO - Processing file /opt/airflow/dags/data_ingestion.py for tasks to queue
[2025-10-30T10:06:48.516+0000] {logging_mixin.py:188} INFO - [2025-10-30T10:06:48.515+0000] {dagbag.py:545} INFO - Filling up the DagBag from /opt/airflow/dags/data_ingestion.py
[2025-10-30T10:06:49.423+0000] {processor.py:840} INFO - DAG(s) 'police_data_ingestion' retrieved from /opt/airflow/dags/data_ingestion.py
[2025-10-30T10:06:49.481+0000] {logging_mixin.py:188} INFO - [2025-10-30T10:06:49.480+0000] {dag.py:3096} INFO - Sync 1 DAGs
[2025-10-30T10:06:49.516+0000] {logging_mixin.py:188} INFO - [2025-10-30T10:06:49.516+0000] {dag.py:3954} INFO - Setting next_dagrun for police_data_ingestion to 2025-11-01 00:00:00+00:00, run_after=2025-12-01 00:00:00+00:00
[2025-10-30T10:06:49.561+0000] {processor.py:183} INFO - Processing /opt/airflow/dags/data_ingestion.py took 1.064 seconds
[2025-10-30T10:07:20.275+0000] {processor.py:161} INFO - Started process (PID=13940) to work on /opt/airflow/dags/data_ingestion.py
[2025-10-30T10:07:20.277+0000] {processor.py:830} INFO - Processing file /opt/airflow/dags/data_ingestion.py for tasks to queue
[2025-10-30T10:07:20.281+0000] {logging_mixin.py:188} INFO - [2025-10-30T10:07:20.280+0000] {dagbag.py:545} INFO - Filling up the DagBag from /opt/airflow/dags/data_ingestion.py
[2025-10-30T10:07:21.234+0000] {processor.py:840} INFO - DAG(s) 'police_data_ingestion' retrieved from /opt/airflow/dags/data_ingestion.py
[2025-10-30T10:07:21.527+0000] {logging_mixin.py:188} INFO - [2025-10-30T10:07:21.526+0000] {dag.py:3096} INFO - Sync 1 DAGs
[2025-10-30T10:07:21.562+0000] {logging_mixin.py:188} INFO - [2025-10-30T10:07:21.562+0000] {dag.py:3954} INFO - Setting next_dagrun for police_data_ingestion to 2025-11-01 00:00:00+00:00, run_after=2025-12-01 00:00:00+00:00
[2025-10-30T10:07:21.599+0000] {processor.py:183} INFO - Processing /opt/airflow/dags/data_ingestion.py took 1.338 seconds
[2025-10-30T10:07:51.852+0000] {processor.py:161} INFO - Started process (PID=13952) to work on /opt/airflow/dags/data_ingestion.py
[2025-10-30T10:07:51.855+0000] {processor.py:830} INFO - Processing file /opt/airflow/dags/data_ingestion.py for tasks to queue
[2025-10-30T10:07:51.859+0000] {logging_mixin.py:188} INFO - [2025-10-30T10:07:51.858+0000] {dagbag.py:545} INFO - Filling up the DagBag from /opt/airflow/dags/data_ingestion.py
[2025-10-30T10:07:52.749+0000] {processor.py:840} INFO - DAG(s) 'police_data_ingestion' retrieved from /opt/airflow/dags/data_ingestion.py
[2025-10-30T10:07:52.804+0000] {logging_mixin.py:188} INFO - [2025-10-30T10:07:52.803+0000] {dag.py:3096} INFO - Sync 1 DAGs
[2025-10-30T10:07:52.839+0000] {logging_mixin.py:188} INFO - [2025-10-30T10:07:52.839+0000] {dag.py:3954} INFO - Setting next_dagrun for police_data_ingestion to 2025-11-01 00:00:00+00:00, run_after=2025-12-01 00:00:00+00:00
[2025-10-30T10:07:52.899+0000] {processor.py:183} INFO - Processing /opt/airflow/dags/data_ingestion.py took 1.062 seconds
[2025-10-30T10:08:23.772+0000] {processor.py:161} INFO - Started process (PID=13964) to work on /opt/airflow/dags/data_ingestion.py
[2025-10-30T10:08:23.774+0000] {processor.py:830} INFO - Processing file /opt/airflow/dags/data_ingestion.py for tasks to queue
[2025-10-30T10:08:23.778+0000] {logging_mixin.py:188} INFO - [2025-10-30T10:08:23.777+0000] {dagbag.py:545} INFO - Filling up the DagBag from /opt/airflow/dags/data_ingestion.py
[2025-10-30T10:08:24.573+0000] {processor.py:840} INFO - DAG(s) 'police_data_ingestion' retrieved from /opt/airflow/dags/data_ingestion.py
[2025-10-30T10:08:24.625+0000] {logging_mixin.py:188} INFO - [2025-10-30T10:08:24.625+0000] {dag.py:3096} INFO - Sync 1 DAGs
[2025-10-30T10:08:24.659+0000] {logging_mixin.py:188} INFO - [2025-10-30T10:08:24.659+0000] {dag.py:3954} INFO - Setting next_dagrun for police_data_ingestion to 2025-11-01 00:00:00+00:00, run_after=2025-12-01 00:00:00+00:00
[2025-10-30T10:08:24.690+0000] {processor.py:183} INFO - Processing /opt/airflow/dags/data_ingestion.py took 0.930 seconds
[2025-10-30T10:08:55.308+0000] {processor.py:161} INFO - Started process (PID=13976) to work on /opt/airflow/dags/data_ingestion.py
[2025-10-30T10:08:55.311+0000] {processor.py:830} INFO - Processing file /opt/airflow/dags/data_ingestion.py for tasks to queue
[2025-10-30T10:08:55.315+0000] {logging_mixin.py:188} INFO - [2025-10-30T10:08:55.314+0000] {dagbag.py:545} INFO - Filling up the DagBag from /opt/airflow/dags/data_ingestion.py
[2025-10-30T10:08:56.191+0000] {processor.py:840} INFO - DAG(s) 'police_data_ingestion' retrieved from /opt/airflow/dags/data_ingestion.py
[2025-10-30T10:08:56.238+0000] {logging_mixin.py:188} INFO - [2025-10-30T10:08:56.237+0000] {dag.py:3096} INFO - Sync 1 DAGs
[2025-10-30T10:08:56.286+0000] {logging_mixin.py:188} INFO - [2025-10-30T10:08:56.286+0000] {dag.py:3954} INFO - Setting next_dagrun for police_data_ingestion to 2025-11-01 00:00:00+00:00, run_after=2025-12-01 00:00:00+00:00
[2025-10-30T10:08:56.338+0000] {processor.py:183} INFO - Processing /opt/airflow/dags/data_ingestion.py took 1.042 seconds
[2025-10-30T10:09:27.036+0000] {processor.py:161} INFO - Started process (PID=13988) to work on /opt/airflow/dags/data_ingestion.py
[2025-10-30T10:09:27.039+0000] {processor.py:830} INFO - Processing file /opt/airflow/dags/data_ingestion.py for tasks to queue
[2025-10-30T10:09:27.043+0000] {logging_mixin.py:188} INFO - [2025-10-30T10:09:27.042+0000] {dagbag.py:545} INFO - Filling up the DagBag from /opt/airflow/dags/data_ingestion.py
[2025-10-30T10:09:27.677+0000] {processor.py:840} INFO - DAG(s) 'police_data_ingestion' retrieved from /opt/airflow/dags/data_ingestion.py
[2025-10-30T10:09:27.950+0000] {logging_mixin.py:188} INFO - [2025-10-30T10:09:27.949+0000] {dag.py:3096} INFO - Sync 1 DAGs
[2025-10-30T10:09:27.997+0000] {logging_mixin.py:188} INFO - [2025-10-30T10:09:27.996+0000] {dag.py:3954} INFO - Setting next_dagrun for police_data_ingestion to 2025-11-01 00:00:00+00:00, run_after=2025-12-01 00:00:00+00:00
[2025-10-30T10:09:28.053+0000] {processor.py:183} INFO - Processing /opt/airflow/dags/data_ingestion.py took 1.030 seconds
[2025-10-30T10:09:58.677+0000] {processor.py:161} INFO - Started process (PID=14000) to work on /opt/airflow/dags/data_ingestion.py
[2025-10-30T10:09:58.680+0000] {processor.py:830} INFO - Processing file /opt/airflow/dags/data_ingestion.py for tasks to queue
[2025-10-30T10:09:58.686+0000] {logging_mixin.py:188} INFO - [2025-10-30T10:09:58.685+0000] {dagbag.py:545} INFO - Filling up the DagBag from /opt/airflow/dags/data_ingestion.py
[2025-10-30T10:09:59.603+0000] {processor.py:840} INFO - DAG(s) 'police_data_ingestion' retrieved from /opt/airflow/dags/data_ingestion.py
[2025-10-30T10:09:59.653+0000] {logging_mixin.py:188} INFO - [2025-10-30T10:09:59.652+0000] {dag.py:3096} INFO - Sync 1 DAGs
[2025-10-30T10:09:59.685+0000] {logging_mixin.py:188} INFO - [2025-10-30T10:09:59.684+0000] {dag.py:3954} INFO - Setting next_dagrun for police_data_ingestion to 2025-11-01 00:00:00+00:00, run_after=2025-12-01 00:00:00+00:00
[2025-10-30T10:09:59.745+0000] {processor.py:183} INFO - Processing /opt/airflow/dags/data_ingestion.py took 1.086 seconds
[2025-10-30T10:10:30.420+0000] {processor.py:161} INFO - Started process (PID=14012) to work on /opt/airflow/dags/data_ingestion.py
[2025-10-30T10:10:30.423+0000] {processor.py:830} INFO - Processing file /opt/airflow/dags/data_ingestion.py for tasks to queue
[2025-10-30T10:10:30.427+0000] {logging_mixin.py:188} INFO - [2025-10-30T10:10:30.426+0000] {dagbag.py:545} INFO - Filling up the DagBag from /opt/airflow/dags/data_ingestion.py
[2025-10-30T10:10:31.645+0000] {processor.py:840} INFO - DAG(s) 'police_data_ingestion' retrieved from /opt/airflow/dags/data_ingestion.py
[2025-10-30T10:10:31.693+0000] {logging_mixin.py:188} INFO - [2025-10-30T10:10:31.692+0000] {dag.py:3096} INFO - Sync 1 DAGs
[2025-10-30T10:10:31.729+0000] {logging_mixin.py:188} INFO - [2025-10-30T10:10:31.728+0000] {dag.py:3954} INFO - Setting next_dagrun for police_data_ingestion to 2025-11-01 00:00:00+00:00, run_after=2025-12-01 00:00:00+00:00
[2025-10-30T10:10:31.772+0000] {processor.py:183} INFO - Processing /opt/airflow/dags/data_ingestion.py took 1.364 seconds
[2025-10-30T10:11:02.107+0000] {processor.py:161} INFO - Started process (PID=14024) to work on /opt/airflow/dags/data_ingestion.py
[2025-10-30T10:11:02.110+0000] {processor.py:830} INFO - Processing file /opt/airflow/dags/data_ingestion.py for tasks to queue
[2025-10-30T10:11:02.115+0000] {logging_mixin.py:188} INFO - [2025-10-30T10:11:02.114+0000] {dagbag.py:545} INFO - Filling up the DagBag from /opt/airflow/dags/data_ingestion.py
[2025-10-30T10:11:03.079+0000] {processor.py:840} INFO - DAG(s) 'police_data_ingestion' retrieved from /opt/airflow/dags/data_ingestion.py
[2025-10-30T10:11:03.132+0000] {logging_mixin.py:188} INFO - [2025-10-30T10:11:03.131+0000] {dag.py:3096} INFO - Sync 1 DAGs
[2025-10-30T10:11:03.168+0000] {logging_mixin.py:188} INFO - [2025-10-30T10:11:03.167+0000] {dag.py:3954} INFO - Setting next_dagrun for police_data_ingestion to 2025-11-01 00:00:00+00:00, run_after=2025-12-01 00:00:00+00:00
[2025-10-30T10:11:03.199+0000] {processor.py:183} INFO - Processing /opt/airflow/dags/data_ingestion.py took 1.106 seconds
[2025-10-30T10:11:33.696+0000] {processor.py:161} INFO - Started process (PID=14036) to work on /opt/airflow/dags/data_ingestion.py
[2025-10-30T10:11:33.699+0000] {processor.py:830} INFO - Processing file /opt/airflow/dags/data_ingestion.py for tasks to queue
[2025-10-30T10:11:33.704+0000] {logging_mixin.py:188} INFO - [2025-10-30T10:11:33.703+0000] {dagbag.py:545} INFO - Filling up the DagBag from /opt/airflow/dags/data_ingestion.py
[2025-10-30T10:11:34.597+0000] {processor.py:840} INFO - DAG(s) 'police_data_ingestion' retrieved from /opt/airflow/dags/data_ingestion.py
[2025-10-30T10:11:34.655+0000] {logging_mixin.py:188} INFO - [2025-10-30T10:11:34.655+0000] {dag.py:3096} INFO - Sync 1 DAGs
[2025-10-30T10:11:34.691+0000] {logging_mixin.py:188} INFO - [2025-10-30T10:11:34.690+0000] {dag.py:3954} INFO - Setting next_dagrun for police_data_ingestion to 2025-11-01 00:00:00+00:00, run_after=2025-12-01 00:00:00+00:00
[2025-10-30T10:11:34.742+0000] {processor.py:183} INFO - Processing /opt/airflow/dags/data_ingestion.py took 1.061 seconds
[2025-10-30T10:12:05.339+0000] {processor.py:161} INFO - Started process (PID=14048) to work on /opt/airflow/dags/data_ingestion.py
[2025-10-30T10:12:05.342+0000] {processor.py:830} INFO - Processing file /opt/airflow/dags/data_ingestion.py for tasks to queue
[2025-10-30T10:12:05.346+0000] {logging_mixin.py:188} INFO - [2025-10-30T10:12:05.345+0000] {dagbag.py:545} INFO - Filling up the DagBag from /opt/airflow/dags/data_ingestion.py
[2025-10-30T10:12:06.167+0000] {processor.py:840} INFO - DAG(s) 'police_data_ingestion' retrieved from /opt/airflow/dags/data_ingestion.py
[2025-10-30T10:12:06.229+0000] {logging_mixin.py:188} INFO - [2025-10-30T10:12:06.228+0000] {dag.py:3096} INFO - Sync 1 DAGs
[2025-10-30T10:12:06.258+0000] {logging_mixin.py:188} INFO - [2025-10-30T10:12:06.257+0000] {dag.py:3954} INFO - Setting next_dagrun for police_data_ingestion to 2025-11-01 00:00:00+00:00, run_after=2025-12-01 00:00:00+00:00
[2025-10-30T10:12:06.292+0000] {processor.py:183} INFO - Processing /opt/airflow/dags/data_ingestion.py took 0.966 seconds
[2025-10-30T10:12:37.024+0000] {processor.py:161} INFO - Started process (PID=14060) to work on /opt/airflow/dags/data_ingestion.py
[2025-10-30T10:12:37.026+0000] {processor.py:830} INFO - Processing file /opt/airflow/dags/data_ingestion.py for tasks to queue
[2025-10-30T10:12:37.042+0000] {logging_mixin.py:188} INFO - [2025-10-30T10:12:37.041+0000] {dagbag.py:545} INFO - Filling up the DagBag from /opt/airflow/dags/data_ingestion.py
[2025-10-30T10:12:37.827+0000] {processor.py:840} INFO - DAG(s) 'police_data_ingestion' retrieved from /opt/airflow/dags/data_ingestion.py
[2025-10-30T10:12:37.873+0000] {logging_mixin.py:188} INFO - [2025-10-30T10:12:37.872+0000] {dag.py:3096} INFO - Sync 1 DAGs
[2025-10-30T10:12:37.911+0000] {logging_mixin.py:188} INFO - [2025-10-30T10:12:37.911+0000] {dag.py:3954} INFO - Setting next_dagrun for police_data_ingestion to 2025-11-01 00:00:00+00:00, run_after=2025-12-01 00:00:00+00:00
[2025-10-30T10:12:37.952+0000] {processor.py:183} INFO - Processing /opt/airflow/dags/data_ingestion.py took 0.941 seconds
[2025-10-30T10:13:08.711+0000] {processor.py:161} INFO - Started process (PID=14072) to work on /opt/airflow/dags/data_ingestion.py
[2025-10-30T10:13:08.714+0000] {processor.py:830} INFO - Processing file /opt/airflow/dags/data_ingestion.py for tasks to queue
[2025-10-30T10:13:08.718+0000] {logging_mixin.py:188} INFO - [2025-10-30T10:13:08.717+0000] {dagbag.py:545} INFO - Filling up the DagBag from /opt/airflow/dags/data_ingestion.py
[2025-10-30T10:13:09.569+0000] {processor.py:840} INFO - DAG(s) 'police_data_ingestion' retrieved from /opt/airflow/dags/data_ingestion.py
[2025-10-30T10:13:09.615+0000] {logging_mixin.py:188} INFO - [2025-10-30T10:13:09.614+0000] {dag.py:3096} INFO - Sync 1 DAGs
[2025-10-30T10:13:09.653+0000] {logging_mixin.py:188} INFO - [2025-10-30T10:13:09.653+0000] {dag.py:3954} INFO - Setting next_dagrun for police_data_ingestion to 2025-11-01 00:00:00+00:00, run_after=2025-12-01 00:00:00+00:00
[2025-10-30T10:13:09.689+0000] {processor.py:183} INFO - Processing /opt/airflow/dags/data_ingestion.py took 0.990 seconds
[2025-10-30T10:13:40.387+0000] {processor.py:161} INFO - Started process (PID=14084) to work on /opt/airflow/dags/data_ingestion.py
[2025-10-30T10:13:40.390+0000] {processor.py:830} INFO - Processing file /opt/airflow/dags/data_ingestion.py for tasks to queue
[2025-10-30T10:13:40.394+0000] {logging_mixin.py:188} INFO - [2025-10-30T10:13:40.393+0000] {dagbag.py:545} INFO - Filling up the DagBag from /opt/airflow/dags/data_ingestion.py
[2025-10-30T10:13:41.226+0000] {processor.py:840} INFO - DAG(s) 'police_data_ingestion' retrieved from /opt/airflow/dags/data_ingestion.py
[2025-10-30T10:13:41.286+0000] {logging_mixin.py:188} INFO - [2025-10-30T10:13:41.285+0000] {dag.py:3096} INFO - Sync 1 DAGs
[2025-10-30T10:13:41.319+0000] {logging_mixin.py:188} INFO - [2025-10-30T10:13:41.319+0000] {dag.py:3954} INFO - Setting next_dagrun for police_data_ingestion to 2025-11-01 00:00:00+00:00, run_after=2025-12-01 00:00:00+00:00
[2025-10-30T10:13:41.373+0000] {processor.py:183} INFO - Processing /opt/airflow/dags/data_ingestion.py took 1.001 seconds
[2025-10-30T10:14:11.968+0000] {processor.py:161} INFO - Started process (PID=14096) to work on /opt/airflow/dags/data_ingestion.py
[2025-10-30T10:14:11.971+0000] {processor.py:830} INFO - Processing file /opt/airflow/dags/data_ingestion.py for tasks to queue
[2025-10-30T10:14:11.976+0000] {logging_mixin.py:188} INFO - [2025-10-30T10:14:11.975+0000] {dagbag.py:545} INFO - Filling up the DagBag from /opt/airflow/dags/data_ingestion.py
[2025-10-30T10:14:13.117+0000] {processor.py:840} INFO - DAG(s) 'police_data_ingestion' retrieved from /opt/airflow/dags/data_ingestion.py
[2025-10-30T10:14:13.179+0000] {logging_mixin.py:188} INFO - [2025-10-30T10:14:13.178+0000] {dag.py:3096} INFO - Sync 1 DAGs
[2025-10-30T10:14:13.222+0000] {logging_mixin.py:188} INFO - [2025-10-30T10:14:13.222+0000] {dag.py:3954} INFO - Setting next_dagrun for police_data_ingestion to 2025-11-01 00:00:00+00:00, run_after=2025-12-01 00:00:00+00:00
[2025-10-30T10:14:13.259+0000] {processor.py:183} INFO - Processing /opt/airflow/dags/data_ingestion.py took 1.305 seconds
[2025-10-30T10:14:43.729+0000] {processor.py:161} INFO - Started process (PID=14108) to work on /opt/airflow/dags/data_ingestion.py
[2025-10-30T10:14:43.731+0000] {processor.py:830} INFO - Processing file /opt/airflow/dags/data_ingestion.py for tasks to queue
[2025-10-30T10:14:43.736+0000] {logging_mixin.py:188} INFO - [2025-10-30T10:14:43.735+0000] {dagbag.py:545} INFO - Filling up the DagBag from /opt/airflow/dags/data_ingestion.py
[2025-10-30T10:14:44.613+0000] {processor.py:840} INFO - DAG(s) 'police_data_ingestion' retrieved from /opt/airflow/dags/data_ingestion.py
[2025-10-30T10:14:44.658+0000] {logging_mixin.py:188} INFO - [2025-10-30T10:14:44.657+0000] {dag.py:3096} INFO - Sync 1 DAGs
[2025-10-30T10:14:44.692+0000] {logging_mixin.py:188} INFO - [2025-10-30T10:14:44.692+0000] {dag.py:3954} INFO - Setting next_dagrun for police_data_ingestion to 2025-11-01 00:00:00+00:00, run_after=2025-12-01 00:00:00+00:00
[2025-10-30T10:14:44.751+0000] {processor.py:183} INFO - Processing /opt/airflow/dags/data_ingestion.py took 1.039 seconds
[2025-10-30T10:15:15.352+0000] {processor.py:161} INFO - Started process (PID=14120) to work on /opt/airflow/dags/data_ingestion.py
[2025-10-30T10:15:15.355+0000] {processor.py:830} INFO - Processing file /opt/airflow/dags/data_ingestion.py for tasks to queue
[2025-10-30T10:15:15.359+0000] {logging_mixin.py:188} INFO - [2025-10-30T10:15:15.358+0000] {dagbag.py:545} INFO - Filling up the DagBag from /opt/airflow/dags/data_ingestion.py
[2025-10-30T10:15:16.245+0000] {processor.py:840} INFO - DAG(s) 'police_data_ingestion' retrieved from /opt/airflow/dags/data_ingestion.py
[2025-10-30T10:15:16.302+0000] {logging_mixin.py:188} INFO - [2025-10-30T10:15:16.302+0000] {dag.py:3096} INFO - Sync 1 DAGs
[2025-10-30T10:15:16.337+0000] {logging_mixin.py:188} INFO - [2025-10-30T10:15:16.337+0000] {dag.py:3954} INFO - Setting next_dagrun for police_data_ingestion to 2025-11-01 00:00:00+00:00, run_after=2025-12-01 00:00:00+00:00
[2025-10-30T10:15:16.386+0000] {processor.py:183} INFO - Processing /opt/airflow/dags/data_ingestion.py took 1.046 seconds
[2025-10-30T10:15:47.076+0000] {processor.py:161} INFO - Started process (PID=14132) to work on /opt/airflow/dags/data_ingestion.py
[2025-10-30T10:15:47.078+0000] {processor.py:830} INFO - Processing file /opt/airflow/dags/data_ingestion.py for tasks to queue
[2025-10-30T10:15:47.082+0000] {logging_mixin.py:188} INFO - [2025-10-30T10:15:47.082+0000] {dagbag.py:545} INFO - Filling up the DagBag from /opt/airflow/dags/data_ingestion.py
[2025-10-30T10:15:47.884+0000] {processor.py:840} INFO - DAG(s) 'police_data_ingestion' retrieved from /opt/airflow/dags/data_ingestion.py
[2025-10-30T10:15:47.932+0000] {logging_mixin.py:188} INFO - [2025-10-30T10:15:47.931+0000] {dag.py:3096} INFO - Sync 1 DAGs
[2025-10-30T10:15:47.967+0000] {logging_mixin.py:188} INFO - [2025-10-30T10:15:47.966+0000] {dag.py:3954} INFO - Setting next_dagrun for police_data_ingestion to 2025-11-01 00:00:00+00:00, run_after=2025-12-01 00:00:00+00:00
[2025-10-30T10:15:48.021+0000] {processor.py:183} INFO - Processing /opt/airflow/dags/data_ingestion.py took 0.961 seconds
[2025-10-30T10:16:18.663+0000] {processor.py:161} INFO - Started process (PID=14144) to work on /opt/airflow/dags/data_ingestion.py
[2025-10-30T10:16:18.665+0000] {processor.py:830} INFO - Processing file /opt/airflow/dags/data_ingestion.py for tasks to queue
[2025-10-30T10:16:18.670+0000] {logging_mixin.py:188} INFO - [2025-10-30T10:16:18.669+0000] {dagbag.py:545} INFO - Filling up the DagBag from /opt/airflow/dags/data_ingestion.py
[2025-10-30T10:16:19.442+0000] {processor.py:840} INFO - DAG(s) 'police_data_ingestion' retrieved from /opt/airflow/dags/data_ingestion.py
[2025-10-30T10:16:19.488+0000] {logging_mixin.py:188} INFO - [2025-10-30T10:16:19.487+0000] {dag.py:3096} INFO - Sync 1 DAGs
[2025-10-30T10:16:19.518+0000] {logging_mixin.py:188} INFO - [2025-10-30T10:16:19.517+0000] {dag.py:3954} INFO - Setting next_dagrun for police_data_ingestion to 2025-11-01 00:00:00+00:00, run_after=2025-12-01 00:00:00+00:00
[2025-10-30T10:16:19.568+0000] {processor.py:183} INFO - Processing /opt/airflow/dags/data_ingestion.py took 0.919 seconds
[2025-10-30T10:16:50.432+0000] {processor.py:161} INFO - Started process (PID=14156) to work on /opt/airflow/dags/data_ingestion.py
[2025-10-30T10:16:50.435+0000] {processor.py:830} INFO - Processing file /opt/airflow/dags/data_ingestion.py for tasks to queue
[2025-10-30T10:16:50.438+0000] {logging_mixin.py:188} INFO - [2025-10-30T10:16:50.438+0000] {dagbag.py:545} INFO - Filling up the DagBag from /opt/airflow/dags/data_ingestion.py
[2025-10-30T10:16:51.289+0000] {processor.py:840} INFO - DAG(s) 'police_data_ingestion' retrieved from /opt/airflow/dags/data_ingestion.py
[2025-10-30T10:16:51.335+0000] {logging_mixin.py:188} INFO - [2025-10-30T10:16:51.334+0000] {dag.py:3096} INFO - Sync 1 DAGs
[2025-10-30T10:16:51.366+0000] {logging_mixin.py:188} INFO - [2025-10-30T10:16:51.366+0000] {dag.py:3954} INFO - Setting next_dagrun for police_data_ingestion to 2025-11-01 00:00:00+00:00, run_after=2025-12-01 00:00:00+00:00
[2025-10-30T10:16:51.435+0000] {processor.py:183} INFO - Processing /opt/airflow/dags/data_ingestion.py took 1.020 seconds
[2025-10-30T10:17:22.057+0000] {processor.py:161} INFO - Started process (PID=14168) to work on /opt/airflow/dags/data_ingestion.py
[2025-10-30T10:17:22.059+0000] {processor.py:830} INFO - Processing file /opt/airflow/dags/data_ingestion.py for tasks to queue
[2025-10-30T10:17:22.066+0000] {logging_mixin.py:188} INFO - [2025-10-30T10:17:22.065+0000] {dagbag.py:545} INFO - Filling up the DagBag from /opt/airflow/dags/data_ingestion.py
[2025-10-30T10:17:23.031+0000] {processor.py:840} INFO - DAG(s) 'police_data_ingestion' retrieved from /opt/airflow/dags/data_ingestion.py
[2025-10-30T10:17:23.084+0000] {logging_mixin.py:188} INFO - [2025-10-30T10:17:23.083+0000] {dag.py:3096} INFO - Sync 1 DAGs
[2025-10-30T10:17:23.132+0000] {logging_mixin.py:188} INFO - [2025-10-30T10:17:23.132+0000] {dag.py:3954} INFO - Setting next_dagrun for police_data_ingestion to 2025-11-01 00:00:00+00:00, run_after=2025-12-01 00:00:00+00:00
[2025-10-30T10:17:23.184+0000] {processor.py:183} INFO - Processing /opt/airflow/dags/data_ingestion.py took 1.146 seconds
[2025-10-30T10:17:53.834+0000] {processor.py:161} INFO - Started process (PID=14180) to work on /opt/airflow/dags/data_ingestion.py
[2025-10-30T10:17:53.836+0000] {processor.py:830} INFO - Processing file /opt/airflow/dags/data_ingestion.py for tasks to queue
[2025-10-30T10:17:53.840+0000] {logging_mixin.py:188} INFO - [2025-10-30T10:17:53.840+0000] {dagbag.py:545} INFO - Filling up the DagBag from /opt/airflow/dags/data_ingestion.py
[2025-10-30T10:17:54.649+0000] {processor.py:840} INFO - DAG(s) 'police_data_ingestion' retrieved from /opt/airflow/dags/data_ingestion.py
[2025-10-30T10:17:54.696+0000] {logging_mixin.py:188} INFO - [2025-10-30T10:17:54.696+0000] {dag.py:3096} INFO - Sync 1 DAGs
[2025-10-30T10:17:54.728+0000] {logging_mixin.py:188} INFO - [2025-10-30T10:17:54.728+0000] {dag.py:3954} INFO - Setting next_dagrun for police_data_ingestion to 2025-11-01 00:00:00+00:00, run_after=2025-12-01 00:00:00+00:00
[2025-10-30T10:17:54.787+0000] {processor.py:183} INFO - Processing /opt/airflow/dags/data_ingestion.py took 0.964 seconds
[2025-10-30T10:18:25.705+0000] {processor.py:161} INFO - Started process (PID=14192) to work on /opt/airflow/dags/data_ingestion.py
[2025-10-30T10:18:25.707+0000] {processor.py:830} INFO - Processing file /opt/airflow/dags/data_ingestion.py for tasks to queue
[2025-10-30T10:18:25.711+0000] {logging_mixin.py:188} INFO - [2025-10-30T10:18:25.710+0000] {dagbag.py:545} INFO - Filling up the DagBag from /opt/airflow/dags/data_ingestion.py
[2025-10-30T10:18:26.518+0000] {processor.py:840} INFO - DAG(s) 'police_data_ingestion' retrieved from /opt/airflow/dags/data_ingestion.py
[2025-10-30T10:18:26.564+0000] {logging_mixin.py:188} INFO - [2025-10-30T10:18:26.563+0000] {dag.py:3096} INFO - Sync 1 DAGs
[2025-10-30T10:18:26.599+0000] {logging_mixin.py:188} INFO - [2025-10-30T10:18:26.599+0000] {dag.py:3954} INFO - Setting next_dagrun for police_data_ingestion to 2025-11-01 00:00:00+00:00, run_after=2025-12-01 00:00:00+00:00
[2025-10-30T10:18:26.637+0000] {processor.py:183} INFO - Processing /opt/airflow/dags/data_ingestion.py took 0.943 seconds
[2025-10-30T10:18:57.370+0000] {processor.py:161} INFO - Started process (PID=14204) to work on /opt/airflow/dags/data_ingestion.py
[2025-10-30T10:18:57.373+0000] {processor.py:830} INFO - Processing file /opt/airflow/dags/data_ingestion.py for tasks to queue
[2025-10-30T10:18:57.378+0000] {logging_mixin.py:188} INFO - [2025-10-30T10:18:57.377+0000] {dagbag.py:545} INFO - Filling up the DagBag from /opt/airflow/dags/data_ingestion.py
[2025-10-30T10:18:58.313+0000] {processor.py:840} INFO - DAG(s) 'police_data_ingestion' retrieved from /opt/airflow/dags/data_ingestion.py
[2025-10-30T10:18:58.365+0000] {logging_mixin.py:188} INFO - [2025-10-30T10:18:58.364+0000] {dag.py:3096} INFO - Sync 1 DAGs
[2025-10-30T10:18:58.400+0000] {logging_mixin.py:188} INFO - [2025-10-30T10:18:58.400+0000] {dag.py:3954} INFO - Setting next_dagrun for police_data_ingestion to 2025-11-01 00:00:00+00:00, run_after=2025-12-01 00:00:00+00:00
[2025-10-30T10:18:58.446+0000] {processor.py:183} INFO - Processing /opt/airflow/dags/data_ingestion.py took 1.091 seconds
[2025-10-30T10:19:29.077+0000] {processor.py:161} INFO - Started process (PID=14216) to work on /opt/airflow/dags/data_ingestion.py
[2025-10-30T10:19:29.079+0000] {processor.py:830} INFO - Processing file /opt/airflow/dags/data_ingestion.py for tasks to queue
[2025-10-30T10:19:29.083+0000] {logging_mixin.py:188} INFO - [2025-10-30T10:19:29.082+0000] {dagbag.py:545} INFO - Filling up the DagBag from /opt/airflow/dags/data_ingestion.py
[2025-10-30T10:19:29.837+0000] {processor.py:840} INFO - DAG(s) 'police_data_ingestion' retrieved from /opt/airflow/dags/data_ingestion.py
[2025-10-30T10:19:29.887+0000] {logging_mixin.py:188} INFO - [2025-10-30T10:19:29.887+0000] {dag.py:3096} INFO - Sync 1 DAGs
[2025-10-30T10:19:29.935+0000] {logging_mixin.py:188} INFO - [2025-10-30T10:19:29.935+0000] {dag.py:3954} INFO - Setting next_dagrun for police_data_ingestion to 2025-11-01 00:00:00+00:00, run_after=2025-12-01 00:00:00+00:00
[2025-10-30T10:19:29.984+0000] {processor.py:183} INFO - Processing /opt/airflow/dags/data_ingestion.py took 0.918 seconds
[2025-10-30T10:20:00.724+0000] {processor.py:161} INFO - Started process (PID=14228) to work on /opt/airflow/dags/data_ingestion.py
[2025-10-30T10:20:00.727+0000] {processor.py:830} INFO - Processing file /opt/airflow/dags/data_ingestion.py for tasks to queue
[2025-10-30T10:20:00.733+0000] {logging_mixin.py:188} INFO - [2025-10-30T10:20:00.732+0000] {dagbag.py:545} INFO - Filling up the DagBag from /opt/airflow/dags/data_ingestion.py
[2025-10-30T10:20:01.590+0000] {processor.py:840} INFO - DAG(s) 'police_data_ingestion' retrieved from /opt/airflow/dags/data_ingestion.py
[2025-10-30T10:20:01.643+0000] {logging_mixin.py:188} INFO - [2025-10-30T10:20:01.642+0000] {dag.py:3096} INFO - Sync 1 DAGs
[2025-10-30T10:20:01.678+0000] {logging_mixin.py:188} INFO - [2025-10-30T10:20:01.677+0000] {dag.py:3954} INFO - Setting next_dagrun for police_data_ingestion to 2025-11-01 00:00:00+00:00, run_after=2025-12-01 00:00:00+00:00
[2025-10-30T10:20:01.714+0000] {processor.py:183} INFO - Processing /opt/airflow/dags/data_ingestion.py took 1.007 seconds
[2025-10-30T10:20:32.407+0000] {processor.py:161} INFO - Started process (PID=14240) to work on /opt/airflow/dags/data_ingestion.py
[2025-10-30T10:20:32.409+0000] {processor.py:830} INFO - Processing file /opt/airflow/dags/data_ingestion.py for tasks to queue
[2025-10-30T10:20:32.415+0000] {logging_mixin.py:188} INFO - [2025-10-30T10:20:32.413+0000] {dagbag.py:545} INFO - Filling up the DagBag from /opt/airflow/dags/data_ingestion.py
[2025-10-30T10:20:33.377+0000] {processor.py:840} INFO - DAG(s) 'police_data_ingestion' retrieved from /opt/airflow/dags/data_ingestion.py
[2025-10-30T10:20:33.426+0000] {logging_mixin.py:188} INFO - [2025-10-30T10:20:33.426+0000] {dag.py:3096} INFO - Sync 1 DAGs
[2025-10-30T10:20:33.469+0000] {logging_mixin.py:188} INFO - [2025-10-30T10:20:33.469+0000] {dag.py:3954} INFO - Setting next_dagrun for police_data_ingestion to 2025-11-01 00:00:00+00:00, run_after=2025-12-01 00:00:00+00:00
[2025-10-30T10:20:33.505+0000] {processor.py:183} INFO - Processing /opt/airflow/dags/data_ingestion.py took 1.114 seconds
[2025-10-30T10:21:04.305+0000] {processor.py:161} INFO - Started process (PID=14252) to work on /opt/airflow/dags/data_ingestion.py
[2025-10-30T10:21:04.309+0000] {processor.py:830} INFO - Processing file /opt/airflow/dags/data_ingestion.py for tasks to queue
[2025-10-30T10:21:04.314+0000] {logging_mixin.py:188} INFO - [2025-10-30T10:21:04.313+0000] {dagbag.py:545} INFO - Filling up the DagBag from /opt/airflow/dags/data_ingestion.py
[2025-10-30T10:21:05.233+0000] {processor.py:840} INFO - DAG(s) 'police_data_ingestion' retrieved from /opt/airflow/dags/data_ingestion.py
[2025-10-30T10:21:05.286+0000] {logging_mixin.py:188} INFO - [2025-10-30T10:21:05.285+0000] {dag.py:3096} INFO - Sync 1 DAGs
[2025-10-30T10:21:05.324+0000] {logging_mixin.py:188} INFO - [2025-10-30T10:21:05.324+0000] {dag.py:3954} INFO - Setting next_dagrun for police_data_ingestion to 2025-11-01 00:00:00+00:00, run_after=2025-12-01 00:00:00+00:00
[2025-10-30T10:21:05.359+0000] {processor.py:183} INFO - Processing /opt/airflow/dags/data_ingestion.py took 1.087 seconds
[2025-10-30T10:21:35.990+0000] {processor.py:161} INFO - Started process (PID=14264) to work on /opt/airflow/dags/data_ingestion.py
[2025-10-30T10:21:35.992+0000] {processor.py:830} INFO - Processing file /opt/airflow/dags/data_ingestion.py for tasks to queue
[2025-10-30T10:21:35.997+0000] {logging_mixin.py:188} INFO - [2025-10-30T10:21:35.996+0000] {dagbag.py:545} INFO - Filling up the DagBag from /opt/airflow/dags/data_ingestion.py
[2025-10-30T10:21:37.064+0000] {processor.py:840} INFO - DAG(s) 'police_data_ingestion' retrieved from /opt/airflow/dags/data_ingestion.py
[2025-10-30T10:21:37.127+0000] {logging_mixin.py:188} INFO - [2025-10-30T10:21:37.127+0000] {dag.py:3096} INFO - Sync 1 DAGs
[2025-10-30T10:21:37.167+0000] {logging_mixin.py:188} INFO - [2025-10-30T10:21:37.166+0000] {dag.py:3954} INFO - Setting next_dagrun for police_data_ingestion to 2025-11-01 00:00:00+00:00, run_after=2025-12-01 00:00:00+00:00
[2025-10-30T10:21:37.214+0000] {processor.py:183} INFO - Processing /opt/airflow/dags/data_ingestion.py took 1.237 seconds
[2025-10-30T10:22:07.639+0000] {processor.py:161} INFO - Started process (PID=14276) to work on /opt/airflow/dags/data_ingestion.py
[2025-10-30T10:22:07.642+0000] {processor.py:830} INFO - Processing file /opt/airflow/dags/data_ingestion.py for tasks to queue
[2025-10-30T10:22:07.646+0000] {logging_mixin.py:188} INFO - [2025-10-30T10:22:07.645+0000] {dagbag.py:545} INFO - Filling up the DagBag from /opt/airflow/dags/data_ingestion.py
[2025-10-30T10:22:08.489+0000] {processor.py:840} INFO - DAG(s) 'police_data_ingestion' retrieved from /opt/airflow/dags/data_ingestion.py
[2025-10-30T10:22:08.546+0000] {logging_mixin.py:188} INFO - [2025-10-30T10:22:08.545+0000] {dag.py:3096} INFO - Sync 1 DAGs
[2025-10-30T10:22:08.581+0000] {logging_mixin.py:188} INFO - [2025-10-30T10:22:08.581+0000] {dag.py:3954} INFO - Setting next_dagrun for police_data_ingestion to 2025-11-01 00:00:00+00:00, run_after=2025-12-01 00:00:00+00:00
[2025-10-30T10:22:08.617+0000] {processor.py:183} INFO - Processing /opt/airflow/dags/data_ingestion.py took 0.995 seconds
[2025-10-30T10:22:39.232+0000] {processor.py:161} INFO - Started process (PID=14288) to work on /opt/airflow/dags/data_ingestion.py
[2025-10-30T10:22:39.235+0000] {processor.py:830} INFO - Processing file /opt/airflow/dags/data_ingestion.py for tasks to queue
[2025-10-30T10:22:39.239+0000] {logging_mixin.py:188} INFO - [2025-10-30T10:22:39.239+0000] {dagbag.py:545} INFO - Filling up the DagBag from /opt/airflow/dags/data_ingestion.py
[2025-10-30T10:22:40.223+0000] {processor.py:840} INFO - DAG(s) 'police_data_ingestion' retrieved from /opt/airflow/dags/data_ingestion.py
[2025-10-30T10:22:40.279+0000] {logging_mixin.py:188} INFO - [2025-10-30T10:22:40.278+0000] {dag.py:3096} INFO - Sync 1 DAGs
[2025-10-30T10:22:40.317+0000] {logging_mixin.py:188} INFO - [2025-10-30T10:22:40.317+0000] {dag.py:3954} INFO - Setting next_dagrun for police_data_ingestion to 2025-11-01 00:00:00+00:00, run_after=2025-12-01 00:00:00+00:00
[2025-10-30T10:22:40.366+0000] {processor.py:183} INFO - Processing /opt/airflow/dags/data_ingestion.py took 1.148 seconds
[2025-10-30T10:23:11.001+0000] {processor.py:161} INFO - Started process (PID=14300) to work on /opt/airflow/dags/data_ingestion.py
[2025-10-30T10:23:11.004+0000] {processor.py:830} INFO - Processing file /opt/airflow/dags/data_ingestion.py for tasks to queue
[2025-10-30T10:23:11.010+0000] {logging_mixin.py:188} INFO - [2025-10-30T10:23:11.009+0000] {dagbag.py:545} INFO - Filling up the DagBag from /opt/airflow/dags/data_ingestion.py
[2025-10-30T10:23:11.899+0000] {processor.py:840} INFO - DAG(s) 'police_data_ingestion' retrieved from /opt/airflow/dags/data_ingestion.py
[2025-10-30T10:23:11.966+0000] {logging_mixin.py:188} INFO - [2025-10-30T10:23:11.965+0000] {dag.py:3096} INFO - Sync 1 DAGs
[2025-10-30T10:23:12.009+0000] {logging_mixin.py:188} INFO - [2025-10-30T10:23:12.009+0000] {dag.py:3954} INFO - Setting next_dagrun for police_data_ingestion to 2025-11-01 00:00:00+00:00, run_after=2025-12-01 00:00:00+00:00
[2025-10-30T10:23:12.059+0000] {processor.py:183} INFO - Processing /opt/airflow/dags/data_ingestion.py took 1.073 seconds
[2025-10-30T10:23:42.693+0000] {processor.py:161} INFO - Started process (PID=14312) to work on /opt/airflow/dags/data_ingestion.py
[2025-10-30T10:23:42.696+0000] {processor.py:830} INFO - Processing file /opt/airflow/dags/data_ingestion.py for tasks to queue
[2025-10-30T10:23:42.700+0000] {logging_mixin.py:188} INFO - [2025-10-30T10:23:42.700+0000] {dagbag.py:545} INFO - Filling up the DagBag from /opt/airflow/dags/data_ingestion.py
[2025-10-30T10:23:43.688+0000] {processor.py:840} INFO - DAG(s) 'police_data_ingestion' retrieved from /opt/airflow/dags/data_ingestion.py
[2025-10-30T10:23:43.748+0000] {logging_mixin.py:188} INFO - [2025-10-30T10:23:43.748+0000] {dag.py:3096} INFO - Sync 1 DAGs
[2025-10-30T10:23:43.793+0000] {logging_mixin.py:188} INFO - [2025-10-30T10:23:43.793+0000] {dag.py:3954} INFO - Setting next_dagrun for police_data_ingestion to 2025-11-01 00:00:00+00:00, run_after=2025-12-01 00:00:00+00:00
[2025-10-30T10:23:43.834+0000] {processor.py:183} INFO - Processing /opt/airflow/dags/data_ingestion.py took 1.156 seconds
[2025-10-30T10:24:14.269+0000] {processor.py:161} INFO - Started process (PID=14324) to work on /opt/airflow/dags/data_ingestion.py
[2025-10-30T10:24:14.272+0000] {processor.py:830} INFO - Processing file /opt/airflow/dags/data_ingestion.py for tasks to queue
[2025-10-30T10:24:14.278+0000] {logging_mixin.py:188} INFO - [2025-10-30T10:24:14.277+0000] {dagbag.py:545} INFO - Filling up the DagBag from /opt/airflow/dags/data_ingestion.py
[2025-10-30T10:24:15.358+0000] {processor.py:840} INFO - DAG(s) 'police_data_ingestion' retrieved from /opt/airflow/dags/data_ingestion.py
[2025-10-30T10:24:15.433+0000] {logging_mixin.py:188} INFO - [2025-10-30T10:24:15.433+0000] {dag.py:3096} INFO - Sync 1 DAGs
[2025-10-30T10:24:15.490+0000] {logging_mixin.py:188} INFO - [2025-10-30T10:24:15.489+0000] {dag.py:3954} INFO - Setting next_dagrun for police_data_ingestion to 2025-11-01 00:00:00+00:00, run_after=2025-12-01 00:00:00+00:00
[2025-10-30T10:24:15.540+0000] {processor.py:183} INFO - Processing /opt/airflow/dags/data_ingestion.py took 1.302 seconds
[2025-10-30T10:24:45.945+0000] {processor.py:161} INFO - Started process (PID=14336) to work on /opt/airflow/dags/data_ingestion.py
[2025-10-30T10:24:45.947+0000] {processor.py:830} INFO - Processing file /opt/airflow/dags/data_ingestion.py for tasks to queue
[2025-10-30T10:24:45.953+0000] {logging_mixin.py:188} INFO - [2025-10-30T10:24:45.952+0000] {dagbag.py:545} INFO - Filling up the DagBag from /opt/airflow/dags/data_ingestion.py
[2025-10-30T10:24:46.929+0000] {processor.py:840} INFO - DAG(s) 'police_data_ingestion' retrieved from /opt/airflow/dags/data_ingestion.py
[2025-10-30T10:24:47.012+0000] {logging_mixin.py:188} INFO - [2025-10-30T10:24:47.012+0000] {dag.py:3096} INFO - Sync 1 DAGs
[2025-10-30T10:24:47.062+0000] {logging_mixin.py:188} INFO - [2025-10-30T10:24:47.061+0000] {dag.py:3954} INFO - Setting next_dagrun for police_data_ingestion to 2025-11-01 00:00:00+00:00, run_after=2025-12-01 00:00:00+00:00
[2025-10-30T10:24:47.106+0000] {processor.py:183} INFO - Processing /opt/airflow/dags/data_ingestion.py took 1.174 seconds
[2025-10-30T10:25:17.710+0000] {processor.py:161} INFO - Started process (PID=14348) to work on /opt/airflow/dags/data_ingestion.py
[2025-10-30T10:25:17.712+0000] {processor.py:830} INFO - Processing file /opt/airflow/dags/data_ingestion.py for tasks to queue
[2025-10-30T10:25:17.717+0000] {logging_mixin.py:188} INFO - [2025-10-30T10:25:17.716+0000] {dagbag.py:545} INFO - Filling up the DagBag from /opt/airflow/dags/data_ingestion.py
[2025-10-30T10:25:18.574+0000] {processor.py:840} INFO - DAG(s) 'police_data_ingestion' retrieved from /opt/airflow/dags/data_ingestion.py
[2025-10-30T10:25:18.622+0000] {logging_mixin.py:188} INFO - [2025-10-30T10:25:18.621+0000] {dag.py:3096} INFO - Sync 1 DAGs
[2025-10-30T10:25:18.658+0000] {logging_mixin.py:188} INFO - [2025-10-30T10:25:18.658+0000] {dag.py:3954} INFO - Setting next_dagrun for police_data_ingestion to 2025-11-01 00:00:00+00:00, run_after=2025-12-01 00:00:00+00:00
[2025-10-30T10:25:18.709+0000] {processor.py:183} INFO - Processing /opt/airflow/dags/data_ingestion.py took 1.020 seconds
[2025-10-30T10:25:49.259+0000] {processor.py:161} INFO - Started process (PID=14360) to work on /opt/airflow/dags/data_ingestion.py
[2025-10-30T10:25:49.262+0000] {processor.py:830} INFO - Processing file /opt/airflow/dags/data_ingestion.py for tasks to queue
[2025-10-30T10:25:49.265+0000] {logging_mixin.py:188} INFO - [2025-10-30T10:25:49.265+0000] {dagbag.py:545} INFO - Filling up the DagBag from /opt/airflow/dags/data_ingestion.py
[2025-10-30T10:25:50.504+0000] {processor.py:840} INFO - DAG(s) 'police_data_ingestion' retrieved from /opt/airflow/dags/data_ingestion.py
[2025-10-30T10:25:50.557+0000] {logging_mixin.py:188} INFO - [2025-10-30T10:25:50.556+0000] {dag.py:3096} INFO - Sync 1 DAGs
[2025-10-30T10:25:50.606+0000] {logging_mixin.py:188} INFO - [2025-10-30T10:25:50.606+0000] {dag.py:3954} INFO - Setting next_dagrun for police_data_ingestion to 2025-11-01 00:00:00+00:00, run_after=2025-12-01 00:00:00+00:00
[2025-10-30T10:25:50.656+0000] {processor.py:183} INFO - Processing /opt/airflow/dags/data_ingestion.py took 1.408 seconds
[2025-10-30T10:26:20.842+0000] {processor.py:161} INFO - Started process (PID=14372) to work on /opt/airflow/dags/data_ingestion.py
[2025-10-30T10:26:20.852+0000] {processor.py:830} INFO - Processing file /opt/airflow/dags/data_ingestion.py for tasks to queue
[2025-10-30T10:26:20.860+0000] {logging_mixin.py:188} INFO - [2025-10-30T10:26:20.859+0000] {dagbag.py:545} INFO - Filling up the DagBag from /opt/airflow/dags/data_ingestion.py
[2025-10-30T10:26:21.769+0000] {processor.py:840} INFO - DAG(s) 'police_data_ingestion' retrieved from /opt/airflow/dags/data_ingestion.py
[2025-10-30T10:26:21.827+0000] {logging_mixin.py:188} INFO - [2025-10-30T10:26:21.826+0000] {dag.py:3096} INFO - Sync 1 DAGs
[2025-10-30T10:26:21.866+0000] {logging_mixin.py:188} INFO - [2025-10-30T10:26:21.865+0000] {dag.py:3954} INFO - Setting next_dagrun for police_data_ingestion to 2025-11-01 00:00:00+00:00, run_after=2025-12-01 00:00:00+00:00
[2025-10-30T10:26:21.901+0000] {processor.py:183} INFO - Processing /opt/airflow/dags/data_ingestion.py took 1.082 seconds
[2025-10-30T10:26:52.567+0000] {processor.py:161} INFO - Started process (PID=14384) to work on /opt/airflow/dags/data_ingestion.py
[2025-10-30T10:26:52.570+0000] {processor.py:830} INFO - Processing file /opt/airflow/dags/data_ingestion.py for tasks to queue
[2025-10-30T10:26:52.575+0000] {logging_mixin.py:188} INFO - [2025-10-30T10:26:52.574+0000] {dagbag.py:545} INFO - Filling up the DagBag from /opt/airflow/dags/data_ingestion.py
[2025-10-30T10:26:53.474+0000] {processor.py:840} INFO - DAG(s) 'police_data_ingestion' retrieved from /opt/airflow/dags/data_ingestion.py
[2025-10-30T10:26:53.540+0000] {logging_mixin.py:188} INFO - [2025-10-30T10:26:53.539+0000] {dag.py:3096} INFO - Sync 1 DAGs
[2025-10-30T10:26:53.575+0000] {logging_mixin.py:188} INFO - [2025-10-30T10:26:53.575+0000] {dag.py:3954} INFO - Setting next_dagrun for police_data_ingestion to 2025-11-01 00:00:00+00:00, run_after=2025-12-01 00:00:00+00:00
[2025-10-30T10:26:53.612+0000] {processor.py:183} INFO - Processing /opt/airflow/dags/data_ingestion.py took 1.060 seconds
[2025-10-30T10:27:24.220+0000] {processor.py:161} INFO - Started process (PID=14396) to work on /opt/airflow/dags/data_ingestion.py
[2025-10-30T10:27:24.222+0000] {processor.py:830} INFO - Processing file /opt/airflow/dags/data_ingestion.py for tasks to queue
[2025-10-30T10:27:24.227+0000] {logging_mixin.py:188} INFO - [2025-10-30T10:27:24.226+0000] {dagbag.py:545} INFO - Filling up the DagBag from /opt/airflow/dags/data_ingestion.py
[2025-10-30T10:27:25.362+0000] {processor.py:840} INFO - DAG(s) 'police_data_ingestion' retrieved from /opt/airflow/dags/data_ingestion.py
[2025-10-30T10:27:25.453+0000] {logging_mixin.py:188} INFO - [2025-10-30T10:27:25.451+0000] {dag.py:3096} INFO - Sync 1 DAGs
[2025-10-30T10:27:25.526+0000] {logging_mixin.py:188} INFO - [2025-10-30T10:27:25.525+0000] {dag.py:3954} INFO - Setting next_dagrun for police_data_ingestion to 2025-11-01 00:00:00+00:00, run_after=2025-12-01 00:00:00+00:00
[2025-10-30T10:27:25.578+0000] {processor.py:183} INFO - Processing /opt/airflow/dags/data_ingestion.py took 1.373 seconds
[2025-10-30T10:27:55.844+0000] {processor.py:161} INFO - Started process (PID=14408) to work on /opt/airflow/dags/data_ingestion.py
[2025-10-30T10:27:55.847+0000] {processor.py:830} INFO - Processing file /opt/airflow/dags/data_ingestion.py for tasks to queue
[2025-10-30T10:27:55.851+0000] {logging_mixin.py:188} INFO - [2025-10-30T10:27:55.850+0000] {dagbag.py:545} INFO - Filling up the DagBag from /opt/airflow/dags/data_ingestion.py
[2025-10-30T10:27:56.648+0000] {processor.py:840} INFO - DAG(s) 'police_data_ingestion' retrieved from /opt/airflow/dags/data_ingestion.py
[2025-10-30T10:27:56.717+0000] {logging_mixin.py:188} INFO - [2025-10-30T10:27:56.716+0000] {dag.py:3096} INFO - Sync 1 DAGs
[2025-10-30T10:27:56.756+0000] {logging_mixin.py:188} INFO - [2025-10-30T10:27:56.755+0000] {dag.py:3954} INFO - Setting next_dagrun for police_data_ingestion to 2025-11-01 00:00:00+00:00, run_after=2025-12-01 00:00:00+00:00
[2025-10-30T10:27:56.806+0000] {processor.py:183} INFO - Processing /opt/airflow/dags/data_ingestion.py took 0.977 seconds
[2025-10-30T10:28:27.505+0000] {processor.py:161} INFO - Started process (PID=14420) to work on /opt/airflow/dags/data_ingestion.py
[2025-10-30T10:28:27.508+0000] {processor.py:830} INFO - Processing file /opt/airflow/dags/data_ingestion.py for tasks to queue
[2025-10-30T10:28:27.512+0000] {logging_mixin.py:188} INFO - [2025-10-30T10:28:27.511+0000] {dagbag.py:545} INFO - Filling up the DagBag from /opt/airflow/dags/data_ingestion.py
[2025-10-30T10:28:28.532+0000] {processor.py:840} INFO - DAG(s) 'police_data_ingestion' retrieved from /opt/airflow/dags/data_ingestion.py
[2025-10-30T10:28:28.585+0000] {logging_mixin.py:188} INFO - [2025-10-30T10:28:28.584+0000] {dag.py:3096} INFO - Sync 1 DAGs
[2025-10-30T10:28:28.620+0000] {logging_mixin.py:188} INFO - [2025-10-30T10:28:28.619+0000] {dag.py:3954} INFO - Setting next_dagrun for police_data_ingestion to 2025-11-01 00:00:00+00:00, run_after=2025-12-01 00:00:00+00:00
[2025-10-30T10:28:28.655+0000] {processor.py:183} INFO - Processing /opt/airflow/dags/data_ingestion.py took 1.166 seconds
[2025-10-30T10:28:59.262+0000] {processor.py:161} INFO - Started process (PID=14432) to work on /opt/airflow/dags/data_ingestion.py
[2025-10-30T10:28:59.264+0000] {processor.py:830} INFO - Processing file /opt/airflow/dags/data_ingestion.py for tasks to queue
[2025-10-30T10:28:59.268+0000] {logging_mixin.py:188} INFO - [2025-10-30T10:28:59.268+0000] {dagbag.py:545} INFO - Filling up the DagBag from /opt/airflow/dags/data_ingestion.py
[2025-10-30T10:29:00.060+0000] {processor.py:840} INFO - DAG(s) 'police_data_ingestion' retrieved from /opt/airflow/dags/data_ingestion.py
[2025-10-30T10:29:00.110+0000] {logging_mixin.py:188} INFO - [2025-10-30T10:29:00.109+0000] {dag.py:3096} INFO - Sync 1 DAGs
[2025-10-30T10:29:00.146+0000] {logging_mixin.py:188} INFO - [2025-10-30T10:29:00.145+0000] {dag.py:3954} INFO - Setting next_dagrun for police_data_ingestion to 2025-11-01 00:00:00+00:00, run_after=2025-12-01 00:00:00+00:00
[2025-10-30T10:29:00.198+0000] {processor.py:183} INFO - Processing /opt/airflow/dags/data_ingestion.py took 0.949 seconds
[2025-10-30T10:29:30.867+0000] {processor.py:161} INFO - Started process (PID=14444) to work on /opt/airflow/dags/data_ingestion.py
[2025-10-30T10:29:30.870+0000] {processor.py:830} INFO - Processing file /opt/airflow/dags/data_ingestion.py for tasks to queue
[2025-10-30T10:29:30.877+0000] {logging_mixin.py:188} INFO - [2025-10-30T10:29:30.876+0000] {dagbag.py:545} INFO - Filling up the DagBag from /opt/airflow/dags/data_ingestion.py
[2025-10-30T10:29:31.809+0000] {processor.py:840} INFO - DAG(s) 'police_data_ingestion' retrieved from /opt/airflow/dags/data_ingestion.py
[2025-10-30T10:29:31.861+0000] {logging_mixin.py:188} INFO - [2025-10-30T10:29:31.861+0000] {dag.py:3096} INFO - Sync 1 DAGs
[2025-10-30T10:29:31.900+0000] {logging_mixin.py:188} INFO - [2025-10-30T10:29:31.899+0000] {dag.py:3954} INFO - Setting next_dagrun for police_data_ingestion to 2025-11-01 00:00:00+00:00, run_after=2025-12-01 00:00:00+00:00
[2025-10-30T10:29:31.948+0000] {processor.py:183} INFO - Processing /opt/airflow/dags/data_ingestion.py took 1.101 seconds
[2025-10-30T10:30:02.604+0000] {processor.py:161} INFO - Started process (PID=14456) to work on /opt/airflow/dags/data_ingestion.py
[2025-10-30T10:30:02.606+0000] {processor.py:830} INFO - Processing file /opt/airflow/dags/data_ingestion.py for tasks to queue
[2025-10-30T10:30:02.610+0000] {logging_mixin.py:188} INFO - [2025-10-30T10:30:02.610+0000] {dagbag.py:545} INFO - Filling up the DagBag from /opt/airflow/dags/data_ingestion.py
[2025-10-30T10:30:03.492+0000] {processor.py:840} INFO - DAG(s) 'police_data_ingestion' retrieved from /opt/airflow/dags/data_ingestion.py
[2025-10-30T10:30:03.563+0000] {logging_mixin.py:188} INFO - [2025-10-30T10:30:03.562+0000] {dag.py:3096} INFO - Sync 1 DAGs
[2025-10-30T10:30:03.608+0000] {logging_mixin.py:188} INFO - [2025-10-30T10:30:03.608+0000] {dag.py:3954} INFO - Setting next_dagrun for police_data_ingestion to 2025-11-01 00:00:00+00:00, run_after=2025-12-01 00:00:00+00:00
[2025-10-30T10:30:03.654+0000] {processor.py:183} INFO - Processing /opt/airflow/dags/data_ingestion.py took 1.062 seconds
[2025-10-30T10:30:34.257+0000] {processor.py:161} INFO - Started process (PID=14468) to work on /opt/airflow/dags/data_ingestion.py
[2025-10-30T10:30:34.259+0000] {processor.py:830} INFO - Processing file /opt/airflow/dags/data_ingestion.py for tasks to queue
[2025-10-30T10:30:34.264+0000] {logging_mixin.py:188} INFO - [2025-10-30T10:30:34.263+0000] {dagbag.py:545} INFO - Filling up the DagBag from /opt/airflow/dags/data_ingestion.py
[2025-10-30T10:30:35.148+0000] {processor.py:840} INFO - DAG(s) 'police_data_ingestion' retrieved from /opt/airflow/dags/data_ingestion.py
[2025-10-30T10:30:35.197+0000] {logging_mixin.py:188} INFO - [2025-10-30T10:30:35.197+0000] {dag.py:3096} INFO - Sync 1 DAGs
[2025-10-30T10:30:35.233+0000] {logging_mixin.py:188} INFO - [2025-10-30T10:30:35.233+0000] {dag.py:3954} INFO - Setting next_dagrun for police_data_ingestion to 2025-11-01 00:00:00+00:00, run_after=2025-12-01 00:00:00+00:00
[2025-10-30T10:30:35.272+0000] {processor.py:183} INFO - Processing /opt/airflow/dags/data_ingestion.py took 1.029 seconds
[2025-10-30T10:31:05.934+0000] {processor.py:161} INFO - Started process (PID=14480) to work on /opt/airflow/dags/data_ingestion.py
[2025-10-30T10:31:05.936+0000] {processor.py:830} INFO - Processing file /opt/airflow/dags/data_ingestion.py for tasks to queue
[2025-10-30T10:31:05.940+0000] {logging_mixin.py:188} INFO - [2025-10-30T10:31:05.939+0000] {dagbag.py:545} INFO - Filling up the DagBag from /opt/airflow/dags/data_ingestion.py
[2025-10-30T10:31:06.759+0000] {processor.py:840} INFO - DAG(s) 'police_data_ingestion' retrieved from /opt/airflow/dags/data_ingestion.py
[2025-10-30T10:31:06.824+0000] {logging_mixin.py:188} INFO - [2025-10-30T10:31:06.824+0000] {dag.py:3096} INFO - Sync 1 DAGs
[2025-10-30T10:31:06.853+0000] {logging_mixin.py:188} INFO - [2025-10-30T10:31:06.853+0000] {dag.py:3954} INFO - Setting next_dagrun for police_data_ingestion to 2025-11-01 00:00:00+00:00, run_after=2025-12-01 00:00:00+00:00
[2025-10-30T10:31:06.889+0000] {processor.py:183} INFO - Processing /opt/airflow/dags/data_ingestion.py took 0.970 seconds
[2025-10-30T10:31:37.520+0000] {processor.py:161} INFO - Started process (PID=14492) to work on /opt/airflow/dags/data_ingestion.py
[2025-10-30T10:31:37.523+0000] {processor.py:830} INFO - Processing file /opt/airflow/dags/data_ingestion.py for tasks to queue
[2025-10-30T10:31:37.527+0000] {logging_mixin.py:188} INFO - [2025-10-30T10:31:37.526+0000] {dagbag.py:545} INFO - Filling up the DagBag from /opt/airflow/dags/data_ingestion.py
[2025-10-30T10:31:38.469+0000] {processor.py:840} INFO - DAG(s) 'police_data_ingestion' retrieved from /opt/airflow/dags/data_ingestion.py
[2025-10-30T10:31:38.526+0000] {logging_mixin.py:188} INFO - [2025-10-30T10:31:38.525+0000] {dag.py:3096} INFO - Sync 1 DAGs
[2025-10-30T10:31:38.561+0000] {logging_mixin.py:188} INFO - [2025-10-30T10:31:38.560+0000] {dag.py:3954} INFO - Setting next_dagrun for police_data_ingestion to 2025-11-01 00:00:00+00:00, run_after=2025-12-01 00:00:00+00:00
[2025-10-30T10:31:38.597+0000] {processor.py:183} INFO - Processing /opt/airflow/dags/data_ingestion.py took 1.091 seconds
[2025-10-30T10:32:09.260+0000] {processor.py:161} INFO - Started process (PID=14504) to work on /opt/airflow/dags/data_ingestion.py
[2025-10-30T10:32:09.263+0000] {processor.py:830} INFO - Processing file /opt/airflow/dags/data_ingestion.py for tasks to queue
[2025-10-30T10:32:09.267+0000] {logging_mixin.py:188} INFO - [2025-10-30T10:32:09.267+0000] {dagbag.py:545} INFO - Filling up the DagBag from /opt/airflow/dags/data_ingestion.py
[2025-10-30T10:32:10.081+0000] {processor.py:840} INFO - DAG(s) 'police_data_ingestion' retrieved from /opt/airflow/dags/data_ingestion.py
[2025-10-30T10:32:10.132+0000] {logging_mixin.py:188} INFO - [2025-10-30T10:32:10.131+0000] {dag.py:3096} INFO - Sync 1 DAGs
[2025-10-30T10:32:10.166+0000] {logging_mixin.py:188} INFO - [2025-10-30T10:32:10.166+0000] {dag.py:3954} INFO - Setting next_dagrun for police_data_ingestion to 2025-11-01 00:00:00+00:00, run_after=2025-12-01 00:00:00+00:00
[2025-10-30T10:32:10.214+0000] {processor.py:183} INFO - Processing /opt/airflow/dags/data_ingestion.py took 0.970 seconds
[2025-10-30T10:32:40.842+0000] {processor.py:161} INFO - Started process (PID=14516) to work on /opt/airflow/dags/data_ingestion.py
[2025-10-30T10:32:40.844+0000] {processor.py:830} INFO - Processing file /opt/airflow/dags/data_ingestion.py for tasks to queue
[2025-10-30T10:32:40.849+0000] {logging_mixin.py:188} INFO - [2025-10-30T10:32:40.849+0000] {dagbag.py:545} INFO - Filling up the DagBag from /opt/airflow/dags/data_ingestion.py
[2025-10-30T10:32:41.796+0000] {processor.py:840} INFO - DAG(s) 'police_data_ingestion' retrieved from /opt/airflow/dags/data_ingestion.py
[2025-10-30T10:32:41.848+0000] {logging_mixin.py:188} INFO - [2025-10-30T10:32:41.847+0000] {dag.py:3096} INFO - Sync 1 DAGs
[2025-10-30T10:32:41.883+0000] {logging_mixin.py:188} INFO - [2025-10-30T10:32:41.882+0000] {dag.py:3954} INFO - Setting next_dagrun for police_data_ingestion to 2025-11-01 00:00:00+00:00, run_after=2025-12-01 00:00:00+00:00
[2025-10-30T10:32:41.920+0000] {processor.py:183} INFO - Processing /opt/airflow/dags/data_ingestion.py took 1.099 seconds
[2025-10-30T10:33:12.811+0000] {processor.py:161} INFO - Started process (PID=14528) to work on /opt/airflow/dags/data_ingestion.py
[2025-10-30T10:33:12.813+0000] {processor.py:830} INFO - Processing file /opt/airflow/dags/data_ingestion.py for tasks to queue
[2025-10-30T10:33:12.817+0000] {logging_mixin.py:188} INFO - [2025-10-30T10:33:12.816+0000] {dagbag.py:545} INFO - Filling up the DagBag from /opt/airflow/dags/data_ingestion.py
[2025-10-30T10:33:13.648+0000] {processor.py:840} INFO - DAG(s) 'police_data_ingestion' retrieved from /opt/airflow/dags/data_ingestion.py
[2025-10-30T10:33:13.696+0000] {logging_mixin.py:188} INFO - [2025-10-30T10:33:13.695+0000] {dag.py:3096} INFO - Sync 1 DAGs
[2025-10-30T10:33:13.726+0000] {logging_mixin.py:188} INFO - [2025-10-30T10:33:13.726+0000] {dag.py:3954} INFO - Setting next_dagrun for police_data_ingestion to 2025-11-01 00:00:00+00:00, run_after=2025-12-01 00:00:00+00:00
[2025-10-30T10:33:13.782+0000] {processor.py:183} INFO - Processing /opt/airflow/dags/data_ingestion.py took 0.992 seconds
[2025-10-30T10:33:43.913+0000] {processor.py:161} INFO - Started process (PID=14540) to work on /opt/airflow/dags/data_ingestion.py
[2025-10-30T10:33:43.916+0000] {processor.py:830} INFO - Processing file /opt/airflow/dags/data_ingestion.py for tasks to queue
[2025-10-30T10:33:43.920+0000] {logging_mixin.py:188} INFO - [2025-10-30T10:33:43.920+0000] {dagbag.py:545} INFO - Filling up the DagBag from /opt/airflow/dags/data_ingestion.py
[2025-10-30T10:33:44.804+0000] {processor.py:840} INFO - DAG(s) 'police_data_ingestion' retrieved from /opt/airflow/dags/data_ingestion.py
[2025-10-30T10:33:44.856+0000] {logging_mixin.py:188} INFO - [2025-10-30T10:33:44.856+0000] {dag.py:3096} INFO - Sync 1 DAGs
[2025-10-30T10:33:44.897+0000] {logging_mixin.py:188} INFO - [2025-10-30T10:33:44.897+0000] {dag.py:3954} INFO - Setting next_dagrun for police_data_ingestion to 2025-11-01 00:00:00+00:00, run_after=2025-12-01 00:00:00+00:00
[2025-10-30T10:33:44.931+0000] {processor.py:183} INFO - Processing /opt/airflow/dags/data_ingestion.py took 1.031 seconds
[2025-10-30T10:34:15.565+0000] {processor.py:161} INFO - Started process (PID=14552) to work on /opt/airflow/dags/data_ingestion.py
[2025-10-30T10:34:15.568+0000] {processor.py:830} INFO - Processing file /opt/airflow/dags/data_ingestion.py for tasks to queue
[2025-10-30T10:34:15.573+0000] {logging_mixin.py:188} INFO - [2025-10-30T10:34:15.572+0000] {dagbag.py:545} INFO - Filling up the DagBag from /opt/airflow/dags/data_ingestion.py
[2025-10-30T10:34:16.480+0000] {processor.py:840} INFO - DAG(s) 'police_data_ingestion' retrieved from /opt/airflow/dags/data_ingestion.py
[2025-10-30T10:34:16.528+0000] {logging_mixin.py:188} INFO - [2025-10-30T10:34:16.527+0000] {dag.py:3096} INFO - Sync 1 DAGs
[2025-10-30T10:34:16.566+0000] {logging_mixin.py:188} INFO - [2025-10-30T10:34:16.565+0000] {dag.py:3954} INFO - Setting next_dagrun for police_data_ingestion to 2025-11-01 00:00:00+00:00, run_after=2025-12-01 00:00:00+00:00
[2025-10-30T10:34:16.618+0000] {processor.py:183} INFO - Processing /opt/airflow/dags/data_ingestion.py took 1.069 seconds
[2025-10-30T10:34:47.225+0000] {processor.py:161} INFO - Started process (PID=14564) to work on /opt/airflow/dags/data_ingestion.py
[2025-10-30T10:34:47.227+0000] {processor.py:830} INFO - Processing file /opt/airflow/dags/data_ingestion.py for tasks to queue
[2025-10-30T10:34:47.231+0000] {logging_mixin.py:188} INFO - [2025-10-30T10:34:47.231+0000] {dagbag.py:545} INFO - Filling up the DagBag from /opt/airflow/dags/data_ingestion.py
[2025-10-30T10:34:48.152+0000] {processor.py:840} INFO - DAG(s) 'police_data_ingestion' retrieved from /opt/airflow/dags/data_ingestion.py
[2025-10-30T10:34:48.207+0000] {logging_mixin.py:188} INFO - [2025-10-30T10:34:48.206+0000] {dag.py:3096} INFO - Sync 1 DAGs
[2025-10-30T10:34:48.242+0000] {logging_mixin.py:188} INFO - [2025-10-30T10:34:48.242+0000] {dag.py:3954} INFO - Setting next_dagrun for police_data_ingestion to 2025-11-01 00:00:00+00:00, run_after=2025-12-01 00:00:00+00:00
[2025-10-30T10:34:48.289+0000] {processor.py:183} INFO - Processing /opt/airflow/dags/data_ingestion.py took 1.077 seconds
[2025-10-30T10:35:18.962+0000] {processor.py:161} INFO - Started process (PID=14576) to work on /opt/airflow/dags/data_ingestion.py
[2025-10-30T10:35:18.964+0000] {processor.py:830} INFO - Processing file /opt/airflow/dags/data_ingestion.py for tasks to queue
[2025-10-30T10:35:18.969+0000] {logging_mixin.py:188} INFO - [2025-10-30T10:35:18.968+0000] {dagbag.py:545} INFO - Filling up the DagBag from /opt/airflow/dags/data_ingestion.py
[2025-10-30T10:35:19.784+0000] {processor.py:840} INFO - DAG(s) 'police_data_ingestion' retrieved from /opt/airflow/dags/data_ingestion.py
[2025-10-30T10:35:19.829+0000] {logging_mixin.py:188} INFO - [2025-10-30T10:35:19.828+0000] {dag.py:3096} INFO - Sync 1 DAGs
[2025-10-30T10:35:19.857+0000] {logging_mixin.py:188} INFO - [2025-10-30T10:35:19.857+0000] {dag.py:3954} INFO - Setting next_dagrun for police_data_ingestion to 2025-11-01 00:00:00+00:00, run_after=2025-12-01 00:00:00+00:00
[2025-10-30T10:35:19.906+0000] {processor.py:183} INFO - Processing /opt/airflow/dags/data_ingestion.py took 0.958 seconds
[2025-10-30T10:35:50.522+0000] {processor.py:161} INFO - Started process (PID=14588) to work on /opt/airflow/dags/data_ingestion.py
[2025-10-30T10:35:50.524+0000] {processor.py:830} INFO - Processing file /opt/airflow/dags/data_ingestion.py for tasks to queue
[2025-10-30T10:35:50.528+0000] {logging_mixin.py:188} INFO - [2025-10-30T10:35:50.528+0000] {dagbag.py:545} INFO - Filling up the DagBag from /opt/airflow/dags/data_ingestion.py
[2025-10-30T10:35:51.466+0000] {processor.py:840} INFO - DAG(s) 'police_data_ingestion' retrieved from /opt/airflow/dags/data_ingestion.py
[2025-10-30T10:35:51.517+0000] {logging_mixin.py:188} INFO - [2025-10-30T10:35:51.516+0000] {dag.py:3096} INFO - Sync 1 DAGs
[2025-10-30T10:35:51.553+0000] {logging_mixin.py:188} INFO - [2025-10-30T10:35:51.552+0000] {dag.py:3954} INFO - Setting next_dagrun for police_data_ingestion to 2025-11-01 00:00:00+00:00, run_after=2025-12-01 00:00:00+00:00
[2025-10-30T10:35:51.601+0000] {processor.py:183} INFO - Processing /opt/airflow/dags/data_ingestion.py took 1.092 seconds
[2025-10-30T10:36:22.187+0000] {processor.py:161} INFO - Started process (PID=14600) to work on /opt/airflow/dags/data_ingestion.py
[2025-10-30T10:36:22.189+0000] {processor.py:830} INFO - Processing file /opt/airflow/dags/data_ingestion.py for tasks to queue
[2025-10-30T10:36:22.195+0000] {logging_mixin.py:188} INFO - [2025-10-30T10:36:22.194+0000] {dagbag.py:545} INFO - Filling up the DagBag from /opt/airflow/dags/data_ingestion.py
[2025-10-30T10:36:23.111+0000] {processor.py:840} INFO - DAG(s) 'police_data_ingestion' retrieved from /opt/airflow/dags/data_ingestion.py
[2025-10-30T10:36:23.173+0000] {logging_mixin.py:188} INFO - [2025-10-30T10:36:23.172+0000] {dag.py:3096} INFO - Sync 1 DAGs
[2025-10-30T10:36:23.225+0000] {logging_mixin.py:188} INFO - [2025-10-30T10:36:23.225+0000] {dag.py:3954} INFO - Setting next_dagrun for police_data_ingestion to 2025-11-01 00:00:00+00:00, run_after=2025-12-01 00:00:00+00:00
[2025-10-30T10:36:23.288+0000] {processor.py:183} INFO - Processing /opt/airflow/dags/data_ingestion.py took 1.116 seconds
[2025-10-30T10:36:53.810+0000] {processor.py:161} INFO - Started process (PID=14612) to work on /opt/airflow/dags/data_ingestion.py
[2025-10-30T10:36:53.813+0000] {processor.py:830} INFO - Processing file /opt/airflow/dags/data_ingestion.py for tasks to queue
[2025-10-30T10:36:53.817+0000] {logging_mixin.py:188} INFO - [2025-10-30T10:36:53.816+0000] {dagbag.py:545} INFO - Filling up the DagBag from /opt/airflow/dags/data_ingestion.py
[2025-10-30T10:36:54.793+0000] {processor.py:840} INFO - DAG(s) 'police_data_ingestion' retrieved from /opt/airflow/dags/data_ingestion.py
[2025-10-30T10:36:54.847+0000] {logging_mixin.py:188} INFO - [2025-10-30T10:36:54.846+0000] {dag.py:3096} INFO - Sync 1 DAGs
[2025-10-30T10:36:54.885+0000] {logging_mixin.py:188} INFO - [2025-10-30T10:36:54.885+0000] {dag.py:3954} INFO - Setting next_dagrun for police_data_ingestion to 2025-11-01 00:00:00+00:00, run_after=2025-12-01 00:00:00+00:00
[2025-10-30T10:36:54.921+0000] {processor.py:183} INFO - Processing /opt/airflow/dags/data_ingestion.py took 1.130 seconds
[2025-10-30T10:37:25.549+0000] {processor.py:161} INFO - Started process (PID=14624) to work on /opt/airflow/dags/data_ingestion.py
[2025-10-30T10:37:25.552+0000] {processor.py:830} INFO - Processing file /opt/airflow/dags/data_ingestion.py for tasks to queue
[2025-10-30T10:37:25.556+0000] {logging_mixin.py:188} INFO - [2025-10-30T10:37:25.555+0000] {dagbag.py:545} INFO - Filling up the DagBag from /opt/airflow/dags/data_ingestion.py
[2025-10-30T10:37:26.746+0000] {processor.py:840} INFO - DAG(s) 'police_data_ingestion' retrieved from /opt/airflow/dags/data_ingestion.py
[2025-10-30T10:37:26.823+0000] {logging_mixin.py:188} INFO - [2025-10-30T10:37:26.822+0000] {dag.py:3096} INFO - Sync 1 DAGs
[2025-10-30T10:37:26.865+0000] {logging_mixin.py:188} INFO - [2025-10-30T10:37:26.865+0000] {dag.py:3954} INFO - Setting next_dagrun for police_data_ingestion to 2025-11-01 00:00:00+00:00, run_after=2025-12-01 00:00:00+00:00
[2025-10-30T10:37:26.909+0000] {processor.py:183} INFO - Processing /opt/airflow/dags/data_ingestion.py took 1.374 seconds
[2025-10-30T10:37:57.559+0000] {processor.py:161} INFO - Started process (PID=14636) to work on /opt/airflow/dags/data_ingestion.py
[2025-10-30T10:37:57.562+0000] {processor.py:830} INFO - Processing file /opt/airflow/dags/data_ingestion.py for tasks to queue
[2025-10-30T10:37:57.566+0000] {logging_mixin.py:188} INFO - [2025-10-30T10:37:57.565+0000] {dagbag.py:545} INFO - Filling up the DagBag from /opt/airflow/dags/data_ingestion.py
[2025-10-30T10:37:58.440+0000] {processor.py:840} INFO - DAG(s) 'police_data_ingestion' retrieved from /opt/airflow/dags/data_ingestion.py
[2025-10-30T10:37:58.497+0000] {logging_mixin.py:188} INFO - [2025-10-30T10:37:58.496+0000] {dag.py:3096} INFO - Sync 1 DAGs
[2025-10-30T10:37:58.539+0000] {logging_mixin.py:188} INFO - [2025-10-30T10:37:58.539+0000] {dag.py:3954} INFO - Setting next_dagrun for police_data_ingestion to 2025-11-01 00:00:00+00:00, run_after=2025-12-01 00:00:00+00:00
[2025-10-30T10:37:58.597+0000] {processor.py:183} INFO - Processing /opt/airflow/dags/data_ingestion.py took 1.052 seconds
[2025-10-30T10:38:29.383+0000] {processor.py:161} INFO - Started process (PID=14648) to work on /opt/airflow/dags/data_ingestion.py
[2025-10-30T10:38:29.385+0000] {processor.py:830} INFO - Processing file /opt/airflow/dags/data_ingestion.py for tasks to queue
[2025-10-30T10:38:29.390+0000] {logging_mixin.py:188} INFO - [2025-10-30T10:38:29.389+0000] {dagbag.py:545} INFO - Filling up the DagBag from /opt/airflow/dags/data_ingestion.py
[2025-10-30T10:38:30.170+0000] {processor.py:840} INFO - DAG(s) 'police_data_ingestion' retrieved from /opt/airflow/dags/data_ingestion.py
[2025-10-30T10:38:30.228+0000] {logging_mixin.py:188} INFO - [2025-10-30T10:38:30.228+0000] {dag.py:3096} INFO - Sync 1 DAGs
[2025-10-30T10:38:30.263+0000] {logging_mixin.py:188} INFO - [2025-10-30T10:38:30.262+0000] {dag.py:3954} INFO - Setting next_dagrun for police_data_ingestion to 2025-11-01 00:00:00+00:00, run_after=2025-12-01 00:00:00+00:00
[2025-10-30T10:38:30.308+0000] {processor.py:183} INFO - Processing /opt/airflow/dags/data_ingestion.py took 0.940 seconds
[2025-10-30T10:39:00.937+0000] {processor.py:161} INFO - Started process (PID=14660) to work on /opt/airflow/dags/data_ingestion.py
[2025-10-30T10:39:00.940+0000] {processor.py:830} INFO - Processing file /opt/airflow/dags/data_ingestion.py for tasks to queue
[2025-10-30T10:39:00.946+0000] {logging_mixin.py:188} INFO - [2025-10-30T10:39:00.945+0000] {dagbag.py:545} INFO - Filling up the DagBag from /opt/airflow/dags/data_ingestion.py
[2025-10-30T10:39:01.916+0000] {processor.py:840} INFO - DAG(s) 'police_data_ingestion' retrieved from /opt/airflow/dags/data_ingestion.py
[2025-10-30T10:39:01.961+0000] {logging_mixin.py:188} INFO - [2025-10-30T10:39:01.960+0000] {dag.py:3096} INFO - Sync 1 DAGs
[2025-10-30T10:39:01.995+0000] {logging_mixin.py:188} INFO - [2025-10-30T10:39:01.994+0000] {dag.py:3954} INFO - Setting next_dagrun for police_data_ingestion to 2025-11-01 00:00:00+00:00, run_after=2025-12-01 00:00:00+00:00
[2025-10-30T10:39:02.050+0000] {processor.py:183} INFO - Processing /opt/airflow/dags/data_ingestion.py took 1.130 seconds
[2025-10-30T10:39:32.653+0000] {processor.py:161} INFO - Started process (PID=14672) to work on /opt/airflow/dags/data_ingestion.py
[2025-10-30T10:39:32.655+0000] {processor.py:830} INFO - Processing file /opt/airflow/dags/data_ingestion.py for tasks to queue
[2025-10-30T10:39:32.659+0000] {logging_mixin.py:188} INFO - [2025-10-30T10:39:32.659+0000] {dagbag.py:545} INFO - Filling up the DagBag from /opt/airflow/dags/data_ingestion.py
[2025-10-30T10:39:33.540+0000] {processor.py:840} INFO - DAG(s) 'police_data_ingestion' retrieved from /opt/airflow/dags/data_ingestion.py
[2025-10-30T10:39:33.587+0000] {logging_mixin.py:188} INFO - [2025-10-30T10:39:33.586+0000] {dag.py:3096} INFO - Sync 1 DAGs
[2025-10-30T10:39:33.620+0000] {logging_mixin.py:188} INFO - [2025-10-30T10:39:33.620+0000] {dag.py:3954} INFO - Setting next_dagrun for police_data_ingestion to 2025-11-01 00:00:00+00:00, run_after=2025-12-01 00:00:00+00:00
[2025-10-30T10:39:33.683+0000] {processor.py:183} INFO - Processing /opt/airflow/dags/data_ingestion.py took 1.043 seconds
[2025-10-30T10:40:04.254+0000] {processor.py:161} INFO - Started process (PID=14684) to work on /opt/airflow/dags/data_ingestion.py
[2025-10-30T10:40:04.257+0000] {processor.py:830} INFO - Processing file /opt/airflow/dags/data_ingestion.py for tasks to queue
[2025-10-30T10:40:04.263+0000] {logging_mixin.py:188} INFO - [2025-10-30T10:40:04.262+0000] {dagbag.py:545} INFO - Filling up the DagBag from /opt/airflow/dags/data_ingestion.py
[2025-10-30T10:40:05.060+0000] {processor.py:840} INFO - DAG(s) 'police_data_ingestion' retrieved from /opt/airflow/dags/data_ingestion.py
[2025-10-30T10:40:05.122+0000] {logging_mixin.py:188} INFO - [2025-10-30T10:40:05.121+0000] {dag.py:3096} INFO - Sync 1 DAGs
[2025-10-30T10:40:05.159+0000] {logging_mixin.py:188} INFO - [2025-10-30T10:40:05.159+0000] {dag.py:3954} INFO - Setting next_dagrun for police_data_ingestion to 2025-11-01 00:00:00+00:00, run_after=2025-12-01 00:00:00+00:00
[2025-10-30T10:40:05.203+0000] {processor.py:183} INFO - Processing /opt/airflow/dags/data_ingestion.py took 0.967 seconds
[2025-10-30T10:40:35.953+0000] {processor.py:161} INFO - Started process (PID=14696) to work on /opt/airflow/dags/data_ingestion.py
[2025-10-30T10:40:35.955+0000] {processor.py:830} INFO - Processing file /opt/airflow/dags/data_ingestion.py for tasks to queue
[2025-10-30T10:40:35.959+0000] {logging_mixin.py:188} INFO - [2025-10-30T10:40:35.959+0000] {dagbag.py:545} INFO - Filling up the DagBag from /opt/airflow/dags/data_ingestion.py
[2025-10-30T10:40:36.897+0000] {processor.py:840} INFO - DAG(s) 'police_data_ingestion' retrieved from /opt/airflow/dags/data_ingestion.py
[2025-10-30T10:40:36.951+0000] {logging_mixin.py:188} INFO - [2025-10-30T10:40:36.951+0000] {dag.py:3096} INFO - Sync 1 DAGs
[2025-10-30T10:40:36.990+0000] {logging_mixin.py:188} INFO - [2025-10-30T10:40:36.990+0000] {dag.py:3954} INFO - Setting next_dagrun for police_data_ingestion to 2025-11-01 00:00:00+00:00, run_after=2025-12-01 00:00:00+00:00
[2025-10-30T10:40:37.027+0000] {processor.py:183} INFO - Processing /opt/airflow/dags/data_ingestion.py took 1.086 seconds
[2025-10-30T10:41:07.502+0000] {processor.py:161} INFO - Started process (PID=14708) to work on /opt/airflow/dags/data_ingestion.py
[2025-10-30T10:41:07.504+0000] {processor.py:830} INFO - Processing file /opt/airflow/dags/data_ingestion.py for tasks to queue
[2025-10-30T10:41:07.509+0000] {logging_mixin.py:188} INFO - [2025-10-30T10:41:07.508+0000] {dagbag.py:545} INFO - Filling up the DagBag from /opt/airflow/dags/data_ingestion.py
[2025-10-30T10:41:08.579+0000] {processor.py:840} INFO - DAG(s) 'police_data_ingestion' retrieved from /opt/airflow/dags/data_ingestion.py
[2025-10-30T10:41:08.653+0000] {logging_mixin.py:188} INFO - [2025-10-30T10:41:08.652+0000] {dag.py:3096} INFO - Sync 1 DAGs
[2025-10-30T10:41:08.693+0000] {logging_mixin.py:188} INFO - [2025-10-30T10:41:08.692+0000] {dag.py:3954} INFO - Setting next_dagrun for police_data_ingestion to 2025-11-01 00:00:00+00:00, run_after=2025-12-01 00:00:00+00:00
[2025-10-30T10:41:08.740+0000] {processor.py:183} INFO - Processing /opt/airflow/dags/data_ingestion.py took 1.260 seconds
[2025-10-30T10:41:39.346+0000] {processor.py:161} INFO - Started process (PID=14720) to work on /opt/airflow/dags/data_ingestion.py
[2025-10-30T10:41:39.348+0000] {processor.py:830} INFO - Processing file /opt/airflow/dags/data_ingestion.py for tasks to queue
[2025-10-30T10:41:39.352+0000] {logging_mixin.py:188} INFO - [2025-10-30T10:41:39.351+0000] {dagbag.py:545} INFO - Filling up the DagBag from /opt/airflow/dags/data_ingestion.py
[2025-10-30T10:41:40.219+0000] {processor.py:840} INFO - DAG(s) 'police_data_ingestion' retrieved from /opt/airflow/dags/data_ingestion.py
[2025-10-30T10:41:40.267+0000] {logging_mixin.py:188} INFO - [2025-10-30T10:41:40.266+0000] {dag.py:3096} INFO - Sync 1 DAGs
[2025-10-30T10:41:40.306+0000] {logging_mixin.py:188} INFO - [2025-10-30T10:41:40.305+0000] {dag.py:3954} INFO - Setting next_dagrun for police_data_ingestion to 2025-11-01 00:00:00+00:00, run_after=2025-12-01 00:00:00+00:00
[2025-10-30T10:41:40.362+0000] {processor.py:183} INFO - Processing /opt/airflow/dags/data_ingestion.py took 1.027 seconds
[2025-10-30T10:42:10.966+0000] {processor.py:161} INFO - Started process (PID=14732) to work on /opt/airflow/dags/data_ingestion.py
[2025-10-30T10:42:10.970+0000] {processor.py:830} INFO - Processing file /opt/airflow/dags/data_ingestion.py for tasks to queue
[2025-10-30T10:42:10.975+0000] {logging_mixin.py:188} INFO - [2025-10-30T10:42:10.974+0000] {dagbag.py:545} INFO - Filling up the DagBag from /opt/airflow/dags/data_ingestion.py
[2025-10-30T10:42:11.803+0000] {processor.py:840} INFO - DAG(s) 'police_data_ingestion' retrieved from /opt/airflow/dags/data_ingestion.py
[2025-10-30T10:42:11.854+0000] {logging_mixin.py:188} INFO - [2025-10-30T10:42:11.853+0000] {dag.py:3096} INFO - Sync 1 DAGs
[2025-10-30T10:42:11.895+0000] {logging_mixin.py:188} INFO - [2025-10-30T10:42:11.895+0000] {dag.py:3954} INFO - Setting next_dagrun for police_data_ingestion to 2025-11-01 00:00:00+00:00, run_after=2025-12-01 00:00:00+00:00
[2025-10-30T10:42:11.959+0000] {processor.py:183} INFO - Processing /opt/airflow/dags/data_ingestion.py took 1.013 seconds
[2025-10-30T10:42:42.657+0000] {processor.py:161} INFO - Started process (PID=14744) to work on /opt/airflow/dags/data_ingestion.py
[2025-10-30T10:42:42.660+0000] {processor.py:830} INFO - Processing file /opt/airflow/dags/data_ingestion.py for tasks to queue
[2025-10-30T10:42:42.664+0000] {logging_mixin.py:188} INFO - [2025-10-30T10:42:42.664+0000] {dagbag.py:545} INFO - Filling up the DagBag from /opt/airflow/dags/data_ingestion.py
[2025-10-30T10:42:43.569+0000] {processor.py:840} INFO - DAG(s) 'police_data_ingestion' retrieved from /opt/airflow/dags/data_ingestion.py
[2025-10-30T10:42:43.624+0000] {logging_mixin.py:188} INFO - [2025-10-30T10:42:43.623+0000] {dag.py:3096} INFO - Sync 1 DAGs
[2025-10-30T10:42:43.662+0000] {logging_mixin.py:188} INFO - [2025-10-30T10:42:43.661+0000] {dag.py:3954} INFO - Setting next_dagrun for police_data_ingestion to 2025-11-01 00:00:00+00:00, run_after=2025-12-01 00:00:00+00:00
[2025-10-30T10:42:43.705+0000] {processor.py:183} INFO - Processing /opt/airflow/dags/data_ingestion.py took 1.066 seconds
[2025-10-30T10:43:14.452+0000] {processor.py:161} INFO - Started process (PID=14756) to work on /opt/airflow/dags/data_ingestion.py
[2025-10-30T10:43:14.455+0000] {processor.py:830} INFO - Processing file /opt/airflow/dags/data_ingestion.py for tasks to queue
[2025-10-30T10:43:14.460+0000] {logging_mixin.py:188} INFO - [2025-10-30T10:43:14.459+0000] {dagbag.py:545} INFO - Filling up the DagBag from /opt/airflow/dags/data_ingestion.py
[2025-10-30T10:43:15.341+0000] {processor.py:840} INFO - DAG(s) 'police_data_ingestion' retrieved from /opt/airflow/dags/data_ingestion.py
[2025-10-30T10:43:15.388+0000] {logging_mixin.py:188} INFO - [2025-10-30T10:43:15.387+0000] {dag.py:3096} INFO - Sync 1 DAGs
[2025-10-30T10:43:15.422+0000] {logging_mixin.py:188} INFO - [2025-10-30T10:43:15.421+0000] {dag.py:3954} INFO - Setting next_dagrun for police_data_ingestion to 2025-11-01 00:00:00+00:00, run_after=2025-12-01 00:00:00+00:00
[2025-10-30T10:43:15.475+0000] {processor.py:183} INFO - Processing /opt/airflow/dags/data_ingestion.py took 1.040 seconds
[2025-10-30T10:43:46.124+0000] {processor.py:161} INFO - Started process (PID=14768) to work on /opt/airflow/dags/data_ingestion.py
[2025-10-30T10:43:46.128+0000] {processor.py:830} INFO - Processing file /opt/airflow/dags/data_ingestion.py for tasks to queue
[2025-10-30T10:43:46.136+0000] {logging_mixin.py:188} INFO - [2025-10-30T10:43:46.134+0000] {dagbag.py:545} INFO - Filling up the DagBag from /opt/airflow/dags/data_ingestion.py
[2025-10-30T10:43:47.016+0000] {processor.py:840} INFO - DAG(s) 'police_data_ingestion' retrieved from /opt/airflow/dags/data_ingestion.py
[2025-10-30T10:43:47.071+0000] {logging_mixin.py:188} INFO - [2025-10-30T10:43:47.070+0000] {dag.py:3096} INFO - Sync 1 DAGs
[2025-10-30T10:43:47.110+0000] {logging_mixin.py:188} INFO - [2025-10-30T10:43:47.109+0000] {dag.py:3954} INFO - Setting next_dagrun for police_data_ingestion to 2025-11-01 00:00:00+00:00, run_after=2025-12-01 00:00:00+00:00
[2025-10-30T10:43:47.149+0000] {processor.py:183} INFO - Processing /opt/airflow/dags/data_ingestion.py took 1.051 seconds
[2025-10-30T10:44:17.843+0000] {processor.py:161} INFO - Started process (PID=14780) to work on /opt/airflow/dags/data_ingestion.py
[2025-10-30T10:44:17.845+0000] {processor.py:830} INFO - Processing file /opt/airflow/dags/data_ingestion.py for tasks to queue
[2025-10-30T10:44:17.849+0000] {logging_mixin.py:188} INFO - [2025-10-30T10:44:17.848+0000] {dagbag.py:545} INFO - Filling up the DagBag from /opt/airflow/dags/data_ingestion.py
[2025-10-30T10:44:18.679+0000] {processor.py:840} INFO - DAG(s) 'police_data_ingestion' retrieved from /opt/airflow/dags/data_ingestion.py
[2025-10-30T10:44:18.726+0000] {logging_mixin.py:188} INFO - [2025-10-30T10:44:18.725+0000] {dag.py:3096} INFO - Sync 1 DAGs
[2025-10-30T10:44:18.759+0000] {logging_mixin.py:188} INFO - [2025-10-30T10:44:18.758+0000] {dag.py:3954} INFO - Setting next_dagrun for police_data_ingestion to 2025-11-01 00:00:00+00:00, run_after=2025-12-01 00:00:00+00:00
[2025-10-30T10:44:18.795+0000] {processor.py:183} INFO - Processing /opt/airflow/dags/data_ingestion.py took 0.964 seconds
[2025-10-30T10:44:49.496+0000] {processor.py:161} INFO - Started process (PID=14792) to work on /opt/airflow/dags/data_ingestion.py
[2025-10-30T10:44:49.498+0000] {processor.py:830} INFO - Processing file /opt/airflow/dags/data_ingestion.py for tasks to queue
[2025-10-30T10:44:49.502+0000] {logging_mixin.py:188} INFO - [2025-10-30T10:44:49.502+0000] {dagbag.py:545} INFO - Filling up the DagBag from /opt/airflow/dags/data_ingestion.py
[2025-10-30T10:44:50.305+0000] {processor.py:840} INFO - DAG(s) 'police_data_ingestion' retrieved from /opt/airflow/dags/data_ingestion.py
[2025-10-30T10:44:50.354+0000] {logging_mixin.py:188} INFO - [2025-10-30T10:44:50.353+0000] {dag.py:3096} INFO - Sync 1 DAGs
[2025-10-30T10:44:50.388+0000] {logging_mixin.py:188} INFO - [2025-10-30T10:44:50.387+0000] {dag.py:3954} INFO - Setting next_dagrun for police_data_ingestion to 2025-11-01 00:00:00+00:00, run_after=2025-12-01 00:00:00+00:00
[2025-10-30T10:44:50.431+0000] {processor.py:183} INFO - Processing /opt/airflow/dags/data_ingestion.py took 0.945 seconds
[2025-10-30T10:45:21.100+0000] {processor.py:161} INFO - Started process (PID=14804) to work on /opt/airflow/dags/data_ingestion.py
[2025-10-30T10:45:21.103+0000] {processor.py:830} INFO - Processing file /opt/airflow/dags/data_ingestion.py for tasks to queue
[2025-10-30T10:45:21.107+0000] {logging_mixin.py:188} INFO - [2025-10-30T10:45:21.107+0000] {dagbag.py:545} INFO - Filling up the DagBag from /opt/airflow/dags/data_ingestion.py
[2025-10-30T10:45:21.930+0000] {processor.py:840} INFO - DAG(s) 'police_data_ingestion' retrieved from /opt/airflow/dags/data_ingestion.py
[2025-10-30T10:45:21.985+0000] {logging_mixin.py:188} INFO - [2025-10-30T10:45:21.984+0000] {dag.py:3096} INFO - Sync 1 DAGs
[2025-10-30T10:45:22.019+0000] {logging_mixin.py:188} INFO - [2025-10-30T10:45:22.018+0000] {dag.py:3954} INFO - Setting next_dagrun for police_data_ingestion to 2025-11-01 00:00:00+00:00, run_after=2025-12-01 00:00:00+00:00
[2025-10-30T10:45:22.054+0000] {processor.py:183} INFO - Processing /opt/airflow/dags/data_ingestion.py took 0.977 seconds
[2025-10-30T10:45:52.736+0000] {processor.py:161} INFO - Started process (PID=14816) to work on /opt/airflow/dags/data_ingestion.py
[2025-10-30T10:45:52.738+0000] {processor.py:830} INFO - Processing file /opt/airflow/dags/data_ingestion.py for tasks to queue
[2025-10-30T10:45:52.743+0000] {logging_mixin.py:188} INFO - [2025-10-30T10:45:52.742+0000] {dagbag.py:545} INFO - Filling up the DagBag from /opt/airflow/dags/data_ingestion.py
[2025-10-30T10:45:53.588+0000] {processor.py:840} INFO - DAG(s) 'police_data_ingestion' retrieved from /opt/airflow/dags/data_ingestion.py
[2025-10-30T10:45:53.651+0000] {logging_mixin.py:188} INFO - [2025-10-30T10:45:53.649+0000] {dag.py:3096} INFO - Sync 1 DAGs
[2025-10-30T10:45:53.690+0000] {logging_mixin.py:188} INFO - [2025-10-30T10:45:53.689+0000] {dag.py:3954} INFO - Setting next_dagrun for police_data_ingestion to 2025-11-01 00:00:00+00:00, run_after=2025-12-01 00:00:00+00:00
[2025-10-30T10:45:53.733+0000] {processor.py:183} INFO - Processing /opt/airflow/dags/data_ingestion.py took 1.013 seconds
[2025-10-30T10:46:24.381+0000] {processor.py:161} INFO - Started process (PID=14828) to work on /opt/airflow/dags/data_ingestion.py
[2025-10-30T10:46:24.383+0000] {processor.py:830} INFO - Processing file /opt/airflow/dags/data_ingestion.py for tasks to queue
[2025-10-30T10:46:24.387+0000] {logging_mixin.py:188} INFO - [2025-10-30T10:46:24.386+0000] {dagbag.py:545} INFO - Filling up the DagBag from /opt/airflow/dags/data_ingestion.py
[2025-10-30T10:46:25.226+0000] {processor.py:840} INFO - DAG(s) 'police_data_ingestion' retrieved from /opt/airflow/dags/data_ingestion.py
[2025-10-30T10:46:25.273+0000] {logging_mixin.py:188} INFO - [2025-10-30T10:46:25.273+0000] {dag.py:3096} INFO - Sync 1 DAGs
[2025-10-30T10:46:25.307+0000] {logging_mixin.py:188} INFO - [2025-10-30T10:46:25.306+0000] {dag.py:3954} INFO - Setting next_dagrun for police_data_ingestion to 2025-11-01 00:00:00+00:00, run_after=2025-12-01 00:00:00+00:00
[2025-10-30T10:46:25.357+0000] {processor.py:183} INFO - Processing /opt/airflow/dags/data_ingestion.py took 0.991 seconds
[2025-10-30T10:46:56.088+0000] {processor.py:161} INFO - Started process (PID=14840) to work on /opt/airflow/dags/data_ingestion.py
[2025-10-30T10:46:56.090+0000] {processor.py:830} INFO - Processing file /opt/airflow/dags/data_ingestion.py for tasks to queue
[2025-10-30T10:46:56.094+0000] {logging_mixin.py:188} INFO - [2025-10-30T10:46:56.094+0000] {dagbag.py:545} INFO - Filling up the DagBag from /opt/airflow/dags/data_ingestion.py
[2025-10-30T10:46:56.954+0000] {processor.py:840} INFO - DAG(s) 'police_data_ingestion' retrieved from /opt/airflow/dags/data_ingestion.py
[2025-10-30T10:46:57.010+0000] {logging_mixin.py:188} INFO - [2025-10-30T10:46:57.009+0000] {dag.py:3096} INFO - Sync 1 DAGs
[2025-10-30T10:46:57.046+0000] {logging_mixin.py:188} INFO - [2025-10-30T10:46:57.046+0000] {dag.py:3954} INFO - Setting next_dagrun for police_data_ingestion to 2025-11-01 00:00:00+00:00, run_after=2025-12-01 00:00:00+00:00
[2025-10-30T10:46:57.095+0000] {processor.py:183} INFO - Processing /opt/airflow/dags/data_ingestion.py took 1.020 seconds
[2025-10-30T10:47:27.832+0000] {processor.py:161} INFO - Started process (PID=14852) to work on /opt/airflow/dags/data_ingestion.py
[2025-10-30T10:47:27.834+0000] {processor.py:830} INFO - Processing file /opt/airflow/dags/data_ingestion.py for tasks to queue
[2025-10-30T10:47:27.839+0000] {logging_mixin.py:188} INFO - [2025-10-30T10:47:27.838+0000] {dagbag.py:545} INFO - Filling up the DagBag from /opt/airflow/dags/data_ingestion.py
[2025-10-30T10:47:28.672+0000] {processor.py:840} INFO - DAG(s) 'police_data_ingestion' retrieved from /opt/airflow/dags/data_ingestion.py
[2025-10-30T10:47:28.725+0000] {logging_mixin.py:188} INFO - [2025-10-30T10:47:28.724+0000] {dag.py:3096} INFO - Sync 1 DAGs
[2025-10-30T10:47:28.753+0000] {logging_mixin.py:188} INFO - [2025-10-30T10:47:28.753+0000] {dag.py:3954} INFO - Setting next_dagrun for police_data_ingestion to 2025-11-01 00:00:00+00:00, run_after=2025-12-01 00:00:00+00:00
[2025-10-30T10:47:28.800+0000] {processor.py:183} INFO - Processing /opt/airflow/dags/data_ingestion.py took 0.981 seconds
[2025-10-30T10:47:59.570+0000] {processor.py:161} INFO - Started process (PID=14864) to work on /opt/airflow/dags/data_ingestion.py
[2025-10-30T10:47:59.572+0000] {processor.py:830} INFO - Processing file /opt/airflow/dags/data_ingestion.py for tasks to queue
[2025-10-30T10:47:59.576+0000] {logging_mixin.py:188} INFO - [2025-10-30T10:47:59.576+0000] {dagbag.py:545} INFO - Filling up the DagBag from /opt/airflow/dags/data_ingestion.py
[2025-10-30T10:48:00.397+0000] {processor.py:840} INFO - DAG(s) 'police_data_ingestion' retrieved from /opt/airflow/dags/data_ingestion.py
[2025-10-30T10:48:00.452+0000] {logging_mixin.py:188} INFO - [2025-10-30T10:48:00.450+0000] {dag.py:3096} INFO - Sync 1 DAGs
[2025-10-30T10:48:00.485+0000] {logging_mixin.py:188} INFO - [2025-10-30T10:48:00.485+0000] {dag.py:3954} INFO - Setting next_dagrun for police_data_ingestion to 2025-11-01 00:00:00+00:00, run_after=2025-12-01 00:00:00+00:00
[2025-10-30T10:48:00.524+0000] {processor.py:183} INFO - Processing /opt/airflow/dags/data_ingestion.py took 0.968 seconds
[2025-10-30T10:48:31.454+0000] {processor.py:161} INFO - Started process (PID=14876) to work on /opt/airflow/dags/data_ingestion.py
[2025-10-30T10:48:31.457+0000] {processor.py:830} INFO - Processing file /opt/airflow/dags/data_ingestion.py for tasks to queue
[2025-10-30T10:48:31.461+0000] {logging_mixin.py:188} INFO - [2025-10-30T10:48:31.461+0000] {dagbag.py:545} INFO - Filling up the DagBag from /opt/airflow/dags/data_ingestion.py
[2025-10-30T10:48:32.408+0000] {processor.py:840} INFO - DAG(s) 'police_data_ingestion' retrieved from /opt/airflow/dags/data_ingestion.py
[2025-10-30T10:48:32.457+0000] {logging_mixin.py:188} INFO - [2025-10-30T10:48:32.456+0000] {dag.py:3096} INFO - Sync 1 DAGs
[2025-10-30T10:48:32.506+0000] {logging_mixin.py:188} INFO - [2025-10-30T10:48:32.505+0000] {dag.py:3954} INFO - Setting next_dagrun for police_data_ingestion to 2025-11-01 00:00:00+00:00, run_after=2025-12-01 00:00:00+00:00
[2025-10-30T10:48:32.566+0000] {processor.py:183} INFO - Processing /opt/airflow/dags/data_ingestion.py took 1.131 seconds
[2025-10-30T10:49:03.394+0000] {processor.py:161} INFO - Started process (PID=14888) to work on /opt/airflow/dags/data_ingestion.py
[2025-10-30T10:49:03.399+0000] {processor.py:830} INFO - Processing file /opt/airflow/dags/data_ingestion.py for tasks to queue
[2025-10-30T10:49:03.410+0000] {logging_mixin.py:188} INFO - [2025-10-30T10:49:03.408+0000] {dagbag.py:545} INFO - Filling up the DagBag from /opt/airflow/dags/data_ingestion.py
[2025-10-30T10:49:04.297+0000] {processor.py:840} INFO - DAG(s) 'police_data_ingestion' retrieved from /opt/airflow/dags/data_ingestion.py
[2025-10-30T10:49:04.349+0000] {logging_mixin.py:188} INFO - [2025-10-30T10:49:04.348+0000] {dag.py:3096} INFO - Sync 1 DAGs
[2025-10-30T10:49:04.383+0000] {logging_mixin.py:188} INFO - [2025-10-30T10:49:04.383+0000] {dag.py:3954} INFO - Setting next_dagrun for police_data_ingestion to 2025-11-01 00:00:00+00:00, run_after=2025-12-01 00:00:00+00:00
[2025-10-30T10:49:04.436+0000] {processor.py:183} INFO - Processing /opt/airflow/dags/data_ingestion.py took 1.073 seconds
[2025-10-30T10:49:35.065+0000] {processor.py:161} INFO - Started process (PID=14900) to work on /opt/airflow/dags/data_ingestion.py
[2025-10-30T10:49:35.068+0000] {processor.py:830} INFO - Processing file /opt/airflow/dags/data_ingestion.py for tasks to queue
[2025-10-30T10:49:35.073+0000] {logging_mixin.py:188} INFO - [2025-10-30T10:49:35.072+0000] {dagbag.py:545} INFO - Filling up the DagBag from /opt/airflow/dags/data_ingestion.py
[2025-10-30T10:49:35.910+0000] {processor.py:840} INFO - DAG(s) 'police_data_ingestion' retrieved from /opt/airflow/dags/data_ingestion.py
[2025-10-30T10:49:35.956+0000] {logging_mixin.py:188} INFO - [2025-10-30T10:49:35.956+0000] {dag.py:3096} INFO - Sync 1 DAGs
[2025-10-30T10:49:35.987+0000] {logging_mixin.py:188} INFO - [2025-10-30T10:49:35.987+0000] {dag.py:3954} INFO - Setting next_dagrun for police_data_ingestion to 2025-11-01 00:00:00+00:00, run_after=2025-12-01 00:00:00+00:00
[2025-10-30T10:49:36.044+0000] {processor.py:183} INFO - Processing /opt/airflow/dags/data_ingestion.py took 0.994 seconds
[2025-10-30T10:50:06.769+0000] {processor.py:161} INFO - Started process (PID=14912) to work on /opt/airflow/dags/data_ingestion.py
[2025-10-30T10:50:06.772+0000] {processor.py:830} INFO - Processing file /opt/airflow/dags/data_ingestion.py for tasks to queue
[2025-10-30T10:50:06.776+0000] {logging_mixin.py:188} INFO - [2025-10-30T10:50:06.775+0000] {dagbag.py:545} INFO - Filling up the DagBag from /opt/airflow/dags/data_ingestion.py
[2025-10-30T10:50:07.609+0000] {processor.py:840} INFO - DAG(s) 'police_data_ingestion' retrieved from /opt/airflow/dags/data_ingestion.py
[2025-10-30T10:50:07.665+0000] {logging_mixin.py:188} INFO - [2025-10-30T10:50:07.665+0000] {dag.py:3096} INFO - Sync 1 DAGs
[2025-10-30T10:50:07.697+0000] {logging_mixin.py:188} INFO - [2025-10-30T10:50:07.697+0000] {dag.py:3954} INFO - Setting next_dagrun for police_data_ingestion to 2025-11-01 00:00:00+00:00, run_after=2025-12-01 00:00:00+00:00
[2025-10-30T10:50:07.753+0000] {processor.py:183} INFO - Processing /opt/airflow/dags/data_ingestion.py took 0.997 seconds
[2025-10-30T10:50:38.496+0000] {processor.py:161} INFO - Started process (PID=14924) to work on /opt/airflow/dags/data_ingestion.py
[2025-10-30T10:50:38.499+0000] {processor.py:830} INFO - Processing file /opt/airflow/dags/data_ingestion.py for tasks to queue
[2025-10-30T10:50:38.503+0000] {logging_mixin.py:188} INFO - [2025-10-30T10:50:38.503+0000] {dagbag.py:545} INFO - Filling up the DagBag from /opt/airflow/dags/data_ingestion.py
[2025-10-30T10:50:39.354+0000] {processor.py:840} INFO - DAG(s) 'police_data_ingestion' retrieved from /opt/airflow/dags/data_ingestion.py
[2025-10-30T10:50:39.402+0000] {logging_mixin.py:188} INFO - [2025-10-30T10:50:39.401+0000] {dag.py:3096} INFO - Sync 1 DAGs
[2025-10-30T10:50:39.437+0000] {logging_mixin.py:188} INFO - [2025-10-30T10:50:39.437+0000] {dag.py:3954} INFO - Setting next_dagrun for police_data_ingestion to 2025-11-01 00:00:00+00:00, run_after=2025-12-01 00:00:00+00:00
[2025-10-30T10:50:39.497+0000] {processor.py:183} INFO - Processing /opt/airflow/dags/data_ingestion.py took 1.017 seconds
[2025-10-30T10:51:10.262+0000] {processor.py:161} INFO - Started process (PID=14936) to work on /opt/airflow/dags/data_ingestion.py
[2025-10-30T10:51:10.264+0000] {processor.py:830} INFO - Processing file /opt/airflow/dags/data_ingestion.py for tasks to queue
[2025-10-30T10:51:10.268+0000] {logging_mixin.py:188} INFO - [2025-10-30T10:51:10.268+0000] {dagbag.py:545} INFO - Filling up the DagBag from /opt/airflow/dags/data_ingestion.py
[2025-10-30T10:51:11.137+0000] {processor.py:840} INFO - DAG(s) 'police_data_ingestion' retrieved from /opt/airflow/dags/data_ingestion.py
[2025-10-30T10:51:11.196+0000] {logging_mixin.py:188} INFO - [2025-10-30T10:51:11.195+0000] {dag.py:3096} INFO - Sync 1 DAGs
[2025-10-30T10:51:11.239+0000] {logging_mixin.py:188} INFO - [2025-10-30T10:51:11.238+0000] {dag.py:3954} INFO - Setting next_dagrun for police_data_ingestion to 2025-11-01 00:00:00+00:00, run_after=2025-12-01 00:00:00+00:00
[2025-10-30T10:51:11.270+0000] {processor.py:183} INFO - Processing /opt/airflow/dags/data_ingestion.py took 1.020 seconds
[2025-10-30T10:51:41.989+0000] {processor.py:161} INFO - Started process (PID=14948) to work on /opt/airflow/dags/data_ingestion.py
[2025-10-30T10:51:41.992+0000] {processor.py:830} INFO - Processing file /opt/airflow/dags/data_ingestion.py for tasks to queue
[2025-10-30T10:51:41.997+0000] {logging_mixin.py:188} INFO - [2025-10-30T10:51:41.996+0000] {dagbag.py:545} INFO - Filling up the DagBag from /opt/airflow/dags/data_ingestion.py
[2025-10-30T10:51:42.873+0000] {processor.py:840} INFO - DAG(s) 'police_data_ingestion' retrieved from /opt/airflow/dags/data_ingestion.py
[2025-10-30T10:51:42.940+0000] {logging_mixin.py:188} INFO - [2025-10-30T10:51:42.939+0000] {dag.py:3096} INFO - Sync 1 DAGs
[2025-10-30T10:51:42.991+0000] {logging_mixin.py:188} INFO - [2025-10-30T10:51:42.990+0000] {dag.py:3954} INFO - Setting next_dagrun for police_data_ingestion to 2025-11-01 00:00:00+00:00, run_after=2025-12-01 00:00:00+00:00
[2025-10-30T10:51:43.047+0000] {processor.py:183} INFO - Processing /opt/airflow/dags/data_ingestion.py took 1.074 seconds
[2025-10-30T10:52:13.874+0000] {processor.py:161} INFO - Started process (PID=14960) to work on /opt/airflow/dags/data_ingestion.py
[2025-10-30T10:52:13.877+0000] {processor.py:830} INFO - Processing file /opt/airflow/dags/data_ingestion.py for tasks to queue
[2025-10-30T10:52:13.882+0000] {logging_mixin.py:188} INFO - [2025-10-30T10:52:13.882+0000] {dagbag.py:545} INFO - Filling up the DagBag from /opt/airflow/dags/data_ingestion.py
[2025-10-30T10:52:14.704+0000] {processor.py:840} INFO - DAG(s) 'police_data_ingestion' retrieved from /opt/airflow/dags/data_ingestion.py
[2025-10-30T10:52:14.764+0000] {logging_mixin.py:188} INFO - [2025-10-30T10:52:14.763+0000] {dag.py:3096} INFO - Sync 1 DAGs
[2025-10-30T10:52:14.797+0000] {logging_mixin.py:188} INFO - [2025-10-30T10:52:14.796+0000] {dag.py:3954} INFO - Setting next_dagrun for police_data_ingestion to 2025-11-01 00:00:00+00:00, run_after=2025-12-01 00:00:00+00:00
[2025-10-30T10:52:14.834+0000] {processor.py:183} INFO - Processing /opt/airflow/dags/data_ingestion.py took 0.981 seconds
[2025-10-30T10:52:45.539+0000] {processor.py:161} INFO - Started process (PID=14972) to work on /opt/airflow/dags/data_ingestion.py
[2025-10-30T10:52:45.542+0000] {processor.py:830} INFO - Processing file /opt/airflow/dags/data_ingestion.py for tasks to queue
[2025-10-30T10:52:45.546+0000] {logging_mixin.py:188} INFO - [2025-10-30T10:52:45.546+0000] {dagbag.py:545} INFO - Filling up the DagBag from /opt/airflow/dags/data_ingestion.py
[2025-10-30T10:52:46.492+0000] {processor.py:840} INFO - DAG(s) 'police_data_ingestion' retrieved from /opt/airflow/dags/data_ingestion.py
[2025-10-30T10:52:46.545+0000] {logging_mixin.py:188} INFO - [2025-10-30T10:52:46.545+0000] {dag.py:3096} INFO - Sync 1 DAGs
[2025-10-30T10:52:46.578+0000] {logging_mixin.py:188} INFO - [2025-10-30T10:52:46.578+0000] {dag.py:3954} INFO - Setting next_dagrun for police_data_ingestion to 2025-11-01 00:00:00+00:00, run_after=2025-12-01 00:00:00+00:00
[2025-10-30T10:52:46.631+0000] {processor.py:183} INFO - Processing /opt/airflow/dags/data_ingestion.py took 1.109 seconds
[2025-10-30T10:53:17.463+0000] {processor.py:161} INFO - Started process (PID=14984) to work on /opt/airflow/dags/data_ingestion.py
[2025-10-30T10:53:17.465+0000] {processor.py:830} INFO - Processing file /opt/airflow/dags/data_ingestion.py for tasks to queue
[2025-10-30T10:53:17.468+0000] {logging_mixin.py:188} INFO - [2025-10-30T10:53:17.468+0000] {dagbag.py:545} INFO - Filling up the DagBag from /opt/airflow/dags/data_ingestion.py
[2025-10-30T10:53:18.318+0000] {processor.py:840} INFO - DAG(s) 'police_data_ingestion' retrieved from /opt/airflow/dags/data_ingestion.py
[2025-10-30T10:53:18.375+0000] {logging_mixin.py:188} INFO - [2025-10-30T10:53:18.374+0000] {dag.py:3096} INFO - Sync 1 DAGs
[2025-10-30T10:53:18.423+0000] {logging_mixin.py:188} INFO - [2025-10-30T10:53:18.423+0000] {dag.py:3954} INFO - Setting next_dagrun for police_data_ingestion to 2025-11-01 00:00:00+00:00, run_after=2025-12-01 00:00:00+00:00
[2025-10-30T10:53:18.472+0000] {processor.py:183} INFO - Processing /opt/airflow/dags/data_ingestion.py took 1.030 seconds
[2025-10-30T10:53:49.171+0000] {processor.py:161} INFO - Started process (PID=14996) to work on /opt/airflow/dags/data_ingestion.py
[2025-10-30T10:53:49.174+0000] {processor.py:830} INFO - Processing file /opt/airflow/dags/data_ingestion.py for tasks to queue
[2025-10-30T10:53:49.181+0000] {logging_mixin.py:188} INFO - [2025-10-30T10:53:49.180+0000] {dagbag.py:545} INFO - Filling up the DagBag from /opt/airflow/dags/data_ingestion.py
[2025-10-30T10:53:50.209+0000] {processor.py:840} INFO - DAG(s) 'police_data_ingestion' retrieved from /opt/airflow/dags/data_ingestion.py
[2025-10-30T10:53:50.270+0000] {logging_mixin.py:188} INFO - [2025-10-30T10:53:50.269+0000] {dag.py:3096} INFO - Sync 1 DAGs
[2025-10-30T10:53:50.308+0000] {logging_mixin.py:188} INFO - [2025-10-30T10:53:50.308+0000] {dag.py:3954} INFO - Setting next_dagrun for police_data_ingestion to 2025-11-01 00:00:00+00:00, run_after=2025-12-01 00:00:00+00:00
[2025-10-30T10:53:50.354+0000] {processor.py:183} INFO - Processing /opt/airflow/dags/data_ingestion.py took 1.204 seconds
[2025-10-30T10:54:20.837+0000] {processor.py:161} INFO - Started process (PID=15008) to work on /opt/airflow/dags/data_ingestion.py
[2025-10-30T10:54:20.839+0000] {processor.py:830} INFO - Processing file /opt/airflow/dags/data_ingestion.py for tasks to queue
[2025-10-30T10:54:20.843+0000] {logging_mixin.py:188} INFO - [2025-10-30T10:54:20.842+0000] {dagbag.py:545} INFO - Filling up the DagBag from /opt/airflow/dags/data_ingestion.py
[2025-10-30T10:54:21.704+0000] {processor.py:840} INFO - DAG(s) 'police_data_ingestion' retrieved from /opt/airflow/dags/data_ingestion.py
[2025-10-30T10:54:21.761+0000] {logging_mixin.py:188} INFO - [2025-10-30T10:54:21.760+0000] {dag.py:3096} INFO - Sync 1 DAGs
[2025-10-30T10:54:21.814+0000] {logging_mixin.py:188} INFO - [2025-10-30T10:54:21.813+0000] {dag.py:3954} INFO - Setting next_dagrun for police_data_ingestion to 2025-11-01 00:00:00+00:00, run_after=2025-12-01 00:00:00+00:00
[2025-10-30T10:54:21.873+0000] {processor.py:183} INFO - Processing /opt/airflow/dags/data_ingestion.py took 1.051 seconds
[2025-10-30T10:54:52.581+0000] {processor.py:161} INFO - Started process (PID=15020) to work on /opt/airflow/dags/data_ingestion.py
[2025-10-30T10:54:52.583+0000] {processor.py:830} INFO - Processing file /opt/airflow/dags/data_ingestion.py for tasks to queue
[2025-10-30T10:54:52.589+0000] {logging_mixin.py:188} INFO - [2025-10-30T10:54:52.588+0000] {dagbag.py:545} INFO - Filling up the DagBag from /opt/airflow/dags/data_ingestion.py
[2025-10-30T10:54:53.581+0000] {processor.py:840} INFO - DAG(s) 'police_data_ingestion' retrieved from /opt/airflow/dags/data_ingestion.py
[2025-10-30T10:54:53.644+0000] {logging_mixin.py:188} INFO - [2025-10-30T10:54:53.643+0000] {dag.py:3096} INFO - Sync 1 DAGs
[2025-10-30T10:54:53.683+0000] {logging_mixin.py:188} INFO - [2025-10-30T10:54:53.682+0000] {dag.py:3954} INFO - Setting next_dagrun for police_data_ingestion to 2025-11-01 00:00:00+00:00, run_after=2025-12-01 00:00:00+00:00
[2025-10-30T10:54:53.723+0000] {processor.py:183} INFO - Processing /opt/airflow/dags/data_ingestion.py took 1.158 seconds
[2025-10-30T10:55:24.439+0000] {processor.py:161} INFO - Started process (PID=15032) to work on /opt/airflow/dags/data_ingestion.py
[2025-10-30T10:55:24.443+0000] {processor.py:830} INFO - Processing file /opt/airflow/dags/data_ingestion.py for tasks to queue
[2025-10-30T10:55:24.448+0000] {logging_mixin.py:188} INFO - [2025-10-30T10:55:24.447+0000] {dagbag.py:545} INFO - Filling up the DagBag from /opt/airflow/dags/data_ingestion.py
[2025-10-30T10:55:25.258+0000] {processor.py:840} INFO - DAG(s) 'police_data_ingestion' retrieved from /opt/airflow/dags/data_ingestion.py
[2025-10-30T10:55:25.310+0000] {logging_mixin.py:188} INFO - [2025-10-30T10:55:25.310+0000] {dag.py:3096} INFO - Sync 1 DAGs
[2025-10-30T10:55:25.356+0000] {logging_mixin.py:188} INFO - [2025-10-30T10:55:25.355+0000] {dag.py:3954} INFO - Setting next_dagrun for police_data_ingestion to 2025-11-01 00:00:00+00:00, run_after=2025-12-01 00:00:00+00:00
[2025-10-30T10:55:25.407+0000] {processor.py:183} INFO - Processing /opt/airflow/dags/data_ingestion.py took 0.986 seconds
[2025-10-30T10:55:56.099+0000] {processor.py:161} INFO - Started process (PID=15044) to work on /opt/airflow/dags/data_ingestion.py
[2025-10-30T10:55:56.102+0000] {processor.py:830} INFO - Processing file /opt/airflow/dags/data_ingestion.py for tasks to queue
[2025-10-30T10:55:56.106+0000] {logging_mixin.py:188} INFO - [2025-10-30T10:55:56.105+0000] {dagbag.py:545} INFO - Filling up the DagBag from /opt/airflow/dags/data_ingestion.py
[2025-10-30T10:55:57.543+0000] {processor.py:840} INFO - DAG(s) 'police_data_ingestion' retrieved from /opt/airflow/dags/data_ingestion.py
[2025-10-30T10:55:57.602+0000] {logging_mixin.py:188} INFO - [2025-10-30T10:55:57.601+0000] {dag.py:3096} INFO - Sync 1 DAGs
[2025-10-30T10:55:57.645+0000] {logging_mixin.py:188} INFO - [2025-10-30T10:55:57.644+0000] {dag.py:3954} INFO - Setting next_dagrun for police_data_ingestion to 2025-11-01 00:00:00+00:00, run_after=2025-12-01 00:00:00+00:00
[2025-10-30T10:55:57.694+0000] {processor.py:183} INFO - Processing /opt/airflow/dags/data_ingestion.py took 1.610 seconds
[2025-10-30T10:56:28.391+0000] {processor.py:161} INFO - Started process (PID=15056) to work on /opt/airflow/dags/data_ingestion.py
[2025-10-30T10:56:28.394+0000] {processor.py:830} INFO - Processing file /opt/airflow/dags/data_ingestion.py for tasks to queue
[2025-10-30T10:56:28.398+0000] {logging_mixin.py:188} INFO - [2025-10-30T10:56:28.397+0000] {dagbag.py:545} INFO - Filling up the DagBag from /opt/airflow/dags/data_ingestion.py
[2025-10-30T10:56:29.291+0000] {processor.py:840} INFO - DAG(s) 'police_data_ingestion' retrieved from /opt/airflow/dags/data_ingestion.py
[2025-10-30T10:56:29.351+0000] {logging_mixin.py:188} INFO - [2025-10-30T10:56:29.350+0000] {dag.py:3096} INFO - Sync 1 DAGs
[2025-10-30T10:56:29.396+0000] {logging_mixin.py:188} INFO - [2025-10-30T10:56:29.396+0000] {dag.py:3954} INFO - Setting next_dagrun for police_data_ingestion to 2025-11-01 00:00:00+00:00, run_after=2025-12-01 00:00:00+00:00
[2025-10-30T10:56:29.454+0000] {processor.py:183} INFO - Processing /opt/airflow/dags/data_ingestion.py took 1.076 seconds
[2025-10-30T10:57:00.118+0000] {processor.py:161} INFO - Started process (PID=15068) to work on /opt/airflow/dags/data_ingestion.py
[2025-10-30T10:57:00.121+0000] {processor.py:830} INFO - Processing file /opt/airflow/dags/data_ingestion.py for tasks to queue
[2025-10-30T10:57:00.126+0000] {logging_mixin.py:188} INFO - [2025-10-30T10:57:00.125+0000] {dagbag.py:545} INFO - Filling up the DagBag from /opt/airflow/dags/data_ingestion.py
[2025-10-30T10:57:01.218+0000] {processor.py:840} INFO - DAG(s) 'police_data_ingestion' retrieved from /opt/airflow/dags/data_ingestion.py
[2025-10-30T10:57:01.299+0000] {logging_mixin.py:188} INFO - [2025-10-30T10:57:01.298+0000] {dag.py:3096} INFO - Sync 1 DAGs
[2025-10-30T10:57:01.348+0000] {logging_mixin.py:188} INFO - [2025-10-30T10:57:01.347+0000] {dag.py:3954} INFO - Setting next_dagrun for police_data_ingestion to 2025-11-01 00:00:00+00:00, run_after=2025-12-01 00:00:00+00:00
[2025-10-30T10:57:01.404+0000] {processor.py:183} INFO - Processing /opt/airflow/dags/data_ingestion.py took 1.301 seconds
[2025-10-30T10:57:31.950+0000] {processor.py:161} INFO - Started process (PID=15080) to work on /opt/airflow/dags/data_ingestion.py
[2025-10-30T10:57:31.953+0000] {processor.py:830} INFO - Processing file /opt/airflow/dags/data_ingestion.py for tasks to queue
[2025-10-30T10:57:31.956+0000] {logging_mixin.py:188} INFO - [2025-10-30T10:57:31.956+0000] {dagbag.py:545} INFO - Filling up the DagBag from /opt/airflow/dags/data_ingestion.py
[2025-10-30T10:57:32.874+0000] {processor.py:840} INFO - DAG(s) 'police_data_ingestion' retrieved from /opt/airflow/dags/data_ingestion.py
[2025-10-30T10:57:32.941+0000] {logging_mixin.py:188} INFO - [2025-10-30T10:57:32.940+0000] {dag.py:3096} INFO - Sync 1 DAGs
[2025-10-30T10:57:32.987+0000] {logging_mixin.py:188} INFO - [2025-10-30T10:57:32.986+0000] {dag.py:3954} INFO - Setting next_dagrun for police_data_ingestion to 2025-11-01 00:00:00+00:00, run_after=2025-12-01 00:00:00+00:00
[2025-10-30T10:57:33.035+0000] {processor.py:183} INFO - Processing /opt/airflow/dags/data_ingestion.py took 1.096 seconds
[2025-10-30T10:58:03.662+0000] {processor.py:161} INFO - Started process (PID=15092) to work on /opt/airflow/dags/data_ingestion.py
[2025-10-30T10:58:03.664+0000] {processor.py:830} INFO - Processing file /opt/airflow/dags/data_ingestion.py for tasks to queue
[2025-10-30T10:58:03.668+0000] {logging_mixin.py:188} INFO - [2025-10-30T10:58:03.667+0000] {dagbag.py:545} INFO - Filling up the DagBag from /opt/airflow/dags/data_ingestion.py
[2025-10-30T10:58:04.488+0000] {processor.py:840} INFO - DAG(s) 'police_data_ingestion' retrieved from /opt/airflow/dags/data_ingestion.py
[2025-10-30T10:58:04.543+0000] {logging_mixin.py:188} INFO - [2025-10-30T10:58:04.543+0000] {dag.py:3096} INFO - Sync 1 DAGs
[2025-10-30T10:58:04.577+0000] {logging_mixin.py:188} INFO - [2025-10-30T10:58:04.577+0000] {dag.py:3954} INFO - Setting next_dagrun for police_data_ingestion to 2025-11-01 00:00:00+00:00, run_after=2025-12-01 00:00:00+00:00
[2025-10-30T10:58:04.610+0000] {processor.py:183} INFO - Processing /opt/airflow/dags/data_ingestion.py took 0.960 seconds
[2025-10-30T10:58:35.471+0000] {processor.py:161} INFO - Started process (PID=15104) to work on /opt/airflow/dags/data_ingestion.py
[2025-10-30T10:58:35.473+0000] {processor.py:830} INFO - Processing file /opt/airflow/dags/data_ingestion.py for tasks to queue
[2025-10-30T10:58:35.479+0000] {logging_mixin.py:188} INFO - [2025-10-30T10:58:35.478+0000] {dagbag.py:545} INFO - Filling up the DagBag from /opt/airflow/dags/data_ingestion.py
[2025-10-30T10:58:36.353+0000] {processor.py:840} INFO - DAG(s) 'police_data_ingestion' retrieved from /opt/airflow/dags/data_ingestion.py
[2025-10-30T10:58:36.411+0000] {logging_mixin.py:188} INFO - [2025-10-30T10:58:36.410+0000] {dag.py:3096} INFO - Sync 1 DAGs
[2025-10-30T10:58:36.450+0000] {logging_mixin.py:188} INFO - [2025-10-30T10:58:36.449+0000] {dag.py:3954} INFO - Setting next_dagrun for police_data_ingestion to 2025-11-01 00:00:00+00:00, run_after=2025-12-01 00:00:00+00:00
[2025-10-30T10:58:36.504+0000] {processor.py:183} INFO - Processing /opt/airflow/dags/data_ingestion.py took 1.053 seconds
[2025-10-30T10:59:07.197+0000] {processor.py:161} INFO - Started process (PID=15116) to work on /opt/airflow/dags/data_ingestion.py
[2025-10-30T10:59:07.200+0000] {processor.py:830} INFO - Processing file /opt/airflow/dags/data_ingestion.py for tasks to queue
[2025-10-30T10:59:07.204+0000] {logging_mixin.py:188} INFO - [2025-10-30T10:59:07.203+0000] {dagbag.py:545} INFO - Filling up the DagBag from /opt/airflow/dags/data_ingestion.py
[2025-10-30T10:59:08.006+0000] {processor.py:840} INFO - DAG(s) 'police_data_ingestion' retrieved from /opt/airflow/dags/data_ingestion.py
[2025-10-30T10:59:08.052+0000] {logging_mixin.py:188} INFO - [2025-10-30T10:59:08.052+0000] {dag.py:3096} INFO - Sync 1 DAGs
[2025-10-30T10:59:08.086+0000] {logging_mixin.py:188} INFO - [2025-10-30T10:59:08.086+0000] {dag.py:3954} INFO - Setting next_dagrun for police_data_ingestion to 2025-11-01 00:00:00+00:00, run_after=2025-12-01 00:00:00+00:00
[2025-10-30T10:59:08.118+0000] {processor.py:183} INFO - Processing /opt/airflow/dags/data_ingestion.py took 0.937 seconds
