[2025-10-30T05:37:40.682+0000] {processor.py:161} INFO - Started process (PID=7808) to work on /opt/airflow/dags/etl_clickhouse.py
[2025-10-30T05:37:40.729+0000] {processor.py:830} INFO - Processing file /opt/airflow/dags/etl_clickhouse.py for tasks to queue
[2025-10-30T05:37:40.774+0000] {logging_mixin.py:188} INFO - [2025-10-30T05:37:40.772+0000] {dagbag.py:545} INFO - Filling up the DagBag from /opt/airflow/dags/etl_clickhouse.py
[2025-10-30T05:37:45.580+0000] {processor.py:840} INFO - DAG(s) 'move_data_to_clickhouse' retrieved from /opt/airflow/dags/etl_clickhouse.py
[2025-10-30T05:37:45.806+0000] {logging_mixin.py:188} INFO - [2025-10-30T05:37:45.805+0000] {dag.py:3096} INFO - Sync 1 DAGs
[2025-10-30T05:37:45.920+0000] {logging_mixin.py:188} INFO - [2025-10-30T05:37:45.919+0000] {dag.py:3954} INFO - Setting next_dagrun for move_data_to_clickhouse to None, run_after=None
[2025-10-30T05:37:46.593+0000] {processor.py:183} INFO - Processing /opt/airflow/dags/etl_clickhouse.py took 5.987 seconds
[2025-10-30T05:38:16.895+0000] {processor.py:161} INFO - Started process (PID=7820) to work on /opt/airflow/dags/etl_clickhouse.py
[2025-10-30T05:38:16.897+0000] {processor.py:830} INFO - Processing file /opt/airflow/dags/etl_clickhouse.py for tasks to queue
[2025-10-30T05:38:16.901+0000] {logging_mixin.py:188} INFO - [2025-10-30T05:38:16.901+0000] {dagbag.py:545} INFO - Filling up the DagBag from /opt/airflow/dags/etl_clickhouse.py
[2025-10-30T05:38:17.767+0000] {processor.py:840} INFO - DAG(s) 'move_data_to_clickhouse' retrieved from /opt/airflow/dags/etl_clickhouse.py
[2025-10-30T05:38:17.832+0000] {logging_mixin.py:188} INFO - [2025-10-30T05:38:17.832+0000] {dag.py:3096} INFO - Sync 1 DAGs
[2025-10-30T05:38:17.859+0000] {logging_mixin.py:188} INFO - [2025-10-30T05:38:17.859+0000] {dag.py:3954} INFO - Setting next_dagrun for move_data_to_clickhouse to None, run_after=None
[2025-10-30T05:38:17.902+0000] {processor.py:183} INFO - Processing /opt/airflow/dags/etl_clickhouse.py took 1.020 seconds
[2025-10-30T05:38:48.504+0000] {processor.py:161} INFO - Started process (PID=7832) to work on /opt/airflow/dags/etl_clickhouse.py
[2025-10-30T05:38:48.507+0000] {processor.py:830} INFO - Processing file /opt/airflow/dags/etl_clickhouse.py for tasks to queue
[2025-10-30T05:38:48.519+0000] {logging_mixin.py:188} INFO - [2025-10-30T05:38:48.517+0000] {dagbag.py:545} INFO - Filling up the DagBag from /opt/airflow/dags/etl_clickhouse.py
[2025-10-30T05:38:49.692+0000] {processor.py:840} INFO - DAG(s) 'move_data_to_clickhouse' retrieved from /opt/airflow/dags/etl_clickhouse.py
[2025-10-30T05:38:49.770+0000] {logging_mixin.py:188} INFO - [2025-10-30T05:38:49.769+0000] {dag.py:3096} INFO - Sync 1 DAGs
[2025-10-30T05:38:49.801+0000] {logging_mixin.py:188} INFO - [2025-10-30T05:38:49.800+0000] {dag.py:3954} INFO - Setting next_dagrun for move_data_to_clickhouse to None, run_after=None
[2025-10-30T05:38:49.847+0000] {processor.py:183} INFO - Processing /opt/airflow/dags/etl_clickhouse.py took 1.369 seconds
[2025-10-30T05:39:20.649+0000] {processor.py:161} INFO - Started process (PID=7844) to work on /opt/airflow/dags/etl_clickhouse.py
[2025-10-30T05:39:20.652+0000] {processor.py:830} INFO - Processing file /opt/airflow/dags/etl_clickhouse.py for tasks to queue
[2025-10-30T05:39:20.658+0000] {logging_mixin.py:188} INFO - [2025-10-30T05:39:20.656+0000] {dagbag.py:545} INFO - Filling up the DagBag from /opt/airflow/dags/etl_clickhouse.py
[2025-10-30T05:39:21.575+0000] {processor.py:840} INFO - DAG(s) 'move_data_to_clickhouse' retrieved from /opt/airflow/dags/etl_clickhouse.py
[2025-10-30T05:39:21.660+0000] {logging_mixin.py:188} INFO - [2025-10-30T05:39:21.659+0000] {dag.py:3096} INFO - Sync 1 DAGs
[2025-10-30T05:39:21.688+0000] {logging_mixin.py:188} INFO - [2025-10-30T05:39:21.687+0000] {dag.py:3954} INFO - Setting next_dagrun for move_data_to_clickhouse to None, run_after=None
[2025-10-30T05:39:21.743+0000] {processor.py:183} INFO - Processing /opt/airflow/dags/etl_clickhouse.py took 1.112 seconds
[2025-10-30T05:39:52.541+0000] {processor.py:161} INFO - Started process (PID=7856) to work on /opt/airflow/dags/etl_clickhouse.py
[2025-10-30T05:39:52.543+0000] {processor.py:830} INFO - Processing file /opt/airflow/dags/etl_clickhouse.py for tasks to queue
[2025-10-30T05:39:52.554+0000] {logging_mixin.py:188} INFO - [2025-10-30T05:39:52.553+0000] {dagbag.py:545} INFO - Filling up the DagBag from /opt/airflow/dags/etl_clickhouse.py
[2025-10-30T05:39:54.245+0000] {processor.py:840} INFO - DAG(s) 'move_data_to_clickhouse' retrieved from /opt/airflow/dags/etl_clickhouse.py
[2025-10-30T05:39:54.341+0000] {logging_mixin.py:188} INFO - [2025-10-30T05:39:54.340+0000] {dag.py:3096} INFO - Sync 1 DAGs
[2025-10-30T05:39:54.393+0000] {logging_mixin.py:188} INFO - [2025-10-30T05:39:54.392+0000] {dag.py:3954} INFO - Setting next_dagrun for move_data_to_clickhouse to None, run_after=None
[2025-10-30T05:39:54.601+0000] {processor.py:183} INFO - Processing /opt/airflow/dags/etl_clickhouse.py took 2.083 seconds
[2025-10-30T05:40:25.565+0000] {processor.py:161} INFO - Started process (PID=7868) to work on /opt/airflow/dags/etl_clickhouse.py
[2025-10-30T05:40:25.569+0000] {processor.py:830} INFO - Processing file /opt/airflow/dags/etl_clickhouse.py for tasks to queue
[2025-10-30T05:40:25.581+0000] {logging_mixin.py:188} INFO - [2025-10-30T05:40:25.578+0000] {dagbag.py:545} INFO - Filling up the DagBag from /opt/airflow/dags/etl_clickhouse.py
[2025-10-30T05:40:26.952+0000] {processor.py:840} INFO - DAG(s) 'move_data_to_clickhouse' retrieved from /opt/airflow/dags/etl_clickhouse.py
[2025-10-30T05:40:27.070+0000] {logging_mixin.py:188} INFO - [2025-10-30T05:40:27.069+0000] {dag.py:3096} INFO - Sync 1 DAGs
[2025-10-30T05:40:27.107+0000] {logging_mixin.py:188} INFO - [2025-10-30T05:40:27.106+0000] {dag.py:3954} INFO - Setting next_dagrun for move_data_to_clickhouse to None, run_after=None
[2025-10-30T05:40:27.173+0000] {processor.py:183} INFO - Processing /opt/airflow/dags/etl_clickhouse.py took 1.644 seconds
[2025-10-30T05:40:57.514+0000] {processor.py:161} INFO - Started process (PID=7880) to work on /opt/airflow/dags/etl_clickhouse.py
[2025-10-30T05:40:57.516+0000] {processor.py:830} INFO - Processing file /opt/airflow/dags/etl_clickhouse.py for tasks to queue
[2025-10-30T05:40:57.523+0000] {logging_mixin.py:188} INFO - [2025-10-30T05:40:57.521+0000] {dagbag.py:545} INFO - Filling up the DagBag from /opt/airflow/dags/etl_clickhouse.py
[2025-10-30T05:40:58.790+0000] {processor.py:840} INFO - DAG(s) 'move_data_to_clickhouse' retrieved from /opt/airflow/dags/etl_clickhouse.py
[2025-10-30T05:40:58.877+0000] {logging_mixin.py:188} INFO - [2025-10-30T05:40:58.876+0000] {dag.py:3096} INFO - Sync 1 DAGs
[2025-10-30T05:40:58.919+0000] {logging_mixin.py:188} INFO - [2025-10-30T05:40:58.917+0000] {dag.py:3954} INFO - Setting next_dagrun for move_data_to_clickhouse to None, run_after=None
[2025-10-30T05:40:58.978+0000] {processor.py:183} INFO - Processing /opt/airflow/dags/etl_clickhouse.py took 1.483 seconds
[2025-10-30T05:41:29.179+0000] {processor.py:161} INFO - Started process (PID=7892) to work on /opt/airflow/dags/etl_clickhouse.py
[2025-10-30T05:41:29.183+0000] {processor.py:830} INFO - Processing file /opt/airflow/dags/etl_clickhouse.py for tasks to queue
[2025-10-30T05:41:29.190+0000] {logging_mixin.py:188} INFO - [2025-10-30T05:41:29.189+0000] {dagbag.py:545} INFO - Filling up the DagBag from /opt/airflow/dags/etl_clickhouse.py
[2025-10-30T05:41:30.426+0000] {processor.py:840} INFO - DAG(s) 'move_data_to_clickhouse' retrieved from /opt/airflow/dags/etl_clickhouse.py
[2025-10-30T05:41:30.525+0000] {logging_mixin.py:188} INFO - [2025-10-30T05:41:30.525+0000] {dag.py:3096} INFO - Sync 1 DAGs
[2025-10-30T05:41:30.554+0000] {logging_mixin.py:188} INFO - [2025-10-30T05:41:30.553+0000] {dag.py:3954} INFO - Setting next_dagrun for move_data_to_clickhouse to None, run_after=None
[2025-10-30T05:41:30.612+0000] {processor.py:183} INFO - Processing /opt/airflow/dags/etl_clickhouse.py took 1.462 seconds
[2025-10-30T05:42:01.036+0000] {processor.py:161} INFO - Started process (PID=7904) to work on /opt/airflow/dags/etl_clickhouse.py
[2025-10-30T05:42:01.039+0000] {processor.py:830} INFO - Processing file /opt/airflow/dags/etl_clickhouse.py for tasks to queue
[2025-10-30T05:42:01.044+0000] {logging_mixin.py:188} INFO - [2025-10-30T05:42:01.043+0000] {dagbag.py:545} INFO - Filling up the DagBag from /opt/airflow/dags/etl_clickhouse.py
[2025-10-30T05:42:02.145+0000] {processor.py:840} INFO - DAG(s) 'move_data_to_clickhouse' retrieved from /opt/airflow/dags/etl_clickhouse.py
[2025-10-30T05:42:02.244+0000] {logging_mixin.py:188} INFO - [2025-10-30T05:42:02.243+0000] {dag.py:3096} INFO - Sync 1 DAGs
[2025-10-30T05:42:02.280+0000] {logging_mixin.py:188} INFO - [2025-10-30T05:42:02.280+0000] {dag.py:3954} INFO - Setting next_dagrun for move_data_to_clickhouse to None, run_after=None
[2025-10-30T05:42:02.362+0000] {processor.py:183} INFO - Processing /opt/airflow/dags/etl_clickhouse.py took 1.351 seconds
[2025-10-30T05:42:32.499+0000] {processor.py:161} INFO - Started process (PID=7916) to work on /opt/airflow/dags/etl_clickhouse.py
[2025-10-30T05:42:32.502+0000] {processor.py:830} INFO - Processing file /opt/airflow/dags/etl_clickhouse.py for tasks to queue
[2025-10-30T05:42:32.508+0000] {logging_mixin.py:188} INFO - [2025-10-30T05:42:32.507+0000] {dagbag.py:545} INFO - Filling up the DagBag from /opt/airflow/dags/etl_clickhouse.py
[2025-10-30T05:42:33.482+0000] {processor.py:840} INFO - DAG(s) 'move_data_to_clickhouse' retrieved from /opt/airflow/dags/etl_clickhouse.py
[2025-10-30T05:42:33.577+0000] {logging_mixin.py:188} INFO - [2025-10-30T05:42:33.575+0000] {dag.py:3096} INFO - Sync 1 DAGs
[2025-10-30T05:42:33.605+0000] {logging_mixin.py:188} INFO - [2025-10-30T05:42:33.605+0000] {dag.py:3954} INFO - Setting next_dagrun for move_data_to_clickhouse to None, run_after=None
[2025-10-30T05:42:33.692+0000] {processor.py:183} INFO - Processing /opt/airflow/dags/etl_clickhouse.py took 1.211 seconds
[2025-10-30T05:43:03.978+0000] {processor.py:161} INFO - Started process (PID=7928) to work on /opt/airflow/dags/etl_clickhouse.py
[2025-10-30T05:43:03.980+0000] {processor.py:830} INFO - Processing file /opt/airflow/dags/etl_clickhouse.py for tasks to queue
[2025-10-30T05:43:03.986+0000] {logging_mixin.py:188} INFO - [2025-10-30T05:43:03.984+0000] {dagbag.py:545} INFO - Filling up the DagBag from /opt/airflow/dags/etl_clickhouse.py
[2025-10-30T05:43:05.113+0000] {processor.py:840} INFO - DAG(s) 'move_data_to_clickhouse' retrieved from /opt/airflow/dags/etl_clickhouse.py
[2025-10-30T05:43:05.214+0000] {logging_mixin.py:188} INFO - [2025-10-30T05:43:05.213+0000] {dag.py:3096} INFO - Sync 1 DAGs
[2025-10-30T05:43:05.264+0000] {logging_mixin.py:188} INFO - [2025-10-30T05:43:05.263+0000] {dag.py:3954} INFO - Setting next_dagrun for move_data_to_clickhouse to None, run_after=None
[2025-10-30T05:43:05.358+0000] {processor.py:183} INFO - Processing /opt/airflow/dags/etl_clickhouse.py took 1.396 seconds
[2025-10-30T05:43:36.016+0000] {processor.py:161} INFO - Started process (PID=7940) to work on /opt/airflow/dags/etl_clickhouse.py
[2025-10-30T05:43:36.020+0000] {processor.py:830} INFO - Processing file /opt/airflow/dags/etl_clickhouse.py for tasks to queue
[2025-10-30T05:43:36.025+0000] {logging_mixin.py:188} INFO - [2025-10-30T05:43:36.024+0000] {dagbag.py:545} INFO - Filling up the DagBag from /opt/airflow/dags/etl_clickhouse.py
[2025-10-30T05:43:37.255+0000] {processor.py:840} INFO - DAG(s) 'move_data_to_clickhouse' retrieved from /opt/airflow/dags/etl_clickhouse.py
[2025-10-30T05:43:37.384+0000] {logging_mixin.py:188} INFO - [2025-10-30T05:43:37.383+0000] {dag.py:3096} INFO - Sync 1 DAGs
[2025-10-30T05:43:37.429+0000] {logging_mixin.py:188} INFO - [2025-10-30T05:43:37.428+0000] {dag.py:3954} INFO - Setting next_dagrun for move_data_to_clickhouse to None, run_after=None
[2025-10-30T05:43:37.489+0000] {processor.py:183} INFO - Processing /opt/airflow/dags/etl_clickhouse.py took 1.498 seconds
[2025-10-30T05:44:08.134+0000] {processor.py:161} INFO - Started process (PID=7952) to work on /opt/airflow/dags/etl_clickhouse.py
[2025-10-30T05:44:08.137+0000] {processor.py:830} INFO - Processing file /opt/airflow/dags/etl_clickhouse.py for tasks to queue
[2025-10-30T05:44:08.145+0000] {logging_mixin.py:188} INFO - [2025-10-30T05:44:08.143+0000] {dagbag.py:545} INFO - Filling up the DagBag from /opt/airflow/dags/etl_clickhouse.py
[2025-10-30T05:44:09.565+0000] {processor.py:840} INFO - DAG(s) 'move_data_to_clickhouse' retrieved from /opt/airflow/dags/etl_clickhouse.py
[2025-10-30T05:44:09.667+0000] {logging_mixin.py:188} INFO - [2025-10-30T05:44:09.667+0000] {dag.py:3096} INFO - Sync 1 DAGs
[2025-10-30T05:44:09.713+0000] {logging_mixin.py:188} INFO - [2025-10-30T05:44:09.712+0000] {dag.py:3954} INFO - Setting next_dagrun for move_data_to_clickhouse to None, run_after=None
[2025-10-30T05:44:09.814+0000] {processor.py:183} INFO - Processing /opt/airflow/dags/etl_clickhouse.py took 1.699 seconds
[2025-10-30T05:44:40.946+0000] {processor.py:161} INFO - Started process (PID=7964) to work on /opt/airflow/dags/etl_clickhouse.py
[2025-10-30T05:44:40.948+0000] {processor.py:830} INFO - Processing file /opt/airflow/dags/etl_clickhouse.py for tasks to queue
[2025-10-30T05:44:40.955+0000] {logging_mixin.py:188} INFO - [2025-10-30T05:44:40.953+0000] {dagbag.py:545} INFO - Filling up the DagBag from /opt/airflow/dags/etl_clickhouse.py
[2025-10-30T05:44:42.223+0000] {processor.py:840} INFO - DAG(s) 'move_data_to_clickhouse' retrieved from /opt/airflow/dags/etl_clickhouse.py
[2025-10-30T05:44:42.315+0000] {logging_mixin.py:188} INFO - [2025-10-30T05:44:42.314+0000] {dag.py:3096} INFO - Sync 1 DAGs
[2025-10-30T05:44:42.371+0000] {logging_mixin.py:188} INFO - [2025-10-30T05:44:42.370+0000] {dag.py:3954} INFO - Setting next_dagrun for move_data_to_clickhouse to None, run_after=None
[2025-10-30T05:44:42.429+0000] {processor.py:183} INFO - Processing /opt/airflow/dags/etl_clickhouse.py took 1.501 seconds
[2025-10-30T05:45:12.875+0000] {processor.py:161} INFO - Started process (PID=7976) to work on /opt/airflow/dags/etl_clickhouse.py
[2025-10-30T05:45:12.879+0000] {processor.py:830} INFO - Processing file /opt/airflow/dags/etl_clickhouse.py for tasks to queue
[2025-10-30T05:45:12.889+0000] {logging_mixin.py:188} INFO - [2025-10-30T05:45:12.887+0000] {dagbag.py:545} INFO - Filling up the DagBag from /opt/airflow/dags/etl_clickhouse.py
[2025-10-30T05:45:14.106+0000] {processor.py:840} INFO - DAG(s) 'move_data_to_clickhouse' retrieved from /opt/airflow/dags/etl_clickhouse.py
[2025-10-30T05:45:14.192+0000] {logging_mixin.py:188} INFO - [2025-10-30T05:45:14.190+0000] {dag.py:3096} INFO - Sync 1 DAGs
[2025-10-30T05:45:14.255+0000] {logging_mixin.py:188} INFO - [2025-10-30T05:45:14.254+0000] {dag.py:3954} INFO - Setting next_dagrun for move_data_to_clickhouse to None, run_after=None
[2025-10-30T05:45:14.327+0000] {processor.py:183} INFO - Processing /opt/airflow/dags/etl_clickhouse.py took 1.488 seconds
[2025-10-30T05:45:44.588+0000] {processor.py:161} INFO - Started process (PID=7988) to work on /opt/airflow/dags/etl_clickhouse.py
[2025-10-30T05:45:44.591+0000] {processor.py:830} INFO - Processing file /opt/airflow/dags/etl_clickhouse.py for tasks to queue
[2025-10-30T05:45:44.597+0000] {logging_mixin.py:188} INFO - [2025-10-30T05:45:44.596+0000] {dagbag.py:545} INFO - Filling up the DagBag from /opt/airflow/dags/etl_clickhouse.py
[2025-10-30T05:45:45.808+0000] {processor.py:840} INFO - DAG(s) 'move_data_to_clickhouse' retrieved from /opt/airflow/dags/etl_clickhouse.py
[2025-10-30T05:45:45.877+0000] {logging_mixin.py:188} INFO - [2025-10-30T05:45:45.876+0000] {dag.py:3096} INFO - Sync 1 DAGs
[2025-10-30T05:45:45.917+0000] {logging_mixin.py:188} INFO - [2025-10-30T05:45:45.915+0000] {dag.py:3954} INFO - Setting next_dagrun for move_data_to_clickhouse to None, run_after=None
[2025-10-30T05:45:45.972+0000] {processor.py:183} INFO - Processing /opt/airflow/dags/etl_clickhouse.py took 1.403 seconds
[2025-10-30T05:46:16.856+0000] {processor.py:161} INFO - Started process (PID=8000) to work on /opt/airflow/dags/etl_clickhouse.py
[2025-10-30T05:46:16.858+0000] {processor.py:830} INFO - Processing file /opt/airflow/dags/etl_clickhouse.py for tasks to queue
[2025-10-30T05:46:16.865+0000] {logging_mixin.py:188} INFO - [2025-10-30T05:46:16.864+0000] {dagbag.py:545} INFO - Filling up the DagBag from /opt/airflow/dags/etl_clickhouse.py
[2025-10-30T05:46:17.789+0000] {processor.py:840} INFO - DAG(s) 'move_data_to_clickhouse' retrieved from /opt/airflow/dags/etl_clickhouse.py
[2025-10-30T05:46:17.880+0000] {logging_mixin.py:188} INFO - [2025-10-30T05:46:17.880+0000] {dag.py:3096} INFO - Sync 1 DAGs
[2025-10-30T05:46:17.913+0000] {logging_mixin.py:188} INFO - [2025-10-30T05:46:17.911+0000] {dag.py:3954} INFO - Setting next_dagrun for move_data_to_clickhouse to None, run_after=None
[2025-10-30T05:46:17.960+0000] {processor.py:183} INFO - Processing /opt/airflow/dags/etl_clickhouse.py took 1.123 seconds
[2025-10-30T05:46:48.730+0000] {processor.py:161} INFO - Started process (PID=8012) to work on /opt/airflow/dags/etl_clickhouse.py
[2025-10-30T05:46:48.733+0000] {processor.py:830} INFO - Processing file /opt/airflow/dags/etl_clickhouse.py for tasks to queue
[2025-10-30T05:46:48.739+0000] {logging_mixin.py:188} INFO - [2025-10-30T05:46:48.738+0000] {dagbag.py:545} INFO - Filling up the DagBag from /opt/airflow/dags/etl_clickhouse.py
[2025-10-30T05:46:50.065+0000] {processor.py:840} INFO - DAG(s) 'move_data_to_clickhouse' retrieved from /opt/airflow/dags/etl_clickhouse.py
[2025-10-30T05:46:50.147+0000] {logging_mixin.py:188} INFO - [2025-10-30T05:46:50.144+0000] {dag.py:3096} INFO - Sync 1 DAGs
[2025-10-30T05:46:50.185+0000] {logging_mixin.py:188} INFO - [2025-10-30T05:46:50.184+0000] {dag.py:3954} INFO - Setting next_dagrun for move_data_to_clickhouse to None, run_after=None
[2025-10-30T05:46:50.236+0000] {processor.py:183} INFO - Processing /opt/airflow/dags/etl_clickhouse.py took 1.523 seconds
[2025-10-30T05:47:20.994+0000] {processor.py:161} INFO - Started process (PID=8024) to work on /opt/airflow/dags/etl_clickhouse.py
[2025-10-30T05:47:21.006+0000] {processor.py:830} INFO - Processing file /opt/airflow/dags/etl_clickhouse.py for tasks to queue
[2025-10-30T05:47:21.038+0000] {logging_mixin.py:188} INFO - [2025-10-30T05:47:21.036+0000] {dagbag.py:545} INFO - Filling up the DagBag from /opt/airflow/dags/etl_clickhouse.py
[2025-10-30T05:47:22.463+0000] {processor.py:840} INFO - DAG(s) 'move_data_to_clickhouse' retrieved from /opt/airflow/dags/etl_clickhouse.py
[2025-10-30T05:47:22.593+0000] {logging_mixin.py:188} INFO - [2025-10-30T05:47:22.592+0000] {dag.py:3096} INFO - Sync 1 DAGs
[2025-10-30T05:47:22.644+0000] {logging_mixin.py:188} INFO - [2025-10-30T05:47:22.643+0000] {dag.py:3954} INFO - Setting next_dagrun for move_data_to_clickhouse to None, run_after=None
[2025-10-30T05:47:22.740+0000] {processor.py:183} INFO - Processing /opt/airflow/dags/etl_clickhouse.py took 1.783 seconds
[2025-10-30T05:47:52.898+0000] {processor.py:161} INFO - Started process (PID=8036) to work on /opt/airflow/dags/etl_clickhouse.py
[2025-10-30T05:47:52.900+0000] {processor.py:830} INFO - Processing file /opt/airflow/dags/etl_clickhouse.py for tasks to queue
[2025-10-30T05:47:52.908+0000] {logging_mixin.py:188} INFO - [2025-10-30T05:47:52.908+0000] {dagbag.py:545} INFO - Filling up the DagBag from /opt/airflow/dags/etl_clickhouse.py
[2025-10-30T05:47:54.015+0000] {processor.py:840} INFO - DAG(s) 'move_data_to_clickhouse' retrieved from /opt/airflow/dags/etl_clickhouse.py
[2025-10-30T05:47:54.109+0000] {logging_mixin.py:188} INFO - [2025-10-30T05:47:54.108+0000] {dag.py:3096} INFO - Sync 1 DAGs
[2025-10-30T05:47:54.168+0000] {logging_mixin.py:188} INFO - [2025-10-30T05:47:54.165+0000] {dag.py:3954} INFO - Setting next_dagrun for move_data_to_clickhouse to None, run_after=None
[2025-10-30T05:47:54.244+0000] {processor.py:183} INFO - Processing /opt/airflow/dags/etl_clickhouse.py took 1.369 seconds
[2025-10-30T05:48:24.505+0000] {processor.py:161} INFO - Started process (PID=8048) to work on /opt/airflow/dags/etl_clickhouse.py
[2025-10-30T05:48:24.508+0000] {processor.py:830} INFO - Processing file /opt/airflow/dags/etl_clickhouse.py for tasks to queue
[2025-10-30T05:48:24.523+0000] {logging_mixin.py:188} INFO - [2025-10-30T05:48:24.521+0000] {dagbag.py:545} INFO - Filling up the DagBag from /opt/airflow/dags/etl_clickhouse.py
[2025-10-30T05:48:26.413+0000] {processor.py:840} INFO - DAG(s) 'move_data_to_clickhouse' retrieved from /opt/airflow/dags/etl_clickhouse.py
[2025-10-30T05:48:26.568+0000] {logging_mixin.py:188} INFO - [2025-10-30T05:48:26.566+0000] {dag.py:3096} INFO - Sync 1 DAGs
[2025-10-30T05:48:26.616+0000] {logging_mixin.py:188} INFO - [2025-10-30T05:48:26.615+0000] {dag.py:3954} INFO - Setting next_dagrun for move_data_to_clickhouse to None, run_after=None
[2025-10-30T05:48:26.684+0000] {processor.py:183} INFO - Processing /opt/airflow/dags/etl_clickhouse.py took 2.222 seconds
[2025-10-30T05:48:57.005+0000] {processor.py:161} INFO - Started process (PID=8060) to work on /opt/airflow/dags/etl_clickhouse.py
[2025-10-30T05:48:57.008+0000] {processor.py:830} INFO - Processing file /opt/airflow/dags/etl_clickhouse.py for tasks to queue
[2025-10-30T05:48:57.013+0000] {logging_mixin.py:188} INFO - [2025-10-30T05:48:57.012+0000] {dagbag.py:545} INFO - Filling up the DagBag from /opt/airflow/dags/etl_clickhouse.py
[2025-10-30T05:48:58.273+0000] {processor.py:840} INFO - DAG(s) 'move_data_to_clickhouse' retrieved from /opt/airflow/dags/etl_clickhouse.py
[2025-10-30T05:48:58.355+0000] {logging_mixin.py:188} INFO - [2025-10-30T05:48:58.354+0000] {dag.py:3096} INFO - Sync 1 DAGs
[2025-10-30T05:48:58.399+0000] {logging_mixin.py:188} INFO - [2025-10-30T05:48:58.398+0000] {dag.py:3954} INFO - Setting next_dagrun for move_data_to_clickhouse to None, run_after=None
[2025-10-30T05:48:58.453+0000] {processor.py:183} INFO - Processing /opt/airflow/dags/etl_clickhouse.py took 1.462 seconds
[2025-10-30T05:49:28.870+0000] {processor.py:161} INFO - Started process (PID=8072) to work on /opt/airflow/dags/etl_clickhouse.py
[2025-10-30T05:49:28.876+0000] {processor.py:830} INFO - Processing file /opt/airflow/dags/etl_clickhouse.py for tasks to queue
[2025-10-30T05:49:28.883+0000] {logging_mixin.py:188} INFO - [2025-10-30T05:49:28.882+0000] {dagbag.py:545} INFO - Filling up the DagBag from /opt/airflow/dags/etl_clickhouse.py
[2025-10-30T05:49:30.213+0000] {processor.py:840} INFO - DAG(s) 'move_data_to_clickhouse' retrieved from /opt/airflow/dags/etl_clickhouse.py
[2025-10-30T05:49:30.301+0000] {logging_mixin.py:188} INFO - [2025-10-30T05:49:30.300+0000] {dag.py:3096} INFO - Sync 1 DAGs
[2025-10-30T05:49:30.338+0000] {logging_mixin.py:188} INFO - [2025-10-30T05:49:30.337+0000] {dag.py:3954} INFO - Setting next_dagrun for move_data_to_clickhouse to None, run_after=None
[2025-10-30T05:49:30.393+0000] {processor.py:183} INFO - Processing /opt/airflow/dags/etl_clickhouse.py took 1.547 seconds
[2025-10-30T05:50:01.380+0000] {processor.py:161} INFO - Started process (PID=8084) to work on /opt/airflow/dags/etl_clickhouse.py
[2025-10-30T05:50:01.382+0000] {processor.py:830} INFO - Processing file /opt/airflow/dags/etl_clickhouse.py for tasks to queue
[2025-10-30T05:50:01.387+0000] {logging_mixin.py:188} INFO - [2025-10-30T05:50:01.386+0000] {dagbag.py:545} INFO - Filling up the DagBag from /opt/airflow/dags/etl_clickhouse.py
[2025-10-30T05:50:02.439+0000] {processor.py:840} INFO - DAG(s) 'move_data_to_clickhouse' retrieved from /opt/airflow/dags/etl_clickhouse.py
[2025-10-30T05:50:02.502+0000] {logging_mixin.py:188} INFO - [2025-10-30T05:50:02.501+0000] {dag.py:3096} INFO - Sync 1 DAGs
[2025-10-30T05:50:02.533+0000] {logging_mixin.py:188} INFO - [2025-10-30T05:50:02.533+0000] {dag.py:3954} INFO - Setting next_dagrun for move_data_to_clickhouse to None, run_after=None
[2025-10-30T05:50:02.587+0000] {processor.py:183} INFO - Processing /opt/airflow/dags/etl_clickhouse.py took 1.231 seconds
[2025-10-30T05:50:33.091+0000] {processor.py:161} INFO - Started process (PID=8096) to work on /opt/airflow/dags/etl_clickhouse.py
[2025-10-30T05:50:33.094+0000] {processor.py:830} INFO - Processing file /opt/airflow/dags/etl_clickhouse.py for tasks to queue
[2025-10-30T05:50:33.100+0000] {logging_mixin.py:188} INFO - [2025-10-30T05:50:33.099+0000] {dagbag.py:545} INFO - Filling up the DagBag from /opt/airflow/dags/etl_clickhouse.py
[2025-10-30T05:50:34.146+0000] {processor.py:840} INFO - DAG(s) 'move_data_to_clickhouse' retrieved from /opt/airflow/dags/etl_clickhouse.py
[2025-10-30T05:50:34.230+0000] {logging_mixin.py:188} INFO - [2025-10-30T05:50:34.229+0000] {dag.py:3096} INFO - Sync 1 DAGs
[2025-10-30T05:50:34.292+0000] {logging_mixin.py:188} INFO - [2025-10-30T05:50:34.291+0000] {dag.py:3954} INFO - Setting next_dagrun for move_data_to_clickhouse to None, run_after=None
[2025-10-30T05:50:34.349+0000] {processor.py:183} INFO - Processing /opt/airflow/dags/etl_clickhouse.py took 1.276 seconds
[2025-10-30T05:51:04.960+0000] {processor.py:161} INFO - Started process (PID=8108) to work on /opt/airflow/dags/etl_clickhouse.py
[2025-10-30T05:51:04.964+0000] {processor.py:830} INFO - Processing file /opt/airflow/dags/etl_clickhouse.py for tasks to queue
[2025-10-30T05:51:04.970+0000] {logging_mixin.py:188} INFO - [2025-10-30T05:51:04.969+0000] {dagbag.py:545} INFO - Filling up the DagBag from /opt/airflow/dags/etl_clickhouse.py
[2025-10-30T05:51:06.090+0000] {processor.py:840} INFO - DAG(s) 'move_data_to_clickhouse' retrieved from /opt/airflow/dags/etl_clickhouse.py
[2025-10-30T05:51:06.180+0000] {logging_mixin.py:188} INFO - [2025-10-30T05:51:06.179+0000] {dag.py:3096} INFO - Sync 1 DAGs
[2025-10-30T05:51:06.229+0000] {logging_mixin.py:188} INFO - [2025-10-30T05:51:06.229+0000] {dag.py:3954} INFO - Setting next_dagrun for move_data_to_clickhouse to None, run_after=None
[2025-10-30T05:51:06.297+0000] {processor.py:183} INFO - Processing /opt/airflow/dags/etl_clickhouse.py took 1.363 seconds
[2025-10-30T05:51:36.802+0000] {processor.py:161} INFO - Started process (PID=8120) to work on /opt/airflow/dags/etl_clickhouse.py
[2025-10-30T05:51:36.807+0000] {processor.py:830} INFO - Processing file /opt/airflow/dags/etl_clickhouse.py for tasks to queue
[2025-10-30T05:51:36.812+0000] {logging_mixin.py:188} INFO - [2025-10-30T05:51:36.811+0000] {dagbag.py:545} INFO - Filling up the DagBag from /opt/airflow/dags/etl_clickhouse.py
[2025-10-30T05:51:37.939+0000] {processor.py:840} INFO - DAG(s) 'move_data_to_clickhouse' retrieved from /opt/airflow/dags/etl_clickhouse.py
[2025-10-30T05:51:38.029+0000] {logging_mixin.py:188} INFO - [2025-10-30T05:51:38.028+0000] {dag.py:3096} INFO - Sync 1 DAGs
[2025-10-30T05:51:38.064+0000] {logging_mixin.py:188} INFO - [2025-10-30T05:51:38.063+0000] {dag.py:3954} INFO - Setting next_dagrun for move_data_to_clickhouse to None, run_after=None
[2025-10-30T05:51:38.123+0000] {processor.py:183} INFO - Processing /opt/airflow/dags/etl_clickhouse.py took 1.344 seconds
[2025-10-30T05:52:15.027+0000] {processor.py:161} INFO - Started process (PID=8132) to work on /opt/airflow/dags/etl_clickhouse.py
[2025-10-30T05:52:15.079+0000] {processor.py:830} INFO - Processing file /opt/airflow/dags/etl_clickhouse.py for tasks to queue
[2025-10-30T05:52:15.095+0000] {logging_mixin.py:188} INFO - [2025-10-30T05:52:15.093+0000] {dagbag.py:545} INFO - Filling up the DagBag from /opt/airflow/dags/etl_clickhouse.py
[2025-10-30T05:52:19.759+0000] {processor.py:840} INFO - DAG(s) 'move_data_to_clickhouse' retrieved from /opt/airflow/dags/etl_clickhouse.py
[2025-10-30T05:52:20.030+0000] {logging_mixin.py:188} INFO - [2025-10-30T05:52:20.028+0000] {dag.py:3096} INFO - Sync 1 DAGs
[2025-10-30T05:52:20.172+0000] {logging_mixin.py:188} INFO - [2025-10-30T05:52:20.172+0000] {dag.py:3954} INFO - Setting next_dagrun for move_data_to_clickhouse to None, run_after=None
[2025-10-30T05:52:21.231+0000] {processor.py:183} INFO - Processing /opt/airflow/dags/etl_clickhouse.py took 6.257 seconds
[2025-10-30T05:52:51.875+0000] {processor.py:161} INFO - Started process (PID=8150) to work on /opt/airflow/dags/etl_clickhouse.py
[2025-10-30T05:52:51.879+0000] {processor.py:830} INFO - Processing file /opt/airflow/dags/etl_clickhouse.py for tasks to queue
[2025-10-30T05:52:51.885+0000] {logging_mixin.py:188} INFO - [2025-10-30T05:52:51.884+0000] {dagbag.py:545} INFO - Filling up the DagBag from /opt/airflow/dags/etl_clickhouse.py
[2025-10-30T05:52:52.845+0000] {processor.py:840} INFO - DAG(s) 'move_data_to_clickhouse' retrieved from /opt/airflow/dags/etl_clickhouse.py
[2025-10-30T05:52:52.923+0000] {logging_mixin.py:188} INFO - [2025-10-30T05:52:52.923+0000] {dag.py:3096} INFO - Sync 1 DAGs
[2025-10-30T05:52:52.959+0000] {logging_mixin.py:188} INFO - [2025-10-30T05:52:52.958+0000] {dag.py:3954} INFO - Setting next_dagrun for move_data_to_clickhouse to None, run_after=None
[2025-10-30T05:52:53.012+0000] {processor.py:183} INFO - Processing /opt/airflow/dags/etl_clickhouse.py took 1.158 seconds
[2025-10-30T05:53:23.470+0000] {processor.py:161} INFO - Started process (PID=8162) to work on /opt/airflow/dags/etl_clickhouse.py
[2025-10-30T05:53:23.473+0000] {processor.py:830} INFO - Processing file /opt/airflow/dags/etl_clickhouse.py for tasks to queue
[2025-10-30T05:53:23.477+0000] {logging_mixin.py:188} INFO - [2025-10-30T05:53:23.477+0000] {dagbag.py:545} INFO - Filling up the DagBag from /opt/airflow/dags/etl_clickhouse.py
[2025-10-30T05:53:24.373+0000] {processor.py:840} INFO - DAG(s) 'move_data_to_clickhouse' retrieved from /opt/airflow/dags/etl_clickhouse.py
[2025-10-30T05:53:24.459+0000] {logging_mixin.py:188} INFO - [2025-10-30T05:53:24.458+0000] {dag.py:3096} INFO - Sync 1 DAGs
[2025-10-30T05:53:24.497+0000] {logging_mixin.py:188} INFO - [2025-10-30T05:53:24.496+0000] {dag.py:3954} INFO - Setting next_dagrun for move_data_to_clickhouse to None, run_after=None
[2025-10-30T05:53:24.549+0000] {processor.py:183} INFO - Processing /opt/airflow/dags/etl_clickhouse.py took 1.093 seconds
[2025-10-30T05:53:54.935+0000] {processor.py:161} INFO - Started process (PID=8174) to work on /opt/airflow/dags/etl_clickhouse.py
[2025-10-30T05:53:54.938+0000] {processor.py:830} INFO - Processing file /opt/airflow/dags/etl_clickhouse.py for tasks to queue
[2025-10-30T05:53:54.944+0000] {logging_mixin.py:188} INFO - [2025-10-30T05:53:54.943+0000] {dagbag.py:545} INFO - Filling up the DagBag from /opt/airflow/dags/etl_clickhouse.py
[2025-10-30T05:53:55.763+0000] {processor.py:840} INFO - DAG(s) 'move_data_to_clickhouse' retrieved from /opt/airflow/dags/etl_clickhouse.py
[2025-10-30T05:53:55.859+0000] {logging_mixin.py:188} INFO - [2025-10-30T05:53:55.857+0000] {dag.py:3096} INFO - Sync 1 DAGs
[2025-10-30T05:53:55.908+0000] {logging_mixin.py:188} INFO - [2025-10-30T05:53:55.908+0000] {dag.py:3954} INFO - Setting next_dagrun for move_data_to_clickhouse to None, run_after=None
[2025-10-30T05:53:55.959+0000] {processor.py:183} INFO - Processing /opt/airflow/dags/etl_clickhouse.py took 1.046 seconds
[2025-10-30T05:54:26.496+0000] {processor.py:161} INFO - Started process (PID=8186) to work on /opt/airflow/dags/etl_clickhouse.py
[2025-10-30T05:54:26.501+0000] {processor.py:830} INFO - Processing file /opt/airflow/dags/etl_clickhouse.py for tasks to queue
[2025-10-30T05:54:26.505+0000] {logging_mixin.py:188} INFO - [2025-10-30T05:54:26.504+0000] {dagbag.py:545} INFO - Filling up the DagBag from /opt/airflow/dags/etl_clickhouse.py
[2025-10-30T05:54:27.510+0000] {processor.py:840} INFO - DAG(s) 'move_data_to_clickhouse' retrieved from /opt/airflow/dags/etl_clickhouse.py
[2025-10-30T05:54:27.584+0000] {logging_mixin.py:188} INFO - [2025-10-30T05:54:27.584+0000] {dag.py:3096} INFO - Sync 1 DAGs
[2025-10-30T05:54:27.612+0000] {logging_mixin.py:188} INFO - [2025-10-30T05:54:27.611+0000] {dag.py:3954} INFO - Setting next_dagrun for move_data_to_clickhouse to None, run_after=None
[2025-10-30T05:54:27.665+0000] {processor.py:183} INFO - Processing /opt/airflow/dags/etl_clickhouse.py took 1.206 seconds
[2025-10-30T05:54:58.147+0000] {processor.py:161} INFO - Started process (PID=8198) to work on /opt/airflow/dags/etl_clickhouse.py
[2025-10-30T05:54:58.149+0000] {processor.py:830} INFO - Processing file /opt/airflow/dags/etl_clickhouse.py for tasks to queue
[2025-10-30T05:54:58.154+0000] {logging_mixin.py:188} INFO - [2025-10-30T05:54:58.153+0000] {dagbag.py:545} INFO - Filling up the DagBag from /opt/airflow/dags/etl_clickhouse.py
[2025-10-30T05:54:58.821+0000] {processor.py:840} INFO - DAG(s) 'move_data_to_clickhouse' retrieved from /opt/airflow/dags/etl_clickhouse.py
[2025-10-30T05:54:58.894+0000] {logging_mixin.py:188} INFO - [2025-10-30T05:54:58.893+0000] {dag.py:3096} INFO - Sync 1 DAGs
[2025-10-30T05:54:58.934+0000] {logging_mixin.py:188} INFO - [2025-10-30T05:54:58.933+0000] {dag.py:3954} INFO - Setting next_dagrun for move_data_to_clickhouse to None, run_after=None
[2025-10-30T05:54:58.984+0000] {processor.py:183} INFO - Processing /opt/airflow/dags/etl_clickhouse.py took 0.854 seconds
[2025-10-30T05:55:29.678+0000] {processor.py:161} INFO - Started process (PID=8210) to work on /opt/airflow/dags/etl_clickhouse.py
[2025-10-30T05:55:29.680+0000] {processor.py:830} INFO - Processing file /opt/airflow/dags/etl_clickhouse.py for tasks to queue
[2025-10-30T05:55:29.687+0000] {logging_mixin.py:188} INFO - [2025-10-30T05:55:29.686+0000] {dagbag.py:545} INFO - Filling up the DagBag from /opt/airflow/dags/etl_clickhouse.py
[2025-10-30T05:55:30.568+0000] {processor.py:840} INFO - DAG(s) 'move_data_to_clickhouse' retrieved from /opt/airflow/dags/etl_clickhouse.py
[2025-10-30T05:55:30.629+0000] {logging_mixin.py:188} INFO - [2025-10-30T05:55:30.629+0000] {dag.py:3096} INFO - Sync 1 DAGs
[2025-10-30T05:55:30.663+0000] {logging_mixin.py:188} INFO - [2025-10-30T05:55:30.663+0000] {dag.py:3954} INFO - Setting next_dagrun for move_data_to_clickhouse to None, run_after=None
[2025-10-30T05:55:30.703+0000] {processor.py:183} INFO - Processing /opt/airflow/dags/etl_clickhouse.py took 1.043 seconds
[2025-10-30T05:56:01.306+0000] {processor.py:161} INFO - Started process (PID=8222) to work on /opt/airflow/dags/etl_clickhouse.py
[2025-10-30T05:56:01.308+0000] {processor.py:830} INFO - Processing file /opt/airflow/dags/etl_clickhouse.py for tasks to queue
[2025-10-30T05:56:01.313+0000] {logging_mixin.py:188} INFO - [2025-10-30T05:56:01.312+0000] {dagbag.py:545} INFO - Filling up the DagBag from /opt/airflow/dags/etl_clickhouse.py
[2025-10-30T05:56:02.011+0000] {processor.py:840} INFO - DAG(s) 'move_data_to_clickhouse' retrieved from /opt/airflow/dags/etl_clickhouse.py
[2025-10-30T05:56:02.076+0000] {logging_mixin.py:188} INFO - [2025-10-30T05:56:02.075+0000] {dag.py:3096} INFO - Sync 1 DAGs
[2025-10-30T05:56:02.097+0000] {logging_mixin.py:188} INFO - [2025-10-30T05:56:02.097+0000] {dag.py:3954} INFO - Setting next_dagrun for move_data_to_clickhouse to None, run_after=None
[2025-10-30T05:56:02.132+0000] {processor.py:183} INFO - Processing /opt/airflow/dags/etl_clickhouse.py took 0.848 seconds
[2025-10-30T05:56:32.926+0000] {processor.py:161} INFO - Started process (PID=8234) to work on /opt/airflow/dags/etl_clickhouse.py
[2025-10-30T05:56:32.929+0000] {processor.py:830} INFO - Processing file /opt/airflow/dags/etl_clickhouse.py for tasks to queue
[2025-10-30T05:56:32.935+0000] {logging_mixin.py:188} INFO - [2025-10-30T05:56:32.934+0000] {dagbag.py:545} INFO - Filling up the DagBag from /opt/airflow/dags/etl_clickhouse.py
[2025-10-30T05:56:33.894+0000] {processor.py:840} INFO - DAG(s) 'move_data_to_clickhouse' retrieved from /opt/airflow/dags/etl_clickhouse.py
[2025-10-30T05:56:33.962+0000] {logging_mixin.py:188} INFO - [2025-10-30T05:56:33.961+0000] {dag.py:3096} INFO - Sync 1 DAGs
[2025-10-30T05:56:33.989+0000] {logging_mixin.py:188} INFO - [2025-10-30T05:56:33.989+0000] {dag.py:3954} INFO - Setting next_dagrun for move_data_to_clickhouse to None, run_after=None
[2025-10-30T05:56:34.034+0000] {processor.py:183} INFO - Processing /opt/airflow/dags/etl_clickhouse.py took 1.128 seconds
[2025-10-30T05:57:04.672+0000] {processor.py:161} INFO - Started process (PID=8246) to work on /opt/airflow/dags/etl_clickhouse.py
[2025-10-30T05:57:04.674+0000] {processor.py:830} INFO - Processing file /opt/airflow/dags/etl_clickhouse.py for tasks to queue
[2025-10-30T05:57:04.678+0000] {logging_mixin.py:188} INFO - [2025-10-30T05:57:04.677+0000] {dagbag.py:545} INFO - Filling up the DagBag from /opt/airflow/dags/etl_clickhouse.py
[2025-10-30T05:57:05.507+0000] {processor.py:840} INFO - DAG(s) 'move_data_to_clickhouse' retrieved from /opt/airflow/dags/etl_clickhouse.py
[2025-10-30T05:57:05.572+0000] {logging_mixin.py:188} INFO - [2025-10-30T05:57:05.572+0000] {dag.py:3096} INFO - Sync 1 DAGs
[2025-10-30T05:57:05.596+0000] {logging_mixin.py:188} INFO - [2025-10-30T05:57:05.595+0000] {dag.py:3954} INFO - Setting next_dagrun for move_data_to_clickhouse to None, run_after=None
[2025-10-30T05:57:05.660+0000] {processor.py:183} INFO - Processing /opt/airflow/dags/etl_clickhouse.py took 1.001 seconds
[2025-10-30T05:57:36.320+0000] {processor.py:161} INFO - Started process (PID=8258) to work on /opt/airflow/dags/etl_clickhouse.py
[2025-10-30T05:57:36.322+0000] {processor.py:830} INFO - Processing file /opt/airflow/dags/etl_clickhouse.py for tasks to queue
[2025-10-30T05:57:36.327+0000] {logging_mixin.py:188} INFO - [2025-10-30T05:57:36.326+0000] {dagbag.py:545} INFO - Filling up the DagBag from /opt/airflow/dags/etl_clickhouse.py
[2025-10-30T05:57:37.313+0000] {processor.py:840} INFO - DAG(s) 'move_data_to_clickhouse' retrieved from /opt/airflow/dags/etl_clickhouse.py
[2025-10-30T05:57:37.409+0000] {logging_mixin.py:188} INFO - [2025-10-30T05:57:37.408+0000] {dag.py:3096} INFO - Sync 1 DAGs
[2025-10-30T05:57:37.446+0000] {logging_mixin.py:188} INFO - [2025-10-30T05:57:37.446+0000] {dag.py:3954} INFO - Setting next_dagrun for move_data_to_clickhouse to None, run_after=None
[2025-10-30T05:57:37.485+0000] {processor.py:183} INFO - Processing /opt/airflow/dags/etl_clickhouse.py took 1.179 seconds
[2025-10-30T05:58:07.879+0000] {processor.py:161} INFO - Started process (PID=8270) to work on /opt/airflow/dags/etl_clickhouse.py
[2025-10-30T05:58:07.881+0000] {processor.py:830} INFO - Processing file /opt/airflow/dags/etl_clickhouse.py for tasks to queue
[2025-10-30T05:58:07.885+0000] {logging_mixin.py:188} INFO - [2025-10-30T05:58:07.884+0000] {dagbag.py:545} INFO - Filling up the DagBag from /opt/airflow/dags/etl_clickhouse.py
[2025-10-30T05:58:08.682+0000] {processor.py:840} INFO - DAG(s) 'move_data_to_clickhouse' retrieved from /opt/airflow/dags/etl_clickhouse.py
[2025-10-30T05:58:08.740+0000] {logging_mixin.py:188} INFO - [2025-10-30T05:58:08.739+0000] {dag.py:3096} INFO - Sync 1 DAGs
[2025-10-30T05:58:08.764+0000] {logging_mixin.py:188} INFO - [2025-10-30T05:58:08.763+0000] {dag.py:3954} INFO - Setting next_dagrun for move_data_to_clickhouse to None, run_after=None
[2025-10-30T05:58:08.802+0000] {processor.py:183} INFO - Processing /opt/airflow/dags/etl_clickhouse.py took 0.935 seconds
[2025-10-30T05:58:39.395+0000] {processor.py:161} INFO - Started process (PID=8282) to work on /opt/airflow/dags/etl_clickhouse.py
[2025-10-30T05:58:39.398+0000] {processor.py:830} INFO - Processing file /opt/airflow/dags/etl_clickhouse.py for tasks to queue
[2025-10-30T05:58:39.402+0000] {logging_mixin.py:188} INFO - [2025-10-30T05:58:39.401+0000] {dagbag.py:545} INFO - Filling up the DagBag from /opt/airflow/dags/etl_clickhouse.py
[2025-10-30T05:58:40.221+0000] {processor.py:840} INFO - DAG(s) 'move_data_to_clickhouse' retrieved from /opt/airflow/dags/etl_clickhouse.py
[2025-10-30T05:58:40.280+0000] {logging_mixin.py:188} INFO - [2025-10-30T05:58:40.279+0000] {dag.py:3096} INFO - Sync 1 DAGs
[2025-10-30T05:58:40.306+0000] {logging_mixin.py:188} INFO - [2025-10-30T05:58:40.306+0000] {dag.py:3954} INFO - Setting next_dagrun for move_data_to_clickhouse to None, run_after=None
[2025-10-30T05:58:40.368+0000] {processor.py:183} INFO - Processing /opt/airflow/dags/etl_clickhouse.py took 0.990 seconds
[2025-10-30T05:59:10.907+0000] {processor.py:161} INFO - Started process (PID=8294) to work on /opt/airflow/dags/etl_clickhouse.py
[2025-10-30T05:59:10.910+0000] {processor.py:830} INFO - Processing file /opt/airflow/dags/etl_clickhouse.py for tasks to queue
[2025-10-30T05:59:10.915+0000] {logging_mixin.py:188} INFO - [2025-10-30T05:59:10.914+0000] {dagbag.py:545} INFO - Filling up the DagBag from /opt/airflow/dags/etl_clickhouse.py
[2025-10-30T05:59:11.751+0000] {processor.py:840} INFO - DAG(s) 'move_data_to_clickhouse' retrieved from /opt/airflow/dags/etl_clickhouse.py
[2025-10-30T05:59:11.854+0000] {logging_mixin.py:188} INFO - [2025-10-30T05:59:11.853+0000] {dag.py:3096} INFO - Sync 1 DAGs
[2025-10-30T05:59:11.881+0000] {logging_mixin.py:188} INFO - [2025-10-30T05:59:11.881+0000] {dag.py:3954} INFO - Setting next_dagrun for move_data_to_clickhouse to None, run_after=None
[2025-10-30T05:59:11.917+0000] {processor.py:183} INFO - Processing /opt/airflow/dags/etl_clickhouse.py took 1.024 seconds
[2025-10-30T05:59:42.579+0000] {processor.py:161} INFO - Started process (PID=8306) to work on /opt/airflow/dags/etl_clickhouse.py
[2025-10-30T05:59:42.581+0000] {processor.py:830} INFO - Processing file /opt/airflow/dags/etl_clickhouse.py for tasks to queue
[2025-10-30T05:59:42.585+0000] {logging_mixin.py:188} INFO - [2025-10-30T05:59:42.585+0000] {dagbag.py:545} INFO - Filling up the DagBag from /opt/airflow/dags/etl_clickhouse.py
[2025-10-30T05:59:43.453+0000] {processor.py:840} INFO - DAG(s) 'move_data_to_clickhouse' retrieved from /opt/airflow/dags/etl_clickhouse.py
[2025-10-30T05:59:43.505+0000] {logging_mixin.py:188} INFO - [2025-10-30T05:59:43.504+0000] {dag.py:3096} INFO - Sync 1 DAGs
[2025-10-30T05:59:43.528+0000] {logging_mixin.py:188} INFO - [2025-10-30T05:59:43.528+0000] {dag.py:3954} INFO - Setting next_dagrun for move_data_to_clickhouse to None, run_after=None
[2025-10-30T05:59:43.574+0000] {processor.py:183} INFO - Processing /opt/airflow/dags/etl_clickhouse.py took 1.007 seconds
[2025-10-30T06:00:14.031+0000] {processor.py:161} INFO - Started process (PID=8318) to work on /opt/airflow/dags/etl_clickhouse.py
[2025-10-30T06:00:14.034+0000] {processor.py:830} INFO - Processing file /opt/airflow/dags/etl_clickhouse.py for tasks to queue
[2025-10-30T06:00:14.038+0000] {logging_mixin.py:188} INFO - [2025-10-30T06:00:14.037+0000] {dagbag.py:545} INFO - Filling up the DagBag from /opt/airflow/dags/etl_clickhouse.py
[2025-10-30T06:00:14.744+0000] {processor.py:840} INFO - DAG(s) 'move_data_to_clickhouse' retrieved from /opt/airflow/dags/etl_clickhouse.py
[2025-10-30T06:00:14.804+0000] {logging_mixin.py:188} INFO - [2025-10-30T06:00:14.803+0000] {dag.py:3096} INFO - Sync 1 DAGs
[2025-10-30T06:00:14.831+0000] {logging_mixin.py:188} INFO - [2025-10-30T06:00:14.831+0000] {dag.py:3954} INFO - Setting next_dagrun for move_data_to_clickhouse to None, run_after=None
[2025-10-30T06:00:14.886+0000] {processor.py:183} INFO - Processing /opt/airflow/dags/etl_clickhouse.py took 0.867 seconds
[2025-10-30T06:00:45.480+0000] {processor.py:161} INFO - Started process (PID=8330) to work on /opt/airflow/dags/etl_clickhouse.py
[2025-10-30T06:00:45.482+0000] {processor.py:830} INFO - Processing file /opt/airflow/dags/etl_clickhouse.py for tasks to queue
[2025-10-30T06:00:45.487+0000] {logging_mixin.py:188} INFO - [2025-10-30T06:00:45.486+0000] {dagbag.py:545} INFO - Filling up the DagBag from /opt/airflow/dags/etl_clickhouse.py
[2025-10-30T06:00:46.201+0000] {processor.py:840} INFO - DAG(s) 'move_data_to_clickhouse' retrieved from /opt/airflow/dags/etl_clickhouse.py
[2025-10-30T06:00:46.268+0000] {logging_mixin.py:188} INFO - [2025-10-30T06:00:46.267+0000] {dag.py:3096} INFO - Sync 1 DAGs
[2025-10-30T06:00:46.292+0000] {logging_mixin.py:188} INFO - [2025-10-30T06:00:46.291+0000] {dag.py:3954} INFO - Setting next_dagrun for move_data_to_clickhouse to None, run_after=None
[2025-10-30T06:00:46.334+0000] {processor.py:183} INFO - Processing /opt/airflow/dags/etl_clickhouse.py took 0.872 seconds
[2025-10-30T06:01:16.938+0000] {processor.py:161} INFO - Started process (PID=8342) to work on /opt/airflow/dags/etl_clickhouse.py
[2025-10-30T06:01:16.941+0000] {processor.py:830} INFO - Processing file /opt/airflow/dags/etl_clickhouse.py for tasks to queue
[2025-10-30T06:01:16.946+0000] {logging_mixin.py:188} INFO - [2025-10-30T06:01:16.945+0000] {dagbag.py:545} INFO - Filling up the DagBag from /opt/airflow/dags/etl_clickhouse.py
[2025-10-30T06:01:17.713+0000] {processor.py:840} INFO - DAG(s) 'move_data_to_clickhouse' retrieved from /opt/airflow/dags/etl_clickhouse.py
[2025-10-30T06:01:17.796+0000] {logging_mixin.py:188} INFO - [2025-10-30T06:01:17.794+0000] {dag.py:3096} INFO - Sync 1 DAGs
[2025-10-30T06:01:17.832+0000] {logging_mixin.py:188} INFO - [2025-10-30T06:01:17.831+0000] {dag.py:3954} INFO - Setting next_dagrun for move_data_to_clickhouse to None, run_after=None
[2025-10-30T06:01:17.883+0000] {processor.py:183} INFO - Processing /opt/airflow/dags/etl_clickhouse.py took 0.963 seconds
[2025-10-30T06:01:48.564+0000] {processor.py:161} INFO - Started process (PID=8354) to work on /opt/airflow/dags/etl_clickhouse.py
[2025-10-30T06:01:48.567+0000] {processor.py:830} INFO - Processing file /opt/airflow/dags/etl_clickhouse.py for tasks to queue
[2025-10-30T06:01:48.571+0000] {logging_mixin.py:188} INFO - [2025-10-30T06:01:48.570+0000] {dagbag.py:545} INFO - Filling up the DagBag from /opt/airflow/dags/etl_clickhouse.py
[2025-10-30T06:01:49.456+0000] {processor.py:840} INFO - DAG(s) 'move_data_to_clickhouse' retrieved from /opt/airflow/dags/etl_clickhouse.py
[2025-10-30T06:01:49.544+0000] {logging_mixin.py:188} INFO - [2025-10-30T06:01:49.543+0000] {dag.py:3096} INFO - Sync 1 DAGs
[2025-10-30T06:01:49.579+0000] {logging_mixin.py:188} INFO - [2025-10-30T06:01:49.579+0000] {dag.py:3954} INFO - Setting next_dagrun for move_data_to_clickhouse to None, run_after=None
[2025-10-30T06:01:49.636+0000] {processor.py:183} INFO - Processing /opt/airflow/dags/etl_clickhouse.py took 1.084 seconds
[2025-10-30T06:02:19.988+0000] {processor.py:161} INFO - Started process (PID=8366) to work on /opt/airflow/dags/etl_clickhouse.py
[2025-10-30T06:02:19.990+0000] {processor.py:830} INFO - Processing file /opt/airflow/dags/etl_clickhouse.py for tasks to queue
[2025-10-30T06:02:20.001+0000] {logging_mixin.py:188} INFO - [2025-10-30T06:02:20.000+0000] {dagbag.py:545} INFO - Filling up the DagBag from /opt/airflow/dags/etl_clickhouse.py
[2025-10-30T06:02:20.789+0000] {processor.py:840} INFO - DAG(s) 'move_data_to_clickhouse' retrieved from /opt/airflow/dags/etl_clickhouse.py
[2025-10-30T06:02:20.855+0000] {logging_mixin.py:188} INFO - [2025-10-30T06:02:20.854+0000] {dag.py:3096} INFO - Sync 1 DAGs
[2025-10-30T06:02:20.896+0000] {logging_mixin.py:188} INFO - [2025-10-30T06:02:20.895+0000] {dag.py:3954} INFO - Setting next_dagrun for move_data_to_clickhouse to None, run_after=None
[2025-10-30T06:02:20.941+0000] {processor.py:183} INFO - Processing /opt/airflow/dags/etl_clickhouse.py took 0.965 seconds
[2025-10-30T06:02:51.714+0000] {processor.py:161} INFO - Started process (PID=8378) to work on /opt/airflow/dags/etl_clickhouse.py
[2025-10-30T06:02:51.716+0000] {processor.py:830} INFO - Processing file /opt/airflow/dags/etl_clickhouse.py for tasks to queue
[2025-10-30T06:02:51.721+0000] {logging_mixin.py:188} INFO - [2025-10-30T06:02:51.720+0000] {dagbag.py:545} INFO - Filling up the DagBag from /opt/airflow/dags/etl_clickhouse.py
[2025-10-30T06:02:52.438+0000] {processor.py:840} INFO - DAG(s) 'move_data_to_clickhouse' retrieved from /opt/airflow/dags/etl_clickhouse.py
[2025-10-30T06:02:52.506+0000] {logging_mixin.py:188} INFO - [2025-10-30T06:02:52.506+0000] {dag.py:3096} INFO - Sync 1 DAGs
[2025-10-30T06:02:52.535+0000] {logging_mixin.py:188} INFO - [2025-10-30T06:02:52.534+0000] {dag.py:3954} INFO - Setting next_dagrun for move_data_to_clickhouse to None, run_after=None
[2025-10-30T06:02:52.597+0000] {processor.py:183} INFO - Processing /opt/airflow/dags/etl_clickhouse.py took 0.897 seconds
[2025-10-30T06:03:23.278+0000] {processor.py:161} INFO - Started process (PID=8390) to work on /opt/airflow/dags/etl_clickhouse.py
[2025-10-30T06:03:23.281+0000] {processor.py:830} INFO - Processing file /opt/airflow/dags/etl_clickhouse.py for tasks to queue
[2025-10-30T06:03:23.287+0000] {logging_mixin.py:188} INFO - [2025-10-30T06:03:23.285+0000] {dagbag.py:545} INFO - Filling up the DagBag from /opt/airflow/dags/etl_clickhouse.py
[2025-10-30T06:03:24.021+0000] {processor.py:840} INFO - DAG(s) 'move_data_to_clickhouse' retrieved from /opt/airflow/dags/etl_clickhouse.py
[2025-10-30T06:03:24.081+0000] {logging_mixin.py:188} INFO - [2025-10-30T06:03:24.080+0000] {dag.py:3096} INFO - Sync 1 DAGs
[2025-10-30T06:03:24.110+0000] {logging_mixin.py:188} INFO - [2025-10-30T06:03:24.109+0000] {dag.py:3954} INFO - Setting next_dagrun for move_data_to_clickhouse to None, run_after=None
[2025-10-30T06:03:24.151+0000] {processor.py:183} INFO - Processing /opt/airflow/dags/etl_clickhouse.py took 0.893 seconds
[2025-10-30T06:03:54.925+0000] {processor.py:161} INFO - Started process (PID=8402) to work on /opt/airflow/dags/etl_clickhouse.py
[2025-10-30T06:03:54.927+0000] {processor.py:830} INFO - Processing file /opt/airflow/dags/etl_clickhouse.py for tasks to queue
[2025-10-30T06:03:54.932+0000] {logging_mixin.py:188} INFO - [2025-10-30T06:03:54.931+0000] {dagbag.py:545} INFO - Filling up the DagBag from /opt/airflow/dags/etl_clickhouse.py
[2025-10-30T06:03:55.742+0000] {processor.py:840} INFO - DAG(s) 'move_data_to_clickhouse' retrieved from /opt/airflow/dags/etl_clickhouse.py
[2025-10-30T06:03:55.805+0000] {logging_mixin.py:188} INFO - [2025-10-30T06:03:55.804+0000] {dag.py:3096} INFO - Sync 1 DAGs
[2025-10-30T06:03:55.830+0000] {logging_mixin.py:188} INFO - [2025-10-30T06:03:55.829+0000] {dag.py:3954} INFO - Setting next_dagrun for move_data_to_clickhouse to None, run_after=None
[2025-10-30T06:03:55.888+0000] {processor.py:183} INFO - Processing /opt/airflow/dags/etl_clickhouse.py took 0.978 seconds
[2025-10-30T06:04:26.552+0000] {processor.py:161} INFO - Started process (PID=8414) to work on /opt/airflow/dags/etl_clickhouse.py
[2025-10-30T06:04:26.555+0000] {processor.py:830} INFO - Processing file /opt/airflow/dags/etl_clickhouse.py for tasks to queue
[2025-10-30T06:04:26.559+0000] {logging_mixin.py:188} INFO - [2025-10-30T06:04:26.558+0000] {dagbag.py:545} INFO - Filling up the DagBag from /opt/airflow/dags/etl_clickhouse.py
[2025-10-30T06:04:27.349+0000] {processor.py:840} INFO - DAG(s) 'move_data_to_clickhouse' retrieved from /opt/airflow/dags/etl_clickhouse.py
[2025-10-30T06:04:27.415+0000] {logging_mixin.py:188} INFO - [2025-10-30T06:04:27.414+0000] {dag.py:3096} INFO - Sync 1 DAGs
[2025-10-30T06:04:27.440+0000] {logging_mixin.py:188} INFO - [2025-10-30T06:04:27.439+0000] {dag.py:3954} INFO - Setting next_dagrun for move_data_to_clickhouse to None, run_after=None
[2025-10-30T06:04:27.490+0000] {processor.py:183} INFO - Processing /opt/airflow/dags/etl_clickhouse.py took 0.949 seconds
[2025-10-30T06:04:58.088+0000] {processor.py:161} INFO - Started process (PID=8426) to work on /opt/airflow/dags/etl_clickhouse.py
[2025-10-30T06:04:58.090+0000] {processor.py:830} INFO - Processing file /opt/airflow/dags/etl_clickhouse.py for tasks to queue
[2025-10-30T06:04:58.095+0000] {logging_mixin.py:188} INFO - [2025-10-30T06:04:58.094+0000] {dagbag.py:545} INFO - Filling up the DagBag from /opt/airflow/dags/etl_clickhouse.py
[2025-10-30T06:04:58.801+0000] {processor.py:840} INFO - DAG(s) 'move_data_to_clickhouse' retrieved from /opt/airflow/dags/etl_clickhouse.py
[2025-10-30T06:04:58.868+0000] {logging_mixin.py:188} INFO - [2025-10-30T06:04:58.867+0000] {dag.py:3096} INFO - Sync 1 DAGs
[2025-10-30T06:04:58.897+0000] {logging_mixin.py:188} INFO - [2025-10-30T06:04:58.896+0000] {dag.py:3954} INFO - Setting next_dagrun for move_data_to_clickhouse to None, run_after=None
[2025-10-30T06:04:58.955+0000] {processor.py:183} INFO - Processing /opt/airflow/dags/etl_clickhouse.py took 0.882 seconds
[2025-10-30T06:05:29.476+0000] {processor.py:161} INFO - Started process (PID=8438) to work on /opt/airflow/dags/etl_clickhouse.py
[2025-10-30T06:05:29.479+0000] {processor.py:830} INFO - Processing file /opt/airflow/dags/etl_clickhouse.py for tasks to queue
[2025-10-30T06:05:29.484+0000] {logging_mixin.py:188} INFO - [2025-10-30T06:05:29.483+0000] {dagbag.py:545} INFO - Filling up the DagBag from /opt/airflow/dags/etl_clickhouse.py
[2025-10-30T06:05:30.202+0000] {processor.py:840} INFO - DAG(s) 'move_data_to_clickhouse' retrieved from /opt/airflow/dags/etl_clickhouse.py
[2025-10-30T06:05:30.261+0000] {logging_mixin.py:188} INFO - [2025-10-30T06:05:30.261+0000] {dag.py:3096} INFO - Sync 1 DAGs
[2025-10-30T06:05:30.299+0000] {logging_mixin.py:188} INFO - [2025-10-30T06:05:30.298+0000] {dag.py:3954} INFO - Setting next_dagrun for move_data_to_clickhouse to None, run_after=None
[2025-10-30T06:05:30.351+0000] {processor.py:183} INFO - Processing /opt/airflow/dags/etl_clickhouse.py took 0.894 seconds
[2025-10-30T06:06:01.050+0000] {processor.py:161} INFO - Started process (PID=8450) to work on /opt/airflow/dags/etl_clickhouse.py
[2025-10-30T06:06:01.053+0000] {processor.py:830} INFO - Processing file /opt/airflow/dags/etl_clickhouse.py for tasks to queue
[2025-10-30T06:06:01.057+0000] {logging_mixin.py:188} INFO - [2025-10-30T06:06:01.057+0000] {dagbag.py:545} INFO - Filling up the DagBag from /opt/airflow/dags/etl_clickhouse.py
[2025-10-30T06:06:01.900+0000] {processor.py:840} INFO - DAG(s) 'move_data_to_clickhouse' retrieved from /opt/airflow/dags/etl_clickhouse.py
[2025-10-30T06:06:01.978+0000] {logging_mixin.py:188} INFO - [2025-10-30T06:06:01.977+0000] {dag.py:3096} INFO - Sync 1 DAGs
[2025-10-30T06:06:02.013+0000] {logging_mixin.py:188} INFO - [2025-10-30T06:06:02.013+0000] {dag.py:3954} INFO - Setting next_dagrun for move_data_to_clickhouse to None, run_after=None
[2025-10-30T06:06:02.075+0000] {processor.py:183} INFO - Processing /opt/airflow/dags/etl_clickhouse.py took 1.041 seconds
[2025-10-30T06:06:32.702+0000] {processor.py:161} INFO - Started process (PID=8462) to work on /opt/airflow/dags/etl_clickhouse.py
[2025-10-30T06:06:32.704+0000] {processor.py:830} INFO - Processing file /opt/airflow/dags/etl_clickhouse.py for tasks to queue
[2025-10-30T06:06:32.708+0000] {logging_mixin.py:188} INFO - [2025-10-30T06:06:32.707+0000] {dagbag.py:545} INFO - Filling up the DagBag from /opt/airflow/dags/etl_clickhouse.py
[2025-10-30T06:06:33.510+0000] {processor.py:840} INFO - DAG(s) 'move_data_to_clickhouse' retrieved from /opt/airflow/dags/etl_clickhouse.py
[2025-10-30T06:06:33.586+0000] {logging_mixin.py:188} INFO - [2025-10-30T06:06:33.585+0000] {dag.py:3096} INFO - Sync 1 DAGs
[2025-10-30T06:06:33.611+0000] {logging_mixin.py:188} INFO - [2025-10-30T06:06:33.610+0000] {dag.py:3954} INFO - Setting next_dagrun for move_data_to_clickhouse to None, run_after=None
[2025-10-30T06:06:33.670+0000] {processor.py:183} INFO - Processing /opt/airflow/dags/etl_clickhouse.py took 0.980 seconds
[2025-10-30T06:07:04.235+0000] {processor.py:161} INFO - Started process (PID=8474) to work on /opt/airflow/dags/etl_clickhouse.py
[2025-10-30T06:07:04.237+0000] {processor.py:830} INFO - Processing file /opt/airflow/dags/etl_clickhouse.py for tasks to queue
[2025-10-30T06:07:04.242+0000] {logging_mixin.py:188} INFO - [2025-10-30T06:07:04.241+0000] {dagbag.py:545} INFO - Filling up the DagBag from /opt/airflow/dags/etl_clickhouse.py
[2025-10-30T06:07:04.983+0000] {processor.py:840} INFO - DAG(s) 'move_data_to_clickhouse' retrieved from /opt/airflow/dags/etl_clickhouse.py
[2025-10-30T06:07:05.047+0000] {logging_mixin.py:188} INFO - [2025-10-30T06:07:05.046+0000] {dag.py:3096} INFO - Sync 1 DAGs
[2025-10-30T06:07:05.069+0000] {logging_mixin.py:188} INFO - [2025-10-30T06:07:05.068+0000] {dag.py:3954} INFO - Setting next_dagrun for move_data_to_clickhouse to None, run_after=None
[2025-10-30T06:07:05.125+0000] {processor.py:183} INFO - Processing /opt/airflow/dags/etl_clickhouse.py took 0.904 seconds
[2025-10-30T06:07:35.740+0000] {processor.py:161} INFO - Started process (PID=8486) to work on /opt/airflow/dags/etl_clickhouse.py
[2025-10-30T06:07:35.742+0000] {processor.py:830} INFO - Processing file /opt/airflow/dags/etl_clickhouse.py for tasks to queue
[2025-10-30T06:07:35.746+0000] {logging_mixin.py:188} INFO - [2025-10-30T06:07:35.745+0000] {dagbag.py:545} INFO - Filling up the DagBag from /opt/airflow/dags/etl_clickhouse.py
[2025-10-30T06:07:36.396+0000] {processor.py:840} INFO - DAG(s) 'move_data_to_clickhouse' retrieved from /opt/airflow/dags/etl_clickhouse.py
[2025-10-30T06:07:36.458+0000] {logging_mixin.py:188} INFO - [2025-10-30T06:07:36.458+0000] {dag.py:3096} INFO - Sync 1 DAGs
[2025-10-30T06:07:36.478+0000] {logging_mixin.py:188} INFO - [2025-10-30T06:07:36.478+0000] {dag.py:3954} INFO - Setting next_dagrun for move_data_to_clickhouse to None, run_after=None
[2025-10-30T06:07:36.546+0000] {processor.py:183} INFO - Processing /opt/airflow/dags/etl_clickhouse.py took 0.818 seconds
[2025-10-30T06:08:07.338+0000] {processor.py:161} INFO - Started process (PID=8498) to work on /opt/airflow/dags/etl_clickhouse.py
[2025-10-30T06:08:07.341+0000] {processor.py:830} INFO - Processing file /opt/airflow/dags/etl_clickhouse.py for tasks to queue
[2025-10-30T06:08:07.347+0000] {logging_mixin.py:188} INFO - [2025-10-30T06:08:07.346+0000] {dagbag.py:545} INFO - Filling up the DagBag from /opt/airflow/dags/etl_clickhouse.py
[2025-10-30T06:08:08.050+0000] {processor.py:840} INFO - DAG(s) 'move_data_to_clickhouse' retrieved from /opt/airflow/dags/etl_clickhouse.py
[2025-10-30T06:08:08.108+0000] {logging_mixin.py:188} INFO - [2025-10-30T06:08:08.107+0000] {dag.py:3096} INFO - Sync 1 DAGs
[2025-10-30T06:08:08.142+0000] {logging_mixin.py:188} INFO - [2025-10-30T06:08:08.141+0000] {dag.py:3954} INFO - Setting next_dagrun for move_data_to_clickhouse to None, run_after=None
[2025-10-30T06:08:08.197+0000] {processor.py:183} INFO - Processing /opt/airflow/dags/etl_clickhouse.py took 0.878 seconds
[2025-10-30T06:08:38.906+0000] {processor.py:161} INFO - Started process (PID=8510) to work on /opt/airflow/dags/etl_clickhouse.py
[2025-10-30T06:08:38.908+0000] {processor.py:830} INFO - Processing file /opt/airflow/dags/etl_clickhouse.py for tasks to queue
[2025-10-30T06:08:38.913+0000] {logging_mixin.py:188} INFO - [2025-10-30T06:08:38.912+0000] {dagbag.py:545} INFO - Filling up the DagBag from /opt/airflow/dags/etl_clickhouse.py
[2025-10-30T06:08:39.864+0000] {processor.py:840} INFO - DAG(s) 'move_data_to_clickhouse' retrieved from /opt/airflow/dags/etl_clickhouse.py
[2025-10-30T06:08:39.926+0000] {logging_mixin.py:188} INFO - [2025-10-30T06:08:39.925+0000] {dag.py:3096} INFO - Sync 1 DAGs
[2025-10-30T06:08:39.950+0000] {logging_mixin.py:188} INFO - [2025-10-30T06:08:39.949+0000] {dag.py:3954} INFO - Setting next_dagrun for move_data_to_clickhouse to None, run_after=None
[2025-10-30T06:08:39.990+0000] {processor.py:183} INFO - Processing /opt/airflow/dags/etl_clickhouse.py took 1.099 seconds
[2025-10-30T06:09:10.609+0000] {processor.py:161} INFO - Started process (PID=8522) to work on /opt/airflow/dags/etl_clickhouse.py
[2025-10-30T06:09:10.613+0000] {processor.py:830} INFO - Processing file /opt/airflow/dags/etl_clickhouse.py for tasks to queue
[2025-10-30T06:09:10.617+0000] {logging_mixin.py:188} INFO - [2025-10-30T06:09:10.617+0000] {dagbag.py:545} INFO - Filling up the DagBag from /opt/airflow/dags/etl_clickhouse.py
[2025-10-30T06:09:11.489+0000] {processor.py:840} INFO - DAG(s) 'move_data_to_clickhouse' retrieved from /opt/airflow/dags/etl_clickhouse.py
[2025-10-30T06:09:11.547+0000] {logging_mixin.py:188} INFO - [2025-10-30T06:09:11.547+0000] {dag.py:3096} INFO - Sync 1 DAGs
[2025-10-30T06:09:11.571+0000] {logging_mixin.py:188} INFO - [2025-10-30T06:09:11.570+0000] {dag.py:3954} INFO - Setting next_dagrun for move_data_to_clickhouse to None, run_after=None
[2025-10-30T06:09:11.630+0000] {processor.py:183} INFO - Processing /opt/airflow/dags/etl_clickhouse.py took 1.043 seconds
[2025-10-30T06:09:42.359+0000] {processor.py:161} INFO - Started process (PID=8534) to work on /opt/airflow/dags/etl_clickhouse.py
[2025-10-30T06:09:42.361+0000] {processor.py:830} INFO - Processing file /opt/airflow/dags/etl_clickhouse.py for tasks to queue
[2025-10-30T06:09:42.365+0000] {logging_mixin.py:188} INFO - [2025-10-30T06:09:42.364+0000] {dagbag.py:545} INFO - Filling up the DagBag from /opt/airflow/dags/etl_clickhouse.py
[2025-10-30T06:09:43.149+0000] {processor.py:840} INFO - DAG(s) 'move_data_to_clickhouse' retrieved from /opt/airflow/dags/etl_clickhouse.py
[2025-10-30T06:09:43.210+0000] {logging_mixin.py:188} INFO - [2025-10-30T06:09:43.209+0000] {dag.py:3096} INFO - Sync 1 DAGs
[2025-10-30T06:09:43.236+0000] {logging_mixin.py:188} INFO - [2025-10-30T06:09:43.236+0000] {dag.py:3954} INFO - Setting next_dagrun for move_data_to_clickhouse to None, run_after=None
[2025-10-30T06:09:43.304+0000] {processor.py:183} INFO - Processing /opt/airflow/dags/etl_clickhouse.py took 0.963 seconds
[2025-10-30T06:10:14.085+0000] {processor.py:161} INFO - Started process (PID=8546) to work on /opt/airflow/dags/etl_clickhouse.py
[2025-10-30T06:10:14.087+0000] {processor.py:830} INFO - Processing file /opt/airflow/dags/etl_clickhouse.py for tasks to queue
[2025-10-30T06:10:14.091+0000] {logging_mixin.py:188} INFO - [2025-10-30T06:10:14.090+0000] {dagbag.py:545} INFO - Filling up the DagBag from /opt/airflow/dags/etl_clickhouse.py
[2025-10-30T06:10:14.789+0000] {processor.py:840} INFO - DAG(s) 'move_data_to_clickhouse' retrieved from /opt/airflow/dags/etl_clickhouse.py
[2025-10-30T06:10:14.851+0000] {logging_mixin.py:188} INFO - [2025-10-30T06:10:14.850+0000] {dag.py:3096} INFO - Sync 1 DAGs
[2025-10-30T06:10:14.878+0000] {logging_mixin.py:188} INFO - [2025-10-30T06:10:14.878+0000] {dag.py:3954} INFO - Setting next_dagrun for move_data_to_clickhouse to None, run_after=None
[2025-10-30T06:10:14.938+0000] {processor.py:183} INFO - Processing /opt/airflow/dags/etl_clickhouse.py took 0.863 seconds
[2025-10-30T06:10:45.580+0000] {processor.py:161} INFO - Started process (PID=8558) to work on /opt/airflow/dags/etl_clickhouse.py
[2025-10-30T06:10:45.583+0000] {processor.py:830} INFO - Processing file /opt/airflow/dags/etl_clickhouse.py for tasks to queue
[2025-10-30T06:10:45.588+0000] {logging_mixin.py:188} INFO - [2025-10-30T06:10:45.587+0000] {dagbag.py:545} INFO - Filling up the DagBag from /opt/airflow/dags/etl_clickhouse.py
[2025-10-30T06:10:46.352+0000] {processor.py:840} INFO - DAG(s) 'move_data_to_clickhouse' retrieved from /opt/airflow/dags/etl_clickhouse.py
[2025-10-30T06:10:46.409+0000] {logging_mixin.py:188} INFO - [2025-10-30T06:10:46.409+0000] {dag.py:3096} INFO - Sync 1 DAGs
[2025-10-30T06:10:46.434+0000] {logging_mixin.py:188} INFO - [2025-10-30T06:10:46.434+0000] {dag.py:3954} INFO - Setting next_dagrun for move_data_to_clickhouse to None, run_after=None
[2025-10-30T06:10:46.491+0000] {processor.py:183} INFO - Processing /opt/airflow/dags/etl_clickhouse.py took 0.924 seconds
[2025-10-30T06:11:17.085+0000] {processor.py:161} INFO - Started process (PID=8570) to work on /opt/airflow/dags/etl_clickhouse.py
[2025-10-30T06:11:17.087+0000] {processor.py:830} INFO - Processing file /opt/airflow/dags/etl_clickhouse.py for tasks to queue
[2025-10-30T06:11:17.091+0000] {logging_mixin.py:188} INFO - [2025-10-30T06:11:17.090+0000] {dagbag.py:545} INFO - Filling up the DagBag from /opt/airflow/dags/etl_clickhouse.py
[2025-10-30T06:11:17.805+0000] {processor.py:840} INFO - DAG(s) 'move_data_to_clickhouse' retrieved from /opt/airflow/dags/etl_clickhouse.py
[2025-10-30T06:11:17.859+0000] {logging_mixin.py:188} INFO - [2025-10-30T06:11:17.858+0000] {dag.py:3096} INFO - Sync 1 DAGs
[2025-10-30T06:11:17.883+0000] {logging_mixin.py:188} INFO - [2025-10-30T06:11:17.883+0000] {dag.py:3954} INFO - Setting next_dagrun for move_data_to_clickhouse to None, run_after=None
[2025-10-30T06:11:17.930+0000] {processor.py:183} INFO - Processing /opt/airflow/dags/etl_clickhouse.py took 0.857 seconds
[2025-10-30T06:11:48.596+0000] {processor.py:161} INFO - Started process (PID=8582) to work on /opt/airflow/dags/etl_clickhouse.py
[2025-10-30T06:11:48.598+0000] {processor.py:830} INFO - Processing file /opt/airflow/dags/etl_clickhouse.py for tasks to queue
[2025-10-30T06:11:48.603+0000] {logging_mixin.py:188} INFO - [2025-10-30T06:11:48.602+0000] {dagbag.py:545} INFO - Filling up the DagBag from /opt/airflow/dags/etl_clickhouse.py
[2025-10-30T06:11:49.587+0000] {processor.py:840} INFO - DAG(s) 'move_data_to_clickhouse' retrieved from /opt/airflow/dags/etl_clickhouse.py
[2025-10-30T06:11:49.661+0000] {logging_mixin.py:188} INFO - [2025-10-30T06:11:49.660+0000] {dag.py:3096} INFO - Sync 1 DAGs
[2025-10-30T06:11:49.696+0000] {logging_mixin.py:188} INFO - [2025-10-30T06:11:49.696+0000] {dag.py:3954} INFO - Setting next_dagrun for move_data_to_clickhouse to None, run_after=None
[2025-10-30T06:11:49.749+0000] {processor.py:183} INFO - Processing /opt/airflow/dags/etl_clickhouse.py took 1.167 seconds
[2025-10-30T06:12:20.453+0000] {processor.py:161} INFO - Started process (PID=8594) to work on /opt/airflow/dags/etl_clickhouse.py
[2025-10-30T06:12:20.456+0000] {processor.py:830} INFO - Processing file /opt/airflow/dags/etl_clickhouse.py for tasks to queue
[2025-10-30T06:12:20.461+0000] {logging_mixin.py:188} INFO - [2025-10-30T06:12:20.460+0000] {dagbag.py:545} INFO - Filling up the DagBag from /opt/airflow/dags/etl_clickhouse.py
[2025-10-30T06:12:21.185+0000] {processor.py:840} INFO - DAG(s) 'move_data_to_clickhouse' retrieved from /opt/airflow/dags/etl_clickhouse.py
[2025-10-30T06:12:21.273+0000] {logging_mixin.py:188} INFO - [2025-10-30T06:12:21.272+0000] {dag.py:3096} INFO - Sync 1 DAGs
[2025-10-30T06:12:21.299+0000] {logging_mixin.py:188} INFO - [2025-10-30T06:12:21.299+0000] {dag.py:3954} INFO - Setting next_dagrun for move_data_to_clickhouse to None, run_after=None
[2025-10-30T06:12:21.355+0000] {processor.py:183} INFO - Processing /opt/airflow/dags/etl_clickhouse.py took 0.920 seconds
[2025-10-30T06:12:52.208+0000] {processor.py:161} INFO - Started process (PID=8606) to work on /opt/airflow/dags/etl_clickhouse.py
[2025-10-30T06:12:52.210+0000] {processor.py:830} INFO - Processing file /opt/airflow/dags/etl_clickhouse.py for tasks to queue
[2025-10-30T06:12:52.215+0000] {logging_mixin.py:188} INFO - [2025-10-30T06:12:52.214+0000] {dagbag.py:545} INFO - Filling up the DagBag from /opt/airflow/dags/etl_clickhouse.py
[2025-10-30T06:12:53.176+0000] {processor.py:840} INFO - DAG(s) 'move_data_to_clickhouse' retrieved from /opt/airflow/dags/etl_clickhouse.py
[2025-10-30T06:12:53.255+0000] {logging_mixin.py:188} INFO - [2025-10-30T06:12:53.254+0000] {dag.py:3096} INFO - Sync 1 DAGs
[2025-10-30T06:12:53.280+0000] {logging_mixin.py:188} INFO - [2025-10-30T06:12:53.280+0000] {dag.py:3954} INFO - Setting next_dagrun for move_data_to_clickhouse to None, run_after=None
[2025-10-30T06:12:53.350+0000] {processor.py:183} INFO - Processing /opt/airflow/dags/etl_clickhouse.py took 1.158 seconds
[2025-10-30T06:13:23.829+0000] {processor.py:161} INFO - Started process (PID=8618) to work on /opt/airflow/dags/etl_clickhouse.py
[2025-10-30T06:13:23.832+0000] {processor.py:830} INFO - Processing file /opt/airflow/dags/etl_clickhouse.py for tasks to queue
[2025-10-30T06:13:23.836+0000] {logging_mixin.py:188} INFO - [2025-10-30T06:13:23.835+0000] {dagbag.py:545} INFO - Filling up the DagBag from /opt/airflow/dags/etl_clickhouse.py
[2025-10-30T06:13:24.543+0000] {processor.py:840} INFO - DAG(s) 'move_data_to_clickhouse' retrieved from /opt/airflow/dags/etl_clickhouse.py
[2025-10-30T06:13:24.599+0000] {logging_mixin.py:188} INFO - [2025-10-30T06:13:24.598+0000] {dag.py:3096} INFO - Sync 1 DAGs
[2025-10-30T06:13:24.623+0000] {logging_mixin.py:188} INFO - [2025-10-30T06:13:24.623+0000] {dag.py:3954} INFO - Setting next_dagrun for move_data_to_clickhouse to None, run_after=None
[2025-10-30T06:13:24.674+0000] {processor.py:183} INFO - Processing /opt/airflow/dags/etl_clickhouse.py took 0.857 seconds
[2025-10-30T06:13:55.357+0000] {processor.py:161} INFO - Started process (PID=8630) to work on /opt/airflow/dags/etl_clickhouse.py
[2025-10-30T06:13:55.360+0000] {processor.py:830} INFO - Processing file /opt/airflow/dags/etl_clickhouse.py for tasks to queue
[2025-10-30T06:13:55.367+0000] {logging_mixin.py:188} INFO - [2025-10-30T06:13:55.366+0000] {dagbag.py:545} INFO - Filling up the DagBag from /opt/airflow/dags/etl_clickhouse.py
[2025-10-30T06:13:56.363+0000] {processor.py:840} INFO - DAG(s) 'move_data_to_clickhouse' retrieved from /opt/airflow/dags/etl_clickhouse.py
[2025-10-30T06:13:56.453+0000] {logging_mixin.py:188} INFO - [2025-10-30T06:13:56.452+0000] {dag.py:3096} INFO - Sync 1 DAGs
[2025-10-30T06:13:56.489+0000] {logging_mixin.py:188} INFO - [2025-10-30T06:13:56.488+0000] {dag.py:3954} INFO - Setting next_dagrun for move_data_to_clickhouse to None, run_after=None
[2025-10-30T06:13:56.548+0000] {processor.py:183} INFO - Processing /opt/airflow/dags/etl_clickhouse.py took 1.210 seconds
[2025-10-30T06:14:27.012+0000] {processor.py:161} INFO - Started process (PID=8642) to work on /opt/airflow/dags/etl_clickhouse.py
[2025-10-30T06:14:27.014+0000] {processor.py:830} INFO - Processing file /opt/airflow/dags/etl_clickhouse.py for tasks to queue
[2025-10-30T06:14:27.020+0000] {logging_mixin.py:188} INFO - [2025-10-30T06:14:27.019+0000] {dagbag.py:545} INFO - Filling up the DagBag from /opt/airflow/dags/etl_clickhouse.py
[2025-10-30T06:14:27.903+0000] {processor.py:840} INFO - DAG(s) 'move_data_to_clickhouse' retrieved from /opt/airflow/dags/etl_clickhouse.py
[2025-10-30T06:14:27.956+0000] {logging_mixin.py:188} INFO - [2025-10-30T06:14:27.955+0000] {dag.py:3096} INFO - Sync 1 DAGs
[2025-10-30T06:14:27.981+0000] {logging_mixin.py:188} INFO - [2025-10-30T06:14:27.981+0000] {dag.py:3954} INFO - Setting next_dagrun for move_data_to_clickhouse to None, run_after=None
[2025-10-30T06:14:28.017+0000] {processor.py:183} INFO - Processing /opt/airflow/dags/etl_clickhouse.py took 1.021 seconds
[2025-10-30T06:14:58.598+0000] {processor.py:161} INFO - Started process (PID=8654) to work on /opt/airflow/dags/etl_clickhouse.py
[2025-10-30T06:14:58.600+0000] {processor.py:830} INFO - Processing file /opt/airflow/dags/etl_clickhouse.py for tasks to queue
[2025-10-30T06:14:58.606+0000] {logging_mixin.py:188} INFO - [2025-10-30T06:14:58.605+0000] {dagbag.py:545} INFO - Filling up the DagBag from /opt/airflow/dags/etl_clickhouse.py
[2025-10-30T06:14:59.736+0000] {processor.py:840} INFO - DAG(s) 'move_data_to_clickhouse' retrieved from /opt/airflow/dags/etl_clickhouse.py
[2025-10-30T06:14:59.808+0000] {logging_mixin.py:188} INFO - [2025-10-30T06:14:59.807+0000] {dag.py:3096} INFO - Sync 1 DAGs
[2025-10-30T06:14:59.833+0000] {logging_mixin.py:188} INFO - [2025-10-30T06:14:59.833+0000] {dag.py:3954} INFO - Setting next_dagrun for move_data_to_clickhouse to None, run_after=None
[2025-10-30T06:14:59.888+0000] {processor.py:183} INFO - Processing /opt/airflow/dags/etl_clickhouse.py took 1.308 seconds
[2025-10-30T06:15:30.206+0000] {processor.py:161} INFO - Started process (PID=8666) to work on /opt/airflow/dags/etl_clickhouse.py
[2025-10-30T06:15:30.207+0000] {processor.py:830} INFO - Processing file /opt/airflow/dags/etl_clickhouse.py for tasks to queue
[2025-10-30T06:15:30.211+0000] {logging_mixin.py:188} INFO - [2025-10-30T06:15:30.211+0000] {dagbag.py:545} INFO - Filling up the DagBag from /opt/airflow/dags/etl_clickhouse.py
[2025-10-30T06:15:30.977+0000] {processor.py:840} INFO - DAG(s) 'move_data_to_clickhouse' retrieved from /opt/airflow/dags/etl_clickhouse.py
[2025-10-30T06:15:31.054+0000] {logging_mixin.py:188} INFO - [2025-10-30T06:15:31.053+0000] {dag.py:3096} INFO - Sync 1 DAGs
[2025-10-30T06:15:31.085+0000] {logging_mixin.py:188} INFO - [2025-10-30T06:15:31.084+0000] {dag.py:3954} INFO - Setting next_dagrun for move_data_to_clickhouse to None, run_after=None
[2025-10-30T06:15:31.142+0000] {processor.py:183} INFO - Processing /opt/airflow/dags/etl_clickhouse.py took 0.952 seconds
[2025-10-30T06:16:01.922+0000] {processor.py:161} INFO - Started process (PID=8678) to work on /opt/airflow/dags/etl_clickhouse.py
[2025-10-30T06:16:01.924+0000] {processor.py:830} INFO - Processing file /opt/airflow/dags/etl_clickhouse.py for tasks to queue
[2025-10-30T06:16:01.929+0000] {logging_mixin.py:188} INFO - [2025-10-30T06:16:01.928+0000] {dagbag.py:545} INFO - Filling up the DagBag from /opt/airflow/dags/etl_clickhouse.py
[2025-10-30T06:16:02.694+0000] {processor.py:840} INFO - DAG(s) 'move_data_to_clickhouse' retrieved from /opt/airflow/dags/etl_clickhouse.py
[2025-10-30T06:16:02.749+0000] {logging_mixin.py:188} INFO - [2025-10-30T06:16:02.749+0000] {dag.py:3096} INFO - Sync 1 DAGs
[2025-10-30T06:16:02.770+0000] {logging_mixin.py:188} INFO - [2025-10-30T06:16:02.770+0000] {dag.py:3954} INFO - Setting next_dagrun for move_data_to_clickhouse to None, run_after=None
[2025-10-30T06:16:02.829+0000] {processor.py:183} INFO - Processing /opt/airflow/dags/etl_clickhouse.py took 0.919 seconds
[2025-10-30T06:16:33.546+0000] {processor.py:161} INFO - Started process (PID=8690) to work on /opt/airflow/dags/etl_clickhouse.py
[2025-10-30T06:16:33.549+0000] {processor.py:830} INFO - Processing file /opt/airflow/dags/etl_clickhouse.py for tasks to queue
[2025-10-30T06:16:33.553+0000] {logging_mixin.py:188} INFO - [2025-10-30T06:16:33.552+0000] {dagbag.py:545} INFO - Filling up the DagBag from /opt/airflow/dags/etl_clickhouse.py
[2025-10-30T06:16:34.235+0000] {processor.py:840} INFO - DAG(s) 'move_data_to_clickhouse' retrieved from /opt/airflow/dags/etl_clickhouse.py
[2025-10-30T06:16:34.286+0000] {logging_mixin.py:188} INFO - [2025-10-30T06:16:34.285+0000] {dag.py:3096} INFO - Sync 1 DAGs
[2025-10-30T06:16:34.308+0000] {logging_mixin.py:188} INFO - [2025-10-30T06:16:34.308+0000] {dag.py:3954} INFO - Setting next_dagrun for move_data_to_clickhouse to None, run_after=None
[2025-10-30T06:16:34.343+0000] {processor.py:183} INFO - Processing /opt/airflow/dags/etl_clickhouse.py took 0.810 seconds
[2025-10-30T06:17:05.051+0000] {processor.py:161} INFO - Started process (PID=8702) to work on /opt/airflow/dags/etl_clickhouse.py
[2025-10-30T06:17:05.053+0000] {processor.py:830} INFO - Processing file /opt/airflow/dags/etl_clickhouse.py for tasks to queue
[2025-10-30T06:17:05.057+0000] {logging_mixin.py:188} INFO - [2025-10-30T06:17:05.056+0000] {dagbag.py:545} INFO - Filling up the DagBag from /opt/airflow/dags/etl_clickhouse.py
[2025-10-30T06:17:05.763+0000] {processor.py:840} INFO - DAG(s) 'move_data_to_clickhouse' retrieved from /opt/airflow/dags/etl_clickhouse.py
[2025-10-30T06:17:05.816+0000] {logging_mixin.py:188} INFO - [2025-10-30T06:17:05.815+0000] {dag.py:3096} INFO - Sync 1 DAGs
[2025-10-30T06:17:05.841+0000] {logging_mixin.py:188} INFO - [2025-10-30T06:17:05.841+0000] {dag.py:3954} INFO - Setting next_dagrun for move_data_to_clickhouse to None, run_after=None
[2025-10-30T06:17:05.900+0000] {processor.py:183} INFO - Processing /opt/airflow/dags/etl_clickhouse.py took 0.861 seconds
[2025-10-30T06:17:36.606+0000] {processor.py:161} INFO - Started process (PID=8714) to work on /opt/airflow/dags/etl_clickhouse.py
[2025-10-30T06:17:36.609+0000] {processor.py:830} INFO - Processing file /opt/airflow/dags/etl_clickhouse.py for tasks to queue
[2025-10-30T06:17:36.613+0000] {logging_mixin.py:188} INFO - [2025-10-30T06:17:36.612+0000] {dagbag.py:545} INFO - Filling up the DagBag from /opt/airflow/dags/etl_clickhouse.py
[2025-10-30T06:17:37.396+0000] {processor.py:840} INFO - DAG(s) 'move_data_to_clickhouse' retrieved from /opt/airflow/dags/etl_clickhouse.py
[2025-10-30T06:17:37.465+0000] {logging_mixin.py:188} INFO - [2025-10-30T06:17:37.464+0000] {dag.py:3096} INFO - Sync 1 DAGs
[2025-10-30T06:17:37.491+0000] {logging_mixin.py:188} INFO - [2025-10-30T06:17:37.491+0000] {dag.py:3954} INFO - Setting next_dagrun for move_data_to_clickhouse to None, run_after=None
[2025-10-30T06:17:37.549+0000] {processor.py:183} INFO - Processing /opt/airflow/dags/etl_clickhouse.py took 0.955 seconds
[2025-10-30T06:18:08.517+0000] {processor.py:161} INFO - Started process (PID=8726) to work on /opt/airflow/dags/etl_clickhouse.py
[2025-10-30T06:18:08.521+0000] {processor.py:830} INFO - Processing file /opt/airflow/dags/etl_clickhouse.py for tasks to queue
[2025-10-30T06:18:08.525+0000] {logging_mixin.py:188} INFO - [2025-10-30T06:18:08.524+0000] {dagbag.py:545} INFO - Filling up the DagBag from /opt/airflow/dags/etl_clickhouse.py
[2025-10-30T06:18:09.383+0000] {processor.py:840} INFO - DAG(s) 'move_data_to_clickhouse' retrieved from /opt/airflow/dags/etl_clickhouse.py
[2025-10-30T06:18:09.450+0000] {logging_mixin.py:188} INFO - [2025-10-30T06:18:09.449+0000] {dag.py:3096} INFO - Sync 1 DAGs
[2025-10-30T06:18:09.476+0000] {logging_mixin.py:188} INFO - [2025-10-30T06:18:09.475+0000] {dag.py:3954} INFO - Setting next_dagrun for move_data_to_clickhouse to None, run_after=None
[2025-10-30T06:18:09.530+0000] {processor.py:183} INFO - Processing /opt/airflow/dags/etl_clickhouse.py took 1.027 seconds
[2025-10-30T06:18:40.008+0000] {processor.py:161} INFO - Started process (PID=8738) to work on /opt/airflow/dags/etl_clickhouse.py
[2025-10-30T06:18:40.010+0000] {processor.py:830} INFO - Processing file /opt/airflow/dags/etl_clickhouse.py for tasks to queue
[2025-10-30T06:18:40.014+0000] {logging_mixin.py:188} INFO - [2025-10-30T06:18:40.014+0000] {dagbag.py:545} INFO - Filling up the DagBag from /opt/airflow/dags/etl_clickhouse.py
[2025-10-30T06:18:40.736+0000] {processor.py:840} INFO - DAG(s) 'move_data_to_clickhouse' retrieved from /opt/airflow/dags/etl_clickhouse.py
[2025-10-30T06:18:40.802+0000] {logging_mixin.py:188} INFO - [2025-10-30T06:18:40.801+0000] {dag.py:3096} INFO - Sync 1 DAGs
[2025-10-30T06:18:40.832+0000] {logging_mixin.py:188} INFO - [2025-10-30T06:18:40.832+0000] {dag.py:3954} INFO - Setting next_dagrun for move_data_to_clickhouse to None, run_after=None
[2025-10-30T06:18:40.888+0000] {processor.py:183} INFO - Processing /opt/airflow/dags/etl_clickhouse.py took 0.898 seconds
[2025-10-30T06:19:11.698+0000] {processor.py:161} INFO - Started process (PID=8750) to work on /opt/airflow/dags/etl_clickhouse.py
[2025-10-30T06:19:11.704+0000] {processor.py:830} INFO - Processing file /opt/airflow/dags/etl_clickhouse.py for tasks to queue
[2025-10-30T06:19:11.716+0000] {logging_mixin.py:188} INFO - [2025-10-30T06:19:11.714+0000] {dagbag.py:545} INFO - Filling up the DagBag from /opt/airflow/dags/etl_clickhouse.py
[2025-10-30T06:19:12.609+0000] {processor.py:840} INFO - DAG(s) 'move_data_to_clickhouse' retrieved from /opt/airflow/dags/etl_clickhouse.py
[2025-10-30T06:19:12.670+0000] {logging_mixin.py:188} INFO - [2025-10-30T06:19:12.669+0000] {dag.py:3096} INFO - Sync 1 DAGs
[2025-10-30T06:19:12.694+0000] {logging_mixin.py:188} INFO - [2025-10-30T06:19:12.694+0000] {dag.py:3954} INFO - Setting next_dagrun for move_data_to_clickhouse to None, run_after=None
[2025-10-30T06:19:12.750+0000] {processor.py:183} INFO - Processing /opt/airflow/dags/etl_clickhouse.py took 1.087 seconds
[2025-10-30T06:19:43.192+0000] {processor.py:161} INFO - Started process (PID=8762) to work on /opt/airflow/dags/etl_clickhouse.py
[2025-10-30T06:19:43.195+0000] {processor.py:830} INFO - Processing file /opt/airflow/dags/etl_clickhouse.py for tasks to queue
[2025-10-30T06:19:43.199+0000] {logging_mixin.py:188} INFO - [2025-10-30T06:19:43.198+0000] {dagbag.py:545} INFO - Filling up the DagBag from /opt/airflow/dags/etl_clickhouse.py
[2025-10-30T06:19:43.838+0000] {processor.py:840} INFO - DAG(s) 'move_data_to_clickhouse' retrieved from /opt/airflow/dags/etl_clickhouse.py
[2025-10-30T06:19:43.889+0000] {logging_mixin.py:188} INFO - [2025-10-30T06:19:43.888+0000] {dag.py:3096} INFO - Sync 1 DAGs
[2025-10-30T06:19:43.914+0000] {logging_mixin.py:188} INFO - [2025-10-30T06:19:43.914+0000] {dag.py:3954} INFO - Setting next_dagrun for move_data_to_clickhouse to None, run_after=None
[2025-10-30T06:19:43.980+0000] {processor.py:183} INFO - Processing /opt/airflow/dags/etl_clickhouse.py took 0.806 seconds
[2025-10-30T06:20:14.712+0000] {processor.py:161} INFO - Started process (PID=8774) to work on /opt/airflow/dags/etl_clickhouse.py
[2025-10-30T06:20:14.714+0000] {processor.py:830} INFO - Processing file /opt/airflow/dags/etl_clickhouse.py for tasks to queue
[2025-10-30T06:20:14.718+0000] {logging_mixin.py:188} INFO - [2025-10-30T06:20:14.717+0000] {dagbag.py:545} INFO - Filling up the DagBag from /opt/airflow/dags/etl_clickhouse.py
[2025-10-30T06:20:15.576+0000] {processor.py:840} INFO - DAG(s) 'move_data_to_clickhouse' retrieved from /opt/airflow/dags/etl_clickhouse.py
[2025-10-30T06:20:15.656+0000] {logging_mixin.py:188} INFO - [2025-10-30T06:20:15.655+0000] {dag.py:3096} INFO - Sync 1 DAGs
[2025-10-30T06:20:15.692+0000] {logging_mixin.py:188} INFO - [2025-10-30T06:20:15.692+0000] {dag.py:3954} INFO - Setting next_dagrun for move_data_to_clickhouse to None, run_after=None
[2025-10-30T06:20:15.743+0000] {processor.py:183} INFO - Processing /opt/airflow/dags/etl_clickhouse.py took 1.043 seconds
[2025-10-30T06:20:46.294+0000] {processor.py:161} INFO - Started process (PID=8786) to work on /opt/airflow/dags/etl_clickhouse.py
[2025-10-30T06:20:46.296+0000] {processor.py:830} INFO - Processing file /opt/airflow/dags/etl_clickhouse.py for tasks to queue
[2025-10-30T06:20:46.300+0000] {logging_mixin.py:188} INFO - [2025-10-30T06:20:46.299+0000] {dagbag.py:545} INFO - Filling up the DagBag from /opt/airflow/dags/etl_clickhouse.py
[2025-10-30T06:20:47.089+0000] {processor.py:840} INFO - DAG(s) 'move_data_to_clickhouse' retrieved from /opt/airflow/dags/etl_clickhouse.py
[2025-10-30T06:20:47.148+0000] {logging_mixin.py:188} INFO - [2025-10-30T06:20:47.147+0000] {dag.py:3096} INFO - Sync 1 DAGs
[2025-10-30T06:20:47.174+0000] {logging_mixin.py:188} INFO - [2025-10-30T06:20:47.173+0000] {dag.py:3954} INFO - Setting next_dagrun for move_data_to_clickhouse to None, run_after=None
[2025-10-30T06:20:47.249+0000] {processor.py:183} INFO - Processing /opt/airflow/dags/etl_clickhouse.py took 0.976 seconds
[2025-10-30T06:21:17.832+0000] {processor.py:161} INFO - Started process (PID=8798) to work on /opt/airflow/dags/etl_clickhouse.py
[2025-10-30T06:21:17.835+0000] {processor.py:830} INFO - Processing file /opt/airflow/dags/etl_clickhouse.py for tasks to queue
[2025-10-30T06:21:17.839+0000] {logging_mixin.py:188} INFO - [2025-10-30T06:21:17.838+0000] {dagbag.py:545} INFO - Filling up the DagBag from /opt/airflow/dags/etl_clickhouse.py
[2025-10-30T06:21:18.615+0000] {processor.py:840} INFO - DAG(s) 'move_data_to_clickhouse' retrieved from /opt/airflow/dags/etl_clickhouse.py
[2025-10-30T06:21:18.688+0000] {logging_mixin.py:188} INFO - [2025-10-30T06:21:18.687+0000] {dag.py:3096} INFO - Sync 1 DAGs
[2025-10-30T06:21:18.713+0000] {logging_mixin.py:188} INFO - [2025-10-30T06:21:18.712+0000] {dag.py:3954} INFO - Setting next_dagrun for move_data_to_clickhouse to None, run_after=None
[2025-10-30T06:21:18.777+0000] {processor.py:183} INFO - Processing /opt/airflow/dags/etl_clickhouse.py took 0.958 seconds
[2025-10-30T06:21:49.358+0000] {processor.py:161} INFO - Started process (PID=8810) to work on /opt/airflow/dags/etl_clickhouse.py
[2025-10-30T06:21:49.360+0000] {processor.py:830} INFO - Processing file /opt/airflow/dags/etl_clickhouse.py for tasks to queue
[2025-10-30T06:21:49.366+0000] {logging_mixin.py:188} INFO - [2025-10-30T06:21:49.365+0000] {dagbag.py:545} INFO - Filling up the DagBag from /opt/airflow/dags/etl_clickhouse.py
[2025-10-30T06:21:50.057+0000] {processor.py:840} INFO - DAG(s) 'move_data_to_clickhouse' retrieved from /opt/airflow/dags/etl_clickhouse.py
[2025-10-30T06:21:50.113+0000] {logging_mixin.py:188} INFO - [2025-10-30T06:21:50.112+0000] {dag.py:3096} INFO - Sync 1 DAGs
[2025-10-30T06:21:50.133+0000] {logging_mixin.py:188} INFO - [2025-10-30T06:21:50.133+0000] {dag.py:3954} INFO - Setting next_dagrun for move_data_to_clickhouse to None, run_after=None
[2025-10-30T06:21:50.192+0000] {processor.py:183} INFO - Processing /opt/airflow/dags/etl_clickhouse.py took 0.849 seconds
[2025-10-30T06:22:20.985+0000] {processor.py:161} INFO - Started process (PID=8822) to work on /opt/airflow/dags/etl_clickhouse.py
[2025-10-30T06:22:20.988+0000] {processor.py:830} INFO - Processing file /opt/airflow/dags/etl_clickhouse.py for tasks to queue
[2025-10-30T06:22:20.993+0000] {logging_mixin.py:188} INFO - [2025-10-30T06:22:20.992+0000] {dagbag.py:545} INFO - Filling up the DagBag from /opt/airflow/dags/etl_clickhouse.py
[2025-10-30T06:22:21.877+0000] {processor.py:840} INFO - DAG(s) 'move_data_to_clickhouse' retrieved from /opt/airflow/dags/etl_clickhouse.py
[2025-10-30T06:22:21.944+0000] {logging_mixin.py:188} INFO - [2025-10-30T06:22:21.943+0000] {dag.py:3096} INFO - Sync 1 DAGs
[2025-10-30T06:22:21.977+0000] {logging_mixin.py:188} INFO - [2025-10-30T06:22:21.977+0000] {dag.py:3954} INFO - Setting next_dagrun for move_data_to_clickhouse to None, run_after=None
[2025-10-30T06:22:22.036+0000] {processor.py:183} INFO - Processing /opt/airflow/dags/etl_clickhouse.py took 1.067 seconds
[2025-10-30T06:22:52.892+0000] {processor.py:161} INFO - Started process (PID=8834) to work on /opt/airflow/dags/etl_clickhouse.py
[2025-10-30T06:22:52.895+0000] {processor.py:830} INFO - Processing file /opt/airflow/dags/etl_clickhouse.py for tasks to queue
[2025-10-30T06:22:52.900+0000] {logging_mixin.py:188} INFO - [2025-10-30T06:22:52.899+0000] {dagbag.py:545} INFO - Filling up the DagBag from /opt/airflow/dags/etl_clickhouse.py
[2025-10-30T06:22:53.707+0000] {processor.py:840} INFO - DAG(s) 'move_data_to_clickhouse' retrieved from /opt/airflow/dags/etl_clickhouse.py
[2025-10-30T06:22:53.769+0000] {logging_mixin.py:188} INFO - [2025-10-30T06:22:53.768+0000] {dag.py:3096} INFO - Sync 1 DAGs
[2025-10-30T06:22:53.794+0000] {logging_mixin.py:188} INFO - [2025-10-30T06:22:53.793+0000] {dag.py:3954} INFO - Setting next_dagrun for move_data_to_clickhouse to None, run_after=None
[2025-10-30T06:22:53.833+0000] {processor.py:183} INFO - Processing /opt/airflow/dags/etl_clickhouse.py took 0.955 seconds
[2025-10-30T06:23:24.539+0000] {processor.py:161} INFO - Started process (PID=8846) to work on /opt/airflow/dags/etl_clickhouse.py
[2025-10-30T06:23:24.541+0000] {processor.py:830} INFO - Processing file /opt/airflow/dags/etl_clickhouse.py for tasks to queue
[2025-10-30T06:23:24.545+0000] {logging_mixin.py:188} INFO - [2025-10-30T06:23:24.545+0000] {dagbag.py:545} INFO - Filling up the DagBag from /opt/airflow/dags/etl_clickhouse.py
[2025-10-30T06:23:25.330+0000] {processor.py:840} INFO - DAG(s) 'move_data_to_clickhouse' retrieved from /opt/airflow/dags/etl_clickhouse.py
[2025-10-30T06:23:25.403+0000] {logging_mixin.py:188} INFO - [2025-10-30T06:23:25.403+0000] {dag.py:3096} INFO - Sync 1 DAGs
[2025-10-30T06:23:25.430+0000] {logging_mixin.py:188} INFO - [2025-10-30T06:23:25.429+0000] {dag.py:3954} INFO - Setting next_dagrun for move_data_to_clickhouse to None, run_after=None
[2025-10-30T06:23:25.480+0000] {processor.py:183} INFO - Processing /opt/airflow/dags/etl_clickhouse.py took 0.953 seconds
[2025-10-30T06:23:55.938+0000] {processor.py:161} INFO - Started process (PID=8858) to work on /opt/airflow/dags/etl_clickhouse.py
[2025-10-30T06:23:55.940+0000] {processor.py:830} INFO - Processing file /opt/airflow/dags/etl_clickhouse.py for tasks to queue
[2025-10-30T06:23:55.945+0000] {logging_mixin.py:188} INFO - [2025-10-30T06:23:55.944+0000] {dagbag.py:545} INFO - Filling up the DagBag from /opt/airflow/dags/etl_clickhouse.py
[2025-10-30T06:23:56.611+0000] {processor.py:840} INFO - DAG(s) 'move_data_to_clickhouse' retrieved from /opt/airflow/dags/etl_clickhouse.py
[2025-10-30T06:23:56.666+0000] {logging_mixin.py:188} INFO - [2025-10-30T06:23:56.666+0000] {dag.py:3096} INFO - Sync 1 DAGs
[2025-10-30T06:23:56.688+0000] {logging_mixin.py:188} INFO - [2025-10-30T06:23:56.688+0000] {dag.py:3954} INFO - Setting next_dagrun for move_data_to_clickhouse to None, run_after=None
[2025-10-30T06:23:56.737+0000] {processor.py:183} INFO - Processing /opt/airflow/dags/etl_clickhouse.py took 0.813 seconds
[2025-10-30T06:24:27.397+0000] {processor.py:161} INFO - Started process (PID=8870) to work on /opt/airflow/dags/etl_clickhouse.py
[2025-10-30T06:24:27.403+0000] {processor.py:830} INFO - Processing file /opt/airflow/dags/etl_clickhouse.py for tasks to queue
[2025-10-30T06:24:27.422+0000] {logging_mixin.py:188} INFO - [2025-10-30T06:24:27.419+0000] {dagbag.py:545} INFO - Filling up the DagBag from /opt/airflow/dags/etl_clickhouse.py
[2025-10-30T06:24:28.300+0000] {processor.py:840} INFO - DAG(s) 'move_data_to_clickhouse' retrieved from /opt/airflow/dags/etl_clickhouse.py
[2025-10-30T06:24:28.370+0000] {logging_mixin.py:188} INFO - [2025-10-30T06:24:28.369+0000] {dag.py:3096} INFO - Sync 1 DAGs
[2025-10-30T06:24:28.409+0000] {logging_mixin.py:188} INFO - [2025-10-30T06:24:28.408+0000] {dag.py:3954} INFO - Setting next_dagrun for move_data_to_clickhouse to None, run_after=None
[2025-10-30T06:24:28.448+0000] {processor.py:183} INFO - Processing /opt/airflow/dags/etl_clickhouse.py took 1.101 seconds
[2025-10-30T06:24:58.930+0000] {processor.py:161} INFO - Started process (PID=8882) to work on /opt/airflow/dags/etl_clickhouse.py
[2025-10-30T06:24:58.933+0000] {processor.py:830} INFO - Processing file /opt/airflow/dags/etl_clickhouse.py for tasks to queue
[2025-10-30T06:24:58.939+0000] {logging_mixin.py:188} INFO - [2025-10-30T06:24:58.938+0000] {dagbag.py:545} INFO - Filling up the DagBag from /opt/airflow/dags/etl_clickhouse.py
[2025-10-30T06:24:59.771+0000] {processor.py:840} INFO - DAG(s) 'move_data_to_clickhouse' retrieved from /opt/airflow/dags/etl_clickhouse.py
[2025-10-30T06:24:59.837+0000] {logging_mixin.py:188} INFO - [2025-10-30T06:24:59.836+0000] {dag.py:3096} INFO - Sync 1 DAGs
[2025-10-30T06:24:59.859+0000] {logging_mixin.py:188} INFO - [2025-10-30T06:24:59.858+0000] {dag.py:3954} INFO - Setting next_dagrun for move_data_to_clickhouse to None, run_after=None
[2025-10-30T06:24:59.907+0000] {processor.py:183} INFO - Processing /opt/airflow/dags/etl_clickhouse.py took 0.993 seconds
[2025-10-30T06:25:30.610+0000] {processor.py:161} INFO - Started process (PID=8894) to work on /opt/airflow/dags/etl_clickhouse.py
[2025-10-30T06:25:30.612+0000] {processor.py:830} INFO - Processing file /opt/airflow/dags/etl_clickhouse.py for tasks to queue
[2025-10-30T06:25:30.617+0000] {logging_mixin.py:188} INFO - [2025-10-30T06:25:30.616+0000] {dagbag.py:545} INFO - Filling up the DagBag from /opt/airflow/dags/etl_clickhouse.py
[2025-10-30T06:25:31.353+0000] {processor.py:840} INFO - DAG(s) 'move_data_to_clickhouse' retrieved from /opt/airflow/dags/etl_clickhouse.py
[2025-10-30T06:25:31.421+0000] {logging_mixin.py:188} INFO - [2025-10-30T06:25:31.420+0000] {dag.py:3096} INFO - Sync 1 DAGs
[2025-10-30T06:25:31.454+0000] {logging_mixin.py:188} INFO - [2025-10-30T06:25:31.454+0000] {dag.py:3954} INFO - Setting next_dagrun for move_data_to_clickhouse to None, run_after=None
[2025-10-30T06:25:31.516+0000] {processor.py:183} INFO - Processing /opt/airflow/dags/etl_clickhouse.py took 0.919 seconds
[2025-10-30T06:26:02.023+0000] {processor.py:161} INFO - Started process (PID=8906) to work on /opt/airflow/dags/etl_clickhouse.py
[2025-10-30T06:26:02.025+0000] {processor.py:830} INFO - Processing file /opt/airflow/dags/etl_clickhouse.py for tasks to queue
[2025-10-30T06:26:02.029+0000] {logging_mixin.py:188} INFO - [2025-10-30T06:26:02.028+0000] {dagbag.py:545} INFO - Filling up the DagBag from /opt/airflow/dags/etl_clickhouse.py
[2025-10-30T06:26:02.767+0000] {processor.py:840} INFO - DAG(s) 'move_data_to_clickhouse' retrieved from /opt/airflow/dags/etl_clickhouse.py
[2025-10-30T06:26:02.847+0000] {logging_mixin.py:188} INFO - [2025-10-30T06:26:02.846+0000] {dag.py:3096} INFO - Sync 1 DAGs
[2025-10-30T06:26:02.871+0000] {logging_mixin.py:188} INFO - [2025-10-30T06:26:02.870+0000] {dag.py:3954} INFO - Setting next_dagrun for move_data_to_clickhouse to None, run_after=None
[2025-10-30T06:26:02.922+0000] {processor.py:183} INFO - Processing /opt/airflow/dags/etl_clickhouse.py took 0.916 seconds
[2025-10-30T06:26:33.604+0000] {processor.py:161} INFO - Started process (PID=8918) to work on /opt/airflow/dags/etl_clickhouse.py
[2025-10-30T06:26:33.607+0000] {processor.py:830} INFO - Processing file /opt/airflow/dags/etl_clickhouse.py for tasks to queue
[2025-10-30T06:26:33.611+0000] {logging_mixin.py:188} INFO - [2025-10-30T06:26:33.610+0000] {dagbag.py:545} INFO - Filling up the DagBag from /opt/airflow/dags/etl_clickhouse.py
[2025-10-30T06:26:34.310+0000] {processor.py:840} INFO - DAG(s) 'move_data_to_clickhouse' retrieved from /opt/airflow/dags/etl_clickhouse.py
[2025-10-30T06:26:34.368+0000] {logging_mixin.py:188} INFO - [2025-10-30T06:26:34.367+0000] {dag.py:3096} INFO - Sync 1 DAGs
[2025-10-30T06:26:34.397+0000] {logging_mixin.py:188} INFO - [2025-10-30T06:26:34.396+0000] {dag.py:3954} INFO - Setting next_dagrun for move_data_to_clickhouse to None, run_after=None
[2025-10-30T06:26:34.447+0000] {processor.py:183} INFO - Processing /opt/airflow/dags/etl_clickhouse.py took 0.857 seconds
[2025-10-30T06:27:04.973+0000] {processor.py:161} INFO - Started process (PID=8930) to work on /opt/airflow/dags/etl_clickhouse.py
[2025-10-30T06:27:04.975+0000] {processor.py:830} INFO - Processing file /opt/airflow/dags/etl_clickhouse.py for tasks to queue
[2025-10-30T06:27:04.980+0000] {logging_mixin.py:188} INFO - [2025-10-30T06:27:04.979+0000] {dagbag.py:545} INFO - Filling up the DagBag from /opt/airflow/dags/etl_clickhouse.py
[2025-10-30T06:27:05.888+0000] {processor.py:840} INFO - DAG(s) 'move_data_to_clickhouse' retrieved from /opt/airflow/dags/etl_clickhouse.py
[2025-10-30T06:27:05.958+0000] {logging_mixin.py:188} INFO - [2025-10-30T06:27:05.957+0000] {dag.py:3096} INFO - Sync 1 DAGs
[2025-10-30T06:27:05.980+0000] {logging_mixin.py:188} INFO - [2025-10-30T06:27:05.979+0000] {dag.py:3954} INFO - Setting next_dagrun for move_data_to_clickhouse to None, run_after=None
[2025-10-30T06:27:06.037+0000] {processor.py:183} INFO - Processing /opt/airflow/dags/etl_clickhouse.py took 1.077 seconds
[2025-10-30T06:27:36.533+0000] {processor.py:161} INFO - Started process (PID=8942) to work on /opt/airflow/dags/etl_clickhouse.py
[2025-10-30T06:27:36.537+0000] {processor.py:830} INFO - Processing file /opt/airflow/dags/etl_clickhouse.py for tasks to queue
[2025-10-30T06:27:36.543+0000] {logging_mixin.py:188} INFO - [2025-10-30T06:27:36.542+0000] {dagbag.py:545} INFO - Filling up the DagBag from /opt/airflow/dags/etl_clickhouse.py
[2025-10-30T06:27:37.305+0000] {processor.py:840} INFO - DAG(s) 'move_data_to_clickhouse' retrieved from /opt/airflow/dags/etl_clickhouse.py
[2025-10-30T06:27:37.373+0000] {logging_mixin.py:188} INFO - [2025-10-30T06:27:37.373+0000] {dag.py:3096} INFO - Sync 1 DAGs
[2025-10-30T06:27:37.409+0000] {logging_mixin.py:188} INFO - [2025-10-30T06:27:37.408+0000] {dag.py:3954} INFO - Setting next_dagrun for move_data_to_clickhouse to None, run_after=None
[2025-10-30T06:27:37.469+0000] {processor.py:183} INFO - Processing /opt/airflow/dags/etl_clickhouse.py took 0.962 seconds
[2025-10-30T06:28:08.288+0000] {processor.py:161} INFO - Started process (PID=8954) to work on /opt/airflow/dags/etl_clickhouse.py
[2025-10-30T06:28:08.291+0000] {processor.py:830} INFO - Processing file /opt/airflow/dags/etl_clickhouse.py for tasks to queue
[2025-10-30T06:28:08.294+0000] {logging_mixin.py:188} INFO - [2025-10-30T06:28:08.294+0000] {dagbag.py:545} INFO - Filling up the DagBag from /opt/airflow/dags/etl_clickhouse.py
[2025-10-30T06:28:09.109+0000] {processor.py:840} INFO - DAG(s) 'move_data_to_clickhouse' retrieved from /opt/airflow/dags/etl_clickhouse.py
[2025-10-30T06:28:09.192+0000] {logging_mixin.py:188} INFO - [2025-10-30T06:28:09.191+0000] {dag.py:3096} INFO - Sync 1 DAGs
[2025-10-30T06:28:09.236+0000] {logging_mixin.py:188} INFO - [2025-10-30T06:28:09.235+0000] {dag.py:3954} INFO - Setting next_dagrun for move_data_to_clickhouse to None, run_after=None
[2025-10-30T06:28:09.315+0000] {processor.py:183} INFO - Processing /opt/airflow/dags/etl_clickhouse.py took 1.040 seconds
[2025-10-30T06:28:39.850+0000] {processor.py:161} INFO - Started process (PID=8966) to work on /opt/airflow/dags/etl_clickhouse.py
[2025-10-30T06:28:39.852+0000] {processor.py:830} INFO - Processing file /opt/airflow/dags/etl_clickhouse.py for tasks to queue
[2025-10-30T06:28:39.857+0000] {logging_mixin.py:188} INFO - [2025-10-30T06:28:39.856+0000] {dagbag.py:545} INFO - Filling up the DagBag from /opt/airflow/dags/etl_clickhouse.py
[2025-10-30T06:28:40.540+0000] {processor.py:840} INFO - DAG(s) 'move_data_to_clickhouse' retrieved from /opt/airflow/dags/etl_clickhouse.py
[2025-10-30T06:28:40.594+0000] {logging_mixin.py:188} INFO - [2025-10-30T06:28:40.593+0000] {dag.py:3096} INFO - Sync 1 DAGs
[2025-10-30T06:28:40.615+0000] {logging_mixin.py:188} INFO - [2025-10-30T06:28:40.615+0000] {dag.py:3954} INFO - Setting next_dagrun for move_data_to_clickhouse to None, run_after=None
[2025-10-30T06:28:40.665+0000] {processor.py:183} INFO - Processing /opt/airflow/dags/etl_clickhouse.py took 0.836 seconds
[2025-10-30T06:29:11.464+0000] {processor.py:161} INFO - Started process (PID=8978) to work on /opt/airflow/dags/etl_clickhouse.py
[2025-10-30T06:29:11.466+0000] {processor.py:830} INFO - Processing file /opt/airflow/dags/etl_clickhouse.py for tasks to queue
[2025-10-30T06:29:11.471+0000] {logging_mixin.py:188} INFO - [2025-10-30T06:29:11.470+0000] {dagbag.py:545} INFO - Filling up the DagBag from /opt/airflow/dags/etl_clickhouse.py
[2025-10-30T06:29:12.415+0000] {processor.py:840} INFO - DAG(s) 'move_data_to_clickhouse' retrieved from /opt/airflow/dags/etl_clickhouse.py
[2025-10-30T06:29:12.473+0000] {logging_mixin.py:188} INFO - [2025-10-30T06:29:12.473+0000] {dag.py:3096} INFO - Sync 1 DAGs
[2025-10-30T06:29:12.497+0000] {logging_mixin.py:188} INFO - [2025-10-30T06:29:12.497+0000] {dag.py:3954} INFO - Setting next_dagrun for move_data_to_clickhouse to None, run_after=None
[2025-10-30T06:29:12.548+0000] {processor.py:183} INFO - Processing /opt/airflow/dags/etl_clickhouse.py took 1.102 seconds
[2025-10-30T06:29:43.078+0000] {processor.py:161} INFO - Started process (PID=8990) to work on /opt/airflow/dags/etl_clickhouse.py
[2025-10-30T06:29:43.081+0000] {processor.py:830} INFO - Processing file /opt/airflow/dags/etl_clickhouse.py for tasks to queue
[2025-10-30T06:29:43.085+0000] {logging_mixin.py:188} INFO - [2025-10-30T06:29:43.084+0000] {dagbag.py:545} INFO - Filling up the DagBag from /opt/airflow/dags/etl_clickhouse.py
[2025-10-30T06:29:43.713+0000] {processor.py:840} INFO - DAG(s) 'move_data_to_clickhouse' retrieved from /opt/airflow/dags/etl_clickhouse.py
[2025-10-30T06:29:43.769+0000] {logging_mixin.py:188} INFO - [2025-10-30T06:29:43.768+0000] {dag.py:3096} INFO - Sync 1 DAGs
[2025-10-30T06:29:43.799+0000] {logging_mixin.py:188} INFO - [2025-10-30T06:29:43.798+0000] {dag.py:3954} INFO - Setting next_dagrun for move_data_to_clickhouse to None, run_after=None
[2025-10-30T06:29:43.852+0000] {processor.py:183} INFO - Processing /opt/airflow/dags/etl_clickhouse.py took 0.787 seconds
[2025-10-30T06:30:14.732+0000] {processor.py:161} INFO - Started process (PID=9002) to work on /opt/airflow/dags/etl_clickhouse.py
[2025-10-30T06:30:14.735+0000] {processor.py:830} INFO - Processing file /opt/airflow/dags/etl_clickhouse.py for tasks to queue
[2025-10-30T06:30:14.739+0000] {logging_mixin.py:188} INFO - [2025-10-30T06:30:14.739+0000] {dagbag.py:545} INFO - Filling up the DagBag from /opt/airflow/dags/etl_clickhouse.py
[2025-10-30T06:30:15.678+0000] {processor.py:840} INFO - DAG(s) 'move_data_to_clickhouse' retrieved from /opt/airflow/dags/etl_clickhouse.py
[2025-10-30T06:30:15.747+0000] {logging_mixin.py:188} INFO - [2025-10-30T06:30:15.747+0000] {dag.py:3096} INFO - Sync 1 DAGs
[2025-10-30T06:30:15.772+0000] {logging_mixin.py:188} INFO - [2025-10-30T06:30:15.772+0000] {dag.py:3954} INFO - Setting next_dagrun for move_data_to_clickhouse to None, run_after=None
[2025-10-30T06:30:15.812+0000] {processor.py:183} INFO - Processing /opt/airflow/dags/etl_clickhouse.py took 1.093 seconds
[2025-10-30T06:30:46.402+0000] {processor.py:161} INFO - Started process (PID=9014) to work on /opt/airflow/dags/etl_clickhouse.py
[2025-10-30T06:30:46.404+0000] {processor.py:830} INFO - Processing file /opt/airflow/dags/etl_clickhouse.py for tasks to queue
[2025-10-30T06:30:46.408+0000] {logging_mixin.py:188} INFO - [2025-10-30T06:30:46.408+0000] {dagbag.py:545} INFO - Filling up the DagBag from /opt/airflow/dags/etl_clickhouse.py
[2025-10-30T06:30:47.142+0000] {processor.py:840} INFO - DAG(s) 'move_data_to_clickhouse' retrieved from /opt/airflow/dags/etl_clickhouse.py
[2025-10-30T06:30:47.208+0000] {logging_mixin.py:188} INFO - [2025-10-30T06:30:47.208+0000] {dag.py:3096} INFO - Sync 1 DAGs
[2025-10-30T06:30:47.231+0000] {logging_mixin.py:188} INFO - [2025-10-30T06:30:47.231+0000] {dag.py:3954} INFO - Setting next_dagrun for move_data_to_clickhouse to None, run_after=None
[2025-10-30T06:30:47.289+0000] {processor.py:183} INFO - Processing /opt/airflow/dags/etl_clickhouse.py took 0.900 seconds
[2025-10-30T06:31:17.981+0000] {processor.py:161} INFO - Started process (PID=9026) to work on /opt/airflow/dags/etl_clickhouse.py
[2025-10-30T06:31:17.983+0000] {processor.py:830} INFO - Processing file /opt/airflow/dags/etl_clickhouse.py for tasks to queue
[2025-10-30T06:31:17.988+0000] {logging_mixin.py:188} INFO - [2025-10-30T06:31:17.987+0000] {dagbag.py:545} INFO - Filling up the DagBag from /opt/airflow/dags/etl_clickhouse.py
[2025-10-30T06:31:18.956+0000] {processor.py:840} INFO - DAG(s) 'move_data_to_clickhouse' retrieved from /opt/airflow/dags/etl_clickhouse.py
[2025-10-30T06:31:19.047+0000] {logging_mixin.py:188} INFO - [2025-10-30T06:31:19.046+0000] {dag.py:3096} INFO - Sync 1 DAGs
[2025-10-30T06:31:19.091+0000] {logging_mixin.py:188} INFO - [2025-10-30T06:31:19.090+0000] {dag.py:3954} INFO - Setting next_dagrun for move_data_to_clickhouse to None, run_after=None
[2025-10-30T06:31:19.164+0000] {processor.py:183} INFO - Processing /opt/airflow/dags/etl_clickhouse.py took 1.197 seconds
[2025-10-30T06:31:49.480+0000] {processor.py:161} INFO - Started process (PID=9038) to work on /opt/airflow/dags/etl_clickhouse.py
[2025-10-30T06:31:49.483+0000] {processor.py:830} INFO - Processing file /opt/airflow/dags/etl_clickhouse.py for tasks to queue
[2025-10-30T06:31:49.487+0000] {logging_mixin.py:188} INFO - [2025-10-30T06:31:49.487+0000] {dagbag.py:545} INFO - Filling up the DagBag from /opt/airflow/dags/etl_clickhouse.py
[2025-10-30T06:31:50.222+0000] {processor.py:840} INFO - DAG(s) 'move_data_to_clickhouse' retrieved from /opt/airflow/dags/etl_clickhouse.py
[2025-10-30T06:31:50.316+0000] {logging_mixin.py:188} INFO - [2025-10-30T06:31:50.315+0000] {dag.py:3096} INFO - Sync 1 DAGs
[2025-10-30T06:31:50.336+0000] {logging_mixin.py:188} INFO - [2025-10-30T06:31:50.336+0000] {dag.py:3954} INFO - Setting next_dagrun for move_data_to_clickhouse to None, run_after=None
[2025-10-30T06:31:50.374+0000] {processor.py:183} INFO - Processing /opt/airflow/dags/etl_clickhouse.py took 0.906 seconds
[2025-10-30T06:32:21.060+0000] {processor.py:161} INFO - Started process (PID=9050) to work on /opt/airflow/dags/etl_clickhouse.py
[2025-10-30T06:32:21.063+0000] {processor.py:830} INFO - Processing file /opt/airflow/dags/etl_clickhouse.py for tasks to queue
[2025-10-30T06:32:21.067+0000] {logging_mixin.py:188} INFO - [2025-10-30T06:32:21.067+0000] {dagbag.py:545} INFO - Filling up the DagBag from /opt/airflow/dags/etl_clickhouse.py
[2025-10-30T06:32:21.812+0000] {processor.py:840} INFO - DAG(s) 'move_data_to_clickhouse' retrieved from /opt/airflow/dags/etl_clickhouse.py
[2025-10-30T06:32:21.875+0000] {logging_mixin.py:188} INFO - [2025-10-30T06:32:21.874+0000] {dag.py:3096} INFO - Sync 1 DAGs
[2025-10-30T06:32:21.899+0000] {logging_mixin.py:188} INFO - [2025-10-30T06:32:21.899+0000] {dag.py:3954} INFO - Setting next_dagrun for move_data_to_clickhouse to None, run_after=None
[2025-10-30T06:32:21.942+0000] {processor.py:183} INFO - Processing /opt/airflow/dags/etl_clickhouse.py took 0.894 seconds
[2025-10-30T06:32:52.687+0000] {processor.py:161} INFO - Started process (PID=9062) to work on /opt/airflow/dags/etl_clickhouse.py
[2025-10-30T06:32:52.690+0000] {processor.py:830} INFO - Processing file /opt/airflow/dags/etl_clickhouse.py for tasks to queue
[2025-10-30T06:32:52.695+0000] {logging_mixin.py:188} INFO - [2025-10-30T06:32:52.694+0000] {dagbag.py:545} INFO - Filling up the DagBag from /opt/airflow/dags/etl_clickhouse.py
[2025-10-30T06:32:53.493+0000] {processor.py:840} INFO - DAG(s) 'move_data_to_clickhouse' retrieved from /opt/airflow/dags/etl_clickhouse.py
[2025-10-30T06:32:53.549+0000] {logging_mixin.py:188} INFO - [2025-10-30T06:32:53.548+0000] {dag.py:3096} INFO - Sync 1 DAGs
[2025-10-30T06:32:53.570+0000] {logging_mixin.py:188} INFO - [2025-10-30T06:32:53.570+0000] {dag.py:3954} INFO - Setting next_dagrun for move_data_to_clickhouse to None, run_after=None
[2025-10-30T06:32:53.619+0000] {processor.py:183} INFO - Processing /opt/airflow/dags/etl_clickhouse.py took 0.946 seconds
[2025-10-30T06:33:24.368+0000] {processor.py:161} INFO - Started process (PID=9074) to work on /opt/airflow/dags/etl_clickhouse.py
[2025-10-30T06:33:24.370+0000] {processor.py:830} INFO - Processing file /opt/airflow/dags/etl_clickhouse.py for tasks to queue
[2025-10-30T06:33:24.375+0000] {logging_mixin.py:188} INFO - [2025-10-30T06:33:24.374+0000] {dagbag.py:545} INFO - Filling up the DagBag from /opt/airflow/dags/etl_clickhouse.py
[2025-10-30T06:33:25.317+0000] {processor.py:840} INFO - DAG(s) 'move_data_to_clickhouse' retrieved from /opt/airflow/dags/etl_clickhouse.py
[2025-10-30T06:33:25.381+0000] {logging_mixin.py:188} INFO - [2025-10-30T06:33:25.380+0000] {dag.py:3096} INFO - Sync 1 DAGs
[2025-10-30T06:33:25.409+0000] {logging_mixin.py:188} INFO - [2025-10-30T06:33:25.409+0000] {dag.py:3954} INFO - Setting next_dagrun for move_data_to_clickhouse to None, run_after=None
[2025-10-30T06:33:25.483+0000] {processor.py:183} INFO - Processing /opt/airflow/dags/etl_clickhouse.py took 1.128 seconds
[2025-10-30T06:33:55.950+0000] {processor.py:161} INFO - Started process (PID=9086) to work on /opt/airflow/dags/etl_clickhouse.py
[2025-10-30T06:33:55.953+0000] {processor.py:830} INFO - Processing file /opt/airflow/dags/etl_clickhouse.py for tasks to queue
[2025-10-30T06:33:55.957+0000] {logging_mixin.py:188} INFO - [2025-10-30T06:33:55.956+0000] {dagbag.py:545} INFO - Filling up the DagBag from /opt/airflow/dags/etl_clickhouse.py
[2025-10-30T06:33:56.601+0000] {processor.py:840} INFO - DAG(s) 'move_data_to_clickhouse' retrieved from /opt/airflow/dags/etl_clickhouse.py
[2025-10-30T06:33:56.660+0000] {logging_mixin.py:188} INFO - [2025-10-30T06:33:56.659+0000] {dag.py:3096} INFO - Sync 1 DAGs
[2025-10-30T06:33:56.681+0000] {logging_mixin.py:188} INFO - [2025-10-30T06:33:56.680+0000] {dag.py:3954} INFO - Setting next_dagrun for move_data_to_clickhouse to None, run_after=None
[2025-10-30T06:33:56.736+0000] {processor.py:183} INFO - Processing /opt/airflow/dags/etl_clickhouse.py took 0.811 seconds
[2025-10-30T06:34:27.318+0000] {processor.py:161} INFO - Started process (PID=9098) to work on /opt/airflow/dags/etl_clickhouse.py
[2025-10-30T06:34:27.321+0000] {processor.py:830} INFO - Processing file /opt/airflow/dags/etl_clickhouse.py for tasks to queue
[2025-10-30T06:34:27.325+0000] {logging_mixin.py:188} INFO - [2025-10-30T06:34:27.325+0000] {dagbag.py:545} INFO - Filling up the DagBag from /opt/airflow/dags/etl_clickhouse.py
[2025-10-30T06:34:28.145+0000] {processor.py:840} INFO - DAG(s) 'move_data_to_clickhouse' retrieved from /opt/airflow/dags/etl_clickhouse.py
[2025-10-30T06:34:28.202+0000] {logging_mixin.py:188} INFO - [2025-10-30T06:34:28.201+0000] {dag.py:3096} INFO - Sync 1 DAGs
[2025-10-30T06:34:28.223+0000] {logging_mixin.py:188} INFO - [2025-10-30T06:34:28.223+0000] {dag.py:3954} INFO - Setting next_dagrun for move_data_to_clickhouse to None, run_after=None
[2025-10-30T06:34:28.279+0000] {processor.py:183} INFO - Processing /opt/airflow/dags/etl_clickhouse.py took 0.979 seconds
[2025-10-30T06:34:58.939+0000] {processor.py:161} INFO - Started process (PID=9110) to work on /opt/airflow/dags/etl_clickhouse.py
[2025-10-30T06:34:58.941+0000] {processor.py:830} INFO - Processing file /opt/airflow/dags/etl_clickhouse.py for tasks to queue
[2025-10-30T06:34:58.947+0000] {logging_mixin.py:188} INFO - [2025-10-30T06:34:58.946+0000] {dagbag.py:545} INFO - Filling up the DagBag from /opt/airflow/dags/etl_clickhouse.py
[2025-10-30T06:34:59.842+0000] {processor.py:840} INFO - DAG(s) 'move_data_to_clickhouse' retrieved from /opt/airflow/dags/etl_clickhouse.py
[2025-10-30T06:34:59.917+0000] {logging_mixin.py:188} INFO - [2025-10-30T06:34:59.916+0000] {dag.py:3096} INFO - Sync 1 DAGs
[2025-10-30T06:34:59.941+0000] {logging_mixin.py:188} INFO - [2025-10-30T06:34:59.940+0000] {dag.py:3954} INFO - Setting next_dagrun for move_data_to_clickhouse to None, run_after=None
[2025-10-30T06:34:59.980+0000] {processor.py:183} INFO - Processing /opt/airflow/dags/etl_clickhouse.py took 1.054 seconds
[2025-10-30T06:35:30.642+0000] {processor.py:161} INFO - Started process (PID=9122) to work on /opt/airflow/dags/etl_clickhouse.py
[2025-10-30T06:35:30.646+0000] {processor.py:830} INFO - Processing file /opt/airflow/dags/etl_clickhouse.py for tasks to queue
[2025-10-30T06:35:30.653+0000] {logging_mixin.py:188} INFO - [2025-10-30T06:35:30.652+0000] {dagbag.py:545} INFO - Filling up the DagBag from /opt/airflow/dags/etl_clickhouse.py
[2025-10-30T06:35:31.503+0000] {processor.py:840} INFO - DAG(s) 'move_data_to_clickhouse' retrieved from /opt/airflow/dags/etl_clickhouse.py
[2025-10-30T06:35:31.577+0000] {logging_mixin.py:188} INFO - [2025-10-30T06:35:31.577+0000] {dag.py:3096} INFO - Sync 1 DAGs
[2025-10-30T06:35:31.606+0000] {logging_mixin.py:188} INFO - [2025-10-30T06:35:31.606+0000] {dag.py:3954} INFO - Setting next_dagrun for move_data_to_clickhouse to None, run_after=None
[2025-10-30T06:35:31.665+0000] {processor.py:183} INFO - Processing /opt/airflow/dags/etl_clickhouse.py took 1.039 seconds
[2025-10-30T06:36:02.202+0000] {processor.py:161} INFO - Started process (PID=9134) to work on /opt/airflow/dags/etl_clickhouse.py
[2025-10-30T06:36:02.204+0000] {processor.py:830} INFO - Processing file /opt/airflow/dags/etl_clickhouse.py for tasks to queue
[2025-10-30T06:36:02.209+0000] {logging_mixin.py:188} INFO - [2025-10-30T06:36:02.208+0000] {dagbag.py:545} INFO - Filling up the DagBag from /opt/airflow/dags/etl_clickhouse.py
[2025-10-30T06:36:03.061+0000] {processor.py:840} INFO - DAG(s) 'move_data_to_clickhouse' retrieved from /opt/airflow/dags/etl_clickhouse.py
[2025-10-30T06:36:03.150+0000] {logging_mixin.py:188} INFO - [2025-10-30T06:36:03.149+0000] {dag.py:3096} INFO - Sync 1 DAGs
[2025-10-30T06:36:03.186+0000] {logging_mixin.py:188} INFO - [2025-10-30T06:36:03.185+0000] {dag.py:3954} INFO - Setting next_dagrun for move_data_to_clickhouse to None, run_after=None
[2025-10-30T06:36:03.247+0000] {processor.py:183} INFO - Processing /opt/airflow/dags/etl_clickhouse.py took 1.059 seconds
[2025-10-30T06:36:33.789+0000] {processor.py:161} INFO - Started process (PID=9146) to work on /opt/airflow/dags/etl_clickhouse.py
[2025-10-30T06:36:33.791+0000] {processor.py:830} INFO - Processing file /opt/airflow/dags/etl_clickhouse.py for tasks to queue
[2025-10-30T06:36:33.796+0000] {logging_mixin.py:188} INFO - [2025-10-30T06:36:33.795+0000] {dagbag.py:545} INFO - Filling up the DagBag from /opt/airflow/dags/etl_clickhouse.py
[2025-10-30T06:36:34.616+0000] {processor.py:840} INFO - DAG(s) 'move_data_to_clickhouse' retrieved from /opt/airflow/dags/etl_clickhouse.py
[2025-10-30T06:36:34.690+0000] {logging_mixin.py:188} INFO - [2025-10-30T06:36:34.689+0000] {dag.py:3096} INFO - Sync 1 DAGs
[2025-10-30T06:36:34.716+0000] {logging_mixin.py:188} INFO - [2025-10-30T06:36:34.716+0000] {dag.py:3954} INFO - Setting next_dagrun for move_data_to_clickhouse to None, run_after=None
[2025-10-30T06:36:34.764+0000] {processor.py:183} INFO - Processing /opt/airflow/dags/etl_clickhouse.py took 0.987 seconds
[2025-10-30T06:37:05.401+0000] {processor.py:161} INFO - Started process (PID=9158) to work on /opt/airflow/dags/etl_clickhouse.py
[2025-10-30T06:37:05.404+0000] {processor.py:830} INFO - Processing file /opt/airflow/dags/etl_clickhouse.py for tasks to queue
[2025-10-30T06:37:05.409+0000] {logging_mixin.py:188} INFO - [2025-10-30T06:37:05.408+0000] {dagbag.py:545} INFO - Filling up the DagBag from /opt/airflow/dags/etl_clickhouse.py
[2025-10-30T06:37:06.190+0000] {processor.py:840} INFO - DAG(s) 'move_data_to_clickhouse' retrieved from /opt/airflow/dags/etl_clickhouse.py
[2025-10-30T06:37:06.266+0000] {logging_mixin.py:188} INFO - [2025-10-30T06:37:06.265+0000] {dag.py:3096} INFO - Sync 1 DAGs
[2025-10-30T06:37:06.293+0000] {logging_mixin.py:188} INFO - [2025-10-30T06:37:06.293+0000] {dag.py:3954} INFO - Setting next_dagrun for move_data_to_clickhouse to None, run_after=None
[2025-10-30T06:37:06.349+0000] {processor.py:183} INFO - Processing /opt/airflow/dags/etl_clickhouse.py took 0.966 seconds
[2025-10-30T06:37:37.021+0000] {processor.py:161} INFO - Started process (PID=9170) to work on /opt/airflow/dags/etl_clickhouse.py
[2025-10-30T06:37:37.024+0000] {processor.py:830} INFO - Processing file /opt/airflow/dags/etl_clickhouse.py for tasks to queue
[2025-10-30T06:37:37.029+0000] {logging_mixin.py:188} INFO - [2025-10-30T06:37:37.028+0000] {dagbag.py:545} INFO - Filling up the DagBag from /opt/airflow/dags/etl_clickhouse.py
[2025-10-30T06:37:37.749+0000] {processor.py:840} INFO - DAG(s) 'move_data_to_clickhouse' retrieved from /opt/airflow/dags/etl_clickhouse.py
[2025-10-30T06:37:37.828+0000] {logging_mixin.py:188} INFO - [2025-10-30T06:37:37.827+0000] {dag.py:3096} INFO - Sync 1 DAGs
[2025-10-30T06:37:37.856+0000] {logging_mixin.py:188} INFO - [2025-10-30T06:37:37.855+0000] {dag.py:3954} INFO - Setting next_dagrun for move_data_to_clickhouse to None, run_after=None
[2025-10-30T06:37:37.899+0000] {processor.py:183} INFO - Processing /opt/airflow/dags/etl_clickhouse.py took 0.890 seconds
[2025-10-30T06:38:08.678+0000] {processor.py:161} INFO - Started process (PID=9182) to work on /opt/airflow/dags/etl_clickhouse.py
[2025-10-30T06:38:08.682+0000] {processor.py:830} INFO - Processing file /opt/airflow/dags/etl_clickhouse.py for tasks to queue
[2025-10-30T06:38:08.689+0000] {logging_mixin.py:188} INFO - [2025-10-30T06:38:08.688+0000] {dagbag.py:545} INFO - Filling up the DagBag from /opt/airflow/dags/etl_clickhouse.py
[2025-10-30T06:38:09.666+0000] {processor.py:840} INFO - DAG(s) 'move_data_to_clickhouse' retrieved from /opt/airflow/dags/etl_clickhouse.py
[2025-10-30T06:38:09.738+0000] {logging_mixin.py:188} INFO - [2025-10-30T06:38:09.737+0000] {dag.py:3096} INFO - Sync 1 DAGs
[2025-10-30T06:38:09.766+0000] {logging_mixin.py:188} INFO - [2025-10-30T06:38:09.766+0000] {dag.py:3954} INFO - Setting next_dagrun for move_data_to_clickhouse to None, run_after=None
[2025-10-30T06:38:09.827+0000] {processor.py:183} INFO - Processing /opt/airflow/dags/etl_clickhouse.py took 1.169 seconds
[2025-10-30T06:38:40.436+0000] {processor.py:161} INFO - Started process (PID=9194) to work on /opt/airflow/dags/etl_clickhouse.py
[2025-10-30T06:38:40.438+0000] {processor.py:830} INFO - Processing file /opt/airflow/dags/etl_clickhouse.py for tasks to queue
[2025-10-30T06:38:40.442+0000] {logging_mixin.py:188} INFO - [2025-10-30T06:38:40.441+0000] {dagbag.py:545} INFO - Filling up the DagBag from /opt/airflow/dags/etl_clickhouse.py
[2025-10-30T06:38:41.390+0000] {processor.py:840} INFO - DAG(s) 'move_data_to_clickhouse' retrieved from /opt/airflow/dags/etl_clickhouse.py
[2025-10-30T06:38:41.447+0000] {logging_mixin.py:188} INFO - [2025-10-30T06:38:41.447+0000] {dag.py:3096} INFO - Sync 1 DAGs
[2025-10-30T06:38:41.472+0000] {logging_mixin.py:188} INFO - [2025-10-30T06:38:41.471+0000] {dag.py:3954} INFO - Setting next_dagrun for move_data_to_clickhouse to None, run_after=None
[2025-10-30T06:38:41.522+0000] {processor.py:183} INFO - Processing /opt/airflow/dags/etl_clickhouse.py took 1.101 seconds
[2025-10-30T06:39:11.968+0000] {processor.py:161} INFO - Started process (PID=9206) to work on /opt/airflow/dags/etl_clickhouse.py
[2025-10-30T06:39:11.971+0000] {processor.py:830} INFO - Processing file /opt/airflow/dags/etl_clickhouse.py for tasks to queue
[2025-10-30T06:39:11.975+0000] {logging_mixin.py:188} INFO - [2025-10-30T06:39:11.974+0000] {dagbag.py:545} INFO - Filling up the DagBag from /opt/airflow/dags/etl_clickhouse.py
[2025-10-30T06:39:12.722+0000] {processor.py:840} INFO - DAG(s) 'move_data_to_clickhouse' retrieved from /opt/airflow/dags/etl_clickhouse.py
[2025-10-30T06:39:12.801+0000] {logging_mixin.py:188} INFO - [2025-10-30T06:39:12.800+0000] {dag.py:3096} INFO - Sync 1 DAGs
[2025-10-30T06:39:12.830+0000] {logging_mixin.py:188} INFO - [2025-10-30T06:39:12.829+0000] {dag.py:3954} INFO - Setting next_dagrun for move_data_to_clickhouse to None, run_after=None
[2025-10-30T06:39:12.897+0000] {processor.py:183} INFO - Processing /opt/airflow/dags/etl_clickhouse.py took 0.942 seconds
[2025-10-30T06:39:43.611+0000] {processor.py:161} INFO - Started process (PID=9218) to work on /opt/airflow/dags/etl_clickhouse.py
[2025-10-30T06:39:43.614+0000] {processor.py:830} INFO - Processing file /opt/airflow/dags/etl_clickhouse.py for tasks to queue
[2025-10-30T06:39:43.619+0000] {logging_mixin.py:188} INFO - [2025-10-30T06:39:43.618+0000] {dagbag.py:545} INFO - Filling up the DagBag from /opt/airflow/dags/etl_clickhouse.py
[2025-10-30T06:39:44.444+0000] {processor.py:840} INFO - DAG(s) 'move_data_to_clickhouse' retrieved from /opt/airflow/dags/etl_clickhouse.py
[2025-10-30T06:39:44.497+0000] {logging_mixin.py:188} INFO - [2025-10-30T06:39:44.496+0000] {dag.py:3096} INFO - Sync 1 DAGs
[2025-10-30T06:39:44.527+0000] {logging_mixin.py:188} INFO - [2025-10-30T06:39:44.526+0000] {dag.py:3954} INFO - Setting next_dagrun for move_data_to_clickhouse to None, run_after=None
[2025-10-30T06:39:44.587+0000] {processor.py:183} INFO - Processing /opt/airflow/dags/etl_clickhouse.py took 0.991 seconds
[2025-10-30T06:40:15.137+0000] {processor.py:161} INFO - Started process (PID=9230) to work on /opt/airflow/dags/etl_clickhouse.py
[2025-10-30T06:40:15.140+0000] {processor.py:830} INFO - Processing file /opt/airflow/dags/etl_clickhouse.py for tasks to queue
[2025-10-30T06:40:15.146+0000] {logging_mixin.py:188} INFO - [2025-10-30T06:40:15.145+0000] {dagbag.py:545} INFO - Filling up the DagBag from /opt/airflow/dags/etl_clickhouse.py
[2025-10-30T06:40:15.845+0000] {processor.py:840} INFO - DAG(s) 'move_data_to_clickhouse' retrieved from /opt/airflow/dags/etl_clickhouse.py
[2025-10-30T06:40:15.903+0000] {logging_mixin.py:188} INFO - [2025-10-30T06:40:15.902+0000] {dag.py:3096} INFO - Sync 1 DAGs
[2025-10-30T06:40:15.921+0000] {logging_mixin.py:188} INFO - [2025-10-30T06:40:15.921+0000] {dag.py:3954} INFO - Setting next_dagrun for move_data_to_clickhouse to None, run_after=None
[2025-10-30T06:40:15.996+0000] {processor.py:183} INFO - Processing /opt/airflow/dags/etl_clickhouse.py took 0.882 seconds
[2025-10-30T06:40:46.745+0000] {processor.py:161} INFO - Started process (PID=9242) to work on /opt/airflow/dags/etl_clickhouse.py
[2025-10-30T06:40:46.747+0000] {processor.py:830} INFO - Processing file /opt/airflow/dags/etl_clickhouse.py for tasks to queue
[2025-10-30T06:40:46.752+0000] {logging_mixin.py:188} INFO - [2025-10-30T06:40:46.751+0000] {dagbag.py:545} INFO - Filling up the DagBag from /opt/airflow/dags/etl_clickhouse.py
[2025-10-30T06:40:47.621+0000] {processor.py:840} INFO - DAG(s) 'move_data_to_clickhouse' retrieved from /opt/airflow/dags/etl_clickhouse.py
[2025-10-30T06:40:47.682+0000] {logging_mixin.py:188} INFO - [2025-10-30T06:40:47.681+0000] {dag.py:3096} INFO - Sync 1 DAGs
[2025-10-30T06:40:47.709+0000] {logging_mixin.py:188} INFO - [2025-10-30T06:40:47.708+0000] {dag.py:3954} INFO - Setting next_dagrun for move_data_to_clickhouse to None, run_after=None
[2025-10-30T06:40:47.764+0000] {processor.py:183} INFO - Processing /opt/airflow/dags/etl_clickhouse.py took 1.030 seconds
[2025-10-30T06:41:18.311+0000] {processor.py:161} INFO - Started process (PID=9254) to work on /opt/airflow/dags/etl_clickhouse.py
[2025-10-30T06:41:18.313+0000] {processor.py:830} INFO - Processing file /opt/airflow/dags/etl_clickhouse.py for tasks to queue
[2025-10-30T06:41:18.318+0000] {logging_mixin.py:188} INFO - [2025-10-30T06:41:18.317+0000] {dagbag.py:545} INFO - Filling up the DagBag from /opt/airflow/dags/etl_clickhouse.py
[2025-10-30T06:41:19.099+0000] {processor.py:840} INFO - DAG(s) 'move_data_to_clickhouse' retrieved from /opt/airflow/dags/etl_clickhouse.py
[2025-10-30T06:41:19.164+0000] {logging_mixin.py:188} INFO - [2025-10-30T06:41:19.163+0000] {dag.py:3096} INFO - Sync 1 DAGs
[2025-10-30T06:41:19.190+0000] {logging_mixin.py:188} INFO - [2025-10-30T06:41:19.190+0000] {dag.py:3954} INFO - Setting next_dagrun for move_data_to_clickhouse to None, run_after=None
[2025-10-30T06:41:19.248+0000] {processor.py:183} INFO - Processing /opt/airflow/dags/etl_clickhouse.py took 0.950 seconds
[2025-10-30T06:41:49.891+0000] {processor.py:161} INFO - Started process (PID=9266) to work on /opt/airflow/dags/etl_clickhouse.py
[2025-10-30T06:41:49.894+0000] {processor.py:830} INFO - Processing file /opt/airflow/dags/etl_clickhouse.py for tasks to queue
[2025-10-30T06:41:49.898+0000] {logging_mixin.py:188} INFO - [2025-10-30T06:41:49.898+0000] {dagbag.py:545} INFO - Filling up the DagBag from /opt/airflow/dags/etl_clickhouse.py
[2025-10-30T06:41:50.651+0000] {processor.py:840} INFO - DAG(s) 'move_data_to_clickhouse' retrieved from /opt/airflow/dags/etl_clickhouse.py
[2025-10-30T06:41:50.706+0000] {logging_mixin.py:188} INFO - [2025-10-30T06:41:50.706+0000] {dag.py:3096} INFO - Sync 1 DAGs
[2025-10-30T06:41:50.732+0000] {logging_mixin.py:188} INFO - [2025-10-30T06:41:50.732+0000] {dag.py:3954} INFO - Setting next_dagrun for move_data_to_clickhouse to None, run_after=None
[2025-10-30T06:41:50.781+0000] {processor.py:183} INFO - Processing /opt/airflow/dags/etl_clickhouse.py took 0.901 seconds
[2025-10-30T06:42:21.332+0000] {processor.py:161} INFO - Started process (PID=9278) to work on /opt/airflow/dags/etl_clickhouse.py
[2025-10-30T06:42:21.335+0000] {processor.py:830} INFO - Processing file /opt/airflow/dags/etl_clickhouse.py for tasks to queue
[2025-10-30T06:42:21.339+0000] {logging_mixin.py:188} INFO - [2025-10-30T06:42:21.338+0000] {dagbag.py:545} INFO - Filling up the DagBag from /opt/airflow/dags/etl_clickhouse.py
[2025-10-30T06:42:22.061+0000] {processor.py:840} INFO - DAG(s) 'move_data_to_clickhouse' retrieved from /opt/airflow/dags/etl_clickhouse.py
[2025-10-30T06:42:22.123+0000] {logging_mixin.py:188} INFO - [2025-10-30T06:42:22.122+0000] {dag.py:3096} INFO - Sync 1 DAGs
[2025-10-30T06:42:22.144+0000] {logging_mixin.py:188} INFO - [2025-10-30T06:42:22.143+0000] {dag.py:3954} INFO - Setting next_dagrun for move_data_to_clickhouse to None, run_after=None
[2025-10-30T06:42:22.203+0000] {processor.py:183} INFO - Processing /opt/airflow/dags/etl_clickhouse.py took 0.887 seconds
[2025-10-30T06:42:53.144+0000] {processor.py:161} INFO - Started process (PID=9290) to work on /opt/airflow/dags/etl_clickhouse.py
[2025-10-30T06:42:53.146+0000] {processor.py:830} INFO - Processing file /opt/airflow/dags/etl_clickhouse.py for tasks to queue
[2025-10-30T06:42:53.150+0000] {logging_mixin.py:188} INFO - [2025-10-30T06:42:53.149+0000] {dagbag.py:545} INFO - Filling up the DagBag from /opt/airflow/dags/etl_clickhouse.py
[2025-10-30T06:42:53.901+0000] {processor.py:840} INFO - DAG(s) 'move_data_to_clickhouse' retrieved from /opt/airflow/dags/etl_clickhouse.py
[2025-10-30T06:42:53.954+0000] {logging_mixin.py:188} INFO - [2025-10-30T06:42:53.954+0000] {dag.py:3096} INFO - Sync 1 DAGs
[2025-10-30T06:42:53.974+0000] {logging_mixin.py:188} INFO - [2025-10-30T06:42:53.974+0000] {dag.py:3954} INFO - Setting next_dagrun for move_data_to_clickhouse to None, run_after=None
[2025-10-30T06:42:54.061+0000] {processor.py:183} INFO - Processing /opt/airflow/dags/etl_clickhouse.py took 0.928 seconds
[2025-10-30T06:43:24.712+0000] {processor.py:161} INFO - Started process (PID=9302) to work on /opt/airflow/dags/etl_clickhouse.py
[2025-10-30T06:43:24.714+0000] {processor.py:830} INFO - Processing file /opt/airflow/dags/etl_clickhouse.py for tasks to queue
[2025-10-30T06:43:24.719+0000] {logging_mixin.py:188} INFO - [2025-10-30T06:43:24.718+0000] {dagbag.py:545} INFO - Filling up the DagBag from /opt/airflow/dags/etl_clickhouse.py
[2025-10-30T06:43:25.576+0000] {processor.py:840} INFO - DAG(s) 'move_data_to_clickhouse' retrieved from /opt/airflow/dags/etl_clickhouse.py
[2025-10-30T06:43:25.646+0000] {logging_mixin.py:188} INFO - [2025-10-30T06:43:25.645+0000] {dag.py:3096} INFO - Sync 1 DAGs
[2025-10-30T06:43:25.680+0000] {logging_mixin.py:188} INFO - [2025-10-30T06:43:25.680+0000] {dag.py:3954} INFO - Setting next_dagrun for move_data_to_clickhouse to None, run_after=None
[2025-10-30T06:43:25.733+0000] {processor.py:183} INFO - Processing /opt/airflow/dags/etl_clickhouse.py took 1.035 seconds
[2025-10-30T06:43:56.323+0000] {processor.py:161} INFO - Started process (PID=9314) to work on /opt/airflow/dags/etl_clickhouse.py
[2025-10-30T06:43:56.325+0000] {processor.py:830} INFO - Processing file /opt/airflow/dags/etl_clickhouse.py for tasks to queue
[2025-10-30T06:43:56.329+0000] {logging_mixin.py:188} INFO - [2025-10-30T06:43:56.328+0000] {dagbag.py:545} INFO - Filling up the DagBag from /opt/airflow/dags/etl_clickhouse.py
[2025-10-30T06:43:57.113+0000] {processor.py:840} INFO - DAG(s) 'move_data_to_clickhouse' retrieved from /opt/airflow/dags/etl_clickhouse.py
[2025-10-30T06:43:57.176+0000] {logging_mixin.py:188} INFO - [2025-10-30T06:43:57.175+0000] {dag.py:3096} INFO - Sync 1 DAGs
[2025-10-30T06:43:57.200+0000] {logging_mixin.py:188} INFO - [2025-10-30T06:43:57.199+0000] {dag.py:3954} INFO - Setting next_dagrun for move_data_to_clickhouse to None, run_after=None
[2025-10-30T06:43:57.253+0000] {processor.py:183} INFO - Processing /opt/airflow/dags/etl_clickhouse.py took 0.944 seconds
[2025-10-30T06:44:27.979+0000] {processor.py:161} INFO - Started process (PID=9326) to work on /opt/airflow/dags/etl_clickhouse.py
[2025-10-30T06:44:27.981+0000] {processor.py:830} INFO - Processing file /opt/airflow/dags/etl_clickhouse.py for tasks to queue
[2025-10-30T06:44:27.985+0000] {logging_mixin.py:188} INFO - [2025-10-30T06:44:27.984+0000] {dagbag.py:545} INFO - Filling up the DagBag from /opt/airflow/dags/etl_clickhouse.py
[2025-10-30T06:44:28.681+0000] {processor.py:840} INFO - DAG(s) 'move_data_to_clickhouse' retrieved from /opt/airflow/dags/etl_clickhouse.py
[2025-10-30T06:44:28.745+0000] {logging_mixin.py:188} INFO - [2025-10-30T06:44:28.744+0000] {dag.py:3096} INFO - Sync 1 DAGs
[2025-10-30T06:44:28.770+0000] {logging_mixin.py:188} INFO - [2025-10-30T06:44:28.770+0000] {dag.py:3954} INFO - Setting next_dagrun for move_data_to_clickhouse to None, run_after=None
[2025-10-30T06:44:28.834+0000] {processor.py:183} INFO - Processing /opt/airflow/dags/etl_clickhouse.py took 0.866 seconds
[2025-10-30T06:44:59.452+0000] {processor.py:161} INFO - Started process (PID=9338) to work on /opt/airflow/dags/etl_clickhouse.py
[2025-10-30T06:44:59.454+0000] {processor.py:830} INFO - Processing file /opt/airflow/dags/etl_clickhouse.py for tasks to queue
[2025-10-30T06:44:59.459+0000] {logging_mixin.py:188} INFO - [2025-10-30T06:44:59.458+0000] {dagbag.py:545} INFO - Filling up the DagBag from /opt/airflow/dags/etl_clickhouse.py
[2025-10-30T06:45:00.182+0000] {processor.py:840} INFO - DAG(s) 'move_data_to_clickhouse' retrieved from /opt/airflow/dags/etl_clickhouse.py
[2025-10-30T06:45:00.255+0000] {logging_mixin.py:188} INFO - [2025-10-30T06:45:00.254+0000] {dag.py:3096} INFO - Sync 1 DAGs
[2025-10-30T06:45:00.274+0000] {logging_mixin.py:188} INFO - [2025-10-30T06:45:00.274+0000] {dag.py:3954} INFO - Setting next_dagrun for move_data_to_clickhouse to None, run_after=None
[2025-10-30T06:45:00.330+0000] {processor.py:183} INFO - Processing /opt/airflow/dags/etl_clickhouse.py took 0.892 seconds
[2025-10-30T06:45:31.167+0000] {processor.py:161} INFO - Started process (PID=9350) to work on /opt/airflow/dags/etl_clickhouse.py
[2025-10-30T06:45:31.170+0000] {processor.py:830} INFO - Processing file /opt/airflow/dags/etl_clickhouse.py for tasks to queue
[2025-10-30T06:45:31.175+0000] {logging_mixin.py:188} INFO - [2025-10-30T06:45:31.174+0000] {dagbag.py:545} INFO - Filling up the DagBag from /opt/airflow/dags/etl_clickhouse.py
[2025-10-30T06:45:32.070+0000] {processor.py:840} INFO - DAG(s) 'move_data_to_clickhouse' retrieved from /opt/airflow/dags/etl_clickhouse.py
[2025-10-30T06:45:32.123+0000] {logging_mixin.py:188} INFO - [2025-10-30T06:45:32.123+0000] {dag.py:3096} INFO - Sync 1 DAGs
[2025-10-30T06:45:32.146+0000] {logging_mixin.py:188} INFO - [2025-10-30T06:45:32.145+0000] {dag.py:3954} INFO - Setting next_dagrun for move_data_to_clickhouse to None, run_after=None
[2025-10-30T06:45:32.196+0000] {processor.py:183} INFO - Processing /opt/airflow/dags/etl_clickhouse.py took 1.043 seconds
[2025-10-30T06:46:02.817+0000] {processor.py:161} INFO - Started process (PID=9362) to work on /opt/airflow/dags/etl_clickhouse.py
[2025-10-30T06:46:02.821+0000] {processor.py:830} INFO - Processing file /opt/airflow/dags/etl_clickhouse.py for tasks to queue
[2025-10-30T06:46:02.826+0000] {logging_mixin.py:188} INFO - [2025-10-30T06:46:02.825+0000] {dagbag.py:545} INFO - Filling up the DagBag from /opt/airflow/dags/etl_clickhouse.py
[2025-10-30T06:46:03.724+0000] {processor.py:840} INFO - DAG(s) 'move_data_to_clickhouse' retrieved from /opt/airflow/dags/etl_clickhouse.py
[2025-10-30T06:46:03.793+0000] {logging_mixin.py:188} INFO - [2025-10-30T06:46:03.792+0000] {dag.py:3096} INFO - Sync 1 DAGs
[2025-10-30T06:46:03.823+0000] {logging_mixin.py:188} INFO - [2025-10-30T06:46:03.822+0000] {dag.py:3954} INFO - Setting next_dagrun for move_data_to_clickhouse to None, run_after=None
[2025-10-30T06:46:03.874+0000] {processor.py:183} INFO - Processing /opt/airflow/dags/etl_clickhouse.py took 1.081 seconds
[2025-10-30T06:46:34.116+0000] {processor.py:161} INFO - Started process (PID=9374) to work on /opt/airflow/dags/etl_clickhouse.py
[2025-10-30T06:46:34.120+0000] {processor.py:830} INFO - Processing file /opt/airflow/dags/etl_clickhouse.py for tasks to queue
[2025-10-30T06:46:34.140+0000] {logging_mixin.py:188} INFO - [2025-10-30T06:46:34.139+0000] {dagbag.py:545} INFO - Filling up the DagBag from /opt/airflow/dags/etl_clickhouse.py
[2025-10-30T06:46:35.111+0000] {processor.py:840} INFO - DAG(s) 'move_data_to_clickhouse' retrieved from /opt/airflow/dags/etl_clickhouse.py
[2025-10-30T06:46:35.205+0000] {logging_mixin.py:188} INFO - [2025-10-30T06:46:35.203+0000] {dag.py:3096} INFO - Sync 1 DAGs
[2025-10-30T06:46:35.244+0000] {logging_mixin.py:188} INFO - [2025-10-30T06:46:35.243+0000] {dag.py:3954} INFO - Setting next_dagrun for move_data_to_clickhouse to None, run_after=None
[2025-10-30T06:46:35.314+0000] {processor.py:183} INFO - Processing /opt/airflow/dags/etl_clickhouse.py took 1.223 seconds
[2025-10-30T06:47:05.782+0000] {processor.py:161} INFO - Started process (PID=9386) to work on /opt/airflow/dags/etl_clickhouse.py
[2025-10-30T06:47:05.784+0000] {processor.py:830} INFO - Processing file /opt/airflow/dags/etl_clickhouse.py for tasks to queue
[2025-10-30T06:47:05.789+0000] {logging_mixin.py:188} INFO - [2025-10-30T06:47:05.788+0000] {dagbag.py:545} INFO - Filling up the DagBag from /opt/airflow/dags/etl_clickhouse.py
[2025-10-30T06:47:06.521+0000] {processor.py:840} INFO - DAG(s) 'move_data_to_clickhouse' retrieved from /opt/airflow/dags/etl_clickhouse.py
[2025-10-30T06:47:06.577+0000] {logging_mixin.py:188} INFO - [2025-10-30T06:47:06.577+0000] {dag.py:3096} INFO - Sync 1 DAGs
[2025-10-30T06:47:06.598+0000] {logging_mixin.py:188} INFO - [2025-10-30T06:47:06.598+0000] {dag.py:3954} INFO - Setting next_dagrun for move_data_to_clickhouse to None, run_after=None
[2025-10-30T06:47:06.636+0000] {processor.py:183} INFO - Processing /opt/airflow/dags/etl_clickhouse.py took 0.867 seconds
[2025-10-30T06:47:37.354+0000] {processor.py:161} INFO - Started process (PID=9396) to work on /opt/airflow/dags/etl_clickhouse.py
[2025-10-30T06:47:37.357+0000] {processor.py:830} INFO - Processing file /opt/airflow/dags/etl_clickhouse.py for tasks to queue
[2025-10-30T06:47:37.364+0000] {logging_mixin.py:188} INFO - [2025-10-30T06:47:37.363+0000] {dagbag.py:545} INFO - Filling up the DagBag from /opt/airflow/dags/etl_clickhouse.py
[2025-10-30T06:47:38.308+0000] {processor.py:840} INFO - DAG(s) 'move_data_to_clickhouse' retrieved from /opt/airflow/dags/etl_clickhouse.py
[2025-10-30T06:47:38.371+0000] {logging_mixin.py:188} INFO - [2025-10-30T06:47:38.370+0000] {dag.py:3096} INFO - Sync 1 DAGs
[2025-10-30T06:47:38.395+0000] {logging_mixin.py:188} INFO - [2025-10-30T06:47:38.394+0000] {dag.py:3954} INFO - Setting next_dagrun for move_data_to_clickhouse to None, run_after=None
[2025-10-30T06:47:38.437+0000] {processor.py:183} INFO - Processing /opt/airflow/dags/etl_clickhouse.py took 1.104 seconds
[2025-10-30T06:48:09.103+0000] {processor.py:161} INFO - Started process (PID=9410) to work on /opt/airflow/dags/etl_clickhouse.py
[2025-10-30T06:48:09.107+0000] {processor.py:830} INFO - Processing file /opt/airflow/dags/etl_clickhouse.py for tasks to queue
[2025-10-30T06:48:09.115+0000] {logging_mixin.py:188} INFO - [2025-10-30T06:48:09.113+0000] {dagbag.py:545} INFO - Filling up the DagBag from /opt/airflow/dags/etl_clickhouse.py
[2025-10-30T06:48:09.916+0000] {processor.py:840} INFO - DAG(s) 'move_data_to_clickhouse' retrieved from /opt/airflow/dags/etl_clickhouse.py
[2025-10-30T06:48:09.994+0000] {logging_mixin.py:188} INFO - [2025-10-30T06:48:09.993+0000] {dag.py:3096} INFO - Sync 1 DAGs
[2025-10-30T06:48:10.019+0000] {logging_mixin.py:188} INFO - [2025-10-30T06:48:10.018+0000] {dag.py:3954} INFO - Setting next_dagrun for move_data_to_clickhouse to None, run_after=None
[2025-10-30T06:48:10.067+0000] {processor.py:183} INFO - Processing /opt/airflow/dags/etl_clickhouse.py took 0.984 seconds
[2025-10-30T06:48:40.696+0000] {processor.py:161} INFO - Started process (PID=9422) to work on /opt/airflow/dags/etl_clickhouse.py
[2025-10-30T06:48:40.698+0000] {processor.py:830} INFO - Processing file /opt/airflow/dags/etl_clickhouse.py for tasks to queue
[2025-10-30T06:48:40.704+0000] {logging_mixin.py:188} INFO - [2025-10-30T06:48:40.703+0000] {dagbag.py:545} INFO - Filling up the DagBag from /opt/airflow/dags/etl_clickhouse.py
[2025-10-30T06:48:41.584+0000] {processor.py:840} INFO - DAG(s) 'move_data_to_clickhouse' retrieved from /opt/airflow/dags/etl_clickhouse.py
[2025-10-30T06:48:41.657+0000] {logging_mixin.py:188} INFO - [2025-10-30T06:48:41.655+0000] {dag.py:3096} INFO - Sync 1 DAGs
[2025-10-30T06:48:41.686+0000] {logging_mixin.py:188} INFO - [2025-10-30T06:48:41.685+0000] {dag.py:3954} INFO - Setting next_dagrun for move_data_to_clickhouse to None, run_after=None
[2025-10-30T06:48:41.743+0000] {processor.py:183} INFO - Processing /opt/airflow/dags/etl_clickhouse.py took 1.059 seconds
[2025-10-30T06:49:12.307+0000] {processor.py:161} INFO - Started process (PID=9434) to work on /opt/airflow/dags/etl_clickhouse.py
[2025-10-30T06:49:12.310+0000] {processor.py:830} INFO - Processing file /opt/airflow/dags/etl_clickhouse.py for tasks to queue
[2025-10-30T06:49:12.314+0000] {logging_mixin.py:188} INFO - [2025-10-30T06:49:12.313+0000] {dagbag.py:545} INFO - Filling up the DagBag from /opt/airflow/dags/etl_clickhouse.py
[2025-10-30T06:49:13.084+0000] {processor.py:840} INFO - DAG(s) 'move_data_to_clickhouse' retrieved from /opt/airflow/dags/etl_clickhouse.py
[2025-10-30T06:49:13.160+0000] {logging_mixin.py:188} INFO - [2025-10-30T06:49:13.159+0000] {dag.py:3096} INFO - Sync 1 DAGs
[2025-10-30T06:49:13.184+0000] {logging_mixin.py:188} INFO - [2025-10-30T06:49:13.184+0000] {dag.py:3954} INFO - Setting next_dagrun for move_data_to_clickhouse to None, run_after=None
[2025-10-30T06:49:13.257+0000] {processor.py:183} INFO - Processing /opt/airflow/dags/etl_clickhouse.py took 0.964 seconds
[2025-10-30T06:49:43.931+0000] {processor.py:161} INFO - Started process (PID=9446) to work on /opt/airflow/dags/etl_clickhouse.py
[2025-10-30T06:49:43.933+0000] {processor.py:830} INFO - Processing file /opt/airflow/dags/etl_clickhouse.py for tasks to queue
[2025-10-30T06:49:43.937+0000] {logging_mixin.py:188} INFO - [2025-10-30T06:49:43.936+0000] {dagbag.py:545} INFO - Filling up the DagBag from /opt/airflow/dags/etl_clickhouse.py
[2025-10-30T06:49:44.610+0000] {processor.py:840} INFO - DAG(s) 'move_data_to_clickhouse' retrieved from /opt/airflow/dags/etl_clickhouse.py
[2025-10-30T06:49:44.673+0000] {logging_mixin.py:188} INFO - [2025-10-30T06:49:44.672+0000] {dag.py:3096} INFO - Sync 1 DAGs
[2025-10-30T06:49:44.693+0000] {logging_mixin.py:188} INFO - [2025-10-30T06:49:44.693+0000] {dag.py:3954} INFO - Setting next_dagrun for move_data_to_clickhouse to None, run_after=None
[2025-10-30T06:49:45.576+0000] {processor.py:183} INFO - Processing /opt/airflow/dags/etl_clickhouse.py took 1.657 seconds
[2025-10-30T06:50:16.309+0000] {processor.py:161} INFO - Started process (PID=9458) to work on /opt/airflow/dags/etl_clickhouse.py
[2025-10-30T06:50:16.318+0000] {processor.py:830} INFO - Processing file /opt/airflow/dags/etl_clickhouse.py for tasks to queue
[2025-10-30T06:50:16.323+0000] {logging_mixin.py:188} INFO - [2025-10-30T06:50:16.322+0000] {dagbag.py:545} INFO - Filling up the DagBag from /opt/airflow/dags/etl_clickhouse.py
[2025-10-30T06:50:17.108+0000] {processor.py:840} INFO - DAG(s) 'move_data_to_clickhouse' retrieved from /opt/airflow/dags/etl_clickhouse.py
[2025-10-30T06:50:17.170+0000] {logging_mixin.py:188} INFO - [2025-10-30T06:50:17.169+0000] {dag.py:3096} INFO - Sync 1 DAGs
[2025-10-30T06:50:17.432+0000] {logging_mixin.py:188} INFO - [2025-10-30T06:50:17.432+0000] {dag.py:3954} INFO - Setting next_dagrun for move_data_to_clickhouse to None, run_after=None
[2025-10-30T06:50:17.491+0000] {processor.py:183} INFO - Processing /opt/airflow/dags/etl_clickhouse.py took 1.199 seconds
[2025-10-30T06:50:47.909+0000] {processor.py:161} INFO - Started process (PID=9470) to work on /opt/airflow/dags/etl_clickhouse.py
[2025-10-30T06:50:47.911+0000] {processor.py:830} INFO - Processing file /opt/airflow/dags/etl_clickhouse.py for tasks to queue
[2025-10-30T06:50:47.917+0000] {logging_mixin.py:188} INFO - [2025-10-30T06:50:47.916+0000] {dagbag.py:545} INFO - Filling up the DagBag from /opt/airflow/dags/etl_clickhouse.py
[2025-10-30T06:50:48.647+0000] {processor.py:840} INFO - DAG(s) 'move_data_to_clickhouse' retrieved from /opt/airflow/dags/etl_clickhouse.py
[2025-10-30T06:50:48.724+0000] {logging_mixin.py:188} INFO - [2025-10-30T06:50:48.723+0000] {dag.py:3096} INFO - Sync 1 DAGs
[2025-10-30T06:50:48.744+0000] {logging_mixin.py:188} INFO - [2025-10-30T06:50:48.744+0000] {dag.py:3954} INFO - Setting next_dagrun for move_data_to_clickhouse to None, run_after=None
[2025-10-30T06:50:48.799+0000] {processor.py:183} INFO - Processing /opt/airflow/dags/etl_clickhouse.py took 0.908 seconds
[2025-10-30T06:51:19.436+0000] {processor.py:161} INFO - Started process (PID=9482) to work on /opt/airflow/dags/etl_clickhouse.py
[2025-10-30T06:51:19.439+0000] {processor.py:830} INFO - Processing file /opt/airflow/dags/etl_clickhouse.py for tasks to queue
[2025-10-30T06:51:19.444+0000] {logging_mixin.py:188} INFO - [2025-10-30T06:51:19.443+0000] {dagbag.py:545} INFO - Filling up the DagBag from /opt/airflow/dags/etl_clickhouse.py
[2025-10-30T06:51:20.232+0000] {processor.py:840} INFO - DAG(s) 'move_data_to_clickhouse' retrieved from /opt/airflow/dags/etl_clickhouse.py
[2025-10-30T06:51:20.286+0000] {logging_mixin.py:188} INFO - [2025-10-30T06:51:20.285+0000] {dag.py:3096} INFO - Sync 1 DAGs
[2025-10-30T06:51:20.309+0000] {logging_mixin.py:188} INFO - [2025-10-30T06:51:20.308+0000] {dag.py:3954} INFO - Setting next_dagrun for move_data_to_clickhouse to None, run_after=None
[2025-10-30T06:51:20.352+0000] {processor.py:183} INFO - Processing /opt/airflow/dags/etl_clickhouse.py took 0.931 seconds
[2025-10-30T06:51:51.042+0000] {processor.py:161} INFO - Started process (PID=9494) to work on /opt/airflow/dags/etl_clickhouse.py
[2025-10-30T06:51:51.045+0000] {processor.py:830} INFO - Processing file /opt/airflow/dags/etl_clickhouse.py for tasks to queue
[2025-10-30T06:51:51.049+0000] {logging_mixin.py:188} INFO - [2025-10-30T06:51:51.048+0000] {dagbag.py:545} INFO - Filling up the DagBag from /opt/airflow/dags/etl_clickhouse.py
[2025-10-30T06:51:51.766+0000] {processor.py:840} INFO - DAG(s) 'move_data_to_clickhouse' retrieved from /opt/airflow/dags/etl_clickhouse.py
[2025-10-30T06:51:51.859+0000] {logging_mixin.py:188} INFO - [2025-10-30T06:51:51.858+0000] {dag.py:3096} INFO - Sync 1 DAGs
[2025-10-30T06:51:51.898+0000] {logging_mixin.py:188} INFO - [2025-10-30T06:51:51.898+0000] {dag.py:3954} INFO - Setting next_dagrun for move_data_to_clickhouse to None, run_after=None
[2025-10-30T06:51:52.187+0000] {processor.py:183} INFO - Processing /opt/airflow/dags/etl_clickhouse.py took 1.157 seconds
[2025-10-30T06:52:22.892+0000] {processor.py:161} INFO - Started process (PID=9506) to work on /opt/airflow/dags/etl_clickhouse.py
[2025-10-30T06:52:22.895+0000] {processor.py:830} INFO - Processing file /opt/airflow/dags/etl_clickhouse.py for tasks to queue
[2025-10-30T06:52:22.900+0000] {logging_mixin.py:188} INFO - [2025-10-30T06:52:22.899+0000] {dagbag.py:545} INFO - Filling up the DagBag from /opt/airflow/dags/etl_clickhouse.py
[2025-10-30T06:52:23.743+0000] {processor.py:840} INFO - DAG(s) 'move_data_to_clickhouse' retrieved from /opt/airflow/dags/etl_clickhouse.py
[2025-10-30T06:52:23.823+0000] {logging_mixin.py:188} INFO - [2025-10-30T06:52:23.822+0000] {dag.py:3096} INFO - Sync 1 DAGs
[2025-10-30T06:52:24.066+0000] {logging_mixin.py:188} INFO - [2025-10-30T06:52:24.065+0000] {dag.py:3954} INFO - Setting next_dagrun for move_data_to_clickhouse to None, run_after=None
[2025-10-30T06:52:24.111+0000] {processor.py:183} INFO - Processing /opt/airflow/dags/etl_clickhouse.py took 1.234 seconds
[2025-10-30T06:52:54.520+0000] {processor.py:161} INFO - Started process (PID=9518) to work on /opt/airflow/dags/etl_clickhouse.py
[2025-10-30T06:52:54.523+0000] {processor.py:830} INFO - Processing file /opt/airflow/dags/etl_clickhouse.py for tasks to queue
[2025-10-30T06:52:54.527+0000] {logging_mixin.py:188} INFO - [2025-10-30T06:52:54.526+0000] {dagbag.py:545} INFO - Filling up the DagBag from /opt/airflow/dags/etl_clickhouse.py
[2025-10-30T06:52:55.298+0000] {processor.py:840} INFO - DAG(s) 'move_data_to_clickhouse' retrieved from /opt/airflow/dags/etl_clickhouse.py
[2025-10-30T06:52:55.374+0000] {logging_mixin.py:188} INFO - [2025-10-30T06:52:55.373+0000] {dag.py:3096} INFO - Sync 1 DAGs
[2025-10-30T06:52:55.405+0000] {logging_mixin.py:188} INFO - [2025-10-30T06:52:55.404+0000] {dag.py:3954} INFO - Setting next_dagrun for move_data_to_clickhouse to None, run_after=None
[2025-10-30T06:52:55.465+0000] {processor.py:183} INFO - Processing /opt/airflow/dags/etl_clickhouse.py took 0.957 seconds
[2025-10-30T06:53:26.038+0000] {processor.py:161} INFO - Started process (PID=9530) to work on /opt/airflow/dags/etl_clickhouse.py
[2025-10-30T06:53:26.041+0000] {processor.py:830} INFO - Processing file /opt/airflow/dags/etl_clickhouse.py for tasks to queue
[2025-10-30T06:53:26.046+0000] {logging_mixin.py:188} INFO - [2025-10-30T06:53:26.044+0000] {dagbag.py:545} INFO - Filling up the DagBag from /opt/airflow/dags/etl_clickhouse.py
[2025-10-30T06:53:26.724+0000] {processor.py:840} INFO - DAG(s) 'move_data_to_clickhouse' retrieved from /opt/airflow/dags/etl_clickhouse.py
[2025-10-30T06:53:26.779+0000] {logging_mixin.py:188} INFO - [2025-10-30T06:53:26.778+0000] {dag.py:3096} INFO - Sync 1 DAGs
[2025-10-30T06:53:26.808+0000] {logging_mixin.py:188} INFO - [2025-10-30T06:53:26.807+0000] {dag.py:3954} INFO - Setting next_dagrun for move_data_to_clickhouse to None, run_after=None
[2025-10-30T06:53:26.866+0000] {processor.py:183} INFO - Processing /opt/airflow/dags/etl_clickhouse.py took 0.842 seconds
[2025-10-30T06:53:57.541+0000] {processor.py:161} INFO - Started process (PID=9542) to work on /opt/airflow/dags/etl_clickhouse.py
[2025-10-30T06:53:57.544+0000] {processor.py:830} INFO - Processing file /opt/airflow/dags/etl_clickhouse.py for tasks to queue
[2025-10-30T06:53:57.548+0000] {logging_mixin.py:188} INFO - [2025-10-30T06:53:57.547+0000] {dagbag.py:545} INFO - Filling up the DagBag from /opt/airflow/dags/etl_clickhouse.py
[2025-10-30T06:53:58.282+0000] {processor.py:840} INFO - DAG(s) 'move_data_to_clickhouse' retrieved from /opt/airflow/dags/etl_clickhouse.py
[2025-10-30T06:53:58.359+0000] {logging_mixin.py:188} INFO - [2025-10-30T06:53:58.358+0000] {dag.py:3096} INFO - Sync 1 DAGs
[2025-10-30T06:53:58.390+0000] {logging_mixin.py:188} INFO - [2025-10-30T06:53:58.389+0000] {dag.py:3954} INFO - Setting next_dagrun for move_data_to_clickhouse to None, run_after=None
[2025-10-30T06:53:58.658+0000] {processor.py:183} INFO - Processing /opt/airflow/dags/etl_clickhouse.py took 1.131 seconds
[2025-10-30T06:54:29.279+0000] {processor.py:161} INFO - Started process (PID=9554) to work on /opt/airflow/dags/etl_clickhouse.py
[2025-10-30T06:54:29.281+0000] {processor.py:830} INFO - Processing file /opt/airflow/dags/etl_clickhouse.py for tasks to queue
[2025-10-30T06:54:29.285+0000] {logging_mixin.py:188} INFO - [2025-10-30T06:54:29.284+0000] {dagbag.py:545} INFO - Filling up the DagBag from /opt/airflow/dags/etl_clickhouse.py
[2025-10-30T06:54:30.171+0000] {processor.py:840} INFO - DAG(s) 'move_data_to_clickhouse' retrieved from /opt/airflow/dags/etl_clickhouse.py
[2025-10-30T06:54:30.227+0000] {logging_mixin.py:188} INFO - [2025-10-30T06:54:30.227+0000] {dag.py:3096} INFO - Sync 1 DAGs
[2025-10-30T06:54:30.664+0000] {logging_mixin.py:188} INFO - [2025-10-30T06:54:30.663+0000] {dag.py:3954} INFO - Setting next_dagrun for move_data_to_clickhouse to None, run_after=None
[2025-10-30T06:54:30.708+0000] {processor.py:183} INFO - Processing /opt/airflow/dags/etl_clickhouse.py took 1.443 seconds
[2025-10-30T06:55:00.968+0000] {processor.py:161} INFO - Started process (PID=9566) to work on /opt/airflow/dags/etl_clickhouse.py
[2025-10-30T06:55:00.972+0000] {processor.py:830} INFO - Processing file /opt/airflow/dags/etl_clickhouse.py for tasks to queue
[2025-10-30T06:55:00.979+0000] {logging_mixin.py:188} INFO - [2025-10-30T06:55:00.978+0000] {dagbag.py:545} INFO - Filling up the DagBag from /opt/airflow/dags/etl_clickhouse.py
[2025-10-30T06:55:01.874+0000] {processor.py:840} INFO - DAG(s) 'move_data_to_clickhouse' retrieved from /opt/airflow/dags/etl_clickhouse.py
[2025-10-30T06:55:01.950+0000] {logging_mixin.py:188} INFO - [2025-10-30T06:55:01.949+0000] {dag.py:3096} INFO - Sync 1 DAGs
[2025-10-30T06:55:01.972+0000] {logging_mixin.py:188} INFO - [2025-10-30T06:55:01.972+0000] {dag.py:3954} INFO - Setting next_dagrun for move_data_to_clickhouse to None, run_after=None
[2025-10-30T06:55:02.029+0000] {processor.py:183} INFO - Processing /opt/airflow/dags/etl_clickhouse.py took 1.078 seconds
[2025-10-30T06:55:32.466+0000] {processor.py:161} INFO - Started process (PID=9578) to work on /opt/airflow/dags/etl_clickhouse.py
[2025-10-30T06:55:32.468+0000] {processor.py:830} INFO - Processing file /opt/airflow/dags/etl_clickhouse.py for tasks to queue
[2025-10-30T06:55:32.473+0000] {logging_mixin.py:188} INFO - [2025-10-30T06:55:32.472+0000] {dagbag.py:545} INFO - Filling up the DagBag from /opt/airflow/dags/etl_clickhouse.py
[2025-10-30T06:55:33.280+0000] {processor.py:840} INFO - DAG(s) 'move_data_to_clickhouse' retrieved from /opt/airflow/dags/etl_clickhouse.py
[2025-10-30T06:55:33.354+0000] {logging_mixin.py:188} INFO - [2025-10-30T06:55:33.353+0000] {dag.py:3096} INFO - Sync 1 DAGs
[2025-10-30T06:55:33.378+0000] {logging_mixin.py:188} INFO - [2025-10-30T06:55:33.377+0000] {dag.py:3954} INFO - Setting next_dagrun for move_data_to_clickhouse to None, run_after=None
[2025-10-30T06:55:33.436+0000] {processor.py:183} INFO - Processing /opt/airflow/dags/etl_clickhouse.py took 0.986 seconds
[2025-10-30T06:56:04.024+0000] {processor.py:161} INFO - Started process (PID=9590) to work on /opt/airflow/dags/etl_clickhouse.py
[2025-10-30T06:56:04.026+0000] {processor.py:830} INFO - Processing file /opt/airflow/dags/etl_clickhouse.py for tasks to queue
[2025-10-30T06:56:04.031+0000] {logging_mixin.py:188} INFO - [2025-10-30T06:56:04.030+0000] {dagbag.py:545} INFO - Filling up the DagBag from /opt/airflow/dags/etl_clickhouse.py
[2025-10-30T06:56:04.758+0000] {processor.py:840} INFO - DAG(s) 'move_data_to_clickhouse' retrieved from /opt/airflow/dags/etl_clickhouse.py
[2025-10-30T06:56:04.828+0000] {logging_mixin.py:188} INFO - [2025-10-30T06:56:04.827+0000] {dag.py:3096} INFO - Sync 1 DAGs
[2025-10-30T06:56:04.868+0000] {logging_mixin.py:188} INFO - [2025-10-30T06:56:04.867+0000] {dag.py:3954} INFO - Setting next_dagrun for move_data_to_clickhouse to None, run_after=None
[2025-10-30T06:56:05.160+0000] {processor.py:183} INFO - Processing /opt/airflow/dags/etl_clickhouse.py took 1.156 seconds
[2025-10-30T06:56:35.776+0000] {processor.py:161} INFO - Started process (PID=9602) to work on /opt/airflow/dags/etl_clickhouse.py
[2025-10-30T06:56:35.779+0000] {processor.py:830} INFO - Processing file /opt/airflow/dags/etl_clickhouse.py for tasks to queue
[2025-10-30T06:56:35.784+0000] {logging_mixin.py:188} INFO - [2025-10-30T06:56:35.783+0000] {dagbag.py:545} INFO - Filling up the DagBag from /opt/airflow/dags/etl_clickhouse.py
[2025-10-30T06:56:36.443+0000] {processor.py:840} INFO - DAG(s) 'move_data_to_clickhouse' retrieved from /opt/airflow/dags/etl_clickhouse.py
[2025-10-30T06:56:36.510+0000] {logging_mixin.py:188} INFO - [2025-10-30T06:56:36.509+0000] {dag.py:3096} INFO - Sync 1 DAGs
[2025-10-30T06:56:36.762+0000] {logging_mixin.py:188} INFO - [2025-10-30T06:56:36.762+0000] {dag.py:3954} INFO - Setting next_dagrun for move_data_to_clickhouse to None, run_after=None
[2025-10-30T06:56:36.810+0000] {processor.py:183} INFO - Processing /opt/airflow/dags/etl_clickhouse.py took 1.047 seconds
[2025-10-30T06:57:07.459+0000] {processor.py:161} INFO - Started process (PID=9614) to work on /opt/airflow/dags/etl_clickhouse.py
[2025-10-30T06:57:07.462+0000] {processor.py:830} INFO - Processing file /opt/airflow/dags/etl_clickhouse.py for tasks to queue
[2025-10-30T06:57:07.466+0000] {logging_mixin.py:188} INFO - [2025-10-30T06:57:07.466+0000] {dagbag.py:545} INFO - Filling up the DagBag from /opt/airflow/dags/etl_clickhouse.py
[2025-10-30T06:57:08.193+0000] {processor.py:840} INFO - DAG(s) 'move_data_to_clickhouse' retrieved from /opt/airflow/dags/etl_clickhouse.py
[2025-10-30T06:57:08.469+0000] {logging_mixin.py:188} INFO - [2025-10-30T06:57:08.468+0000] {dag.py:3096} INFO - Sync 1 DAGs
[2025-10-30T06:57:08.491+0000] {logging_mixin.py:188} INFO - [2025-10-30T06:57:08.491+0000] {dag.py:3954} INFO - Setting next_dagrun for move_data_to_clickhouse to None, run_after=None
[2025-10-30T06:57:08.534+0000] {processor.py:183} INFO - Processing /opt/airflow/dags/etl_clickhouse.py took 1.088 seconds
[2025-10-30T06:57:39.004+0000] {processor.py:161} INFO - Started process (PID=9626) to work on /opt/airflow/dags/etl_clickhouse.py
[2025-10-30T06:57:39.008+0000] {processor.py:830} INFO - Processing file /opt/airflow/dags/etl_clickhouse.py for tasks to queue
[2025-10-30T06:57:39.013+0000] {logging_mixin.py:188} INFO - [2025-10-30T06:57:39.012+0000] {dagbag.py:545} INFO - Filling up the DagBag from /opt/airflow/dags/etl_clickhouse.py
[2025-10-30T06:57:39.918+0000] {processor.py:840} INFO - DAG(s) 'move_data_to_clickhouse' retrieved from /opt/airflow/dags/etl_clickhouse.py
[2025-10-30T06:57:39.974+0000] {logging_mixin.py:188} INFO - [2025-10-30T06:57:39.973+0000] {dag.py:3096} INFO - Sync 1 DAGs
[2025-10-30T06:57:39.994+0000] {logging_mixin.py:188} INFO - [2025-10-30T06:57:39.994+0000] {dag.py:3954} INFO - Setting next_dagrun for move_data_to_clickhouse to None, run_after=None
[2025-10-30T06:57:40.043+0000] {processor.py:183} INFO - Processing /opt/airflow/dags/etl_clickhouse.py took 1.060 seconds
[2025-10-30T06:58:10.722+0000] {processor.py:161} INFO - Started process (PID=9638) to work on /opt/airflow/dags/etl_clickhouse.py
[2025-10-30T06:58:10.724+0000] {processor.py:830} INFO - Processing file /opt/airflow/dags/etl_clickhouse.py for tasks to queue
[2025-10-30T06:58:10.728+0000] {logging_mixin.py:188} INFO - [2025-10-30T06:58:10.728+0000] {dagbag.py:545} INFO - Filling up the DagBag from /opt/airflow/dags/etl_clickhouse.py
[2025-10-30T06:58:11.692+0000] {processor.py:840} INFO - DAG(s) 'move_data_to_clickhouse' retrieved from /opt/airflow/dags/etl_clickhouse.py
[2025-10-30T06:58:11.763+0000] {logging_mixin.py:188} INFO - [2025-10-30T06:58:11.762+0000] {dag.py:3096} INFO - Sync 1 DAGs
[2025-10-30T06:58:11.791+0000] {logging_mixin.py:188} INFO - [2025-10-30T06:58:11.790+0000] {dag.py:3954} INFO - Setting next_dagrun for move_data_to_clickhouse to None, run_after=None
[2025-10-30T06:58:12.105+0000] {processor.py:183} INFO - Processing /opt/airflow/dags/etl_clickhouse.py took 1.399 seconds
[2025-10-30T06:58:42.846+0000] {processor.py:161} INFO - Started process (PID=9650) to work on /opt/airflow/dags/etl_clickhouse.py
[2025-10-30T06:58:42.848+0000] {processor.py:830} INFO - Processing file /opt/airflow/dags/etl_clickhouse.py for tasks to queue
[2025-10-30T06:58:42.853+0000] {logging_mixin.py:188} INFO - [2025-10-30T06:58:42.852+0000] {dagbag.py:545} INFO - Filling up the DagBag from /opt/airflow/dags/etl_clickhouse.py
[2025-10-30T06:58:43.641+0000] {processor.py:840} INFO - DAG(s) 'move_data_to_clickhouse' retrieved from /opt/airflow/dags/etl_clickhouse.py
[2025-10-30T06:58:43.715+0000] {logging_mixin.py:188} INFO - [2025-10-30T06:58:43.715+0000] {dag.py:3096} INFO - Sync 1 DAGs
[2025-10-30T06:58:43.960+0000] {logging_mixin.py:188} INFO - [2025-10-30T06:58:43.959+0000] {dag.py:3954} INFO - Setting next_dagrun for move_data_to_clickhouse to None, run_after=None
[2025-10-30T06:58:43.997+0000] {processor.py:183} INFO - Processing /opt/airflow/dags/etl_clickhouse.py took 1.166 seconds
[2025-10-30T06:59:14.716+0000] {processor.py:161} INFO - Started process (PID=9662) to work on /opt/airflow/dags/etl_clickhouse.py
[2025-10-30T06:59:14.719+0000] {processor.py:830} INFO - Processing file /opt/airflow/dags/etl_clickhouse.py for tasks to queue
[2025-10-30T06:59:14.723+0000] {logging_mixin.py:188} INFO - [2025-10-30T06:59:14.722+0000] {dagbag.py:545} INFO - Filling up the DagBag from /opt/airflow/dags/etl_clickhouse.py
[2025-10-30T06:59:15.530+0000] {processor.py:840} INFO - DAG(s) 'move_data_to_clickhouse' retrieved from /opt/airflow/dags/etl_clickhouse.py
[2025-10-30T06:59:15.841+0000] {logging_mixin.py:188} INFO - [2025-10-30T06:59:15.840+0000] {dag.py:3096} INFO - Sync 1 DAGs
[2025-10-30T06:59:15.867+0000] {logging_mixin.py:188} INFO - [2025-10-30T06:59:15.867+0000] {dag.py:3954} INFO - Setting next_dagrun for move_data_to_clickhouse to None, run_after=None
[2025-10-30T06:59:15.924+0000] {processor.py:183} INFO - Processing /opt/airflow/dags/etl_clickhouse.py took 1.223 seconds
[2025-10-30T06:59:46.464+0000] {processor.py:161} INFO - Started process (PID=9674) to work on /opt/airflow/dags/etl_clickhouse.py
[2025-10-30T06:59:46.466+0000] {processor.py:830} INFO - Processing file /opt/airflow/dags/etl_clickhouse.py for tasks to queue
[2025-10-30T06:59:46.471+0000] {logging_mixin.py:188} INFO - [2025-10-30T06:59:46.470+0000] {dagbag.py:545} INFO - Filling up the DagBag from /opt/airflow/dags/etl_clickhouse.py
[2025-10-30T06:59:47.213+0000] {processor.py:840} INFO - DAG(s) 'move_data_to_clickhouse' retrieved from /opt/airflow/dags/etl_clickhouse.py
[2025-10-30T06:59:47.287+0000] {logging_mixin.py:188} INFO - [2025-10-30T06:59:47.286+0000] {dag.py:3096} INFO - Sync 1 DAGs
[2025-10-30T06:59:47.320+0000] {logging_mixin.py:188} INFO - [2025-10-30T06:59:47.320+0000] {dag.py:3954} INFO - Setting next_dagrun for move_data_to_clickhouse to None, run_after=None
[2025-10-30T06:59:47.377+0000] {processor.py:183} INFO - Processing /opt/airflow/dags/etl_clickhouse.py took 0.928 seconds
[2025-10-30T07:00:17.944+0000] {processor.py:161} INFO - Started process (PID=9686) to work on /opt/airflow/dags/etl_clickhouse.py
[2025-10-30T07:00:17.947+0000] {processor.py:830} INFO - Processing file /opt/airflow/dags/etl_clickhouse.py for tasks to queue
[2025-10-30T07:00:17.951+0000] {logging_mixin.py:188} INFO - [2025-10-30T07:00:17.951+0000] {dagbag.py:545} INFO - Filling up the DagBag from /opt/airflow/dags/etl_clickhouse.py
[2025-10-30T07:00:18.660+0000] {processor.py:840} INFO - DAG(s) 'move_data_to_clickhouse' retrieved from /opt/airflow/dags/etl_clickhouse.py
[2025-10-30T07:00:18.710+0000] {logging_mixin.py:188} INFO - [2025-10-30T07:00:18.709+0000] {dag.py:3096} INFO - Sync 1 DAGs
[2025-10-30T07:00:18.730+0000] {logging_mixin.py:188} INFO - [2025-10-30T07:00:18.730+0000] {dag.py:3954} INFO - Setting next_dagrun for move_data_to_clickhouse to None, run_after=None
[2025-10-30T07:00:19.070+0000] {processor.py:183} INFO - Processing /opt/airflow/dags/etl_clickhouse.py took 1.140 seconds
[2025-10-30T07:00:49.732+0000] {processor.py:161} INFO - Started process (PID=9698) to work on /opt/airflow/dags/etl_clickhouse.py
[2025-10-30T07:00:49.734+0000] {processor.py:830} INFO - Processing file /opt/airflow/dags/etl_clickhouse.py for tasks to queue
[2025-10-30T07:00:49.739+0000] {logging_mixin.py:188} INFO - [2025-10-30T07:00:49.738+0000] {dagbag.py:545} INFO - Filling up the DagBag from /opt/airflow/dags/etl_clickhouse.py
[2025-10-30T07:00:50.403+0000] {processor.py:840} INFO - DAG(s) 'move_data_to_clickhouse' retrieved from /opt/airflow/dags/etl_clickhouse.py
[2025-10-30T07:00:50.476+0000] {logging_mixin.py:188} INFO - [2025-10-30T07:00:50.476+0000] {dag.py:3096} INFO - Sync 1 DAGs
[2025-10-30T07:00:50.721+0000] {logging_mixin.py:188} INFO - [2025-10-30T07:00:50.721+0000] {dag.py:3954} INFO - Setting next_dagrun for move_data_to_clickhouse to None, run_after=None
[2025-10-30T07:00:50.770+0000] {processor.py:183} INFO - Processing /opt/airflow/dags/etl_clickhouse.py took 1.053 seconds
[2025-10-30T07:01:21.419+0000] {processor.py:161} INFO - Started process (PID=9710) to work on /opt/airflow/dags/etl_clickhouse.py
[2025-10-30T07:01:21.421+0000] {processor.py:830} INFO - Processing file /opt/airflow/dags/etl_clickhouse.py for tasks to queue
[2025-10-30T07:01:21.426+0000] {logging_mixin.py:188} INFO - [2025-10-30T07:01:21.425+0000] {dagbag.py:545} INFO - Filling up the DagBag from /opt/airflow/dags/etl_clickhouse.py
[2025-10-30T07:01:22.198+0000] {processor.py:840} INFO - DAG(s) 'move_data_to_clickhouse' retrieved from /opt/airflow/dags/etl_clickhouse.py
[2025-10-30T07:01:22.457+0000] {logging_mixin.py:188} INFO - [2025-10-30T07:01:22.456+0000] {dag.py:3096} INFO - Sync 1 DAGs
[2025-10-30T07:01:22.475+0000] {logging_mixin.py:188} INFO - [2025-10-30T07:01:22.474+0000] {dag.py:3954} INFO - Setting next_dagrun for move_data_to_clickhouse to None, run_after=None
[2025-10-30T07:01:22.532+0000] {processor.py:183} INFO - Processing /opt/airflow/dags/etl_clickhouse.py took 1.126 seconds
[2025-10-30T07:01:53.278+0000] {processor.py:161} INFO - Started process (PID=9722) to work on /opt/airflow/dags/etl_clickhouse.py
[2025-10-30T07:01:53.280+0000] {processor.py:830} INFO - Processing file /opt/airflow/dags/etl_clickhouse.py for tasks to queue
[2025-10-30T07:01:53.286+0000] {logging_mixin.py:188} INFO - [2025-10-30T07:01:53.285+0000] {dagbag.py:545} INFO - Filling up the DagBag from /opt/airflow/dags/etl_clickhouse.py
[2025-10-30T07:01:54.153+0000] {processor.py:840} INFO - DAG(s) 'move_data_to_clickhouse' retrieved from /opt/airflow/dags/etl_clickhouse.py
[2025-10-30T07:01:54.218+0000] {logging_mixin.py:188} INFO - [2025-10-30T07:01:54.217+0000] {dag.py:3096} INFO - Sync 1 DAGs
[2025-10-30T07:01:54.247+0000] {logging_mixin.py:188} INFO - [2025-10-30T07:01:54.247+0000] {dag.py:3954} INFO - Setting next_dagrun for move_data_to_clickhouse to None, run_after=None
[2025-10-30T07:01:54.303+0000] {processor.py:183} INFO - Processing /opt/airflow/dags/etl_clickhouse.py took 1.044 seconds
[2025-10-30T07:02:24.816+0000] {processor.py:161} INFO - Started process (PID=9734) to work on /opt/airflow/dags/etl_clickhouse.py
[2025-10-30T07:02:24.819+0000] {processor.py:830} INFO - Processing file /opt/airflow/dags/etl_clickhouse.py for tasks to queue
[2025-10-30T07:02:24.824+0000] {logging_mixin.py:188} INFO - [2025-10-30T07:02:24.823+0000] {dagbag.py:545} INFO - Filling up the DagBag from /opt/airflow/dags/etl_clickhouse.py
[2025-10-30T07:02:25.694+0000] {processor.py:840} INFO - DAG(s) 'move_data_to_clickhouse' retrieved from /opt/airflow/dags/etl_clickhouse.py
[2025-10-30T07:02:25.772+0000] {logging_mixin.py:188} INFO - [2025-10-30T07:02:25.771+0000] {dag.py:3096} INFO - Sync 1 DAGs
[2025-10-30T07:02:25.808+0000] {logging_mixin.py:188} INFO - [2025-10-30T07:02:25.807+0000] {dag.py:3954} INFO - Setting next_dagrun for move_data_to_clickhouse to None, run_after=None
[2025-10-30T07:02:26.065+0000] {processor.py:183} INFO - Processing /opt/airflow/dags/etl_clickhouse.py took 1.265 seconds
[2025-10-30T07:02:56.262+0000] {processor.py:161} INFO - Started process (PID=9746) to work on /opt/airflow/dags/etl_clickhouse.py
[2025-10-30T07:02:56.264+0000] {processor.py:830} INFO - Processing file /opt/airflow/dags/etl_clickhouse.py for tasks to queue
[2025-10-30T07:02:56.268+0000] {logging_mixin.py:188} INFO - [2025-10-30T07:02:56.268+0000] {dagbag.py:545} INFO - Filling up the DagBag from /opt/airflow/dags/etl_clickhouse.py
[2025-10-30T07:02:57.094+0000] {processor.py:840} INFO - DAG(s) 'move_data_to_clickhouse' retrieved from /opt/airflow/dags/etl_clickhouse.py
[2025-10-30T07:02:57.170+0000] {logging_mixin.py:188} INFO - [2025-10-30T07:02:57.169+0000] {dag.py:3096} INFO - Sync 1 DAGs
[2025-10-30T07:02:57.405+0000] {logging_mixin.py:188} INFO - [2025-10-30T07:02:57.404+0000] {dag.py:3954} INFO - Setting next_dagrun for move_data_to_clickhouse to None, run_after=None
[2025-10-30T07:02:57.455+0000] {processor.py:183} INFO - Processing /opt/airflow/dags/etl_clickhouse.py took 1.211 seconds
[2025-10-30T07:03:27.836+0000] {processor.py:161} INFO - Started process (PID=9758) to work on /opt/airflow/dags/etl_clickhouse.py
[2025-10-30T07:03:27.839+0000] {processor.py:830} INFO - Processing file /opt/airflow/dags/etl_clickhouse.py for tasks to queue
[2025-10-30T07:03:27.842+0000] {logging_mixin.py:188} INFO - [2025-10-30T07:03:27.841+0000] {dagbag.py:545} INFO - Filling up the DagBag from /opt/airflow/dags/etl_clickhouse.py
[2025-10-30T07:03:28.557+0000] {processor.py:840} INFO - DAG(s) 'move_data_to_clickhouse' retrieved from /opt/airflow/dags/etl_clickhouse.py
[2025-10-30T07:03:28.885+0000] {logging_mixin.py:188} INFO - [2025-10-30T07:03:28.884+0000] {dag.py:3096} INFO - Sync 1 DAGs
[2025-10-30T07:03:28.906+0000] {logging_mixin.py:188} INFO - [2025-10-30T07:03:28.905+0000] {dag.py:3954} INFO - Setting next_dagrun for move_data_to_clickhouse to None, run_after=None
[2025-10-30T07:03:28.954+0000] {processor.py:183} INFO - Processing /opt/airflow/dags/etl_clickhouse.py took 1.133 seconds
[2025-10-30T07:03:59.690+0000] {processor.py:161} INFO - Started process (PID=9770) to work on /opt/airflow/dags/etl_clickhouse.py
[2025-10-30T07:03:59.693+0000] {processor.py:830} INFO - Processing file /opt/airflow/dags/etl_clickhouse.py for tasks to queue
[2025-10-30T07:03:59.697+0000] {logging_mixin.py:188} INFO - [2025-10-30T07:03:59.696+0000] {dagbag.py:545} INFO - Filling up the DagBag from /opt/airflow/dags/etl_clickhouse.py
[2025-10-30T07:04:00.725+0000] {processor.py:840} INFO - DAG(s) 'move_data_to_clickhouse' retrieved from /opt/airflow/dags/etl_clickhouse.py
[2025-10-30T07:04:00.788+0000] {logging_mixin.py:188} INFO - [2025-10-30T07:04:00.787+0000] {dag.py:3096} INFO - Sync 1 DAGs
[2025-10-30T07:04:00.814+0000] {logging_mixin.py:188} INFO - [2025-10-30T07:04:00.813+0000] {dag.py:3954} INFO - Setting next_dagrun for move_data_to_clickhouse to None, run_after=None
[2025-10-30T07:04:00.868+0000] {processor.py:183} INFO - Processing /opt/airflow/dags/etl_clickhouse.py took 1.192 seconds
[2025-10-30T07:04:31.666+0000] {processor.py:161} INFO - Started process (PID=9782) to work on /opt/airflow/dags/etl_clickhouse.py
[2025-10-30T07:04:31.669+0000] {processor.py:830} INFO - Processing file /opt/airflow/dags/etl_clickhouse.py for tasks to queue
[2025-10-30T07:04:31.673+0000] {logging_mixin.py:188} INFO - [2025-10-30T07:04:31.672+0000] {dagbag.py:545} INFO - Filling up the DagBag from /opt/airflow/dags/etl_clickhouse.py
[2025-10-30T07:04:32.339+0000] {processor.py:840} INFO - DAG(s) 'move_data_to_clickhouse' retrieved from /opt/airflow/dags/etl_clickhouse.py
[2025-10-30T07:04:32.388+0000] {logging_mixin.py:188} INFO - [2025-10-30T07:04:32.388+0000] {dag.py:3096} INFO - Sync 1 DAGs
[2025-10-30T07:04:32.408+0000] {logging_mixin.py:188} INFO - [2025-10-30T07:04:32.408+0000] {dag.py:3954} INFO - Setting next_dagrun for move_data_to_clickhouse to None, run_after=None
[2025-10-30T07:04:32.680+0000] {processor.py:183} INFO - Processing /opt/airflow/dags/etl_clickhouse.py took 1.027 seconds
[2025-10-30T07:05:03.394+0000] {processor.py:161} INFO - Started process (PID=9794) to work on /opt/airflow/dags/etl_clickhouse.py
[2025-10-30T07:05:03.397+0000] {processor.py:830} INFO - Processing file /opt/airflow/dags/etl_clickhouse.py for tasks to queue
[2025-10-30T07:05:03.402+0000] {logging_mixin.py:188} INFO - [2025-10-30T07:05:03.401+0000] {dagbag.py:545} INFO - Filling up the DagBag from /opt/airflow/dags/etl_clickhouse.py
[2025-10-30T07:05:04.260+0000] {processor.py:840} INFO - DAG(s) 'move_data_to_clickhouse' retrieved from /opt/airflow/dags/etl_clickhouse.py
[2025-10-30T07:05:04.327+0000] {logging_mixin.py:188} INFO - [2025-10-30T07:05:04.326+0000] {dag.py:3096} INFO - Sync 1 DAGs
[2025-10-30T07:05:04.620+0000] {logging_mixin.py:188} INFO - [2025-10-30T07:05:04.619+0000] {dag.py:3954} INFO - Setting next_dagrun for move_data_to_clickhouse to None, run_after=None
[2025-10-30T07:05:04.676+0000] {processor.py:183} INFO - Processing /opt/airflow/dags/etl_clickhouse.py took 1.297 seconds
[2025-10-30T07:05:35.418+0000] {processor.py:161} INFO - Started process (PID=9806) to work on /opt/airflow/dags/etl_clickhouse.py
[2025-10-30T07:05:35.420+0000] {processor.py:830} INFO - Processing file /opt/airflow/dags/etl_clickhouse.py for tasks to queue
[2025-10-30T07:05:35.424+0000] {logging_mixin.py:188} INFO - [2025-10-30T07:05:35.423+0000] {dagbag.py:545} INFO - Filling up the DagBag from /opt/airflow/dags/etl_clickhouse.py
[2025-10-30T07:05:36.145+0000] {processor.py:840} INFO - DAG(s) 'move_data_to_clickhouse' retrieved from /opt/airflow/dags/etl_clickhouse.py
[2025-10-30T07:05:36.444+0000] {logging_mixin.py:188} INFO - [2025-10-30T07:05:36.444+0000] {dag.py:3096} INFO - Sync 1 DAGs
[2025-10-30T07:05:36.462+0000] {logging_mixin.py:188} INFO - [2025-10-30T07:05:36.461+0000] {dag.py:3954} INFO - Setting next_dagrun for move_data_to_clickhouse to None, run_after=None
[2025-10-30T07:05:36.521+0000] {processor.py:183} INFO - Processing /opt/airflow/dags/etl_clickhouse.py took 1.115 seconds
[2025-10-30T07:06:07.216+0000] {processor.py:161} INFO - Started process (PID=9818) to work on /opt/airflow/dags/etl_clickhouse.py
[2025-10-30T07:06:07.219+0000] {processor.py:830} INFO - Processing file /opt/airflow/dags/etl_clickhouse.py for tasks to queue
[2025-10-30T07:06:07.227+0000] {logging_mixin.py:188} INFO - [2025-10-30T07:06:07.225+0000] {dagbag.py:545} INFO - Filling up the DagBag from /opt/airflow/dags/etl_clickhouse.py
[2025-10-30T07:06:08.565+0000] {processor.py:840} INFO - DAG(s) 'move_data_to_clickhouse' retrieved from /opt/airflow/dags/etl_clickhouse.py
[2025-10-30T07:06:08.627+0000] {logging_mixin.py:188} INFO - [2025-10-30T07:06:08.627+0000] {dag.py:3096} INFO - Sync 1 DAGs
[2025-10-30T07:06:08.649+0000] {logging_mixin.py:188} INFO - [2025-10-30T07:06:08.649+0000] {dag.py:3954} INFO - Setting next_dagrun for move_data_to_clickhouse to None, run_after=None
[2025-10-30T07:06:08.688+0000] {processor.py:183} INFO - Processing /opt/airflow/dags/etl_clickhouse.py took 1.493 seconds
[2025-10-30T07:06:38.892+0000] {processor.py:161} INFO - Started process (PID=9830) to work on /opt/airflow/dags/etl_clickhouse.py
[2025-10-30T07:06:38.896+0000] {processor.py:830} INFO - Processing file /opt/airflow/dags/etl_clickhouse.py for tasks to queue
[2025-10-30T07:06:38.901+0000] {logging_mixin.py:188} INFO - [2025-10-30T07:06:38.900+0000] {dagbag.py:545} INFO - Filling up the DagBag from /opt/airflow/dags/etl_clickhouse.py
[2025-10-30T07:06:39.765+0000] {processor.py:840} INFO - DAG(s) 'move_data_to_clickhouse' retrieved from /opt/airflow/dags/etl_clickhouse.py
[2025-10-30T07:06:39.831+0000] {logging_mixin.py:188} INFO - [2025-10-30T07:06:39.830+0000] {dag.py:3096} INFO - Sync 1 DAGs
[2025-10-30T07:06:39.858+0000] {logging_mixin.py:188} INFO - [2025-10-30T07:06:39.858+0000] {dag.py:3954} INFO - Setting next_dagrun for move_data_to_clickhouse to None, run_after=None
[2025-10-30T07:06:40.143+0000] {processor.py:183} INFO - Processing /opt/airflow/dags/etl_clickhouse.py took 1.271 seconds
[2025-10-30T07:07:10.828+0000] {processor.py:161} INFO - Started process (PID=9842) to work on /opt/airflow/dags/etl_clickhouse.py
[2025-10-30T07:07:10.831+0000] {processor.py:830} INFO - Processing file /opt/airflow/dags/etl_clickhouse.py for tasks to queue
[2025-10-30T07:07:10.836+0000] {logging_mixin.py:188} INFO - [2025-10-30T07:07:10.835+0000] {dagbag.py:545} INFO - Filling up the DagBag from /opt/airflow/dags/etl_clickhouse.py
[2025-10-30T07:07:11.877+0000] {processor.py:840} INFO - DAG(s) 'move_data_to_clickhouse' retrieved from /opt/airflow/dags/etl_clickhouse.py
[2025-10-30T07:07:11.945+0000] {logging_mixin.py:188} INFO - [2025-10-30T07:07:11.944+0000] {dag.py:3096} INFO - Sync 1 DAGs
[2025-10-30T07:07:12.219+0000] {logging_mixin.py:188} INFO - [2025-10-30T07:07:12.219+0000] {dag.py:3954} INFO - Setting next_dagrun for move_data_to_clickhouse to None, run_after=None
[2025-10-30T07:07:12.257+0000] {processor.py:183} INFO - Processing /opt/airflow/dags/etl_clickhouse.py took 1.446 seconds
[2025-10-30T07:07:42.536+0000] {processor.py:161} INFO - Started process (PID=9854) to work on /opt/airflow/dags/etl_clickhouse.py
[2025-10-30T07:07:42.538+0000] {processor.py:830} INFO - Processing file /opt/airflow/dags/etl_clickhouse.py for tasks to queue
[2025-10-30T07:07:42.543+0000] {logging_mixin.py:188} INFO - [2025-10-30T07:07:42.542+0000] {dagbag.py:545} INFO - Filling up the DagBag from /opt/airflow/dags/etl_clickhouse.py
[2025-10-30T07:07:43.359+0000] {processor.py:840} INFO - DAG(s) 'move_data_to_clickhouse' retrieved from /opt/airflow/dags/etl_clickhouse.py
[2025-10-30T07:07:43.689+0000] {logging_mixin.py:188} INFO - [2025-10-30T07:07:43.688+0000] {dag.py:3096} INFO - Sync 1 DAGs
[2025-10-30T07:07:43.709+0000] {logging_mixin.py:188} INFO - [2025-10-30T07:07:43.709+0000] {dag.py:3954} INFO - Setting next_dagrun for move_data_to_clickhouse to None, run_after=None
[2025-10-30T07:07:43.770+0000] {processor.py:183} INFO - Processing /opt/airflow/dags/etl_clickhouse.py took 1.245 seconds
[2025-10-30T07:08:14.603+0000] {processor.py:161} INFO - Started process (PID=9866) to work on /opt/airflow/dags/etl_clickhouse.py
[2025-10-30T07:08:14.605+0000] {processor.py:830} INFO - Processing file /opt/airflow/dags/etl_clickhouse.py for tasks to queue
[2025-10-30T07:08:14.610+0000] {logging_mixin.py:188} INFO - [2025-10-30T07:08:14.609+0000] {dagbag.py:545} INFO - Filling up the DagBag from /opt/airflow/dags/etl_clickhouse.py
[2025-10-30T07:08:15.857+0000] {processor.py:840} INFO - DAG(s) 'move_data_to_clickhouse' retrieved from /opt/airflow/dags/etl_clickhouse.py
[2025-10-30T07:08:15.908+0000] {logging_mixin.py:188} INFO - [2025-10-30T07:08:15.907+0000] {dag.py:3096} INFO - Sync 1 DAGs
[2025-10-30T07:08:15.929+0000] {logging_mixin.py:188} INFO - [2025-10-30T07:08:15.929+0000] {dag.py:3954} INFO - Setting next_dagrun for move_data_to_clickhouse to None, run_after=None
[2025-10-30T07:08:15.965+0000] {processor.py:183} INFO - Processing /opt/airflow/dags/etl_clickhouse.py took 1.382 seconds
[2025-10-30T07:08:46.371+0000] {processor.py:161} INFO - Started process (PID=9878) to work on /opt/airflow/dags/etl_clickhouse.py
[2025-10-30T07:08:46.373+0000] {processor.py:830} INFO - Processing file /opt/airflow/dags/etl_clickhouse.py for tasks to queue
[2025-10-30T07:08:46.378+0000] {logging_mixin.py:188} INFO - [2025-10-30T07:08:46.377+0000] {dagbag.py:545} INFO - Filling up the DagBag from /opt/airflow/dags/etl_clickhouse.py
[2025-10-30T07:08:47.379+0000] {processor.py:840} INFO - DAG(s) 'move_data_to_clickhouse' retrieved from /opt/airflow/dags/etl_clickhouse.py
[2025-10-30T07:08:47.433+0000] {logging_mixin.py:188} INFO - [2025-10-30T07:08:47.432+0000] {dag.py:3096} INFO - Sync 1 DAGs
[2025-10-30T07:08:47.454+0000] {logging_mixin.py:188} INFO - [2025-10-30T07:08:47.454+0000] {dag.py:3954} INFO - Setting next_dagrun for move_data_to_clickhouse to None, run_after=None
[2025-10-30T07:08:47.514+0000] {processor.py:183} INFO - Processing /opt/airflow/dags/etl_clickhouse.py took 1.157 seconds
[2025-10-30T07:09:18.173+0000] {processor.py:161} INFO - Started process (PID=9890) to work on /opt/airflow/dags/etl_clickhouse.py
[2025-10-30T07:09:18.175+0000] {processor.py:830} INFO - Processing file /opt/airflow/dags/etl_clickhouse.py for tasks to queue
[2025-10-30T07:09:18.180+0000] {logging_mixin.py:188} INFO - [2025-10-30T07:09:18.179+0000] {dagbag.py:545} INFO - Filling up the DagBag from /opt/airflow/dags/etl_clickhouse.py
[2025-10-30T07:09:19.174+0000] {processor.py:840} INFO - DAG(s) 'move_data_to_clickhouse' retrieved from /opt/airflow/dags/etl_clickhouse.py
[2025-10-30T07:09:19.231+0000] {logging_mixin.py:188} INFO - [2025-10-30T07:09:19.231+0000] {dag.py:3096} INFO - Sync 1 DAGs
[2025-10-30T07:09:19.253+0000] {logging_mixin.py:188} INFO - [2025-10-30T07:09:19.253+0000] {dag.py:3954} INFO - Setting next_dagrun for move_data_to_clickhouse to None, run_after=None
[2025-10-30T07:09:19.307+0000] {processor.py:183} INFO - Processing /opt/airflow/dags/etl_clickhouse.py took 1.148 seconds
[2025-10-30T07:09:49.905+0000] {processor.py:161} INFO - Started process (PID=9902) to work on /opt/airflow/dags/etl_clickhouse.py
[2025-10-30T07:09:49.908+0000] {processor.py:830} INFO - Processing file /opt/airflow/dags/etl_clickhouse.py for tasks to queue
[2025-10-30T07:09:49.913+0000] {logging_mixin.py:188} INFO - [2025-10-30T07:09:49.912+0000] {dagbag.py:545} INFO - Filling up the DagBag from /opt/airflow/dags/etl_clickhouse.py
[2025-10-30T07:09:50.612+0000] {processor.py:840} INFO - DAG(s) 'move_data_to_clickhouse' retrieved from /opt/airflow/dags/etl_clickhouse.py
[2025-10-30T07:09:50.901+0000] {logging_mixin.py:188} INFO - [2025-10-30T07:09:50.900+0000] {dag.py:3096} INFO - Sync 1 DAGs
[2025-10-30T07:09:50.925+0000] {logging_mixin.py:188} INFO - [2025-10-30T07:09:50.925+0000] {dag.py:3954} INFO - Setting next_dagrun for move_data_to_clickhouse to None, run_after=None
[2025-10-30T07:09:50.981+0000] {processor.py:183} INFO - Processing /opt/airflow/dags/etl_clickhouse.py took 1.094 seconds
[2025-10-30T07:10:21.646+0000] {processor.py:161} INFO - Started process (PID=9914) to work on /opt/airflow/dags/etl_clickhouse.py
[2025-10-30T07:10:21.647+0000] {processor.py:830} INFO - Processing file /opt/airflow/dags/etl_clickhouse.py for tasks to queue
[2025-10-30T07:10:21.652+0000] {logging_mixin.py:188} INFO - [2025-10-30T07:10:21.651+0000] {dagbag.py:545} INFO - Filling up the DagBag from /opt/airflow/dags/etl_clickhouse.py
[2025-10-30T07:10:22.564+0000] {processor.py:840} INFO - DAG(s) 'move_data_to_clickhouse' retrieved from /opt/airflow/dags/etl_clickhouse.py
[2025-10-30T07:10:22.628+0000] {logging_mixin.py:188} INFO - [2025-10-30T07:10:22.627+0000] {dag.py:3096} INFO - Sync 1 DAGs
[2025-10-30T07:10:22.644+0000] {logging_mixin.py:188} INFO - [2025-10-30T07:10:22.644+0000] {dag.py:3954} INFO - Setting next_dagrun for move_data_to_clickhouse to None, run_after=None
[2025-10-30T07:10:22.679+0000] {processor.py:183} INFO - Processing /opt/airflow/dags/etl_clickhouse.py took 1.045 seconds
[2025-10-30T07:10:53.319+0000] {processor.py:161} INFO - Started process (PID=9926) to work on /opt/airflow/dags/etl_clickhouse.py
[2025-10-30T07:10:53.321+0000] {processor.py:830} INFO - Processing file /opt/airflow/dags/etl_clickhouse.py for tasks to queue
[2025-10-30T07:10:53.325+0000] {logging_mixin.py:188} INFO - [2025-10-30T07:10:53.324+0000] {dagbag.py:545} INFO - Filling up the DagBag from /opt/airflow/dags/etl_clickhouse.py
[2025-10-30T07:10:54.187+0000] {processor.py:840} INFO - DAG(s) 'move_data_to_clickhouse' retrieved from /opt/airflow/dags/etl_clickhouse.py
[2025-10-30T07:10:54.244+0000] {logging_mixin.py:188} INFO - [2025-10-30T07:10:54.243+0000] {dag.py:3096} INFO - Sync 1 DAGs
[2025-10-30T07:10:54.259+0000] {logging_mixin.py:188} INFO - [2025-10-30T07:10:54.259+0000] {dag.py:3954} INFO - Setting next_dagrun for move_data_to_clickhouse to None, run_after=None
[2025-10-30T07:10:54.296+0000] {processor.py:183} INFO - Processing /opt/airflow/dags/etl_clickhouse.py took 0.989 seconds
[2025-10-30T07:11:25.026+0000] {processor.py:161} INFO - Started process (PID=9938) to work on /opt/airflow/dags/etl_clickhouse.py
[2025-10-30T07:11:25.029+0000] {processor.py:830} INFO - Processing file /opt/airflow/dags/etl_clickhouse.py for tasks to queue
[2025-10-30T07:11:25.032+0000] {logging_mixin.py:188} INFO - [2025-10-30T07:11:25.031+0000] {dagbag.py:545} INFO - Filling up the DagBag from /opt/airflow/dags/etl_clickhouse.py
[2025-10-30T07:11:25.967+0000] {processor.py:840} INFO - DAG(s) 'move_data_to_clickhouse' retrieved from /opt/airflow/dags/etl_clickhouse.py
[2025-10-30T07:11:26.018+0000] {logging_mixin.py:188} INFO - [2025-10-30T07:11:26.017+0000] {dag.py:3096} INFO - Sync 1 DAGs
[2025-10-30T07:11:26.041+0000] {logging_mixin.py:188} INFO - [2025-10-30T07:11:26.041+0000] {dag.py:3954} INFO - Setting next_dagrun for move_data_to_clickhouse to None, run_after=None
[2025-10-30T07:11:26.096+0000] {processor.py:183} INFO - Processing /opt/airflow/dags/etl_clickhouse.py took 1.082 seconds
[2025-10-30T07:11:56.767+0000] {processor.py:161} INFO - Started process (PID=9950) to work on /opt/airflow/dags/etl_clickhouse.py
[2025-10-30T07:11:56.770+0000] {processor.py:830} INFO - Processing file /opt/airflow/dags/etl_clickhouse.py for tasks to queue
[2025-10-30T07:11:56.776+0000] {logging_mixin.py:188} INFO - [2025-10-30T07:11:56.775+0000] {dagbag.py:545} INFO - Filling up the DagBag from /opt/airflow/dags/etl_clickhouse.py
[2025-10-30T07:11:57.874+0000] {processor.py:840} INFO - DAG(s) 'move_data_to_clickhouse' retrieved from /opt/airflow/dags/etl_clickhouse.py
[2025-10-30T07:11:57.924+0000] {logging_mixin.py:188} INFO - [2025-10-30T07:11:57.923+0000] {dag.py:3096} INFO - Sync 1 DAGs
[2025-10-30T07:11:57.944+0000] {logging_mixin.py:188} INFO - [2025-10-30T07:11:57.944+0000] {dag.py:3954} INFO - Setting next_dagrun for move_data_to_clickhouse to None, run_after=None
[2025-10-30T07:11:57.984+0000] {processor.py:183} INFO - Processing /opt/airflow/dags/etl_clickhouse.py took 1.230 seconds
[2025-10-30T07:12:28.614+0000] {processor.py:161} INFO - Started process (PID=9962) to work on /opt/airflow/dags/etl_clickhouse.py
[2025-10-30T07:12:28.616+0000] {processor.py:830} INFO - Processing file /opt/airflow/dags/etl_clickhouse.py for tasks to queue
[2025-10-30T07:12:28.622+0000] {logging_mixin.py:188} INFO - [2025-10-30T07:12:28.621+0000] {dagbag.py:545} INFO - Filling up the DagBag from /opt/airflow/dags/etl_clickhouse.py
[2025-10-30T07:12:29.691+0000] {processor.py:840} INFO - DAG(s) 'move_data_to_clickhouse' retrieved from /opt/airflow/dags/etl_clickhouse.py
[2025-10-30T07:12:29.753+0000] {logging_mixin.py:188} INFO - [2025-10-30T07:12:29.752+0000] {dag.py:3096} INFO - Sync 1 DAGs
[2025-10-30T07:12:29.772+0000] {logging_mixin.py:188} INFO - [2025-10-30T07:12:29.772+0000] {dag.py:3954} INFO - Setting next_dagrun for move_data_to_clickhouse to None, run_after=None
[2025-10-30T07:12:29.825+0000] {processor.py:183} INFO - Processing /opt/airflow/dags/etl_clickhouse.py took 1.228 seconds
[2025-10-30T07:13:00.490+0000] {processor.py:161} INFO - Started process (PID=9974) to work on /opt/airflow/dags/etl_clickhouse.py
[2025-10-30T07:13:00.493+0000] {processor.py:830} INFO - Processing file /opt/airflow/dags/etl_clickhouse.py for tasks to queue
[2025-10-30T07:13:00.497+0000] {logging_mixin.py:188} INFO - [2025-10-30T07:13:00.496+0000] {dagbag.py:545} INFO - Filling up the DagBag from /opt/airflow/dags/etl_clickhouse.py
[2025-10-30T07:13:01.530+0000] {processor.py:840} INFO - DAG(s) 'move_data_to_clickhouse' retrieved from /opt/airflow/dags/etl_clickhouse.py
[2025-10-30T07:13:01.625+0000] {logging_mixin.py:188} INFO - [2025-10-30T07:13:01.624+0000] {dag.py:3096} INFO - Sync 1 DAGs
[2025-10-30T07:13:01.647+0000] {logging_mixin.py:188} INFO - [2025-10-30T07:13:01.646+0000] {dag.py:3954} INFO - Setting next_dagrun for move_data_to_clickhouse to None, run_after=None
[2025-10-30T07:13:01.693+0000] {processor.py:183} INFO - Processing /opt/airflow/dags/etl_clickhouse.py took 1.217 seconds
[2025-10-30T07:13:32.146+0000] {processor.py:161} INFO - Started process (PID=9986) to work on /opt/airflow/dags/etl_clickhouse.py
[2025-10-30T07:13:32.148+0000] {processor.py:830} INFO - Processing file /opt/airflow/dags/etl_clickhouse.py for tasks to queue
[2025-10-30T07:13:32.152+0000] {logging_mixin.py:188} INFO - [2025-10-30T07:13:32.151+0000] {dagbag.py:545} INFO - Filling up the DagBag from /opt/airflow/dags/etl_clickhouse.py
[2025-10-30T07:13:33.087+0000] {processor.py:840} INFO - DAG(s) 'move_data_to_clickhouse' retrieved from /opt/airflow/dags/etl_clickhouse.py
[2025-10-30T07:13:33.151+0000] {logging_mixin.py:188} INFO - [2025-10-30T07:13:33.150+0000] {dag.py:3096} INFO - Sync 1 DAGs
[2025-10-30T07:13:33.198+0000] {logging_mixin.py:188} INFO - [2025-10-30T07:13:33.198+0000] {dag.py:3954} INFO - Setting next_dagrun for move_data_to_clickhouse to None, run_after=None
[2025-10-30T07:13:33.256+0000] {processor.py:183} INFO - Processing /opt/airflow/dags/etl_clickhouse.py took 1.126 seconds
[2025-10-30T07:14:03.773+0000] {processor.py:161} INFO - Started process (PID=9998) to work on /opt/airflow/dags/etl_clickhouse.py
[2025-10-30T07:14:03.775+0000] {processor.py:830} INFO - Processing file /opt/airflow/dags/etl_clickhouse.py for tasks to queue
[2025-10-30T07:14:03.781+0000] {logging_mixin.py:188} INFO - [2025-10-30T07:14:03.780+0000] {dagbag.py:545} INFO - Filling up the DagBag from /opt/airflow/dags/etl_clickhouse.py
[2025-10-30T07:14:04.843+0000] {processor.py:840} INFO - DAG(s) 'move_data_to_clickhouse' retrieved from /opt/airflow/dags/etl_clickhouse.py
[2025-10-30T07:14:04.908+0000] {logging_mixin.py:188} INFO - [2025-10-30T07:14:04.907+0000] {dag.py:3096} INFO - Sync 1 DAGs
[2025-10-30T07:14:04.931+0000] {logging_mixin.py:188} INFO - [2025-10-30T07:14:04.931+0000] {dag.py:3954} INFO - Setting next_dagrun for move_data_to_clickhouse to None, run_after=None
[2025-10-30T07:14:04.983+0000] {processor.py:183} INFO - Processing /opt/airflow/dags/etl_clickhouse.py took 1.227 seconds
[2025-10-30T07:14:35.492+0000] {processor.py:161} INFO - Started process (PID=10010) to work on /opt/airflow/dags/etl_clickhouse.py
[2025-10-30T07:14:35.494+0000] {processor.py:830} INFO - Processing file /opt/airflow/dags/etl_clickhouse.py for tasks to queue
[2025-10-30T07:14:35.499+0000] {logging_mixin.py:188} INFO - [2025-10-30T07:14:35.498+0000] {dagbag.py:545} INFO - Filling up the DagBag from /opt/airflow/dags/etl_clickhouse.py
[2025-10-30T07:14:36.460+0000] {processor.py:840} INFO - DAG(s) 'move_data_to_clickhouse' retrieved from /opt/airflow/dags/etl_clickhouse.py
[2025-10-30T07:14:36.551+0000] {logging_mixin.py:188} INFO - [2025-10-30T07:14:36.550+0000] {dag.py:3096} INFO - Sync 1 DAGs
[2025-10-30T07:14:36.569+0000] {logging_mixin.py:188} INFO - [2025-10-30T07:14:36.569+0000] {dag.py:3954} INFO - Setting next_dagrun for move_data_to_clickhouse to None, run_after=None
[2025-10-30T07:14:36.605+0000] {processor.py:183} INFO - Processing /opt/airflow/dags/etl_clickhouse.py took 1.127 seconds
[2025-10-30T07:15:07.222+0000] {processor.py:161} INFO - Started process (PID=10022) to work on /opt/airflow/dags/etl_clickhouse.py
[2025-10-30T07:15:07.224+0000] {processor.py:830} INFO - Processing file /opt/airflow/dags/etl_clickhouse.py for tasks to queue
[2025-10-30T07:15:07.229+0000] {logging_mixin.py:188} INFO - [2025-10-30T07:15:07.227+0000] {dagbag.py:545} INFO - Filling up the DagBag from /opt/airflow/dags/etl_clickhouse.py
[2025-10-30T07:15:08.106+0000] {processor.py:840} INFO - DAG(s) 'move_data_to_clickhouse' retrieved from /opt/airflow/dags/etl_clickhouse.py
[2025-10-30T07:15:08.156+0000] {logging_mixin.py:188} INFO - [2025-10-30T07:15:08.156+0000] {dag.py:3096} INFO - Sync 1 DAGs
[2025-10-30T07:15:08.179+0000] {logging_mixin.py:188} INFO - [2025-10-30T07:15:08.179+0000] {dag.py:3954} INFO - Setting next_dagrun for move_data_to_clickhouse to None, run_after=None
[2025-10-30T07:15:08.229+0000] {processor.py:183} INFO - Processing /opt/airflow/dags/etl_clickhouse.py took 1.030 seconds
[2025-10-30T07:15:38.849+0000] {processor.py:161} INFO - Started process (PID=10034) to work on /opt/airflow/dags/etl_clickhouse.py
[2025-10-30T07:15:38.852+0000] {processor.py:830} INFO - Processing file /opt/airflow/dags/etl_clickhouse.py for tasks to queue
[2025-10-30T07:15:38.857+0000] {logging_mixin.py:188} INFO - [2025-10-30T07:15:38.856+0000] {dagbag.py:545} INFO - Filling up the DagBag from /opt/airflow/dags/etl_clickhouse.py
[2025-10-30T07:15:40.032+0000] {processor.py:840} INFO - DAG(s) 'move_data_to_clickhouse' retrieved from /opt/airflow/dags/etl_clickhouse.py
[2025-10-30T07:15:40.081+0000] {logging_mixin.py:188} INFO - [2025-10-30T07:15:40.081+0000] {dag.py:3096} INFO - Sync 1 DAGs
[2025-10-30T07:15:40.101+0000] {logging_mixin.py:188} INFO - [2025-10-30T07:15:40.101+0000] {dag.py:3954} INFO - Setting next_dagrun for move_data_to_clickhouse to None, run_after=None
[2025-10-30T07:15:40.152+0000] {processor.py:183} INFO - Processing /opt/airflow/dags/etl_clickhouse.py took 1.319 seconds
[2025-10-30T07:16:10.729+0000] {processor.py:161} INFO - Started process (PID=10046) to work on /opt/airflow/dags/etl_clickhouse.py
[2025-10-30T07:16:10.731+0000] {processor.py:830} INFO - Processing file /opt/airflow/dags/etl_clickhouse.py for tasks to queue
[2025-10-30T07:16:10.736+0000] {logging_mixin.py:188} INFO - [2025-10-30T07:16:10.735+0000] {dagbag.py:545} INFO - Filling up the DagBag from /opt/airflow/dags/etl_clickhouse.py
[2025-10-30T07:16:11.981+0000] {processor.py:840} INFO - DAG(s) 'move_data_to_clickhouse' retrieved from /opt/airflow/dags/etl_clickhouse.py
[2025-10-30T07:16:12.044+0000] {logging_mixin.py:188} INFO - [2025-10-30T07:16:12.043+0000] {dag.py:3096} INFO - Sync 1 DAGs
[2025-10-30T07:16:12.064+0000] {logging_mixin.py:188} INFO - [2025-10-30T07:16:12.063+0000] {dag.py:3954} INFO - Setting next_dagrun for move_data_to_clickhouse to None, run_after=None
[2025-10-30T07:16:12.136+0000] {processor.py:183} INFO - Processing /opt/airflow/dags/etl_clickhouse.py took 1.420 seconds
[2025-10-30T07:16:42.831+0000] {processor.py:161} INFO - Started process (PID=10058) to work on /opt/airflow/dags/etl_clickhouse.py
[2025-10-30T07:16:42.834+0000] {processor.py:830} INFO - Processing file /opt/airflow/dags/etl_clickhouse.py for tasks to queue
[2025-10-30T07:16:42.839+0000] {logging_mixin.py:188} INFO - [2025-10-30T07:16:42.838+0000] {dagbag.py:545} INFO - Filling up the DagBag from /opt/airflow/dags/etl_clickhouse.py
[2025-10-30T07:16:43.863+0000] {processor.py:840} INFO - DAG(s) 'move_data_to_clickhouse' retrieved from /opt/airflow/dags/etl_clickhouse.py
[2025-10-30T07:16:43.914+0000] {logging_mixin.py:188} INFO - [2025-10-30T07:16:43.913+0000] {dag.py:3096} INFO - Sync 1 DAGs
[2025-10-30T07:16:43.930+0000] {logging_mixin.py:188} INFO - [2025-10-30T07:16:43.930+0000] {dag.py:3954} INFO - Setting next_dagrun for move_data_to_clickhouse to None, run_after=None
[2025-10-30T07:16:43.963+0000] {processor.py:183} INFO - Processing /opt/airflow/dags/etl_clickhouse.py took 1.151 seconds
[2025-10-30T07:17:14.566+0000] {processor.py:161} INFO - Started process (PID=10070) to work on /opt/airflow/dags/etl_clickhouse.py
[2025-10-30T07:17:14.568+0000] {processor.py:830} INFO - Processing file /opt/airflow/dags/etl_clickhouse.py for tasks to queue
[2025-10-30T07:17:14.573+0000] {logging_mixin.py:188} INFO - [2025-10-30T07:17:14.572+0000] {dagbag.py:545} INFO - Filling up the DagBag from /opt/airflow/dags/etl_clickhouse.py
[2025-10-30T07:17:15.565+0000] {processor.py:840} INFO - DAG(s) 'move_data_to_clickhouse' retrieved from /opt/airflow/dags/etl_clickhouse.py
[2025-10-30T07:17:15.633+0000] {logging_mixin.py:188} INFO - [2025-10-30T07:17:15.630+0000] {dag.py:3096} INFO - Sync 1 DAGs
[2025-10-30T07:17:15.663+0000] {logging_mixin.py:188} INFO - [2025-10-30T07:17:15.663+0000] {dag.py:3954} INFO - Setting next_dagrun for move_data_to_clickhouse to None, run_after=None
[2025-10-30T07:17:15.711+0000] {processor.py:183} INFO - Processing /opt/airflow/dags/etl_clickhouse.py took 1.157 seconds
[2025-10-30T07:17:46.299+0000] {processor.py:161} INFO - Started process (PID=10082) to work on /opt/airflow/dags/etl_clickhouse.py
[2025-10-30T07:17:46.302+0000] {processor.py:830} INFO - Processing file /opt/airflow/dags/etl_clickhouse.py for tasks to queue
[2025-10-30T07:17:46.306+0000] {logging_mixin.py:188} INFO - [2025-10-30T07:17:46.306+0000] {dagbag.py:545} INFO - Filling up the DagBag from /opt/airflow/dags/etl_clickhouse.py
[2025-10-30T07:17:47.226+0000] {processor.py:840} INFO - DAG(s) 'move_data_to_clickhouse' retrieved from /opt/airflow/dags/etl_clickhouse.py
[2025-10-30T07:17:47.285+0000] {logging_mixin.py:188} INFO - [2025-10-30T07:17:47.284+0000] {dag.py:3096} INFO - Sync 1 DAGs
[2025-10-30T07:17:47.310+0000] {logging_mixin.py:188} INFO - [2025-10-30T07:17:47.309+0000] {dag.py:3954} INFO - Setting next_dagrun for move_data_to_clickhouse to None, run_after=None
[2025-10-30T07:17:47.364+0000] {processor.py:183} INFO - Processing /opt/airflow/dags/etl_clickhouse.py took 1.075 seconds
[2025-10-30T07:18:18.081+0000] {processor.py:161} INFO - Started process (PID=10094) to work on /opt/airflow/dags/etl_clickhouse.py
[2025-10-30T07:18:18.083+0000] {processor.py:830} INFO - Processing file /opt/airflow/dags/etl_clickhouse.py for tasks to queue
[2025-10-30T07:18:18.087+0000] {logging_mixin.py:188} INFO - [2025-10-30T07:18:18.087+0000] {dagbag.py:545} INFO - Filling up the DagBag from /opt/airflow/dags/etl_clickhouse.py
[2025-10-30T07:18:19.071+0000] {processor.py:840} INFO - DAG(s) 'move_data_to_clickhouse' retrieved from /opt/airflow/dags/etl_clickhouse.py
[2025-10-30T07:18:19.145+0000] {logging_mixin.py:188} INFO - [2025-10-30T07:18:19.144+0000] {dag.py:3096} INFO - Sync 1 DAGs
[2025-10-30T07:18:19.173+0000] {logging_mixin.py:188} INFO - [2025-10-30T07:18:19.172+0000] {dag.py:3954} INFO - Setting next_dagrun for move_data_to_clickhouse to None, run_after=None
[2025-10-30T07:18:19.235+0000] {processor.py:183} INFO - Processing /opt/airflow/dags/etl_clickhouse.py took 1.166 seconds
[2025-10-30T07:18:49.732+0000] {processor.py:161} INFO - Started process (PID=10106) to work on /opt/airflow/dags/etl_clickhouse.py
[2025-10-30T07:18:49.734+0000] {processor.py:830} INFO - Processing file /opt/airflow/dags/etl_clickhouse.py for tasks to queue
[2025-10-30T07:18:49.739+0000] {logging_mixin.py:188} INFO - [2025-10-30T07:18:49.738+0000] {dagbag.py:545} INFO - Filling up the DagBag from /opt/airflow/dags/etl_clickhouse.py
[2025-10-30T07:18:50.691+0000] {processor.py:840} INFO - DAG(s) 'move_data_to_clickhouse' retrieved from /opt/airflow/dags/etl_clickhouse.py
[2025-10-30T07:18:50.744+0000] {logging_mixin.py:188} INFO - [2025-10-30T07:18:50.743+0000] {dag.py:3096} INFO - Sync 1 DAGs
[2025-10-30T07:18:50.764+0000] {logging_mixin.py:188} INFO - [2025-10-30T07:18:50.763+0000] {dag.py:3954} INFO - Setting next_dagrun for move_data_to_clickhouse to None, run_after=None
[2025-10-30T07:18:50.838+0000] {processor.py:183} INFO - Processing /opt/airflow/dags/etl_clickhouse.py took 1.120 seconds
[2025-10-30T07:19:21.404+0000] {processor.py:161} INFO - Started process (PID=10118) to work on /opt/airflow/dags/etl_clickhouse.py
[2025-10-30T07:19:21.407+0000] {processor.py:830} INFO - Processing file /opt/airflow/dags/etl_clickhouse.py for tasks to queue
[2025-10-30T07:19:21.412+0000] {logging_mixin.py:188} INFO - [2025-10-30T07:19:21.412+0000] {dagbag.py:545} INFO - Filling up the DagBag from /opt/airflow/dags/etl_clickhouse.py
[2025-10-30T07:19:22.602+0000] {processor.py:840} INFO - DAG(s) 'move_data_to_clickhouse' retrieved from /opt/airflow/dags/etl_clickhouse.py
[2025-10-30T07:19:22.657+0000] {logging_mixin.py:188} INFO - [2025-10-30T07:19:22.657+0000] {dag.py:3096} INFO - Sync 1 DAGs
[2025-10-30T07:19:22.685+0000] {logging_mixin.py:188} INFO - [2025-10-30T07:19:22.685+0000] {dag.py:3954} INFO - Setting next_dagrun for move_data_to_clickhouse to None, run_after=None
[2025-10-30T07:19:22.725+0000] {processor.py:183} INFO - Processing /opt/airflow/dags/etl_clickhouse.py took 1.335 seconds
[2025-10-30T07:19:53.042+0000] {processor.py:161} INFO - Started process (PID=10130) to work on /opt/airflow/dags/etl_clickhouse.py
[2025-10-30T07:19:53.046+0000] {processor.py:830} INFO - Processing file /opt/airflow/dags/etl_clickhouse.py for tasks to queue
[2025-10-30T07:19:53.053+0000] {logging_mixin.py:188} INFO - [2025-10-30T07:19:53.052+0000] {dagbag.py:545} INFO - Filling up the DagBag from /opt/airflow/dags/etl_clickhouse.py
[2025-10-30T07:19:54.005+0000] {processor.py:840} INFO - DAG(s) 'move_data_to_clickhouse' retrieved from /opt/airflow/dags/etl_clickhouse.py
[2025-10-30T07:19:54.053+0000] {logging_mixin.py:188} INFO - [2025-10-30T07:19:54.052+0000] {dag.py:3096} INFO - Sync 1 DAGs
[2025-10-30T07:19:54.074+0000] {logging_mixin.py:188} INFO - [2025-10-30T07:19:54.074+0000] {dag.py:3954} INFO - Setting next_dagrun for move_data_to_clickhouse to None, run_after=None
[2025-10-30T07:19:54.127+0000] {processor.py:183} INFO - Processing /opt/airflow/dags/etl_clickhouse.py took 1.105 seconds
[2025-10-30T07:20:24.751+0000] {processor.py:161} INFO - Started process (PID=10142) to work on /opt/airflow/dags/etl_clickhouse.py
[2025-10-30T07:20:24.754+0000] {processor.py:830} INFO - Processing file /opt/airflow/dags/etl_clickhouse.py for tasks to queue
[2025-10-30T07:20:24.761+0000] {logging_mixin.py:188} INFO - [2025-10-30T07:20:24.760+0000] {dagbag.py:545} INFO - Filling up the DagBag from /opt/airflow/dags/etl_clickhouse.py
[2025-10-30T07:20:25.850+0000] {processor.py:840} INFO - DAG(s) 'move_data_to_clickhouse' retrieved from /opt/airflow/dags/etl_clickhouse.py
[2025-10-30T07:20:25.918+0000] {logging_mixin.py:188} INFO - [2025-10-30T07:20:25.917+0000] {dag.py:3096} INFO - Sync 1 DAGs
[2025-10-30T07:20:25.937+0000] {logging_mixin.py:188} INFO - [2025-10-30T07:20:25.936+0000] {dag.py:3954} INFO - Setting next_dagrun for move_data_to_clickhouse to None, run_after=None
[2025-10-30T07:20:25.989+0000] {processor.py:183} INFO - Processing /opt/airflow/dags/etl_clickhouse.py took 1.257 seconds
[2025-10-30T07:20:56.354+0000] {processor.py:161} INFO - Started process (PID=10154) to work on /opt/airflow/dags/etl_clickhouse.py
[2025-10-30T07:20:56.357+0000] {processor.py:830} INFO - Processing file /opt/airflow/dags/etl_clickhouse.py for tasks to queue
[2025-10-30T07:20:56.361+0000] {logging_mixin.py:188} INFO - [2025-10-30T07:20:56.360+0000] {dagbag.py:545} INFO - Filling up the DagBag from /opt/airflow/dags/etl_clickhouse.py
[2025-10-30T07:20:57.316+0000] {processor.py:840} INFO - DAG(s) 'move_data_to_clickhouse' retrieved from /opt/airflow/dags/etl_clickhouse.py
[2025-10-30T07:20:57.373+0000] {logging_mixin.py:188} INFO - [2025-10-30T07:20:57.372+0000] {dag.py:3096} INFO - Sync 1 DAGs
[2025-10-30T07:20:57.395+0000] {logging_mixin.py:188} INFO - [2025-10-30T07:20:57.394+0000] {dag.py:3954} INFO - Setting next_dagrun for move_data_to_clickhouse to None, run_after=None
[2025-10-30T07:20:57.434+0000] {processor.py:183} INFO - Processing /opt/airflow/dags/etl_clickhouse.py took 1.092 seconds
[2025-10-30T07:21:28.075+0000] {processor.py:161} INFO - Started process (PID=10166) to work on /opt/airflow/dags/etl_clickhouse.py
[2025-10-30T07:21:28.079+0000] {processor.py:830} INFO - Processing file /opt/airflow/dags/etl_clickhouse.py for tasks to queue
[2025-10-30T07:21:28.084+0000] {logging_mixin.py:188} INFO - [2025-10-30T07:21:28.083+0000] {dagbag.py:545} INFO - Filling up the DagBag from /opt/airflow/dags/etl_clickhouse.py
[2025-10-30T07:21:29.009+0000] {processor.py:840} INFO - DAG(s) 'move_data_to_clickhouse' retrieved from /opt/airflow/dags/etl_clickhouse.py
[2025-10-30T07:21:29.064+0000] {logging_mixin.py:188} INFO - [2025-10-30T07:21:29.063+0000] {dag.py:3096} INFO - Sync 1 DAGs
[2025-10-30T07:21:29.085+0000] {logging_mixin.py:188} INFO - [2025-10-30T07:21:29.085+0000] {dag.py:3954} INFO - Setting next_dagrun for move_data_to_clickhouse to None, run_after=None
[2025-10-30T07:21:29.138+0000] {processor.py:183} INFO - Processing /opt/airflow/dags/etl_clickhouse.py took 1.084 seconds
[2025-10-30T07:21:59.816+0000] {processor.py:161} INFO - Started process (PID=10178) to work on /opt/airflow/dags/etl_clickhouse.py
[2025-10-30T07:21:59.818+0000] {processor.py:830} INFO - Processing file /opt/airflow/dags/etl_clickhouse.py for tasks to queue
[2025-10-30T07:21:59.823+0000] {logging_mixin.py:188} INFO - [2025-10-30T07:21:59.822+0000] {dagbag.py:545} INFO - Filling up the DagBag from /opt/airflow/dags/etl_clickhouse.py
[2025-10-30T07:22:00.719+0000] {processor.py:840} INFO - DAG(s) 'move_data_to_clickhouse' retrieved from /opt/airflow/dags/etl_clickhouse.py
[2025-10-30T07:22:00.772+0000] {logging_mixin.py:188} INFO - [2025-10-30T07:22:00.771+0000] {dag.py:3096} INFO - Sync 1 DAGs
[2025-10-30T07:22:00.802+0000] {logging_mixin.py:188} INFO - [2025-10-30T07:22:00.801+0000] {dag.py:3954} INFO - Setting next_dagrun for move_data_to_clickhouse to None, run_after=None
[2025-10-30T07:22:00.849+0000] {processor.py:183} INFO - Processing /opt/airflow/dags/etl_clickhouse.py took 1.047 seconds
[2025-10-30T07:22:31.439+0000] {processor.py:161} INFO - Started process (PID=10190) to work on /opt/airflow/dags/etl_clickhouse.py
[2025-10-30T07:22:31.442+0000] {processor.py:830} INFO - Processing file /opt/airflow/dags/etl_clickhouse.py for tasks to queue
[2025-10-30T07:22:31.446+0000] {logging_mixin.py:188} INFO - [2025-10-30T07:22:31.445+0000] {dagbag.py:545} INFO - Filling up the DagBag from /opt/airflow/dags/etl_clickhouse.py
[2025-10-30T07:22:32.427+0000] {processor.py:840} INFO - DAG(s) 'move_data_to_clickhouse' retrieved from /opt/airflow/dags/etl_clickhouse.py
[2025-10-30T07:22:32.475+0000] {logging_mixin.py:188} INFO - [2025-10-30T07:22:32.475+0000] {dag.py:3096} INFO - Sync 1 DAGs
[2025-10-30T07:22:32.497+0000] {logging_mixin.py:188} INFO - [2025-10-30T07:22:32.496+0000] {dag.py:3954} INFO - Setting next_dagrun for move_data_to_clickhouse to None, run_after=None
[2025-10-30T07:22:32.545+0000] {processor.py:183} INFO - Processing /opt/airflow/dags/etl_clickhouse.py took 1.117 seconds
[2025-10-30T07:23:03.191+0000] {processor.py:161} INFO - Started process (PID=10202) to work on /opt/airflow/dags/etl_clickhouse.py
[2025-10-30T07:23:03.194+0000] {processor.py:830} INFO - Processing file /opt/airflow/dags/etl_clickhouse.py for tasks to queue
[2025-10-30T07:23:03.199+0000] {logging_mixin.py:188} INFO - [2025-10-30T07:23:03.198+0000] {dagbag.py:545} INFO - Filling up the DagBag from /opt/airflow/dags/etl_clickhouse.py
[2025-10-30T07:23:04.076+0000] {processor.py:840} INFO - DAG(s) 'move_data_to_clickhouse' retrieved from /opt/airflow/dags/etl_clickhouse.py
[2025-10-30T07:23:04.137+0000] {logging_mixin.py:188} INFO - [2025-10-30T07:23:04.136+0000] {dag.py:3096} INFO - Sync 1 DAGs
[2025-10-30T07:23:04.159+0000] {logging_mixin.py:188} INFO - [2025-10-30T07:23:04.159+0000] {dag.py:3954} INFO - Setting next_dagrun for move_data_to_clickhouse to None, run_after=None
[2025-10-30T07:23:04.209+0000] {processor.py:183} INFO - Processing /opt/airflow/dags/etl_clickhouse.py took 1.033 seconds
[2025-10-30T07:23:34.850+0000] {processor.py:161} INFO - Started process (PID=10214) to work on /opt/airflow/dags/etl_clickhouse.py
[2025-10-30T07:23:34.852+0000] {processor.py:830} INFO - Processing file /opt/airflow/dags/etl_clickhouse.py for tasks to queue
[2025-10-30T07:23:34.857+0000] {logging_mixin.py:188} INFO - [2025-10-30T07:23:34.856+0000] {dagbag.py:545} INFO - Filling up the DagBag from /opt/airflow/dags/etl_clickhouse.py
[2025-10-30T07:23:35.952+0000] {processor.py:840} INFO - DAG(s) 'move_data_to_clickhouse' retrieved from /opt/airflow/dags/etl_clickhouse.py
[2025-10-30T07:23:36.005+0000] {logging_mixin.py:188} INFO - [2025-10-30T07:23:36.004+0000] {dag.py:3096} INFO - Sync 1 DAGs
[2025-10-30T07:23:36.021+0000] {logging_mixin.py:188} INFO - [2025-10-30T07:23:36.021+0000] {dag.py:3954} INFO - Setting next_dagrun for move_data_to_clickhouse to None, run_after=None
[2025-10-30T07:23:36.068+0000] {processor.py:183} INFO - Processing /opt/airflow/dags/etl_clickhouse.py took 1.234 seconds
[2025-10-30T07:24:06.731+0000] {processor.py:161} INFO - Started process (PID=10226) to work on /opt/airflow/dags/etl_clickhouse.py
[2025-10-30T07:24:06.733+0000] {processor.py:830} INFO - Processing file /opt/airflow/dags/etl_clickhouse.py for tasks to queue
[2025-10-30T07:24:06.737+0000] {logging_mixin.py:188} INFO - [2025-10-30T07:24:06.737+0000] {dagbag.py:545} INFO - Filling up the DagBag from /opt/airflow/dags/etl_clickhouse.py
[2025-10-30T07:24:07.876+0000] {processor.py:840} INFO - DAG(s) 'move_data_to_clickhouse' retrieved from /opt/airflow/dags/etl_clickhouse.py
[2025-10-30T07:24:07.921+0000] {logging_mixin.py:188} INFO - [2025-10-30T07:24:07.921+0000] {dag.py:3096} INFO - Sync 1 DAGs
[2025-10-30T07:24:07.940+0000] {logging_mixin.py:188} INFO - [2025-10-30T07:24:07.940+0000] {dag.py:3954} INFO - Setting next_dagrun for move_data_to_clickhouse to None, run_after=None
[2025-10-30T07:24:07.977+0000] {processor.py:183} INFO - Processing /opt/airflow/dags/etl_clickhouse.py took 1.258 seconds
[2025-10-30T07:24:38.583+0000] {processor.py:161} INFO - Started process (PID=10238) to work on /opt/airflow/dags/etl_clickhouse.py
[2025-10-30T07:24:38.585+0000] {processor.py:830} INFO - Processing file /opt/airflow/dags/etl_clickhouse.py for tasks to queue
[2025-10-30T07:24:38.590+0000] {logging_mixin.py:188} INFO - [2025-10-30T07:24:38.589+0000] {dagbag.py:545} INFO - Filling up the DagBag from /opt/airflow/dags/etl_clickhouse.py
[2025-10-30T07:24:39.874+0000] {processor.py:840} INFO - DAG(s) 'move_data_to_clickhouse' retrieved from /opt/airflow/dags/etl_clickhouse.py
[2025-10-30T07:24:39.929+0000] {logging_mixin.py:188} INFO - [2025-10-30T07:24:39.929+0000] {dag.py:3096} INFO - Sync 1 DAGs
[2025-10-30T07:24:39.950+0000] {logging_mixin.py:188} INFO - [2025-10-30T07:24:39.950+0000] {dag.py:3954} INFO - Setting next_dagrun for move_data_to_clickhouse to None, run_after=None
[2025-10-30T07:24:39.996+0000] {processor.py:183} INFO - Processing /opt/airflow/dags/etl_clickhouse.py took 1.426 seconds
[2025-10-30T07:25:10.273+0000] {processor.py:161} INFO - Started process (PID=10250) to work on /opt/airflow/dags/etl_clickhouse.py
[2025-10-30T07:25:10.275+0000] {processor.py:830} INFO - Processing file /opt/airflow/dags/etl_clickhouse.py for tasks to queue
[2025-10-30T07:25:10.279+0000] {logging_mixin.py:188} INFO - [2025-10-30T07:25:10.279+0000] {dagbag.py:545} INFO - Filling up the DagBag from /opt/airflow/dags/etl_clickhouse.py
[2025-10-30T07:25:11.398+0000] {processor.py:840} INFO - DAG(s) 'move_data_to_clickhouse' retrieved from /opt/airflow/dags/etl_clickhouse.py
[2025-10-30T07:25:11.450+0000] {logging_mixin.py:188} INFO - [2025-10-30T07:25:11.450+0000] {dag.py:3096} INFO - Sync 1 DAGs
[2025-10-30T07:25:11.467+0000] {logging_mixin.py:188} INFO - [2025-10-30T07:25:11.466+0000] {dag.py:3954} INFO - Setting next_dagrun for move_data_to_clickhouse to None, run_after=None
[2025-10-30T07:25:11.501+0000] {processor.py:183} INFO - Processing /opt/airflow/dags/etl_clickhouse.py took 1.250 seconds
[2025-10-30T07:25:42.168+0000] {processor.py:161} INFO - Started process (PID=10262) to work on /opt/airflow/dags/etl_clickhouse.py
[2025-10-30T07:25:42.171+0000] {processor.py:830} INFO - Processing file /opt/airflow/dags/etl_clickhouse.py for tasks to queue
[2025-10-30T07:25:42.176+0000] {logging_mixin.py:188} INFO - [2025-10-30T07:25:42.175+0000] {dagbag.py:545} INFO - Filling up the DagBag from /opt/airflow/dags/etl_clickhouse.py
[2025-10-30T07:25:43.096+0000] {processor.py:840} INFO - DAG(s) 'move_data_to_clickhouse' retrieved from /opt/airflow/dags/etl_clickhouse.py
[2025-10-30T07:25:43.165+0000] {logging_mixin.py:188} INFO - [2025-10-30T07:25:43.164+0000] {dag.py:3096} INFO - Sync 1 DAGs
[2025-10-30T07:25:43.193+0000] {logging_mixin.py:188} INFO - [2025-10-30T07:25:43.192+0000] {dag.py:3954} INFO - Setting next_dagrun for move_data_to_clickhouse to None, run_after=None
[2025-10-30T07:25:43.255+0000] {processor.py:183} INFO - Processing /opt/airflow/dags/etl_clickhouse.py took 1.116 seconds
[2025-10-30T07:26:13.737+0000] {processor.py:161} INFO - Started process (PID=10274) to work on /opt/airflow/dags/etl_clickhouse.py
[2025-10-30T07:26:13.740+0000] {processor.py:830} INFO - Processing file /opt/airflow/dags/etl_clickhouse.py for tasks to queue
[2025-10-30T07:26:13.745+0000] {logging_mixin.py:188} INFO - [2025-10-30T07:26:13.744+0000] {dagbag.py:545} INFO - Filling up the DagBag from /opt/airflow/dags/etl_clickhouse.py
[2025-10-30T07:26:14.666+0000] {processor.py:840} INFO - DAG(s) 'move_data_to_clickhouse' retrieved from /opt/airflow/dags/etl_clickhouse.py
[2025-10-30T07:26:14.715+0000] {logging_mixin.py:188} INFO - [2025-10-30T07:26:14.715+0000] {dag.py:3096} INFO - Sync 1 DAGs
[2025-10-30T07:26:14.734+0000] {logging_mixin.py:188} INFO - [2025-10-30T07:26:14.733+0000] {dag.py:3954} INFO - Setting next_dagrun for move_data_to_clickhouse to None, run_after=None
[2025-10-30T07:26:14.766+0000] {processor.py:183} INFO - Processing /opt/airflow/dags/etl_clickhouse.py took 1.049 seconds
[2025-10-30T07:26:45.483+0000] {processor.py:161} INFO - Started process (PID=10286) to work on /opt/airflow/dags/etl_clickhouse.py
[2025-10-30T07:26:45.485+0000] {processor.py:830} INFO - Processing file /opt/airflow/dags/etl_clickhouse.py for tasks to queue
[2025-10-30T07:26:45.490+0000] {logging_mixin.py:188} INFO - [2025-10-30T07:26:45.489+0000] {dagbag.py:545} INFO - Filling up the DagBag from /opt/airflow/dags/etl_clickhouse.py
[2025-10-30T07:26:46.458+0000] {processor.py:840} INFO - DAG(s) 'move_data_to_clickhouse' retrieved from /opt/airflow/dags/etl_clickhouse.py
[2025-10-30T07:26:46.521+0000] {logging_mixin.py:188} INFO - [2025-10-30T07:26:46.520+0000] {dag.py:3096} INFO - Sync 1 DAGs
[2025-10-30T07:26:46.540+0000] {logging_mixin.py:188} INFO - [2025-10-30T07:26:46.539+0000] {dag.py:3954} INFO - Setting next_dagrun for move_data_to_clickhouse to None, run_after=None
[2025-10-30T07:26:46.587+0000] {processor.py:183} INFO - Processing /opt/airflow/dags/etl_clickhouse.py took 1.117 seconds
[2025-10-30T07:27:17.246+0000] {processor.py:161} INFO - Started process (PID=10298) to work on /opt/airflow/dags/etl_clickhouse.py
[2025-10-30T07:27:17.249+0000] {processor.py:830} INFO - Processing file /opt/airflow/dags/etl_clickhouse.py for tasks to queue
[2025-10-30T07:27:17.254+0000] {logging_mixin.py:188} INFO - [2025-10-30T07:27:17.253+0000] {dagbag.py:545} INFO - Filling up the DagBag from /opt/airflow/dags/etl_clickhouse.py
[2025-10-30T07:27:18.334+0000] {processor.py:840} INFO - DAG(s) 'move_data_to_clickhouse' retrieved from /opt/airflow/dags/etl_clickhouse.py
[2025-10-30T07:27:18.401+0000] {logging_mixin.py:188} INFO - [2025-10-30T07:27:18.400+0000] {dag.py:3096} INFO - Sync 1 DAGs
[2025-10-30T07:27:18.430+0000] {logging_mixin.py:188} INFO - [2025-10-30T07:27:18.430+0000] {dag.py:3954} INFO - Setting next_dagrun for move_data_to_clickhouse to None, run_after=None
[2025-10-30T07:27:18.486+0000] {processor.py:183} INFO - Processing /opt/airflow/dags/etl_clickhouse.py took 1.255 seconds
[2025-10-30T07:27:49.176+0000] {processor.py:161} INFO - Started process (PID=10310) to work on /opt/airflow/dags/etl_clickhouse.py
[2025-10-30T07:27:49.179+0000] {processor.py:830} INFO - Processing file /opt/airflow/dags/etl_clickhouse.py for tasks to queue
[2025-10-30T07:27:49.183+0000] {logging_mixin.py:188} INFO - [2025-10-30T07:27:49.182+0000] {dagbag.py:545} INFO - Filling up the DagBag from /opt/airflow/dags/etl_clickhouse.py
[2025-10-30T07:27:50.476+0000] {processor.py:840} INFO - DAG(s) 'move_data_to_clickhouse' retrieved from /opt/airflow/dags/etl_clickhouse.py
[2025-10-30T07:27:50.531+0000] {logging_mixin.py:188} INFO - [2025-10-30T07:27:50.531+0000] {dag.py:3096} INFO - Sync 1 DAGs
[2025-10-30T07:27:50.554+0000] {logging_mixin.py:188} INFO - [2025-10-30T07:27:50.554+0000] {dag.py:3954} INFO - Setting next_dagrun for move_data_to_clickhouse to None, run_after=None
[2025-10-30T07:27:50.593+0000] {processor.py:183} INFO - Processing /opt/airflow/dags/etl_clickhouse.py took 1.431 seconds
[2025-10-30T07:28:21.025+0000] {processor.py:161} INFO - Started process (PID=10322) to work on /opt/airflow/dags/etl_clickhouse.py
[2025-10-30T07:28:21.027+0000] {processor.py:830} INFO - Processing file /opt/airflow/dags/etl_clickhouse.py for tasks to queue
[2025-10-30T07:28:21.031+0000] {logging_mixin.py:188} INFO - [2025-10-30T07:28:21.030+0000] {dagbag.py:545} INFO - Filling up the DagBag from /opt/airflow/dags/etl_clickhouse.py
[2025-10-30T07:28:21.962+0000] {processor.py:840} INFO - DAG(s) 'move_data_to_clickhouse' retrieved from /opt/airflow/dags/etl_clickhouse.py
[2025-10-30T07:28:22.013+0000] {logging_mixin.py:188} INFO - [2025-10-30T07:28:22.012+0000] {dag.py:3096} INFO - Sync 1 DAGs
[2025-10-30T07:28:22.034+0000] {logging_mixin.py:188} INFO - [2025-10-30T07:28:22.034+0000] {dag.py:3954} INFO - Setting next_dagrun for move_data_to_clickhouse to None, run_after=None
[2025-10-30T07:28:22.089+0000] {processor.py:183} INFO - Processing /opt/airflow/dags/etl_clickhouse.py took 1.078 seconds
[2025-10-30T07:28:52.726+0000] {processor.py:161} INFO - Started process (PID=10334) to work on /opt/airflow/dags/etl_clickhouse.py
[2025-10-30T07:28:52.728+0000] {processor.py:830} INFO - Processing file /opt/airflow/dags/etl_clickhouse.py for tasks to queue
[2025-10-30T07:28:52.732+0000] {logging_mixin.py:188} INFO - [2025-10-30T07:28:52.732+0000] {dagbag.py:545} INFO - Filling up the DagBag from /opt/airflow/dags/etl_clickhouse.py
[2025-10-30T07:28:53.869+0000] {processor.py:840} INFO - DAG(s) 'move_data_to_clickhouse' retrieved from /opt/airflow/dags/etl_clickhouse.py
[2025-10-30T07:28:53.922+0000] {logging_mixin.py:188} INFO - [2025-10-30T07:28:53.922+0000] {dag.py:3096} INFO - Sync 1 DAGs
[2025-10-30T07:28:53.944+0000] {logging_mixin.py:188} INFO - [2025-10-30T07:28:53.944+0000] {dag.py:3954} INFO - Setting next_dagrun for move_data_to_clickhouse to None, run_after=None
[2025-10-30T07:28:53.985+0000] {processor.py:183} INFO - Processing /opt/airflow/dags/etl_clickhouse.py took 1.274 seconds
[2025-10-30T07:29:24.371+0000] {processor.py:161} INFO - Started process (PID=10346) to work on /opt/airflow/dags/etl_clickhouse.py
[2025-10-30T07:29:24.373+0000] {processor.py:830} INFO - Processing file /opt/airflow/dags/etl_clickhouse.py for tasks to queue
[2025-10-30T07:29:24.377+0000] {logging_mixin.py:188} INFO - [2025-10-30T07:29:24.376+0000] {dagbag.py:545} INFO - Filling up the DagBag from /opt/airflow/dags/etl_clickhouse.py
[2025-10-30T07:29:25.357+0000] {processor.py:840} INFO - DAG(s) 'move_data_to_clickhouse' retrieved from /opt/airflow/dags/etl_clickhouse.py
[2025-10-30T07:29:25.420+0000] {logging_mixin.py:188} INFO - [2025-10-30T07:29:25.419+0000] {dag.py:3096} INFO - Sync 1 DAGs
[2025-10-30T07:29:25.441+0000] {logging_mixin.py:188} INFO - [2025-10-30T07:29:25.440+0000] {dag.py:3954} INFO - Setting next_dagrun for move_data_to_clickhouse to None, run_after=None
[2025-10-30T07:29:25.474+0000] {processor.py:183} INFO - Processing /opt/airflow/dags/etl_clickhouse.py took 1.116 seconds
[2025-10-30T07:29:56.009+0000] {processor.py:161} INFO - Started process (PID=10358) to work on /opt/airflow/dags/etl_clickhouse.py
[2025-10-30T07:29:56.011+0000] {processor.py:830} INFO - Processing file /opt/airflow/dags/etl_clickhouse.py for tasks to queue
[2025-10-30T07:29:56.016+0000] {logging_mixin.py:188} INFO - [2025-10-30T07:29:56.015+0000] {dagbag.py:545} INFO - Filling up the DagBag from /opt/airflow/dags/etl_clickhouse.py
[2025-10-30T07:29:57.215+0000] {processor.py:840} INFO - DAG(s) 'move_data_to_clickhouse' retrieved from /opt/airflow/dags/etl_clickhouse.py
[2025-10-30T07:29:57.272+0000] {logging_mixin.py:188} INFO - [2025-10-30T07:29:57.272+0000] {dag.py:3096} INFO - Sync 1 DAGs
[2025-10-30T07:29:57.296+0000] {logging_mixin.py:188} INFO - [2025-10-30T07:29:57.296+0000] {dag.py:3954} INFO - Setting next_dagrun for move_data_to_clickhouse to None, run_after=None
[2025-10-30T07:29:57.348+0000] {processor.py:183} INFO - Processing /opt/airflow/dags/etl_clickhouse.py took 1.356 seconds
[2025-10-30T07:30:27.695+0000] {processor.py:161} INFO - Started process (PID=10370) to work on /opt/airflow/dags/etl_clickhouse.py
[2025-10-30T07:30:27.699+0000] {processor.py:830} INFO - Processing file /opt/airflow/dags/etl_clickhouse.py for tasks to queue
[2025-10-30T07:30:27.705+0000] {logging_mixin.py:188} INFO - [2025-10-30T07:30:27.704+0000] {dagbag.py:545} INFO - Filling up the DagBag from /opt/airflow/dags/etl_clickhouse.py
[2025-10-30T07:30:28.641+0000] {processor.py:840} INFO - DAG(s) 'move_data_to_clickhouse' retrieved from /opt/airflow/dags/etl_clickhouse.py
[2025-10-30T07:30:28.693+0000] {logging_mixin.py:188} INFO - [2025-10-30T07:30:28.692+0000] {dag.py:3096} INFO - Sync 1 DAGs
[2025-10-30T07:30:28.720+0000] {logging_mixin.py:188} INFO - [2025-10-30T07:30:28.719+0000] {dag.py:3954} INFO - Setting next_dagrun for move_data_to_clickhouse to None, run_after=None
[2025-10-30T07:30:28.766+0000] {processor.py:183} INFO - Processing /opt/airflow/dags/etl_clickhouse.py took 1.090 seconds
[2025-10-30T07:30:59.488+0000] {processor.py:161} INFO - Started process (PID=10382) to work on /opt/airflow/dags/etl_clickhouse.py
[2025-10-30T07:30:59.491+0000] {processor.py:830} INFO - Processing file /opt/airflow/dags/etl_clickhouse.py for tasks to queue
[2025-10-30T07:30:59.495+0000] {logging_mixin.py:188} INFO - [2025-10-30T07:30:59.494+0000] {dagbag.py:545} INFO - Filling up the DagBag from /opt/airflow/dags/etl_clickhouse.py
[2025-10-30T07:31:00.638+0000] {processor.py:840} INFO - DAG(s) 'move_data_to_clickhouse' retrieved from /opt/airflow/dags/etl_clickhouse.py
[2025-10-30T07:31:00.698+0000] {logging_mixin.py:188} INFO - [2025-10-30T07:31:00.697+0000] {dag.py:3096} INFO - Sync 1 DAGs
[2025-10-30T07:31:00.733+0000] {logging_mixin.py:188} INFO - [2025-10-30T07:31:00.732+0000] {dag.py:3954} INFO - Setting next_dagrun for move_data_to_clickhouse to None, run_after=None
[2025-10-30T07:31:00.799+0000] {processor.py:183} INFO - Processing /opt/airflow/dags/etl_clickhouse.py took 1.323 seconds
[2025-10-30T07:31:31.151+0000] {processor.py:161} INFO - Started process (PID=10394) to work on /opt/airflow/dags/etl_clickhouse.py
[2025-10-30T07:31:31.154+0000] {processor.py:830} INFO - Processing file /opt/airflow/dags/etl_clickhouse.py for tasks to queue
[2025-10-30T07:31:31.159+0000] {logging_mixin.py:188} INFO - [2025-10-30T07:31:31.158+0000] {dagbag.py:545} INFO - Filling up the DagBag from /opt/airflow/dags/etl_clickhouse.py
[2025-10-30T07:31:32.089+0000] {processor.py:840} INFO - DAG(s) 'move_data_to_clickhouse' retrieved from /opt/airflow/dags/etl_clickhouse.py
[2025-10-30T07:31:32.135+0000] {logging_mixin.py:188} INFO - [2025-10-30T07:31:32.134+0000] {dag.py:3096} INFO - Sync 1 DAGs
[2025-10-30T07:31:32.150+0000] {logging_mixin.py:188} INFO - [2025-10-30T07:31:32.150+0000] {dag.py:3954} INFO - Setting next_dagrun for move_data_to_clickhouse to None, run_after=None
[2025-10-30T07:31:32.202+0000] {processor.py:183} INFO - Processing /opt/airflow/dags/etl_clickhouse.py took 1.065 seconds
[2025-10-30T07:32:02.885+0000] {processor.py:161} INFO - Started process (PID=10406) to work on /opt/airflow/dags/etl_clickhouse.py
[2025-10-30T07:32:02.888+0000] {processor.py:830} INFO - Processing file /opt/airflow/dags/etl_clickhouse.py for tasks to queue
[2025-10-30T07:32:02.891+0000] {logging_mixin.py:188} INFO - [2025-10-30T07:32:02.891+0000] {dagbag.py:545} INFO - Filling up the DagBag from /opt/airflow/dags/etl_clickhouse.py
[2025-10-30T07:32:03.751+0000] {processor.py:840} INFO - DAG(s) 'move_data_to_clickhouse' retrieved from /opt/airflow/dags/etl_clickhouse.py
[2025-10-30T07:32:03.813+0000] {logging_mixin.py:188} INFO - [2025-10-30T07:32:03.812+0000] {dag.py:3096} INFO - Sync 1 DAGs
[2025-10-30T07:32:03.834+0000] {logging_mixin.py:188} INFO - [2025-10-30T07:32:03.834+0000] {dag.py:3954} INFO - Setting next_dagrun for move_data_to_clickhouse to None, run_after=None
[2025-10-30T07:32:03.890+0000] {processor.py:183} INFO - Processing /opt/airflow/dags/etl_clickhouse.py took 1.024 seconds
[2025-10-30T07:32:34.732+0000] {processor.py:161} INFO - Started process (PID=10418) to work on /opt/airflow/dags/etl_clickhouse.py
[2025-10-30T07:32:34.734+0000] {processor.py:830} INFO - Processing file /opt/airflow/dags/etl_clickhouse.py for tasks to queue
[2025-10-30T07:32:34.743+0000] {logging_mixin.py:188} INFO - [2025-10-30T07:32:34.742+0000] {dagbag.py:545} INFO - Filling up the DagBag from /opt/airflow/dags/etl_clickhouse.py
[2025-10-30T07:32:35.634+0000] {processor.py:840} INFO - DAG(s) 'move_data_to_clickhouse' retrieved from /opt/airflow/dags/etl_clickhouse.py
[2025-10-30T07:32:35.683+0000] {logging_mixin.py:188} INFO - [2025-10-30T07:32:35.682+0000] {dag.py:3096} INFO - Sync 1 DAGs
[2025-10-30T07:32:35.706+0000] {logging_mixin.py:188} INFO - [2025-10-30T07:32:35.706+0000] {dag.py:3954} INFO - Setting next_dagrun for move_data_to_clickhouse to None, run_after=None
[2025-10-30T07:32:35.760+0000] {processor.py:183} INFO - Processing /opt/airflow/dags/etl_clickhouse.py took 1.041 seconds
[2025-10-30T07:33:06.668+0000] {processor.py:161} INFO - Started process (PID=10430) to work on /opt/airflow/dags/etl_clickhouse.py
[2025-10-30T07:33:06.671+0000] {processor.py:830} INFO - Processing file /opt/airflow/dags/etl_clickhouse.py for tasks to queue
[2025-10-30T07:33:06.677+0000] {logging_mixin.py:188} INFO - [2025-10-30T07:33:06.676+0000] {dagbag.py:545} INFO - Filling up the DagBag from /opt/airflow/dags/etl_clickhouse.py
[2025-10-30T07:33:07.573+0000] {processor.py:840} INFO - DAG(s) 'move_data_to_clickhouse' retrieved from /opt/airflow/dags/etl_clickhouse.py
[2025-10-30T07:33:07.640+0000] {logging_mixin.py:188} INFO - [2025-10-30T07:33:07.639+0000] {dag.py:3096} INFO - Sync 1 DAGs
[2025-10-30T07:33:07.661+0000] {logging_mixin.py:188} INFO - [2025-10-30T07:33:07.661+0000] {dag.py:3954} INFO - Setting next_dagrun for move_data_to_clickhouse to None, run_after=None
[2025-10-30T07:33:07.705+0000] {processor.py:183} INFO - Processing /opt/airflow/dags/etl_clickhouse.py took 1.056 seconds
[2025-10-30T07:33:38.363+0000] {processor.py:161} INFO - Started process (PID=10442) to work on /opt/airflow/dags/etl_clickhouse.py
[2025-10-30T07:33:38.366+0000] {processor.py:830} INFO - Processing file /opt/airflow/dags/etl_clickhouse.py for tasks to queue
[2025-10-30T07:33:38.371+0000] {logging_mixin.py:188} INFO - [2025-10-30T07:33:38.370+0000] {dagbag.py:545} INFO - Filling up the DagBag from /opt/airflow/dags/etl_clickhouse.py
[2025-10-30T07:33:39.418+0000] {processor.py:840} INFO - DAG(s) 'move_data_to_clickhouse' retrieved from /opt/airflow/dags/etl_clickhouse.py
[2025-10-30T07:33:39.485+0000] {logging_mixin.py:188} INFO - [2025-10-30T07:33:39.484+0000] {dag.py:3096} INFO - Sync 1 DAGs
[2025-10-30T07:33:39.512+0000] {logging_mixin.py:188} INFO - [2025-10-30T07:33:39.511+0000] {dag.py:3954} INFO - Setting next_dagrun for move_data_to_clickhouse to None, run_after=None
[2025-10-30T07:33:39.576+0000] {processor.py:183} INFO - Processing /opt/airflow/dags/etl_clickhouse.py took 1.236 seconds
[2025-10-30T07:34:10.003+0000] {processor.py:161} INFO - Started process (PID=10454) to work on /opt/airflow/dags/etl_clickhouse.py
[2025-10-30T07:34:10.008+0000] {processor.py:830} INFO - Processing file /opt/airflow/dags/etl_clickhouse.py for tasks to queue
[2025-10-30T07:34:10.018+0000] {logging_mixin.py:188} INFO - [2025-10-30T07:34:10.017+0000] {dagbag.py:545} INFO - Filling up the DagBag from /opt/airflow/dags/etl_clickhouse.py
[2025-10-30T07:34:10.988+0000] {processor.py:840} INFO - DAG(s) 'move_data_to_clickhouse' retrieved from /opt/airflow/dags/etl_clickhouse.py
[2025-10-30T07:34:11.038+0000] {logging_mixin.py:188} INFO - [2025-10-30T07:34:11.038+0000] {dag.py:3096} INFO - Sync 1 DAGs
[2025-10-30T07:34:11.058+0000] {logging_mixin.py:188} INFO - [2025-10-30T07:34:11.058+0000] {dag.py:3954} INFO - Setting next_dagrun for move_data_to_clickhouse to None, run_after=None
[2025-10-30T07:34:11.112+0000] {processor.py:183} INFO - Processing /opt/airflow/dags/etl_clickhouse.py took 1.137 seconds
[2025-10-30T07:34:41.640+0000] {processor.py:161} INFO - Started process (PID=10466) to work on /opt/airflow/dags/etl_clickhouse.py
[2025-10-30T07:34:41.643+0000] {processor.py:830} INFO - Processing file /opt/airflow/dags/etl_clickhouse.py for tasks to queue
[2025-10-30T07:34:41.648+0000] {logging_mixin.py:188} INFO - [2025-10-30T07:34:41.647+0000] {dagbag.py:545} INFO - Filling up the DagBag from /opt/airflow/dags/etl_clickhouse.py
[2025-10-30T07:34:42.676+0000] {processor.py:840} INFO - DAG(s) 'move_data_to_clickhouse' retrieved from /opt/airflow/dags/etl_clickhouse.py
[2025-10-30T07:34:42.747+0000] {logging_mixin.py:188} INFO - [2025-10-30T07:34:42.746+0000] {dag.py:3096} INFO - Sync 1 DAGs
[2025-10-30T07:34:42.774+0000] {logging_mixin.py:188} INFO - [2025-10-30T07:34:42.774+0000] {dag.py:3954} INFO - Setting next_dagrun for move_data_to_clickhouse to None, run_after=None
[2025-10-30T07:34:42.824+0000] {processor.py:183} INFO - Processing /opt/airflow/dags/etl_clickhouse.py took 1.196 seconds
[2025-10-30T07:35:13.383+0000] {processor.py:161} INFO - Started process (PID=10478) to work on /opt/airflow/dags/etl_clickhouse.py
[2025-10-30T07:35:13.385+0000] {processor.py:830} INFO - Processing file /opt/airflow/dags/etl_clickhouse.py for tasks to queue
[2025-10-30T07:35:13.390+0000] {logging_mixin.py:188} INFO - [2025-10-30T07:35:13.389+0000] {dagbag.py:545} INFO - Filling up the DagBag from /opt/airflow/dags/etl_clickhouse.py
[2025-10-30T07:35:14.368+0000] {processor.py:840} INFO - DAG(s) 'move_data_to_clickhouse' retrieved from /opt/airflow/dags/etl_clickhouse.py
[2025-10-30T07:35:14.426+0000] {logging_mixin.py:188} INFO - [2025-10-30T07:35:14.425+0000] {dag.py:3096} INFO - Sync 1 DAGs
[2025-10-30T07:35:14.441+0000] {logging_mixin.py:188} INFO - [2025-10-30T07:35:14.441+0000] {dag.py:3954} INFO - Setting next_dagrun for move_data_to_clickhouse to None, run_after=None
[2025-10-30T07:35:14.495+0000] {processor.py:183} INFO - Processing /opt/airflow/dags/etl_clickhouse.py took 1.125 seconds
[2025-10-30T07:35:44.954+0000] {processor.py:161} INFO - Started process (PID=10490) to work on /opt/airflow/dags/etl_clickhouse.py
[2025-10-30T07:35:44.956+0000] {processor.py:830} INFO - Processing file /opt/airflow/dags/etl_clickhouse.py for tasks to queue
[2025-10-30T07:35:44.960+0000] {logging_mixin.py:188} INFO - [2025-10-30T07:35:44.959+0000] {dagbag.py:545} INFO - Filling up the DagBag from /opt/airflow/dags/etl_clickhouse.py
[2025-10-30T07:35:45.918+0000] {processor.py:840} INFO - DAG(s) 'move_data_to_clickhouse' retrieved from /opt/airflow/dags/etl_clickhouse.py
[2025-10-30T07:35:45.974+0000] {logging_mixin.py:188} INFO - [2025-10-30T07:35:45.973+0000] {dag.py:3096} INFO - Sync 1 DAGs
[2025-10-30T07:35:45.995+0000] {logging_mixin.py:188} INFO - [2025-10-30T07:35:45.994+0000] {dag.py:3954} INFO - Setting next_dagrun for move_data_to_clickhouse to None, run_after=None
[2025-10-30T07:35:46.041+0000] {processor.py:183} INFO - Processing /opt/airflow/dags/etl_clickhouse.py took 1.102 seconds
[2025-10-30T07:36:16.580+0000] {processor.py:161} INFO - Started process (PID=10502) to work on /opt/airflow/dags/etl_clickhouse.py
[2025-10-30T07:36:16.583+0000] {processor.py:830} INFO - Processing file /opt/airflow/dags/etl_clickhouse.py for tasks to queue
[2025-10-30T07:36:16.588+0000] {logging_mixin.py:188} INFO - [2025-10-30T07:36:16.587+0000] {dagbag.py:545} INFO - Filling up the DagBag from /opt/airflow/dags/etl_clickhouse.py
[2025-10-30T07:36:17.568+0000] {processor.py:840} INFO - DAG(s) 'move_data_to_clickhouse' retrieved from /opt/airflow/dags/etl_clickhouse.py
[2025-10-30T07:36:17.616+0000] {logging_mixin.py:188} INFO - [2025-10-30T07:36:17.616+0000] {dag.py:3096} INFO - Sync 1 DAGs
[2025-10-30T07:36:17.636+0000] {logging_mixin.py:188} INFO - [2025-10-30T07:36:17.636+0000] {dag.py:3954} INFO - Setting next_dagrun for move_data_to_clickhouse to None, run_after=None
[2025-10-30T07:36:17.686+0000] {processor.py:183} INFO - Processing /opt/airflow/dags/etl_clickhouse.py took 1.121 seconds
[2025-10-30T07:36:48.391+0000] {processor.py:161} INFO - Started process (PID=10514) to work on /opt/airflow/dags/etl_clickhouse.py
[2025-10-30T07:36:48.395+0000] {processor.py:830} INFO - Processing file /opt/airflow/dags/etl_clickhouse.py for tasks to queue
[2025-10-30T07:36:48.401+0000] {logging_mixin.py:188} INFO - [2025-10-30T07:36:48.400+0000] {dagbag.py:545} INFO - Filling up the DagBag from /opt/airflow/dags/etl_clickhouse.py
[2025-10-30T07:36:49.547+0000] {processor.py:840} INFO - DAG(s) 'move_data_to_clickhouse' retrieved from /opt/airflow/dags/etl_clickhouse.py
[2025-10-30T07:36:49.624+0000] {logging_mixin.py:188} INFO - [2025-10-30T07:36:49.623+0000] {dag.py:3096} INFO - Sync 1 DAGs
[2025-10-30T07:36:49.663+0000] {logging_mixin.py:188} INFO - [2025-10-30T07:36:49.663+0000] {dag.py:3954} INFO - Setting next_dagrun for move_data_to_clickhouse to None, run_after=None
[2025-10-30T07:36:49.709+0000] {processor.py:183} INFO - Processing /opt/airflow/dags/etl_clickhouse.py took 1.363 seconds
[2025-10-30T07:37:20.211+0000] {processor.py:161} INFO - Started process (PID=10526) to work on /opt/airflow/dags/etl_clickhouse.py
[2025-10-30T07:37:20.214+0000] {processor.py:830} INFO - Processing file /opt/airflow/dags/etl_clickhouse.py for tasks to queue
[2025-10-30T07:37:20.220+0000] {logging_mixin.py:188} INFO - [2025-10-30T07:37:20.219+0000] {dagbag.py:545} INFO - Filling up the DagBag from /opt/airflow/dags/etl_clickhouse.py
[2025-10-30T07:37:21.466+0000] {processor.py:840} INFO - DAG(s) 'move_data_to_clickhouse' retrieved from /opt/airflow/dags/etl_clickhouse.py
[2025-10-30T07:37:21.528+0000] {logging_mixin.py:188} INFO - [2025-10-30T07:37:21.528+0000] {dag.py:3096} INFO - Sync 1 DAGs
[2025-10-30T07:37:21.555+0000] {logging_mixin.py:188} INFO - [2025-10-30T07:37:21.554+0000] {dag.py:3954} INFO - Setting next_dagrun for move_data_to_clickhouse to None, run_after=None
[2025-10-30T07:37:21.586+0000] {processor.py:183} INFO - Processing /opt/airflow/dags/etl_clickhouse.py took 1.405 seconds
[2025-10-30T07:37:52.008+0000] {processor.py:161} INFO - Started process (PID=10538) to work on /opt/airflow/dags/etl_clickhouse.py
[2025-10-30T07:37:52.010+0000] {processor.py:830} INFO - Processing file /opt/airflow/dags/etl_clickhouse.py for tasks to queue
[2025-10-30T07:37:52.015+0000] {logging_mixin.py:188} INFO - [2025-10-30T07:37:52.014+0000] {dagbag.py:545} INFO - Filling up the DagBag from /opt/airflow/dags/etl_clickhouse.py
[2025-10-30T07:37:52.907+0000] {processor.py:840} INFO - DAG(s) 'move_data_to_clickhouse' retrieved from /opt/airflow/dags/etl_clickhouse.py
[2025-10-30T07:37:52.955+0000] {logging_mixin.py:188} INFO - [2025-10-30T07:37:52.954+0000] {dag.py:3096} INFO - Sync 1 DAGs
[2025-10-30T07:37:52.973+0000] {logging_mixin.py:188} INFO - [2025-10-30T07:37:52.973+0000] {dag.py:3954} INFO - Setting next_dagrun for move_data_to_clickhouse to None, run_after=None
[2025-10-30T07:37:53.007+0000] {processor.py:183} INFO - Processing /opt/airflow/dags/etl_clickhouse.py took 1.022 seconds
[2025-10-30T07:38:23.688+0000] {processor.py:161} INFO - Started process (PID=10550) to work on /opt/airflow/dags/etl_clickhouse.py
[2025-10-30T07:38:23.691+0000] {processor.py:830} INFO - Processing file /opt/airflow/dags/etl_clickhouse.py for tasks to queue
[2025-10-30T07:38:23.697+0000] {logging_mixin.py:188} INFO - [2025-10-30T07:38:23.696+0000] {dagbag.py:545} INFO - Filling up the DagBag from /opt/airflow/dags/etl_clickhouse.py
[2025-10-30T07:38:24.664+0000] {processor.py:840} INFO - DAG(s) 'move_data_to_clickhouse' retrieved from /opt/airflow/dags/etl_clickhouse.py
[2025-10-30T07:38:24.716+0000] {logging_mixin.py:188} INFO - [2025-10-30T07:38:24.715+0000] {dag.py:3096} INFO - Sync 1 DAGs
[2025-10-30T07:38:24.735+0000] {logging_mixin.py:188} INFO - [2025-10-30T07:38:24.735+0000] {dag.py:3954} INFO - Setting next_dagrun for move_data_to_clickhouse to None, run_after=None
[2025-10-30T07:38:24.787+0000] {processor.py:183} INFO - Processing /opt/airflow/dags/etl_clickhouse.py took 1.113 seconds
[2025-10-30T07:38:55.366+0000] {processor.py:161} INFO - Started process (PID=10562) to work on /opt/airflow/dags/etl_clickhouse.py
[2025-10-30T07:38:55.368+0000] {processor.py:830} INFO - Processing file /opt/airflow/dags/etl_clickhouse.py for tasks to queue
[2025-10-30T07:38:55.372+0000] {logging_mixin.py:188} INFO - [2025-10-30T07:38:55.371+0000] {dagbag.py:545} INFO - Filling up the DagBag from /opt/airflow/dags/etl_clickhouse.py
[2025-10-30T07:38:56.619+0000] {processor.py:840} INFO - DAG(s) 'move_data_to_clickhouse' retrieved from /opt/airflow/dags/etl_clickhouse.py
[2025-10-30T07:38:56.666+0000] {logging_mixin.py:188} INFO - [2025-10-30T07:38:56.665+0000] {dag.py:3096} INFO - Sync 1 DAGs
[2025-10-30T07:38:56.685+0000] {logging_mixin.py:188} INFO - [2025-10-30T07:38:56.685+0000] {dag.py:3954} INFO - Setting next_dagrun for move_data_to_clickhouse to None, run_after=None
[2025-10-30T07:38:56.734+0000] {processor.py:183} INFO - Processing /opt/airflow/dags/etl_clickhouse.py took 1.382 seconds
[2025-10-30T07:39:27.122+0000] {processor.py:161} INFO - Started process (PID=10574) to work on /opt/airflow/dags/etl_clickhouse.py
[2025-10-30T07:39:27.125+0000] {processor.py:830} INFO - Processing file /opt/airflow/dags/etl_clickhouse.py for tasks to queue
[2025-10-30T07:39:27.129+0000] {logging_mixin.py:188} INFO - [2025-10-30T07:39:27.128+0000] {dagbag.py:545} INFO - Filling up the DagBag from /opt/airflow/dags/etl_clickhouse.py
[2025-10-30T07:39:28.106+0000] {processor.py:840} INFO - DAG(s) 'move_data_to_clickhouse' retrieved from /opt/airflow/dags/etl_clickhouse.py
[2025-10-30T07:39:28.154+0000] {logging_mixin.py:188} INFO - [2025-10-30T07:39:28.153+0000] {dag.py:3096} INFO - Sync 1 DAGs
[2025-10-30T07:39:28.175+0000] {logging_mixin.py:188} INFO - [2025-10-30T07:39:28.175+0000] {dag.py:3954} INFO - Setting next_dagrun for move_data_to_clickhouse to None, run_after=None
[2025-10-30T07:39:28.219+0000] {processor.py:183} INFO - Processing /opt/airflow/dags/etl_clickhouse.py took 1.110 seconds
[2025-10-30T07:39:58.987+0000] {processor.py:161} INFO - Started process (PID=10586) to work on /opt/airflow/dags/etl_clickhouse.py
[2025-10-30T07:39:58.989+0000] {processor.py:830} INFO - Processing file /opt/airflow/dags/etl_clickhouse.py for tasks to queue
[2025-10-30T07:39:58.993+0000] {logging_mixin.py:188} INFO - [2025-10-30T07:39:58.993+0000] {dagbag.py:545} INFO - Filling up the DagBag from /opt/airflow/dags/etl_clickhouse.py
[2025-10-30T07:39:59.944+0000] {processor.py:840} INFO - DAG(s) 'move_data_to_clickhouse' retrieved from /opt/airflow/dags/etl_clickhouse.py
[2025-10-30T07:40:00.037+0000] {logging_mixin.py:188} INFO - [2025-10-30T07:40:00.036+0000] {dag.py:3096} INFO - Sync 1 DAGs
[2025-10-30T07:40:00.062+0000] {logging_mixin.py:188} INFO - [2025-10-30T07:40:00.062+0000] {dag.py:3954} INFO - Setting next_dagrun for move_data_to_clickhouse to None, run_after=None
[2025-10-30T07:40:00.097+0000] {processor.py:183} INFO - Processing /opt/airflow/dags/etl_clickhouse.py took 1.122 seconds
[2025-10-30T07:40:30.727+0000] {processor.py:161} INFO - Started process (PID=10598) to work on /opt/airflow/dags/etl_clickhouse.py
[2025-10-30T07:40:30.729+0000] {processor.py:830} INFO - Processing file /opt/airflow/dags/etl_clickhouse.py for tasks to queue
[2025-10-30T07:40:30.733+0000] {logging_mixin.py:188} INFO - [2025-10-30T07:40:30.733+0000] {dagbag.py:545} INFO - Filling up the DagBag from /opt/airflow/dags/etl_clickhouse.py
[2025-10-30T07:40:31.736+0000] {processor.py:840} INFO - DAG(s) 'move_data_to_clickhouse' retrieved from /opt/airflow/dags/etl_clickhouse.py
[2025-10-30T07:40:31.784+0000] {logging_mixin.py:188} INFO - [2025-10-30T07:40:31.783+0000] {dag.py:3096} INFO - Sync 1 DAGs
[2025-10-30T07:40:31.806+0000] {logging_mixin.py:188} INFO - [2025-10-30T07:40:31.805+0000] {dag.py:3954} INFO - Setting next_dagrun for move_data_to_clickhouse to None, run_after=None
[2025-10-30T07:40:31.877+0000] {processor.py:183} INFO - Processing /opt/airflow/dags/etl_clickhouse.py took 1.171 seconds
[2025-10-30T07:41:02.397+0000] {processor.py:161} INFO - Started process (PID=10610) to work on /opt/airflow/dags/etl_clickhouse.py
[2025-10-30T07:41:02.400+0000] {processor.py:830} INFO - Processing file /opt/airflow/dags/etl_clickhouse.py for tasks to queue
[2025-10-30T07:41:02.404+0000] {logging_mixin.py:188} INFO - [2025-10-30T07:41:02.403+0000] {dagbag.py:545} INFO - Filling up the DagBag from /opt/airflow/dags/etl_clickhouse.py
[2025-10-30T07:41:03.334+0000] {processor.py:840} INFO - DAG(s) 'move_data_to_clickhouse' retrieved from /opt/airflow/dags/etl_clickhouse.py
[2025-10-30T07:41:03.381+0000] {logging_mixin.py:188} INFO - [2025-10-30T07:41:03.380+0000] {dag.py:3096} INFO - Sync 1 DAGs
[2025-10-30T07:41:03.400+0000] {logging_mixin.py:188} INFO - [2025-10-30T07:41:03.400+0000] {dag.py:3954} INFO - Setting next_dagrun for move_data_to_clickhouse to None, run_after=None
[2025-10-30T07:41:03.455+0000] {processor.py:183} INFO - Processing /opt/airflow/dags/etl_clickhouse.py took 1.073 seconds
[2025-10-30T07:41:34.013+0000] {processor.py:161} INFO - Started process (PID=10622) to work on /opt/airflow/dags/etl_clickhouse.py
[2025-10-30T07:41:34.016+0000] {processor.py:830} INFO - Processing file /opt/airflow/dags/etl_clickhouse.py for tasks to queue
[2025-10-30T07:41:34.022+0000] {logging_mixin.py:188} INFO - [2025-10-30T07:41:34.021+0000] {dagbag.py:545} INFO - Filling up the DagBag from /opt/airflow/dags/etl_clickhouse.py
[2025-10-30T07:41:34.913+0000] {processor.py:840} INFO - DAG(s) 'move_data_to_clickhouse' retrieved from /opt/airflow/dags/etl_clickhouse.py
[2025-10-30T07:41:34.959+0000] {logging_mixin.py:188} INFO - [2025-10-30T07:41:34.959+0000] {dag.py:3096} INFO - Sync 1 DAGs
[2025-10-30T07:41:34.979+0000] {logging_mixin.py:188} INFO - [2025-10-30T07:41:34.979+0000] {dag.py:3954} INFO - Setting next_dagrun for move_data_to_clickhouse to None, run_after=None
[2025-10-30T07:41:35.017+0000] {processor.py:183} INFO - Processing /opt/airflow/dags/etl_clickhouse.py took 1.019 seconds
[2025-10-30T07:42:05.733+0000] {processor.py:161} INFO - Started process (PID=10634) to work on /opt/airflow/dags/etl_clickhouse.py
[2025-10-30T07:42:05.735+0000] {processor.py:830} INFO - Processing file /opt/airflow/dags/etl_clickhouse.py for tasks to queue
[2025-10-30T07:42:05.741+0000] {logging_mixin.py:188} INFO - [2025-10-30T07:42:05.740+0000] {dagbag.py:545} INFO - Filling up the DagBag from /opt/airflow/dags/etl_clickhouse.py
[2025-10-30T07:42:06.681+0000] {processor.py:840} INFO - DAG(s) 'move_data_to_clickhouse' retrieved from /opt/airflow/dags/etl_clickhouse.py
[2025-10-30T07:42:06.744+0000] {logging_mixin.py:188} INFO - [2025-10-30T07:42:06.744+0000] {dag.py:3096} INFO - Sync 1 DAGs
[2025-10-30T07:42:06.768+0000] {logging_mixin.py:188} INFO - [2025-10-30T07:42:06.768+0000] {dag.py:3954} INFO - Setting next_dagrun for move_data_to_clickhouse to None, run_after=None
[2025-10-30T07:42:06.808+0000] {processor.py:183} INFO - Processing /opt/airflow/dags/etl_clickhouse.py took 1.092 seconds
[2025-10-30T07:42:37.475+0000] {processor.py:161} INFO - Started process (PID=10646) to work on /opt/airflow/dags/etl_clickhouse.py
[2025-10-30T07:42:37.478+0000] {processor.py:830} INFO - Processing file /opt/airflow/dags/etl_clickhouse.py for tasks to queue
[2025-10-30T07:42:37.483+0000] {logging_mixin.py:188} INFO - [2025-10-30T07:42:37.482+0000] {dagbag.py:545} INFO - Filling up the DagBag from /opt/airflow/dags/etl_clickhouse.py
[2025-10-30T07:42:38.598+0000] {processor.py:840} INFO - DAG(s) 'move_data_to_clickhouse' retrieved from /opt/airflow/dags/etl_clickhouse.py
[2025-10-30T07:42:38.649+0000] {logging_mixin.py:188} INFO - [2025-10-30T07:42:38.648+0000] {dag.py:3096} INFO - Sync 1 DAGs
[2025-10-30T07:42:38.668+0000] {logging_mixin.py:188} INFO - [2025-10-30T07:42:38.667+0000] {dag.py:3954} INFO - Setting next_dagrun for move_data_to_clickhouse to None, run_after=None
[2025-10-30T07:42:38.704+0000] {processor.py:183} INFO - Processing /opt/airflow/dags/etl_clickhouse.py took 1.244 seconds
[2025-10-30T07:43:09.084+0000] {processor.py:161} INFO - Started process (PID=10658) to work on /opt/airflow/dags/etl_clickhouse.py
[2025-10-30T07:43:09.087+0000] {processor.py:830} INFO - Processing file /opt/airflow/dags/etl_clickhouse.py for tasks to queue
[2025-10-30T07:43:09.091+0000] {logging_mixin.py:188} INFO - [2025-10-30T07:43:09.090+0000] {dagbag.py:545} INFO - Filling up the DagBag from /opt/airflow/dags/etl_clickhouse.py
[2025-10-30T07:43:10.054+0000] {processor.py:840} INFO - DAG(s) 'move_data_to_clickhouse' retrieved from /opt/airflow/dags/etl_clickhouse.py
[2025-10-30T07:43:10.122+0000] {logging_mixin.py:188} INFO - [2025-10-30T07:43:10.122+0000] {dag.py:3096} INFO - Sync 1 DAGs
[2025-10-30T07:43:10.146+0000] {logging_mixin.py:188} INFO - [2025-10-30T07:43:10.146+0000] {dag.py:3954} INFO - Setting next_dagrun for move_data_to_clickhouse to None, run_after=None
[2025-10-30T07:43:10.203+0000] {processor.py:183} INFO - Processing /opt/airflow/dags/etl_clickhouse.py took 1.134 seconds
[2025-10-30T07:43:40.902+0000] {processor.py:161} INFO - Started process (PID=10670) to work on /opt/airflow/dags/etl_clickhouse.py
[2025-10-30T07:43:40.905+0000] {processor.py:830} INFO - Processing file /opt/airflow/dags/etl_clickhouse.py for tasks to queue
[2025-10-30T07:43:40.909+0000] {logging_mixin.py:188} INFO - [2025-10-30T07:43:40.908+0000] {dagbag.py:545} INFO - Filling up the DagBag from /opt/airflow/dags/etl_clickhouse.py
[2025-10-30T07:43:41.905+0000] {processor.py:840} INFO - DAG(s) 'move_data_to_clickhouse' retrieved from /opt/airflow/dags/etl_clickhouse.py
[2025-10-30T07:43:41.951+0000] {logging_mixin.py:188} INFO - [2025-10-30T07:43:41.950+0000] {dag.py:3096} INFO - Sync 1 DAGs
[2025-10-30T07:43:41.970+0000] {logging_mixin.py:188} INFO - [2025-10-30T07:43:41.970+0000] {dag.py:3954} INFO - Setting next_dagrun for move_data_to_clickhouse to None, run_after=None
[2025-10-30T07:43:42.021+0000] {processor.py:183} INFO - Processing /opt/airflow/dags/etl_clickhouse.py took 1.135 seconds
[2025-10-30T07:44:12.679+0000] {processor.py:161} INFO - Started process (PID=10682) to work on /opt/airflow/dags/etl_clickhouse.py
[2025-10-30T07:44:12.682+0000] {processor.py:830} INFO - Processing file /opt/airflow/dags/etl_clickhouse.py for tasks to queue
[2025-10-30T07:44:12.690+0000] {logging_mixin.py:188} INFO - [2025-10-30T07:44:12.688+0000] {dagbag.py:545} INFO - Filling up the DagBag from /opt/airflow/dags/etl_clickhouse.py
[2025-10-30T07:44:13.974+0000] {processor.py:840} INFO - DAG(s) 'move_data_to_clickhouse' retrieved from /opt/airflow/dags/etl_clickhouse.py
[2025-10-30T07:44:14.054+0000] {logging_mixin.py:188} INFO - [2025-10-30T07:44:14.052+0000] {dag.py:3096} INFO - Sync 1 DAGs
[2025-10-30T07:44:14.086+0000] {logging_mixin.py:188} INFO - [2025-10-30T07:44:14.085+0000] {dag.py:3954} INFO - Setting next_dagrun for move_data_to_clickhouse to None, run_after=None
[2025-10-30T07:44:14.150+0000] {processor.py:183} INFO - Processing /opt/airflow/dags/etl_clickhouse.py took 1.485 seconds
[2025-10-30T07:44:44.583+0000] {processor.py:161} INFO - Started process (PID=10694) to work on /opt/airflow/dags/etl_clickhouse.py
[2025-10-30T07:44:44.585+0000] {processor.py:830} INFO - Processing file /opt/airflow/dags/etl_clickhouse.py for tasks to queue
[2025-10-30T07:44:44.589+0000] {logging_mixin.py:188} INFO - [2025-10-30T07:44:44.589+0000] {dagbag.py:545} INFO - Filling up the DagBag from /opt/airflow/dags/etl_clickhouse.py
[2025-10-30T07:44:45.446+0000] {processor.py:840} INFO - DAG(s) 'move_data_to_clickhouse' retrieved from /opt/airflow/dags/etl_clickhouse.py
[2025-10-30T07:44:45.491+0000] {logging_mixin.py:188} INFO - [2025-10-30T07:44:45.491+0000] {dag.py:3096} INFO - Sync 1 DAGs
[2025-10-30T07:44:45.510+0000] {logging_mixin.py:188} INFO - [2025-10-30T07:44:45.509+0000] {dag.py:3954} INFO - Setting next_dagrun for move_data_to_clickhouse to None, run_after=None
[2025-10-30T07:44:45.564+0000] {processor.py:183} INFO - Processing /opt/airflow/dags/etl_clickhouse.py took 0.996 seconds
[2025-10-30T07:45:16.308+0000] {processor.py:161} INFO - Started process (PID=10706) to work on /opt/airflow/dags/etl_clickhouse.py
[2025-10-30T07:45:16.311+0000] {processor.py:830} INFO - Processing file /opt/airflow/dags/etl_clickhouse.py for tasks to queue
[2025-10-30T07:45:16.317+0000] {logging_mixin.py:188} INFO - [2025-10-30T07:45:16.316+0000] {dagbag.py:545} INFO - Filling up the DagBag from /opt/airflow/dags/etl_clickhouse.py
[2025-10-30T07:45:17.211+0000] {processor.py:840} INFO - DAG(s) 'move_data_to_clickhouse' retrieved from /opt/airflow/dags/etl_clickhouse.py
[2025-10-30T07:45:17.278+0000] {logging_mixin.py:188} INFO - [2025-10-30T07:45:17.277+0000] {dag.py:3096} INFO - Sync 1 DAGs
[2025-10-30T07:45:17.305+0000] {logging_mixin.py:188} INFO - [2025-10-30T07:45:17.304+0000] {dag.py:3954} INFO - Setting next_dagrun for move_data_to_clickhouse to None, run_after=None
[2025-10-30T07:45:17.353+0000] {processor.py:183} INFO - Processing /opt/airflow/dags/etl_clickhouse.py took 1.064 seconds
[2025-10-30T07:45:48.042+0000] {processor.py:161} INFO - Started process (PID=10718) to work on /opt/airflow/dags/etl_clickhouse.py
[2025-10-30T07:45:48.044+0000] {processor.py:830} INFO - Processing file /opt/airflow/dags/etl_clickhouse.py for tasks to queue
[2025-10-30T07:45:48.048+0000] {logging_mixin.py:188} INFO - [2025-10-30T07:45:48.048+0000] {dagbag.py:545} INFO - Filling up the DagBag from /opt/airflow/dags/etl_clickhouse.py
[2025-10-30T07:45:49.033+0000] {processor.py:840} INFO - DAG(s) 'move_data_to_clickhouse' retrieved from /opt/airflow/dags/etl_clickhouse.py
[2025-10-30T07:45:49.113+0000] {logging_mixin.py:188} INFO - [2025-10-30T07:45:49.112+0000] {dag.py:3096} INFO - Sync 1 DAGs
[2025-10-30T07:45:49.134+0000] {logging_mixin.py:188} INFO - [2025-10-30T07:45:49.133+0000] {dag.py:3954} INFO - Setting next_dagrun for move_data_to_clickhouse to None, run_after=None
[2025-10-30T07:45:49.169+0000] {processor.py:183} INFO - Processing /opt/airflow/dags/etl_clickhouse.py took 1.145 seconds
[2025-10-30T07:46:19.849+0000] {processor.py:161} INFO - Started process (PID=10730) to work on /opt/airflow/dags/etl_clickhouse.py
[2025-10-30T07:46:19.853+0000] {processor.py:830} INFO - Processing file /opt/airflow/dags/etl_clickhouse.py for tasks to queue
[2025-10-30T07:46:19.857+0000] {logging_mixin.py:188} INFO - [2025-10-30T07:46:19.856+0000] {dagbag.py:545} INFO - Filling up the DagBag from /opt/airflow/dags/etl_clickhouse.py
[2025-10-30T07:46:20.705+0000] {processor.py:840} INFO - DAG(s) 'move_data_to_clickhouse' retrieved from /opt/airflow/dags/etl_clickhouse.py
[2025-10-30T07:46:20.768+0000] {logging_mixin.py:188} INFO - [2025-10-30T07:46:20.767+0000] {dag.py:3096} INFO - Sync 1 DAGs
[2025-10-30T07:46:20.784+0000] {logging_mixin.py:188} INFO - [2025-10-30T07:46:20.784+0000] {dag.py:3954} INFO - Setting next_dagrun for move_data_to_clickhouse to None, run_after=None
[2025-10-30T07:46:20.819+0000] {processor.py:183} INFO - Processing /opt/airflow/dags/etl_clickhouse.py took 0.997 seconds
[2025-10-30T07:46:51.544+0000] {processor.py:161} INFO - Started process (PID=10742) to work on /opt/airflow/dags/etl_clickhouse.py
[2025-10-30T07:46:51.546+0000] {processor.py:830} INFO - Processing file /opt/airflow/dags/etl_clickhouse.py for tasks to queue
[2025-10-30T07:46:51.551+0000] {logging_mixin.py:188} INFO - [2025-10-30T07:46:51.550+0000] {dagbag.py:545} INFO - Filling up the DagBag from /opt/airflow/dags/etl_clickhouse.py
[2025-10-30T07:46:52.537+0000] {processor.py:840} INFO - DAG(s) 'move_data_to_clickhouse' retrieved from /opt/airflow/dags/etl_clickhouse.py
[2025-10-30T07:46:52.582+0000] {logging_mixin.py:188} INFO - [2025-10-30T07:46:52.581+0000] {dag.py:3096} INFO - Sync 1 DAGs
[2025-10-30T07:46:52.605+0000] {logging_mixin.py:188} INFO - [2025-10-30T07:46:52.604+0000] {dag.py:3954} INFO - Setting next_dagrun for move_data_to_clickhouse to None, run_after=None
[2025-10-30T07:46:52.648+0000] {processor.py:183} INFO - Processing /opt/airflow/dags/etl_clickhouse.py took 1.116 seconds
[2025-10-30T07:47:23.305+0000] {processor.py:161} INFO - Started process (PID=10754) to work on /opt/airflow/dags/etl_clickhouse.py
[2025-10-30T07:47:23.308+0000] {processor.py:830} INFO - Processing file /opt/airflow/dags/etl_clickhouse.py for tasks to queue
[2025-10-30T07:47:23.313+0000] {logging_mixin.py:188} INFO - [2025-10-30T07:47:23.312+0000] {dagbag.py:545} INFO - Filling up the DagBag from /opt/airflow/dags/etl_clickhouse.py
[2025-10-30T07:47:24.349+0000] {processor.py:840} INFO - DAG(s) 'move_data_to_clickhouse' retrieved from /opt/airflow/dags/etl_clickhouse.py
[2025-10-30T07:47:24.400+0000] {logging_mixin.py:188} INFO - [2025-10-30T07:47:24.400+0000] {dag.py:3096} INFO - Sync 1 DAGs
[2025-10-30T07:47:24.420+0000] {logging_mixin.py:188} INFO - [2025-10-30T07:47:24.420+0000] {dag.py:3954} INFO - Setting next_dagrun for move_data_to_clickhouse to None, run_after=None
[2025-10-30T07:47:24.475+0000] {processor.py:183} INFO - Processing /opt/airflow/dags/etl_clickhouse.py took 1.184 seconds
[2025-10-30T07:47:55.016+0000] {processor.py:161} INFO - Started process (PID=10766) to work on /opt/airflow/dags/etl_clickhouse.py
[2025-10-30T07:47:55.019+0000] {processor.py:830} INFO - Processing file /opt/airflow/dags/etl_clickhouse.py for tasks to queue
[2025-10-30T07:47:55.025+0000] {logging_mixin.py:188} INFO - [2025-10-30T07:47:55.024+0000] {dagbag.py:545} INFO - Filling up the DagBag from /opt/airflow/dags/etl_clickhouse.py
[2025-10-30T07:47:55.970+0000] {processor.py:840} INFO - DAG(s) 'move_data_to_clickhouse' retrieved from /opt/airflow/dags/etl_clickhouse.py
[2025-10-30T07:47:56.017+0000] {logging_mixin.py:188} INFO - [2025-10-30T07:47:56.017+0000] {dag.py:3096} INFO - Sync 1 DAGs
[2025-10-30T07:47:56.034+0000] {logging_mixin.py:188} INFO - [2025-10-30T07:47:56.033+0000] {dag.py:3954} INFO - Setting next_dagrun for move_data_to_clickhouse to None, run_after=None
[2025-10-30T07:47:56.079+0000] {processor.py:183} INFO - Processing /opt/airflow/dags/etl_clickhouse.py took 1.084 seconds
[2025-10-30T07:48:26.798+0000] {processor.py:161} INFO - Started process (PID=10778) to work on /opt/airflow/dags/etl_clickhouse.py
[2025-10-30T07:48:26.802+0000] {processor.py:830} INFO - Processing file /opt/airflow/dags/etl_clickhouse.py for tasks to queue
[2025-10-30T07:48:26.807+0000] {logging_mixin.py:188} INFO - [2025-10-30T07:48:26.806+0000] {dagbag.py:545} INFO - Filling up the DagBag from /opt/airflow/dags/etl_clickhouse.py
[2025-10-30T07:48:27.913+0000] {processor.py:840} INFO - DAG(s) 'move_data_to_clickhouse' retrieved from /opt/airflow/dags/etl_clickhouse.py
[2025-10-30T07:48:27.965+0000] {logging_mixin.py:188} INFO - [2025-10-30T07:48:27.964+0000] {dag.py:3096} INFO - Sync 1 DAGs
[2025-10-30T07:48:27.986+0000] {logging_mixin.py:188} INFO - [2025-10-30T07:48:27.985+0000] {dag.py:3954} INFO - Setting next_dagrun for move_data_to_clickhouse to None, run_after=None
[2025-10-30T07:48:28.022+0000] {processor.py:183} INFO - Processing /opt/airflow/dags/etl_clickhouse.py took 1.241 seconds
[2025-10-30T07:48:58.634+0000] {processor.py:161} INFO - Started process (PID=10790) to work on /opt/airflow/dags/etl_clickhouse.py
[2025-10-30T07:48:58.636+0000] {processor.py:830} INFO - Processing file /opt/airflow/dags/etl_clickhouse.py for tasks to queue
[2025-10-30T07:48:58.640+0000] {logging_mixin.py:188} INFO - [2025-10-30T07:48:58.639+0000] {dagbag.py:545} INFO - Filling up the DagBag from /opt/airflow/dags/etl_clickhouse.py
[2025-10-30T07:49:00.028+0000] {processor.py:840} INFO - DAG(s) 'move_data_to_clickhouse' retrieved from /opt/airflow/dags/etl_clickhouse.py
[2025-10-30T07:49:00.078+0000] {logging_mixin.py:188} INFO - [2025-10-30T07:49:00.077+0000] {dag.py:3096} INFO - Sync 1 DAGs
[2025-10-30T07:49:00.097+0000] {logging_mixin.py:188} INFO - [2025-10-30T07:49:00.097+0000] {dag.py:3954} INFO - Setting next_dagrun for move_data_to_clickhouse to None, run_after=None
[2025-10-30T07:49:00.131+0000] {processor.py:183} INFO - Processing /opt/airflow/dags/etl_clickhouse.py took 1.511 seconds
[2025-10-30T07:49:30.295+0000] {processor.py:161} INFO - Started process (PID=10802) to work on /opt/airflow/dags/etl_clickhouse.py
[2025-10-30T07:49:30.297+0000] {processor.py:830} INFO - Processing file /opt/airflow/dags/etl_clickhouse.py for tasks to queue
[2025-10-30T07:49:30.302+0000] {logging_mixin.py:188} INFO - [2025-10-30T07:49:30.301+0000] {dagbag.py:545} INFO - Filling up the DagBag from /opt/airflow/dags/etl_clickhouse.py
[2025-10-30T07:49:31.461+0000] {processor.py:840} INFO - DAG(s) 'move_data_to_clickhouse' retrieved from /opt/airflow/dags/etl_clickhouse.py
[2025-10-30T07:49:31.515+0000] {logging_mixin.py:188} INFO - [2025-10-30T07:49:31.514+0000] {dag.py:3096} INFO - Sync 1 DAGs
[2025-10-30T07:49:31.540+0000] {logging_mixin.py:188} INFO - [2025-10-30T07:49:31.539+0000] {dag.py:3954} INFO - Setting next_dagrun for move_data_to_clickhouse to None, run_after=None
[2025-10-30T07:49:31.586+0000] {processor.py:183} INFO - Processing /opt/airflow/dags/etl_clickhouse.py took 1.304 seconds
[2025-10-30T07:50:01.890+0000] {processor.py:161} INFO - Started process (PID=10814) to work on /opt/airflow/dags/etl_clickhouse.py
[2025-10-30T07:50:01.892+0000] {processor.py:830} INFO - Processing file /opt/airflow/dags/etl_clickhouse.py for tasks to queue
[2025-10-30T07:50:01.896+0000] {logging_mixin.py:188} INFO - [2025-10-30T07:50:01.896+0000] {dagbag.py:545} INFO - Filling up the DagBag from /opt/airflow/dags/etl_clickhouse.py
[2025-10-30T07:50:02.813+0000] {processor.py:840} INFO - DAG(s) 'move_data_to_clickhouse' retrieved from /opt/airflow/dags/etl_clickhouse.py
[2025-10-30T07:50:02.861+0000] {logging_mixin.py:188} INFO - [2025-10-30T07:50:02.860+0000] {dag.py:3096} INFO - Sync 1 DAGs
[2025-10-30T07:50:02.878+0000] {logging_mixin.py:188} INFO - [2025-10-30T07:50:02.878+0000] {dag.py:3954} INFO - Setting next_dagrun for move_data_to_clickhouse to None, run_after=None
[2025-10-30T07:50:02.933+0000] {processor.py:183} INFO - Processing /opt/airflow/dags/etl_clickhouse.py took 1.057 seconds
[2025-10-30T07:50:33.618+0000] {processor.py:161} INFO - Started process (PID=10826) to work on /opt/airflow/dags/etl_clickhouse.py
[2025-10-30T07:50:33.621+0000] {processor.py:830} INFO - Processing file /opt/airflow/dags/etl_clickhouse.py for tasks to queue
[2025-10-30T07:50:33.625+0000] {logging_mixin.py:188} INFO - [2025-10-30T07:50:33.624+0000] {dagbag.py:545} INFO - Filling up the DagBag from /opt/airflow/dags/etl_clickhouse.py
[2025-10-30T07:50:34.737+0000] {processor.py:840} INFO - DAG(s) 'move_data_to_clickhouse' retrieved from /opt/airflow/dags/etl_clickhouse.py
[2025-10-30T07:50:34.815+0000] {logging_mixin.py:188} INFO - [2025-10-30T07:50:34.814+0000] {dag.py:3096} INFO - Sync 1 DAGs
[2025-10-30T07:50:34.846+0000] {logging_mixin.py:188} INFO - [2025-10-30T07:50:34.845+0000] {dag.py:3954} INFO - Setting next_dagrun for move_data_to_clickhouse to None, run_after=None
[2025-10-30T07:50:34.899+0000] {processor.py:183} INFO - Processing /opt/airflow/dags/etl_clickhouse.py took 1.292 seconds
[2025-10-30T07:51:05.382+0000] {processor.py:161} INFO - Started process (PID=10838) to work on /opt/airflow/dags/etl_clickhouse.py
[2025-10-30T07:51:05.385+0000] {processor.py:830} INFO - Processing file /opt/airflow/dags/etl_clickhouse.py for tasks to queue
[2025-10-30T07:51:05.389+0000] {logging_mixin.py:188} INFO - [2025-10-30T07:51:05.388+0000] {dagbag.py:545} INFO - Filling up the DagBag from /opt/airflow/dags/etl_clickhouse.py
[2025-10-30T07:51:06.305+0000] {processor.py:840} INFO - DAG(s) 'move_data_to_clickhouse' retrieved from /opt/airflow/dags/etl_clickhouse.py
[2025-10-30T07:51:06.368+0000] {logging_mixin.py:188} INFO - [2025-10-30T07:51:06.367+0000] {dag.py:3096} INFO - Sync 1 DAGs
[2025-10-30T07:51:06.390+0000] {logging_mixin.py:188} INFO - [2025-10-30T07:51:06.390+0000] {dag.py:3954} INFO - Setting next_dagrun for move_data_to_clickhouse to None, run_after=None
[2025-10-30T07:51:06.454+0000] {processor.py:183} INFO - Processing /opt/airflow/dags/etl_clickhouse.py took 1.088 seconds
[2025-10-30T07:51:37.212+0000] {processor.py:161} INFO - Started process (PID=10850) to work on /opt/airflow/dags/etl_clickhouse.py
[2025-10-30T07:51:37.218+0000] {processor.py:830} INFO - Processing file /opt/airflow/dags/etl_clickhouse.py for tasks to queue
[2025-10-30T07:51:37.229+0000] {logging_mixin.py:188} INFO - [2025-10-30T07:51:37.226+0000] {dagbag.py:545} INFO - Filling up the DagBag from /opt/airflow/dags/etl_clickhouse.py
[2025-10-30T07:51:38.197+0000] {processor.py:840} INFO - DAG(s) 'move_data_to_clickhouse' retrieved from /opt/airflow/dags/etl_clickhouse.py
[2025-10-30T07:51:38.249+0000] {logging_mixin.py:188} INFO - [2025-10-30T07:51:38.249+0000] {dag.py:3096} INFO - Sync 1 DAGs
[2025-10-30T07:51:38.270+0000] {logging_mixin.py:188} INFO - [2025-10-30T07:51:38.270+0000] {dag.py:3954} INFO - Setting next_dagrun for move_data_to_clickhouse to None, run_after=None
[2025-10-30T07:51:38.322+0000] {processor.py:183} INFO - Processing /opt/airflow/dags/etl_clickhouse.py took 1.142 seconds
[2025-10-30T07:52:08.856+0000] {processor.py:161} INFO - Started process (PID=10862) to work on /opt/airflow/dags/etl_clickhouse.py
[2025-10-30T07:52:08.858+0000] {processor.py:830} INFO - Processing file /opt/airflow/dags/etl_clickhouse.py for tasks to queue
[2025-10-30T07:52:08.862+0000] {logging_mixin.py:188} INFO - [2025-10-30T07:52:08.861+0000] {dagbag.py:545} INFO - Filling up the DagBag from /opt/airflow/dags/etl_clickhouse.py
[2025-10-30T07:52:09.735+0000] {processor.py:840} INFO - DAG(s) 'move_data_to_clickhouse' retrieved from /opt/airflow/dags/etl_clickhouse.py
[2025-10-30T07:52:09.794+0000] {logging_mixin.py:188} INFO - [2025-10-30T07:52:09.794+0000] {dag.py:3096} INFO - Sync 1 DAGs
[2025-10-30T07:52:09.820+0000] {logging_mixin.py:188} INFO - [2025-10-30T07:52:09.820+0000] {dag.py:3954} INFO - Setting next_dagrun for move_data_to_clickhouse to None, run_after=None
[2025-10-30T07:52:09.867+0000] {processor.py:183} INFO - Processing /opt/airflow/dags/etl_clickhouse.py took 1.024 seconds
[2025-10-30T07:52:40.578+0000] {processor.py:161} INFO - Started process (PID=10874) to work on /opt/airflow/dags/etl_clickhouse.py
[2025-10-30T07:52:40.581+0000] {processor.py:830} INFO - Processing file /opt/airflow/dags/etl_clickhouse.py for tasks to queue
[2025-10-30T07:52:40.588+0000] {logging_mixin.py:188} INFO - [2025-10-30T07:52:40.586+0000] {dagbag.py:545} INFO - Filling up the DagBag from /opt/airflow/dags/etl_clickhouse.py
[2025-10-30T07:52:41.603+0000] {processor.py:840} INFO - DAG(s) 'move_data_to_clickhouse' retrieved from /opt/airflow/dags/etl_clickhouse.py
[2025-10-30T07:52:41.674+0000] {logging_mixin.py:188} INFO - [2025-10-30T07:52:41.673+0000] {dag.py:3096} INFO - Sync 1 DAGs
[2025-10-30T07:52:41.699+0000] {logging_mixin.py:188} INFO - [2025-10-30T07:52:41.699+0000] {dag.py:3954} INFO - Setting next_dagrun for move_data_to_clickhouse to None, run_after=None
[2025-10-30T07:52:41.743+0000] {processor.py:183} INFO - Processing /opt/airflow/dags/etl_clickhouse.py took 1.189 seconds
[2025-10-30T07:53:12.392+0000] {processor.py:161} INFO - Started process (PID=10886) to work on /opt/airflow/dags/etl_clickhouse.py
[2025-10-30T07:53:12.394+0000] {processor.py:830} INFO - Processing file /opt/airflow/dags/etl_clickhouse.py for tasks to queue
[2025-10-30T07:53:12.398+0000] {logging_mixin.py:188} INFO - [2025-10-30T07:53:12.397+0000] {dagbag.py:545} INFO - Filling up the DagBag from /opt/airflow/dags/etl_clickhouse.py
[2025-10-30T07:53:13.319+0000] {processor.py:840} INFO - DAG(s) 'move_data_to_clickhouse' retrieved from /opt/airflow/dags/etl_clickhouse.py
[2025-10-30T07:53:13.367+0000] {logging_mixin.py:188} INFO - [2025-10-30T07:53:13.367+0000] {dag.py:3096} INFO - Sync 1 DAGs
[2025-10-30T07:53:13.384+0000] {logging_mixin.py:188} INFO - [2025-10-30T07:53:13.384+0000] {dag.py:3954} INFO - Setting next_dagrun for move_data_to_clickhouse to None, run_after=None
[2025-10-30T07:53:13.436+0000] {processor.py:183} INFO - Processing /opt/airflow/dags/etl_clickhouse.py took 1.057 seconds
[2025-10-30T07:53:44.091+0000] {processor.py:161} INFO - Started process (PID=10898) to work on /opt/airflow/dags/etl_clickhouse.py
[2025-10-30T07:53:44.093+0000] {processor.py:830} INFO - Processing file /opt/airflow/dags/etl_clickhouse.py for tasks to queue
[2025-10-30T07:53:44.097+0000] {logging_mixin.py:188} INFO - [2025-10-30T07:53:44.096+0000] {dagbag.py:545} INFO - Filling up the DagBag from /opt/airflow/dags/etl_clickhouse.py
[2025-10-30T07:53:44.945+0000] {processor.py:840} INFO - DAG(s) 'move_data_to_clickhouse' retrieved from /opt/airflow/dags/etl_clickhouse.py
[2025-10-30T07:53:45.010+0000] {logging_mixin.py:188} INFO - [2025-10-30T07:53:45.009+0000] {dag.py:3096} INFO - Sync 1 DAGs
[2025-10-30T07:53:45.027+0000] {logging_mixin.py:188} INFO - [2025-10-30T07:53:45.027+0000] {dag.py:3954} INFO - Setting next_dagrun for move_data_to_clickhouse to None, run_after=None
[2025-10-30T07:53:45.076+0000] {processor.py:183} INFO - Processing /opt/airflow/dags/etl_clickhouse.py took 0.997 seconds
[2025-10-30T07:54:15.803+0000] {processor.py:161} INFO - Started process (PID=10910) to work on /opt/airflow/dags/etl_clickhouse.py
[2025-10-30T07:54:15.806+0000] {processor.py:830} INFO - Processing file /opt/airflow/dags/etl_clickhouse.py for tasks to queue
[2025-10-30T07:54:15.811+0000] {logging_mixin.py:188} INFO - [2025-10-30T07:54:15.810+0000] {dagbag.py:545} INFO - Filling up the DagBag from /opt/airflow/dags/etl_clickhouse.py
[2025-10-30T07:54:16.814+0000] {processor.py:840} INFO - DAG(s) 'move_data_to_clickhouse' retrieved from /opt/airflow/dags/etl_clickhouse.py
[2025-10-30T07:54:16.872+0000] {logging_mixin.py:188} INFO - [2025-10-30T07:54:16.872+0000] {dag.py:3096} INFO - Sync 1 DAGs
[2025-10-30T07:54:16.895+0000] {logging_mixin.py:188} INFO - [2025-10-30T07:54:16.894+0000] {dag.py:3954} INFO - Setting next_dagrun for move_data_to_clickhouse to None, run_after=None
[2025-10-30T07:54:16.948+0000] {processor.py:183} INFO - Processing /opt/airflow/dags/etl_clickhouse.py took 1.164 seconds
[2025-10-30T07:54:47.431+0000] {processor.py:161} INFO - Started process (PID=10922) to work on /opt/airflow/dags/etl_clickhouse.py
[2025-10-30T07:54:47.433+0000] {processor.py:830} INFO - Processing file /opt/airflow/dags/etl_clickhouse.py for tasks to queue
[2025-10-30T07:54:47.437+0000] {logging_mixin.py:188} INFO - [2025-10-30T07:54:47.437+0000] {dagbag.py:545} INFO - Filling up the DagBag from /opt/airflow/dags/etl_clickhouse.py
[2025-10-30T07:54:48.355+0000] {processor.py:840} INFO - DAG(s) 'move_data_to_clickhouse' retrieved from /opt/airflow/dags/etl_clickhouse.py
[2025-10-30T07:54:48.404+0000] {logging_mixin.py:188} INFO - [2025-10-30T07:54:48.403+0000] {dag.py:3096} INFO - Sync 1 DAGs
[2025-10-30T07:54:48.424+0000] {logging_mixin.py:188} INFO - [2025-10-30T07:54:48.423+0000] {dag.py:3954} INFO - Setting next_dagrun for move_data_to_clickhouse to None, run_after=None
[2025-10-30T07:54:48.458+0000] {processor.py:183} INFO - Processing /opt/airflow/dags/etl_clickhouse.py took 1.040 seconds
[2025-10-30T07:55:19.022+0000] {processor.py:161} INFO - Started process (PID=10934) to work on /opt/airflow/dags/etl_clickhouse.py
[2025-10-30T07:55:19.025+0000] {processor.py:830} INFO - Processing file /opt/airflow/dags/etl_clickhouse.py for tasks to queue
[2025-10-30T07:55:19.028+0000] {logging_mixin.py:188} INFO - [2025-10-30T07:55:19.027+0000] {dagbag.py:545} INFO - Filling up the DagBag from /opt/airflow/dags/etl_clickhouse.py
[2025-10-30T07:55:20.055+0000] {processor.py:840} INFO - DAG(s) 'move_data_to_clickhouse' retrieved from /opt/airflow/dags/etl_clickhouse.py
[2025-10-30T07:55:20.106+0000] {logging_mixin.py:188} INFO - [2025-10-30T07:55:20.105+0000] {dag.py:3096} INFO - Sync 1 DAGs
[2025-10-30T07:55:20.128+0000] {logging_mixin.py:188} INFO - [2025-10-30T07:55:20.128+0000] {dag.py:3954} INFO - Setting next_dagrun for move_data_to_clickhouse to None, run_after=None
[2025-10-30T07:55:20.189+0000] {processor.py:183} INFO - Processing /opt/airflow/dags/etl_clickhouse.py took 1.177 seconds
[2025-10-30T07:55:50.723+0000] {processor.py:161} INFO - Started process (PID=10946) to work on /opt/airflow/dags/etl_clickhouse.py
[2025-10-30T07:55:50.725+0000] {processor.py:830} INFO - Processing file /opt/airflow/dags/etl_clickhouse.py for tasks to queue
[2025-10-30T07:55:50.729+0000] {logging_mixin.py:188} INFO - [2025-10-30T07:55:50.729+0000] {dagbag.py:545} INFO - Filling up the DagBag from /opt/airflow/dags/etl_clickhouse.py
[2025-10-30T07:55:51.672+0000] {processor.py:840} INFO - DAG(s) 'move_data_to_clickhouse' retrieved from /opt/airflow/dags/etl_clickhouse.py
[2025-10-30T07:55:51.725+0000] {logging_mixin.py:188} INFO - [2025-10-30T07:55:51.724+0000] {dag.py:3096} INFO - Sync 1 DAGs
[2025-10-30T07:55:51.745+0000] {logging_mixin.py:188} INFO - [2025-10-30T07:55:51.744+0000] {dag.py:3954} INFO - Setting next_dagrun for move_data_to_clickhouse to None, run_after=None
[2025-10-30T07:55:51.802+0000] {processor.py:183} INFO - Processing /opt/airflow/dags/etl_clickhouse.py took 1.091 seconds
[2025-10-30T07:56:22.395+0000] {processor.py:161} INFO - Started process (PID=10958) to work on /opt/airflow/dags/etl_clickhouse.py
[2025-10-30T07:56:22.397+0000] {processor.py:830} INFO - Processing file /opt/airflow/dags/etl_clickhouse.py for tasks to queue
[2025-10-30T07:56:22.402+0000] {logging_mixin.py:188} INFO - [2025-10-30T07:56:22.401+0000] {dagbag.py:545} INFO - Filling up the DagBag from /opt/airflow/dags/etl_clickhouse.py
[2025-10-30T07:56:23.387+0000] {processor.py:840} INFO - DAG(s) 'move_data_to_clickhouse' retrieved from /opt/airflow/dags/etl_clickhouse.py
[2025-10-30T07:56:23.463+0000] {logging_mixin.py:188} INFO - [2025-10-30T07:56:23.462+0000] {dag.py:3096} INFO - Sync 1 DAGs
[2025-10-30T07:56:23.491+0000] {logging_mixin.py:188} INFO - [2025-10-30T07:56:23.490+0000] {dag.py:3954} INFO - Setting next_dagrun for move_data_to_clickhouse to None, run_after=None
[2025-10-30T07:56:23.542+0000] {processor.py:183} INFO - Processing /opt/airflow/dags/etl_clickhouse.py took 1.159 seconds
[2025-10-30T07:56:54.035+0000] {processor.py:161} INFO - Started process (PID=10970) to work on /opt/airflow/dags/etl_clickhouse.py
[2025-10-30T07:56:54.038+0000] {processor.py:830} INFO - Processing file /opt/airflow/dags/etl_clickhouse.py for tasks to queue
[2025-10-30T07:56:54.042+0000] {logging_mixin.py:188} INFO - [2025-10-30T07:56:54.041+0000] {dagbag.py:545} INFO - Filling up the DagBag from /opt/airflow/dags/etl_clickhouse.py
[2025-10-30T07:56:55.077+0000] {processor.py:840} INFO - DAG(s) 'move_data_to_clickhouse' retrieved from /opt/airflow/dags/etl_clickhouse.py
[2025-10-30T07:56:55.150+0000] {logging_mixin.py:188} INFO - [2025-10-30T07:56:55.149+0000] {dag.py:3096} INFO - Sync 1 DAGs
[2025-10-30T07:56:55.171+0000] {logging_mixin.py:188} INFO - [2025-10-30T07:56:55.170+0000] {dag.py:3954} INFO - Setting next_dagrun for move_data_to_clickhouse to None, run_after=None
[2025-10-30T07:56:55.205+0000] {processor.py:183} INFO - Processing /opt/airflow/dags/etl_clickhouse.py took 1.181 seconds
[2025-10-30T07:57:25.754+0000] {processor.py:161} INFO - Started process (PID=10982) to work on /opt/airflow/dags/etl_clickhouse.py
[2025-10-30T07:57:25.759+0000] {processor.py:830} INFO - Processing file /opt/airflow/dags/etl_clickhouse.py for tasks to queue
[2025-10-30T07:57:25.765+0000] {logging_mixin.py:188} INFO - [2025-10-30T07:57:25.764+0000] {dagbag.py:545} INFO - Filling up the DagBag from /opt/airflow/dags/etl_clickhouse.py
[2025-10-30T07:57:26.690+0000] {processor.py:840} INFO - DAG(s) 'move_data_to_clickhouse' retrieved from /opt/airflow/dags/etl_clickhouse.py
[2025-10-30T07:57:26.738+0000] {logging_mixin.py:188} INFO - [2025-10-30T07:57:26.737+0000] {dag.py:3096} INFO - Sync 1 DAGs
[2025-10-30T07:57:26.756+0000] {logging_mixin.py:188} INFO - [2025-10-30T07:57:26.756+0000] {dag.py:3954} INFO - Setting next_dagrun for move_data_to_clickhouse to None, run_after=None
[2025-10-30T07:57:26.793+0000] {processor.py:183} INFO - Processing /opt/airflow/dags/etl_clickhouse.py took 1.062 seconds
[2025-10-30T07:57:57.633+0000] {processor.py:161} INFO - Started process (PID=10994) to work on /opt/airflow/dags/etl_clickhouse.py
[2025-10-30T07:57:57.635+0000] {processor.py:830} INFO - Processing file /opt/airflow/dags/etl_clickhouse.py for tasks to queue
[2025-10-30T07:57:57.640+0000] {logging_mixin.py:188} INFO - [2025-10-30T07:57:57.639+0000] {dagbag.py:545} INFO - Filling up the DagBag from /opt/airflow/dags/etl_clickhouse.py
[2025-10-30T07:57:58.538+0000] {processor.py:840} INFO - DAG(s) 'move_data_to_clickhouse' retrieved from /opt/airflow/dags/etl_clickhouse.py
[2025-10-30T07:57:58.582+0000] {logging_mixin.py:188} INFO - [2025-10-30T07:57:58.582+0000] {dag.py:3096} INFO - Sync 1 DAGs
[2025-10-30T07:57:58.603+0000] {logging_mixin.py:188} INFO - [2025-10-30T07:57:58.602+0000] {dag.py:3954} INFO - Setting next_dagrun for move_data_to_clickhouse to None, run_after=None
[2025-10-30T07:57:58.635+0000] {processor.py:183} INFO - Processing /opt/airflow/dags/etl_clickhouse.py took 1.019 seconds
[2025-10-30T07:58:29.321+0000] {processor.py:161} INFO - Started process (PID=11006) to work on /opt/airflow/dags/etl_clickhouse.py
[2025-10-30T07:58:29.323+0000] {processor.py:830} INFO - Processing file /opt/airflow/dags/etl_clickhouse.py for tasks to queue
[2025-10-30T07:58:29.327+0000] {logging_mixin.py:188} INFO - [2025-10-30T07:58:29.326+0000] {dagbag.py:545} INFO - Filling up the DagBag from /opt/airflow/dags/etl_clickhouse.py
[2025-10-30T07:58:30.241+0000] {processor.py:840} INFO - DAG(s) 'move_data_to_clickhouse' retrieved from /opt/airflow/dags/etl_clickhouse.py
[2025-10-30T07:58:30.296+0000] {logging_mixin.py:188} INFO - [2025-10-30T07:58:30.294+0000] {dag.py:3096} INFO - Sync 1 DAGs
[2025-10-30T07:58:30.313+0000] {logging_mixin.py:188} INFO - [2025-10-30T07:58:30.313+0000] {dag.py:3954} INFO - Setting next_dagrun for move_data_to_clickhouse to None, run_after=None
[2025-10-30T07:58:30.347+0000] {processor.py:183} INFO - Processing /opt/airflow/dags/etl_clickhouse.py took 1.036 seconds
[2025-10-30T07:59:01.033+0000] {processor.py:161} INFO - Started process (PID=11018) to work on /opt/airflow/dags/etl_clickhouse.py
[2025-10-30T07:59:01.035+0000] {processor.py:830} INFO - Processing file /opt/airflow/dags/etl_clickhouse.py for tasks to queue
[2025-10-30T07:59:01.040+0000] {logging_mixin.py:188} INFO - [2025-10-30T07:59:01.039+0000] {dagbag.py:545} INFO - Filling up the DagBag from /opt/airflow/dags/etl_clickhouse.py
[2025-10-30T07:59:01.978+0000] {processor.py:840} INFO - DAG(s) 'move_data_to_clickhouse' retrieved from /opt/airflow/dags/etl_clickhouse.py
[2025-10-30T07:59:02.042+0000] {logging_mixin.py:188} INFO - [2025-10-30T07:59:02.041+0000] {dag.py:3096} INFO - Sync 1 DAGs
[2025-10-30T07:59:02.061+0000] {logging_mixin.py:188} INFO - [2025-10-30T07:59:02.061+0000] {dag.py:3954} INFO - Setting next_dagrun for move_data_to_clickhouse to None, run_after=None
[2025-10-30T07:59:02.095+0000] {processor.py:183} INFO - Processing /opt/airflow/dags/etl_clickhouse.py took 1.077 seconds
[2025-10-30T07:59:32.759+0000] {processor.py:161} INFO - Started process (PID=11030) to work on /opt/airflow/dags/etl_clickhouse.py
[2025-10-30T07:59:32.761+0000] {processor.py:830} INFO - Processing file /opt/airflow/dags/etl_clickhouse.py for tasks to queue
[2025-10-30T07:59:32.765+0000] {logging_mixin.py:188} INFO - [2025-10-30T07:59:32.765+0000] {dagbag.py:545} INFO - Filling up the DagBag from /opt/airflow/dags/etl_clickhouse.py
[2025-10-30T07:59:33.605+0000] {processor.py:840} INFO - DAG(s) 'move_data_to_clickhouse' retrieved from /opt/airflow/dags/etl_clickhouse.py
[2025-10-30T07:59:33.669+0000] {logging_mixin.py:188} INFO - [2025-10-30T07:59:33.668+0000] {dag.py:3096} INFO - Sync 1 DAGs
[2025-10-30T07:59:33.690+0000] {logging_mixin.py:188} INFO - [2025-10-30T07:59:33.689+0000] {dag.py:3954} INFO - Setting next_dagrun for move_data_to_clickhouse to None, run_after=None
[2025-10-30T07:59:33.741+0000] {processor.py:183} INFO - Processing /opt/airflow/dags/etl_clickhouse.py took 1.000 seconds
[2025-10-30T08:00:04.408+0000] {processor.py:161} INFO - Started process (PID=11042) to work on /opt/airflow/dags/etl_clickhouse.py
[2025-10-30T08:00:04.411+0000] {processor.py:830} INFO - Processing file /opt/airflow/dags/etl_clickhouse.py for tasks to queue
[2025-10-30T08:00:04.416+0000] {logging_mixin.py:188} INFO - [2025-10-30T08:00:04.415+0000] {dagbag.py:545} INFO - Filling up the DagBag from /opt/airflow/dags/etl_clickhouse.py
[2025-10-30T08:00:05.308+0000] {processor.py:840} INFO - DAG(s) 'move_data_to_clickhouse' retrieved from /opt/airflow/dags/etl_clickhouse.py
[2025-10-30T08:00:05.361+0000] {logging_mixin.py:188} INFO - [2025-10-30T08:00:05.360+0000] {dag.py:3096} INFO - Sync 1 DAGs
[2025-10-30T08:00:05.389+0000] {logging_mixin.py:188} INFO - [2025-10-30T08:00:05.389+0000] {dag.py:3954} INFO - Setting next_dagrun for move_data_to_clickhouse to None, run_after=None
[2025-10-30T08:00:05.443+0000] {processor.py:183} INFO - Processing /opt/airflow/dags/etl_clickhouse.py took 1.051 seconds
[2025-10-30T08:00:36.060+0000] {processor.py:161} INFO - Started process (PID=11054) to work on /opt/airflow/dags/etl_clickhouse.py
[2025-10-30T08:00:36.063+0000] {processor.py:830} INFO - Processing file /opt/airflow/dags/etl_clickhouse.py for tasks to queue
[2025-10-30T08:00:36.067+0000] {logging_mixin.py:188} INFO - [2025-10-30T08:00:36.066+0000] {dagbag.py:545} INFO - Filling up the DagBag from /opt/airflow/dags/etl_clickhouse.py
[2025-10-30T08:00:37.007+0000] {processor.py:840} INFO - DAG(s) 'move_data_to_clickhouse' retrieved from /opt/airflow/dags/etl_clickhouse.py
[2025-10-30T08:00:37.056+0000] {logging_mixin.py:188} INFO - [2025-10-30T08:00:37.056+0000] {dag.py:3096} INFO - Sync 1 DAGs
[2025-10-30T08:00:37.075+0000] {logging_mixin.py:188} INFO - [2025-10-30T08:00:37.075+0000] {dag.py:3954} INFO - Setting next_dagrun for move_data_to_clickhouse to None, run_after=None
[2025-10-30T08:00:37.111+0000] {processor.py:183} INFO - Processing /opt/airflow/dags/etl_clickhouse.py took 1.064 seconds
[2025-10-30T08:01:07.806+0000] {processor.py:161} INFO - Started process (PID=11066) to work on /opt/airflow/dags/etl_clickhouse.py
[2025-10-30T08:01:07.808+0000] {processor.py:830} INFO - Processing file /opt/airflow/dags/etl_clickhouse.py for tasks to queue
[2025-10-30T08:01:07.813+0000] {logging_mixin.py:188} INFO - [2025-10-30T08:01:07.812+0000] {dagbag.py:545} INFO - Filling up the DagBag from /opt/airflow/dags/etl_clickhouse.py
[2025-10-30T08:01:08.711+0000] {processor.py:840} INFO - DAG(s) 'move_data_to_clickhouse' retrieved from /opt/airflow/dags/etl_clickhouse.py
[2025-10-30T08:01:08.767+0000] {logging_mixin.py:188} INFO - [2025-10-30T08:01:08.766+0000] {dag.py:3096} INFO - Sync 1 DAGs
[2025-10-30T08:01:08.786+0000] {logging_mixin.py:188} INFO - [2025-10-30T08:01:08.785+0000] {dag.py:3954} INFO - Setting next_dagrun for move_data_to_clickhouse to None, run_after=None
[2025-10-30T08:01:08.816+0000] {processor.py:183} INFO - Processing /opt/airflow/dags/etl_clickhouse.py took 1.028 seconds
[2025-10-30T08:01:39.444+0000] {processor.py:161} INFO - Started process (PID=11078) to work on /opt/airflow/dags/etl_clickhouse.py
[2025-10-30T08:01:39.447+0000] {processor.py:830} INFO - Processing file /opt/airflow/dags/etl_clickhouse.py for tasks to queue
[2025-10-30T08:01:39.451+0000] {logging_mixin.py:188} INFO - [2025-10-30T08:01:39.450+0000] {dagbag.py:545} INFO - Filling up the DagBag from /opt/airflow/dags/etl_clickhouse.py
[2025-10-30T08:01:40.680+0000] {processor.py:840} INFO - DAG(s) 'move_data_to_clickhouse' retrieved from /opt/airflow/dags/etl_clickhouse.py
[2025-10-30T08:01:40.755+0000] {logging_mixin.py:188} INFO - [2025-10-30T08:01:40.755+0000] {dag.py:3096} INFO - Sync 1 DAGs
[2025-10-30T08:01:40.786+0000] {logging_mixin.py:188} INFO - [2025-10-30T08:01:40.785+0000] {dag.py:3954} INFO - Setting next_dagrun for move_data_to_clickhouse to None, run_after=None
[2025-10-30T08:01:40.850+0000] {processor.py:183} INFO - Processing /opt/airflow/dags/etl_clickhouse.py took 1.420 seconds
[2025-10-30T08:02:11.632+0000] {processor.py:161} INFO - Started process (PID=11090) to work on /opt/airflow/dags/etl_clickhouse.py
[2025-10-30T08:02:11.635+0000] {processor.py:830} INFO - Processing file /opt/airflow/dags/etl_clickhouse.py for tasks to queue
[2025-10-30T08:02:11.639+0000] {logging_mixin.py:188} INFO - [2025-10-30T08:02:11.639+0000] {dagbag.py:545} INFO - Filling up the DagBag from /opt/airflow/dags/etl_clickhouse.py
[2025-10-30T08:02:12.545+0000] {processor.py:840} INFO - DAG(s) 'move_data_to_clickhouse' retrieved from /opt/airflow/dags/etl_clickhouse.py
[2025-10-30T08:02:12.591+0000] {logging_mixin.py:188} INFO - [2025-10-30T08:02:12.590+0000] {dag.py:3096} INFO - Sync 1 DAGs
[2025-10-30T08:02:12.613+0000] {logging_mixin.py:188} INFO - [2025-10-30T08:02:12.612+0000] {dag.py:3954} INFO - Setting next_dagrun for move_data_to_clickhouse to None, run_after=None
[2025-10-30T08:02:12.654+0000] {processor.py:183} INFO - Processing /opt/airflow/dags/etl_clickhouse.py took 1.035 seconds
[2025-10-30T08:02:43.311+0000] {processor.py:161} INFO - Started process (PID=11102) to work on /opt/airflow/dags/etl_clickhouse.py
[2025-10-30T08:02:43.313+0000] {processor.py:830} INFO - Processing file /opt/airflow/dags/etl_clickhouse.py for tasks to queue
[2025-10-30T08:02:43.317+0000] {logging_mixin.py:188} INFO - [2025-10-30T08:02:43.316+0000] {dagbag.py:545} INFO - Filling up the DagBag from /opt/airflow/dags/etl_clickhouse.py
[2025-10-30T08:02:44.255+0000] {processor.py:840} INFO - DAG(s) 'move_data_to_clickhouse' retrieved from /opt/airflow/dags/etl_clickhouse.py
[2025-10-30T08:02:44.304+0000] {logging_mixin.py:188} INFO - [2025-10-30T08:02:44.303+0000] {dag.py:3096} INFO - Sync 1 DAGs
[2025-10-30T08:02:44.320+0000] {logging_mixin.py:188} INFO - [2025-10-30T08:02:44.320+0000] {dag.py:3954} INFO - Setting next_dagrun for move_data_to_clickhouse to None, run_after=None
[2025-10-30T08:02:44.373+0000] {processor.py:183} INFO - Processing /opt/airflow/dags/etl_clickhouse.py took 1.074 seconds
[2025-10-30T08:03:15.110+0000] {processor.py:161} INFO - Started process (PID=11114) to work on /opt/airflow/dags/etl_clickhouse.py
[2025-10-30T08:03:15.112+0000] {processor.py:830} INFO - Processing file /opt/airflow/dags/etl_clickhouse.py for tasks to queue
[2025-10-30T08:03:15.116+0000] {logging_mixin.py:188} INFO - [2025-10-30T08:03:15.115+0000] {dagbag.py:545} INFO - Filling up the DagBag from /opt/airflow/dags/etl_clickhouse.py
[2025-10-30T08:03:15.977+0000] {processor.py:840} INFO - DAG(s) 'move_data_to_clickhouse' retrieved from /opt/airflow/dags/etl_clickhouse.py
[2025-10-30T08:03:16.028+0000] {logging_mixin.py:188} INFO - [2025-10-30T08:03:16.027+0000] {dag.py:3096} INFO - Sync 1 DAGs
[2025-10-30T08:03:16.047+0000] {logging_mixin.py:188} INFO - [2025-10-30T08:03:16.046+0000] {dag.py:3954} INFO - Setting next_dagrun for move_data_to_clickhouse to None, run_after=None
[2025-10-30T08:03:16.101+0000] {processor.py:183} INFO - Processing /opt/airflow/dags/etl_clickhouse.py took 1.002 seconds
[2025-10-30T08:03:46.793+0000] {processor.py:161} INFO - Started process (PID=11126) to work on /opt/airflow/dags/etl_clickhouse.py
[2025-10-30T08:03:46.796+0000] {processor.py:830} INFO - Processing file /opt/airflow/dags/etl_clickhouse.py for tasks to queue
[2025-10-30T08:03:46.800+0000] {logging_mixin.py:188} INFO - [2025-10-30T08:03:46.800+0000] {dagbag.py:545} INFO - Filling up the DagBag from /opt/airflow/dags/etl_clickhouse.py
[2025-10-30T08:03:47.729+0000] {processor.py:840} INFO - DAG(s) 'move_data_to_clickhouse' retrieved from /opt/airflow/dags/etl_clickhouse.py
[2025-10-30T08:03:47.792+0000] {logging_mixin.py:188} INFO - [2025-10-30T08:03:47.791+0000] {dag.py:3096} INFO - Sync 1 DAGs
[2025-10-30T08:03:47.813+0000] {logging_mixin.py:188} INFO - [2025-10-30T08:03:47.813+0000] {dag.py:3954} INFO - Setting next_dagrun for move_data_to_clickhouse to None, run_after=None
[2025-10-30T08:03:47.850+0000] {processor.py:183} INFO - Processing /opt/airflow/dags/etl_clickhouse.py took 1.072 seconds
[2025-10-30T08:04:18.528+0000] {processor.py:161} INFO - Started process (PID=11138) to work on /opt/airflow/dags/etl_clickhouse.py
[2025-10-30T08:04:18.531+0000] {processor.py:830} INFO - Processing file /opt/airflow/dags/etl_clickhouse.py for tasks to queue
[2025-10-30T08:04:18.535+0000] {logging_mixin.py:188} INFO - [2025-10-30T08:04:18.534+0000] {dagbag.py:545} INFO - Filling up the DagBag from /opt/airflow/dags/etl_clickhouse.py
[2025-10-30T08:04:19.454+0000] {processor.py:840} INFO - DAG(s) 'move_data_to_clickhouse' retrieved from /opt/airflow/dags/etl_clickhouse.py
[2025-10-30T08:04:19.502+0000] {logging_mixin.py:188} INFO - [2025-10-30T08:04:19.501+0000] {dag.py:3096} INFO - Sync 1 DAGs
[2025-10-30T08:04:19.521+0000] {logging_mixin.py:188} INFO - [2025-10-30T08:04:19.521+0000] {dag.py:3954} INFO - Setting next_dagrun for move_data_to_clickhouse to None, run_after=None
[2025-10-30T08:04:19.571+0000] {processor.py:183} INFO - Processing /opt/airflow/dags/etl_clickhouse.py took 1.056 seconds
[2025-10-30T08:04:50.249+0000] {processor.py:161} INFO - Started process (PID=11150) to work on /opt/airflow/dags/etl_clickhouse.py
[2025-10-30T08:04:50.252+0000] {processor.py:830} INFO - Processing file /opt/airflow/dags/etl_clickhouse.py for tasks to queue
[2025-10-30T08:04:50.258+0000] {logging_mixin.py:188} INFO - [2025-10-30T08:04:50.256+0000] {dagbag.py:545} INFO - Filling up the DagBag from /opt/airflow/dags/etl_clickhouse.py
[2025-10-30T08:04:51.127+0000] {processor.py:840} INFO - DAG(s) 'move_data_to_clickhouse' retrieved from /opt/airflow/dags/etl_clickhouse.py
[2025-10-30T08:04:51.177+0000] {logging_mixin.py:188} INFO - [2025-10-30T08:04:51.176+0000] {dag.py:3096} INFO - Sync 1 DAGs
[2025-10-30T08:04:51.196+0000] {logging_mixin.py:188} INFO - [2025-10-30T08:04:51.196+0000] {dag.py:3954} INFO - Setting next_dagrun for move_data_to_clickhouse to None, run_after=None
[2025-10-30T08:04:51.227+0000] {processor.py:183} INFO - Processing /opt/airflow/dags/etl_clickhouse.py took 1.004 seconds
[2025-10-30T08:05:21.850+0000] {processor.py:161} INFO - Started process (PID=11162) to work on /opt/airflow/dags/etl_clickhouse.py
[2025-10-30T08:05:21.854+0000] {processor.py:830} INFO - Processing file /opt/airflow/dags/etl_clickhouse.py for tasks to queue
[2025-10-30T08:05:21.860+0000] {logging_mixin.py:188} INFO - [2025-10-30T08:05:21.859+0000] {dagbag.py:545} INFO - Filling up the DagBag from /opt/airflow/dags/etl_clickhouse.py
[2025-10-30T08:05:22.854+0000] {processor.py:840} INFO - DAG(s) 'move_data_to_clickhouse' retrieved from /opt/airflow/dags/etl_clickhouse.py
[2025-10-30T08:05:22.904+0000] {logging_mixin.py:188} INFO - [2025-10-30T08:05:22.903+0000] {dag.py:3096} INFO - Sync 1 DAGs
[2025-10-30T08:05:22.924+0000] {logging_mixin.py:188} INFO - [2025-10-30T08:05:22.924+0000] {dag.py:3954} INFO - Setting next_dagrun for move_data_to_clickhouse to None, run_after=None
[2025-10-30T08:05:22.979+0000] {processor.py:183} INFO - Processing /opt/airflow/dags/etl_clickhouse.py took 1.147 seconds
[2025-10-30T08:05:53.716+0000] {processor.py:161} INFO - Started process (PID=11174) to work on /opt/airflow/dags/etl_clickhouse.py
[2025-10-30T08:05:53.719+0000] {processor.py:830} INFO - Processing file /opt/airflow/dags/etl_clickhouse.py for tasks to queue
[2025-10-30T08:05:53.725+0000] {logging_mixin.py:188} INFO - [2025-10-30T08:05:53.724+0000] {dagbag.py:545} INFO - Filling up the DagBag from /opt/airflow/dags/etl_clickhouse.py
[2025-10-30T08:05:54.640+0000] {processor.py:840} INFO - DAG(s) 'move_data_to_clickhouse' retrieved from /opt/airflow/dags/etl_clickhouse.py
[2025-10-30T08:05:54.696+0000] {logging_mixin.py:188} INFO - [2025-10-30T08:05:54.695+0000] {dag.py:3096} INFO - Sync 1 DAGs
[2025-10-30T08:05:54.717+0000] {logging_mixin.py:188} INFO - [2025-10-30T08:05:54.717+0000] {dag.py:3954} INFO - Setting next_dagrun for move_data_to_clickhouse to None, run_after=None
[2025-10-30T08:05:54.771+0000] {processor.py:183} INFO - Processing /opt/airflow/dags/etl_clickhouse.py took 1.071 seconds
[2025-10-30T08:06:25.468+0000] {processor.py:161} INFO - Started process (PID=11186) to work on /opt/airflow/dags/etl_clickhouse.py
[2025-10-30T08:06:25.472+0000] {processor.py:830} INFO - Processing file /opt/airflow/dags/etl_clickhouse.py for tasks to queue
[2025-10-30T08:06:25.477+0000] {logging_mixin.py:188} INFO - [2025-10-30T08:06:25.476+0000] {dagbag.py:545} INFO - Filling up the DagBag from /opt/airflow/dags/etl_clickhouse.py
[2025-10-30T08:06:26.309+0000] {processor.py:840} INFO - DAG(s) 'move_data_to_clickhouse' retrieved from /opt/airflow/dags/etl_clickhouse.py
[2025-10-30T08:06:26.373+0000] {logging_mixin.py:188} INFO - [2025-10-30T08:06:26.372+0000] {dag.py:3096} INFO - Sync 1 DAGs
[2025-10-30T08:06:26.403+0000] {logging_mixin.py:188} INFO - [2025-10-30T08:06:26.402+0000] {dag.py:3954} INFO - Setting next_dagrun for move_data_to_clickhouse to None, run_after=None
[2025-10-30T08:06:26.455+0000] {processor.py:183} INFO - Processing /opt/airflow/dags/etl_clickhouse.py took 1.007 seconds
[2025-10-30T08:06:57.157+0000] {processor.py:161} INFO - Started process (PID=11198) to work on /opt/airflow/dags/etl_clickhouse.py
[2025-10-30T08:06:57.160+0000] {processor.py:830} INFO - Processing file /opt/airflow/dags/etl_clickhouse.py for tasks to queue
[2025-10-30T08:06:57.163+0000] {logging_mixin.py:188} INFO - [2025-10-30T08:06:57.163+0000] {dagbag.py:545} INFO - Filling up the DagBag from /opt/airflow/dags/etl_clickhouse.py
[2025-10-30T08:06:58.168+0000] {processor.py:840} INFO - DAG(s) 'move_data_to_clickhouse' retrieved from /opt/airflow/dags/etl_clickhouse.py
[2025-10-30T08:06:58.223+0000] {logging_mixin.py:188} INFO - [2025-10-30T08:06:58.222+0000] {dag.py:3096} INFO - Sync 1 DAGs
[2025-10-30T08:06:58.243+0000] {logging_mixin.py:188} INFO - [2025-10-30T08:06:58.243+0000] {dag.py:3954} INFO - Setting next_dagrun for move_data_to_clickhouse to None, run_after=None
[2025-10-30T08:06:58.277+0000] {processor.py:183} INFO - Processing /opt/airflow/dags/etl_clickhouse.py took 1.133 seconds
[2025-10-30T08:07:28.927+0000] {processor.py:161} INFO - Started process (PID=11210) to work on /opt/airflow/dags/etl_clickhouse.py
[2025-10-30T08:07:28.930+0000] {processor.py:830} INFO - Processing file /opt/airflow/dags/etl_clickhouse.py for tasks to queue
[2025-10-30T08:07:28.935+0000] {logging_mixin.py:188} INFO - [2025-10-30T08:07:28.934+0000] {dagbag.py:545} INFO - Filling up the DagBag from /opt/airflow/dags/etl_clickhouse.py
[2025-10-30T08:07:29.855+0000] {processor.py:840} INFO - DAG(s) 'move_data_to_clickhouse' retrieved from /opt/airflow/dags/etl_clickhouse.py
[2025-10-30T08:07:29.923+0000] {logging_mixin.py:188} INFO - [2025-10-30T08:07:29.922+0000] {dag.py:3096} INFO - Sync 1 DAGs
[2025-10-30T08:07:29.956+0000] {logging_mixin.py:188} INFO - [2025-10-30T08:07:29.955+0000] {dag.py:3954} INFO - Setting next_dagrun for move_data_to_clickhouse to None, run_after=None
[2025-10-30T08:07:30.017+0000] {processor.py:183} INFO - Processing /opt/airflow/dags/etl_clickhouse.py took 1.103 seconds
[2025-10-30T08:08:00.776+0000] {processor.py:161} INFO - Started process (PID=11222) to work on /opt/airflow/dags/etl_clickhouse.py
[2025-10-30T08:08:00.779+0000] {processor.py:830} INFO - Processing file /opt/airflow/dags/etl_clickhouse.py for tasks to queue
[2025-10-30T08:08:00.785+0000] {logging_mixin.py:188} INFO - [2025-10-30T08:08:00.784+0000] {dagbag.py:545} INFO - Filling up the DagBag from /opt/airflow/dags/etl_clickhouse.py
[2025-10-30T08:08:01.724+0000] {processor.py:840} INFO - DAG(s) 'move_data_to_clickhouse' retrieved from /opt/airflow/dags/etl_clickhouse.py
[2025-10-30T08:08:01.774+0000] {logging_mixin.py:188} INFO - [2025-10-30T08:08:01.773+0000] {dag.py:3096} INFO - Sync 1 DAGs
[2025-10-30T08:08:01.808+0000] {logging_mixin.py:188} INFO - [2025-10-30T08:08:01.807+0000] {dag.py:3954} INFO - Setting next_dagrun for move_data_to_clickhouse to None, run_after=None
[2025-10-30T08:08:01.862+0000] {processor.py:183} INFO - Processing /opt/airflow/dags/etl_clickhouse.py took 1.098 seconds
[2025-10-30T08:08:32.469+0000] {processor.py:161} INFO - Started process (PID=11234) to work on /opt/airflow/dags/etl_clickhouse.py
[2025-10-30T08:08:32.471+0000] {processor.py:830} INFO - Processing file /opt/airflow/dags/etl_clickhouse.py for tasks to queue
[2025-10-30T08:08:32.475+0000] {logging_mixin.py:188} INFO - [2025-10-30T08:08:32.475+0000] {dagbag.py:545} INFO - Filling up the DagBag from /opt/airflow/dags/etl_clickhouse.py
[2025-10-30T08:08:33.426+0000] {processor.py:840} INFO - DAG(s) 'move_data_to_clickhouse' retrieved from /opt/airflow/dags/etl_clickhouse.py
[2025-10-30T08:08:33.477+0000] {logging_mixin.py:188} INFO - [2025-10-30T08:08:33.476+0000] {dag.py:3096} INFO - Sync 1 DAGs
[2025-10-30T08:08:33.496+0000] {logging_mixin.py:188} INFO - [2025-10-30T08:08:33.496+0000] {dag.py:3954} INFO - Setting next_dagrun for move_data_to_clickhouse to None, run_after=None
[2025-10-30T08:08:33.541+0000] {processor.py:183} INFO - Processing /opt/airflow/dags/etl_clickhouse.py took 1.083 seconds
[2025-10-30T08:09:04.131+0000] {processor.py:161} INFO - Started process (PID=11246) to work on /opt/airflow/dags/etl_clickhouse.py
[2025-10-30T08:09:04.134+0000] {processor.py:830} INFO - Processing file /opt/airflow/dags/etl_clickhouse.py for tasks to queue
[2025-10-30T08:09:04.139+0000] {logging_mixin.py:188} INFO - [2025-10-30T08:09:04.138+0000] {dagbag.py:545} INFO - Filling up the DagBag from /opt/airflow/dags/etl_clickhouse.py
[2025-10-30T08:09:05.117+0000] {processor.py:840} INFO - DAG(s) 'move_data_to_clickhouse' retrieved from /opt/airflow/dags/etl_clickhouse.py
[2025-10-30T08:09:05.165+0000] {logging_mixin.py:188} INFO - [2025-10-30T08:09:05.165+0000] {dag.py:3096} INFO - Sync 1 DAGs
[2025-10-30T08:09:05.180+0000] {logging_mixin.py:188} INFO - [2025-10-30T08:09:05.180+0000] {dag.py:3954} INFO - Setting next_dagrun for move_data_to_clickhouse to None, run_after=None
[2025-10-30T08:09:05.233+0000] {processor.py:183} INFO - Processing /opt/airflow/dags/etl_clickhouse.py took 1.114 seconds
[2025-10-30T08:09:35.921+0000] {processor.py:161} INFO - Started process (PID=11258) to work on /opt/airflow/dags/etl_clickhouse.py
[2025-10-30T08:09:35.923+0000] {processor.py:830} INFO - Processing file /opt/airflow/dags/etl_clickhouse.py for tasks to queue
[2025-10-30T08:09:35.927+0000] {logging_mixin.py:188} INFO - [2025-10-30T08:09:35.926+0000] {dagbag.py:545} INFO - Filling up the DagBag from /opt/airflow/dags/etl_clickhouse.py
[2025-10-30T08:09:36.845+0000] {processor.py:840} INFO - DAG(s) 'move_data_to_clickhouse' retrieved from /opt/airflow/dags/etl_clickhouse.py
[2025-10-30T08:09:36.900+0000] {logging_mixin.py:188} INFO - [2025-10-30T08:09:36.900+0000] {dag.py:3096} INFO - Sync 1 DAGs
[2025-10-30T08:09:36.927+0000] {logging_mixin.py:188} INFO - [2025-10-30T08:09:36.927+0000] {dag.py:3954} INFO - Setting next_dagrun for move_data_to_clickhouse to None, run_after=None
[2025-10-30T08:09:36.981+0000] {processor.py:183} INFO - Processing /opt/airflow/dags/etl_clickhouse.py took 1.071 seconds
[2025-10-30T08:10:07.690+0000] {processor.py:161} INFO - Started process (PID=11270) to work on /opt/airflow/dags/etl_clickhouse.py
[2025-10-30T08:10:07.693+0000] {processor.py:830} INFO - Processing file /opt/airflow/dags/etl_clickhouse.py for tasks to queue
[2025-10-30T08:10:07.697+0000] {logging_mixin.py:188} INFO - [2025-10-30T08:10:07.696+0000] {dagbag.py:545} INFO - Filling up the DagBag from /opt/airflow/dags/etl_clickhouse.py
[2025-10-30T08:10:08.981+0000] {processor.py:840} INFO - DAG(s) 'move_data_to_clickhouse' retrieved from /opt/airflow/dags/etl_clickhouse.py
[2025-10-30T08:10:09.035+0000] {logging_mixin.py:188} INFO - [2025-10-30T08:10:09.034+0000] {dag.py:3096} INFO - Sync 1 DAGs
[2025-10-30T08:10:09.056+0000] {logging_mixin.py:188} INFO - [2025-10-30T08:10:09.055+0000] {dag.py:3954} INFO - Setting next_dagrun for move_data_to_clickhouse to None, run_after=None
[2025-10-30T08:10:09.115+0000] {processor.py:183} INFO - Processing /opt/airflow/dags/etl_clickhouse.py took 1.455 seconds
[2025-10-30T08:10:39.460+0000] {processor.py:161} INFO - Started process (PID=11282) to work on /opt/airflow/dags/etl_clickhouse.py
[2025-10-30T08:10:39.462+0000] {processor.py:830} INFO - Processing file /opt/airflow/dags/etl_clickhouse.py for tasks to queue
[2025-10-30T08:10:39.467+0000] {logging_mixin.py:188} INFO - [2025-10-30T08:10:39.466+0000] {dagbag.py:545} INFO - Filling up the DagBag from /opt/airflow/dags/etl_clickhouse.py
[2025-10-30T08:10:40.421+0000] {processor.py:840} INFO - DAG(s) 'move_data_to_clickhouse' retrieved from /opt/airflow/dags/etl_clickhouse.py
[2025-10-30T08:10:40.470+0000] {logging_mixin.py:188} INFO - [2025-10-30T08:10:40.470+0000] {dag.py:3096} INFO - Sync 1 DAGs
[2025-10-30T08:10:40.498+0000] {logging_mixin.py:188} INFO - [2025-10-30T08:10:40.498+0000] {dag.py:3954} INFO - Setting next_dagrun for move_data_to_clickhouse to None, run_after=None
[2025-10-30T08:10:40.556+0000] {processor.py:183} INFO - Processing /opt/airflow/dags/etl_clickhouse.py took 1.108 seconds
[2025-10-30T08:11:11.135+0000] {processor.py:161} INFO - Started process (PID=11294) to work on /opt/airflow/dags/etl_clickhouse.py
[2025-10-30T08:11:11.138+0000] {processor.py:830} INFO - Processing file /opt/airflow/dags/etl_clickhouse.py for tasks to queue
[2025-10-30T08:11:11.142+0000] {logging_mixin.py:188} INFO - [2025-10-30T08:11:11.142+0000] {dagbag.py:545} INFO - Filling up the DagBag from /opt/airflow/dags/etl_clickhouse.py
[2025-10-30T08:11:12.204+0000] {processor.py:840} INFO - DAG(s) 'move_data_to_clickhouse' retrieved from /opt/airflow/dags/etl_clickhouse.py
[2025-10-30T08:11:12.272+0000] {logging_mixin.py:188} INFO - [2025-10-30T08:11:12.270+0000] {dag.py:3096} INFO - Sync 1 DAGs
[2025-10-30T08:11:12.292+0000] {logging_mixin.py:188} INFO - [2025-10-30T08:11:12.291+0000] {dag.py:3954} INFO - Setting next_dagrun for move_data_to_clickhouse to None, run_after=None
[2025-10-30T08:11:12.340+0000] {processor.py:183} INFO - Processing /opt/airflow/dags/etl_clickhouse.py took 1.219 seconds
[2025-10-30T08:11:42.746+0000] {processor.py:161} INFO - Started process (PID=11306) to work on /opt/airflow/dags/etl_clickhouse.py
[2025-10-30T08:11:42.748+0000] {processor.py:830} INFO - Processing file /opt/airflow/dags/etl_clickhouse.py for tasks to queue
[2025-10-30T08:11:42.752+0000] {logging_mixin.py:188} INFO - [2025-10-30T08:11:42.751+0000] {dagbag.py:545} INFO - Filling up the DagBag from /opt/airflow/dags/etl_clickhouse.py
[2025-10-30T08:11:43.646+0000] {processor.py:840} INFO - DAG(s) 'move_data_to_clickhouse' retrieved from /opt/airflow/dags/etl_clickhouse.py
[2025-10-30T08:11:43.700+0000] {logging_mixin.py:188} INFO - [2025-10-30T08:11:43.700+0000] {dag.py:3096} INFO - Sync 1 DAGs
[2025-10-30T08:11:43.721+0000] {logging_mixin.py:188} INFO - [2025-10-30T08:11:43.721+0000] {dag.py:3954} INFO - Setting next_dagrun for move_data_to_clickhouse to None, run_after=None
[2025-10-30T08:11:43.766+0000] {processor.py:183} INFO - Processing /opt/airflow/dags/etl_clickhouse.py took 1.032 seconds
[2025-10-30T08:12:14.437+0000] {processor.py:161} INFO - Started process (PID=11318) to work on /opt/airflow/dags/etl_clickhouse.py
[2025-10-30T08:12:14.439+0000] {processor.py:830} INFO - Processing file /opt/airflow/dags/etl_clickhouse.py for tasks to queue
[2025-10-30T08:12:14.444+0000] {logging_mixin.py:188} INFO - [2025-10-30T08:12:14.443+0000] {dagbag.py:545} INFO - Filling up the DagBag from /opt/airflow/dags/etl_clickhouse.py
[2025-10-30T08:12:15.598+0000] {processor.py:840} INFO - DAG(s) 'move_data_to_clickhouse' retrieved from /opt/airflow/dags/etl_clickhouse.py
[2025-10-30T08:12:15.653+0000] {logging_mixin.py:188} INFO - [2025-10-30T08:12:15.653+0000] {dag.py:3096} INFO - Sync 1 DAGs
[2025-10-30T08:12:15.676+0000] {logging_mixin.py:188} INFO - [2025-10-30T08:12:15.675+0000] {dag.py:3954} INFO - Setting next_dagrun for move_data_to_clickhouse to None, run_after=None
[2025-10-30T08:12:15.735+0000] {processor.py:183} INFO - Processing /opt/airflow/dags/etl_clickhouse.py took 1.312 seconds
[2025-10-30T08:12:46.145+0000] {processor.py:161} INFO - Started process (PID=11330) to work on /opt/airflow/dags/etl_clickhouse.py
[2025-10-30T08:12:46.147+0000] {processor.py:830} INFO - Processing file /opt/airflow/dags/etl_clickhouse.py for tasks to queue
[2025-10-30T08:12:46.151+0000] {logging_mixin.py:188} INFO - [2025-10-30T08:12:46.150+0000] {dagbag.py:545} INFO - Filling up the DagBag from /opt/airflow/dags/etl_clickhouse.py
[2025-10-30T08:12:47.059+0000] {processor.py:840} INFO - DAG(s) 'move_data_to_clickhouse' retrieved from /opt/airflow/dags/etl_clickhouse.py
[2025-10-30T08:12:47.103+0000] {logging_mixin.py:188} INFO - [2025-10-30T08:12:47.103+0000] {dag.py:3096} INFO - Sync 1 DAGs
[2025-10-30T08:12:47.125+0000] {logging_mixin.py:188} INFO - [2025-10-30T08:12:47.125+0000] {dag.py:3954} INFO - Setting next_dagrun for move_data_to_clickhouse to None, run_after=None
[2025-10-30T08:12:47.159+0000] {processor.py:183} INFO - Processing /opt/airflow/dags/etl_clickhouse.py took 1.026 seconds
[2025-10-30T08:13:18.060+0000] {processor.py:161} INFO - Started process (PID=11342) to work on /opt/airflow/dags/etl_clickhouse.py
[2025-10-30T08:13:18.063+0000] {processor.py:830} INFO - Processing file /opt/airflow/dags/etl_clickhouse.py for tasks to queue
[2025-10-30T08:13:18.070+0000] {logging_mixin.py:188} INFO - [2025-10-30T08:13:18.069+0000] {dagbag.py:545} INFO - Filling up the DagBag from /opt/airflow/dags/etl_clickhouse.py
[2025-10-30T08:13:19.127+0000] {processor.py:840} INFO - DAG(s) 'move_data_to_clickhouse' retrieved from /opt/airflow/dags/etl_clickhouse.py
[2025-10-30T08:13:19.183+0000] {logging_mixin.py:188} INFO - [2025-10-30T08:13:19.182+0000] {dag.py:3096} INFO - Sync 1 DAGs
[2025-10-30T08:13:19.205+0000] {logging_mixin.py:188} INFO - [2025-10-30T08:13:19.205+0000] {dag.py:3954} INFO - Setting next_dagrun for move_data_to_clickhouse to None, run_after=None
[2025-10-30T08:13:19.259+0000] {processor.py:183} INFO - Processing /opt/airflow/dags/etl_clickhouse.py took 1.222 seconds
[2025-10-30T08:13:49.696+0000] {processor.py:161} INFO - Started process (PID=11354) to work on /opt/airflow/dags/etl_clickhouse.py
[2025-10-30T08:13:49.698+0000] {processor.py:830} INFO - Processing file /opt/airflow/dags/etl_clickhouse.py for tasks to queue
[2025-10-30T08:13:49.703+0000] {logging_mixin.py:188} INFO - [2025-10-30T08:13:49.702+0000] {dagbag.py:545} INFO - Filling up the DagBag from /opt/airflow/dags/etl_clickhouse.py
[2025-10-30T08:13:50.625+0000] {processor.py:840} INFO - DAG(s) 'move_data_to_clickhouse' retrieved from /opt/airflow/dags/etl_clickhouse.py
[2025-10-30T08:13:50.675+0000] {logging_mixin.py:188} INFO - [2025-10-30T08:13:50.674+0000] {dag.py:3096} INFO - Sync 1 DAGs
[2025-10-30T08:13:50.693+0000] {logging_mixin.py:188} INFO - [2025-10-30T08:13:50.693+0000] {dag.py:3954} INFO - Setting next_dagrun for move_data_to_clickhouse to None, run_after=None
[2025-10-30T08:13:50.726+0000] {processor.py:183} INFO - Processing /opt/airflow/dags/etl_clickhouse.py took 1.042 seconds
[2025-10-30T08:14:21.404+0000] {processor.py:161} INFO - Started process (PID=11366) to work on /opt/airflow/dags/etl_clickhouse.py
[2025-10-30T08:14:21.407+0000] {processor.py:830} INFO - Processing file /opt/airflow/dags/etl_clickhouse.py for tasks to queue
[2025-10-30T08:14:21.412+0000] {logging_mixin.py:188} INFO - [2025-10-30T08:14:21.411+0000] {dagbag.py:545} INFO - Filling up the DagBag from /opt/airflow/dags/etl_clickhouse.py
[2025-10-30T08:14:22.322+0000] {processor.py:840} INFO - DAG(s) 'move_data_to_clickhouse' retrieved from /opt/airflow/dags/etl_clickhouse.py
[2025-10-30T08:14:22.367+0000] {logging_mixin.py:188} INFO - [2025-10-30T08:14:22.367+0000] {dag.py:3096} INFO - Sync 1 DAGs
[2025-10-30T08:14:22.384+0000] {logging_mixin.py:188} INFO - [2025-10-30T08:14:22.383+0000] {dag.py:3954} INFO - Setting next_dagrun for move_data_to_clickhouse to None, run_after=None
[2025-10-30T08:14:22.432+0000] {processor.py:183} INFO - Processing /opt/airflow/dags/etl_clickhouse.py took 1.044 seconds
[2025-10-30T08:14:53.076+0000] {processor.py:161} INFO - Started process (PID=11378) to work on /opt/airflow/dags/etl_clickhouse.py
[2025-10-30T08:14:53.078+0000] {processor.py:830} INFO - Processing file /opt/airflow/dags/etl_clickhouse.py for tasks to queue
[2025-10-30T08:14:53.082+0000] {logging_mixin.py:188} INFO - [2025-10-30T08:14:53.081+0000] {dagbag.py:545} INFO - Filling up the DagBag from /opt/airflow/dags/etl_clickhouse.py
[2025-10-30T08:14:53.979+0000] {processor.py:840} INFO - DAG(s) 'move_data_to_clickhouse' retrieved from /opt/airflow/dags/etl_clickhouse.py
[2025-10-30T08:14:54.030+0000] {logging_mixin.py:188} INFO - [2025-10-30T08:14:54.029+0000] {dag.py:3096} INFO - Sync 1 DAGs
[2025-10-30T08:14:54.049+0000] {logging_mixin.py:188} INFO - [2025-10-30T08:14:54.049+0000] {dag.py:3954} INFO - Setting next_dagrun for move_data_to_clickhouse to None, run_after=None
[2025-10-30T08:14:54.097+0000] {processor.py:183} INFO - Processing /opt/airflow/dags/etl_clickhouse.py took 1.034 seconds
[2025-10-30T08:15:24.774+0000] {processor.py:161} INFO - Started process (PID=11390) to work on /opt/airflow/dags/etl_clickhouse.py
[2025-10-30T08:15:24.776+0000] {processor.py:830} INFO - Processing file /opt/airflow/dags/etl_clickhouse.py for tasks to queue
[2025-10-30T08:15:24.780+0000] {logging_mixin.py:188} INFO - [2025-10-30T08:15:24.780+0000] {dagbag.py:545} INFO - Filling up the DagBag from /opt/airflow/dags/etl_clickhouse.py
[2025-10-30T08:15:25.735+0000] {processor.py:840} INFO - DAG(s) 'move_data_to_clickhouse' retrieved from /opt/airflow/dags/etl_clickhouse.py
[2025-10-30T08:15:25.811+0000] {logging_mixin.py:188} INFO - [2025-10-30T08:15:25.811+0000] {dag.py:3096} INFO - Sync 1 DAGs
[2025-10-30T08:15:25.831+0000] {logging_mixin.py:188} INFO - [2025-10-30T08:15:25.831+0000] {dag.py:3954} INFO - Setting next_dagrun for move_data_to_clickhouse to None, run_after=None
[2025-10-30T08:15:25.872+0000] {processor.py:183} INFO - Processing /opt/airflow/dags/etl_clickhouse.py took 1.111 seconds
[2025-10-30T08:15:56.552+0000] {processor.py:161} INFO - Started process (PID=11402) to work on /opt/airflow/dags/etl_clickhouse.py
[2025-10-30T08:15:56.554+0000] {processor.py:830} INFO - Processing file /opt/airflow/dags/etl_clickhouse.py for tasks to queue
[2025-10-30T08:15:56.558+0000] {logging_mixin.py:188} INFO - [2025-10-30T08:15:56.557+0000] {dagbag.py:545} INFO - Filling up the DagBag from /opt/airflow/dags/etl_clickhouse.py
[2025-10-30T08:15:57.472+0000] {processor.py:840} INFO - DAG(s) 'move_data_to_clickhouse' retrieved from /opt/airflow/dags/etl_clickhouse.py
[2025-10-30T08:15:57.531+0000] {logging_mixin.py:188} INFO - [2025-10-30T08:15:57.530+0000] {dag.py:3096} INFO - Sync 1 DAGs
[2025-10-30T08:15:57.551+0000] {logging_mixin.py:188} INFO - [2025-10-30T08:15:57.551+0000] {dag.py:3954} INFO - Setting next_dagrun for move_data_to_clickhouse to None, run_after=None
[2025-10-30T08:15:57.587+0000] {processor.py:183} INFO - Processing /opt/airflow/dags/etl_clickhouse.py took 1.049 seconds
[2025-10-30T08:16:28.183+0000] {processor.py:161} INFO - Started process (PID=11414) to work on /opt/airflow/dags/etl_clickhouse.py
[2025-10-30T08:16:28.185+0000] {processor.py:830} INFO - Processing file /opt/airflow/dags/etl_clickhouse.py for tasks to queue
[2025-10-30T08:16:28.191+0000] {logging_mixin.py:188} INFO - [2025-10-30T08:16:28.190+0000] {dagbag.py:545} INFO - Filling up the DagBag from /opt/airflow/dags/etl_clickhouse.py
[2025-10-30T08:16:29.083+0000] {processor.py:840} INFO - DAG(s) 'move_data_to_clickhouse' retrieved from /opt/airflow/dags/etl_clickhouse.py
[2025-10-30T08:16:29.150+0000] {logging_mixin.py:188} INFO - [2025-10-30T08:16:29.150+0000] {dag.py:3096} INFO - Sync 1 DAGs
[2025-10-30T08:16:29.170+0000] {logging_mixin.py:188} INFO - [2025-10-30T08:16:29.170+0000] {dag.py:3954} INFO - Setting next_dagrun for move_data_to_clickhouse to None, run_after=None
[2025-10-30T08:16:29.219+0000] {processor.py:183} INFO - Processing /opt/airflow/dags/etl_clickhouse.py took 1.048 seconds
[2025-10-30T08:16:59.840+0000] {processor.py:161} INFO - Started process (PID=11426) to work on /opt/airflow/dags/etl_clickhouse.py
[2025-10-30T08:16:59.842+0000] {processor.py:830} INFO - Processing file /opt/airflow/dags/etl_clickhouse.py for tasks to queue
[2025-10-30T08:16:59.846+0000] {logging_mixin.py:188} INFO - [2025-10-30T08:16:59.845+0000] {dagbag.py:545} INFO - Filling up the DagBag from /opt/airflow/dags/etl_clickhouse.py
[2025-10-30T08:17:00.822+0000] {processor.py:840} INFO - DAG(s) 'move_data_to_clickhouse' retrieved from /opt/airflow/dags/etl_clickhouse.py
[2025-10-30T08:17:00.878+0000] {logging_mixin.py:188} INFO - [2025-10-30T08:17:00.878+0000] {dag.py:3096} INFO - Sync 1 DAGs
[2025-10-30T08:17:00.898+0000] {logging_mixin.py:188} INFO - [2025-10-30T08:17:00.897+0000] {dag.py:3954} INFO - Setting next_dagrun for move_data_to_clickhouse to None, run_after=None
[2025-10-30T08:17:00.931+0000] {processor.py:183} INFO - Processing /opt/airflow/dags/etl_clickhouse.py took 1.103 seconds
[2025-10-30T08:17:31.576+0000] {processor.py:161} INFO - Started process (PID=11438) to work on /opt/airflow/dags/etl_clickhouse.py
[2025-10-30T08:17:31.579+0000] {processor.py:830} INFO - Processing file /opt/airflow/dags/etl_clickhouse.py for tasks to queue
[2025-10-30T08:17:31.584+0000] {logging_mixin.py:188} INFO - [2025-10-30T08:17:31.582+0000] {dagbag.py:545} INFO - Filling up the DagBag from /opt/airflow/dags/etl_clickhouse.py
[2025-10-30T08:17:32.622+0000] {processor.py:840} INFO - DAG(s) 'move_data_to_clickhouse' retrieved from /opt/airflow/dags/etl_clickhouse.py
[2025-10-30T08:17:32.706+0000] {logging_mixin.py:188} INFO - [2025-10-30T08:17:32.705+0000] {dag.py:3096} INFO - Sync 1 DAGs
[2025-10-30T08:17:32.728+0000] {logging_mixin.py:188} INFO - [2025-10-30T08:17:32.728+0000] {dag.py:3954} INFO - Setting next_dagrun for move_data_to_clickhouse to None, run_after=None
[2025-10-30T08:17:32.761+0000] {processor.py:183} INFO - Processing /opt/airflow/dags/etl_clickhouse.py took 1.197 seconds
[2025-10-30T08:18:03.428+0000] {processor.py:161} INFO - Started process (PID=11450) to work on /opt/airflow/dags/etl_clickhouse.py
[2025-10-30T08:18:03.432+0000] {processor.py:830} INFO - Processing file /opt/airflow/dags/etl_clickhouse.py for tasks to queue
[2025-10-30T08:18:03.438+0000] {logging_mixin.py:188} INFO - [2025-10-30T08:18:03.437+0000] {dagbag.py:545} INFO - Filling up the DagBag from /opt/airflow/dags/etl_clickhouse.py
[2025-10-30T08:18:04.386+0000] {processor.py:840} INFO - DAG(s) 'move_data_to_clickhouse' retrieved from /opt/airflow/dags/etl_clickhouse.py
[2025-10-30T08:18:04.448+0000] {logging_mixin.py:188} INFO - [2025-10-30T08:18:04.447+0000] {dag.py:3096} INFO - Sync 1 DAGs
[2025-10-30T08:18:04.465+0000] {logging_mixin.py:188} INFO - [2025-10-30T08:18:04.465+0000] {dag.py:3954} INFO - Setting next_dagrun for move_data_to_clickhouse to None, run_after=None
[2025-10-30T08:18:04.526+0000] {processor.py:183} INFO - Processing /opt/airflow/dags/etl_clickhouse.py took 1.117 seconds
[2025-10-30T08:18:35.136+0000] {processor.py:161} INFO - Started process (PID=11462) to work on /opt/airflow/dags/etl_clickhouse.py
[2025-10-30T08:18:35.138+0000] {processor.py:830} INFO - Processing file /opt/airflow/dags/etl_clickhouse.py for tasks to queue
[2025-10-30T08:18:35.143+0000] {logging_mixin.py:188} INFO - [2025-10-30T08:18:35.143+0000] {dagbag.py:545} INFO - Filling up the DagBag from /opt/airflow/dags/etl_clickhouse.py
[2025-10-30T08:18:36.030+0000] {processor.py:840} INFO - DAG(s) 'move_data_to_clickhouse' retrieved from /opt/airflow/dags/etl_clickhouse.py
[2025-10-30T08:18:36.073+0000] {logging_mixin.py:188} INFO - [2025-10-30T08:18:36.072+0000] {dag.py:3096} INFO - Sync 1 DAGs
[2025-10-30T08:18:36.089+0000] {logging_mixin.py:188} INFO - [2025-10-30T08:18:36.089+0000] {dag.py:3954} INFO - Setting next_dagrun for move_data_to_clickhouse to None, run_after=None
[2025-10-30T08:18:36.136+0000] {processor.py:183} INFO - Processing /opt/airflow/dags/etl_clickhouse.py took 1.011 seconds
[2025-10-30T08:19:06.781+0000] {processor.py:161} INFO - Started process (PID=11474) to work on /opt/airflow/dags/etl_clickhouse.py
[2025-10-30T08:19:06.784+0000] {processor.py:830} INFO - Processing file /opt/airflow/dags/etl_clickhouse.py for tasks to queue
[2025-10-30T08:19:06.789+0000] {logging_mixin.py:188} INFO - [2025-10-30T08:19:06.788+0000] {dagbag.py:545} INFO - Filling up the DagBag from /opt/airflow/dags/etl_clickhouse.py
[2025-10-30T08:19:07.713+0000] {processor.py:840} INFO - DAG(s) 'move_data_to_clickhouse' retrieved from /opt/airflow/dags/etl_clickhouse.py
[2025-10-30T08:19:07.785+0000] {logging_mixin.py:188} INFO - [2025-10-30T08:19:07.784+0000] {dag.py:3096} INFO - Sync 1 DAGs
[2025-10-30T08:19:07.823+0000] {logging_mixin.py:188} INFO - [2025-10-30T08:19:07.822+0000] {dag.py:3954} INFO - Setting next_dagrun for move_data_to_clickhouse to None, run_after=None
[2025-10-30T08:19:07.872+0000] {processor.py:183} INFO - Processing /opt/airflow/dags/etl_clickhouse.py took 1.108 seconds
[2025-10-30T08:19:38.509+0000] {processor.py:161} INFO - Started process (PID=11486) to work on /opt/airflow/dags/etl_clickhouse.py
[2025-10-30T08:19:38.512+0000] {processor.py:830} INFO - Processing file /opt/airflow/dags/etl_clickhouse.py for tasks to queue
[2025-10-30T08:19:38.516+0000] {logging_mixin.py:188} INFO - [2025-10-30T08:19:38.515+0000] {dagbag.py:545} INFO - Filling up the DagBag from /opt/airflow/dags/etl_clickhouse.py
[2025-10-30T08:19:39.451+0000] {processor.py:840} INFO - DAG(s) 'move_data_to_clickhouse' retrieved from /opt/airflow/dags/etl_clickhouse.py
[2025-10-30T08:19:39.523+0000] {logging_mixin.py:188} INFO - [2025-10-30T08:19:39.522+0000] {dag.py:3096} INFO - Sync 1 DAGs
[2025-10-30T08:19:39.542+0000] {logging_mixin.py:188} INFO - [2025-10-30T08:19:39.541+0000] {dag.py:3954} INFO - Setting next_dagrun for move_data_to_clickhouse to None, run_after=None
[2025-10-30T08:19:39.594+0000] {processor.py:183} INFO - Processing /opt/airflow/dags/etl_clickhouse.py took 1.101 seconds
[2025-10-30T08:20:10.164+0000] {processor.py:161} INFO - Started process (PID=11498) to work on /opt/airflow/dags/etl_clickhouse.py
[2025-10-30T08:20:10.167+0000] {processor.py:830} INFO - Processing file /opt/airflow/dags/etl_clickhouse.py for tasks to queue
[2025-10-30T08:20:10.171+0000] {logging_mixin.py:188} INFO - [2025-10-30T08:20:10.170+0000] {dagbag.py:545} INFO - Filling up the DagBag from /opt/airflow/dags/etl_clickhouse.py
[2025-10-30T08:20:11.294+0000] {processor.py:840} INFO - DAG(s) 'move_data_to_clickhouse' retrieved from /opt/airflow/dags/etl_clickhouse.py
[2025-10-30T08:20:11.361+0000] {logging_mixin.py:188} INFO - [2025-10-30T08:20:11.361+0000] {dag.py:3096} INFO - Sync 1 DAGs
[2025-10-30T08:20:11.377+0000] {logging_mixin.py:188} INFO - [2025-10-30T08:20:11.377+0000] {dag.py:3954} INFO - Setting next_dagrun for move_data_to_clickhouse to None, run_after=None
[2025-10-30T08:20:11.423+0000] {processor.py:183} INFO - Processing /opt/airflow/dags/etl_clickhouse.py took 1.278 seconds
[2025-10-30T08:20:41.864+0000] {processor.py:161} INFO - Started process (PID=11510) to work on /opt/airflow/dags/etl_clickhouse.py
[2025-10-30T08:20:41.867+0000] {processor.py:830} INFO - Processing file /opt/airflow/dags/etl_clickhouse.py for tasks to queue
[2025-10-30T08:20:41.871+0000] {logging_mixin.py:188} INFO - [2025-10-30T08:20:41.870+0000] {dagbag.py:545} INFO - Filling up the DagBag from /opt/airflow/dags/etl_clickhouse.py
[2025-10-30T08:20:42.816+0000] {processor.py:840} INFO - DAG(s) 'move_data_to_clickhouse' retrieved from /opt/airflow/dags/etl_clickhouse.py
[2025-10-30T08:20:42.862+0000] {logging_mixin.py:188} INFO - [2025-10-30T08:20:42.861+0000] {dag.py:3096} INFO - Sync 1 DAGs
[2025-10-30T08:20:42.878+0000] {logging_mixin.py:188} INFO - [2025-10-30T08:20:42.878+0000] {dag.py:3954} INFO - Setting next_dagrun for move_data_to_clickhouse to None, run_after=None
[2025-10-30T08:20:42.936+0000] {processor.py:183} INFO - Processing /opt/airflow/dags/etl_clickhouse.py took 1.084 seconds
[2025-10-30T08:21:13.706+0000] {processor.py:161} INFO - Started process (PID=11522) to work on /opt/airflow/dags/etl_clickhouse.py
[2025-10-30T08:21:13.708+0000] {processor.py:830} INFO - Processing file /opt/airflow/dags/etl_clickhouse.py for tasks to queue
[2025-10-30T08:21:13.711+0000] {logging_mixin.py:188} INFO - [2025-10-30T08:21:13.711+0000] {dagbag.py:545} INFO - Filling up the DagBag from /opt/airflow/dags/etl_clickhouse.py
[2025-10-30T08:21:14.629+0000] {processor.py:840} INFO - DAG(s) 'move_data_to_clickhouse' retrieved from /opt/airflow/dags/etl_clickhouse.py
[2025-10-30T08:21:14.682+0000] {logging_mixin.py:188} INFO - [2025-10-30T08:21:14.681+0000] {dag.py:3096} INFO - Sync 1 DAGs
[2025-10-30T08:21:14.704+0000] {logging_mixin.py:188} INFO - [2025-10-30T08:21:14.703+0000] {dag.py:3954} INFO - Setting next_dagrun for move_data_to_clickhouse to None, run_after=None
[2025-10-30T08:21:14.761+0000] {processor.py:183} INFO - Processing /opt/airflow/dags/etl_clickhouse.py took 1.072 seconds
[2025-10-30T08:21:45.451+0000] {processor.py:161} INFO - Started process (PID=11534) to work on /opt/airflow/dags/etl_clickhouse.py
[2025-10-30T08:21:45.454+0000] {processor.py:830} INFO - Processing file /opt/airflow/dags/etl_clickhouse.py for tasks to queue
[2025-10-30T08:21:45.460+0000] {logging_mixin.py:188} INFO - [2025-10-30T08:21:45.459+0000] {dagbag.py:545} INFO - Filling up the DagBag from /opt/airflow/dags/etl_clickhouse.py
[2025-10-30T08:21:46.392+0000] {processor.py:840} INFO - DAG(s) 'move_data_to_clickhouse' retrieved from /opt/airflow/dags/etl_clickhouse.py
[2025-10-30T08:21:46.446+0000] {logging_mixin.py:188} INFO - [2025-10-30T08:21:46.445+0000] {dag.py:3096} INFO - Sync 1 DAGs
[2025-10-30T08:21:46.462+0000] {logging_mixin.py:188} INFO - [2025-10-30T08:21:46.462+0000] {dag.py:3954} INFO - Setting next_dagrun for move_data_to_clickhouse to None, run_after=None
[2025-10-30T08:21:46.514+0000] {processor.py:183} INFO - Processing /opt/airflow/dags/etl_clickhouse.py took 1.076 seconds
[2025-10-30T08:22:17.188+0000] {processor.py:161} INFO - Started process (PID=11546) to work on /opt/airflow/dags/etl_clickhouse.py
[2025-10-30T08:22:17.190+0000] {processor.py:830} INFO - Processing file /opt/airflow/dags/etl_clickhouse.py for tasks to queue
[2025-10-30T08:22:17.195+0000] {logging_mixin.py:188} INFO - [2025-10-30T08:22:17.194+0000] {dagbag.py:545} INFO - Filling up the DagBag from /opt/airflow/dags/etl_clickhouse.py
[2025-10-30T08:22:18.111+0000] {processor.py:840} INFO - DAG(s) 'move_data_to_clickhouse' retrieved from /opt/airflow/dags/etl_clickhouse.py
[2025-10-30T08:22:18.164+0000] {logging_mixin.py:188} INFO - [2025-10-30T08:22:18.164+0000] {dag.py:3096} INFO - Sync 1 DAGs
[2025-10-30T08:22:18.182+0000] {logging_mixin.py:188} INFO - [2025-10-30T08:22:18.182+0000] {dag.py:3954} INFO - Setting next_dagrun for move_data_to_clickhouse to None, run_after=None
[2025-10-30T08:22:18.218+0000] {processor.py:183} INFO - Processing /opt/airflow/dags/etl_clickhouse.py took 1.041 seconds
[2025-10-30T08:22:48.822+0000] {processor.py:161} INFO - Started process (PID=11558) to work on /opt/airflow/dags/etl_clickhouse.py
[2025-10-30T08:22:48.824+0000] {processor.py:830} INFO - Processing file /opt/airflow/dags/etl_clickhouse.py for tasks to queue
[2025-10-30T08:22:48.828+0000] {logging_mixin.py:188} INFO - [2025-10-30T08:22:48.828+0000] {dagbag.py:545} INFO - Filling up the DagBag from /opt/airflow/dags/etl_clickhouse.py
[2025-10-30T08:22:49.721+0000] {processor.py:840} INFO - DAG(s) 'move_data_to_clickhouse' retrieved from /opt/airflow/dags/etl_clickhouse.py
[2025-10-30T08:22:49.788+0000] {logging_mixin.py:188} INFO - [2025-10-30T08:22:49.788+0000] {dag.py:3096} INFO - Sync 1 DAGs
[2025-10-30T08:22:49.806+0000] {logging_mixin.py:188} INFO - [2025-10-30T08:22:49.805+0000] {dag.py:3954} INFO - Setting next_dagrun for move_data_to_clickhouse to None, run_after=None
[2025-10-30T08:22:49.841+0000] {processor.py:183} INFO - Processing /opt/airflow/dags/etl_clickhouse.py took 1.032 seconds
[2025-10-30T08:23:20.442+0000] {processor.py:161} INFO - Started process (PID=11570) to work on /opt/airflow/dags/etl_clickhouse.py
[2025-10-30T08:23:20.445+0000] {processor.py:830} INFO - Processing file /opt/airflow/dags/etl_clickhouse.py for tasks to queue
[2025-10-30T08:23:20.449+0000] {logging_mixin.py:188} INFO - [2025-10-30T08:23:20.448+0000] {dagbag.py:545} INFO - Filling up the DagBag from /opt/airflow/dags/etl_clickhouse.py
[2025-10-30T08:23:21.469+0000] {processor.py:840} INFO - DAG(s) 'move_data_to_clickhouse' retrieved from /opt/airflow/dags/etl_clickhouse.py
[2025-10-30T08:23:21.517+0000] {logging_mixin.py:188} INFO - [2025-10-30T08:23:21.516+0000] {dag.py:3096} INFO - Sync 1 DAGs
[2025-10-30T08:23:21.538+0000] {logging_mixin.py:188} INFO - [2025-10-30T08:23:21.537+0000] {dag.py:3954} INFO - Setting next_dagrun for move_data_to_clickhouse to None, run_after=None
[2025-10-30T08:23:21.582+0000] {processor.py:183} INFO - Processing /opt/airflow/dags/etl_clickhouse.py took 1.154 seconds
[2025-10-30T08:23:52.170+0000] {processor.py:161} INFO - Started process (PID=11582) to work on /opt/airflow/dags/etl_clickhouse.py
[2025-10-30T08:23:52.176+0000] {processor.py:830} INFO - Processing file /opt/airflow/dags/etl_clickhouse.py for tasks to queue
[2025-10-30T08:23:52.182+0000] {logging_mixin.py:188} INFO - [2025-10-30T08:23:52.181+0000] {dagbag.py:545} INFO - Filling up the DagBag from /opt/airflow/dags/etl_clickhouse.py
[2025-10-30T08:23:53.106+0000] {processor.py:840} INFO - DAG(s) 'move_data_to_clickhouse' retrieved from /opt/airflow/dags/etl_clickhouse.py
[2025-10-30T08:23:53.165+0000] {logging_mixin.py:188} INFO - [2025-10-30T08:23:53.164+0000] {dag.py:3096} INFO - Sync 1 DAGs
[2025-10-30T08:23:53.188+0000] {logging_mixin.py:188} INFO - [2025-10-30T08:23:53.187+0000] {dag.py:3954} INFO - Setting next_dagrun for move_data_to_clickhouse to None, run_after=None
[2025-10-30T08:23:53.229+0000] {processor.py:183} INFO - Processing /opt/airflow/dags/etl_clickhouse.py took 1.099 seconds
[2025-10-30T08:24:23.733+0000] {processor.py:161} INFO - Started process (PID=11594) to work on /opt/airflow/dags/etl_clickhouse.py
[2025-10-30T08:24:23.735+0000] {processor.py:830} INFO - Processing file /opt/airflow/dags/etl_clickhouse.py for tasks to queue
[2025-10-30T08:24:23.739+0000] {logging_mixin.py:188} INFO - [2025-10-30T08:24:23.738+0000] {dagbag.py:545} INFO - Filling up the DagBag from /opt/airflow/dags/etl_clickhouse.py
[2025-10-30T08:24:24.629+0000] {processor.py:840} INFO - DAG(s) 'move_data_to_clickhouse' retrieved from /opt/airflow/dags/etl_clickhouse.py
[2025-10-30T08:24:24.676+0000] {logging_mixin.py:188} INFO - [2025-10-30T08:24:24.676+0000] {dag.py:3096} INFO - Sync 1 DAGs
[2025-10-30T08:24:24.696+0000] {logging_mixin.py:188} INFO - [2025-10-30T08:24:24.696+0000] {dag.py:3954} INFO - Setting next_dagrun for move_data_to_clickhouse to None, run_after=None
[2025-10-30T08:24:24.745+0000] {processor.py:183} INFO - Processing /opt/airflow/dags/etl_clickhouse.py took 1.024 seconds
[2025-10-30T08:24:55.435+0000] {processor.py:161} INFO - Started process (PID=11606) to work on /opt/airflow/dags/etl_clickhouse.py
[2025-10-30T08:24:55.437+0000] {processor.py:830} INFO - Processing file /opt/airflow/dags/etl_clickhouse.py for tasks to queue
[2025-10-30T08:24:55.441+0000] {logging_mixin.py:188} INFO - [2025-10-30T08:24:55.440+0000] {dagbag.py:545} INFO - Filling up the DagBag from /opt/airflow/dags/etl_clickhouse.py
[2025-10-30T08:24:56.363+0000] {processor.py:840} INFO - DAG(s) 'move_data_to_clickhouse' retrieved from /opt/airflow/dags/etl_clickhouse.py
[2025-10-30T08:24:56.411+0000] {logging_mixin.py:188} INFO - [2025-10-30T08:24:56.410+0000] {dag.py:3096} INFO - Sync 1 DAGs
[2025-10-30T08:24:56.427+0000] {logging_mixin.py:188} INFO - [2025-10-30T08:24:56.426+0000] {dag.py:3954} INFO - Setting next_dagrun for move_data_to_clickhouse to None, run_after=None
[2025-10-30T08:24:56.477+0000] {processor.py:183} INFO - Processing /opt/airflow/dags/etl_clickhouse.py took 1.054 seconds
[2025-10-30T08:25:27.048+0000] {processor.py:161} INFO - Started process (PID=11618) to work on /opt/airflow/dags/etl_clickhouse.py
[2025-10-30T08:25:27.051+0000] {processor.py:830} INFO - Processing file /opt/airflow/dags/etl_clickhouse.py for tasks to queue
[2025-10-30T08:25:27.055+0000] {logging_mixin.py:188} INFO - [2025-10-30T08:25:27.054+0000] {dagbag.py:545} INFO - Filling up the DagBag from /opt/airflow/dags/etl_clickhouse.py
[2025-10-30T08:25:27.979+0000] {processor.py:840} INFO - DAG(s) 'move_data_to_clickhouse' retrieved from /opt/airflow/dags/etl_clickhouse.py
[2025-10-30T08:25:28.031+0000] {logging_mixin.py:188} INFO - [2025-10-30T08:25:28.031+0000] {dag.py:3096} INFO - Sync 1 DAGs
[2025-10-30T08:25:28.051+0000] {logging_mixin.py:188} INFO - [2025-10-30T08:25:28.051+0000] {dag.py:3954} INFO - Setting next_dagrun for move_data_to_clickhouse to None, run_after=None
[2025-10-30T08:25:28.094+0000] {processor.py:183} INFO - Processing /opt/airflow/dags/etl_clickhouse.py took 1.058 seconds
[2025-10-30T08:25:58.743+0000] {processor.py:161} INFO - Started process (PID=11630) to work on /opt/airflow/dags/etl_clickhouse.py
[2025-10-30T08:25:58.745+0000] {processor.py:830} INFO - Processing file /opt/airflow/dags/etl_clickhouse.py for tasks to queue
[2025-10-30T08:25:58.748+0000] {logging_mixin.py:188} INFO - [2025-10-30T08:25:58.748+0000] {dagbag.py:545} INFO - Filling up the DagBag from /opt/airflow/dags/etl_clickhouse.py
[2025-10-30T08:25:59.675+0000] {processor.py:840} INFO - DAG(s) 'move_data_to_clickhouse' retrieved from /opt/airflow/dags/etl_clickhouse.py
[2025-10-30T08:25:59.725+0000] {logging_mixin.py:188} INFO - [2025-10-30T08:25:59.724+0000] {dag.py:3096} INFO - Sync 1 DAGs
[2025-10-30T08:25:59.743+0000] {logging_mixin.py:188} INFO - [2025-10-30T08:25:59.743+0000] {dag.py:3954} INFO - Setting next_dagrun for move_data_to_clickhouse to None, run_after=None
[2025-10-30T08:25:59.806+0000] {processor.py:183} INFO - Processing /opt/airflow/dags/etl_clickhouse.py took 1.074 seconds
[2025-10-30T08:26:30.441+0000] {processor.py:161} INFO - Started process (PID=11642) to work on /opt/airflow/dags/etl_clickhouse.py
[2025-10-30T08:26:30.444+0000] {processor.py:830} INFO - Processing file /opt/airflow/dags/etl_clickhouse.py for tasks to queue
[2025-10-30T08:26:30.449+0000] {logging_mixin.py:188} INFO - [2025-10-30T08:26:30.448+0000] {dagbag.py:545} INFO - Filling up the DagBag from /opt/airflow/dags/etl_clickhouse.py
[2025-10-30T08:26:31.458+0000] {processor.py:840} INFO - DAG(s) 'move_data_to_clickhouse' retrieved from /opt/airflow/dags/etl_clickhouse.py
[2025-10-30T08:26:31.527+0000] {logging_mixin.py:188} INFO - [2025-10-30T08:26:31.526+0000] {dag.py:3096} INFO - Sync 1 DAGs
[2025-10-30T08:26:31.545+0000] {logging_mixin.py:188} INFO - [2025-10-30T08:26:31.545+0000] {dag.py:3954} INFO - Setting next_dagrun for move_data_to_clickhouse to None, run_after=None
[2025-10-30T08:26:31.596+0000] {processor.py:183} INFO - Processing /opt/airflow/dags/etl_clickhouse.py took 1.169 seconds
[2025-10-30T08:27:02.158+0000] {processor.py:161} INFO - Started process (PID=11654) to work on /opt/airflow/dags/etl_clickhouse.py
[2025-10-30T08:27:02.160+0000] {processor.py:830} INFO - Processing file /opt/airflow/dags/etl_clickhouse.py for tasks to queue
[2025-10-30T08:27:02.164+0000] {logging_mixin.py:188} INFO - [2025-10-30T08:27:02.163+0000] {dagbag.py:545} INFO - Filling up the DagBag from /opt/airflow/dags/etl_clickhouse.py
[2025-10-30T08:27:03.084+0000] {processor.py:840} INFO - DAG(s) 'move_data_to_clickhouse' retrieved from /opt/airflow/dags/etl_clickhouse.py
[2025-10-30T08:27:03.133+0000] {logging_mixin.py:188} INFO - [2025-10-30T08:27:03.133+0000] {dag.py:3096} INFO - Sync 1 DAGs
[2025-10-30T08:27:03.151+0000] {logging_mixin.py:188} INFO - [2025-10-30T08:27:03.151+0000] {dag.py:3954} INFO - Setting next_dagrun for move_data_to_clickhouse to None, run_after=None
[2025-10-30T08:27:03.206+0000] {processor.py:183} INFO - Processing /opt/airflow/dags/etl_clickhouse.py took 1.058 seconds
[2025-10-30T08:27:33.809+0000] {processor.py:161} INFO - Started process (PID=11666) to work on /opt/airflow/dags/etl_clickhouse.py
[2025-10-30T08:27:33.811+0000] {processor.py:830} INFO - Processing file /opt/airflow/dags/etl_clickhouse.py for tasks to queue
[2025-10-30T08:27:33.816+0000] {logging_mixin.py:188} INFO - [2025-10-30T08:27:33.815+0000] {dagbag.py:545} INFO - Filling up the DagBag from /opt/airflow/dags/etl_clickhouse.py
[2025-10-30T08:27:34.831+0000] {processor.py:840} INFO - DAG(s) 'move_data_to_clickhouse' retrieved from /opt/airflow/dags/etl_clickhouse.py
[2025-10-30T08:27:34.883+0000] {logging_mixin.py:188} INFO - [2025-10-30T08:27:34.882+0000] {dag.py:3096} INFO - Sync 1 DAGs
[2025-10-30T08:27:34.903+0000] {logging_mixin.py:188} INFO - [2025-10-30T08:27:34.903+0000] {dag.py:3954} INFO - Setting next_dagrun for move_data_to_clickhouse to None, run_after=None
[2025-10-30T08:27:34.950+0000] {processor.py:183} INFO - Processing /opt/airflow/dags/etl_clickhouse.py took 1.152 seconds
[2025-10-30T08:28:05.674+0000] {processor.py:161} INFO - Started process (PID=11678) to work on /opt/airflow/dags/etl_clickhouse.py
[2025-10-30T08:28:05.677+0000] {processor.py:830} INFO - Processing file /opt/airflow/dags/etl_clickhouse.py for tasks to queue
[2025-10-30T08:28:05.682+0000] {logging_mixin.py:188} INFO - [2025-10-30T08:28:05.681+0000] {dagbag.py:545} INFO - Filling up the DagBag from /opt/airflow/dags/etl_clickhouse.py
[2025-10-30T08:28:06.589+0000] {processor.py:840} INFO - DAG(s) 'move_data_to_clickhouse' retrieved from /opt/airflow/dags/etl_clickhouse.py
[2025-10-30T08:28:06.641+0000] {logging_mixin.py:188} INFO - [2025-10-30T08:28:06.641+0000] {dag.py:3096} INFO - Sync 1 DAGs
[2025-10-30T08:28:06.661+0000] {logging_mixin.py:188} INFO - [2025-10-30T08:28:06.661+0000] {dag.py:3954} INFO - Setting next_dagrun for move_data_to_clickhouse to None, run_after=None
[2025-10-30T08:28:06.711+0000] {processor.py:183} INFO - Processing /opt/airflow/dags/etl_clickhouse.py took 1.049 seconds
[2025-10-30T08:28:37.326+0000] {processor.py:161} INFO - Started process (PID=11690) to work on /opt/airflow/dags/etl_clickhouse.py
[2025-10-30T08:28:37.330+0000] {processor.py:830} INFO - Processing file /opt/airflow/dags/etl_clickhouse.py for tasks to queue
[2025-10-30T08:28:37.336+0000] {logging_mixin.py:188} INFO - [2025-10-30T08:28:37.335+0000] {dagbag.py:545} INFO - Filling up the DagBag from /opt/airflow/dags/etl_clickhouse.py
[2025-10-30T08:28:38.639+0000] {processor.py:840} INFO - DAG(s) 'move_data_to_clickhouse' retrieved from /opt/airflow/dags/etl_clickhouse.py
[2025-10-30T08:28:38.698+0000] {logging_mixin.py:188} INFO - [2025-10-30T08:28:38.697+0000] {dag.py:3096} INFO - Sync 1 DAGs
[2025-10-30T08:28:38.717+0000] {logging_mixin.py:188} INFO - [2025-10-30T08:28:38.716+0000] {dag.py:3954} INFO - Setting next_dagrun for move_data_to_clickhouse to None, run_after=None
[2025-10-30T08:28:38.761+0000] {processor.py:183} INFO - Processing /opt/airflow/dags/etl_clickhouse.py took 1.455 seconds
[2025-10-30T08:29:08.997+0000] {processor.py:161} INFO - Started process (PID=11702) to work on /opt/airflow/dags/etl_clickhouse.py
[2025-10-30T08:29:09.002+0000] {processor.py:830} INFO - Processing file /opt/airflow/dags/etl_clickhouse.py for tasks to queue
[2025-10-30T08:29:09.009+0000] {logging_mixin.py:188} INFO - [2025-10-30T08:29:09.008+0000] {dagbag.py:545} INFO - Filling up the DagBag from /opt/airflow/dags/etl_clickhouse.py
[2025-10-30T08:29:10.021+0000] {processor.py:840} INFO - DAG(s) 'move_data_to_clickhouse' retrieved from /opt/airflow/dags/etl_clickhouse.py
[2025-10-30T08:29:10.085+0000] {logging_mixin.py:188} INFO - [2025-10-30T08:29:10.084+0000] {dag.py:3096} INFO - Sync 1 DAGs
[2025-10-30T08:29:10.119+0000] {logging_mixin.py:188} INFO - [2025-10-30T08:29:10.118+0000] {dag.py:3954} INFO - Setting next_dagrun for move_data_to_clickhouse to None, run_after=None
[2025-10-30T08:29:10.168+0000] {processor.py:183} INFO - Processing /opt/airflow/dags/etl_clickhouse.py took 1.193 seconds
[2025-10-30T08:29:40.760+0000] {processor.py:161} INFO - Started process (PID=11714) to work on /opt/airflow/dags/etl_clickhouse.py
[2025-10-30T08:29:40.762+0000] {processor.py:830} INFO - Processing file /opt/airflow/dags/etl_clickhouse.py for tasks to queue
[2025-10-30T08:29:40.767+0000] {logging_mixin.py:188} INFO - [2025-10-30T08:29:40.766+0000] {dagbag.py:545} INFO - Filling up the DagBag from /opt/airflow/dags/etl_clickhouse.py
[2025-10-30T08:29:41.704+0000] {processor.py:840} INFO - DAG(s) 'move_data_to_clickhouse' retrieved from /opt/airflow/dags/etl_clickhouse.py
[2025-10-30T08:29:41.756+0000] {logging_mixin.py:188} INFO - [2025-10-30T08:29:41.755+0000] {dag.py:3096} INFO - Sync 1 DAGs
[2025-10-30T08:29:41.777+0000] {logging_mixin.py:188} INFO - [2025-10-30T08:29:41.777+0000] {dag.py:3954} INFO - Setting next_dagrun for move_data_to_clickhouse to None, run_after=None
[2025-10-30T08:29:41.811+0000] {processor.py:183} INFO - Processing /opt/airflow/dags/etl_clickhouse.py took 1.064 seconds
[2025-10-30T08:30:12.435+0000] {processor.py:161} INFO - Started process (PID=11726) to work on /opt/airflow/dags/etl_clickhouse.py
[2025-10-30T08:30:12.438+0000] {processor.py:830} INFO - Processing file /opt/airflow/dags/etl_clickhouse.py for tasks to queue
[2025-10-30T08:30:12.442+0000] {logging_mixin.py:188} INFO - [2025-10-30T08:30:12.441+0000] {dagbag.py:545} INFO - Filling up the DagBag from /opt/airflow/dags/etl_clickhouse.py
[2025-10-30T08:30:13.339+0000] {processor.py:840} INFO - DAG(s) 'move_data_to_clickhouse' retrieved from /opt/airflow/dags/etl_clickhouse.py
[2025-10-30T08:30:13.390+0000] {logging_mixin.py:188} INFO - [2025-10-30T08:30:13.389+0000] {dag.py:3096} INFO - Sync 1 DAGs
[2025-10-30T08:30:13.409+0000] {logging_mixin.py:188} INFO - [2025-10-30T08:30:13.409+0000] {dag.py:3954} INFO - Setting next_dagrun for move_data_to_clickhouse to None, run_after=None
[2025-10-30T08:30:13.447+0000] {processor.py:183} INFO - Processing /opt/airflow/dags/etl_clickhouse.py took 1.026 seconds
[2025-10-30T08:30:44.058+0000] {processor.py:161} INFO - Started process (PID=11738) to work on /opt/airflow/dags/etl_clickhouse.py
[2025-10-30T08:30:44.061+0000] {processor.py:830} INFO - Processing file /opt/airflow/dags/etl_clickhouse.py for tasks to queue
[2025-10-30T08:30:44.065+0000] {logging_mixin.py:188} INFO - [2025-10-30T08:30:44.064+0000] {dagbag.py:545} INFO - Filling up the DagBag from /opt/airflow/dags/etl_clickhouse.py
[2025-10-30T08:30:44.953+0000] {processor.py:840} INFO - DAG(s) 'move_data_to_clickhouse' retrieved from /opt/airflow/dags/etl_clickhouse.py
[2025-10-30T08:30:45.027+0000] {logging_mixin.py:188} INFO - [2025-10-30T08:30:45.026+0000] {dag.py:3096} INFO - Sync 1 DAGs
[2025-10-30T08:30:45.052+0000] {logging_mixin.py:188} INFO - [2025-10-30T08:30:45.051+0000] {dag.py:3954} INFO - Setting next_dagrun for move_data_to_clickhouse to None, run_after=None
[2025-10-30T08:30:45.100+0000] {processor.py:183} INFO - Processing /opt/airflow/dags/etl_clickhouse.py took 1.057 seconds
[2025-10-30T08:31:15.738+0000] {processor.py:161} INFO - Started process (PID=11750) to work on /opt/airflow/dags/etl_clickhouse.py
[2025-10-30T08:31:15.740+0000] {processor.py:830} INFO - Processing file /opt/airflow/dags/etl_clickhouse.py for tasks to queue
[2025-10-30T08:31:15.745+0000] {logging_mixin.py:188} INFO - [2025-10-30T08:31:15.744+0000] {dagbag.py:545} INFO - Filling up the DagBag from /opt/airflow/dags/etl_clickhouse.py
[2025-10-30T08:31:16.632+0000] {processor.py:840} INFO - DAG(s) 'move_data_to_clickhouse' retrieved from /opt/airflow/dags/etl_clickhouse.py
[2025-10-30T08:31:16.682+0000] {logging_mixin.py:188} INFO - [2025-10-30T08:31:16.681+0000] {dag.py:3096} INFO - Sync 1 DAGs
[2025-10-30T08:31:16.702+0000] {logging_mixin.py:188} INFO - [2025-10-30T08:31:16.701+0000] {dag.py:3954} INFO - Setting next_dagrun for move_data_to_clickhouse to None, run_after=None
[2025-10-30T08:31:16.760+0000] {processor.py:183} INFO - Processing /opt/airflow/dags/etl_clickhouse.py took 1.035 seconds
[2025-10-30T08:31:47.461+0000] {processor.py:161} INFO - Started process (PID=11762) to work on /opt/airflow/dags/etl_clickhouse.py
[2025-10-30T08:31:47.463+0000] {processor.py:830} INFO - Processing file /opt/airflow/dags/etl_clickhouse.py for tasks to queue
[2025-10-30T08:31:47.468+0000] {logging_mixin.py:188} INFO - [2025-10-30T08:31:47.467+0000] {dagbag.py:545} INFO - Filling up the DagBag from /opt/airflow/dags/etl_clickhouse.py
[2025-10-30T08:31:48.414+0000] {processor.py:840} INFO - DAG(s) 'move_data_to_clickhouse' retrieved from /opt/airflow/dags/etl_clickhouse.py
[2025-10-30T08:31:48.467+0000] {logging_mixin.py:188} INFO - [2025-10-30T08:31:48.466+0000] {dag.py:3096} INFO - Sync 1 DAGs
[2025-10-30T08:31:48.493+0000] {logging_mixin.py:188} INFO - [2025-10-30T08:31:48.493+0000] {dag.py:3954} INFO - Setting next_dagrun for move_data_to_clickhouse to None, run_after=None
[2025-10-30T08:31:48.541+0000] {processor.py:183} INFO - Processing /opt/airflow/dags/etl_clickhouse.py took 1.099 seconds
[2025-10-30T08:32:19.230+0000] {processor.py:161} INFO - Started process (PID=11774) to work on /opt/airflow/dags/etl_clickhouse.py
[2025-10-30T08:32:19.233+0000] {processor.py:830} INFO - Processing file /opt/airflow/dags/etl_clickhouse.py for tasks to queue
[2025-10-30T08:32:19.237+0000] {logging_mixin.py:188} INFO - [2025-10-30T08:32:19.236+0000] {dagbag.py:545} INFO - Filling up the DagBag from /opt/airflow/dags/etl_clickhouse.py
[2025-10-30T08:32:20.194+0000] {processor.py:840} INFO - DAG(s) 'move_data_to_clickhouse' retrieved from /opt/airflow/dags/etl_clickhouse.py
[2025-10-30T08:32:20.246+0000] {logging_mixin.py:188} INFO - [2025-10-30T08:32:20.246+0000] {dag.py:3096} INFO - Sync 1 DAGs
[2025-10-30T08:32:20.265+0000] {logging_mixin.py:188} INFO - [2025-10-30T08:32:20.264+0000] {dag.py:3954} INFO - Setting next_dagrun for move_data_to_clickhouse to None, run_after=None
[2025-10-30T08:32:20.296+0000] {processor.py:183} INFO - Processing /opt/airflow/dags/etl_clickhouse.py took 1.078 seconds
[2025-10-30T08:32:50.918+0000] {processor.py:161} INFO - Started process (PID=11786) to work on /opt/airflow/dags/etl_clickhouse.py
[2025-10-30T08:32:50.921+0000] {processor.py:830} INFO - Processing file /opt/airflow/dags/etl_clickhouse.py for tasks to queue
[2025-10-30T08:32:50.925+0000] {logging_mixin.py:188} INFO - [2025-10-30T08:32:50.924+0000] {dagbag.py:545} INFO - Filling up the DagBag from /opt/airflow/dags/etl_clickhouse.py
[2025-10-30T08:32:51.848+0000] {processor.py:840} INFO - DAG(s) 'move_data_to_clickhouse' retrieved from /opt/airflow/dags/etl_clickhouse.py
[2025-10-30T08:32:51.894+0000] {logging_mixin.py:188} INFO - [2025-10-30T08:32:51.893+0000] {dag.py:3096} INFO - Sync 1 DAGs
[2025-10-30T08:32:51.910+0000] {logging_mixin.py:188} INFO - [2025-10-30T08:32:51.910+0000] {dag.py:3954} INFO - Setting next_dagrun for move_data_to_clickhouse to None, run_after=None
[2025-10-30T08:32:51.945+0000] {processor.py:183} INFO - Processing /opt/airflow/dags/etl_clickhouse.py took 1.042 seconds
[2025-10-30T08:33:22.800+0000] {processor.py:161} INFO - Started process (PID=11798) to work on /opt/airflow/dags/etl_clickhouse.py
[2025-10-30T08:33:22.804+0000] {processor.py:830} INFO - Processing file /opt/airflow/dags/etl_clickhouse.py for tasks to queue
[2025-10-30T08:33:22.809+0000] {logging_mixin.py:188} INFO - [2025-10-30T08:33:22.808+0000] {dagbag.py:545} INFO - Filling up the DagBag from /opt/airflow/dags/etl_clickhouse.py
[2025-10-30T08:33:23.712+0000] {processor.py:840} INFO - DAG(s) 'move_data_to_clickhouse' retrieved from /opt/airflow/dags/etl_clickhouse.py
[2025-10-30T08:33:23.777+0000] {logging_mixin.py:188} INFO - [2025-10-30T08:33:23.777+0000] {dag.py:3096} INFO - Sync 1 DAGs
[2025-10-30T08:33:23.798+0000] {logging_mixin.py:188} INFO - [2025-10-30T08:33:23.798+0000] {dag.py:3954} INFO - Setting next_dagrun for move_data_to_clickhouse to None, run_after=None
[2025-10-30T08:33:23.859+0000] {processor.py:183} INFO - Processing /opt/airflow/dags/etl_clickhouse.py took 1.075 seconds
[2025-10-30T08:33:54.501+0000] {processor.py:161} INFO - Started process (PID=11810) to work on /opt/airflow/dags/etl_clickhouse.py
[2025-10-30T08:33:54.504+0000] {processor.py:830} INFO - Processing file /opt/airflow/dags/etl_clickhouse.py for tasks to queue
[2025-10-30T08:33:54.509+0000] {logging_mixin.py:188} INFO - [2025-10-30T08:33:54.508+0000] {dagbag.py:545} INFO - Filling up the DagBag from /opt/airflow/dags/etl_clickhouse.py
[2025-10-30T08:33:55.545+0000] {processor.py:840} INFO - DAG(s) 'move_data_to_clickhouse' retrieved from /opt/airflow/dags/etl_clickhouse.py
[2025-10-30T08:33:55.610+0000] {logging_mixin.py:188} INFO - [2025-10-30T08:33:55.609+0000] {dag.py:3096} INFO - Sync 1 DAGs
[2025-10-30T08:33:55.634+0000] {logging_mixin.py:188} INFO - [2025-10-30T08:33:55.633+0000] {dag.py:3954} INFO - Setting next_dagrun for move_data_to_clickhouse to None, run_after=None
[2025-10-30T08:33:55.672+0000] {processor.py:183} INFO - Processing /opt/airflow/dags/etl_clickhouse.py took 1.188 seconds
[2025-10-30T08:34:26.163+0000] {processor.py:161} INFO - Started process (PID=11822) to work on /opt/airflow/dags/etl_clickhouse.py
[2025-10-30T08:34:26.167+0000] {processor.py:830} INFO - Processing file /opt/airflow/dags/etl_clickhouse.py for tasks to queue
[2025-10-30T08:34:26.175+0000] {logging_mixin.py:188} INFO - [2025-10-30T08:34:26.174+0000] {dagbag.py:545} INFO - Filling up the DagBag from /opt/airflow/dags/etl_clickhouse.py
[2025-10-30T08:34:27.261+0000] {processor.py:840} INFO - DAG(s) 'move_data_to_clickhouse' retrieved from /opt/airflow/dags/etl_clickhouse.py
[2025-10-30T08:34:27.328+0000] {logging_mixin.py:188} INFO - [2025-10-30T08:34:27.328+0000] {dag.py:3096} INFO - Sync 1 DAGs
[2025-10-30T08:34:27.349+0000] {logging_mixin.py:188} INFO - [2025-10-30T08:34:27.349+0000] {dag.py:3954} INFO - Setting next_dagrun for move_data_to_clickhouse to None, run_after=None
[2025-10-30T08:34:27.392+0000] {processor.py:183} INFO - Processing /opt/airflow/dags/etl_clickhouse.py took 1.251 seconds
[2025-10-30T08:34:57.841+0000] {processor.py:161} INFO - Started process (PID=11834) to work on /opt/airflow/dags/etl_clickhouse.py
[2025-10-30T08:34:57.844+0000] {processor.py:830} INFO - Processing file /opt/airflow/dags/etl_clickhouse.py for tasks to queue
[2025-10-30T08:34:57.849+0000] {logging_mixin.py:188} INFO - [2025-10-30T08:34:57.848+0000] {dagbag.py:545} INFO - Filling up the DagBag from /opt/airflow/dags/etl_clickhouse.py
[2025-10-30T08:34:58.946+0000] {processor.py:840} INFO - DAG(s) 'move_data_to_clickhouse' retrieved from /opt/airflow/dags/etl_clickhouse.py
[2025-10-30T08:34:59.027+0000] {logging_mixin.py:188} INFO - [2025-10-30T08:34:59.025+0000] {dag.py:3096} INFO - Sync 1 DAGs
[2025-10-30T08:34:59.063+0000] {logging_mixin.py:188} INFO - [2025-10-30T08:34:59.062+0000] {dag.py:3954} INFO - Setting next_dagrun for move_data_to_clickhouse to None, run_after=None
[2025-10-30T08:34:59.132+0000] {processor.py:183} INFO - Processing /opt/airflow/dags/etl_clickhouse.py took 1.305 seconds
[2025-10-30T08:35:29.514+0000] {processor.py:161} INFO - Started process (PID=11846) to work on /opt/airflow/dags/etl_clickhouse.py
[2025-10-30T08:35:29.517+0000] {processor.py:830} INFO - Processing file /opt/airflow/dags/etl_clickhouse.py for tasks to queue
[2025-10-30T08:35:29.522+0000] {logging_mixin.py:188} INFO - [2025-10-30T08:35:29.521+0000] {dagbag.py:545} INFO - Filling up the DagBag from /opt/airflow/dags/etl_clickhouse.py
[2025-10-30T08:35:30.595+0000] {processor.py:840} INFO - DAG(s) 'move_data_to_clickhouse' retrieved from /opt/airflow/dags/etl_clickhouse.py
[2025-10-30T08:35:30.644+0000] {logging_mixin.py:188} INFO - [2025-10-30T08:35:30.643+0000] {dag.py:3096} INFO - Sync 1 DAGs
[2025-10-30T08:35:30.665+0000] {logging_mixin.py:188} INFO - [2025-10-30T08:35:30.664+0000] {dag.py:3954} INFO - Setting next_dagrun for move_data_to_clickhouse to None, run_after=None
[2025-10-30T08:35:30.712+0000] {processor.py:183} INFO - Processing /opt/airflow/dags/etl_clickhouse.py took 1.213 seconds
[2025-10-30T08:36:01.149+0000] {processor.py:161} INFO - Started process (PID=11858) to work on /opt/airflow/dags/etl_clickhouse.py
[2025-10-30T08:36:01.152+0000] {processor.py:830} INFO - Processing file /opt/airflow/dags/etl_clickhouse.py for tasks to queue
[2025-10-30T08:36:01.156+0000] {logging_mixin.py:188} INFO - [2025-10-30T08:36:01.155+0000] {dagbag.py:545} INFO - Filling up the DagBag from /opt/airflow/dags/etl_clickhouse.py
[2025-10-30T08:36:02.528+0000] {processor.py:840} INFO - DAG(s) 'move_data_to_clickhouse' retrieved from /opt/airflow/dags/etl_clickhouse.py
[2025-10-30T08:36:02.587+0000] {logging_mixin.py:188} INFO - [2025-10-30T08:36:02.586+0000] {dag.py:3096} INFO - Sync 1 DAGs
[2025-10-30T08:36:02.612+0000] {logging_mixin.py:188} INFO - [2025-10-30T08:36:02.611+0000] {dag.py:3954} INFO - Setting next_dagrun for move_data_to_clickhouse to None, run_after=None
[2025-10-30T08:36:02.665+0000] {processor.py:183} INFO - Processing /opt/airflow/dags/etl_clickhouse.py took 1.532 seconds
[2025-10-30T08:36:33.818+0000] {processor.py:161} INFO - Started process (PID=11870) to work on /opt/airflow/dags/etl_clickhouse.py
[2025-10-30T08:36:33.825+0000] {processor.py:830} INFO - Processing file /opt/airflow/dags/etl_clickhouse.py for tasks to queue
[2025-10-30T08:36:33.842+0000] {logging_mixin.py:188} INFO - [2025-10-30T08:36:33.839+0000] {dagbag.py:545} INFO - Filling up the DagBag from /opt/airflow/dags/etl_clickhouse.py
[2025-10-30T08:36:35.107+0000] {processor.py:840} INFO - DAG(s) 'move_data_to_clickhouse' retrieved from /opt/airflow/dags/etl_clickhouse.py
[2025-10-30T08:36:35.161+0000] {logging_mixin.py:188} INFO - [2025-10-30T08:36:35.160+0000] {dag.py:3096} INFO - Sync 1 DAGs
[2025-10-30T08:36:35.182+0000] {logging_mixin.py:188} INFO - [2025-10-30T08:36:35.182+0000] {dag.py:3954} INFO - Setting next_dagrun for move_data_to_clickhouse to None, run_after=None
[2025-10-30T08:36:35.218+0000] {processor.py:183} INFO - Processing /opt/airflow/dags/etl_clickhouse.py took 1.445 seconds
[2025-10-30T08:37:05.722+0000] {processor.py:161} INFO - Started process (PID=11882) to work on /opt/airflow/dags/etl_clickhouse.py
[2025-10-30T08:37:05.725+0000] {processor.py:830} INFO - Processing file /opt/airflow/dags/etl_clickhouse.py for tasks to queue
[2025-10-30T08:37:05.733+0000] {logging_mixin.py:188} INFO - [2025-10-30T08:37:05.731+0000] {dagbag.py:545} INFO - Filling up the DagBag from /opt/airflow/dags/etl_clickhouse.py
[2025-10-30T08:37:06.936+0000] {processor.py:840} INFO - DAG(s) 'move_data_to_clickhouse' retrieved from /opt/airflow/dags/etl_clickhouse.py
[2025-10-30T08:37:06.994+0000] {logging_mixin.py:188} INFO - [2025-10-30T08:37:06.993+0000] {dag.py:3096} INFO - Sync 1 DAGs
[2025-10-30T08:37:07.021+0000] {logging_mixin.py:188} INFO - [2025-10-30T08:37:07.020+0000] {dag.py:3954} INFO - Setting next_dagrun for move_data_to_clickhouse to None, run_after=None
[2025-10-30T08:37:07.078+0000] {processor.py:183} INFO - Processing /opt/airflow/dags/etl_clickhouse.py took 1.385 seconds
[2025-10-30T08:37:37.761+0000] {processor.py:161} INFO - Started process (PID=11894) to work on /opt/airflow/dags/etl_clickhouse.py
[2025-10-30T08:37:37.763+0000] {processor.py:830} INFO - Processing file /opt/airflow/dags/etl_clickhouse.py for tasks to queue
[2025-10-30T08:37:37.769+0000] {logging_mixin.py:188} INFO - [2025-10-30T08:37:37.768+0000] {dagbag.py:545} INFO - Filling up the DagBag from /opt/airflow/dags/etl_clickhouse.py
[2025-10-30T08:37:38.881+0000] {processor.py:840} INFO - DAG(s) 'move_data_to_clickhouse' retrieved from /opt/airflow/dags/etl_clickhouse.py
[2025-10-30T08:37:38.954+0000] {logging_mixin.py:188} INFO - [2025-10-30T08:37:38.953+0000] {dag.py:3096} INFO - Sync 1 DAGs
[2025-10-30T08:37:38.984+0000] {logging_mixin.py:188} INFO - [2025-10-30T08:37:38.983+0000] {dag.py:3954} INFO - Setting next_dagrun for move_data_to_clickhouse to None, run_after=None
[2025-10-30T08:37:39.038+0000] {processor.py:183} INFO - Processing /opt/airflow/dags/etl_clickhouse.py took 1.294 seconds
[2025-10-30T08:38:09.943+0000] {processor.py:161} INFO - Started process (PID=11906) to work on /opt/airflow/dags/etl_clickhouse.py
[2025-10-30T08:38:09.946+0000] {processor.py:830} INFO - Processing file /opt/airflow/dags/etl_clickhouse.py for tasks to queue
[2025-10-30T08:38:09.951+0000] {logging_mixin.py:188} INFO - [2025-10-30T08:38:09.950+0000] {dagbag.py:545} INFO - Filling up the DagBag from /opt/airflow/dags/etl_clickhouse.py
[2025-10-30T08:38:10.972+0000] {processor.py:840} INFO - DAG(s) 'move_data_to_clickhouse' retrieved from /opt/airflow/dags/etl_clickhouse.py
[2025-10-30T08:38:11.029+0000] {logging_mixin.py:188} INFO - [2025-10-30T08:38:11.028+0000] {dag.py:3096} INFO - Sync 1 DAGs
[2025-10-30T08:38:11.053+0000] {logging_mixin.py:188} INFO - [2025-10-30T08:38:11.052+0000] {dag.py:3954} INFO - Setting next_dagrun for move_data_to_clickhouse to None, run_after=None
[2025-10-30T08:38:11.096+0000] {processor.py:183} INFO - Processing /opt/airflow/dags/etl_clickhouse.py took 1.172 seconds
[2025-10-30T08:38:41.518+0000] {processor.py:161} INFO - Started process (PID=11918) to work on /opt/airflow/dags/etl_clickhouse.py
[2025-10-30T08:38:41.520+0000] {processor.py:830} INFO - Processing file /opt/airflow/dags/etl_clickhouse.py for tasks to queue
[2025-10-30T08:38:41.524+0000] {logging_mixin.py:188} INFO - [2025-10-30T08:38:41.524+0000] {dagbag.py:545} INFO - Filling up the DagBag from /opt/airflow/dags/etl_clickhouse.py
[2025-10-30T08:38:42.454+0000] {processor.py:840} INFO - DAG(s) 'move_data_to_clickhouse' retrieved from /opt/airflow/dags/etl_clickhouse.py
[2025-10-30T08:38:42.508+0000] {logging_mixin.py:188} INFO - [2025-10-30T08:38:42.507+0000] {dag.py:3096} INFO - Sync 1 DAGs
[2025-10-30T08:38:42.524+0000] {logging_mixin.py:188} INFO - [2025-10-30T08:38:42.524+0000] {dag.py:3954} INFO - Setting next_dagrun for move_data_to_clickhouse to None, run_after=None
[2025-10-30T08:38:42.568+0000] {processor.py:183} INFO - Processing /opt/airflow/dags/etl_clickhouse.py took 1.061 seconds
[2025-10-30T08:39:13.198+0000] {processor.py:161} INFO - Started process (PID=11930) to work on /opt/airflow/dags/etl_clickhouse.py
[2025-10-30T08:39:13.200+0000] {processor.py:830} INFO - Processing file /opt/airflow/dags/etl_clickhouse.py for tasks to queue
[2025-10-30T08:39:13.206+0000] {logging_mixin.py:188} INFO - [2025-10-30T08:39:13.205+0000] {dagbag.py:545} INFO - Filling up the DagBag from /opt/airflow/dags/etl_clickhouse.py
[2025-10-30T08:39:14.283+0000] {processor.py:840} INFO - DAG(s) 'move_data_to_clickhouse' retrieved from /opt/airflow/dags/etl_clickhouse.py
[2025-10-30T08:39:14.350+0000] {logging_mixin.py:188} INFO - [2025-10-30T08:39:14.350+0000] {dag.py:3096} INFO - Sync 1 DAGs
[2025-10-30T08:39:14.377+0000] {logging_mixin.py:188} INFO - [2025-10-30T08:39:14.376+0000] {dag.py:3954} INFO - Setting next_dagrun for move_data_to_clickhouse to None, run_after=None
[2025-10-30T08:39:14.437+0000] {processor.py:183} INFO - Processing /opt/airflow/dags/etl_clickhouse.py took 1.257 seconds
[2025-10-30T08:39:44.796+0000] {processor.py:161} INFO - Started process (PID=11942) to work on /opt/airflow/dags/etl_clickhouse.py
[2025-10-30T08:39:44.799+0000] {processor.py:830} INFO - Processing file /opt/airflow/dags/etl_clickhouse.py for tasks to queue
[2025-10-30T08:39:44.805+0000] {logging_mixin.py:188} INFO - [2025-10-30T08:39:44.804+0000] {dagbag.py:545} INFO - Filling up the DagBag from /opt/airflow/dags/etl_clickhouse.py
[2025-10-30T08:39:45.719+0000] {processor.py:840} INFO - DAG(s) 'move_data_to_clickhouse' retrieved from /opt/airflow/dags/etl_clickhouse.py
[2025-10-30T08:39:45.788+0000] {logging_mixin.py:188} INFO - [2025-10-30T08:39:45.788+0000] {dag.py:3096} INFO - Sync 1 DAGs
[2025-10-30T08:39:45.807+0000] {logging_mixin.py:188} INFO - [2025-10-30T08:39:45.807+0000] {dag.py:3954} INFO - Setting next_dagrun for move_data_to_clickhouse to None, run_after=None
[2025-10-30T08:39:45.857+0000] {processor.py:183} INFO - Processing /opt/airflow/dags/etl_clickhouse.py took 1.080 seconds
[2025-10-30T08:40:16.458+0000] {processor.py:161} INFO - Started process (PID=11954) to work on /opt/airflow/dags/etl_clickhouse.py
[2025-10-30T08:40:16.460+0000] {processor.py:830} INFO - Processing file /opt/airflow/dags/etl_clickhouse.py for tasks to queue
[2025-10-30T08:40:16.464+0000] {logging_mixin.py:188} INFO - [2025-10-30T08:40:16.463+0000] {dagbag.py:545} INFO - Filling up the DagBag from /opt/airflow/dags/etl_clickhouse.py
[2025-10-30T08:40:17.374+0000] {processor.py:840} INFO - DAG(s) 'move_data_to_clickhouse' retrieved from /opt/airflow/dags/etl_clickhouse.py
[2025-10-30T08:40:17.429+0000] {logging_mixin.py:188} INFO - [2025-10-30T08:40:17.428+0000] {dag.py:3096} INFO - Sync 1 DAGs
[2025-10-30T08:40:17.449+0000] {logging_mixin.py:188} INFO - [2025-10-30T08:40:17.449+0000] {dag.py:3954} INFO - Setting next_dagrun for move_data_to_clickhouse to None, run_after=None
[2025-10-30T08:40:17.483+0000] {processor.py:183} INFO - Processing /opt/airflow/dags/etl_clickhouse.py took 1.040 seconds
[2025-10-30T08:40:48.135+0000] {processor.py:161} INFO - Started process (PID=11966) to work on /opt/airflow/dags/etl_clickhouse.py
[2025-10-30T08:40:48.138+0000] {processor.py:830} INFO - Processing file /opt/airflow/dags/etl_clickhouse.py for tasks to queue
[2025-10-30T08:40:48.142+0000] {logging_mixin.py:188} INFO - [2025-10-30T08:40:48.141+0000] {dagbag.py:545} INFO - Filling up the DagBag from /opt/airflow/dags/etl_clickhouse.py
[2025-10-30T08:40:49.049+0000] {processor.py:840} INFO - DAG(s) 'move_data_to_clickhouse' retrieved from /opt/airflow/dags/etl_clickhouse.py
[2025-10-30T08:40:49.104+0000] {logging_mixin.py:188} INFO - [2025-10-30T08:40:49.104+0000] {dag.py:3096} INFO - Sync 1 DAGs
[2025-10-30T08:40:49.122+0000] {logging_mixin.py:188} INFO - [2025-10-30T08:40:49.122+0000] {dag.py:3954} INFO - Setting next_dagrun for move_data_to_clickhouse to None, run_after=None
[2025-10-30T08:40:49.166+0000] {processor.py:183} INFO - Processing /opt/airflow/dags/etl_clickhouse.py took 1.046 seconds
[2025-10-30T08:41:19.852+0000] {processor.py:161} INFO - Started process (PID=11978) to work on /opt/airflow/dags/etl_clickhouse.py
[2025-10-30T08:41:19.854+0000] {processor.py:830} INFO - Processing file /opt/airflow/dags/etl_clickhouse.py for tasks to queue
[2025-10-30T08:41:19.859+0000] {logging_mixin.py:188} INFO - [2025-10-30T08:41:19.858+0000] {dagbag.py:545} INFO - Filling up the DagBag from /opt/airflow/dags/etl_clickhouse.py
[2025-10-30T08:41:20.970+0000] {processor.py:840} INFO - DAG(s) 'move_data_to_clickhouse' retrieved from /opt/airflow/dags/etl_clickhouse.py
[2025-10-30T08:41:21.029+0000] {logging_mixin.py:188} INFO - [2025-10-30T08:41:21.029+0000] {dag.py:3096} INFO - Sync 1 DAGs
[2025-10-30T08:41:21.051+0000] {logging_mixin.py:188} INFO - [2025-10-30T08:41:21.050+0000] {dag.py:3954} INFO - Setting next_dagrun for move_data_to_clickhouse to None, run_after=None
[2025-10-30T08:41:21.100+0000] {processor.py:183} INFO - Processing /opt/airflow/dags/etl_clickhouse.py took 1.260 seconds
[2025-10-30T08:41:51.489+0000] {processor.py:161} INFO - Started process (PID=11990) to work on /opt/airflow/dags/etl_clickhouse.py
[2025-10-30T08:41:51.491+0000] {processor.py:830} INFO - Processing file /opt/airflow/dags/etl_clickhouse.py for tasks to queue
[2025-10-30T08:41:51.495+0000] {logging_mixin.py:188} INFO - [2025-10-30T08:41:51.494+0000] {dagbag.py:545} INFO - Filling up the DagBag from /opt/airflow/dags/etl_clickhouse.py
[2025-10-30T08:41:52.384+0000] {processor.py:840} INFO - DAG(s) 'move_data_to_clickhouse' retrieved from /opt/airflow/dags/etl_clickhouse.py
[2025-10-30T08:41:52.442+0000] {logging_mixin.py:188} INFO - [2025-10-30T08:41:52.441+0000] {dag.py:3096} INFO - Sync 1 DAGs
[2025-10-30T08:41:52.463+0000] {logging_mixin.py:188} INFO - [2025-10-30T08:41:52.462+0000] {dag.py:3954} INFO - Setting next_dagrun for move_data_to_clickhouse to None, run_after=None
[2025-10-30T08:41:52.516+0000] {processor.py:183} INFO - Processing /opt/airflow/dags/etl_clickhouse.py took 1.037 seconds
[2025-10-30T08:42:23.157+0000] {processor.py:161} INFO - Started process (PID=12002) to work on /opt/airflow/dags/etl_clickhouse.py
[2025-10-30T08:42:23.160+0000] {processor.py:830} INFO - Processing file /opt/airflow/dags/etl_clickhouse.py for tasks to queue
[2025-10-30T08:42:23.166+0000] {logging_mixin.py:188} INFO - [2025-10-30T08:42:23.165+0000] {dagbag.py:545} INFO - Filling up the DagBag from /opt/airflow/dags/etl_clickhouse.py
[2025-10-30T08:42:24.090+0000] {processor.py:840} INFO - DAG(s) 'move_data_to_clickhouse' retrieved from /opt/airflow/dags/etl_clickhouse.py
[2025-10-30T08:42:24.138+0000] {logging_mixin.py:188} INFO - [2025-10-30T08:42:24.137+0000] {dag.py:3096} INFO - Sync 1 DAGs
[2025-10-30T08:42:24.167+0000] {logging_mixin.py:188} INFO - [2025-10-30T08:42:24.166+0000] {dag.py:3954} INFO - Setting next_dagrun for move_data_to_clickhouse to None, run_after=None
[2025-10-30T08:42:24.214+0000] {processor.py:183} INFO - Processing /opt/airflow/dags/etl_clickhouse.py took 1.075 seconds
[2025-10-30T08:42:54.863+0000] {processor.py:161} INFO - Started process (PID=12014) to work on /opt/airflow/dags/etl_clickhouse.py
[2025-10-30T08:42:54.866+0000] {processor.py:830} INFO - Processing file /opt/airflow/dags/etl_clickhouse.py for tasks to queue
[2025-10-30T08:42:54.870+0000] {logging_mixin.py:188} INFO - [2025-10-30T08:42:54.870+0000] {dagbag.py:545} INFO - Filling up the DagBag from /opt/airflow/dags/etl_clickhouse.py
[2025-10-30T08:42:55.868+0000] {processor.py:840} INFO - DAG(s) 'move_data_to_clickhouse' retrieved from /opt/airflow/dags/etl_clickhouse.py
[2025-10-30T08:42:55.929+0000] {logging_mixin.py:188} INFO - [2025-10-30T08:42:55.928+0000] {dag.py:3096} INFO - Sync 1 DAGs
[2025-10-30T08:42:55.948+0000] {logging_mixin.py:188} INFO - [2025-10-30T08:42:55.948+0000] {dag.py:3954} INFO - Setting next_dagrun for move_data_to_clickhouse to None, run_after=None
[2025-10-30T08:42:55.984+0000] {processor.py:183} INFO - Processing /opt/airflow/dags/etl_clickhouse.py took 1.134 seconds
[2025-10-30T08:43:26.680+0000] {processor.py:161} INFO - Started process (PID=12026) to work on /opt/airflow/dags/etl_clickhouse.py
[2025-10-30T08:43:26.682+0000] {processor.py:830} INFO - Processing file /opt/airflow/dags/etl_clickhouse.py for tasks to queue
[2025-10-30T08:43:26.686+0000] {logging_mixin.py:188} INFO - [2025-10-30T08:43:26.685+0000] {dagbag.py:545} INFO - Filling up the DagBag from /opt/airflow/dags/etl_clickhouse.py
[2025-10-30T08:43:27.545+0000] {processor.py:840} INFO - DAG(s) 'move_data_to_clickhouse' retrieved from /opt/airflow/dags/etl_clickhouse.py
[2025-10-30T08:43:27.591+0000] {logging_mixin.py:188} INFO - [2025-10-30T08:43:27.590+0000] {dag.py:3096} INFO - Sync 1 DAGs
[2025-10-30T08:43:27.609+0000] {logging_mixin.py:188} INFO - [2025-10-30T08:43:27.609+0000] {dag.py:3954} INFO - Setting next_dagrun for move_data_to_clickhouse to None, run_after=None
[2025-10-30T08:43:27.657+0000] {processor.py:183} INFO - Processing /opt/airflow/dags/etl_clickhouse.py took 0.989 seconds
[2025-10-30T08:43:58.321+0000] {processor.py:161} INFO - Started process (PID=12038) to work on /opt/airflow/dags/etl_clickhouse.py
[2025-10-30T08:43:58.324+0000] {processor.py:830} INFO - Processing file /opt/airflow/dags/etl_clickhouse.py for tasks to queue
[2025-10-30T08:43:58.328+0000] {logging_mixin.py:188} INFO - [2025-10-30T08:43:58.327+0000] {dagbag.py:545} INFO - Filling up the DagBag from /opt/airflow/dags/etl_clickhouse.py
[2025-10-30T08:43:59.216+0000] {processor.py:840} INFO - DAG(s) 'move_data_to_clickhouse' retrieved from /opt/airflow/dags/etl_clickhouse.py
[2025-10-30T08:43:59.264+0000] {logging_mixin.py:188} INFO - [2025-10-30T08:43:59.263+0000] {dag.py:3096} INFO - Sync 1 DAGs
[2025-10-30T08:43:59.284+0000] {logging_mixin.py:188} INFO - [2025-10-30T08:43:59.284+0000] {dag.py:3954} INFO - Setting next_dagrun for move_data_to_clickhouse to None, run_after=None
[2025-10-30T08:43:59.330+0000] {processor.py:183} INFO - Processing /opt/airflow/dags/etl_clickhouse.py took 1.020 seconds
[2025-10-30T08:44:30.014+0000] {processor.py:161} INFO - Started process (PID=12050) to work on /opt/airflow/dags/etl_clickhouse.py
[2025-10-30T08:44:30.016+0000] {processor.py:830} INFO - Processing file /opt/airflow/dags/etl_clickhouse.py for tasks to queue
[2025-10-30T08:44:30.019+0000] {logging_mixin.py:188} INFO - [2025-10-30T08:44:30.019+0000] {dagbag.py:545} INFO - Filling up the DagBag from /opt/airflow/dags/etl_clickhouse.py
[2025-10-30T08:44:31.040+0000] {processor.py:840} INFO - DAG(s) 'move_data_to_clickhouse' retrieved from /opt/airflow/dags/etl_clickhouse.py
[2025-10-30T08:44:31.092+0000] {logging_mixin.py:188} INFO - [2025-10-30T08:44:31.092+0000] {dag.py:3096} INFO - Sync 1 DAGs
[2025-10-30T08:44:31.120+0000] {logging_mixin.py:188} INFO - [2025-10-30T08:44:31.120+0000] {dag.py:3954} INFO - Setting next_dagrun for move_data_to_clickhouse to None, run_after=None
[2025-10-30T08:44:31.161+0000] {processor.py:183} INFO - Processing /opt/airflow/dags/etl_clickhouse.py took 1.162 seconds
[2025-10-30T08:45:01.669+0000] {processor.py:161} INFO - Started process (PID=12062) to work on /opt/airflow/dags/etl_clickhouse.py
[2025-10-30T08:45:01.672+0000] {processor.py:830} INFO - Processing file /opt/airflow/dags/etl_clickhouse.py for tasks to queue
[2025-10-30T08:45:01.678+0000] {logging_mixin.py:188} INFO - [2025-10-30T08:45:01.677+0000] {dagbag.py:545} INFO - Filling up the DagBag from /opt/airflow/dags/etl_clickhouse.py
[2025-10-30T08:45:02.601+0000] {processor.py:840} INFO - DAG(s) 'move_data_to_clickhouse' retrieved from /opt/airflow/dags/etl_clickhouse.py
[2025-10-30T08:45:02.657+0000] {logging_mixin.py:188} INFO - [2025-10-30T08:45:02.656+0000] {dag.py:3096} INFO - Sync 1 DAGs
[2025-10-30T08:45:02.675+0000] {logging_mixin.py:188} INFO - [2025-10-30T08:45:02.675+0000] {dag.py:3954} INFO - Setting next_dagrun for move_data_to_clickhouse to None, run_after=None
[2025-10-30T08:45:02.728+0000] {processor.py:183} INFO - Processing /opt/airflow/dags/etl_clickhouse.py took 1.078 seconds
[2025-10-30T08:45:33.334+0000] {processor.py:161} INFO - Started process (PID=12074) to work on /opt/airflow/dags/etl_clickhouse.py
[2025-10-30T08:45:33.336+0000] {processor.py:830} INFO - Processing file /opt/airflow/dags/etl_clickhouse.py for tasks to queue
[2025-10-30T08:45:33.341+0000] {logging_mixin.py:188} INFO - [2025-10-30T08:45:33.340+0000] {dagbag.py:545} INFO - Filling up the DagBag from /opt/airflow/dags/etl_clickhouse.py
[2025-10-30T08:45:34.280+0000] {processor.py:840} INFO - DAG(s) 'move_data_to_clickhouse' retrieved from /opt/airflow/dags/etl_clickhouse.py
[2025-10-30T08:45:34.335+0000] {logging_mixin.py:188} INFO - [2025-10-30T08:45:34.334+0000] {dag.py:3096} INFO - Sync 1 DAGs
[2025-10-30T08:45:34.351+0000] {logging_mixin.py:188} INFO - [2025-10-30T08:45:34.351+0000] {dag.py:3954} INFO - Setting next_dagrun for move_data_to_clickhouse to None, run_after=None
[2025-10-30T08:45:34.383+0000] {processor.py:183} INFO - Processing /opt/airflow/dags/etl_clickhouse.py took 1.065 seconds
[2025-10-30T08:46:04.941+0000] {processor.py:161} INFO - Started process (PID=12086) to work on /opt/airflow/dags/etl_clickhouse.py
[2025-10-30T08:46:04.944+0000] {processor.py:830} INFO - Processing file /opt/airflow/dags/etl_clickhouse.py for tasks to queue
[2025-10-30T08:46:04.948+0000] {logging_mixin.py:188} INFO - [2025-10-30T08:46:04.947+0000] {dagbag.py:545} INFO - Filling up the DagBag from /opt/airflow/dags/etl_clickhouse.py
[2025-10-30T08:46:05.844+0000] {processor.py:840} INFO - DAG(s) 'move_data_to_clickhouse' retrieved from /opt/airflow/dags/etl_clickhouse.py
[2025-10-30T08:46:05.897+0000] {logging_mixin.py:188} INFO - [2025-10-30T08:46:05.896+0000] {dag.py:3096} INFO - Sync 1 DAGs
[2025-10-30T08:46:05.929+0000] {logging_mixin.py:188} INFO - [2025-10-30T08:46:05.929+0000] {dag.py:3954} INFO - Setting next_dagrun for move_data_to_clickhouse to None, run_after=None
[2025-10-30T08:46:05.989+0000] {processor.py:183} INFO - Processing /opt/airflow/dags/etl_clickhouse.py took 1.059 seconds
[2025-10-30T08:46:36.969+0000] {processor.py:161} INFO - Started process (PID=12098) to work on /opt/airflow/dags/etl_clickhouse.py
[2025-10-30T08:46:36.972+0000] {processor.py:830} INFO - Processing file /opt/airflow/dags/etl_clickhouse.py for tasks to queue
[2025-10-30T08:46:36.976+0000] {logging_mixin.py:188} INFO - [2025-10-30T08:46:36.975+0000] {dagbag.py:545} INFO - Filling up the DagBag from /opt/airflow/dags/etl_clickhouse.py
[2025-10-30T08:46:37.964+0000] {processor.py:840} INFO - DAG(s) 'move_data_to_clickhouse' retrieved from /opt/airflow/dags/etl_clickhouse.py
[2025-10-30T08:46:38.038+0000] {logging_mixin.py:188} INFO - [2025-10-30T08:46:38.037+0000] {dag.py:3096} INFO - Sync 1 DAGs
[2025-10-30T08:46:38.062+0000] {logging_mixin.py:188} INFO - [2025-10-30T08:46:38.061+0000] {dag.py:3954} INFO - Setting next_dagrun for move_data_to_clickhouse to None, run_after=None
[2025-10-30T08:46:38.110+0000] {processor.py:183} INFO - Processing /opt/airflow/dags/etl_clickhouse.py took 1.154 seconds
[2025-10-30T08:47:08.482+0000] {processor.py:161} INFO - Started process (PID=12110) to work on /opt/airflow/dags/etl_clickhouse.py
[2025-10-30T08:47:08.485+0000] {processor.py:830} INFO - Processing file /opt/airflow/dags/etl_clickhouse.py for tasks to queue
[2025-10-30T08:47:08.489+0000] {logging_mixin.py:188} INFO - [2025-10-30T08:47:08.488+0000] {dagbag.py:545} INFO - Filling up the DagBag from /opt/airflow/dags/etl_clickhouse.py
[2025-10-30T08:47:09.175+0000] {processor.py:840} INFO - DAG(s) 'move_data_to_clickhouse' retrieved from /opt/airflow/dags/etl_clickhouse.py
[2025-10-30T08:47:09.248+0000] {logging_mixin.py:188} INFO - [2025-10-30T08:47:09.247+0000] {dag.py:3096} INFO - Sync 1 DAGs
[2025-10-30T08:47:09.283+0000] {logging_mixin.py:188} INFO - [2025-10-30T08:47:09.282+0000] {dag.py:3954} INFO - Setting next_dagrun for move_data_to_clickhouse to None, run_after=None
[2025-10-30T08:47:09.347+0000] {processor.py:183} INFO - Processing /opt/airflow/dags/etl_clickhouse.py took 0.881 seconds
[2025-10-30T08:47:39.896+0000] {processor.py:161} INFO - Started process (PID=12122) to work on /opt/airflow/dags/etl_clickhouse.py
[2025-10-30T08:47:39.898+0000] {processor.py:830} INFO - Processing file /opt/airflow/dags/etl_clickhouse.py for tasks to queue
[2025-10-30T08:47:39.903+0000] {logging_mixin.py:188} INFO - [2025-10-30T08:47:39.902+0000] {dagbag.py:545} INFO - Filling up the DagBag from /opt/airflow/dags/etl_clickhouse.py
[2025-10-30T08:47:40.913+0000] {processor.py:840} INFO - DAG(s) 'move_data_to_clickhouse' retrieved from /opt/airflow/dags/etl_clickhouse.py
[2025-10-30T08:47:40.986+0000] {logging_mixin.py:188} INFO - [2025-10-30T08:47:40.985+0000] {dag.py:3096} INFO - Sync 1 DAGs
[2025-10-30T08:47:41.010+0000] {logging_mixin.py:188} INFO - [2025-10-30T08:47:41.010+0000] {dag.py:3954} INFO - Setting next_dagrun for move_data_to_clickhouse to None, run_after=None
[2025-10-30T08:47:41.054+0000] {processor.py:183} INFO - Processing /opt/airflow/dags/etl_clickhouse.py took 1.176 seconds
[2025-10-30T08:48:11.378+0000] {processor.py:161} INFO - Started process (PID=12134) to work on /opt/airflow/dags/etl_clickhouse.py
[2025-10-30T08:48:11.381+0000] {processor.py:830} INFO - Processing file /opt/airflow/dags/etl_clickhouse.py for tasks to queue
[2025-10-30T08:48:11.385+0000] {logging_mixin.py:188} INFO - [2025-10-30T08:48:11.384+0000] {dagbag.py:545} INFO - Filling up the DagBag from /opt/airflow/dags/etl_clickhouse.py
[2025-10-30T08:48:12.082+0000] {processor.py:840} INFO - DAG(s) 'move_data_to_clickhouse' retrieved from /opt/airflow/dags/etl_clickhouse.py
[2025-10-30T08:48:12.137+0000] {logging_mixin.py:188} INFO - [2025-10-30T08:48:12.137+0000] {dag.py:3096} INFO - Sync 1 DAGs
[2025-10-30T08:48:12.162+0000] {logging_mixin.py:188} INFO - [2025-10-30T08:48:12.162+0000] {dag.py:3954} INFO - Setting next_dagrun for move_data_to_clickhouse to None, run_after=None
[2025-10-30T08:48:12.199+0000] {processor.py:183} INFO - Processing /opt/airflow/dags/etl_clickhouse.py took 0.834 seconds
[2025-10-30T08:48:42.852+0000] {processor.py:161} INFO - Started process (PID=12146) to work on /opt/airflow/dags/etl_clickhouse.py
[2025-10-30T08:48:42.855+0000] {processor.py:830} INFO - Processing file /opt/airflow/dags/etl_clickhouse.py for tasks to queue
[2025-10-30T08:48:42.858+0000] {logging_mixin.py:188} INFO - [2025-10-30T08:48:42.858+0000] {dagbag.py:545} INFO - Filling up the DagBag from /opt/airflow/dags/etl_clickhouse.py
[2025-10-30T08:48:43.616+0000] {processor.py:840} INFO - DAG(s) 'move_data_to_clickhouse' retrieved from /opt/airflow/dags/etl_clickhouse.py
[2025-10-30T08:48:43.683+0000] {logging_mixin.py:188} INFO - [2025-10-30T08:48:43.682+0000] {dag.py:3096} INFO - Sync 1 DAGs
[2025-10-30T08:48:43.711+0000] {logging_mixin.py:188} INFO - [2025-10-30T08:48:43.711+0000] {dag.py:3954} INFO - Setting next_dagrun for move_data_to_clickhouse to None, run_after=None
[2025-10-30T08:48:43.774+0000] {processor.py:183} INFO - Processing /opt/airflow/dags/etl_clickhouse.py took 0.935 seconds
[2025-10-30T08:49:14.357+0000] {processor.py:161} INFO - Started process (PID=12158) to work on /opt/airflow/dags/etl_clickhouse.py
[2025-10-30T08:49:14.360+0000] {processor.py:830} INFO - Processing file /opt/airflow/dags/etl_clickhouse.py for tasks to queue
[2025-10-30T08:49:14.364+0000] {logging_mixin.py:188} INFO - [2025-10-30T08:49:14.363+0000] {dagbag.py:545} INFO - Filling up the DagBag from /opt/airflow/dags/etl_clickhouse.py
[2025-10-30T08:49:15.072+0000] {processor.py:840} INFO - DAG(s) 'move_data_to_clickhouse' retrieved from /opt/airflow/dags/etl_clickhouse.py
[2025-10-30T08:49:15.130+0000] {logging_mixin.py:188} INFO - [2025-10-30T08:49:15.129+0000] {dag.py:3096} INFO - Sync 1 DAGs
[2025-10-30T08:49:15.154+0000] {logging_mixin.py:188} INFO - [2025-10-30T08:49:15.153+0000] {dag.py:3954} INFO - Setting next_dagrun for move_data_to_clickhouse to None, run_after=None
[2025-10-30T08:49:15.203+0000] {processor.py:183} INFO - Processing /opt/airflow/dags/etl_clickhouse.py took 0.859 seconds
[2025-10-30T08:49:45.794+0000] {processor.py:161} INFO - Started process (PID=12170) to work on /opt/airflow/dags/etl_clickhouse.py
[2025-10-30T08:49:45.796+0000] {processor.py:830} INFO - Processing file /opt/airflow/dags/etl_clickhouse.py for tasks to queue
[2025-10-30T08:49:45.800+0000] {logging_mixin.py:188} INFO - [2025-10-30T08:49:45.800+0000] {dagbag.py:545} INFO - Filling up the DagBag from /opt/airflow/dags/etl_clickhouse.py
[2025-10-30T08:49:46.591+0000] {processor.py:840} INFO - DAG(s) 'move_data_to_clickhouse' retrieved from /opt/airflow/dags/etl_clickhouse.py
[2025-10-30T08:49:46.646+0000] {logging_mixin.py:188} INFO - [2025-10-30T08:49:46.645+0000] {dag.py:3096} INFO - Sync 1 DAGs
[2025-10-30T08:49:46.669+0000] {logging_mixin.py:188} INFO - [2025-10-30T08:49:46.669+0000] {dag.py:3954} INFO - Setting next_dagrun for move_data_to_clickhouse to None, run_after=None
[2025-10-30T08:49:46.721+0000] {processor.py:183} INFO - Processing /opt/airflow/dags/etl_clickhouse.py took 0.941 seconds
[2025-10-30T08:50:17.256+0000] {processor.py:161} INFO - Started process (PID=12182) to work on /opt/airflow/dags/etl_clickhouse.py
[2025-10-30T08:50:17.259+0000] {processor.py:830} INFO - Processing file /opt/airflow/dags/etl_clickhouse.py for tasks to queue
[2025-10-30T08:50:17.263+0000] {logging_mixin.py:188} INFO - [2025-10-30T08:50:17.262+0000] {dagbag.py:545} INFO - Filling up the DagBag from /opt/airflow/dags/etl_clickhouse.py
[2025-10-30T08:50:17.923+0000] {processor.py:840} INFO - DAG(s) 'move_data_to_clickhouse' retrieved from /opt/airflow/dags/etl_clickhouse.py
[2025-10-30T08:50:17.974+0000] {logging_mixin.py:188} INFO - [2025-10-30T08:50:17.973+0000] {dag.py:3096} INFO - Sync 1 DAGs
[2025-10-30T08:50:18.005+0000] {logging_mixin.py:188} INFO - [2025-10-30T08:50:18.005+0000] {dag.py:3954} INFO - Setting next_dagrun for move_data_to_clickhouse to None, run_after=None
[2025-10-30T08:50:18.060+0000] {processor.py:183} INFO - Processing /opt/airflow/dags/etl_clickhouse.py took 0.817 seconds
[2025-10-30T08:50:48.687+0000] {processor.py:161} INFO - Started process (PID=12194) to work on /opt/airflow/dags/etl_clickhouse.py
[2025-10-30T08:50:48.690+0000] {processor.py:830} INFO - Processing file /opt/airflow/dags/etl_clickhouse.py for tasks to queue
[2025-10-30T08:50:48.696+0000] {logging_mixin.py:188} INFO - [2025-10-30T08:50:48.695+0000] {dagbag.py:545} INFO - Filling up the DagBag from /opt/airflow/dags/etl_clickhouse.py
[2025-10-30T08:50:49.392+0000] {processor.py:840} INFO - DAG(s) 'move_data_to_clickhouse' retrieved from /opt/airflow/dags/etl_clickhouse.py
[2025-10-30T08:50:49.461+0000] {logging_mixin.py:188} INFO - [2025-10-30T08:50:49.461+0000] {dag.py:3096} INFO - Sync 1 DAGs
[2025-10-30T08:50:49.483+0000] {logging_mixin.py:188} INFO - [2025-10-30T08:50:49.483+0000] {dag.py:3954} INFO - Setting next_dagrun for move_data_to_clickhouse to None, run_after=None
[2025-10-30T08:50:49.546+0000] {processor.py:183} INFO - Processing /opt/airflow/dags/etl_clickhouse.py took 0.879 seconds
[2025-10-30T08:51:20.154+0000] {processor.py:161} INFO - Started process (PID=12206) to work on /opt/airflow/dags/etl_clickhouse.py
[2025-10-30T08:51:20.160+0000] {processor.py:830} INFO - Processing file /opt/airflow/dags/etl_clickhouse.py for tasks to queue
[2025-10-30T08:51:20.166+0000] {logging_mixin.py:188} INFO - [2025-10-30T08:51:20.165+0000] {dagbag.py:545} INFO - Filling up the DagBag from /opt/airflow/dags/etl_clickhouse.py
[2025-10-30T08:51:21.040+0000] {processor.py:840} INFO - DAG(s) 'move_data_to_clickhouse' retrieved from /opt/airflow/dags/etl_clickhouse.py
[2025-10-30T08:51:21.107+0000] {logging_mixin.py:188} INFO - [2025-10-30T08:51:21.106+0000] {dag.py:3096} INFO - Sync 1 DAGs
[2025-10-30T08:51:21.137+0000] {logging_mixin.py:188} INFO - [2025-10-30T08:51:21.136+0000] {dag.py:3954} INFO - Setting next_dagrun for move_data_to_clickhouse to None, run_after=None
[2025-10-30T08:51:21.197+0000] {processor.py:183} INFO - Processing /opt/airflow/dags/etl_clickhouse.py took 1.067 seconds
[2025-10-30T08:51:51.648+0000] {processor.py:161} INFO - Started process (PID=12218) to work on /opt/airflow/dags/etl_clickhouse.py
[2025-10-30T08:51:51.650+0000] {processor.py:830} INFO - Processing file /opt/airflow/dags/etl_clickhouse.py for tasks to queue
[2025-10-30T08:51:51.656+0000] {logging_mixin.py:188} INFO - [2025-10-30T08:51:51.655+0000] {dagbag.py:545} INFO - Filling up the DagBag from /opt/airflow/dags/etl_clickhouse.py
[2025-10-30T08:51:52.413+0000] {processor.py:840} INFO - DAG(s) 'move_data_to_clickhouse' retrieved from /opt/airflow/dags/etl_clickhouse.py
[2025-10-30T08:51:52.471+0000] {logging_mixin.py:188} INFO - [2025-10-30T08:51:52.470+0000] {dag.py:3096} INFO - Sync 1 DAGs
[2025-10-30T08:51:52.492+0000] {logging_mixin.py:188} INFO - [2025-10-30T08:51:52.491+0000] {dag.py:3954} INFO - Setting next_dagrun for move_data_to_clickhouse to None, run_after=None
[2025-10-30T08:51:52.553+0000] {processor.py:183} INFO - Processing /opt/airflow/dags/etl_clickhouse.py took 0.923 seconds
[2025-10-30T08:52:23.232+0000] {processor.py:161} INFO - Started process (PID=12230) to work on /opt/airflow/dags/etl_clickhouse.py
[2025-10-30T08:52:23.234+0000] {processor.py:830} INFO - Processing file /opt/airflow/dags/etl_clickhouse.py for tasks to queue
[2025-10-30T08:52:23.239+0000] {logging_mixin.py:188} INFO - [2025-10-30T08:52:23.238+0000] {dagbag.py:545} INFO - Filling up the DagBag from /opt/airflow/dags/etl_clickhouse.py
[2025-10-30T08:52:23.948+0000] {processor.py:840} INFO - DAG(s) 'move_data_to_clickhouse' retrieved from /opt/airflow/dags/etl_clickhouse.py
[2025-10-30T08:52:24.001+0000] {logging_mixin.py:188} INFO - [2025-10-30T08:52:24.000+0000] {dag.py:3096} INFO - Sync 1 DAGs
[2025-10-30T08:52:24.028+0000] {logging_mixin.py:188} INFO - [2025-10-30T08:52:24.028+0000] {dag.py:3954} INFO - Setting next_dagrun for move_data_to_clickhouse to None, run_after=None
[2025-10-30T08:52:24.079+0000] {processor.py:183} INFO - Processing /opt/airflow/dags/etl_clickhouse.py took 0.862 seconds
[2025-10-30T08:52:54.590+0000] {processor.py:161} INFO - Started process (PID=12242) to work on /opt/airflow/dags/etl_clickhouse.py
[2025-10-30T08:52:54.592+0000] {processor.py:830} INFO - Processing file /opt/airflow/dags/etl_clickhouse.py for tasks to queue
[2025-10-30T08:52:54.596+0000] {logging_mixin.py:188} INFO - [2025-10-30T08:52:54.595+0000] {dagbag.py:545} INFO - Filling up the DagBag from /opt/airflow/dags/etl_clickhouse.py
[2025-10-30T08:52:55.312+0000] {processor.py:840} INFO - DAG(s) 'move_data_to_clickhouse' retrieved from /opt/airflow/dags/etl_clickhouse.py
[2025-10-30T08:52:55.367+0000] {logging_mixin.py:188} INFO - [2025-10-30T08:52:55.367+0000] {dag.py:3096} INFO - Sync 1 DAGs
[2025-10-30T08:52:55.388+0000] {logging_mixin.py:188} INFO - [2025-10-30T08:52:55.388+0000] {dag.py:3954} INFO - Setting next_dagrun for move_data_to_clickhouse to None, run_after=None
[2025-10-30T08:52:55.435+0000] {processor.py:183} INFO - Processing /opt/airflow/dags/etl_clickhouse.py took 0.857 seconds
[2025-10-30T08:53:26.316+0000] {processor.py:161} INFO - Started process (PID=12254) to work on /opt/airflow/dags/etl_clickhouse.py
[2025-10-30T08:53:26.319+0000] {processor.py:830} INFO - Processing file /opt/airflow/dags/etl_clickhouse.py for tasks to queue
[2025-10-30T08:53:26.323+0000] {logging_mixin.py:188} INFO - [2025-10-30T08:53:26.322+0000] {dagbag.py:545} INFO - Filling up the DagBag from /opt/airflow/dags/etl_clickhouse.py
[2025-10-30T08:53:27.017+0000] {processor.py:840} INFO - DAG(s) 'move_data_to_clickhouse' retrieved from /opt/airflow/dags/etl_clickhouse.py
[2025-10-30T08:53:27.066+0000] {logging_mixin.py:188} INFO - [2025-10-30T08:53:27.066+0000] {dag.py:3096} INFO - Sync 1 DAGs
[2025-10-30T08:53:27.086+0000] {logging_mixin.py:188} INFO - [2025-10-30T08:53:27.086+0000] {dag.py:3954} INFO - Setting next_dagrun for move_data_to_clickhouse to None, run_after=None
[2025-10-30T08:53:27.141+0000] {processor.py:183} INFO - Processing /opt/airflow/dags/etl_clickhouse.py took 0.836 seconds
[2025-10-30T08:53:57.676+0000] {processor.py:161} INFO - Started process (PID=12266) to work on /opt/airflow/dags/etl_clickhouse.py
[2025-10-30T08:53:57.678+0000] {processor.py:830} INFO - Processing file /opt/airflow/dags/etl_clickhouse.py for tasks to queue
[2025-10-30T08:53:57.683+0000] {logging_mixin.py:188} INFO - [2025-10-30T08:53:57.683+0000] {dagbag.py:545} INFO - Filling up the DagBag from /opt/airflow/dags/etl_clickhouse.py
[2025-10-30T08:53:58.418+0000] {processor.py:840} INFO - DAG(s) 'move_data_to_clickhouse' retrieved from /opt/airflow/dags/etl_clickhouse.py
[2025-10-30T08:53:58.468+0000] {logging_mixin.py:188} INFO - [2025-10-30T08:53:58.468+0000] {dag.py:3096} INFO - Sync 1 DAGs
[2025-10-30T08:53:58.489+0000] {logging_mixin.py:188} INFO - [2025-10-30T08:53:58.489+0000] {dag.py:3954} INFO - Setting next_dagrun for move_data_to_clickhouse to None, run_after=None
[2025-10-30T08:53:58.558+0000] {processor.py:183} INFO - Processing /opt/airflow/dags/etl_clickhouse.py took 0.896 seconds
[2025-10-30T08:54:29.353+0000] {processor.py:161} INFO - Started process (PID=12278) to work on /opt/airflow/dags/etl_clickhouse.py
[2025-10-30T08:54:29.355+0000] {processor.py:830} INFO - Processing file /opt/airflow/dags/etl_clickhouse.py for tasks to queue
[2025-10-30T08:54:29.360+0000] {logging_mixin.py:188} INFO - [2025-10-30T08:54:29.359+0000] {dagbag.py:545} INFO - Filling up the DagBag from /opt/airflow/dags/etl_clickhouse.py
[2025-10-30T08:54:30.079+0000] {processor.py:840} INFO - DAG(s) 'move_data_to_clickhouse' retrieved from /opt/airflow/dags/etl_clickhouse.py
[2025-10-30T08:54:30.141+0000] {logging_mixin.py:188} INFO - [2025-10-30T08:54:30.140+0000] {dag.py:3096} INFO - Sync 1 DAGs
[2025-10-30T08:54:30.165+0000] {logging_mixin.py:188} INFO - [2025-10-30T08:54:30.165+0000] {dag.py:3954} INFO - Setting next_dagrun for move_data_to_clickhouse to None, run_after=None
[2025-10-30T08:54:30.207+0000] {processor.py:183} INFO - Processing /opt/airflow/dags/etl_clickhouse.py took 0.865 seconds
[2025-10-30T08:55:00.802+0000] {processor.py:161} INFO - Started process (PID=12290) to work on /opt/airflow/dags/etl_clickhouse.py
[2025-10-30T08:55:00.804+0000] {processor.py:830} INFO - Processing file /opt/airflow/dags/etl_clickhouse.py for tasks to queue
[2025-10-30T08:55:00.808+0000] {logging_mixin.py:188} INFO - [2025-10-30T08:55:00.808+0000] {dagbag.py:545} INFO - Filling up the DagBag from /opt/airflow/dags/etl_clickhouse.py
[2025-10-30T08:55:01.519+0000] {processor.py:840} INFO - DAG(s) 'move_data_to_clickhouse' retrieved from /opt/airflow/dags/etl_clickhouse.py
[2025-10-30T08:55:01.593+0000] {logging_mixin.py:188} INFO - [2025-10-30T08:55:01.592+0000] {dag.py:3096} INFO - Sync 1 DAGs
[2025-10-30T08:55:01.629+0000] {logging_mixin.py:188} INFO - [2025-10-30T08:55:01.628+0000] {dag.py:3954} INFO - Setting next_dagrun for move_data_to_clickhouse to None, run_after=None
[2025-10-30T08:55:01.692+0000] {processor.py:183} INFO - Processing /opt/airflow/dags/etl_clickhouse.py took 0.903 seconds
[2025-10-30T08:55:32.415+0000] {processor.py:161} INFO - Started process (PID=12302) to work on /opt/airflow/dags/etl_clickhouse.py
[2025-10-30T08:55:32.418+0000] {processor.py:830} INFO - Processing file /opt/airflow/dags/etl_clickhouse.py for tasks to queue
[2025-10-30T08:55:32.426+0000] {logging_mixin.py:188} INFO - [2025-10-30T08:55:32.425+0000] {dagbag.py:545} INFO - Filling up the DagBag from /opt/airflow/dags/etl_clickhouse.py
[2025-10-30T08:55:33.173+0000] {processor.py:840} INFO - DAG(s) 'move_data_to_clickhouse' retrieved from /opt/airflow/dags/etl_clickhouse.py
[2025-10-30T08:55:33.236+0000] {logging_mixin.py:188} INFO - [2025-10-30T08:55:33.235+0000] {dag.py:3096} INFO - Sync 1 DAGs
[2025-10-30T08:55:33.270+0000] {logging_mixin.py:188} INFO - [2025-10-30T08:55:33.269+0000] {dag.py:3954} INFO - Setting next_dagrun for move_data_to_clickhouse to None, run_after=None
[2025-10-30T08:55:33.336+0000] {processor.py:183} INFO - Processing /opt/airflow/dags/etl_clickhouse.py took 0.940 seconds
[2025-10-30T08:56:03.904+0000] {processor.py:161} INFO - Started process (PID=12314) to work on /opt/airflow/dags/etl_clickhouse.py
[2025-10-30T08:56:03.906+0000] {processor.py:830} INFO - Processing file /opt/airflow/dags/etl_clickhouse.py for tasks to queue
[2025-10-30T08:56:03.911+0000] {logging_mixin.py:188} INFO - [2025-10-30T08:56:03.910+0000] {dagbag.py:545} INFO - Filling up the DagBag from /opt/airflow/dags/etl_clickhouse.py
[2025-10-30T08:56:04.632+0000] {processor.py:840} INFO - DAG(s) 'move_data_to_clickhouse' retrieved from /opt/airflow/dags/etl_clickhouse.py
[2025-10-30T08:56:04.684+0000] {logging_mixin.py:188} INFO - [2025-10-30T08:56:04.684+0000] {dag.py:3096} INFO - Sync 1 DAGs
[2025-10-30T08:56:04.706+0000] {logging_mixin.py:188} INFO - [2025-10-30T08:56:04.706+0000] {dag.py:3954} INFO - Setting next_dagrun for move_data_to_clickhouse to None, run_after=None
[2025-10-30T08:56:04.769+0000] {processor.py:183} INFO - Processing /opt/airflow/dags/etl_clickhouse.py took 0.879 seconds
[2025-10-30T08:56:35.301+0000] {processor.py:161} INFO - Started process (PID=12326) to work on /opt/airflow/dags/etl_clickhouse.py
[2025-10-30T08:56:35.304+0000] {processor.py:830} INFO - Processing file /opt/airflow/dags/etl_clickhouse.py for tasks to queue
[2025-10-30T08:56:35.309+0000] {logging_mixin.py:188} INFO - [2025-10-30T08:56:35.308+0000] {dagbag.py:545} INFO - Filling up the DagBag from /opt/airflow/dags/etl_clickhouse.py
[2025-10-30T08:56:36.178+0000] {processor.py:840} INFO - DAG(s) 'move_data_to_clickhouse' retrieved from /opt/airflow/dags/etl_clickhouse.py
[2025-10-30T08:56:36.238+0000] {logging_mixin.py:188} INFO - [2025-10-30T08:56:36.237+0000] {dag.py:3096} INFO - Sync 1 DAGs
[2025-10-30T08:56:36.271+0000] {logging_mixin.py:188} INFO - [2025-10-30T08:56:36.270+0000] {dag.py:3954} INFO - Setting next_dagrun for move_data_to_clickhouse to None, run_after=None
[2025-10-30T08:56:36.328+0000] {processor.py:183} INFO - Processing /opt/airflow/dags/etl_clickhouse.py took 1.042 seconds
[2025-10-30T08:57:06.815+0000] {processor.py:161} INFO - Started process (PID=12338) to work on /opt/airflow/dags/etl_clickhouse.py
[2025-10-30T08:57:06.818+0000] {processor.py:830} INFO - Processing file /opt/airflow/dags/etl_clickhouse.py for tasks to queue
[2025-10-30T08:57:06.823+0000] {logging_mixin.py:188} INFO - [2025-10-30T08:57:06.822+0000] {dagbag.py:545} INFO - Filling up the DagBag from /opt/airflow/dags/etl_clickhouse.py
[2025-10-30T08:57:07.518+0000] {processor.py:840} INFO - DAG(s) 'move_data_to_clickhouse' retrieved from /opt/airflow/dags/etl_clickhouse.py
[2025-10-30T08:57:07.570+0000] {logging_mixin.py:188} INFO - [2025-10-30T08:57:07.569+0000] {dag.py:3096} INFO - Sync 1 DAGs
[2025-10-30T08:57:07.590+0000] {logging_mixin.py:188} INFO - [2025-10-30T08:57:07.589+0000] {dag.py:3954} INFO - Setting next_dagrun for move_data_to_clickhouse to None, run_after=None
[2025-10-30T08:57:07.625+0000] {processor.py:183} INFO - Processing /opt/airflow/dags/etl_clickhouse.py took 0.830 seconds
[2025-10-30T08:57:38.257+0000] {processor.py:161} INFO - Started process (PID=12350) to work on /opt/airflow/dags/etl_clickhouse.py
[2025-10-30T08:57:38.260+0000] {processor.py:830} INFO - Processing file /opt/airflow/dags/etl_clickhouse.py for tasks to queue
[2025-10-30T08:57:38.265+0000] {logging_mixin.py:188} INFO - [2025-10-30T08:57:38.264+0000] {dagbag.py:545} INFO - Filling up the DagBag from /opt/airflow/dags/etl_clickhouse.py
[2025-10-30T08:57:39.317+0000] {processor.py:840} INFO - DAG(s) 'move_data_to_clickhouse' retrieved from /opt/airflow/dags/etl_clickhouse.py
[2025-10-30T08:57:39.400+0000] {logging_mixin.py:188} INFO - [2025-10-30T08:57:39.399+0000] {dag.py:3096} INFO - Sync 1 DAGs
[2025-10-30T08:57:39.428+0000] {logging_mixin.py:188} INFO - [2025-10-30T08:57:39.428+0000] {dag.py:3954} INFO - Setting next_dagrun for move_data_to_clickhouse to None, run_after=None
[2025-10-30T08:57:39.479+0000] {processor.py:183} INFO - Processing /opt/airflow/dags/etl_clickhouse.py took 1.237 seconds
[2025-10-30T08:58:10.244+0000] {processor.py:161} INFO - Started process (PID=12362) to work on /opt/airflow/dags/etl_clickhouse.py
[2025-10-30T08:58:10.246+0000] {processor.py:830} INFO - Processing file /opt/airflow/dags/etl_clickhouse.py for tasks to queue
[2025-10-30T08:58:10.250+0000] {logging_mixin.py:188} INFO - [2025-10-30T08:58:10.250+0000] {dagbag.py:545} INFO - Filling up the DagBag from /opt/airflow/dags/etl_clickhouse.py
[2025-10-30T08:58:11.042+0000] {processor.py:840} INFO - DAG(s) 'move_data_to_clickhouse' retrieved from /opt/airflow/dags/etl_clickhouse.py
[2025-10-30T08:58:11.104+0000] {logging_mixin.py:188} INFO - [2025-10-30T08:58:11.103+0000] {dag.py:3096} INFO - Sync 1 DAGs
[2025-10-30T08:58:11.129+0000] {logging_mixin.py:188} INFO - [2025-10-30T08:58:11.129+0000] {dag.py:3954} INFO - Setting next_dagrun for move_data_to_clickhouse to None, run_after=None
[2025-10-30T08:58:11.167+0000] {processor.py:183} INFO - Processing /opt/airflow/dags/etl_clickhouse.py took 0.944 seconds
[2025-10-30T08:58:41.644+0000] {processor.py:161} INFO - Started process (PID=12374) to work on /opt/airflow/dags/etl_clickhouse.py
[2025-10-30T08:58:41.646+0000] {processor.py:830} INFO - Processing file /opt/airflow/dags/etl_clickhouse.py for tasks to queue
[2025-10-30T08:58:41.650+0000] {logging_mixin.py:188} INFO - [2025-10-30T08:58:41.650+0000] {dagbag.py:545} INFO - Filling up the DagBag from /opt/airflow/dags/etl_clickhouse.py
[2025-10-30T08:58:42.564+0000] {processor.py:840} INFO - DAG(s) 'move_data_to_clickhouse' retrieved from /opt/airflow/dags/etl_clickhouse.py
[2025-10-30T08:58:42.640+0000] {logging_mixin.py:188} INFO - [2025-10-30T08:58:42.639+0000] {dag.py:3096} INFO - Sync 1 DAGs
[2025-10-30T08:58:42.681+0000] {logging_mixin.py:188} INFO - [2025-10-30T08:58:42.680+0000] {dag.py:3954} INFO - Setting next_dagrun for move_data_to_clickhouse to None, run_after=None
[2025-10-30T08:58:42.736+0000] {processor.py:183} INFO - Processing /opt/airflow/dags/etl_clickhouse.py took 1.106 seconds
[2025-10-30T08:59:13.183+0000] {processor.py:161} INFO - Started process (PID=12386) to work on /opt/airflow/dags/etl_clickhouse.py
[2025-10-30T08:59:13.185+0000] {processor.py:830} INFO - Processing file /opt/airflow/dags/etl_clickhouse.py for tasks to queue
[2025-10-30T08:59:13.189+0000] {logging_mixin.py:188} INFO - [2025-10-30T08:59:13.188+0000] {dagbag.py:545} INFO - Filling up the DagBag from /opt/airflow/dags/etl_clickhouse.py
[2025-10-30T08:59:13.867+0000] {processor.py:840} INFO - DAG(s) 'move_data_to_clickhouse' retrieved from /opt/airflow/dags/etl_clickhouse.py
[2025-10-30T08:59:13.920+0000] {logging_mixin.py:188} INFO - [2025-10-30T08:59:13.919+0000] {dag.py:3096} INFO - Sync 1 DAGs
[2025-10-30T08:59:13.939+0000] {logging_mixin.py:188} INFO - [2025-10-30T08:59:13.939+0000] {dag.py:3954} INFO - Setting next_dagrun for move_data_to_clickhouse to None, run_after=None
[2025-10-30T08:59:14.003+0000] {processor.py:183} INFO - Processing /opt/airflow/dags/etl_clickhouse.py took 0.833 seconds
[2025-10-30T08:59:44.580+0000] {processor.py:161} INFO - Started process (PID=12398) to work on /opt/airflow/dags/etl_clickhouse.py
[2025-10-30T08:59:44.582+0000] {processor.py:830} INFO - Processing file /opt/airflow/dags/etl_clickhouse.py for tasks to queue
[2025-10-30T08:59:44.587+0000] {logging_mixin.py:188} INFO - [2025-10-30T08:59:44.586+0000] {dagbag.py:545} INFO - Filling up the DagBag from /opt/airflow/dags/etl_clickhouse.py
[2025-10-30T08:59:45.277+0000] {processor.py:840} INFO - DAG(s) 'move_data_to_clickhouse' retrieved from /opt/airflow/dags/etl_clickhouse.py
[2025-10-30T08:59:45.345+0000] {logging_mixin.py:188} INFO - [2025-10-30T08:59:45.344+0000] {dag.py:3096} INFO - Sync 1 DAGs
[2025-10-30T08:59:45.369+0000] {logging_mixin.py:188} INFO - [2025-10-30T08:59:45.368+0000] {dag.py:3954} INFO - Setting next_dagrun for move_data_to_clickhouse to None, run_after=None
[2025-10-30T08:59:45.408+0000] {processor.py:183} INFO - Processing /opt/airflow/dags/etl_clickhouse.py took 0.840 seconds
[2025-10-30T09:00:15.987+0000] {processor.py:161} INFO - Started process (PID=12410) to work on /opt/airflow/dags/etl_clickhouse.py
[2025-10-30T09:00:15.989+0000] {processor.py:830} INFO - Processing file /opt/airflow/dags/etl_clickhouse.py for tasks to queue
[2025-10-30T09:00:15.994+0000] {logging_mixin.py:188} INFO - [2025-10-30T09:00:15.993+0000] {dagbag.py:545} INFO - Filling up the DagBag from /opt/airflow/dags/etl_clickhouse.py
[2025-10-30T09:00:16.683+0000] {processor.py:840} INFO - DAG(s) 'move_data_to_clickhouse' retrieved from /opt/airflow/dags/etl_clickhouse.py
[2025-10-30T09:00:16.746+0000] {logging_mixin.py:188} INFO - [2025-10-30T09:00:16.746+0000] {dag.py:3096} INFO - Sync 1 DAGs
[2025-10-30T09:00:16.779+0000] {logging_mixin.py:188} INFO - [2025-10-30T09:00:16.778+0000] {dag.py:3954} INFO - Setting next_dagrun for move_data_to_clickhouse to None, run_after=None
[2025-10-30T09:00:16.839+0000] {processor.py:183} INFO - Processing /opt/airflow/dags/etl_clickhouse.py took 0.869 seconds
[2025-10-30T09:00:47.409+0000] {processor.py:161} INFO - Started process (PID=12422) to work on /opt/airflow/dags/etl_clickhouse.py
[2025-10-30T09:00:47.412+0000] {processor.py:830} INFO - Processing file /opt/airflow/dags/etl_clickhouse.py for tasks to queue
[2025-10-30T09:00:47.416+0000] {logging_mixin.py:188} INFO - [2025-10-30T09:00:47.415+0000] {dagbag.py:545} INFO - Filling up the DagBag from /opt/airflow/dags/etl_clickhouse.py
[2025-10-30T09:00:48.181+0000] {processor.py:840} INFO - DAG(s) 'move_data_to_clickhouse' retrieved from /opt/airflow/dags/etl_clickhouse.py
[2025-10-30T09:00:48.238+0000] {logging_mixin.py:188} INFO - [2025-10-30T09:00:48.237+0000] {dag.py:3096} INFO - Sync 1 DAGs
[2025-10-30T09:00:48.267+0000] {logging_mixin.py:188} INFO - [2025-10-30T09:00:48.266+0000] {dag.py:3954} INFO - Setting next_dagrun for move_data_to_clickhouse to None, run_after=None
[2025-10-30T09:00:48.305+0000] {processor.py:183} INFO - Processing /opt/airflow/dags/etl_clickhouse.py took 0.915 seconds
[2025-10-30T09:01:18.848+0000] {processor.py:161} INFO - Started process (PID=12434) to work on /opt/airflow/dags/etl_clickhouse.py
[2025-10-30T09:01:18.850+0000] {processor.py:830} INFO - Processing file /opt/airflow/dags/etl_clickhouse.py for tasks to queue
[2025-10-30T09:01:18.854+0000] {logging_mixin.py:188} INFO - [2025-10-30T09:01:18.853+0000] {dagbag.py:545} INFO - Filling up the DagBag from /opt/airflow/dags/etl_clickhouse.py
[2025-10-30T09:01:19.521+0000] {processor.py:840} INFO - DAG(s) 'move_data_to_clickhouse' retrieved from /opt/airflow/dags/etl_clickhouse.py
[2025-10-30T09:01:19.579+0000] {logging_mixin.py:188} INFO - [2025-10-30T09:01:19.578+0000] {dag.py:3096} INFO - Sync 1 DAGs
[2025-10-30T09:01:19.599+0000] {logging_mixin.py:188} INFO - [2025-10-30T09:01:19.599+0000] {dag.py:3954} INFO - Setting next_dagrun for move_data_to_clickhouse to None, run_after=None
[2025-10-30T09:01:19.639+0000] {processor.py:183} INFO - Processing /opt/airflow/dags/etl_clickhouse.py took 0.804 seconds
[2025-10-30T09:01:49.846+0000] {processor.py:161} INFO - Started process (PID=12446) to work on /opt/airflow/dags/etl_clickhouse.py
[2025-10-30T09:01:49.849+0000] {processor.py:830} INFO - Processing file /opt/airflow/dags/etl_clickhouse.py for tasks to queue
[2025-10-30T09:01:49.853+0000] {logging_mixin.py:188} INFO - [2025-10-30T09:01:49.852+0000] {dagbag.py:545} INFO - Filling up the DagBag from /opt/airflow/dags/etl_clickhouse.py
[2025-10-30T09:01:50.597+0000] {processor.py:840} INFO - DAG(s) 'move_data_to_clickhouse' retrieved from /opt/airflow/dags/etl_clickhouse.py
[2025-10-30T09:01:50.657+0000] {logging_mixin.py:188} INFO - [2025-10-30T09:01:50.656+0000] {dag.py:3096} INFO - Sync 1 DAGs
[2025-10-30T09:01:50.678+0000] {logging_mixin.py:188} INFO - [2025-10-30T09:01:50.677+0000] {dag.py:3954} INFO - Setting next_dagrun for move_data_to_clickhouse to None, run_after=None
[2025-10-30T09:01:50.722+0000] {processor.py:183} INFO - Processing /opt/airflow/dags/etl_clickhouse.py took 0.893 seconds
[2025-10-30T09:02:21.231+0000] {processor.py:161} INFO - Started process (PID=12458) to work on /opt/airflow/dags/etl_clickhouse.py
[2025-10-30T09:02:21.234+0000] {processor.py:830} INFO - Processing file /opt/airflow/dags/etl_clickhouse.py for tasks to queue
[2025-10-30T09:02:21.238+0000] {logging_mixin.py:188} INFO - [2025-10-30T09:02:21.237+0000] {dagbag.py:545} INFO - Filling up the DagBag from /opt/airflow/dags/etl_clickhouse.py
[2025-10-30T09:02:21.962+0000] {processor.py:840} INFO - DAG(s) 'move_data_to_clickhouse' retrieved from /opt/airflow/dags/etl_clickhouse.py
[2025-10-30T09:02:22.033+0000] {logging_mixin.py:188} INFO - [2025-10-30T09:02:22.032+0000] {dag.py:3096} INFO - Sync 1 DAGs
[2025-10-30T09:02:22.054+0000] {logging_mixin.py:188} INFO - [2025-10-30T09:02:22.053+0000] {dag.py:3954} INFO - Setting next_dagrun for move_data_to_clickhouse to None, run_after=None
[2025-10-30T09:02:22.125+0000] {processor.py:183} INFO - Processing /opt/airflow/dags/etl_clickhouse.py took 0.906 seconds
[2025-10-30T09:02:52.742+0000] {processor.py:161} INFO - Started process (PID=12470) to work on /opt/airflow/dags/etl_clickhouse.py
[2025-10-30T09:02:52.745+0000] {processor.py:830} INFO - Processing file /opt/airflow/dags/etl_clickhouse.py for tasks to queue
[2025-10-30T09:02:52.749+0000] {logging_mixin.py:188} INFO - [2025-10-30T09:02:52.748+0000] {dagbag.py:545} INFO - Filling up the DagBag from /opt/airflow/dags/etl_clickhouse.py
[2025-10-30T09:02:53.456+0000] {processor.py:840} INFO - DAG(s) 'move_data_to_clickhouse' retrieved from /opt/airflow/dags/etl_clickhouse.py
[2025-10-30T09:02:53.508+0000] {logging_mixin.py:188} INFO - [2025-10-30T09:02:53.507+0000] {dag.py:3096} INFO - Sync 1 DAGs
[2025-10-30T09:02:53.529+0000] {logging_mixin.py:188} INFO - [2025-10-30T09:02:53.528+0000] {dag.py:3954} INFO - Setting next_dagrun for move_data_to_clickhouse to None, run_after=None
[2025-10-30T09:02:53.587+0000] {processor.py:183} INFO - Processing /opt/airflow/dags/etl_clickhouse.py took 0.857 seconds
[2025-10-30T09:03:23.887+0000] {processor.py:161} INFO - Started process (PID=12482) to work on /opt/airflow/dags/etl_clickhouse.py
[2025-10-30T09:03:23.889+0000] {processor.py:830} INFO - Processing file /opt/airflow/dags/etl_clickhouse.py for tasks to queue
[2025-10-30T09:03:23.893+0000] {logging_mixin.py:188} INFO - [2025-10-30T09:03:23.892+0000] {dagbag.py:545} INFO - Filling up the DagBag from /opt/airflow/dags/etl_clickhouse.py
[2025-10-30T09:03:24.564+0000] {processor.py:840} INFO - DAG(s) 'move_data_to_clickhouse' retrieved from /opt/airflow/dags/etl_clickhouse.py
[2025-10-30T09:03:24.622+0000] {logging_mixin.py:188} INFO - [2025-10-30T09:03:24.621+0000] {dag.py:3096} INFO - Sync 1 DAGs
[2025-10-30T09:03:24.655+0000] {logging_mixin.py:188} INFO - [2025-10-30T09:03:24.655+0000] {dag.py:3954} INFO - Setting next_dagrun for move_data_to_clickhouse to None, run_after=None
[2025-10-30T09:03:24.699+0000] {processor.py:183} INFO - Processing /opt/airflow/dags/etl_clickhouse.py took 0.830 seconds
[2025-10-30T09:03:55.241+0000] {processor.py:161} INFO - Started process (PID=12494) to work on /opt/airflow/dags/etl_clickhouse.py
[2025-10-30T09:03:55.243+0000] {processor.py:830} INFO - Processing file /opt/airflow/dags/etl_clickhouse.py for tasks to queue
[2025-10-30T09:03:55.247+0000] {logging_mixin.py:188} INFO - [2025-10-30T09:03:55.247+0000] {dagbag.py:545} INFO - Filling up the DagBag from /opt/airflow/dags/etl_clickhouse.py
[2025-10-30T09:03:55.972+0000] {processor.py:840} INFO - DAG(s) 'move_data_to_clickhouse' retrieved from /opt/airflow/dags/etl_clickhouse.py
[2025-10-30T09:03:56.034+0000] {logging_mixin.py:188} INFO - [2025-10-30T09:03:56.034+0000] {dag.py:3096} INFO - Sync 1 DAGs
[2025-10-30T09:03:56.054+0000] {logging_mixin.py:188} INFO - [2025-10-30T09:03:56.053+0000] {dag.py:3954} INFO - Setting next_dagrun for move_data_to_clickhouse to None, run_after=None
[2025-10-30T09:03:56.102+0000] {processor.py:183} INFO - Processing /opt/airflow/dags/etl_clickhouse.py took 0.875 seconds
[2025-10-30T09:04:26.644+0000] {processor.py:161} INFO - Started process (PID=12506) to work on /opt/airflow/dags/etl_clickhouse.py
[2025-10-30T09:04:26.646+0000] {processor.py:830} INFO - Processing file /opt/airflow/dags/etl_clickhouse.py for tasks to queue
[2025-10-30T09:04:26.650+0000] {logging_mixin.py:188} INFO - [2025-10-30T09:04:26.649+0000] {dagbag.py:545} INFO - Filling up the DagBag from /opt/airflow/dags/etl_clickhouse.py
[2025-10-30T09:04:27.348+0000] {processor.py:840} INFO - DAG(s) 'move_data_to_clickhouse' retrieved from /opt/airflow/dags/etl_clickhouse.py
[2025-10-30T09:04:27.405+0000] {logging_mixin.py:188} INFO - [2025-10-30T09:04:27.404+0000] {dag.py:3096} INFO - Sync 1 DAGs
[2025-10-30T09:04:27.426+0000] {logging_mixin.py:188} INFO - [2025-10-30T09:04:27.426+0000] {dag.py:3954} INFO - Setting next_dagrun for move_data_to_clickhouse to None, run_after=None
[2025-10-30T09:04:27.474+0000] {processor.py:183} INFO - Processing /opt/airflow/dags/etl_clickhouse.py took 0.843 seconds
[2025-10-30T09:04:57.657+0000] {processor.py:161} INFO - Started process (PID=12518) to work on /opt/airflow/dags/etl_clickhouse.py
[2025-10-30T09:04:57.669+0000] {processor.py:830} INFO - Processing file /opt/airflow/dags/etl_clickhouse.py for tasks to queue
[2025-10-30T09:04:57.674+0000] {logging_mixin.py:188} INFO - [2025-10-30T09:04:57.674+0000] {dagbag.py:545} INFO - Filling up the DagBag from /opt/airflow/dags/etl_clickhouse.py
[2025-10-30T09:04:58.409+0000] {processor.py:840} INFO - DAG(s) 'move_data_to_clickhouse' retrieved from /opt/airflow/dags/etl_clickhouse.py
[2025-10-30T09:04:58.461+0000] {logging_mixin.py:188} INFO - [2025-10-30T09:04:58.460+0000] {dag.py:3096} INFO - Sync 1 DAGs
[2025-10-30T09:04:58.480+0000] {logging_mixin.py:188} INFO - [2025-10-30T09:04:58.480+0000] {dag.py:3954} INFO - Setting next_dagrun for move_data_to_clickhouse to None, run_after=None
[2025-10-30T09:04:58.517+0000] {processor.py:183} INFO - Processing /opt/airflow/dags/etl_clickhouse.py took 0.875 seconds
[2025-10-30T09:05:29.077+0000] {processor.py:161} INFO - Started process (PID=12530) to work on /opt/airflow/dags/etl_clickhouse.py
[2025-10-30T09:05:29.080+0000] {processor.py:830} INFO - Processing file /opt/airflow/dags/etl_clickhouse.py for tasks to queue
[2025-10-30T09:05:29.083+0000] {logging_mixin.py:188} INFO - [2025-10-30T09:05:29.083+0000] {dagbag.py:545} INFO - Filling up the DagBag from /opt/airflow/dags/etl_clickhouse.py
[2025-10-30T09:05:29.847+0000] {processor.py:840} INFO - DAG(s) 'move_data_to_clickhouse' retrieved from /opt/airflow/dags/etl_clickhouse.py
[2025-10-30T09:05:29.926+0000] {logging_mixin.py:188} INFO - [2025-10-30T09:05:29.925+0000] {dag.py:3096} INFO - Sync 1 DAGs
[2025-10-30T09:05:29.953+0000] {logging_mixin.py:188} INFO - [2025-10-30T09:05:29.953+0000] {dag.py:3954} INFO - Setting next_dagrun for move_data_to_clickhouse to None, run_after=None
[2025-10-30T09:05:30.003+0000] {processor.py:183} INFO - Processing /opt/airflow/dags/etl_clickhouse.py took 0.939 seconds
[2025-10-30T09:06:00.706+0000] {processor.py:161} INFO - Started process (PID=12542) to work on /opt/airflow/dags/etl_clickhouse.py
[2025-10-30T09:06:00.708+0000] {processor.py:830} INFO - Processing file /opt/airflow/dags/etl_clickhouse.py for tasks to queue
[2025-10-30T09:06:00.712+0000] {logging_mixin.py:188} INFO - [2025-10-30T09:06:00.712+0000] {dagbag.py:545} INFO - Filling up the DagBag from /opt/airflow/dags/etl_clickhouse.py
[2025-10-30T09:06:01.463+0000] {processor.py:840} INFO - DAG(s) 'move_data_to_clickhouse' retrieved from /opt/airflow/dags/etl_clickhouse.py
[2025-10-30T09:06:01.514+0000] {logging_mixin.py:188} INFO - [2025-10-30T09:06:01.513+0000] {dag.py:3096} INFO - Sync 1 DAGs
[2025-10-30T09:06:01.539+0000] {logging_mixin.py:188} INFO - [2025-10-30T09:06:01.539+0000] {dag.py:3954} INFO - Setting next_dagrun for move_data_to_clickhouse to None, run_after=None
[2025-10-30T09:06:01.599+0000] {processor.py:183} INFO - Processing /opt/airflow/dags/etl_clickhouse.py took 0.916 seconds
[2025-10-30T09:06:32.120+0000] {processor.py:161} INFO - Started process (PID=12554) to work on /opt/airflow/dags/etl_clickhouse.py
[2025-10-30T09:06:32.123+0000] {processor.py:830} INFO - Processing file /opt/airflow/dags/etl_clickhouse.py for tasks to queue
[2025-10-30T09:06:32.128+0000] {logging_mixin.py:188} INFO - [2025-10-30T09:06:32.127+0000] {dagbag.py:545} INFO - Filling up the DagBag from /opt/airflow/dags/etl_clickhouse.py
[2025-10-30T09:06:32.901+0000] {processor.py:840} INFO - DAG(s) 'move_data_to_clickhouse' retrieved from /opt/airflow/dags/etl_clickhouse.py
[2025-10-30T09:06:32.960+0000] {logging_mixin.py:188} INFO - [2025-10-30T09:06:32.959+0000] {dag.py:3096} INFO - Sync 1 DAGs
[2025-10-30T09:06:32.992+0000] {logging_mixin.py:188} INFO - [2025-10-30T09:06:32.992+0000] {dag.py:3954} INFO - Setting next_dagrun for move_data_to_clickhouse to None, run_after=None
[2025-10-30T09:06:33.030+0000] {processor.py:183} INFO - Processing /opt/airflow/dags/etl_clickhouse.py took 0.924 seconds
[2025-10-30T09:07:03.665+0000] {processor.py:161} INFO - Started process (PID=12566) to work on /opt/airflow/dags/etl_clickhouse.py
[2025-10-30T09:07:03.667+0000] {processor.py:830} INFO - Processing file /opt/airflow/dags/etl_clickhouse.py for tasks to queue
[2025-10-30T09:07:03.672+0000] {logging_mixin.py:188} INFO - [2025-10-30T09:07:03.671+0000] {dagbag.py:545} INFO - Filling up the DagBag from /opt/airflow/dags/etl_clickhouse.py
[2025-10-30T09:07:04.414+0000] {processor.py:840} INFO - DAG(s) 'move_data_to_clickhouse' retrieved from /opt/airflow/dags/etl_clickhouse.py
[2025-10-30T09:07:04.477+0000] {logging_mixin.py:188} INFO - [2025-10-30T09:07:04.476+0000] {dag.py:3096} INFO - Sync 1 DAGs
[2025-10-30T09:07:04.500+0000] {logging_mixin.py:188} INFO - [2025-10-30T09:07:04.500+0000] {dag.py:3954} INFO - Setting next_dagrun for move_data_to_clickhouse to None, run_after=None
[2025-10-30T09:07:04.559+0000] {processor.py:183} INFO - Processing /opt/airflow/dags/etl_clickhouse.py took 0.906 seconds
[2025-10-30T09:07:35.219+0000] {processor.py:161} INFO - Started process (PID=12578) to work on /opt/airflow/dags/etl_clickhouse.py
[2025-10-30T09:07:35.221+0000] {processor.py:830} INFO - Processing file /opt/airflow/dags/etl_clickhouse.py for tasks to queue
[2025-10-30T09:07:35.226+0000] {logging_mixin.py:188} INFO - [2025-10-30T09:07:35.225+0000] {dagbag.py:545} INFO - Filling up the DagBag from /opt/airflow/dags/etl_clickhouse.py
[2025-10-30T09:07:36.041+0000] {processor.py:840} INFO - DAG(s) 'move_data_to_clickhouse' retrieved from /opt/airflow/dags/etl_clickhouse.py
[2025-10-30T09:07:36.107+0000] {logging_mixin.py:188} INFO - [2025-10-30T09:07:36.107+0000] {dag.py:3096} INFO - Sync 1 DAGs
[2025-10-30T09:07:36.133+0000] {logging_mixin.py:188} INFO - [2025-10-30T09:07:36.132+0000] {dag.py:3954} INFO - Setting next_dagrun for move_data_to_clickhouse to None, run_after=None
[2025-10-30T09:07:36.170+0000] {processor.py:183} INFO - Processing /opt/airflow/dags/etl_clickhouse.py took 0.966 seconds
[2025-10-30T09:08:07.146+0000] {processor.py:161} INFO - Started process (PID=12590) to work on /opt/airflow/dags/etl_clickhouse.py
[2025-10-30T09:08:07.148+0000] {processor.py:830} INFO - Processing file /opt/airflow/dags/etl_clickhouse.py for tasks to queue
[2025-10-30T09:08:07.153+0000] {logging_mixin.py:188} INFO - [2025-10-30T09:08:07.152+0000] {dagbag.py:545} INFO - Filling up the DagBag from /opt/airflow/dags/etl_clickhouse.py
[2025-10-30T09:08:07.834+0000] {processor.py:840} INFO - DAG(s) 'move_data_to_clickhouse' retrieved from /opt/airflow/dags/etl_clickhouse.py
[2025-10-30T09:08:07.891+0000] {logging_mixin.py:188} INFO - [2025-10-30T09:08:07.891+0000] {dag.py:3096} INFO - Sync 1 DAGs
[2025-10-30T09:08:07.912+0000] {logging_mixin.py:188} INFO - [2025-10-30T09:08:07.912+0000] {dag.py:3954} INFO - Setting next_dagrun for move_data_to_clickhouse to None, run_after=None
[2025-10-30T09:08:07.959+0000] {processor.py:183} INFO - Processing /opt/airflow/dags/etl_clickhouse.py took 0.827 seconds
[2025-10-30T09:08:38.473+0000] {processor.py:161} INFO - Started process (PID=12602) to work on /opt/airflow/dags/etl_clickhouse.py
[2025-10-30T09:08:38.476+0000] {processor.py:830} INFO - Processing file /opt/airflow/dags/etl_clickhouse.py for tasks to queue
[2025-10-30T09:08:38.480+0000] {logging_mixin.py:188} INFO - [2025-10-30T09:08:38.479+0000] {dagbag.py:545} INFO - Filling up the DagBag from /opt/airflow/dags/etl_clickhouse.py
[2025-10-30T09:08:39.355+0000] {processor.py:840} INFO - DAG(s) 'move_data_to_clickhouse' retrieved from /opt/airflow/dags/etl_clickhouse.py
[2025-10-30T09:08:39.413+0000] {logging_mixin.py:188} INFO - [2025-10-30T09:08:39.412+0000] {dag.py:3096} INFO - Sync 1 DAGs
[2025-10-30T09:08:39.441+0000] {logging_mixin.py:188} INFO - [2025-10-30T09:08:39.441+0000] {dag.py:3954} INFO - Setting next_dagrun for move_data_to_clickhouse to None, run_after=None
[2025-10-30T09:08:39.491+0000] {processor.py:183} INFO - Processing /opt/airflow/dags/etl_clickhouse.py took 1.032 seconds
[2025-10-30T09:09:09.982+0000] {processor.py:161} INFO - Started process (PID=12614) to work on /opt/airflow/dags/etl_clickhouse.py
[2025-10-30T09:09:09.985+0000] {processor.py:830} INFO - Processing file /opt/airflow/dags/etl_clickhouse.py for tasks to queue
[2025-10-30T09:09:09.990+0000] {logging_mixin.py:188} INFO - [2025-10-30T09:09:09.989+0000] {dagbag.py:545} INFO - Filling up the DagBag from /opt/airflow/dags/etl_clickhouse.py
[2025-10-30T09:09:10.744+0000] {processor.py:840} INFO - DAG(s) 'move_data_to_clickhouse' retrieved from /opt/airflow/dags/etl_clickhouse.py
[2025-10-30T09:09:10.808+0000] {logging_mixin.py:188} INFO - [2025-10-30T09:09:10.807+0000] {dag.py:3096} INFO - Sync 1 DAGs
[2025-10-30T09:09:10.828+0000] {logging_mixin.py:188} INFO - [2025-10-30T09:09:10.828+0000] {dag.py:3954} INFO - Setting next_dagrun for move_data_to_clickhouse to None, run_after=None
[2025-10-30T09:09:10.880+0000] {processor.py:183} INFO - Processing /opt/airflow/dags/etl_clickhouse.py took 0.914 seconds
[2025-10-30T09:09:41.472+0000] {processor.py:161} INFO - Started process (PID=12626) to work on /opt/airflow/dags/etl_clickhouse.py
[2025-10-30T09:09:41.474+0000] {processor.py:830} INFO - Processing file /opt/airflow/dags/etl_clickhouse.py for tasks to queue
[2025-10-30T09:09:41.479+0000] {logging_mixin.py:188} INFO - [2025-10-30T09:09:41.478+0000] {dagbag.py:545} INFO - Filling up the DagBag from /opt/airflow/dags/etl_clickhouse.py
[2025-10-30T09:09:42.235+0000] {processor.py:840} INFO - DAG(s) 'move_data_to_clickhouse' retrieved from /opt/airflow/dags/etl_clickhouse.py
[2025-10-30T09:09:42.298+0000] {logging_mixin.py:188} INFO - [2025-10-30T09:09:42.297+0000] {dag.py:3096} INFO - Sync 1 DAGs
[2025-10-30T09:09:42.327+0000] {logging_mixin.py:188} INFO - [2025-10-30T09:09:42.326+0000] {dag.py:3954} INFO - Setting next_dagrun for move_data_to_clickhouse to None, run_after=None
[2025-10-30T09:09:42.375+0000] {processor.py:183} INFO - Processing /opt/airflow/dags/etl_clickhouse.py took 0.917 seconds
[2025-10-30T09:10:13.051+0000] {processor.py:161} INFO - Started process (PID=12638) to work on /opt/airflow/dags/etl_clickhouse.py
[2025-10-30T09:10:13.053+0000] {processor.py:830} INFO - Processing file /opt/airflow/dags/etl_clickhouse.py for tasks to queue
[2025-10-30T09:10:13.056+0000] {logging_mixin.py:188} INFO - [2025-10-30T09:10:13.056+0000] {dagbag.py:545} INFO - Filling up the DagBag from /opt/airflow/dags/etl_clickhouse.py
[2025-10-30T09:10:13.722+0000] {processor.py:840} INFO - DAG(s) 'move_data_to_clickhouse' retrieved from /opt/airflow/dags/etl_clickhouse.py
[2025-10-30T09:10:13.776+0000] {logging_mixin.py:188} INFO - [2025-10-30T09:10:13.776+0000] {dag.py:3096} INFO - Sync 1 DAGs
[2025-10-30T09:10:13.796+0000] {logging_mixin.py:188} INFO - [2025-10-30T09:10:13.796+0000] {dag.py:3954} INFO - Setting next_dagrun for move_data_to_clickhouse to None, run_after=None
[2025-10-30T09:10:13.853+0000] {processor.py:183} INFO - Processing /opt/airflow/dags/etl_clickhouse.py took 0.822 seconds
[2025-10-30T09:10:44.535+0000] {processor.py:161} INFO - Started process (PID=12650) to work on /opt/airflow/dags/etl_clickhouse.py
[2025-10-30T09:10:44.537+0000] {processor.py:830} INFO - Processing file /opt/airflow/dags/etl_clickhouse.py for tasks to queue
[2025-10-30T09:10:44.543+0000] {logging_mixin.py:188} INFO - [2025-10-30T09:10:44.542+0000] {dagbag.py:545} INFO - Filling up the DagBag from /opt/airflow/dags/etl_clickhouse.py
[2025-10-30T09:10:45.257+0000] {processor.py:840} INFO - DAG(s) 'move_data_to_clickhouse' retrieved from /opt/airflow/dags/etl_clickhouse.py
[2025-10-30T09:10:45.319+0000] {logging_mixin.py:188} INFO - [2025-10-30T09:10:45.319+0000] {dag.py:3096} INFO - Sync 1 DAGs
[2025-10-30T09:10:45.350+0000] {logging_mixin.py:188} INFO - [2025-10-30T09:10:45.349+0000] {dag.py:3954} INFO - Setting next_dagrun for move_data_to_clickhouse to None, run_after=None
[2025-10-30T09:10:45.397+0000] {processor.py:183} INFO - Processing /opt/airflow/dags/etl_clickhouse.py took 0.874 seconds
[2025-10-30T09:11:15.902+0000] {processor.py:161} INFO - Started process (PID=12662) to work on /opt/airflow/dags/etl_clickhouse.py
[2025-10-30T09:11:15.904+0000] {processor.py:830} INFO - Processing file /opt/airflow/dags/etl_clickhouse.py for tasks to queue
[2025-10-30T09:11:15.909+0000] {logging_mixin.py:188} INFO - [2025-10-30T09:11:15.908+0000] {dagbag.py:545} INFO - Filling up the DagBag from /opt/airflow/dags/etl_clickhouse.py
[2025-10-30T09:11:16.570+0000] {processor.py:840} INFO - DAG(s) 'move_data_to_clickhouse' retrieved from /opt/airflow/dags/etl_clickhouse.py
[2025-10-30T09:11:16.644+0000] {logging_mixin.py:188} INFO - [2025-10-30T09:11:16.643+0000] {dag.py:3096} INFO - Sync 1 DAGs
[2025-10-30T09:11:16.670+0000] {logging_mixin.py:188} INFO - [2025-10-30T09:11:16.669+0000] {dag.py:3954} INFO - Setting next_dagrun for move_data_to_clickhouse to None, run_after=None
[2025-10-30T09:11:16.737+0000] {processor.py:183} INFO - Processing /opt/airflow/dags/etl_clickhouse.py took 0.849 seconds
[2025-10-30T09:11:47.369+0000] {processor.py:161} INFO - Started process (PID=12674) to work on /opt/airflow/dags/etl_clickhouse.py
[2025-10-30T09:11:47.372+0000] {processor.py:830} INFO - Processing file /opt/airflow/dags/etl_clickhouse.py for tasks to queue
[2025-10-30T09:11:47.376+0000] {logging_mixin.py:188} INFO - [2025-10-30T09:11:47.375+0000] {dagbag.py:545} INFO - Filling up the DagBag from /opt/airflow/dags/etl_clickhouse.py
[2025-10-30T09:11:48.076+0000] {processor.py:840} INFO - DAG(s) 'move_data_to_clickhouse' retrieved from /opt/airflow/dags/etl_clickhouse.py
[2025-10-30T09:11:48.150+0000] {logging_mixin.py:188} INFO - [2025-10-30T09:11:48.150+0000] {dag.py:3096} INFO - Sync 1 DAGs
[2025-10-30T09:11:48.189+0000] {logging_mixin.py:188} INFO - [2025-10-30T09:11:48.188+0000] {dag.py:3954} INFO - Setting next_dagrun for move_data_to_clickhouse to None, run_after=None
[2025-10-30T09:11:48.230+0000] {processor.py:183} INFO - Processing /opt/airflow/dags/etl_clickhouse.py took 0.875 seconds
[2025-10-30T09:12:18.783+0000] {processor.py:161} INFO - Started process (PID=12686) to work on /opt/airflow/dags/etl_clickhouse.py
[2025-10-30T09:12:18.786+0000] {processor.py:830} INFO - Processing file /opt/airflow/dags/etl_clickhouse.py for tasks to queue
[2025-10-30T09:12:18.792+0000] {logging_mixin.py:188} INFO - [2025-10-30T09:12:18.791+0000] {dagbag.py:545} INFO - Filling up the DagBag from /opt/airflow/dags/etl_clickhouse.py
[2025-10-30T09:12:19.485+0000] {processor.py:840} INFO - DAG(s) 'move_data_to_clickhouse' retrieved from /opt/airflow/dags/etl_clickhouse.py
[2025-10-30T09:12:19.559+0000] {logging_mixin.py:188} INFO - [2025-10-30T09:12:19.559+0000] {dag.py:3096} INFO - Sync 1 DAGs
[2025-10-30T09:12:19.591+0000] {logging_mixin.py:188} INFO - [2025-10-30T09:12:19.591+0000] {dag.py:3954} INFO - Setting next_dagrun for move_data_to_clickhouse to None, run_after=None
[2025-10-30T09:12:19.630+0000] {processor.py:183} INFO - Processing /opt/airflow/dags/etl_clickhouse.py took 0.859 seconds
[2025-10-30T09:12:50.310+0000] {processor.py:161} INFO - Started process (PID=12698) to work on /opt/airflow/dags/etl_clickhouse.py
[2025-10-30T09:12:50.312+0000] {processor.py:830} INFO - Processing file /opt/airflow/dags/etl_clickhouse.py for tasks to queue
[2025-10-30T09:12:50.317+0000] {logging_mixin.py:188} INFO - [2025-10-30T09:12:50.316+0000] {dagbag.py:545} INFO - Filling up the DagBag from /opt/airflow/dags/etl_clickhouse.py
[2025-10-30T09:12:51.119+0000] {processor.py:840} INFO - DAG(s) 'move_data_to_clickhouse' retrieved from /opt/airflow/dags/etl_clickhouse.py
[2025-10-30T09:12:51.177+0000] {logging_mixin.py:188} INFO - [2025-10-30T09:12:51.176+0000] {dag.py:3096} INFO - Sync 1 DAGs
[2025-10-30T09:12:51.200+0000] {logging_mixin.py:188} INFO - [2025-10-30T09:12:51.199+0000] {dag.py:3954} INFO - Setting next_dagrun for move_data_to_clickhouse to None, run_after=None
[2025-10-30T09:12:51.251+0000] {processor.py:183} INFO - Processing /opt/airflow/dags/etl_clickhouse.py took 0.957 seconds
[2025-10-30T09:13:21.999+0000] {processor.py:161} INFO - Started process (PID=12710) to work on /opt/airflow/dags/etl_clickhouse.py
[2025-10-30T09:13:22.002+0000] {processor.py:830} INFO - Processing file /opt/airflow/dags/etl_clickhouse.py for tasks to queue
[2025-10-30T09:13:22.007+0000] {logging_mixin.py:188} INFO - [2025-10-30T09:13:22.006+0000] {dagbag.py:545} INFO - Filling up the DagBag from /opt/airflow/dags/etl_clickhouse.py
[2025-10-30T09:13:22.681+0000] {processor.py:840} INFO - DAG(s) 'move_data_to_clickhouse' retrieved from /opt/airflow/dags/etl_clickhouse.py
[2025-10-30T09:13:22.773+0000] {logging_mixin.py:188} INFO - [2025-10-30T09:13:22.773+0000] {dag.py:3096} INFO - Sync 1 DAGs
[2025-10-30T09:13:22.799+0000] {logging_mixin.py:188} INFO - [2025-10-30T09:13:22.798+0000] {dag.py:3954} INFO - Setting next_dagrun for move_data_to_clickhouse to None, run_after=None
[2025-10-30T09:13:22.858+0000] {processor.py:183} INFO - Processing /opt/airflow/dags/etl_clickhouse.py took 0.873 seconds
[2025-10-30T09:13:53.340+0000] {processor.py:161} INFO - Started process (PID=12722) to work on /opt/airflow/dags/etl_clickhouse.py
[2025-10-30T09:13:53.342+0000] {processor.py:830} INFO - Processing file /opt/airflow/dags/etl_clickhouse.py for tasks to queue
[2025-10-30T09:13:53.346+0000] {logging_mixin.py:188} INFO - [2025-10-30T09:13:53.345+0000] {dagbag.py:545} INFO - Filling up the DagBag from /opt/airflow/dags/etl_clickhouse.py
[2025-10-30T09:13:54.010+0000] {processor.py:840} INFO - DAG(s) 'move_data_to_clickhouse' retrieved from /opt/airflow/dags/etl_clickhouse.py
[2025-10-30T09:13:54.071+0000] {logging_mixin.py:188} INFO - [2025-10-30T09:13:54.070+0000] {dag.py:3096} INFO - Sync 1 DAGs
[2025-10-30T09:13:54.093+0000] {logging_mixin.py:188} INFO - [2025-10-30T09:13:54.092+0000] {dag.py:3954} INFO - Setting next_dagrun for move_data_to_clickhouse to None, run_after=None
[2025-10-30T09:13:54.148+0000] {processor.py:183} INFO - Processing /opt/airflow/dags/etl_clickhouse.py took 0.821 seconds
[2025-10-30T09:14:24.738+0000] {processor.py:161} INFO - Started process (PID=12734) to work on /opt/airflow/dags/etl_clickhouse.py
[2025-10-30T09:14:24.741+0000] {processor.py:830} INFO - Processing file /opt/airflow/dags/etl_clickhouse.py for tasks to queue
[2025-10-30T09:14:24.745+0000] {logging_mixin.py:188} INFO - [2025-10-30T09:14:24.744+0000] {dagbag.py:545} INFO - Filling up the DagBag from /opt/airflow/dags/etl_clickhouse.py
[2025-10-30T09:14:25.450+0000] {processor.py:840} INFO - DAG(s) 'move_data_to_clickhouse' retrieved from /opt/airflow/dags/etl_clickhouse.py
[2025-10-30T09:14:25.530+0000] {logging_mixin.py:188} INFO - [2025-10-30T09:14:25.529+0000] {dag.py:3096} INFO - Sync 1 DAGs
[2025-10-30T09:14:25.556+0000] {logging_mixin.py:188} INFO - [2025-10-30T09:14:25.556+0000] {dag.py:3954} INFO - Setting next_dagrun for move_data_to_clickhouse to None, run_after=None
[2025-10-30T09:14:25.597+0000] {processor.py:183} INFO - Processing /opt/airflow/dags/etl_clickhouse.py took 0.871 seconds
[2025-10-30T09:14:56.145+0000] {processor.py:161} INFO - Started process (PID=12746) to work on /opt/airflow/dags/etl_clickhouse.py
[2025-10-30T09:14:56.148+0000] {processor.py:830} INFO - Processing file /opt/airflow/dags/etl_clickhouse.py for tasks to queue
[2025-10-30T09:14:56.153+0000] {logging_mixin.py:188} INFO - [2025-10-30T09:14:56.152+0000] {dagbag.py:545} INFO - Filling up the DagBag from /opt/airflow/dags/etl_clickhouse.py
[2025-10-30T09:14:56.914+0000] {processor.py:840} INFO - DAG(s) 'move_data_to_clickhouse' retrieved from /opt/airflow/dags/etl_clickhouse.py
[2025-10-30T09:14:56.962+0000] {logging_mixin.py:188} INFO - [2025-10-30T09:14:56.962+0000] {dag.py:3096} INFO - Sync 1 DAGs
[2025-10-30T09:14:56.983+0000] {logging_mixin.py:188} INFO - [2025-10-30T09:14:56.982+0000] {dag.py:3954} INFO - Setting next_dagrun for move_data_to_clickhouse to None, run_after=None
[2025-10-30T09:14:57.037+0000] {processor.py:183} INFO - Processing /opt/airflow/dags/etl_clickhouse.py took 0.907 seconds
[2025-10-30T09:15:27.550+0000] {processor.py:161} INFO - Started process (PID=12758) to work on /opt/airflow/dags/etl_clickhouse.py
[2025-10-30T09:15:27.554+0000] {processor.py:830} INFO - Processing file /opt/airflow/dags/etl_clickhouse.py for tasks to queue
[2025-10-30T09:15:27.560+0000] {logging_mixin.py:188} INFO - [2025-10-30T09:15:27.559+0000] {dagbag.py:545} INFO - Filling up the DagBag from /opt/airflow/dags/etl_clickhouse.py
[2025-10-30T09:15:28.311+0000] {processor.py:840} INFO - DAG(s) 'move_data_to_clickhouse' retrieved from /opt/airflow/dags/etl_clickhouse.py
[2025-10-30T09:15:28.373+0000] {logging_mixin.py:188} INFO - [2025-10-30T09:15:28.373+0000] {dag.py:3096} INFO - Sync 1 DAGs
[2025-10-30T09:15:28.398+0000] {logging_mixin.py:188} INFO - [2025-10-30T09:15:28.397+0000] {dag.py:3954} INFO - Setting next_dagrun for move_data_to_clickhouse to None, run_after=None
[2025-10-30T09:15:28.438+0000] {processor.py:183} INFO - Processing /opt/airflow/dags/etl_clickhouse.py took 0.906 seconds
[2025-10-30T09:15:58.953+0000] {processor.py:161} INFO - Started process (PID=12770) to work on /opt/airflow/dags/etl_clickhouse.py
[2025-10-30T09:15:58.957+0000] {processor.py:830} INFO - Processing file /opt/airflow/dags/etl_clickhouse.py for tasks to queue
[2025-10-30T09:15:58.962+0000] {logging_mixin.py:188} INFO - [2025-10-30T09:15:58.961+0000] {dagbag.py:545} INFO - Filling up the DagBag from /opt/airflow/dags/etl_clickhouse.py
[2025-10-30T09:15:59.756+0000] {processor.py:840} INFO - DAG(s) 'move_data_to_clickhouse' retrieved from /opt/airflow/dags/etl_clickhouse.py
[2025-10-30T09:15:59.818+0000] {logging_mixin.py:188} INFO - [2025-10-30T09:15:59.817+0000] {dag.py:3096} INFO - Sync 1 DAGs
[2025-10-30T09:15:59.848+0000] {logging_mixin.py:188} INFO - [2025-10-30T09:15:59.848+0000] {dag.py:3954} INFO - Setting next_dagrun for move_data_to_clickhouse to None, run_after=None
[2025-10-30T09:15:59.912+0000] {processor.py:183} INFO - Processing /opt/airflow/dags/etl_clickhouse.py took 0.974 seconds
[2025-10-30T09:16:30.441+0000] {processor.py:161} INFO - Started process (PID=12782) to work on /opt/airflow/dags/etl_clickhouse.py
[2025-10-30T09:16:30.443+0000] {processor.py:830} INFO - Processing file /opt/airflow/dags/etl_clickhouse.py for tasks to queue
[2025-10-30T09:16:30.448+0000] {logging_mixin.py:188} INFO - [2025-10-30T09:16:30.447+0000] {dagbag.py:545} INFO - Filling up the DagBag from /opt/airflow/dags/etl_clickhouse.py
[2025-10-30T09:16:31.193+0000] {processor.py:840} INFO - DAG(s) 'move_data_to_clickhouse' retrieved from /opt/airflow/dags/etl_clickhouse.py
[2025-10-30T09:16:31.264+0000] {logging_mixin.py:188} INFO - [2025-10-30T09:16:31.263+0000] {dag.py:3096} INFO - Sync 1 DAGs
[2025-10-30T09:16:31.288+0000] {logging_mixin.py:188} INFO - [2025-10-30T09:16:31.288+0000] {dag.py:3954} INFO - Setting next_dagrun for move_data_to_clickhouse to None, run_after=None
[2025-10-30T09:16:31.345+0000] {processor.py:183} INFO - Processing /opt/airflow/dags/etl_clickhouse.py took 0.922 seconds
[2025-10-30T09:17:01.894+0000] {processor.py:161} INFO - Started process (PID=12794) to work on /opt/airflow/dags/etl_clickhouse.py
[2025-10-30T09:17:01.898+0000] {processor.py:830} INFO - Processing file /opt/airflow/dags/etl_clickhouse.py for tasks to queue
[2025-10-30T09:17:01.903+0000] {logging_mixin.py:188} INFO - [2025-10-30T09:17:01.902+0000] {dagbag.py:545} INFO - Filling up the DagBag from /opt/airflow/dags/etl_clickhouse.py
[2025-10-30T09:17:02.757+0000] {processor.py:840} INFO - DAG(s) 'move_data_to_clickhouse' retrieved from /opt/airflow/dags/etl_clickhouse.py
[2025-10-30T09:17:02.848+0000] {logging_mixin.py:188} INFO - [2025-10-30T09:17:02.847+0000] {dag.py:3096} INFO - Sync 1 DAGs
[2025-10-30T09:17:02.880+0000] {logging_mixin.py:188} INFO - [2025-10-30T09:17:02.879+0000] {dag.py:3954} INFO - Setting next_dagrun for move_data_to_clickhouse to None, run_after=None
[2025-10-30T09:17:02.929+0000] {processor.py:183} INFO - Processing /opt/airflow/dags/etl_clickhouse.py took 1.050 seconds
[2025-10-30T09:17:33.442+0000] {processor.py:161} INFO - Started process (PID=12806) to work on /opt/airflow/dags/etl_clickhouse.py
[2025-10-30T09:17:33.445+0000] {processor.py:830} INFO - Processing file /opt/airflow/dags/etl_clickhouse.py for tasks to queue
[2025-10-30T09:17:33.448+0000] {logging_mixin.py:188} INFO - [2025-10-30T09:17:33.448+0000] {dagbag.py:545} INFO - Filling up the DagBag from /opt/airflow/dags/etl_clickhouse.py
[2025-10-30T09:17:34.116+0000] {processor.py:840} INFO - DAG(s) 'move_data_to_clickhouse' retrieved from /opt/airflow/dags/etl_clickhouse.py
[2025-10-30T09:17:34.170+0000] {logging_mixin.py:188} INFO - [2025-10-30T09:17:34.169+0000] {dag.py:3096} INFO - Sync 1 DAGs
[2025-10-30T09:17:34.190+0000] {logging_mixin.py:188} INFO - [2025-10-30T09:17:34.189+0000] {dag.py:3954} INFO - Setting next_dagrun for move_data_to_clickhouse to None, run_after=None
[2025-10-30T09:17:34.254+0000] {processor.py:183} INFO - Processing /opt/airflow/dags/etl_clickhouse.py took 0.824 seconds
[2025-10-30T09:18:04.863+0000] {processor.py:161} INFO - Started process (PID=12818) to work on /opt/airflow/dags/etl_clickhouse.py
[2025-10-30T09:18:04.866+0000] {processor.py:830} INFO - Processing file /opt/airflow/dags/etl_clickhouse.py for tasks to queue
[2025-10-30T09:18:04.870+0000] {logging_mixin.py:188} INFO - [2025-10-30T09:18:04.869+0000] {dagbag.py:545} INFO - Filling up the DagBag from /opt/airflow/dags/etl_clickhouse.py
[2025-10-30T09:18:05.689+0000] {processor.py:840} INFO - DAG(s) 'move_data_to_clickhouse' retrieved from /opt/airflow/dags/etl_clickhouse.py
[2025-10-30T09:18:05.763+0000] {logging_mixin.py:188} INFO - [2025-10-30T09:18:05.762+0000] {dag.py:3096} INFO - Sync 1 DAGs
[2025-10-30T09:18:05.794+0000] {logging_mixin.py:188} INFO - [2025-10-30T09:18:05.794+0000] {dag.py:3954} INFO - Setting next_dagrun for move_data_to_clickhouse to None, run_after=None
[2025-10-30T09:18:05.836+0000] {processor.py:183} INFO - Processing /opt/airflow/dags/etl_clickhouse.py took 0.986 seconds
[2025-10-30T09:18:36.304+0000] {processor.py:161} INFO - Started process (PID=12830) to work on /opt/airflow/dags/etl_clickhouse.py
[2025-10-30T09:18:36.307+0000] {processor.py:830} INFO - Processing file /opt/airflow/dags/etl_clickhouse.py for tasks to queue
[2025-10-30T09:18:36.311+0000] {logging_mixin.py:188} INFO - [2025-10-30T09:18:36.311+0000] {dagbag.py:545} INFO - Filling up the DagBag from /opt/airflow/dags/etl_clickhouse.py
[2025-10-30T09:18:37.307+0000] {processor.py:840} INFO - DAG(s) 'move_data_to_clickhouse' retrieved from /opt/airflow/dags/etl_clickhouse.py
[2025-10-30T09:18:37.378+0000] {logging_mixin.py:188} INFO - [2025-10-30T09:18:37.377+0000] {dag.py:3096} INFO - Sync 1 DAGs
[2025-10-30T09:18:37.407+0000] {logging_mixin.py:188} INFO - [2025-10-30T09:18:37.407+0000] {dag.py:3954} INFO - Setting next_dagrun for move_data_to_clickhouse to None, run_after=None
[2025-10-30T09:18:37.464+0000] {processor.py:183} INFO - Processing /opt/airflow/dags/etl_clickhouse.py took 1.176 seconds
[2025-10-30T09:19:08.041+0000] {processor.py:161} INFO - Started process (PID=12842) to work on /opt/airflow/dags/etl_clickhouse.py
[2025-10-30T09:19:08.043+0000] {processor.py:830} INFO - Processing file /opt/airflow/dags/etl_clickhouse.py for tasks to queue
[2025-10-30T09:19:08.047+0000] {logging_mixin.py:188} INFO - [2025-10-30T09:19:08.046+0000] {dagbag.py:545} INFO - Filling up the DagBag from /opt/airflow/dags/etl_clickhouse.py
[2025-10-30T09:19:08.777+0000] {processor.py:840} INFO - DAG(s) 'move_data_to_clickhouse' retrieved from /opt/airflow/dags/etl_clickhouse.py
[2025-10-30T09:19:08.838+0000] {logging_mixin.py:188} INFO - [2025-10-30T09:19:08.838+0000] {dag.py:3096} INFO - Sync 1 DAGs
[2025-10-30T09:19:08.874+0000] {logging_mixin.py:188} INFO - [2025-10-30T09:19:08.874+0000] {dag.py:3954} INFO - Setting next_dagrun for move_data_to_clickhouse to None, run_after=None
[2025-10-30T09:19:08.917+0000] {processor.py:183} INFO - Processing /opt/airflow/dags/etl_clickhouse.py took 0.887 seconds
[2025-10-30T09:19:39.485+0000] {processor.py:161} INFO - Started process (PID=12854) to work on /opt/airflow/dags/etl_clickhouse.py
[2025-10-30T09:19:39.488+0000] {processor.py:830} INFO - Processing file /opt/airflow/dags/etl_clickhouse.py for tasks to queue
[2025-10-30T09:19:39.493+0000] {logging_mixin.py:188} INFO - [2025-10-30T09:19:39.492+0000] {dagbag.py:545} INFO - Filling up the DagBag from /opt/airflow/dags/etl_clickhouse.py
[2025-10-30T09:19:40.236+0000] {processor.py:840} INFO - DAG(s) 'move_data_to_clickhouse' retrieved from /opt/airflow/dags/etl_clickhouse.py
[2025-10-30T09:19:40.292+0000] {logging_mixin.py:188} INFO - [2025-10-30T09:19:40.291+0000] {dag.py:3096} INFO - Sync 1 DAGs
[2025-10-30T09:19:40.316+0000] {logging_mixin.py:188} INFO - [2025-10-30T09:19:40.315+0000] {dag.py:3954} INFO - Setting next_dagrun for move_data_to_clickhouse to None, run_after=None
[2025-10-30T09:19:40.377+0000] {processor.py:183} INFO - Processing /opt/airflow/dags/etl_clickhouse.py took 0.906 seconds
[2025-10-30T09:20:11.093+0000] {processor.py:161} INFO - Started process (PID=12866) to work on /opt/airflow/dags/etl_clickhouse.py
[2025-10-30T09:20:11.099+0000] {processor.py:830} INFO - Processing file /opt/airflow/dags/etl_clickhouse.py for tasks to queue
[2025-10-30T09:20:11.111+0000] {logging_mixin.py:188} INFO - [2025-10-30T09:20:11.109+0000] {dagbag.py:545} INFO - Filling up the DagBag from /opt/airflow/dags/etl_clickhouse.py
[2025-10-30T09:20:11.866+0000] {processor.py:840} INFO - DAG(s) 'move_data_to_clickhouse' retrieved from /opt/airflow/dags/etl_clickhouse.py
[2025-10-30T09:20:11.931+0000] {logging_mixin.py:188} INFO - [2025-10-30T09:20:11.930+0000] {dag.py:3096} INFO - Sync 1 DAGs
[2025-10-30T09:20:11.965+0000] {logging_mixin.py:188} INFO - [2025-10-30T09:20:11.965+0000] {dag.py:3954} INFO - Setting next_dagrun for move_data_to_clickhouse to None, run_after=None
[2025-10-30T09:20:12.009+0000] {processor.py:183} INFO - Processing /opt/airflow/dags/etl_clickhouse.py took 0.957 seconds
[2025-10-30T09:20:42.454+0000] {processor.py:161} INFO - Started process (PID=12878) to work on /opt/airflow/dags/etl_clickhouse.py
[2025-10-30T09:20:42.457+0000] {processor.py:830} INFO - Processing file /opt/airflow/dags/etl_clickhouse.py for tasks to queue
[2025-10-30T09:20:42.461+0000] {logging_mixin.py:188} INFO - [2025-10-30T09:20:42.460+0000] {dagbag.py:545} INFO - Filling up the DagBag from /opt/airflow/dags/etl_clickhouse.py
[2025-10-30T09:20:43.197+0000] {processor.py:840} INFO - DAG(s) 'move_data_to_clickhouse' retrieved from /opt/airflow/dags/etl_clickhouse.py
[2025-10-30T09:20:43.262+0000] {logging_mixin.py:188} INFO - [2025-10-30T09:20:43.262+0000] {dag.py:3096} INFO - Sync 1 DAGs
[2025-10-30T09:20:43.282+0000] {logging_mixin.py:188} INFO - [2025-10-30T09:20:43.282+0000] {dag.py:3954} INFO - Setting next_dagrun for move_data_to_clickhouse to None, run_after=None
[2025-10-30T09:20:43.321+0000] {processor.py:183} INFO - Processing /opt/airflow/dags/etl_clickhouse.py took 0.880 seconds
[2025-10-30T09:21:13.906+0000] {processor.py:161} INFO - Started process (PID=12890) to work on /opt/airflow/dags/etl_clickhouse.py
[2025-10-30T09:21:13.909+0000] {processor.py:830} INFO - Processing file /opt/airflow/dags/etl_clickhouse.py for tasks to queue
[2025-10-30T09:21:13.912+0000] {logging_mixin.py:188} INFO - [2025-10-30T09:21:13.912+0000] {dagbag.py:545} INFO - Filling up the DagBag from /opt/airflow/dags/etl_clickhouse.py
[2025-10-30T09:21:14.590+0000] {processor.py:840} INFO - DAG(s) 'move_data_to_clickhouse' retrieved from /opt/airflow/dags/etl_clickhouse.py
[2025-10-30T09:21:14.656+0000] {logging_mixin.py:188} INFO - [2025-10-30T09:21:14.656+0000] {dag.py:3096} INFO - Sync 1 DAGs
[2025-10-30T09:21:14.685+0000] {logging_mixin.py:188} INFO - [2025-10-30T09:21:14.684+0000] {dag.py:3954} INFO - Setting next_dagrun for move_data_to_clickhouse to None, run_after=None
[2025-10-30T09:21:14.748+0000] {processor.py:183} INFO - Processing /opt/airflow/dags/etl_clickhouse.py took 0.854 seconds
[2025-10-30T09:21:45.363+0000] {processor.py:161} INFO - Started process (PID=12902) to work on /opt/airflow/dags/etl_clickhouse.py
[2025-10-30T09:21:45.366+0000] {processor.py:830} INFO - Processing file /opt/airflow/dags/etl_clickhouse.py for tasks to queue
[2025-10-30T09:21:45.370+0000] {logging_mixin.py:188} INFO - [2025-10-30T09:21:45.370+0000] {dagbag.py:545} INFO - Filling up the DagBag from /opt/airflow/dags/etl_clickhouse.py
[2025-10-30T09:21:46.091+0000] {processor.py:840} INFO - DAG(s) 'move_data_to_clickhouse' retrieved from /opt/airflow/dags/etl_clickhouse.py
[2025-10-30T09:21:46.151+0000] {logging_mixin.py:188} INFO - [2025-10-30T09:21:46.150+0000] {dag.py:3096} INFO - Sync 1 DAGs
[2025-10-30T09:21:46.184+0000] {logging_mixin.py:188} INFO - [2025-10-30T09:21:46.183+0000] {dag.py:3954} INFO - Setting next_dagrun for move_data_to_clickhouse to None, run_after=None
[2025-10-30T09:21:46.242+0000] {processor.py:183} INFO - Processing /opt/airflow/dags/etl_clickhouse.py took 0.897 seconds
[2025-10-30T09:22:16.876+0000] {processor.py:161} INFO - Started process (PID=12914) to work on /opt/airflow/dags/etl_clickhouse.py
[2025-10-30T09:22:16.879+0000] {processor.py:830} INFO - Processing file /opt/airflow/dags/etl_clickhouse.py for tasks to queue
[2025-10-30T09:22:16.884+0000] {logging_mixin.py:188} INFO - [2025-10-30T09:22:16.883+0000] {dagbag.py:545} INFO - Filling up the DagBag from /opt/airflow/dags/etl_clickhouse.py
[2025-10-30T09:22:17.521+0000] {processor.py:840} INFO - DAG(s) 'move_data_to_clickhouse' retrieved from /opt/airflow/dags/etl_clickhouse.py
[2025-10-30T09:22:17.575+0000] {logging_mixin.py:188} INFO - [2025-10-30T09:22:17.574+0000] {dag.py:3096} INFO - Sync 1 DAGs
[2025-10-30T09:22:17.599+0000] {logging_mixin.py:188} INFO - [2025-10-30T09:22:17.599+0000] {dag.py:3954} INFO - Setting next_dagrun for move_data_to_clickhouse to None, run_after=None
[2025-10-30T09:22:17.645+0000] {processor.py:183} INFO - Processing /opt/airflow/dags/etl_clickhouse.py took 0.787 seconds
[2025-10-30T09:22:48.311+0000] {processor.py:161} INFO - Started process (PID=12926) to work on /opt/airflow/dags/etl_clickhouse.py
[2025-10-30T09:22:48.314+0000] {processor.py:830} INFO - Processing file /opt/airflow/dags/etl_clickhouse.py for tasks to queue
[2025-10-30T09:22:48.319+0000] {logging_mixin.py:188} INFO - [2025-10-30T09:22:48.318+0000] {dagbag.py:545} INFO - Filling up the DagBag from /opt/airflow/dags/etl_clickhouse.py
[2025-10-30T09:22:49.075+0000] {processor.py:840} INFO - DAG(s) 'move_data_to_clickhouse' retrieved from /opt/airflow/dags/etl_clickhouse.py
[2025-10-30T09:22:49.131+0000] {logging_mixin.py:188} INFO - [2025-10-30T09:22:49.131+0000] {dag.py:3096} INFO - Sync 1 DAGs
[2025-10-30T09:22:49.158+0000] {logging_mixin.py:188} INFO - [2025-10-30T09:22:49.158+0000] {dag.py:3954} INFO - Setting next_dagrun for move_data_to_clickhouse to None, run_after=None
[2025-10-30T09:22:49.211+0000] {processor.py:183} INFO - Processing /opt/airflow/dags/etl_clickhouse.py took 0.922 seconds
[2025-10-30T09:23:19.963+0000] {processor.py:161} INFO - Started process (PID=12938) to work on /opt/airflow/dags/etl_clickhouse.py
[2025-10-30T09:23:19.965+0000] {processor.py:830} INFO - Processing file /opt/airflow/dags/etl_clickhouse.py for tasks to queue
[2025-10-30T09:23:19.970+0000] {logging_mixin.py:188} INFO - [2025-10-30T09:23:19.969+0000] {dagbag.py:545} INFO - Filling up the DagBag from /opt/airflow/dags/etl_clickhouse.py
[2025-10-30T09:23:20.718+0000] {processor.py:840} INFO - DAG(s) 'move_data_to_clickhouse' retrieved from /opt/airflow/dags/etl_clickhouse.py
[2025-10-30T09:23:20.781+0000] {logging_mixin.py:188} INFO - [2025-10-30T09:23:20.780+0000] {dag.py:3096} INFO - Sync 1 DAGs
[2025-10-30T09:23:20.811+0000] {logging_mixin.py:188} INFO - [2025-10-30T09:23:20.810+0000] {dag.py:3954} INFO - Setting next_dagrun for move_data_to_clickhouse to None, run_after=None
[2025-10-30T09:23:20.852+0000] {processor.py:183} INFO - Processing /opt/airflow/dags/etl_clickhouse.py took 0.902 seconds
[2025-10-30T09:23:51.390+0000] {processor.py:161} INFO - Started process (PID=12950) to work on /opt/airflow/dags/etl_clickhouse.py
[2025-10-30T09:23:51.393+0000] {processor.py:830} INFO - Processing file /opt/airflow/dags/etl_clickhouse.py for tasks to queue
[2025-10-30T09:23:51.397+0000] {logging_mixin.py:188} INFO - [2025-10-30T09:23:51.396+0000] {dagbag.py:545} INFO - Filling up the DagBag from /opt/airflow/dags/etl_clickhouse.py
[2025-10-30T09:23:52.149+0000] {processor.py:840} INFO - DAG(s) 'move_data_to_clickhouse' retrieved from /opt/airflow/dags/etl_clickhouse.py
[2025-10-30T09:23:52.203+0000] {logging_mixin.py:188} INFO - [2025-10-30T09:23:52.203+0000] {dag.py:3096} INFO - Sync 1 DAGs
[2025-10-30T09:23:52.227+0000] {logging_mixin.py:188} INFO - [2025-10-30T09:23:52.227+0000] {dag.py:3954} INFO - Setting next_dagrun for move_data_to_clickhouse to None, run_after=None
[2025-10-30T09:23:52.278+0000] {processor.py:183} INFO - Processing /opt/airflow/dags/etl_clickhouse.py took 0.903 seconds
[2025-10-30T09:24:22.972+0000] {processor.py:161} INFO - Started process (PID=12962) to work on /opt/airflow/dags/etl_clickhouse.py
[2025-10-30T09:24:22.975+0000] {processor.py:830} INFO - Processing file /opt/airflow/dags/etl_clickhouse.py for tasks to queue
[2025-10-30T09:24:22.981+0000] {logging_mixin.py:188} INFO - [2025-10-30T09:24:22.980+0000] {dagbag.py:545} INFO - Filling up the DagBag from /opt/airflow/dags/etl_clickhouse.py
[2025-10-30T09:24:23.709+0000] {processor.py:840} INFO - DAG(s) 'move_data_to_clickhouse' retrieved from /opt/airflow/dags/etl_clickhouse.py
[2025-10-30T09:24:23.768+0000] {logging_mixin.py:188} INFO - [2025-10-30T09:24:23.768+0000] {dag.py:3096} INFO - Sync 1 DAGs
[2025-10-30T09:24:23.798+0000] {logging_mixin.py:188} INFO - [2025-10-30T09:24:23.798+0000] {dag.py:3954} INFO - Setting next_dagrun for move_data_to_clickhouse to None, run_after=None
[2025-10-30T09:24:23.844+0000] {processor.py:183} INFO - Processing /opt/airflow/dags/etl_clickhouse.py took 0.891 seconds
[2025-10-30T09:24:54.472+0000] {processor.py:161} INFO - Started process (PID=12974) to work on /opt/airflow/dags/etl_clickhouse.py
[2025-10-30T09:24:54.474+0000] {processor.py:830} INFO - Processing file /opt/airflow/dags/etl_clickhouse.py for tasks to queue
[2025-10-30T09:24:54.478+0000] {logging_mixin.py:188} INFO - [2025-10-30T09:24:54.478+0000] {dagbag.py:545} INFO - Filling up the DagBag from /opt/airflow/dags/etl_clickhouse.py
[2025-10-30T09:24:55.195+0000] {processor.py:840} INFO - DAG(s) 'move_data_to_clickhouse' retrieved from /opt/airflow/dags/etl_clickhouse.py
[2025-10-30T09:24:55.252+0000] {logging_mixin.py:188} INFO - [2025-10-30T09:24:55.251+0000] {dag.py:3096} INFO - Sync 1 DAGs
[2025-10-30T09:24:55.275+0000] {logging_mixin.py:188} INFO - [2025-10-30T09:24:55.274+0000] {dag.py:3954} INFO - Setting next_dagrun for move_data_to_clickhouse to None, run_after=None
[2025-10-30T09:24:55.322+0000] {processor.py:183} INFO - Processing /opt/airflow/dags/etl_clickhouse.py took 0.862 seconds
[2025-10-30T09:25:25.834+0000] {processor.py:161} INFO - Started process (PID=12986) to work on /opt/airflow/dags/etl_clickhouse.py
[2025-10-30T09:25:25.837+0000] {processor.py:830} INFO - Processing file /opt/airflow/dags/etl_clickhouse.py for tasks to queue
[2025-10-30T09:25:25.841+0000] {logging_mixin.py:188} INFO - [2025-10-30T09:25:25.840+0000] {dagbag.py:545} INFO - Filling up the DagBag from /opt/airflow/dags/etl_clickhouse.py
[2025-10-30T09:25:26.547+0000] {processor.py:840} INFO - DAG(s) 'move_data_to_clickhouse' retrieved from /opt/airflow/dags/etl_clickhouse.py
[2025-10-30T09:25:26.606+0000] {logging_mixin.py:188} INFO - [2025-10-30T09:25:26.605+0000] {dag.py:3096} INFO - Sync 1 DAGs
[2025-10-30T09:25:26.632+0000] {logging_mixin.py:188} INFO - [2025-10-30T09:25:26.631+0000] {dag.py:3954} INFO - Setting next_dagrun for move_data_to_clickhouse to None, run_after=None
[2025-10-30T09:25:26.678+0000] {processor.py:183} INFO - Processing /opt/airflow/dags/etl_clickhouse.py took 0.859 seconds
[2025-10-30T09:25:57.303+0000] {processor.py:161} INFO - Started process (PID=12998) to work on /opt/airflow/dags/etl_clickhouse.py
[2025-10-30T09:25:57.305+0000] {processor.py:830} INFO - Processing file /opt/airflow/dags/etl_clickhouse.py for tasks to queue
[2025-10-30T09:25:57.310+0000] {logging_mixin.py:188} INFO - [2025-10-30T09:25:57.308+0000] {dagbag.py:545} INFO - Filling up the DagBag from /opt/airflow/dags/etl_clickhouse.py
[2025-10-30T09:25:58.036+0000] {processor.py:840} INFO - DAG(s) 'move_data_to_clickhouse' retrieved from /opt/airflow/dags/etl_clickhouse.py
[2025-10-30T09:25:58.090+0000] {logging_mixin.py:188} INFO - [2025-10-30T09:25:58.089+0000] {dag.py:3096} INFO - Sync 1 DAGs
[2025-10-30T09:25:58.113+0000] {logging_mixin.py:188} INFO - [2025-10-30T09:25:58.113+0000] {dag.py:3954} INFO - Setting next_dagrun for move_data_to_clickhouse to None, run_after=None
[2025-10-30T09:25:58.164+0000] {processor.py:183} INFO - Processing /opt/airflow/dags/etl_clickhouse.py took 0.874 seconds
[2025-10-30T09:26:28.715+0000] {processor.py:161} INFO - Started process (PID=13010) to work on /opt/airflow/dags/etl_clickhouse.py
[2025-10-30T09:26:28.718+0000] {processor.py:830} INFO - Processing file /opt/airflow/dags/etl_clickhouse.py for tasks to queue
[2025-10-30T09:26:28.722+0000] {logging_mixin.py:188} INFO - [2025-10-30T09:26:28.721+0000] {dagbag.py:545} INFO - Filling up the DagBag from /opt/airflow/dags/etl_clickhouse.py
[2025-10-30T09:26:29.522+0000] {processor.py:840} INFO - DAG(s) 'move_data_to_clickhouse' retrieved from /opt/airflow/dags/etl_clickhouse.py
[2025-10-30T09:26:29.585+0000] {logging_mixin.py:188} INFO - [2025-10-30T09:26:29.584+0000] {dag.py:3096} INFO - Sync 1 DAGs
[2025-10-30T09:26:29.611+0000] {logging_mixin.py:188} INFO - [2025-10-30T09:26:29.611+0000] {dag.py:3954} INFO - Setting next_dagrun for move_data_to_clickhouse to None, run_after=None
[2025-10-30T09:26:29.673+0000] {processor.py:183} INFO - Processing /opt/airflow/dags/etl_clickhouse.py took 0.969 seconds
[2025-10-30T09:27:00.192+0000] {processor.py:161} INFO - Started process (PID=13022) to work on /opt/airflow/dags/etl_clickhouse.py
[2025-10-30T09:27:00.194+0000] {processor.py:830} INFO - Processing file /opt/airflow/dags/etl_clickhouse.py for tasks to queue
[2025-10-30T09:27:00.198+0000] {logging_mixin.py:188} INFO - [2025-10-30T09:27:00.197+0000] {dagbag.py:545} INFO - Filling up the DagBag from /opt/airflow/dags/etl_clickhouse.py
[2025-10-30T09:27:00.982+0000] {processor.py:840} INFO - DAG(s) 'move_data_to_clickhouse' retrieved from /opt/airflow/dags/etl_clickhouse.py
[2025-10-30T09:27:01.045+0000] {logging_mixin.py:188} INFO - [2025-10-30T09:27:01.044+0000] {dag.py:3096} INFO - Sync 1 DAGs
[2025-10-30T09:27:01.067+0000] {logging_mixin.py:188} INFO - [2025-10-30T09:27:01.067+0000] {dag.py:3954} INFO - Setting next_dagrun for move_data_to_clickhouse to None, run_after=None
[2025-10-30T09:27:01.106+0000] {processor.py:183} INFO - Processing /opt/airflow/dags/etl_clickhouse.py took 0.929 seconds
[2025-10-30T09:27:31.725+0000] {processor.py:161} INFO - Started process (PID=13034) to work on /opt/airflow/dags/etl_clickhouse.py
[2025-10-30T09:27:31.728+0000] {processor.py:830} INFO - Processing file /opt/airflow/dags/etl_clickhouse.py for tasks to queue
[2025-10-30T09:27:31.732+0000] {logging_mixin.py:188} INFO - [2025-10-30T09:27:31.731+0000] {dagbag.py:545} INFO - Filling up the DagBag from /opt/airflow/dags/etl_clickhouse.py
[2025-10-30T09:27:32.453+0000] {processor.py:840} INFO - DAG(s) 'move_data_to_clickhouse' retrieved from /opt/airflow/dags/etl_clickhouse.py
[2025-10-30T09:27:32.520+0000] {logging_mixin.py:188} INFO - [2025-10-30T09:27:32.519+0000] {dag.py:3096} INFO - Sync 1 DAGs
[2025-10-30T09:27:32.540+0000] {logging_mixin.py:188} INFO - [2025-10-30T09:27:32.539+0000] {dag.py:3954} INFO - Setting next_dagrun for move_data_to_clickhouse to None, run_after=None
[2025-10-30T09:27:32.603+0000] {processor.py:183} INFO - Processing /opt/airflow/dags/etl_clickhouse.py took 0.897 seconds
[2025-10-30T09:28:03.327+0000] {processor.py:161} INFO - Started process (PID=13046) to work on /opt/airflow/dags/etl_clickhouse.py
[2025-10-30T09:28:03.329+0000] {processor.py:830} INFO - Processing file /opt/airflow/dags/etl_clickhouse.py for tasks to queue
[2025-10-30T09:28:03.333+0000] {logging_mixin.py:188} INFO - [2025-10-30T09:28:03.332+0000] {dagbag.py:545} INFO - Filling up the DagBag from /opt/airflow/dags/etl_clickhouse.py
[2025-10-30T09:28:04.015+0000] {processor.py:840} INFO - DAG(s) 'move_data_to_clickhouse' retrieved from /opt/airflow/dags/etl_clickhouse.py
[2025-10-30T09:28:04.069+0000] {logging_mixin.py:188} INFO - [2025-10-30T09:28:04.069+0000] {dag.py:3096} INFO - Sync 1 DAGs
[2025-10-30T09:28:04.094+0000] {logging_mixin.py:188} INFO - [2025-10-30T09:28:04.094+0000] {dag.py:3954} INFO - Setting next_dagrun for move_data_to_clickhouse to None, run_after=None
[2025-10-30T09:28:04.135+0000] {processor.py:183} INFO - Processing /opt/airflow/dags/etl_clickhouse.py took 0.821 seconds
[2025-10-30T09:28:34.674+0000] {processor.py:161} INFO - Started process (PID=13058) to work on /opt/airflow/dags/etl_clickhouse.py
[2025-10-30T09:28:34.676+0000] {processor.py:830} INFO - Processing file /opt/airflow/dags/etl_clickhouse.py for tasks to queue
[2025-10-30T09:28:34.681+0000] {logging_mixin.py:188} INFO - [2025-10-30T09:28:34.680+0000] {dagbag.py:545} INFO - Filling up the DagBag from /opt/airflow/dags/etl_clickhouse.py
[2025-10-30T09:28:35.391+0000] {processor.py:840} INFO - DAG(s) 'move_data_to_clickhouse' retrieved from /opt/airflow/dags/etl_clickhouse.py
[2025-10-30T09:28:35.469+0000] {logging_mixin.py:188} INFO - [2025-10-30T09:28:35.468+0000] {dag.py:3096} INFO - Sync 1 DAGs
[2025-10-30T09:28:35.501+0000] {logging_mixin.py:188} INFO - [2025-10-30T09:28:35.501+0000] {dag.py:3954} INFO - Setting next_dagrun for move_data_to_clickhouse to None, run_after=None
[2025-10-30T09:28:35.541+0000] {processor.py:183} INFO - Processing /opt/airflow/dags/etl_clickhouse.py took 0.879 seconds
[2025-10-30T09:29:06.151+0000] {processor.py:161} INFO - Started process (PID=13070) to work on /opt/airflow/dags/etl_clickhouse.py
[2025-10-30T09:29:06.153+0000] {processor.py:830} INFO - Processing file /opt/airflow/dags/etl_clickhouse.py for tasks to queue
[2025-10-30T09:29:06.156+0000] {logging_mixin.py:188} INFO - [2025-10-30T09:29:06.156+0000] {dagbag.py:545} INFO - Filling up the DagBag from /opt/airflow/dags/etl_clickhouse.py
[2025-10-30T09:29:06.823+0000] {processor.py:840} INFO - DAG(s) 'move_data_to_clickhouse' retrieved from /opt/airflow/dags/etl_clickhouse.py
[2025-10-30T09:29:06.879+0000] {logging_mixin.py:188} INFO - [2025-10-30T09:29:06.878+0000] {dag.py:3096} INFO - Sync 1 DAGs
[2025-10-30T09:29:06.903+0000] {logging_mixin.py:188} INFO - [2025-10-30T09:29:06.903+0000] {dag.py:3954} INFO - Setting next_dagrun for move_data_to_clickhouse to None, run_after=None
[2025-10-30T09:29:06.947+0000] {processor.py:183} INFO - Processing /opt/airflow/dags/etl_clickhouse.py took 0.812 seconds
[2025-10-30T09:29:37.460+0000] {processor.py:161} INFO - Started process (PID=13082) to work on /opt/airflow/dags/etl_clickhouse.py
[2025-10-30T09:29:37.463+0000] {processor.py:830} INFO - Processing file /opt/airflow/dags/etl_clickhouse.py for tasks to queue
[2025-10-30T09:29:37.467+0000] {logging_mixin.py:188} INFO - [2025-10-30T09:29:37.466+0000] {dagbag.py:545} INFO - Filling up the DagBag from /opt/airflow/dags/etl_clickhouse.py
[2025-10-30T09:29:38.215+0000] {processor.py:840} INFO - DAG(s) 'move_data_to_clickhouse' retrieved from /opt/airflow/dags/etl_clickhouse.py
[2025-10-30T09:29:38.278+0000] {logging_mixin.py:188} INFO - [2025-10-30T09:29:38.277+0000] {dag.py:3096} INFO - Sync 1 DAGs
[2025-10-30T09:29:38.308+0000] {logging_mixin.py:188} INFO - [2025-10-30T09:29:38.307+0000] {dag.py:3954} INFO - Setting next_dagrun for move_data_to_clickhouse to None, run_after=None
[2025-10-30T09:29:38.362+0000] {processor.py:183} INFO - Processing /opt/airflow/dags/etl_clickhouse.py took 0.915 seconds
[2025-10-30T09:30:09.006+0000] {processor.py:161} INFO - Started process (PID=13094) to work on /opt/airflow/dags/etl_clickhouse.py
[2025-10-30T09:30:09.008+0000] {processor.py:830} INFO - Processing file /opt/airflow/dags/etl_clickhouse.py for tasks to queue
[2025-10-30T09:30:09.012+0000] {logging_mixin.py:188} INFO - [2025-10-30T09:30:09.012+0000] {dagbag.py:545} INFO - Filling up the DagBag from /opt/airflow/dags/etl_clickhouse.py
[2025-10-30T09:30:09.699+0000] {processor.py:840} INFO - DAG(s) 'move_data_to_clickhouse' retrieved from /opt/airflow/dags/etl_clickhouse.py
[2025-10-30T09:30:09.772+0000] {logging_mixin.py:188} INFO - [2025-10-30T09:30:09.772+0000] {dag.py:3096} INFO - Sync 1 DAGs
[2025-10-30T09:30:09.792+0000] {logging_mixin.py:188} INFO - [2025-10-30T09:30:09.792+0000] {dag.py:3954} INFO - Setting next_dagrun for move_data_to_clickhouse to None, run_after=None
[2025-10-30T09:30:09.843+0000] {processor.py:183} INFO - Processing /opt/airflow/dags/etl_clickhouse.py took 0.857 seconds
[2025-10-30T09:30:40.518+0000] {processor.py:161} INFO - Started process (PID=13106) to work on /opt/airflow/dags/etl_clickhouse.py
[2025-10-30T09:30:40.520+0000] {processor.py:830} INFO - Processing file /opt/airflow/dags/etl_clickhouse.py for tasks to queue
[2025-10-30T09:30:40.525+0000] {logging_mixin.py:188} INFO - [2025-10-30T09:30:40.524+0000] {dagbag.py:545} INFO - Filling up the DagBag from /opt/airflow/dags/etl_clickhouse.py
[2025-10-30T09:30:41.215+0000] {processor.py:840} INFO - DAG(s) 'move_data_to_clickhouse' retrieved from /opt/airflow/dags/etl_clickhouse.py
[2025-10-30T09:30:41.281+0000] {logging_mixin.py:188} INFO - [2025-10-30T09:30:41.281+0000] {dag.py:3096} INFO - Sync 1 DAGs
[2025-10-30T09:30:41.307+0000] {logging_mixin.py:188} INFO - [2025-10-30T09:30:41.306+0000] {dag.py:3954} INFO - Setting next_dagrun for move_data_to_clickhouse to None, run_after=None
[2025-10-30T09:30:41.344+0000] {processor.py:183} INFO - Processing /opt/airflow/dags/etl_clickhouse.py took 0.844 seconds
[2025-10-30T09:31:11.750+0000] {processor.py:161} INFO - Started process (PID=13118) to work on /opt/airflow/dags/etl_clickhouse.py
[2025-10-30T09:31:11.753+0000] {processor.py:830} INFO - Processing file /opt/airflow/dags/etl_clickhouse.py for tasks to queue
[2025-10-30T09:31:11.757+0000] {logging_mixin.py:188} INFO - [2025-10-30T09:31:11.757+0000] {dagbag.py:545} INFO - Filling up the DagBag from /opt/airflow/dags/etl_clickhouse.py
[2025-10-30T09:31:12.451+0000] {processor.py:840} INFO - DAG(s) 'move_data_to_clickhouse' retrieved from /opt/airflow/dags/etl_clickhouse.py
[2025-10-30T09:31:12.522+0000] {logging_mixin.py:188} INFO - [2025-10-30T09:31:12.521+0000] {dag.py:3096} INFO - Sync 1 DAGs
[2025-10-30T09:31:12.543+0000] {logging_mixin.py:188} INFO - [2025-10-30T09:31:12.543+0000] {dag.py:3954} INFO - Setting next_dagrun for move_data_to_clickhouse to None, run_after=None
[2025-10-30T09:31:12.597+0000] {processor.py:183} INFO - Processing /opt/airflow/dags/etl_clickhouse.py took 0.863 seconds
[2025-10-30T09:31:42.900+0000] {processor.py:161} INFO - Started process (PID=13130) to work on /opt/airflow/dags/etl_clickhouse.py
[2025-10-30T09:31:42.902+0000] {processor.py:830} INFO - Processing file /opt/airflow/dags/etl_clickhouse.py for tasks to queue
[2025-10-30T09:31:42.907+0000] {logging_mixin.py:188} INFO - [2025-10-30T09:31:42.906+0000] {dagbag.py:545} INFO - Filling up the DagBag from /opt/airflow/dags/etl_clickhouse.py
[2025-10-30T09:31:43.603+0000] {processor.py:840} INFO - DAG(s) 'move_data_to_clickhouse' retrieved from /opt/airflow/dags/etl_clickhouse.py
[2025-10-30T09:31:43.655+0000] {logging_mixin.py:188} INFO - [2025-10-30T09:31:43.654+0000] {dag.py:3096} INFO - Sync 1 DAGs
[2025-10-30T09:31:43.678+0000] {logging_mixin.py:188} INFO - [2025-10-30T09:31:43.678+0000] {dag.py:3954} INFO - Setting next_dagrun for move_data_to_clickhouse to None, run_after=None
[2025-10-30T09:31:43.733+0000] {processor.py:183} INFO - Processing /opt/airflow/dags/etl_clickhouse.py took 0.851 seconds
[2025-10-30T09:32:14.462+0000] {processor.py:161} INFO - Started process (PID=13142) to work on /opt/airflow/dags/etl_clickhouse.py
[2025-10-30T09:32:14.464+0000] {processor.py:830} INFO - Processing file /opt/airflow/dags/etl_clickhouse.py for tasks to queue
[2025-10-30T09:32:14.469+0000] {logging_mixin.py:188} INFO - [2025-10-30T09:32:14.469+0000] {dagbag.py:545} INFO - Filling up the DagBag from /opt/airflow/dags/etl_clickhouse.py
[2025-10-30T09:32:15.171+0000] {processor.py:840} INFO - DAG(s) 'move_data_to_clickhouse' retrieved from /opt/airflow/dags/etl_clickhouse.py
[2025-10-30T09:32:15.226+0000] {logging_mixin.py:188} INFO - [2025-10-30T09:32:15.225+0000] {dag.py:3096} INFO - Sync 1 DAGs
[2025-10-30T09:32:15.247+0000] {logging_mixin.py:188} INFO - [2025-10-30T09:32:15.247+0000] {dag.py:3954} INFO - Setting next_dagrun for move_data_to_clickhouse to None, run_after=None
[2025-10-30T09:32:15.291+0000] {processor.py:183} INFO - Processing /opt/airflow/dags/etl_clickhouse.py took 0.847 seconds
[2025-10-30T09:32:45.923+0000] {processor.py:161} INFO - Started process (PID=13154) to work on /opt/airflow/dags/etl_clickhouse.py
[2025-10-30T09:32:45.925+0000] {processor.py:830} INFO - Processing file /opt/airflow/dags/etl_clickhouse.py for tasks to queue
[2025-10-30T09:32:45.930+0000] {logging_mixin.py:188} INFO - [2025-10-30T09:32:45.929+0000] {dagbag.py:545} INFO - Filling up the DagBag from /opt/airflow/dags/etl_clickhouse.py
[2025-10-30T09:32:46.626+0000] {processor.py:840} INFO - DAG(s) 'move_data_to_clickhouse' retrieved from /opt/airflow/dags/etl_clickhouse.py
[2025-10-30T09:32:46.697+0000] {logging_mixin.py:188} INFO - [2025-10-30T09:32:46.697+0000] {dag.py:3096} INFO - Sync 1 DAGs
[2025-10-30T09:32:46.718+0000] {logging_mixin.py:188} INFO - [2025-10-30T09:32:46.718+0000] {dag.py:3954} INFO - Setting next_dagrun for move_data_to_clickhouse to None, run_after=None
[2025-10-30T09:32:46.776+0000] {processor.py:183} INFO - Processing /opt/airflow/dags/etl_clickhouse.py took 0.865 seconds
[2025-10-30T09:33:17.666+0000] {processor.py:161} INFO - Started process (PID=13166) to work on /opt/airflow/dags/etl_clickhouse.py
[2025-10-30T09:33:17.668+0000] {processor.py:830} INFO - Processing file /opt/airflow/dags/etl_clickhouse.py for tasks to queue
[2025-10-30T09:33:17.672+0000] {logging_mixin.py:188} INFO - [2025-10-30T09:33:17.671+0000] {dagbag.py:545} INFO - Filling up the DagBag from /opt/airflow/dags/etl_clickhouse.py
[2025-10-30T09:33:18.475+0000] {processor.py:840} INFO - DAG(s) 'move_data_to_clickhouse' retrieved from /opt/airflow/dags/etl_clickhouse.py
[2025-10-30T09:33:18.531+0000] {logging_mixin.py:188} INFO - [2025-10-30T09:33:18.531+0000] {dag.py:3096} INFO - Sync 1 DAGs
[2025-10-30T09:33:18.557+0000] {logging_mixin.py:188} INFO - [2025-10-30T09:33:18.557+0000] {dag.py:3954} INFO - Setting next_dagrun for move_data_to_clickhouse to None, run_after=None
[2025-10-30T09:33:18.619+0000] {processor.py:183} INFO - Processing /opt/airflow/dags/etl_clickhouse.py took 0.964 seconds
[2025-10-30T09:33:49.256+0000] {processor.py:161} INFO - Started process (PID=13178) to work on /opt/airflow/dags/etl_clickhouse.py
[2025-10-30T09:33:49.264+0000] {processor.py:830} INFO - Processing file /opt/airflow/dags/etl_clickhouse.py for tasks to queue
[2025-10-30T09:33:49.270+0000] {logging_mixin.py:188} INFO - [2025-10-30T09:33:49.269+0000] {dagbag.py:545} INFO - Filling up the DagBag from /opt/airflow/dags/etl_clickhouse.py
[2025-10-30T09:33:49.983+0000] {processor.py:840} INFO - DAG(s) 'move_data_to_clickhouse' retrieved from /opt/airflow/dags/etl_clickhouse.py
[2025-10-30T09:33:50.036+0000] {logging_mixin.py:188} INFO - [2025-10-30T09:33:50.035+0000] {dag.py:3096} INFO - Sync 1 DAGs
[2025-10-30T09:33:50.056+0000] {logging_mixin.py:188} INFO - [2025-10-30T09:33:50.056+0000] {dag.py:3954} INFO - Setting next_dagrun for move_data_to_clickhouse to None, run_after=None
[2025-10-30T09:33:50.100+0000] {processor.py:183} INFO - Processing /opt/airflow/dags/etl_clickhouse.py took 0.862 seconds
[2025-10-30T09:34:20.790+0000] {processor.py:161} INFO - Started process (PID=13190) to work on /opt/airflow/dags/etl_clickhouse.py
[2025-10-30T09:34:20.793+0000] {processor.py:830} INFO - Processing file /opt/airflow/dags/etl_clickhouse.py for tasks to queue
[2025-10-30T09:34:20.800+0000] {logging_mixin.py:188} INFO - [2025-10-30T09:34:20.798+0000] {dagbag.py:545} INFO - Filling up the DagBag from /opt/airflow/dags/etl_clickhouse.py
[2025-10-30T09:34:21.541+0000] {processor.py:840} INFO - DAG(s) 'move_data_to_clickhouse' retrieved from /opt/airflow/dags/etl_clickhouse.py
[2025-10-30T09:34:21.605+0000] {logging_mixin.py:188} INFO - [2025-10-30T09:34:21.604+0000] {dag.py:3096} INFO - Sync 1 DAGs
[2025-10-30T09:34:21.625+0000] {logging_mixin.py:188} INFO - [2025-10-30T09:34:21.624+0000] {dag.py:3954} INFO - Setting next_dagrun for move_data_to_clickhouse to None, run_after=None
[2025-10-30T09:34:21.678+0000] {processor.py:183} INFO - Processing /opt/airflow/dags/etl_clickhouse.py took 0.911 seconds
[2025-10-30T09:34:52.253+0000] {processor.py:161} INFO - Started process (PID=13202) to work on /opt/airflow/dags/etl_clickhouse.py
[2025-10-30T09:34:52.255+0000] {processor.py:830} INFO - Processing file /opt/airflow/dags/etl_clickhouse.py for tasks to queue
[2025-10-30T09:34:52.260+0000] {logging_mixin.py:188} INFO - [2025-10-30T09:34:52.259+0000] {dagbag.py:545} INFO - Filling up the DagBag from /opt/airflow/dags/etl_clickhouse.py
[2025-10-30T09:34:52.994+0000] {processor.py:840} INFO - DAG(s) 'move_data_to_clickhouse' retrieved from /opt/airflow/dags/etl_clickhouse.py
[2025-10-30T09:34:53.056+0000] {logging_mixin.py:188} INFO - [2025-10-30T09:34:53.055+0000] {dag.py:3096} INFO - Sync 1 DAGs
[2025-10-30T09:34:53.083+0000] {logging_mixin.py:188} INFO - [2025-10-30T09:34:53.083+0000] {dag.py:3954} INFO - Setting next_dagrun for move_data_to_clickhouse to None, run_after=None
[2025-10-30T09:34:53.117+0000] {processor.py:183} INFO - Processing /opt/airflow/dags/etl_clickhouse.py took 0.877 seconds
[2025-10-30T09:35:23.674+0000] {processor.py:161} INFO - Started process (PID=13214) to work on /opt/airflow/dags/etl_clickhouse.py
[2025-10-30T09:35:23.676+0000] {processor.py:830} INFO - Processing file /opt/airflow/dags/etl_clickhouse.py for tasks to queue
[2025-10-30T09:35:23.681+0000] {logging_mixin.py:188} INFO - [2025-10-30T09:35:23.680+0000] {dagbag.py:545} INFO - Filling up the DagBag from /opt/airflow/dags/etl_clickhouse.py
[2025-10-30T09:35:24.428+0000] {processor.py:840} INFO - DAG(s) 'move_data_to_clickhouse' retrieved from /opt/airflow/dags/etl_clickhouse.py
[2025-10-30T09:35:24.492+0000] {logging_mixin.py:188} INFO - [2025-10-30T09:35:24.492+0000] {dag.py:3096} INFO - Sync 1 DAGs
[2025-10-30T09:35:24.515+0000] {logging_mixin.py:188} INFO - [2025-10-30T09:35:24.514+0000] {dag.py:3954} INFO - Setting next_dagrun for move_data_to_clickhouse to None, run_after=None
[2025-10-30T09:35:24.566+0000] {processor.py:183} INFO - Processing /opt/airflow/dags/etl_clickhouse.py took 0.905 seconds
[2025-10-30T09:35:55.162+0000] {processor.py:161} INFO - Started process (PID=13226) to work on /opt/airflow/dags/etl_clickhouse.py
[2025-10-30T09:35:55.165+0000] {processor.py:830} INFO - Processing file /opt/airflow/dags/etl_clickhouse.py for tasks to queue
[2025-10-30T09:35:55.169+0000] {logging_mixin.py:188} INFO - [2025-10-30T09:35:55.168+0000] {dagbag.py:545} INFO - Filling up the DagBag from /opt/airflow/dags/etl_clickhouse.py
[2025-10-30T09:35:55.992+0000] {processor.py:840} INFO - DAG(s) 'move_data_to_clickhouse' retrieved from /opt/airflow/dags/etl_clickhouse.py
[2025-10-30T09:35:56.053+0000] {logging_mixin.py:188} INFO - [2025-10-30T09:35:56.053+0000] {dag.py:3096} INFO - Sync 1 DAGs
[2025-10-30T09:35:56.077+0000] {logging_mixin.py:188} INFO - [2025-10-30T09:35:56.076+0000] {dag.py:3954} INFO - Setting next_dagrun for move_data_to_clickhouse to None, run_after=None
[2025-10-30T09:35:56.127+0000] {processor.py:183} INFO - Processing /opt/airflow/dags/etl_clickhouse.py took 0.978 seconds
[2025-10-30T09:36:26.535+0000] {processor.py:161} INFO - Started process (PID=13238) to work on /opt/airflow/dags/etl_clickhouse.py
[2025-10-30T09:36:26.537+0000] {processor.py:830} INFO - Processing file /opt/airflow/dags/etl_clickhouse.py for tasks to queue
[2025-10-30T09:36:26.542+0000] {logging_mixin.py:188} INFO - [2025-10-30T09:36:26.541+0000] {dagbag.py:545} INFO - Filling up the DagBag from /opt/airflow/dags/etl_clickhouse.py
[2025-10-30T09:36:27.494+0000] {processor.py:840} INFO - DAG(s) 'move_data_to_clickhouse' retrieved from /opt/airflow/dags/etl_clickhouse.py
[2025-10-30T09:36:27.555+0000] {logging_mixin.py:188} INFO - [2025-10-30T09:36:27.555+0000] {dag.py:3096} INFO - Sync 1 DAGs
[2025-10-30T09:36:27.580+0000] {logging_mixin.py:188} INFO - [2025-10-30T09:36:27.580+0000] {dag.py:3954} INFO - Setting next_dagrun for move_data_to_clickhouse to None, run_after=None
[2025-10-30T09:36:27.641+0000] {processor.py:183} INFO - Processing /opt/airflow/dags/etl_clickhouse.py took 1.120 seconds
[2025-10-30T09:36:58.071+0000] {processor.py:161} INFO - Started process (PID=13250) to work on /opt/airflow/dags/etl_clickhouse.py
[2025-10-30T09:36:58.074+0000] {processor.py:830} INFO - Processing file /opt/airflow/dags/etl_clickhouse.py for tasks to queue
[2025-10-30T09:36:58.079+0000] {logging_mixin.py:188} INFO - [2025-10-30T09:36:58.078+0000] {dagbag.py:545} INFO - Filling up the DagBag from /opt/airflow/dags/etl_clickhouse.py
[2025-10-30T09:36:58.874+0000] {processor.py:840} INFO - DAG(s) 'move_data_to_clickhouse' retrieved from /opt/airflow/dags/etl_clickhouse.py
[2025-10-30T09:36:58.933+0000] {logging_mixin.py:188} INFO - [2025-10-30T09:36:58.932+0000] {dag.py:3096} INFO - Sync 1 DAGs
[2025-10-30T09:36:58.967+0000] {logging_mixin.py:188} INFO - [2025-10-30T09:36:58.967+0000] {dag.py:3954} INFO - Setting next_dagrun for move_data_to_clickhouse to None, run_after=None
[2025-10-30T09:36:59.019+0000] {processor.py:183} INFO - Processing /opt/airflow/dags/etl_clickhouse.py took 0.963 seconds
[2025-10-30T09:37:29.587+0000] {processor.py:161} INFO - Started process (PID=13262) to work on /opt/airflow/dags/etl_clickhouse.py
[2025-10-30T09:37:29.589+0000] {processor.py:830} INFO - Processing file /opt/airflow/dags/etl_clickhouse.py for tasks to queue
[2025-10-30T09:37:29.593+0000] {logging_mixin.py:188} INFO - [2025-10-30T09:37:29.592+0000] {dagbag.py:545} INFO - Filling up the DagBag from /opt/airflow/dags/etl_clickhouse.py
[2025-10-30T09:37:30.426+0000] {processor.py:840} INFO - DAG(s) 'move_data_to_clickhouse' retrieved from /opt/airflow/dags/etl_clickhouse.py
[2025-10-30T09:37:30.497+0000] {logging_mixin.py:188} INFO - [2025-10-30T09:37:30.496+0000] {dag.py:3096} INFO - Sync 1 DAGs
[2025-10-30T09:37:30.531+0000] {logging_mixin.py:188} INFO - [2025-10-30T09:37:30.530+0000] {dag.py:3954} INFO - Setting next_dagrun for move_data_to_clickhouse to None, run_after=None
[2025-10-30T09:37:30.589+0000] {processor.py:183} INFO - Processing /opt/airflow/dags/etl_clickhouse.py took 1.018 seconds
[2025-10-30T09:38:00.991+0000] {processor.py:161} INFO - Started process (PID=13274) to work on /opt/airflow/dags/etl_clickhouse.py
[2025-10-30T09:38:00.993+0000] {processor.py:830} INFO - Processing file /opt/airflow/dags/etl_clickhouse.py for tasks to queue
[2025-10-30T09:38:00.997+0000] {logging_mixin.py:188} INFO - [2025-10-30T09:38:00.996+0000] {dagbag.py:545} INFO - Filling up the DagBag from /opt/airflow/dags/etl_clickhouse.py
[2025-10-30T09:38:01.736+0000] {processor.py:840} INFO - DAG(s) 'move_data_to_clickhouse' retrieved from /opt/airflow/dags/etl_clickhouse.py
[2025-10-30T09:38:01.792+0000] {logging_mixin.py:188} INFO - [2025-10-30T09:38:01.791+0000] {dag.py:3096} INFO - Sync 1 DAGs
[2025-10-30T09:38:01.826+0000] {logging_mixin.py:188} INFO - [2025-10-30T09:38:01.826+0000] {dag.py:3954} INFO - Setting next_dagrun for move_data_to_clickhouse to None, run_after=None
[2025-10-30T09:38:01.867+0000] {processor.py:183} INFO - Processing /opt/airflow/dags/etl_clickhouse.py took 0.890 seconds
[2025-10-30T09:38:32.543+0000] {processor.py:161} INFO - Started process (PID=13286) to work on /opt/airflow/dags/etl_clickhouse.py
[2025-10-30T09:38:32.546+0000] {processor.py:830} INFO - Processing file /opt/airflow/dags/etl_clickhouse.py for tasks to queue
[2025-10-30T09:38:32.552+0000] {logging_mixin.py:188} INFO - [2025-10-30T09:38:32.551+0000] {dagbag.py:545} INFO - Filling up the DagBag from /opt/airflow/dags/etl_clickhouse.py
[2025-10-30T09:38:33.426+0000] {processor.py:840} INFO - DAG(s) 'move_data_to_clickhouse' retrieved from /opt/airflow/dags/etl_clickhouse.py
[2025-10-30T09:38:33.497+0000] {logging_mixin.py:188} INFO - [2025-10-30T09:38:33.496+0000] {dag.py:3096} INFO - Sync 1 DAGs
[2025-10-30T09:38:33.530+0000] {logging_mixin.py:188} INFO - [2025-10-30T09:38:33.529+0000] {dag.py:3954} INFO - Setting next_dagrun for move_data_to_clickhouse to None, run_after=None
[2025-10-30T09:38:33.591+0000] {processor.py:183} INFO - Processing /opt/airflow/dags/etl_clickhouse.py took 1.063 seconds
[2025-10-30T09:39:04.059+0000] {processor.py:161} INFO - Started process (PID=13298) to work on /opt/airflow/dags/etl_clickhouse.py
[2025-10-30T09:39:04.061+0000] {processor.py:830} INFO - Processing file /opt/airflow/dags/etl_clickhouse.py for tasks to queue
[2025-10-30T09:39:04.066+0000] {logging_mixin.py:188} INFO - [2025-10-30T09:39:04.065+0000] {dagbag.py:545} INFO - Filling up the DagBag from /opt/airflow/dags/etl_clickhouse.py
[2025-10-30T09:39:04.805+0000] {processor.py:840} INFO - DAG(s) 'move_data_to_clickhouse' retrieved from /opt/airflow/dags/etl_clickhouse.py
[2025-10-30T09:39:04.860+0000] {logging_mixin.py:188} INFO - [2025-10-30T09:39:04.859+0000] {dag.py:3096} INFO - Sync 1 DAGs
[2025-10-30T09:39:04.887+0000] {logging_mixin.py:188} INFO - [2025-10-30T09:39:04.887+0000] {dag.py:3954} INFO - Setting next_dagrun for move_data_to_clickhouse to None, run_after=None
[2025-10-30T09:39:04.933+0000] {processor.py:183} INFO - Processing /opt/airflow/dags/etl_clickhouse.py took 0.888 seconds
[2025-10-30T09:39:35.512+0000] {processor.py:161} INFO - Started process (PID=13310) to work on /opt/airflow/dags/etl_clickhouse.py
[2025-10-30T09:39:35.514+0000] {processor.py:830} INFO - Processing file /opt/airflow/dags/etl_clickhouse.py for tasks to queue
[2025-10-30T09:39:35.518+0000] {logging_mixin.py:188} INFO - [2025-10-30T09:39:35.517+0000] {dagbag.py:545} INFO - Filling up the DagBag from /opt/airflow/dags/etl_clickhouse.py
[2025-10-30T09:39:36.229+0000] {processor.py:840} INFO - DAG(s) 'move_data_to_clickhouse' retrieved from /opt/airflow/dags/etl_clickhouse.py
[2025-10-30T09:39:36.286+0000] {logging_mixin.py:188} INFO - [2025-10-30T09:39:36.286+0000] {dag.py:3096} INFO - Sync 1 DAGs
[2025-10-30T09:39:36.315+0000] {logging_mixin.py:188} INFO - [2025-10-30T09:39:36.314+0000] {dag.py:3954} INFO - Setting next_dagrun for move_data_to_clickhouse to None, run_after=None
[2025-10-30T09:39:36.370+0000] {processor.py:183} INFO - Processing /opt/airflow/dags/etl_clickhouse.py took 0.871 seconds
[2025-10-30T09:40:06.921+0000] {processor.py:161} INFO - Started process (PID=13322) to work on /opt/airflow/dags/etl_clickhouse.py
[2025-10-30T09:40:06.924+0000] {processor.py:830} INFO - Processing file /opt/airflow/dags/etl_clickhouse.py for tasks to queue
[2025-10-30T09:40:06.928+0000] {logging_mixin.py:188} INFO - [2025-10-30T09:40:06.927+0000] {dagbag.py:545} INFO - Filling up the DagBag from /opt/airflow/dags/etl_clickhouse.py
[2025-10-30T09:40:07.692+0000] {processor.py:840} INFO - DAG(s) 'move_data_to_clickhouse' retrieved from /opt/airflow/dags/etl_clickhouse.py
[2025-10-30T09:40:07.771+0000] {logging_mixin.py:188} INFO - [2025-10-30T09:40:07.770+0000] {dag.py:3096} INFO - Sync 1 DAGs
[2025-10-30T09:40:07.810+0000] {logging_mixin.py:188} INFO - [2025-10-30T09:40:07.809+0000] {dag.py:3954} INFO - Setting next_dagrun for move_data_to_clickhouse to None, run_after=None
[2025-10-30T09:40:07.858+0000] {processor.py:183} INFO - Processing /opt/airflow/dags/etl_clickhouse.py took 0.951 seconds
[2025-10-30T09:40:38.365+0000] {processor.py:161} INFO - Started process (PID=13334) to work on /opt/airflow/dags/etl_clickhouse.py
[2025-10-30T09:40:38.368+0000] {processor.py:830} INFO - Processing file /opt/airflow/dags/etl_clickhouse.py for tasks to queue
[2025-10-30T09:40:38.373+0000] {logging_mixin.py:188} INFO - [2025-10-30T09:40:38.372+0000] {dagbag.py:545} INFO - Filling up the DagBag from /opt/airflow/dags/etl_clickhouse.py
[2025-10-30T09:40:39.134+0000] {processor.py:840} INFO - DAG(s) 'move_data_to_clickhouse' retrieved from /opt/airflow/dags/etl_clickhouse.py
[2025-10-30T09:40:39.193+0000] {logging_mixin.py:188} INFO - [2025-10-30T09:40:39.193+0000] {dag.py:3096} INFO - Sync 1 DAGs
[2025-10-30T09:40:39.222+0000] {logging_mixin.py:188} INFO - [2025-10-30T09:40:39.221+0000] {dag.py:3954} INFO - Setting next_dagrun for move_data_to_clickhouse to None, run_after=None
[2025-10-30T09:40:39.268+0000] {processor.py:183} INFO - Processing /opt/airflow/dags/etl_clickhouse.py took 0.918 seconds
[2025-10-30T09:41:09.722+0000] {processor.py:161} INFO - Started process (PID=13346) to work on /opt/airflow/dags/etl_clickhouse.py
[2025-10-30T09:41:09.724+0000] {processor.py:830} INFO - Processing file /opt/airflow/dags/etl_clickhouse.py for tasks to queue
[2025-10-30T09:41:09.728+0000] {logging_mixin.py:188} INFO - [2025-10-30T09:41:09.728+0000] {dagbag.py:545} INFO - Filling up the DagBag from /opt/airflow/dags/etl_clickhouse.py
[2025-10-30T09:41:10.638+0000] {processor.py:840} INFO - DAG(s) 'move_data_to_clickhouse' retrieved from /opt/airflow/dags/etl_clickhouse.py
[2025-10-30T09:41:10.702+0000] {logging_mixin.py:188} INFO - [2025-10-30T09:41:10.701+0000] {dag.py:3096} INFO - Sync 1 DAGs
[2025-10-30T09:41:10.729+0000] {logging_mixin.py:188} INFO - [2025-10-30T09:41:10.728+0000] {dag.py:3954} INFO - Setting next_dagrun for move_data_to_clickhouse to None, run_after=None
[2025-10-30T09:41:10.776+0000] {processor.py:183} INFO - Processing /opt/airflow/dags/etl_clickhouse.py took 1.074 seconds
[2025-10-30T09:41:41.297+0000] {processor.py:161} INFO - Started process (PID=13358) to work on /opt/airflow/dags/etl_clickhouse.py
[2025-10-30T09:41:41.299+0000] {processor.py:830} INFO - Processing file /opt/airflow/dags/etl_clickhouse.py for tasks to queue
[2025-10-30T09:41:41.304+0000] {logging_mixin.py:188} INFO - [2025-10-30T09:41:41.303+0000] {dagbag.py:545} INFO - Filling up the DagBag from /opt/airflow/dags/etl_clickhouse.py
[2025-10-30T09:41:42.031+0000] {processor.py:840} INFO - DAG(s) 'move_data_to_clickhouse' retrieved from /opt/airflow/dags/etl_clickhouse.py
[2025-10-30T09:41:42.084+0000] {logging_mixin.py:188} INFO - [2025-10-30T09:41:42.083+0000] {dag.py:3096} INFO - Sync 1 DAGs
[2025-10-30T09:41:42.106+0000] {logging_mixin.py:188} INFO - [2025-10-30T09:41:42.106+0000] {dag.py:3954} INFO - Setting next_dagrun for move_data_to_clickhouse to None, run_after=None
[2025-10-30T09:41:42.150+0000] {processor.py:183} INFO - Processing /opt/airflow/dags/etl_clickhouse.py took 0.867 seconds
[2025-10-30T09:42:12.710+0000] {processor.py:161} INFO - Started process (PID=13370) to work on /opt/airflow/dags/etl_clickhouse.py
[2025-10-30T09:42:12.713+0000] {processor.py:830} INFO - Processing file /opt/airflow/dags/etl_clickhouse.py for tasks to queue
[2025-10-30T09:42:12.717+0000] {logging_mixin.py:188} INFO - [2025-10-30T09:42:12.716+0000] {dagbag.py:545} INFO - Filling up the DagBag from /opt/airflow/dags/etl_clickhouse.py
[2025-10-30T09:42:13.543+0000] {processor.py:840} INFO - DAG(s) 'move_data_to_clickhouse' retrieved from /opt/airflow/dags/etl_clickhouse.py
[2025-10-30T09:42:13.599+0000] {logging_mixin.py:188} INFO - [2025-10-30T09:42:13.598+0000] {dag.py:3096} INFO - Sync 1 DAGs
[2025-10-30T09:42:13.620+0000] {logging_mixin.py:188} INFO - [2025-10-30T09:42:13.620+0000] {dag.py:3954} INFO - Setting next_dagrun for move_data_to_clickhouse to None, run_after=None
[2025-10-30T09:42:13.669+0000] {processor.py:183} INFO - Processing /opt/airflow/dags/etl_clickhouse.py took 0.972 seconds
[2025-10-30T09:42:44.220+0000] {processor.py:161} INFO - Started process (PID=13382) to work on /opt/airflow/dags/etl_clickhouse.py
[2025-10-30T09:42:44.222+0000] {processor.py:830} INFO - Processing file /opt/airflow/dags/etl_clickhouse.py for tasks to queue
[2025-10-30T09:42:44.227+0000] {logging_mixin.py:188} INFO - [2025-10-30T09:42:44.226+0000] {dagbag.py:545} INFO - Filling up the DagBag from /opt/airflow/dags/etl_clickhouse.py
[2025-10-30T09:42:44.971+0000] {processor.py:840} INFO - DAG(s) 'move_data_to_clickhouse' retrieved from /opt/airflow/dags/etl_clickhouse.py
[2025-10-30T09:42:45.037+0000] {logging_mixin.py:188} INFO - [2025-10-30T09:42:45.036+0000] {dag.py:3096} INFO - Sync 1 DAGs
[2025-10-30T09:42:45.059+0000] {logging_mixin.py:188} INFO - [2025-10-30T09:42:45.058+0000] {dag.py:3954} INFO - Setting next_dagrun for move_data_to_clickhouse to None, run_after=None
[2025-10-30T09:42:45.343+0000] {processor.py:183} INFO - Processing /opt/airflow/dags/etl_clickhouse.py took 1.135 seconds
[2025-10-30T09:43:15.870+0000] {processor.py:161} INFO - Started process (PID=13394) to work on /opt/airflow/dags/etl_clickhouse.py
[2025-10-30T09:43:15.873+0000] {processor.py:830} INFO - Processing file /opt/airflow/dags/etl_clickhouse.py for tasks to queue
[2025-10-30T09:43:15.877+0000] {logging_mixin.py:188} INFO - [2025-10-30T09:43:15.876+0000] {dagbag.py:545} INFO - Filling up the DagBag from /opt/airflow/dags/etl_clickhouse.py
[2025-10-30T09:43:16.543+0000] {processor.py:840} INFO - DAG(s) 'move_data_to_clickhouse' retrieved from /opt/airflow/dags/etl_clickhouse.py
[2025-10-30T09:43:16.598+0000] {logging_mixin.py:188} INFO - [2025-10-30T09:43:16.597+0000] {dag.py:3096} INFO - Sync 1 DAGs
[2025-10-30T09:43:16.623+0000] {logging_mixin.py:188} INFO - [2025-10-30T09:43:16.623+0000] {dag.py:3954} INFO - Setting next_dagrun for move_data_to_clickhouse to None, run_after=None
[2025-10-30T09:43:16.676+0000] {processor.py:183} INFO - Processing /opt/airflow/dags/etl_clickhouse.py took 0.825 seconds
[2025-10-30T09:43:47.339+0000] {processor.py:161} INFO - Started process (PID=13406) to work on /opt/airflow/dags/etl_clickhouse.py
[2025-10-30T09:43:47.341+0000] {processor.py:830} INFO - Processing file /opt/airflow/dags/etl_clickhouse.py for tasks to queue
[2025-10-30T09:43:47.346+0000] {logging_mixin.py:188} INFO - [2025-10-30T09:43:47.345+0000] {dagbag.py:545} INFO - Filling up the DagBag from /opt/airflow/dags/etl_clickhouse.py
[2025-10-30T09:43:48.076+0000] {processor.py:840} INFO - DAG(s) 'move_data_to_clickhouse' retrieved from /opt/airflow/dags/etl_clickhouse.py
[2025-10-30T09:43:48.146+0000] {logging_mixin.py:188} INFO - [2025-10-30T09:43:48.145+0000] {dag.py:3096} INFO - Sync 1 DAGs
[2025-10-30T09:43:48.169+0000] {logging_mixin.py:188} INFO - [2025-10-30T09:43:48.169+0000] {dag.py:3954} INFO - Setting next_dagrun for move_data_to_clickhouse to None, run_after=None
[2025-10-30T09:43:48.228+0000] {processor.py:183} INFO - Processing /opt/airflow/dags/etl_clickhouse.py took 0.900 seconds
[2025-10-30T09:44:18.810+0000] {processor.py:161} INFO - Started process (PID=13418) to work on /opt/airflow/dags/etl_clickhouse.py
[2025-10-30T09:44:18.812+0000] {processor.py:830} INFO - Processing file /opt/airflow/dags/etl_clickhouse.py for tasks to queue
[2025-10-30T09:44:18.816+0000] {logging_mixin.py:188} INFO - [2025-10-30T09:44:18.815+0000] {dagbag.py:545} INFO - Filling up the DagBag from /opt/airflow/dags/etl_clickhouse.py
[2025-10-30T09:44:19.476+0000] {processor.py:840} INFO - DAG(s) 'move_data_to_clickhouse' retrieved from /opt/airflow/dags/etl_clickhouse.py
[2025-10-30T09:44:19.543+0000] {logging_mixin.py:188} INFO - [2025-10-30T09:44:19.542+0000] {dag.py:3096} INFO - Sync 1 DAGs
[2025-10-30T09:44:19.564+0000] {logging_mixin.py:188} INFO - [2025-10-30T09:44:19.564+0000] {dag.py:3954} INFO - Setting next_dagrun for move_data_to_clickhouse to None, run_after=None
[2025-10-30T09:44:19.622+0000] {processor.py:183} INFO - Processing /opt/airflow/dags/etl_clickhouse.py took 0.829 seconds
[2025-10-30T09:44:50.174+0000] {processor.py:161} INFO - Started process (PID=13430) to work on /opt/airflow/dags/etl_clickhouse.py
[2025-10-30T09:44:50.177+0000] {processor.py:830} INFO - Processing file /opt/airflow/dags/etl_clickhouse.py for tasks to queue
[2025-10-30T09:44:50.181+0000] {logging_mixin.py:188} INFO - [2025-10-30T09:44:50.181+0000] {dagbag.py:545} INFO - Filling up the DagBag from /opt/airflow/dags/etl_clickhouse.py
[2025-10-30T09:44:50.946+0000] {processor.py:840} INFO - DAG(s) 'move_data_to_clickhouse' retrieved from /opt/airflow/dags/etl_clickhouse.py
[2025-10-30T09:44:51.019+0000] {logging_mixin.py:188} INFO - [2025-10-30T09:44:51.018+0000] {dag.py:3096} INFO - Sync 1 DAGs
[2025-10-30T09:44:51.039+0000] {logging_mixin.py:188} INFO - [2025-10-30T09:44:51.039+0000] {dag.py:3954} INFO - Setting next_dagrun for move_data_to_clickhouse to None, run_after=None
[2025-10-30T09:44:51.289+0000] {processor.py:183} INFO - Processing /opt/airflow/dags/etl_clickhouse.py took 1.132 seconds
[2025-10-30T09:45:21.794+0000] {processor.py:161} INFO - Started process (PID=13442) to work on /opt/airflow/dags/etl_clickhouse.py
[2025-10-30T09:45:21.797+0000] {processor.py:830} INFO - Processing file /opt/airflow/dags/etl_clickhouse.py for tasks to queue
[2025-10-30T09:45:21.802+0000] {logging_mixin.py:188} INFO - [2025-10-30T09:45:21.801+0000] {dagbag.py:545} INFO - Filling up the DagBag from /opt/airflow/dags/etl_clickhouse.py
[2025-10-30T09:45:22.539+0000] {processor.py:840} INFO - DAG(s) 'move_data_to_clickhouse' retrieved from /opt/airflow/dags/etl_clickhouse.py
[2025-10-30T09:45:22.605+0000] {logging_mixin.py:188} INFO - [2025-10-30T09:45:22.604+0000] {dag.py:3096} INFO - Sync 1 DAGs
[2025-10-30T09:45:22.627+0000] {logging_mixin.py:188} INFO - [2025-10-30T09:45:22.627+0000] {dag.py:3954} INFO - Setting next_dagrun for move_data_to_clickhouse to None, run_after=None
[2025-10-30T09:45:22.664+0000] {processor.py:183} INFO - Processing /opt/airflow/dags/etl_clickhouse.py took 0.886 seconds
[2025-10-30T09:45:53.280+0000] {processor.py:161} INFO - Started process (PID=13454) to work on /opt/airflow/dags/etl_clickhouse.py
[2025-10-30T09:45:53.282+0000] {processor.py:830} INFO - Processing file /opt/airflow/dags/etl_clickhouse.py for tasks to queue
[2025-10-30T09:45:53.286+0000] {logging_mixin.py:188} INFO - [2025-10-30T09:45:53.286+0000] {dagbag.py:545} INFO - Filling up the DagBag from /opt/airflow/dags/etl_clickhouse.py
[2025-10-30T09:45:53.945+0000] {processor.py:840} INFO - DAG(s) 'move_data_to_clickhouse' retrieved from /opt/airflow/dags/etl_clickhouse.py
[2025-10-30T09:45:54.029+0000] {logging_mixin.py:188} INFO - [2025-10-30T09:45:54.028+0000] {dag.py:3096} INFO - Sync 1 DAGs
[2025-10-30T09:45:54.060+0000] {logging_mixin.py:188} INFO - [2025-10-30T09:45:54.059+0000] {dag.py:3954} INFO - Setting next_dagrun for move_data_to_clickhouse to None, run_after=None
[2025-10-30T09:45:54.095+0000] {processor.py:183} INFO - Processing /opt/airflow/dags/etl_clickhouse.py took 0.844 seconds
[2025-10-30T09:46:24.606+0000] {processor.py:161} INFO - Started process (PID=13466) to work on /opt/airflow/dags/etl_clickhouse.py
[2025-10-30T09:46:24.608+0000] {processor.py:830} INFO - Processing file /opt/airflow/dags/etl_clickhouse.py for tasks to queue
[2025-10-30T09:46:24.613+0000] {logging_mixin.py:188} INFO - [2025-10-30T09:46:24.612+0000] {dagbag.py:545} INFO - Filling up the DagBag from /opt/airflow/dags/etl_clickhouse.py
[2025-10-30T09:46:25.311+0000] {processor.py:840} INFO - DAG(s) 'move_data_to_clickhouse' retrieved from /opt/airflow/dags/etl_clickhouse.py
[2025-10-30T09:46:25.377+0000] {logging_mixin.py:188} INFO - [2025-10-30T09:46:25.376+0000] {dag.py:3096} INFO - Sync 1 DAGs
[2025-10-30T09:46:25.410+0000] {logging_mixin.py:188} INFO - [2025-10-30T09:46:25.409+0000] {dag.py:3954} INFO - Setting next_dagrun for move_data_to_clickhouse to None, run_after=None
[2025-10-30T09:46:25.460+0000] {processor.py:183} INFO - Processing /opt/airflow/dags/etl_clickhouse.py took 0.867 seconds
[2025-10-30T09:46:55.960+0000] {processor.py:161} INFO - Started process (PID=13478) to work on /opt/airflow/dags/etl_clickhouse.py
[2025-10-30T09:46:55.963+0000] {processor.py:830} INFO - Processing file /opt/airflow/dags/etl_clickhouse.py for tasks to queue
[2025-10-30T09:46:55.967+0000] {logging_mixin.py:188} INFO - [2025-10-30T09:46:55.966+0000] {dagbag.py:545} INFO - Filling up the DagBag from /opt/airflow/dags/etl_clickhouse.py
[2025-10-30T09:46:56.722+0000] {processor.py:840} INFO - DAG(s) 'move_data_to_clickhouse' retrieved from /opt/airflow/dags/etl_clickhouse.py
[2025-10-30T09:46:56.794+0000] {logging_mixin.py:188} INFO - [2025-10-30T09:46:56.793+0000] {dag.py:3096} INFO - Sync 1 DAGs
[2025-10-30T09:46:56.820+0000] {logging_mixin.py:188} INFO - [2025-10-30T09:46:56.819+0000] {dag.py:3954} INFO - Setting next_dagrun for move_data_to_clickhouse to None, run_after=None
[2025-10-30T09:46:57.099+0000] {processor.py:183} INFO - Processing /opt/airflow/dags/etl_clickhouse.py took 1.150 seconds
[2025-10-30T09:47:27.494+0000] {processor.py:161} INFO - Started process (PID=13490) to work on /opt/airflow/dags/etl_clickhouse.py
[2025-10-30T09:47:27.496+0000] {processor.py:830} INFO - Processing file /opt/airflow/dags/etl_clickhouse.py for tasks to queue
[2025-10-30T09:47:27.500+0000] {logging_mixin.py:188} INFO - [2025-10-30T09:47:27.499+0000] {dagbag.py:545} INFO - Filling up the DagBag from /opt/airflow/dags/etl_clickhouse.py
[2025-10-30T09:47:28.147+0000] {processor.py:840} INFO - DAG(s) 'move_data_to_clickhouse' retrieved from /opt/airflow/dags/etl_clickhouse.py
[2025-10-30T09:47:28.204+0000] {logging_mixin.py:188} INFO - [2025-10-30T09:47:28.203+0000] {dag.py:3096} INFO - Sync 1 DAGs
[2025-10-30T09:47:28.436+0000] {logging_mixin.py:188} INFO - [2025-10-30T09:47:28.435+0000] {dag.py:3954} INFO - Setting next_dagrun for move_data_to_clickhouse to None, run_after=None
[2025-10-30T09:47:28.498+0000] {processor.py:183} INFO - Processing /opt/airflow/dags/etl_clickhouse.py took 1.018 seconds
[2025-10-30T09:47:58.917+0000] {processor.py:161} INFO - Started process (PID=13502) to work on /opt/airflow/dags/etl_clickhouse.py
[2025-10-30T09:47:58.920+0000] {processor.py:830} INFO - Processing file /opt/airflow/dags/etl_clickhouse.py for tasks to queue
[2025-10-30T09:47:58.924+0000] {logging_mixin.py:188} INFO - [2025-10-30T09:47:58.923+0000] {dagbag.py:545} INFO - Filling up the DagBag from /opt/airflow/dags/etl_clickhouse.py
[2025-10-30T09:47:59.626+0000] {processor.py:840} INFO - DAG(s) 'move_data_to_clickhouse' retrieved from /opt/airflow/dags/etl_clickhouse.py
[2025-10-30T09:47:59.677+0000] {logging_mixin.py:188} INFO - [2025-10-30T09:47:59.677+0000] {dag.py:3096} INFO - Sync 1 DAGs
[2025-10-30T09:47:59.697+0000] {logging_mixin.py:188} INFO - [2025-10-30T09:47:59.697+0000] {dag.py:3954} INFO - Setting next_dagrun for move_data_to_clickhouse to None, run_after=None
[2025-10-30T09:47:59.750+0000] {processor.py:183} INFO - Processing /opt/airflow/dags/etl_clickhouse.py took 0.845 seconds
[2025-10-30T09:48:30.594+0000] {processor.py:161} INFO - Started process (PID=13514) to work on /opt/airflow/dags/etl_clickhouse.py
[2025-10-30T09:48:30.598+0000] {processor.py:830} INFO - Processing file /opt/airflow/dags/etl_clickhouse.py for tasks to queue
[2025-10-30T09:48:30.603+0000] {logging_mixin.py:188} INFO - [2025-10-30T09:48:30.602+0000] {dagbag.py:545} INFO - Filling up the DagBag from /opt/airflow/dags/etl_clickhouse.py
[2025-10-30T09:48:31.301+0000] {processor.py:840} INFO - DAG(s) 'move_data_to_clickhouse' retrieved from /opt/airflow/dags/etl_clickhouse.py
[2025-10-30T09:48:31.361+0000] {logging_mixin.py:188} INFO - [2025-10-30T09:48:31.360+0000] {dag.py:3096} INFO - Sync 1 DAGs
[2025-10-30T09:48:31.383+0000] {logging_mixin.py:188} INFO - [2025-10-30T09:48:31.382+0000] {dag.py:3954} INFO - Setting next_dagrun for move_data_to_clickhouse to None, run_after=None
[2025-10-30T09:48:31.423+0000] {processor.py:183} INFO - Processing /opt/airflow/dags/etl_clickhouse.py took 0.848 seconds
[2025-10-30T09:49:01.950+0000] {processor.py:161} INFO - Started process (PID=13526) to work on /opt/airflow/dags/etl_clickhouse.py
[2025-10-30T09:49:01.953+0000] {processor.py:830} INFO - Processing file /opt/airflow/dags/etl_clickhouse.py for tasks to queue
[2025-10-30T09:49:01.957+0000] {logging_mixin.py:188} INFO - [2025-10-30T09:49:01.957+0000] {dagbag.py:545} INFO - Filling up the DagBag from /opt/airflow/dags/etl_clickhouse.py
[2025-10-30T09:49:02.663+0000] {processor.py:840} INFO - DAG(s) 'move_data_to_clickhouse' retrieved from /opt/airflow/dags/etl_clickhouse.py
[2025-10-30T09:49:02.755+0000] {logging_mixin.py:188} INFO - [2025-10-30T09:49:02.754+0000] {dag.py:3096} INFO - Sync 1 DAGs
[2025-10-30T09:49:02.781+0000] {logging_mixin.py:188} INFO - [2025-10-30T09:49:02.780+0000] {dag.py:3954} INFO - Setting next_dagrun for move_data_to_clickhouse to None, run_after=None
[2025-10-30T09:49:03.042+0000] {processor.py:183} INFO - Processing /opt/airflow/dags/etl_clickhouse.py took 1.105 seconds
[2025-10-30T09:49:33.538+0000] {processor.py:161} INFO - Started process (PID=13538) to work on /opt/airflow/dags/etl_clickhouse.py
[2025-10-30T09:49:33.540+0000] {processor.py:830} INFO - Processing file /opt/airflow/dags/etl_clickhouse.py for tasks to queue
[2025-10-30T09:49:33.545+0000] {logging_mixin.py:188} INFO - [2025-10-30T09:49:33.544+0000] {dagbag.py:545} INFO - Filling up the DagBag from /opt/airflow/dags/etl_clickhouse.py
[2025-10-30T09:49:34.253+0000] {processor.py:840} INFO - DAG(s) 'move_data_to_clickhouse' retrieved from /opt/airflow/dags/etl_clickhouse.py
[2025-10-30T09:49:34.311+0000] {logging_mixin.py:188} INFO - [2025-10-30T09:49:34.310+0000] {dag.py:3096} INFO - Sync 1 DAGs
[2025-10-30T09:49:34.532+0000] {logging_mixin.py:188} INFO - [2025-10-30T09:49:34.532+0000] {dag.py:3954} INFO - Setting next_dagrun for move_data_to_clickhouse to None, run_after=None
[2025-10-30T09:49:34.584+0000] {processor.py:183} INFO - Processing /opt/airflow/dags/etl_clickhouse.py took 1.058 seconds
[2025-10-30T09:50:05.061+0000] {processor.py:161} INFO - Started process (PID=13550) to work on /opt/airflow/dags/etl_clickhouse.py
[2025-10-30T09:50:05.063+0000] {processor.py:830} INFO - Processing file /opt/airflow/dags/etl_clickhouse.py for tasks to queue
[2025-10-30T09:50:05.067+0000] {logging_mixin.py:188} INFO - [2025-10-30T09:50:05.066+0000] {dagbag.py:545} INFO - Filling up the DagBag from /opt/airflow/dags/etl_clickhouse.py
[2025-10-30T09:50:05.759+0000] {processor.py:840} INFO - DAG(s) 'move_data_to_clickhouse' retrieved from /opt/airflow/dags/etl_clickhouse.py
[2025-10-30T09:50:05.818+0000] {logging_mixin.py:188} INFO - [2025-10-30T09:50:05.818+0000] {dag.py:3096} INFO - Sync 1 DAGs
[2025-10-30T09:50:05.837+0000] {logging_mixin.py:188} INFO - [2025-10-30T09:50:05.836+0000] {dag.py:3954} INFO - Setting next_dagrun for move_data_to_clickhouse to None, run_after=None
[2025-10-30T09:50:05.880+0000] {processor.py:183} INFO - Processing /opt/airflow/dags/etl_clickhouse.py took 0.833 seconds
[2025-10-30T09:50:36.362+0000] {processor.py:161} INFO - Started process (PID=13562) to work on /opt/airflow/dags/etl_clickhouse.py
[2025-10-30T09:50:36.364+0000] {processor.py:830} INFO - Processing file /opt/airflow/dags/etl_clickhouse.py for tasks to queue
[2025-10-30T09:50:36.368+0000] {logging_mixin.py:188} INFO - [2025-10-30T09:50:36.368+0000] {dagbag.py:545} INFO - Filling up the DagBag from /opt/airflow/dags/etl_clickhouse.py
[2025-10-30T09:50:37.096+0000] {processor.py:840} INFO - DAG(s) 'move_data_to_clickhouse' retrieved from /opt/airflow/dags/etl_clickhouse.py
[2025-10-30T09:50:37.153+0000] {logging_mixin.py:188} INFO - [2025-10-30T09:50:37.152+0000] {dag.py:3096} INFO - Sync 1 DAGs
[2025-10-30T09:50:37.186+0000] {logging_mixin.py:188} INFO - [2025-10-30T09:50:37.186+0000] {dag.py:3954} INFO - Setting next_dagrun for move_data_to_clickhouse to None, run_after=None
[2025-10-30T09:50:37.238+0000] {processor.py:183} INFO - Processing /opt/airflow/dags/etl_clickhouse.py took 0.888 seconds
[2025-10-30T09:51:07.875+0000] {processor.py:161} INFO - Started process (PID=13574) to work on /opt/airflow/dags/etl_clickhouse.py
[2025-10-30T09:51:07.877+0000] {processor.py:830} INFO - Processing file /opt/airflow/dags/etl_clickhouse.py for tasks to queue
[2025-10-30T09:51:07.883+0000] {logging_mixin.py:188} INFO - [2025-10-30T09:51:07.882+0000] {dagbag.py:545} INFO - Filling up the DagBag from /opt/airflow/dags/etl_clickhouse.py
[2025-10-30T09:51:08.652+0000] {processor.py:840} INFO - DAG(s) 'move_data_to_clickhouse' retrieved from /opt/airflow/dags/etl_clickhouse.py
[2025-10-30T09:51:08.708+0000] {logging_mixin.py:188} INFO - [2025-10-30T09:51:08.707+0000] {dag.py:3096} INFO - Sync 1 DAGs
[2025-10-30T09:51:08.731+0000] {logging_mixin.py:188} INFO - [2025-10-30T09:51:08.730+0000] {dag.py:3954} INFO - Setting next_dagrun for move_data_to_clickhouse to None, run_after=None
[2025-10-30T09:51:09.004+0000] {processor.py:183} INFO - Processing /opt/airflow/dags/etl_clickhouse.py took 1.148 seconds
[2025-10-30T09:51:39.425+0000] {processor.py:161} INFO - Started process (PID=13586) to work on /opt/airflow/dags/etl_clickhouse.py
[2025-10-30T09:51:39.427+0000] {processor.py:830} INFO - Processing file /opt/airflow/dags/etl_clickhouse.py for tasks to queue
[2025-10-30T09:51:39.431+0000] {logging_mixin.py:188} INFO - [2025-10-30T09:51:39.430+0000] {dagbag.py:545} INFO - Filling up the DagBag from /opt/airflow/dags/etl_clickhouse.py
[2025-10-30T09:51:40.266+0000] {processor.py:840} INFO - DAG(s) 'move_data_to_clickhouse' retrieved from /opt/airflow/dags/etl_clickhouse.py
[2025-10-30T09:51:40.333+0000] {logging_mixin.py:188} INFO - [2025-10-30T09:51:40.333+0000] {dag.py:3096} INFO - Sync 1 DAGs
[2025-10-30T09:51:40.561+0000] {logging_mixin.py:188} INFO - [2025-10-30T09:51:40.560+0000] {dag.py:3954} INFO - Setting next_dagrun for move_data_to_clickhouse to None, run_after=None
[2025-10-30T09:51:40.601+0000] {processor.py:183} INFO - Processing /opt/airflow/dags/etl_clickhouse.py took 1.189 seconds
[2025-10-30T09:52:11.011+0000] {processor.py:161} INFO - Started process (PID=13598) to work on /opt/airflow/dags/etl_clickhouse.py
[2025-10-30T09:52:11.014+0000] {processor.py:830} INFO - Processing file /opt/airflow/dags/etl_clickhouse.py for tasks to queue
[2025-10-30T09:52:11.017+0000] {logging_mixin.py:188} INFO - [2025-10-30T09:52:11.017+0000] {dagbag.py:545} INFO - Filling up the DagBag from /opt/airflow/dags/etl_clickhouse.py
[2025-10-30T09:52:11.773+0000] {processor.py:840} INFO - DAG(s) 'move_data_to_clickhouse' retrieved from /opt/airflow/dags/etl_clickhouse.py
[2025-10-30T09:52:12.060+0000] {logging_mixin.py:188} INFO - [2025-10-30T09:52:12.059+0000] {dag.py:3096} INFO - Sync 1 DAGs
[2025-10-30T09:52:12.079+0000] {logging_mixin.py:188} INFO - [2025-10-30T09:52:12.078+0000] {dag.py:3954} INFO - Setting next_dagrun for move_data_to_clickhouse to None, run_after=None
[2025-10-30T09:52:12.130+0000] {processor.py:183} INFO - Processing /opt/airflow/dags/etl_clickhouse.py took 1.138 seconds
[2025-10-30T09:52:42.768+0000] {processor.py:161} INFO - Started process (PID=13610) to work on /opt/airflow/dags/etl_clickhouse.py
[2025-10-30T09:52:42.770+0000] {processor.py:830} INFO - Processing file /opt/airflow/dags/etl_clickhouse.py for tasks to queue
[2025-10-30T09:52:42.774+0000] {logging_mixin.py:188} INFO - [2025-10-30T09:52:42.774+0000] {dagbag.py:545} INFO - Filling up the DagBag from /opt/airflow/dags/etl_clickhouse.py
[2025-10-30T09:52:43.466+0000] {processor.py:840} INFO - DAG(s) 'move_data_to_clickhouse' retrieved from /opt/airflow/dags/etl_clickhouse.py
[2025-10-30T09:52:43.527+0000] {logging_mixin.py:188} INFO - [2025-10-30T09:52:43.526+0000] {dag.py:3096} INFO - Sync 1 DAGs
[2025-10-30T09:52:43.553+0000] {logging_mixin.py:188} INFO - [2025-10-30T09:52:43.552+0000] {dag.py:3954} INFO - Setting next_dagrun for move_data_to_clickhouse to None, run_after=None
[2025-10-30T09:52:43.614+0000] {processor.py:183} INFO - Processing /opt/airflow/dags/etl_clickhouse.py took 0.858 seconds
[2025-10-30T09:53:14.281+0000] {processor.py:161} INFO - Started process (PID=13622) to work on /opt/airflow/dags/etl_clickhouse.py
[2025-10-30T09:53:14.283+0000] {processor.py:830} INFO - Processing file /opt/airflow/dags/etl_clickhouse.py for tasks to queue
[2025-10-30T09:53:14.289+0000] {logging_mixin.py:188} INFO - [2025-10-30T09:53:14.288+0000] {dagbag.py:545} INFO - Filling up the DagBag from /opt/airflow/dags/etl_clickhouse.py
[2025-10-30T09:53:15.016+0000] {processor.py:840} INFO - DAG(s) 'move_data_to_clickhouse' retrieved from /opt/airflow/dags/etl_clickhouse.py
[2025-10-30T09:53:15.070+0000] {logging_mixin.py:188} INFO - [2025-10-30T09:53:15.069+0000] {dag.py:3096} INFO - Sync 1 DAGs
[2025-10-30T09:53:15.092+0000] {logging_mixin.py:188} INFO - [2025-10-30T09:53:15.092+0000] {dag.py:3954} INFO - Setting next_dagrun for move_data_to_clickhouse to None, run_after=None
[2025-10-30T09:53:15.396+0000] {processor.py:183} INFO - Processing /opt/airflow/dags/etl_clickhouse.py took 1.129 seconds
[2025-10-30T09:53:46.019+0000] {processor.py:161} INFO - Started process (PID=13634) to work on /opt/airflow/dags/etl_clickhouse.py
[2025-10-30T09:53:46.021+0000] {processor.py:830} INFO - Processing file /opt/airflow/dags/etl_clickhouse.py for tasks to queue
[2025-10-30T09:53:46.025+0000] {logging_mixin.py:188} INFO - [2025-10-30T09:53:46.024+0000] {dagbag.py:545} INFO - Filling up the DagBag from /opt/airflow/dags/etl_clickhouse.py
[2025-10-30T09:53:46.697+0000] {processor.py:840} INFO - DAG(s) 'move_data_to_clickhouse' retrieved from /opt/airflow/dags/etl_clickhouse.py
[2025-10-30T09:53:46.765+0000] {logging_mixin.py:188} INFO - [2025-10-30T09:53:46.764+0000] {dag.py:3096} INFO - Sync 1 DAGs
[2025-10-30T09:53:47.009+0000] {logging_mixin.py:188} INFO - [2025-10-30T09:53:47.009+0000] {dag.py:3954} INFO - Setting next_dagrun for move_data_to_clickhouse to None, run_after=None
[2025-10-30T09:53:47.055+0000] {processor.py:183} INFO - Processing /opt/airflow/dags/etl_clickhouse.py took 1.050 seconds
[2025-10-30T09:54:17.671+0000] {processor.py:161} INFO - Started process (PID=13646) to work on /opt/airflow/dags/etl_clickhouse.py
[2025-10-30T09:54:17.674+0000] {processor.py:830} INFO - Processing file /opt/airflow/dags/etl_clickhouse.py for tasks to queue
[2025-10-30T09:54:17.678+0000] {logging_mixin.py:188} INFO - [2025-10-30T09:54:17.677+0000] {dagbag.py:545} INFO - Filling up the DagBag from /opt/airflow/dags/etl_clickhouse.py
[2025-10-30T09:54:18.492+0000] {processor.py:840} INFO - DAG(s) 'move_data_to_clickhouse' retrieved from /opt/airflow/dags/etl_clickhouse.py
[2025-10-30T09:54:18.782+0000] {logging_mixin.py:188} INFO - [2025-10-30T09:54:18.781+0000] {dag.py:3096} INFO - Sync 1 DAGs
[2025-10-30T09:54:18.800+0000] {logging_mixin.py:188} INFO - [2025-10-30T09:54:18.800+0000] {dag.py:3954} INFO - Setting next_dagrun for move_data_to_clickhouse to None, run_after=None
[2025-10-30T09:54:18.867+0000] {processor.py:183} INFO - Processing /opt/airflow/dags/etl_clickhouse.py took 1.210 seconds
[2025-10-30T09:54:49.440+0000] {processor.py:161} INFO - Started process (PID=13658) to work on /opt/airflow/dags/etl_clickhouse.py
[2025-10-30T09:54:49.442+0000] {processor.py:830} INFO - Processing file /opt/airflow/dags/etl_clickhouse.py for tasks to queue
[2025-10-30T09:54:49.446+0000] {logging_mixin.py:188} INFO - [2025-10-30T09:54:49.445+0000] {dagbag.py:545} INFO - Filling up the DagBag from /opt/airflow/dags/etl_clickhouse.py
[2025-10-30T09:54:50.149+0000] {processor.py:840} INFO - DAG(s) 'move_data_to_clickhouse' retrieved from /opt/airflow/dags/etl_clickhouse.py
[2025-10-30T09:54:50.203+0000] {logging_mixin.py:188} INFO - [2025-10-30T09:54:50.202+0000] {dag.py:3096} INFO - Sync 1 DAGs
[2025-10-30T09:54:50.227+0000] {logging_mixin.py:188} INFO - [2025-10-30T09:54:50.226+0000] {dag.py:3954} INFO - Setting next_dagrun for move_data_to_clickhouse to None, run_after=None
[2025-10-30T09:54:50.277+0000] {processor.py:183} INFO - Processing /opt/airflow/dags/etl_clickhouse.py took 0.851 seconds
[2025-10-30T09:55:20.901+0000] {processor.py:161} INFO - Started process (PID=13670) to work on /opt/airflow/dags/etl_clickhouse.py
[2025-10-30T09:55:20.903+0000] {processor.py:830} INFO - Processing file /opt/airflow/dags/etl_clickhouse.py for tasks to queue
[2025-10-30T09:55:20.907+0000] {logging_mixin.py:188} INFO - [2025-10-30T09:55:20.906+0000] {dagbag.py:545} INFO - Filling up the DagBag from /opt/airflow/dags/etl_clickhouse.py
[2025-10-30T09:55:21.632+0000] {processor.py:840} INFO - DAG(s) 'move_data_to_clickhouse' retrieved from /opt/airflow/dags/etl_clickhouse.py
[2025-10-30T09:55:21.689+0000] {logging_mixin.py:188} INFO - [2025-10-30T09:55:21.687+0000] {dag.py:3096} INFO - Sync 1 DAGs
[2025-10-30T09:55:21.721+0000] {logging_mixin.py:188} INFO - [2025-10-30T09:55:21.721+0000] {dag.py:3954} INFO - Setting next_dagrun for move_data_to_clickhouse to None, run_after=None
[2025-10-30T09:55:22.022+0000] {processor.py:183} INFO - Processing /opt/airflow/dags/etl_clickhouse.py took 1.135 seconds
[2025-10-30T09:55:52.579+0000] {processor.py:161} INFO - Started process (PID=13682) to work on /opt/airflow/dags/etl_clickhouse.py
[2025-10-30T09:55:52.582+0000] {processor.py:830} INFO - Processing file /opt/airflow/dags/etl_clickhouse.py for tasks to queue
[2025-10-30T09:55:52.589+0000] {logging_mixin.py:188} INFO - [2025-10-30T09:55:52.588+0000] {dagbag.py:545} INFO - Filling up the DagBag from /opt/airflow/dags/etl_clickhouse.py
[2025-10-30T09:55:53.406+0000] {processor.py:840} INFO - DAG(s) 'move_data_to_clickhouse' retrieved from /opt/airflow/dags/etl_clickhouse.py
[2025-10-30T09:55:53.481+0000] {logging_mixin.py:188} INFO - [2025-10-30T09:55:53.480+0000] {dag.py:3096} INFO - Sync 1 DAGs
[2025-10-30T09:55:53.734+0000] {logging_mixin.py:188} INFO - [2025-10-30T09:55:53.733+0000] {dag.py:3954} INFO - Setting next_dagrun for move_data_to_clickhouse to None, run_after=None
[2025-10-30T09:55:53.784+0000] {processor.py:183} INFO - Processing /opt/airflow/dags/etl_clickhouse.py took 1.225 seconds
[2025-10-30T09:56:24.185+0000] {processor.py:161} INFO - Started process (PID=13694) to work on /opt/airflow/dags/etl_clickhouse.py
[2025-10-30T09:56:24.187+0000] {processor.py:830} INFO - Processing file /opt/airflow/dags/etl_clickhouse.py for tasks to queue
[2025-10-30T09:56:24.192+0000] {logging_mixin.py:188} INFO - [2025-10-30T09:56:24.191+0000] {dagbag.py:545} INFO - Filling up the DagBag from /opt/airflow/dags/etl_clickhouse.py
[2025-10-30T09:56:25.004+0000] {processor.py:840} INFO - DAG(s) 'move_data_to_clickhouse' retrieved from /opt/airflow/dags/etl_clickhouse.py
[2025-10-30T09:56:25.307+0000] {logging_mixin.py:188} INFO - [2025-10-30T09:56:25.307+0000] {dag.py:3096} INFO - Sync 1 DAGs
[2025-10-30T09:56:25.325+0000] {logging_mixin.py:188} INFO - [2025-10-30T09:56:25.325+0000] {dag.py:3954} INFO - Setting next_dagrun for move_data_to_clickhouse to None, run_after=None
[2025-10-30T09:56:25.359+0000] {processor.py:183} INFO - Processing /opt/airflow/dags/etl_clickhouse.py took 1.190 seconds
[2025-10-30T09:56:55.857+0000] {processor.py:161} INFO - Started process (PID=13706) to work on /opt/airflow/dags/etl_clickhouse.py
[2025-10-30T09:56:55.859+0000] {processor.py:830} INFO - Processing file /opt/airflow/dags/etl_clickhouse.py for tasks to queue
[2025-10-30T09:56:55.863+0000] {logging_mixin.py:188} INFO - [2025-10-30T09:56:55.862+0000] {dagbag.py:545} INFO - Filling up the DagBag from /opt/airflow/dags/etl_clickhouse.py
[2025-10-30T09:56:56.526+0000] {processor.py:840} INFO - DAG(s) 'move_data_to_clickhouse' retrieved from /opt/airflow/dags/etl_clickhouse.py
[2025-10-30T09:56:56.574+0000] {logging_mixin.py:188} INFO - [2025-10-30T09:56:56.574+0000] {dag.py:3096} INFO - Sync 1 DAGs
[2025-10-30T09:56:56.597+0000] {logging_mixin.py:188} INFO - [2025-10-30T09:56:56.596+0000] {dag.py:3954} INFO - Setting next_dagrun for move_data_to_clickhouse to None, run_after=None
[2025-10-30T09:56:56.661+0000] {processor.py:183} INFO - Processing /opt/airflow/dags/etl_clickhouse.py took 0.816 seconds
[2025-10-30T09:57:27.281+0000] {processor.py:161} INFO - Started process (PID=13718) to work on /opt/airflow/dags/etl_clickhouse.py
[2025-10-30T09:57:27.283+0000] {processor.py:830} INFO - Processing file /opt/airflow/dags/etl_clickhouse.py for tasks to queue
[2025-10-30T09:57:27.288+0000] {logging_mixin.py:188} INFO - [2025-10-30T09:57:27.287+0000] {dagbag.py:545} INFO - Filling up the DagBag from /opt/airflow/dags/etl_clickhouse.py
[2025-10-30T09:57:28.046+0000] {processor.py:840} INFO - DAG(s) 'move_data_to_clickhouse' retrieved from /opt/airflow/dags/etl_clickhouse.py
[2025-10-30T09:57:28.112+0000] {logging_mixin.py:188} INFO - [2025-10-30T09:57:28.111+0000] {dag.py:3096} INFO - Sync 1 DAGs
[2025-10-30T09:57:28.135+0000] {logging_mixin.py:188} INFO - [2025-10-30T09:57:28.135+0000] {dag.py:3954} INFO - Setting next_dagrun for move_data_to_clickhouse to None, run_after=None
[2025-10-30T09:57:28.432+0000] {processor.py:183} INFO - Processing /opt/airflow/dags/etl_clickhouse.py took 1.163 seconds
[2025-10-30T09:57:59.100+0000] {processor.py:161} INFO - Started process (PID=13730) to work on /opt/airflow/dags/etl_clickhouse.py
[2025-10-30T09:57:59.102+0000] {processor.py:830} INFO - Processing file /opt/airflow/dags/etl_clickhouse.py for tasks to queue
[2025-10-30T09:57:59.106+0000] {logging_mixin.py:188} INFO - [2025-10-30T09:57:59.105+0000] {dagbag.py:545} INFO - Filling up the DagBag from /opt/airflow/dags/etl_clickhouse.py
[2025-10-30T09:57:59.746+0000] {processor.py:840} INFO - DAG(s) 'move_data_to_clickhouse' retrieved from /opt/airflow/dags/etl_clickhouse.py
[2025-10-30T09:57:59.796+0000] {logging_mixin.py:188} INFO - [2025-10-30T09:57:59.796+0000] {dag.py:3096} INFO - Sync 1 DAGs
[2025-10-30T09:58:00.021+0000] {logging_mixin.py:188} INFO - [2025-10-30T09:58:00.021+0000] {dag.py:3954} INFO - Setting next_dagrun for move_data_to_clickhouse to None, run_after=None
[2025-10-30T09:58:00.055+0000] {processor.py:183} INFO - Processing /opt/airflow/dags/etl_clickhouse.py took 0.968 seconds
[2025-10-30T09:58:30.816+0000] {processor.py:161} INFO - Started process (PID=13742) to work on /opt/airflow/dags/etl_clickhouse.py
[2025-10-30T09:58:30.818+0000] {processor.py:830} INFO - Processing file /opt/airflow/dags/etl_clickhouse.py for tasks to queue
[2025-10-30T09:58:30.822+0000] {logging_mixin.py:188} INFO - [2025-10-30T09:58:30.822+0000] {dagbag.py:545} INFO - Filling up the DagBag from /opt/airflow/dags/etl_clickhouse.py
[2025-10-30T09:58:31.536+0000] {processor.py:840} INFO - DAG(s) 'move_data_to_clickhouse' retrieved from /opt/airflow/dags/etl_clickhouse.py
[2025-10-30T09:58:31.819+0000] {logging_mixin.py:188} INFO - [2025-10-30T09:58:31.819+0000] {dag.py:3096} INFO - Sync 1 DAGs
[2025-10-30T09:58:31.844+0000] {logging_mixin.py:188} INFO - [2025-10-30T09:58:31.844+0000] {dag.py:3954} INFO - Setting next_dagrun for move_data_to_clickhouse to None, run_after=None
[2025-10-30T09:58:31.895+0000] {processor.py:183} INFO - Processing /opt/airflow/dags/etl_clickhouse.py took 1.096 seconds
[2025-10-30T09:59:02.593+0000] {processor.py:161} INFO - Started process (PID=13754) to work on /opt/airflow/dags/etl_clickhouse.py
[2025-10-30T09:59:02.596+0000] {processor.py:830} INFO - Processing file /opt/airflow/dags/etl_clickhouse.py for tasks to queue
[2025-10-30T09:59:02.601+0000] {logging_mixin.py:188} INFO - [2025-10-30T09:59:02.600+0000] {dagbag.py:545} INFO - Filling up the DagBag from /opt/airflow/dags/etl_clickhouse.py
[2025-10-30T09:59:03.768+0000] {processor.py:840} INFO - DAG(s) 'move_data_to_clickhouse' retrieved from /opt/airflow/dags/etl_clickhouse.py
[2025-10-30T09:59:03.816+0000] {logging_mixin.py:188} INFO - [2025-10-30T09:59:03.815+0000] {dag.py:3096} INFO - Sync 1 DAGs
[2025-10-30T09:59:03.835+0000] {logging_mixin.py:188} INFO - [2025-10-30T09:59:03.834+0000] {dag.py:3954} INFO - Setting next_dagrun for move_data_to_clickhouse to None, run_after=None
[2025-10-30T09:59:03.879+0000] {processor.py:183} INFO - Processing /opt/airflow/dags/etl_clickhouse.py took 1.301 seconds
[2025-10-30T09:59:34.036+0000] {processor.py:161} INFO - Started process (PID=13766) to work on /opt/airflow/dags/etl_clickhouse.py
[2025-10-30T09:59:34.039+0000] {processor.py:830} INFO - Processing file /opt/airflow/dags/etl_clickhouse.py for tasks to queue
[2025-10-30T09:59:34.044+0000] {logging_mixin.py:188} INFO - [2025-10-30T09:59:34.043+0000] {dagbag.py:545} INFO - Filling up the DagBag from /opt/airflow/dags/etl_clickhouse.py
[2025-10-30T09:59:34.849+0000] {processor.py:840} INFO - DAG(s) 'move_data_to_clickhouse' retrieved from /opt/airflow/dags/etl_clickhouse.py
[2025-10-30T09:59:34.901+0000] {logging_mixin.py:188} INFO - [2025-10-30T09:59:34.900+0000] {dag.py:3096} INFO - Sync 1 DAGs
[2025-10-30T09:59:34.920+0000] {logging_mixin.py:188} INFO - [2025-10-30T09:59:34.920+0000] {dag.py:3954} INFO - Setting next_dagrun for move_data_to_clickhouse to None, run_after=None
[2025-10-30T09:59:35.181+0000] {processor.py:183} INFO - Processing /opt/airflow/dags/etl_clickhouse.py took 1.158 seconds
[2025-10-30T10:00:05.539+0000] {processor.py:161} INFO - Started process (PID=13778) to work on /opt/airflow/dags/etl_clickhouse.py
[2025-10-30T10:00:05.542+0000] {processor.py:830} INFO - Processing file /opt/airflow/dags/etl_clickhouse.py for tasks to queue
[2025-10-30T10:00:05.547+0000] {logging_mixin.py:188} INFO - [2025-10-30T10:00:05.546+0000] {dagbag.py:545} INFO - Filling up the DagBag from /opt/airflow/dags/etl_clickhouse.py
[2025-10-30T10:00:06.478+0000] {processor.py:840} INFO - DAG(s) 'move_data_to_clickhouse' retrieved from /opt/airflow/dags/etl_clickhouse.py
[2025-10-30T10:00:06.541+0000] {logging_mixin.py:188} INFO - [2025-10-30T10:00:06.540+0000] {dag.py:3096} INFO - Sync 1 DAGs
[2025-10-30T10:00:06.949+0000] {logging_mixin.py:188} INFO - [2025-10-30T10:00:06.948+0000] {dag.py:3954} INFO - Setting next_dagrun for move_data_to_clickhouse to None, run_after=None
[2025-10-30T10:00:06.991+0000] {processor.py:183} INFO - Processing /opt/airflow/dags/etl_clickhouse.py took 1.467 seconds
[2025-10-30T10:00:37.236+0000] {processor.py:161} INFO - Started process (PID=13790) to work on /opt/airflow/dags/etl_clickhouse.py
[2025-10-30T10:00:37.239+0000] {processor.py:830} INFO - Processing file /opt/airflow/dags/etl_clickhouse.py for tasks to queue
[2025-10-30T10:00:37.244+0000] {logging_mixin.py:188} INFO - [2025-10-30T10:00:37.244+0000] {dagbag.py:545} INFO - Filling up the DagBag from /opt/airflow/dags/etl_clickhouse.py
[2025-10-30T10:00:38.070+0000] {processor.py:840} INFO - DAG(s) 'move_data_to_clickhouse' retrieved from /opt/airflow/dags/etl_clickhouse.py
[2025-10-30T10:00:38.346+0000] {logging_mixin.py:188} INFO - [2025-10-30T10:00:38.345+0000] {dag.py:3096} INFO - Sync 1 DAGs
[2025-10-30T10:00:38.368+0000] {logging_mixin.py:188} INFO - [2025-10-30T10:00:38.368+0000] {dag.py:3954} INFO - Setting next_dagrun for move_data_to_clickhouse to None, run_after=None
[2025-10-30T10:00:38.425+0000] {processor.py:183} INFO - Processing /opt/airflow/dags/etl_clickhouse.py took 1.203 seconds
[2025-10-30T10:01:08.904+0000] {processor.py:161} INFO - Started process (PID=13802) to work on /opt/airflow/dags/etl_clickhouse.py
[2025-10-30T10:01:08.907+0000] {processor.py:830} INFO - Processing file /opt/airflow/dags/etl_clickhouse.py for tasks to queue
[2025-10-30T10:01:08.911+0000] {logging_mixin.py:188} INFO - [2025-10-30T10:01:08.910+0000] {dagbag.py:545} INFO - Filling up the DagBag from /opt/airflow/dags/etl_clickhouse.py
[2025-10-30T10:01:10.030+0000] {processor.py:840} INFO - DAG(s) 'move_data_to_clickhouse' retrieved from /opt/airflow/dags/etl_clickhouse.py
[2025-10-30T10:01:10.084+0000] {logging_mixin.py:188} INFO - [2025-10-30T10:01:10.083+0000] {dag.py:3096} INFO - Sync 1 DAGs
[2025-10-30T10:01:10.106+0000] {logging_mixin.py:188} INFO - [2025-10-30T10:01:10.105+0000] {dag.py:3954} INFO - Setting next_dagrun for move_data_to_clickhouse to None, run_after=None
[2025-10-30T10:01:10.174+0000] {processor.py:183} INFO - Processing /opt/airflow/dags/etl_clickhouse.py took 1.284 seconds
[2025-10-30T10:01:40.373+0000] {processor.py:161} INFO - Started process (PID=13814) to work on /opt/airflow/dags/etl_clickhouse.py
[2025-10-30T10:01:40.375+0000] {processor.py:830} INFO - Processing file /opt/airflow/dags/etl_clickhouse.py for tasks to queue
[2025-10-30T10:01:40.380+0000] {logging_mixin.py:188} INFO - [2025-10-30T10:01:40.379+0000] {dagbag.py:545} INFO - Filling up the DagBag from /opt/airflow/dags/etl_clickhouse.py
[2025-10-30T10:01:41.254+0000] {processor.py:840} INFO - DAG(s) 'move_data_to_clickhouse' retrieved from /opt/airflow/dags/etl_clickhouse.py
[2025-10-30T10:01:41.314+0000] {logging_mixin.py:188} INFO - [2025-10-30T10:01:41.313+0000] {dag.py:3096} INFO - Sync 1 DAGs
[2025-10-30T10:01:41.342+0000] {logging_mixin.py:188} INFO - [2025-10-30T10:01:41.342+0000] {dag.py:3954} INFO - Setting next_dagrun for move_data_to_clickhouse to None, run_after=None
[2025-10-30T10:01:41.620+0000] {processor.py:183} INFO - Processing /opt/airflow/dags/etl_clickhouse.py took 1.263 seconds
[2025-10-30T10:02:11.925+0000] {processor.py:161} INFO - Started process (PID=13826) to work on /opt/airflow/dags/etl_clickhouse.py
[2025-10-30T10:02:11.927+0000] {processor.py:830} INFO - Processing file /opt/airflow/dags/etl_clickhouse.py for tasks to queue
[2025-10-30T10:02:11.931+0000] {logging_mixin.py:188} INFO - [2025-10-30T10:02:11.931+0000] {dagbag.py:545} INFO - Filling up the DagBag from /opt/airflow/dags/etl_clickhouse.py
[2025-10-30T10:02:12.774+0000] {processor.py:840} INFO - DAG(s) 'move_data_to_clickhouse' retrieved from /opt/airflow/dags/etl_clickhouse.py
[2025-10-30T10:02:12.855+0000] {logging_mixin.py:188} INFO - [2025-10-30T10:02:12.855+0000] {dag.py:3096} INFO - Sync 1 DAGs
[2025-10-30T10:02:13.169+0000] {logging_mixin.py:188} INFO - [2025-10-30T10:02:13.169+0000] {dag.py:3954} INFO - Setting next_dagrun for move_data_to_clickhouse to None, run_after=None
[2025-10-30T10:02:13.222+0000] {processor.py:183} INFO - Processing /opt/airflow/dags/etl_clickhouse.py took 1.309 seconds
[2025-10-30T10:02:43.489+0000] {processor.py:161} INFO - Started process (PID=13838) to work on /opt/airflow/dags/etl_clickhouse.py
[2025-10-30T10:02:43.491+0000] {processor.py:830} INFO - Processing file /opt/airflow/dags/etl_clickhouse.py for tasks to queue
[2025-10-30T10:02:43.496+0000] {logging_mixin.py:188} INFO - [2025-10-30T10:02:43.495+0000] {dagbag.py:545} INFO - Filling up the DagBag from /opt/airflow/dags/etl_clickhouse.py
[2025-10-30T10:02:44.219+0000] {processor.py:840} INFO - DAG(s) 'move_data_to_clickhouse' retrieved from /opt/airflow/dags/etl_clickhouse.py
[2025-10-30T10:02:44.484+0000] {logging_mixin.py:188} INFO - [2025-10-30T10:02:44.483+0000] {dag.py:3096} INFO - Sync 1 DAGs
[2025-10-30T10:02:44.504+0000] {logging_mixin.py:188} INFO - [2025-10-30T10:02:44.503+0000] {dag.py:3954} INFO - Setting next_dagrun for move_data_to_clickhouse to None, run_after=None
[2025-10-30T10:02:44.563+0000] {processor.py:183} INFO - Processing /opt/airflow/dags/etl_clickhouse.py took 1.089 seconds
[2025-10-30T10:03:15.252+0000] {processor.py:161} INFO - Started process (PID=13850) to work on /opt/airflow/dags/etl_clickhouse.py
[2025-10-30T10:03:15.255+0000] {processor.py:830} INFO - Processing file /opt/airflow/dags/etl_clickhouse.py for tasks to queue
[2025-10-30T10:03:15.258+0000] {logging_mixin.py:188} INFO - [2025-10-30T10:03:15.258+0000] {dagbag.py:545} INFO - Filling up the DagBag from /opt/airflow/dags/etl_clickhouse.py
[2025-10-30T10:03:16.225+0000] {processor.py:840} INFO - DAG(s) 'move_data_to_clickhouse' retrieved from /opt/airflow/dags/etl_clickhouse.py
[2025-10-30T10:03:16.284+0000] {logging_mixin.py:188} INFO - [2025-10-30T10:03:16.283+0000] {dag.py:3096} INFO - Sync 1 DAGs
[2025-10-30T10:03:16.306+0000] {logging_mixin.py:188} INFO - [2025-10-30T10:03:16.306+0000] {dag.py:3954} INFO - Setting next_dagrun for move_data_to_clickhouse to None, run_after=None
[2025-10-30T10:03:16.366+0000] {processor.py:183} INFO - Processing /opt/airflow/dags/etl_clickhouse.py took 1.126 seconds
[2025-10-30T10:03:46.983+0000] {processor.py:161} INFO - Started process (PID=13862) to work on /opt/airflow/dags/etl_clickhouse.py
[2025-10-30T10:03:46.985+0000] {processor.py:830} INFO - Processing file /opt/airflow/dags/etl_clickhouse.py for tasks to queue
[2025-10-30T10:03:46.990+0000] {logging_mixin.py:188} INFO - [2025-10-30T10:03:46.989+0000] {dagbag.py:545} INFO - Filling up the DagBag from /opt/airflow/dags/etl_clickhouse.py
[2025-10-30T10:03:47.934+0000] {processor.py:840} INFO - DAG(s) 'move_data_to_clickhouse' retrieved from /opt/airflow/dags/etl_clickhouse.py
[2025-10-30T10:03:47.989+0000] {logging_mixin.py:188} INFO - [2025-10-30T10:03:47.988+0000] {dag.py:3096} INFO - Sync 1 DAGs
[2025-10-30T10:03:48.010+0000] {logging_mixin.py:188} INFO - [2025-10-30T10:03:48.010+0000] {dag.py:3954} INFO - Setting next_dagrun for move_data_to_clickhouse to None, run_after=None
[2025-10-30T10:03:48.065+0000] {processor.py:183} INFO - Processing /opt/airflow/dags/etl_clickhouse.py took 1.098 seconds
[2025-10-30T10:04:18.782+0000] {processor.py:161} INFO - Started process (PID=13874) to work on /opt/airflow/dags/etl_clickhouse.py
[2025-10-30T10:04:18.784+0000] {processor.py:830} INFO - Processing file /opt/airflow/dags/etl_clickhouse.py for tasks to queue
[2025-10-30T10:04:18.788+0000] {logging_mixin.py:188} INFO - [2025-10-30T10:04:18.787+0000] {dagbag.py:545} INFO - Filling up the DagBag from /opt/airflow/dags/etl_clickhouse.py
[2025-10-30T10:04:19.675+0000] {processor.py:840} INFO - DAG(s) 'move_data_to_clickhouse' retrieved from /opt/airflow/dags/etl_clickhouse.py
[2025-10-30T10:04:19.732+0000] {logging_mixin.py:188} INFO - [2025-10-30T10:04:19.731+0000] {dag.py:3096} INFO - Sync 1 DAGs
[2025-10-30T10:04:19.752+0000] {logging_mixin.py:188} INFO - [2025-10-30T10:04:19.752+0000] {dag.py:3954} INFO - Setting next_dagrun for move_data_to_clickhouse to None, run_after=None
[2025-10-30T10:04:19.807+0000] {processor.py:183} INFO - Processing /opt/airflow/dags/etl_clickhouse.py took 1.038 seconds
[2025-10-30T10:04:50.460+0000] {processor.py:161} INFO - Started process (PID=13886) to work on /opt/airflow/dags/etl_clickhouse.py
[2025-10-30T10:04:50.463+0000] {processor.py:830} INFO - Processing file /opt/airflow/dags/etl_clickhouse.py for tasks to queue
[2025-10-30T10:04:50.466+0000] {logging_mixin.py:188} INFO - [2025-10-30T10:04:50.466+0000] {dagbag.py:545} INFO - Filling up the DagBag from /opt/airflow/dags/etl_clickhouse.py
[2025-10-30T10:04:51.278+0000] {processor.py:840} INFO - DAG(s) 'move_data_to_clickhouse' retrieved from /opt/airflow/dags/etl_clickhouse.py
[2025-10-30T10:04:51.545+0000] {logging_mixin.py:188} INFO - [2025-10-30T10:04:51.544+0000] {dag.py:3096} INFO - Sync 1 DAGs
[2025-10-30T10:04:51.571+0000] {logging_mixin.py:188} INFO - [2025-10-30T10:04:51.571+0000] {dag.py:3954} INFO - Setting next_dagrun for move_data_to_clickhouse to None, run_after=None
[2025-10-30T10:04:51.631+0000] {processor.py:183} INFO - Processing /opt/airflow/dags/etl_clickhouse.py took 1.182 seconds
[2025-10-30T10:05:22.094+0000] {processor.py:161} INFO - Started process (PID=13898) to work on /opt/airflow/dags/etl_clickhouse.py
[2025-10-30T10:05:22.096+0000] {processor.py:830} INFO - Processing file /opt/airflow/dags/etl_clickhouse.py for tasks to queue
[2025-10-30T10:05:22.100+0000] {logging_mixin.py:188} INFO - [2025-10-30T10:05:22.099+0000] {dagbag.py:545} INFO - Filling up the DagBag from /opt/airflow/dags/etl_clickhouse.py
[2025-10-30T10:05:23.024+0000] {processor.py:840} INFO - DAG(s) 'move_data_to_clickhouse' retrieved from /opt/airflow/dags/etl_clickhouse.py
[2025-10-30T10:05:23.087+0000] {logging_mixin.py:188} INFO - [2025-10-30T10:05:23.086+0000] {dag.py:3096} INFO - Sync 1 DAGs
[2025-10-30T10:05:23.109+0000] {logging_mixin.py:188} INFO - [2025-10-30T10:05:23.109+0000] {dag.py:3954} INFO - Setting next_dagrun for move_data_to_clickhouse to None, run_after=None
[2025-10-30T10:05:23.147+0000] {processor.py:183} INFO - Processing /opt/airflow/dags/etl_clickhouse.py took 1.066 seconds
[2025-10-30T10:05:53.782+0000] {processor.py:161} INFO - Started process (PID=13910) to work on /opt/airflow/dags/etl_clickhouse.py
[2025-10-30T10:05:53.785+0000] {processor.py:830} INFO - Processing file /opt/airflow/dags/etl_clickhouse.py for tasks to queue
[2025-10-30T10:05:53.789+0000] {logging_mixin.py:188} INFO - [2025-10-30T10:05:53.788+0000] {dagbag.py:545} INFO - Filling up the DagBag from /opt/airflow/dags/etl_clickhouse.py
[2025-10-30T10:05:54.686+0000] {processor.py:840} INFO - DAG(s) 'move_data_to_clickhouse' retrieved from /opt/airflow/dags/etl_clickhouse.py
[2025-10-30T10:05:54.739+0000] {logging_mixin.py:188} INFO - [2025-10-30T10:05:54.739+0000] {dag.py:3096} INFO - Sync 1 DAGs
[2025-10-30T10:05:54.757+0000] {logging_mixin.py:188} INFO - [2025-10-30T10:05:54.756+0000] {dag.py:3954} INFO - Setting next_dagrun for move_data_to_clickhouse to None, run_after=None
[2025-10-30T10:05:54.802+0000] {processor.py:183} INFO - Processing /opt/airflow/dags/etl_clickhouse.py took 1.034 seconds
[2025-10-30T10:06:25.375+0000] {processor.py:161} INFO - Started process (PID=13922) to work on /opt/airflow/dags/etl_clickhouse.py
[2025-10-30T10:06:25.378+0000] {processor.py:830} INFO - Processing file /opt/airflow/dags/etl_clickhouse.py for tasks to queue
[2025-10-30T10:06:25.383+0000] {logging_mixin.py:188} INFO - [2025-10-30T10:06:25.382+0000] {dagbag.py:545} INFO - Filling up the DagBag from /opt/airflow/dags/etl_clickhouse.py
[2025-10-30T10:06:26.954+0000] {processor.py:840} INFO - DAG(s) 'move_data_to_clickhouse' retrieved from /opt/airflow/dags/etl_clickhouse.py
[2025-10-30T10:06:27.005+0000] {logging_mixin.py:188} INFO - [2025-10-30T10:06:27.004+0000] {dag.py:3096} INFO - Sync 1 DAGs
[2025-10-30T10:06:27.025+0000] {logging_mixin.py:188} INFO - [2025-10-30T10:06:27.025+0000] {dag.py:3954} INFO - Setting next_dagrun for move_data_to_clickhouse to None, run_after=None
[2025-10-30T10:06:27.072+0000] {processor.py:183} INFO - Processing /opt/airflow/dags/etl_clickhouse.py took 1.714 seconds
[2025-10-30T10:06:57.741+0000] {processor.py:161} INFO - Started process (PID=13934) to work on /opt/airflow/dags/etl_clickhouse.py
[2025-10-30T10:06:57.744+0000] {processor.py:830} INFO - Processing file /opt/airflow/dags/etl_clickhouse.py for tasks to queue
[2025-10-30T10:06:57.748+0000] {logging_mixin.py:188} INFO - [2025-10-30T10:06:57.747+0000] {dagbag.py:545} INFO - Filling up the DagBag from /opt/airflow/dags/etl_clickhouse.py
[2025-10-30T10:06:58.653+0000] {processor.py:840} INFO - DAG(s) 'move_data_to_clickhouse' retrieved from /opt/airflow/dags/etl_clickhouse.py
[2025-10-30T10:06:58.705+0000] {logging_mixin.py:188} INFO - [2025-10-30T10:06:58.704+0000] {dag.py:3096} INFO - Sync 1 DAGs
[2025-10-30T10:06:58.723+0000] {logging_mixin.py:188} INFO - [2025-10-30T10:06:58.722+0000] {dag.py:3954} INFO - Setting next_dagrun for move_data_to_clickhouse to None, run_after=None
[2025-10-30T10:06:58.767+0000] {processor.py:183} INFO - Processing /opt/airflow/dags/etl_clickhouse.py took 1.044 seconds
[2025-10-30T10:07:29.521+0000] {processor.py:161} INFO - Started process (PID=13946) to work on /opt/airflow/dags/etl_clickhouse.py
[2025-10-30T10:07:29.525+0000] {processor.py:830} INFO - Processing file /opt/airflow/dags/etl_clickhouse.py for tasks to queue
[2025-10-30T10:07:29.529+0000] {logging_mixin.py:188} INFO - [2025-10-30T10:07:29.528+0000] {dagbag.py:545} INFO - Filling up the DagBag from /opt/airflow/dags/etl_clickhouse.py
[2025-10-30T10:07:30.471+0000] {processor.py:840} INFO - DAG(s) 'move_data_to_clickhouse' retrieved from /opt/airflow/dags/etl_clickhouse.py
[2025-10-30T10:07:30.521+0000] {logging_mixin.py:188} INFO - [2025-10-30T10:07:30.520+0000] {dag.py:3096} INFO - Sync 1 DAGs
[2025-10-30T10:07:30.538+0000] {logging_mixin.py:188} INFO - [2025-10-30T10:07:30.537+0000] {dag.py:3954} INFO - Setting next_dagrun for move_data_to_clickhouse to None, run_after=None
[2025-10-30T10:07:30.572+0000] {processor.py:183} INFO - Processing /opt/airflow/dags/etl_clickhouse.py took 1.070 seconds
[2025-10-30T10:08:01.175+0000] {processor.py:161} INFO - Started process (PID=13958) to work on /opt/airflow/dags/etl_clickhouse.py
[2025-10-30T10:08:01.177+0000] {processor.py:830} INFO - Processing file /opt/airflow/dags/etl_clickhouse.py for tasks to queue
[2025-10-30T10:08:01.181+0000] {logging_mixin.py:188} INFO - [2025-10-30T10:08:01.180+0000] {dagbag.py:545} INFO - Filling up the DagBag from /opt/airflow/dags/etl_clickhouse.py
[2025-10-30T10:08:02.125+0000] {processor.py:840} INFO - DAG(s) 'move_data_to_clickhouse' retrieved from /opt/airflow/dags/etl_clickhouse.py
[2025-10-30T10:08:02.190+0000] {logging_mixin.py:188} INFO - [2025-10-30T10:08:02.189+0000] {dag.py:3096} INFO - Sync 1 DAGs
[2025-10-30T10:08:02.207+0000] {logging_mixin.py:188} INFO - [2025-10-30T10:08:02.206+0000] {dag.py:3954} INFO - Setting next_dagrun for move_data_to_clickhouse to None, run_after=None
[2025-10-30T10:08:02.262+0000] {processor.py:183} INFO - Processing /opt/airflow/dags/etl_clickhouse.py took 1.099 seconds
[2025-10-30T10:08:32.958+0000] {processor.py:161} INFO - Started process (PID=13970) to work on /opt/airflow/dags/etl_clickhouse.py
[2025-10-30T10:08:32.960+0000] {processor.py:830} INFO - Processing file /opt/airflow/dags/etl_clickhouse.py for tasks to queue
[2025-10-30T10:08:32.963+0000] {logging_mixin.py:188} INFO - [2025-10-30T10:08:32.963+0000] {dagbag.py:545} INFO - Filling up the DagBag from /opt/airflow/dags/etl_clickhouse.py
[2025-10-30T10:08:33.925+0000] {processor.py:840} INFO - DAG(s) 'move_data_to_clickhouse' retrieved from /opt/airflow/dags/etl_clickhouse.py
[2025-10-30T10:08:33.986+0000] {logging_mixin.py:188} INFO - [2025-10-30T10:08:33.986+0000] {dag.py:3096} INFO - Sync 1 DAGs
[2025-10-30T10:08:34.019+0000] {logging_mixin.py:188} INFO - [2025-10-30T10:08:34.019+0000] {dag.py:3954} INFO - Setting next_dagrun for move_data_to_clickhouse to None, run_after=None
[2025-10-30T10:08:34.063+0000] {processor.py:183} INFO - Processing /opt/airflow/dags/etl_clickhouse.py took 1.121 seconds
[2025-10-30T10:09:04.500+0000] {processor.py:161} INFO - Started process (PID=13982) to work on /opt/airflow/dags/etl_clickhouse.py
[2025-10-30T10:09:04.503+0000] {processor.py:830} INFO - Processing file /opt/airflow/dags/etl_clickhouse.py for tasks to queue
[2025-10-30T10:09:04.509+0000] {logging_mixin.py:188} INFO - [2025-10-30T10:09:04.508+0000] {dagbag.py:545} INFO - Filling up the DagBag from /opt/airflow/dags/etl_clickhouse.py
[2025-10-30T10:09:05.403+0000] {processor.py:840} INFO - DAG(s) 'move_data_to_clickhouse' retrieved from /opt/airflow/dags/etl_clickhouse.py
[2025-10-30T10:09:05.470+0000] {logging_mixin.py:188} INFO - [2025-10-30T10:09:05.469+0000] {dag.py:3096} INFO - Sync 1 DAGs
[2025-10-30T10:09:05.487+0000] {logging_mixin.py:188} INFO - [2025-10-30T10:09:05.487+0000] {dag.py:3954} INFO - Setting next_dagrun for move_data_to_clickhouse to None, run_after=None
[2025-10-30T10:09:05.540+0000] {processor.py:183} INFO - Processing /opt/airflow/dags/etl_clickhouse.py took 1.055 seconds
[2025-10-30T10:09:36.263+0000] {processor.py:161} INFO - Started process (PID=13994) to work on /opt/airflow/dags/etl_clickhouse.py
[2025-10-30T10:09:36.265+0000] {processor.py:830} INFO - Processing file /opt/airflow/dags/etl_clickhouse.py for tasks to queue
[2025-10-30T10:09:36.269+0000] {logging_mixin.py:188} INFO - [2025-10-30T10:09:36.268+0000] {dagbag.py:545} INFO - Filling up the DagBag from /opt/airflow/dags/etl_clickhouse.py
[2025-10-30T10:09:37.294+0000] {processor.py:840} INFO - DAG(s) 'move_data_to_clickhouse' retrieved from /opt/airflow/dags/etl_clickhouse.py
[2025-10-30T10:09:37.348+0000] {logging_mixin.py:188} INFO - [2025-10-30T10:09:37.347+0000] {dag.py:3096} INFO - Sync 1 DAGs
[2025-10-30T10:09:37.367+0000] {logging_mixin.py:188} INFO - [2025-10-30T10:09:37.367+0000] {dag.py:3954} INFO - Setting next_dagrun for move_data_to_clickhouse to None, run_after=None
[2025-10-30T10:09:37.411+0000] {processor.py:183} INFO - Processing /opt/airflow/dags/etl_clickhouse.py took 1.161 seconds
[2025-10-30T10:10:08.006+0000] {processor.py:161} INFO - Started process (PID=14006) to work on /opt/airflow/dags/etl_clickhouse.py
[2025-10-30T10:10:08.008+0000] {processor.py:830} INFO - Processing file /opt/airflow/dags/etl_clickhouse.py for tasks to queue
[2025-10-30T10:10:08.012+0000] {logging_mixin.py:188} INFO - [2025-10-30T10:10:08.012+0000] {dagbag.py:545} INFO - Filling up the DagBag from /opt/airflow/dags/etl_clickhouse.py
[2025-10-30T10:10:09.018+0000] {processor.py:840} INFO - DAG(s) 'move_data_to_clickhouse' retrieved from /opt/airflow/dags/etl_clickhouse.py
[2025-10-30T10:10:09.095+0000] {logging_mixin.py:188} INFO - [2025-10-30T10:10:09.095+0000] {dag.py:3096} INFO - Sync 1 DAGs
[2025-10-30T10:10:09.113+0000] {logging_mixin.py:188} INFO - [2025-10-30T10:10:09.113+0000] {dag.py:3954} INFO - Setting next_dagrun for move_data_to_clickhouse to None, run_after=None
[2025-10-30T10:10:09.155+0000] {processor.py:183} INFO - Processing /opt/airflow/dags/etl_clickhouse.py took 1.162 seconds
[2025-10-30T10:10:39.751+0000] {processor.py:161} INFO - Started process (PID=14018) to work on /opt/airflow/dags/etl_clickhouse.py
[2025-10-30T10:10:39.754+0000] {processor.py:830} INFO - Processing file /opt/airflow/dags/etl_clickhouse.py for tasks to queue
[2025-10-30T10:10:39.760+0000] {logging_mixin.py:188} INFO - [2025-10-30T10:10:39.759+0000] {dagbag.py:545} INFO - Filling up the DagBag from /opt/airflow/dags/etl_clickhouse.py
[2025-10-30T10:10:40.746+0000] {processor.py:840} INFO - DAG(s) 'move_data_to_clickhouse' retrieved from /opt/airflow/dags/etl_clickhouse.py
[2025-10-30T10:10:40.838+0000] {logging_mixin.py:188} INFO - [2025-10-30T10:10:40.837+0000] {dag.py:3096} INFO - Sync 1 DAGs
[2025-10-30T10:10:40.866+0000] {logging_mixin.py:188} INFO - [2025-10-30T10:10:40.865+0000] {dag.py:3954} INFO - Setting next_dagrun for move_data_to_clickhouse to None, run_after=None
[2025-10-30T10:10:40.911+0000] {processor.py:183} INFO - Processing /opt/airflow/dags/etl_clickhouse.py took 1.175 seconds
[2025-10-30T10:11:11.281+0000] {processor.py:161} INFO - Started process (PID=14030) to work on /opt/airflow/dags/etl_clickhouse.py
[2025-10-30T10:11:11.283+0000] {processor.py:830} INFO - Processing file /opt/airflow/dags/etl_clickhouse.py for tasks to queue
[2025-10-30T10:11:11.287+0000] {logging_mixin.py:188} INFO - [2025-10-30T10:11:11.286+0000] {dagbag.py:545} INFO - Filling up the DagBag from /opt/airflow/dags/etl_clickhouse.py
[2025-10-30T10:11:12.199+0000] {processor.py:840} INFO - DAG(s) 'move_data_to_clickhouse' retrieved from /opt/airflow/dags/etl_clickhouse.py
[2025-10-30T10:11:12.260+0000] {logging_mixin.py:188} INFO - [2025-10-30T10:11:12.259+0000] {dag.py:3096} INFO - Sync 1 DAGs
[2025-10-30T10:11:12.279+0000] {logging_mixin.py:188} INFO - [2025-10-30T10:11:12.279+0000] {dag.py:3954} INFO - Setting next_dagrun for move_data_to_clickhouse to None, run_after=None
[2025-10-30T10:11:12.314+0000] {processor.py:183} INFO - Processing /opt/airflow/dags/etl_clickhouse.py took 1.052 seconds
[2025-10-30T10:11:42.920+0000] {processor.py:161} INFO - Started process (PID=14042) to work on /opt/airflow/dags/etl_clickhouse.py
[2025-10-30T10:11:42.922+0000] {processor.py:830} INFO - Processing file /opt/airflow/dags/etl_clickhouse.py for tasks to queue
[2025-10-30T10:11:42.926+0000] {logging_mixin.py:188} INFO - [2025-10-30T10:11:42.925+0000] {dagbag.py:545} INFO - Filling up the DagBag from /opt/airflow/dags/etl_clickhouse.py
[2025-10-30T10:11:43.977+0000] {processor.py:840} INFO - DAG(s) 'move_data_to_clickhouse' retrieved from /opt/airflow/dags/etl_clickhouse.py
[2025-10-30T10:11:44.040+0000] {logging_mixin.py:188} INFO - [2025-10-30T10:11:44.040+0000] {dag.py:3096} INFO - Sync 1 DAGs
[2025-10-30T10:11:44.059+0000] {logging_mixin.py:188} INFO - [2025-10-30T10:11:44.059+0000] {dag.py:3954} INFO - Setting next_dagrun for move_data_to_clickhouse to None, run_after=None
[2025-10-30T10:11:44.102+0000] {processor.py:183} INFO - Processing /opt/airflow/dags/etl_clickhouse.py took 1.195 seconds
[2025-10-30T10:12:14.556+0000] {processor.py:161} INFO - Started process (PID=14054) to work on /opt/airflow/dags/etl_clickhouse.py
[2025-10-30T10:12:14.558+0000] {processor.py:830} INFO - Processing file /opt/airflow/dags/etl_clickhouse.py for tasks to queue
[2025-10-30T10:12:14.563+0000] {logging_mixin.py:188} INFO - [2025-10-30T10:12:14.562+0000] {dagbag.py:545} INFO - Filling up the DagBag from /opt/airflow/dags/etl_clickhouse.py
[2025-10-30T10:12:15.472+0000] {processor.py:840} INFO - DAG(s) 'move_data_to_clickhouse' retrieved from /opt/airflow/dags/etl_clickhouse.py
[2025-10-30T10:12:15.540+0000] {logging_mixin.py:188} INFO - [2025-10-30T10:12:15.539+0000] {dag.py:3096} INFO - Sync 1 DAGs
[2025-10-30T10:12:15.557+0000] {logging_mixin.py:188} INFO - [2025-10-30T10:12:15.557+0000] {dag.py:3954} INFO - Setting next_dagrun for move_data_to_clickhouse to None, run_after=None
[2025-10-30T10:12:15.600+0000] {processor.py:183} INFO - Processing /opt/airflow/dags/etl_clickhouse.py took 1.056 seconds
[2025-10-30T10:12:46.166+0000] {processor.py:161} INFO - Started process (PID=14066) to work on /opt/airflow/dags/etl_clickhouse.py
[2025-10-30T10:12:46.167+0000] {processor.py:830} INFO - Processing file /opt/airflow/dags/etl_clickhouse.py for tasks to queue
[2025-10-30T10:12:46.171+0000] {logging_mixin.py:188} INFO - [2025-10-30T10:12:46.171+0000] {dagbag.py:545} INFO - Filling up the DagBag from /opt/airflow/dags/etl_clickhouse.py
[2025-10-30T10:12:47.126+0000] {processor.py:840} INFO - DAG(s) 'move_data_to_clickhouse' retrieved from /opt/airflow/dags/etl_clickhouse.py
[2025-10-30T10:12:47.178+0000] {logging_mixin.py:188} INFO - [2025-10-30T10:12:47.177+0000] {dag.py:3096} INFO - Sync 1 DAGs
[2025-10-30T10:12:47.208+0000] {logging_mixin.py:188} INFO - [2025-10-30T10:12:47.208+0000] {dag.py:3954} INFO - Setting next_dagrun for move_data_to_clickhouse to None, run_after=None
[2025-10-30T10:12:47.244+0000] {processor.py:183} INFO - Processing /opt/airflow/dags/etl_clickhouse.py took 1.091 seconds
[2025-10-30T10:13:17.913+0000] {processor.py:161} INFO - Started process (PID=14078) to work on /opt/airflow/dags/etl_clickhouse.py
[2025-10-30T10:13:17.916+0000] {processor.py:830} INFO - Processing file /opt/airflow/dags/etl_clickhouse.py for tasks to queue
[2025-10-30T10:13:17.922+0000] {logging_mixin.py:188} INFO - [2025-10-30T10:13:17.921+0000] {dagbag.py:545} INFO - Filling up the DagBag from /opt/airflow/dags/etl_clickhouse.py
[2025-10-30T10:13:18.788+0000] {processor.py:840} INFO - DAG(s) 'move_data_to_clickhouse' retrieved from /opt/airflow/dags/etl_clickhouse.py
[2025-10-30T10:13:18.858+0000] {logging_mixin.py:188} INFO - [2025-10-30T10:13:18.857+0000] {dag.py:3096} INFO - Sync 1 DAGs
[2025-10-30T10:13:18.879+0000] {logging_mixin.py:188} INFO - [2025-10-30T10:13:18.878+0000] {dag.py:3954} INFO - Setting next_dagrun for move_data_to_clickhouse to None, run_after=None
[2025-10-30T10:13:18.913+0000] {processor.py:183} INFO - Processing /opt/airflow/dags/etl_clickhouse.py took 1.013 seconds
[2025-10-30T10:13:49.583+0000] {processor.py:161} INFO - Started process (PID=14090) to work on /opt/airflow/dags/etl_clickhouse.py
[2025-10-30T10:13:49.585+0000] {processor.py:830} INFO - Processing file /opt/airflow/dags/etl_clickhouse.py for tasks to queue
[2025-10-30T10:13:49.590+0000] {logging_mixin.py:188} INFO - [2025-10-30T10:13:49.589+0000] {dagbag.py:545} INFO - Filling up the DagBag from /opt/airflow/dags/etl_clickhouse.py
[2025-10-30T10:13:50.552+0000] {processor.py:840} INFO - DAG(s) 'move_data_to_clickhouse' retrieved from /opt/airflow/dags/etl_clickhouse.py
[2025-10-30T10:13:50.606+0000] {logging_mixin.py:188} INFO - [2025-10-30T10:13:50.605+0000] {dag.py:3096} INFO - Sync 1 DAGs
[2025-10-30T10:13:50.624+0000] {logging_mixin.py:188} INFO - [2025-10-30T10:13:50.623+0000] {dag.py:3954} INFO - Setting next_dagrun for move_data_to_clickhouse to None, run_after=None
[2025-10-30T10:13:50.656+0000] {processor.py:183} INFO - Processing /opt/airflow/dags/etl_clickhouse.py took 1.085 seconds
[2025-10-30T10:14:21.287+0000] {processor.py:161} INFO - Started process (PID=14102) to work on /opt/airflow/dags/etl_clickhouse.py
[2025-10-30T10:14:21.290+0000] {processor.py:830} INFO - Processing file /opt/airflow/dags/etl_clickhouse.py for tasks to queue
[2025-10-30T10:14:21.293+0000] {logging_mixin.py:188} INFO - [2025-10-30T10:14:21.293+0000] {dagbag.py:545} INFO - Filling up the DagBag from /opt/airflow/dags/etl_clickhouse.py
[2025-10-30T10:14:22.176+0000] {processor.py:840} INFO - DAG(s) 'move_data_to_clickhouse' retrieved from /opt/airflow/dags/etl_clickhouse.py
[2025-10-30T10:14:22.246+0000] {logging_mixin.py:188} INFO - [2025-10-30T10:14:22.245+0000] {dag.py:3096} INFO - Sync 1 DAGs
[2025-10-30T10:14:22.269+0000] {logging_mixin.py:188} INFO - [2025-10-30T10:14:22.269+0000] {dag.py:3954} INFO - Setting next_dagrun for move_data_to_clickhouse to None, run_after=None
[2025-10-30T10:14:22.333+0000] {processor.py:183} INFO - Processing /opt/airflow/dags/etl_clickhouse.py took 1.063 seconds
[2025-10-30T10:14:52.963+0000] {processor.py:161} INFO - Started process (PID=14114) to work on /opt/airflow/dags/etl_clickhouse.py
[2025-10-30T10:14:52.966+0000] {processor.py:830} INFO - Processing file /opt/airflow/dags/etl_clickhouse.py for tasks to queue
[2025-10-30T10:14:52.970+0000] {logging_mixin.py:188} INFO - [2025-10-30T10:14:52.969+0000] {dagbag.py:545} INFO - Filling up the DagBag from /opt/airflow/dags/etl_clickhouse.py
[2025-10-30T10:14:54.048+0000] {processor.py:840} INFO - DAG(s) 'move_data_to_clickhouse' retrieved from /opt/airflow/dags/etl_clickhouse.py
[2025-10-30T10:14:54.107+0000] {logging_mixin.py:188} INFO - [2025-10-30T10:14:54.106+0000] {dag.py:3096} INFO - Sync 1 DAGs
[2025-10-30T10:14:54.128+0000] {logging_mixin.py:188} INFO - [2025-10-30T10:14:54.127+0000] {dag.py:3954} INFO - Setting next_dagrun for move_data_to_clickhouse to None, run_after=None
[2025-10-30T10:14:54.161+0000] {processor.py:183} INFO - Processing /opt/airflow/dags/etl_clickhouse.py took 1.211 seconds
[2025-10-30T10:15:24.551+0000] {processor.py:161} INFO - Started process (PID=14126) to work on /opt/airflow/dags/etl_clickhouse.py
[2025-10-30T10:15:24.554+0000] {processor.py:830} INFO - Processing file /opt/airflow/dags/etl_clickhouse.py for tasks to queue
[2025-10-30T10:15:24.563+0000] {logging_mixin.py:188} INFO - [2025-10-30T10:15:24.562+0000] {dagbag.py:545} INFO - Filling up the DagBag from /opt/airflow/dags/etl_clickhouse.py
[2025-10-30T10:15:25.469+0000] {processor.py:840} INFO - DAG(s) 'move_data_to_clickhouse' retrieved from /opt/airflow/dags/etl_clickhouse.py
[2025-10-30T10:15:25.536+0000] {logging_mixin.py:188} INFO - [2025-10-30T10:15:25.536+0000] {dag.py:3096} INFO - Sync 1 DAGs
[2025-10-30T10:15:25.558+0000] {logging_mixin.py:188} INFO - [2025-10-30T10:15:25.558+0000] {dag.py:3954} INFO - Setting next_dagrun for move_data_to_clickhouse to None, run_after=None
[2025-10-30T10:15:25.600+0000] {processor.py:183} INFO - Processing /opt/airflow/dags/etl_clickhouse.py took 1.069 seconds
[2025-10-30T10:15:56.263+0000] {processor.py:161} INFO - Started process (PID=14138) to work on /opt/airflow/dags/etl_clickhouse.py
[2025-10-30T10:15:56.266+0000] {processor.py:830} INFO - Processing file /opt/airflow/dags/etl_clickhouse.py for tasks to queue
[2025-10-30T10:15:56.270+0000] {logging_mixin.py:188} INFO - [2025-10-30T10:15:56.269+0000] {dagbag.py:545} INFO - Filling up the DagBag from /opt/airflow/dags/etl_clickhouse.py
[2025-10-30T10:15:57.324+0000] {processor.py:840} INFO - DAG(s) 'move_data_to_clickhouse' retrieved from /opt/airflow/dags/etl_clickhouse.py
[2025-10-30T10:15:57.374+0000] {logging_mixin.py:188} INFO - [2025-10-30T10:15:57.373+0000] {dag.py:3096} INFO - Sync 1 DAGs
[2025-10-30T10:15:57.393+0000] {logging_mixin.py:188} INFO - [2025-10-30T10:15:57.392+0000] {dag.py:3954} INFO - Setting next_dagrun for move_data_to_clickhouse to None, run_after=None
[2025-10-30T10:15:57.442+0000] {processor.py:183} INFO - Processing /opt/airflow/dags/etl_clickhouse.py took 1.191 seconds
[2025-10-30T10:16:27.857+0000] {processor.py:161} INFO - Started process (PID=14150) to work on /opt/airflow/dags/etl_clickhouse.py
[2025-10-30T10:16:27.860+0000] {processor.py:830} INFO - Processing file /opt/airflow/dags/etl_clickhouse.py for tasks to queue
[2025-10-30T10:16:27.866+0000] {logging_mixin.py:188} INFO - [2025-10-30T10:16:27.865+0000] {dagbag.py:545} INFO - Filling up the DagBag from /opt/airflow/dags/etl_clickhouse.py
[2025-10-30T10:16:28.794+0000] {processor.py:840} INFO - DAG(s) 'move_data_to_clickhouse' retrieved from /opt/airflow/dags/etl_clickhouse.py
[2025-10-30T10:16:28.840+0000] {logging_mixin.py:188} INFO - [2025-10-30T10:16:28.839+0000] {dag.py:3096} INFO - Sync 1 DAGs
[2025-10-30T10:16:28.859+0000] {logging_mixin.py:188} INFO - [2025-10-30T10:16:28.858+0000] {dag.py:3954} INFO - Setting next_dagrun for move_data_to_clickhouse to None, run_after=None
[2025-10-30T10:16:28.916+0000] {processor.py:183} INFO - Processing /opt/airflow/dags/etl_clickhouse.py took 1.081 seconds
[2025-10-30T10:16:59.625+0000] {processor.py:161} INFO - Started process (PID=14162) to work on /opt/airflow/dags/etl_clickhouse.py
[2025-10-30T10:16:59.627+0000] {processor.py:830} INFO - Processing file /opt/airflow/dags/etl_clickhouse.py for tasks to queue
[2025-10-30T10:16:59.631+0000] {logging_mixin.py:188} INFO - [2025-10-30T10:16:59.630+0000] {dagbag.py:545} INFO - Filling up the DagBag from /opt/airflow/dags/etl_clickhouse.py
[2025-10-30T10:17:00.550+0000] {processor.py:840} INFO - DAG(s) 'move_data_to_clickhouse' retrieved from /opt/airflow/dags/etl_clickhouse.py
[2025-10-30T10:17:00.601+0000] {logging_mixin.py:188} INFO - [2025-10-30T10:17:00.600+0000] {dag.py:3096} INFO - Sync 1 DAGs
[2025-10-30T10:17:00.623+0000] {logging_mixin.py:188} INFO - [2025-10-30T10:17:00.623+0000] {dag.py:3954} INFO - Setting next_dagrun for move_data_to_clickhouse to None, run_after=None
[2025-10-30T10:17:00.679+0000] {processor.py:183} INFO - Processing /opt/airflow/dags/etl_clickhouse.py took 1.068 seconds
[2025-10-30T10:17:31.319+0000] {processor.py:161} INFO - Started process (PID=14174) to work on /opt/airflow/dags/etl_clickhouse.py
[2025-10-30T10:17:31.322+0000] {processor.py:830} INFO - Processing file /opt/airflow/dags/etl_clickhouse.py for tasks to queue
[2025-10-30T10:17:31.326+0000] {logging_mixin.py:188} INFO - [2025-10-30T10:17:31.326+0000] {dagbag.py:545} INFO - Filling up the DagBag from /opt/airflow/dags/etl_clickhouse.py
[2025-10-30T10:17:32.264+0000] {processor.py:840} INFO - DAG(s) 'move_data_to_clickhouse' retrieved from /opt/airflow/dags/etl_clickhouse.py
[2025-10-30T10:17:32.312+0000] {logging_mixin.py:188} INFO - [2025-10-30T10:17:32.311+0000] {dag.py:3096} INFO - Sync 1 DAGs
[2025-10-30T10:17:32.327+0000] {logging_mixin.py:188} INFO - [2025-10-30T10:17:32.327+0000] {dag.py:3954} INFO - Setting next_dagrun for move_data_to_clickhouse to None, run_after=None
[2025-10-30T10:17:32.384+0000] {processor.py:183} INFO - Processing /opt/airflow/dags/etl_clickhouse.py took 1.081 seconds
[2025-10-30T10:18:03.013+0000] {processor.py:161} INFO - Started process (PID=14186) to work on /opt/airflow/dags/etl_clickhouse.py
[2025-10-30T10:18:03.015+0000] {processor.py:830} INFO - Processing file /opt/airflow/dags/etl_clickhouse.py for tasks to queue
[2025-10-30T10:18:03.019+0000] {logging_mixin.py:188} INFO - [2025-10-30T10:18:03.018+0000] {dagbag.py:545} INFO - Filling up the DagBag from /opt/airflow/dags/etl_clickhouse.py
[2025-10-30T10:18:04.043+0000] {processor.py:840} INFO - DAG(s) 'move_data_to_clickhouse' retrieved from /opt/airflow/dags/etl_clickhouse.py
[2025-10-30T10:18:04.092+0000] {logging_mixin.py:188} INFO - [2025-10-30T10:18:04.091+0000] {dag.py:3096} INFO - Sync 1 DAGs
[2025-10-30T10:18:04.109+0000] {logging_mixin.py:188} INFO - [2025-10-30T10:18:04.109+0000] {dag.py:3954} INFO - Setting next_dagrun for move_data_to_clickhouse to None, run_after=None
[2025-10-30T10:18:04.155+0000] {processor.py:183} INFO - Processing /opt/airflow/dags/etl_clickhouse.py took 1.156 seconds
[2025-10-30T10:18:34.920+0000] {processor.py:161} INFO - Started process (PID=14198) to work on /opt/airflow/dags/etl_clickhouse.py
[2025-10-30T10:18:34.923+0000] {processor.py:830} INFO - Processing file /opt/airflow/dags/etl_clickhouse.py for tasks to queue
[2025-10-30T10:18:34.926+0000] {logging_mixin.py:188} INFO - [2025-10-30T10:18:34.926+0000] {dagbag.py:545} INFO - Filling up the DagBag from /opt/airflow/dags/etl_clickhouse.py
[2025-10-30T10:18:35.910+0000] {processor.py:840} INFO - DAG(s) 'move_data_to_clickhouse' retrieved from /opt/airflow/dags/etl_clickhouse.py
[2025-10-30T10:18:35.957+0000] {logging_mixin.py:188} INFO - [2025-10-30T10:18:35.956+0000] {dag.py:3096} INFO - Sync 1 DAGs
[2025-10-30T10:18:35.973+0000] {logging_mixin.py:188} INFO - [2025-10-30T10:18:35.973+0000] {dag.py:3954} INFO - Setting next_dagrun for move_data_to_clickhouse to None, run_after=None
[2025-10-30T10:18:36.032+0000] {processor.py:183} INFO - Processing /opt/airflow/dags/etl_clickhouse.py took 1.128 seconds
[2025-10-30T10:19:06.627+0000] {processor.py:161} INFO - Started process (PID=14210) to work on /opt/airflow/dags/etl_clickhouse.py
[2025-10-30T10:19:06.630+0000] {processor.py:830} INFO - Processing file /opt/airflow/dags/etl_clickhouse.py for tasks to queue
[2025-10-30T10:19:06.634+0000] {logging_mixin.py:188} INFO - [2025-10-30T10:19:06.633+0000] {dagbag.py:545} INFO - Filling up the DagBag from /opt/airflow/dags/etl_clickhouse.py
[2025-10-30T10:19:07.606+0000] {processor.py:840} INFO - DAG(s) 'move_data_to_clickhouse' retrieved from /opt/airflow/dags/etl_clickhouse.py
[2025-10-30T10:19:07.655+0000] {logging_mixin.py:188} INFO - [2025-10-30T10:19:07.654+0000] {dag.py:3096} INFO - Sync 1 DAGs
[2025-10-30T10:19:07.675+0000] {logging_mixin.py:188} INFO - [2025-10-30T10:19:07.675+0000] {dag.py:3954} INFO - Setting next_dagrun for move_data_to_clickhouse to None, run_after=None
[2025-10-30T10:19:07.719+0000] {processor.py:183} INFO - Processing /opt/airflow/dags/etl_clickhouse.py took 1.106 seconds
[2025-10-30T10:19:38.292+0000] {processor.py:161} INFO - Started process (PID=14222) to work on /opt/airflow/dags/etl_clickhouse.py
[2025-10-30T10:19:38.295+0000] {processor.py:830} INFO - Processing file /opt/airflow/dags/etl_clickhouse.py for tasks to queue
[2025-10-30T10:19:38.298+0000] {logging_mixin.py:188} INFO - [2025-10-30T10:19:38.298+0000] {dagbag.py:545} INFO - Filling up the DagBag from /opt/airflow/dags/etl_clickhouse.py
[2025-10-30T10:19:39.206+0000] {processor.py:840} INFO - DAG(s) 'move_data_to_clickhouse' retrieved from /opt/airflow/dags/etl_clickhouse.py
[2025-10-30T10:19:39.259+0000] {logging_mixin.py:188} INFO - [2025-10-30T10:19:39.258+0000] {dag.py:3096} INFO - Sync 1 DAGs
[2025-10-30T10:19:39.279+0000] {logging_mixin.py:188} INFO - [2025-10-30T10:19:39.278+0000] {dag.py:3954} INFO - Setting next_dagrun for move_data_to_clickhouse to None, run_after=None
[2025-10-30T10:19:39.334+0000] {processor.py:183} INFO - Processing /opt/airflow/dags/etl_clickhouse.py took 1.052 seconds
[2025-10-30T10:20:09.923+0000] {processor.py:161} INFO - Started process (PID=14234) to work on /opt/airflow/dags/etl_clickhouse.py
[2025-10-30T10:20:09.925+0000] {processor.py:830} INFO - Processing file /opt/airflow/dags/etl_clickhouse.py for tasks to queue
[2025-10-30T10:20:09.929+0000] {logging_mixin.py:188} INFO - [2025-10-30T10:20:09.929+0000] {dagbag.py:545} INFO - Filling up the DagBag from /opt/airflow/dags/etl_clickhouse.py
[2025-10-30T10:20:10.888+0000] {processor.py:840} INFO - DAG(s) 'move_data_to_clickhouse' retrieved from /opt/airflow/dags/etl_clickhouse.py
[2025-10-30T10:20:10.941+0000] {logging_mixin.py:188} INFO - [2025-10-30T10:20:10.940+0000] {dag.py:3096} INFO - Sync 1 DAGs
[2025-10-30T10:20:10.959+0000] {logging_mixin.py:188} INFO - [2025-10-30T10:20:10.958+0000] {dag.py:3954} INFO - Setting next_dagrun for move_data_to_clickhouse to None, run_after=None
[2025-10-30T10:20:10.989+0000] {processor.py:183} INFO - Processing /opt/airflow/dags/etl_clickhouse.py took 1.078 seconds
[2025-10-30T10:20:41.649+0000] {processor.py:161} INFO - Started process (PID=14246) to work on /opt/airflow/dags/etl_clickhouse.py
[2025-10-30T10:20:41.651+0000] {processor.py:830} INFO - Processing file /opt/airflow/dags/etl_clickhouse.py for tasks to queue
[2025-10-30T10:20:41.657+0000] {logging_mixin.py:188} INFO - [2025-10-30T10:20:41.656+0000] {dagbag.py:545} INFO - Filling up the DagBag from /opt/airflow/dags/etl_clickhouse.py
[2025-10-30T10:20:42.595+0000] {processor.py:840} INFO - DAG(s) 'move_data_to_clickhouse' retrieved from /opt/airflow/dags/etl_clickhouse.py
[2025-10-30T10:20:42.664+0000] {logging_mixin.py:188} INFO - [2025-10-30T10:20:42.663+0000] {dag.py:3096} INFO - Sync 1 DAGs
[2025-10-30T10:20:42.682+0000] {logging_mixin.py:188} INFO - [2025-10-30T10:20:42.681+0000] {dag.py:3954} INFO - Setting next_dagrun for move_data_to_clickhouse to None, run_after=None
[2025-10-30T10:20:42.718+0000] {processor.py:183} INFO - Processing /opt/airflow/dags/etl_clickhouse.py took 1.087 seconds
[2025-10-30T10:21:13.443+0000] {processor.py:161} INFO - Started process (PID=14258) to work on /opt/airflow/dags/etl_clickhouse.py
[2025-10-30T10:21:13.446+0000] {processor.py:830} INFO - Processing file /opt/airflow/dags/etl_clickhouse.py for tasks to queue
[2025-10-30T10:21:13.453+0000] {logging_mixin.py:188} INFO - [2025-10-30T10:21:13.452+0000] {dagbag.py:545} INFO - Filling up the DagBag from /opt/airflow/dags/etl_clickhouse.py
[2025-10-30T10:21:14.464+0000] {processor.py:840} INFO - DAG(s) 'move_data_to_clickhouse' retrieved from /opt/airflow/dags/etl_clickhouse.py
[2025-10-30T10:21:14.512+0000] {logging_mixin.py:188} INFO - [2025-10-30T10:21:14.511+0000] {dag.py:3096} INFO - Sync 1 DAGs
[2025-10-30T10:21:14.532+0000] {logging_mixin.py:188} INFO - [2025-10-30T10:21:14.532+0000] {dag.py:3954} INFO - Setting next_dagrun for move_data_to_clickhouse to None, run_after=None
[2025-10-30T10:21:14.568+0000] {processor.py:183} INFO - Processing /opt/airflow/dags/etl_clickhouse.py took 1.139 seconds
[2025-10-30T10:21:45.257+0000] {processor.py:161} INFO - Started process (PID=14270) to work on /opt/airflow/dags/etl_clickhouse.py
[2025-10-30T10:21:45.260+0000] {processor.py:830} INFO - Processing file /opt/airflow/dags/etl_clickhouse.py for tasks to queue
[2025-10-30T10:21:45.264+0000] {logging_mixin.py:188} INFO - [2025-10-30T10:21:45.264+0000] {dagbag.py:545} INFO - Filling up the DagBag from /opt/airflow/dags/etl_clickhouse.py
[2025-10-30T10:21:46.168+0000] {processor.py:840} INFO - DAG(s) 'move_data_to_clickhouse' retrieved from /opt/airflow/dags/etl_clickhouse.py
[2025-10-30T10:21:46.216+0000] {logging_mixin.py:188} INFO - [2025-10-30T10:21:46.216+0000] {dag.py:3096} INFO - Sync 1 DAGs
[2025-10-30T10:21:46.236+0000] {logging_mixin.py:188} INFO - [2025-10-30T10:21:46.236+0000] {dag.py:3954} INFO - Setting next_dagrun for move_data_to_clickhouse to None, run_after=None
[2025-10-30T10:21:46.292+0000] {processor.py:183} INFO - Processing /opt/airflow/dags/etl_clickhouse.py took 1.058 seconds
[2025-10-30T10:22:16.802+0000] {processor.py:161} INFO - Started process (PID=14282) to work on /opt/airflow/dags/etl_clickhouse.py
[2025-10-30T10:22:16.804+0000] {processor.py:830} INFO - Processing file /opt/airflow/dags/etl_clickhouse.py for tasks to queue
[2025-10-30T10:22:16.808+0000] {logging_mixin.py:188} INFO - [2025-10-30T10:22:16.808+0000] {dagbag.py:545} INFO - Filling up the DagBag from /opt/airflow/dags/etl_clickhouse.py
[2025-10-30T10:22:17.696+0000] {processor.py:840} INFO - DAG(s) 'move_data_to_clickhouse' retrieved from /opt/airflow/dags/etl_clickhouse.py
[2025-10-30T10:22:17.743+0000] {logging_mixin.py:188} INFO - [2025-10-30T10:22:17.742+0000] {dag.py:3096} INFO - Sync 1 DAGs
[2025-10-30T10:22:17.763+0000] {logging_mixin.py:188} INFO - [2025-10-30T10:22:17.763+0000] {dag.py:3954} INFO - Setting next_dagrun for move_data_to_clickhouse to None, run_after=None
[2025-10-30T10:22:17.815+0000] {processor.py:183} INFO - Processing /opt/airflow/dags/etl_clickhouse.py took 1.027 seconds
[2025-10-30T10:22:48.491+0000] {processor.py:161} INFO - Started process (PID=14294) to work on /opt/airflow/dags/etl_clickhouse.py
[2025-10-30T10:22:48.493+0000] {processor.py:830} INFO - Processing file /opt/airflow/dags/etl_clickhouse.py for tasks to queue
[2025-10-30T10:22:48.499+0000] {logging_mixin.py:188} INFO - [2025-10-30T10:22:48.498+0000] {dagbag.py:545} INFO - Filling up the DagBag from /opt/airflow/dags/etl_clickhouse.py
[2025-10-30T10:22:49.357+0000] {processor.py:840} INFO - DAG(s) 'move_data_to_clickhouse' retrieved from /opt/airflow/dags/etl_clickhouse.py
[2025-10-30T10:22:49.405+0000] {logging_mixin.py:188} INFO - [2025-10-30T10:22:49.405+0000] {dag.py:3096} INFO - Sync 1 DAGs
[2025-10-30T10:22:49.422+0000] {logging_mixin.py:188} INFO - [2025-10-30T10:22:49.422+0000] {dag.py:3954} INFO - Setting next_dagrun for move_data_to_clickhouse to None, run_after=None
[2025-10-30T10:22:49.469+0000] {processor.py:183} INFO - Processing /opt/airflow/dags/etl_clickhouse.py took 1.000 seconds
[2025-10-30T10:23:20.194+0000] {processor.py:161} INFO - Started process (PID=14306) to work on /opt/airflow/dags/etl_clickhouse.py
[2025-10-30T10:23:20.196+0000] {processor.py:830} INFO - Processing file /opt/airflow/dags/etl_clickhouse.py for tasks to queue
[2025-10-30T10:23:20.201+0000] {logging_mixin.py:188} INFO - [2025-10-30T10:23:20.200+0000] {dagbag.py:545} INFO - Filling up the DagBag from /opt/airflow/dags/etl_clickhouse.py
[2025-10-30T10:23:21.165+0000] {processor.py:840} INFO - DAG(s) 'move_data_to_clickhouse' retrieved from /opt/airflow/dags/etl_clickhouse.py
[2025-10-30T10:23:21.218+0000] {logging_mixin.py:188} INFO - [2025-10-30T10:23:21.218+0000] {dag.py:3096} INFO - Sync 1 DAGs
[2025-10-30T10:23:21.236+0000] {logging_mixin.py:188} INFO - [2025-10-30T10:23:21.236+0000] {dag.py:3954} INFO - Setting next_dagrun for move_data_to_clickhouse to None, run_after=None
[2025-10-30T10:23:21.290+0000] {processor.py:183} INFO - Processing /opt/airflow/dags/etl_clickhouse.py took 1.113 seconds
[2025-10-30T10:23:51.915+0000] {processor.py:161} INFO - Started process (PID=14318) to work on /opt/airflow/dags/etl_clickhouse.py
[2025-10-30T10:23:51.918+0000] {processor.py:830} INFO - Processing file /opt/airflow/dags/etl_clickhouse.py for tasks to queue
[2025-10-30T10:23:51.924+0000] {logging_mixin.py:188} INFO - [2025-10-30T10:23:51.923+0000] {dagbag.py:545} INFO - Filling up the DagBag from /opt/airflow/dags/etl_clickhouse.py
[2025-10-30T10:23:52.803+0000] {processor.py:840} INFO - DAG(s) 'move_data_to_clickhouse' retrieved from /opt/airflow/dags/etl_clickhouse.py
[2025-10-30T10:23:52.865+0000] {logging_mixin.py:188} INFO - [2025-10-30T10:23:52.864+0000] {dag.py:3096} INFO - Sync 1 DAGs
[2025-10-30T10:23:52.896+0000] {logging_mixin.py:188} INFO - [2025-10-30T10:23:52.895+0000] {dag.py:3954} INFO - Setting next_dagrun for move_data_to_clickhouse to None, run_after=None
[2025-10-30T10:23:52.946+0000] {processor.py:183} INFO - Processing /opt/airflow/dags/etl_clickhouse.py took 1.058 seconds
[2025-10-30T10:24:23.545+0000] {processor.py:161} INFO - Started process (PID=14330) to work on /opt/airflow/dags/etl_clickhouse.py
[2025-10-30T10:24:23.547+0000] {processor.py:830} INFO - Processing file /opt/airflow/dags/etl_clickhouse.py for tasks to queue
[2025-10-30T10:24:23.551+0000] {logging_mixin.py:188} INFO - [2025-10-30T10:24:23.550+0000] {dagbag.py:545} INFO - Filling up the DagBag from /opt/airflow/dags/etl_clickhouse.py
[2025-10-30T10:24:24.484+0000] {processor.py:840} INFO - DAG(s) 'move_data_to_clickhouse' retrieved from /opt/airflow/dags/etl_clickhouse.py
[2025-10-30T10:24:24.553+0000] {logging_mixin.py:188} INFO - [2025-10-30T10:24:24.552+0000] {dag.py:3096} INFO - Sync 1 DAGs
[2025-10-30T10:24:24.581+0000] {logging_mixin.py:188} INFO - [2025-10-30T10:24:24.580+0000] {dag.py:3954} INFO - Setting next_dagrun for move_data_to_clickhouse to None, run_after=None
[2025-10-30T10:24:24.641+0000] {processor.py:183} INFO - Processing /opt/airflow/dags/etl_clickhouse.py took 1.110 seconds
[2025-10-30T10:24:55.297+0000] {processor.py:161} INFO - Started process (PID=14342) to work on /opt/airflow/dags/etl_clickhouse.py
[2025-10-30T10:24:55.299+0000] {processor.py:830} INFO - Processing file /opt/airflow/dags/etl_clickhouse.py for tasks to queue
[2025-10-30T10:24:55.304+0000] {logging_mixin.py:188} INFO - [2025-10-30T10:24:55.303+0000] {dagbag.py:545} INFO - Filling up the DagBag from /opt/airflow/dags/etl_clickhouse.py
[2025-10-30T10:24:56.238+0000] {processor.py:840} INFO - DAG(s) 'move_data_to_clickhouse' retrieved from /opt/airflow/dags/etl_clickhouse.py
[2025-10-30T10:24:56.287+0000] {logging_mixin.py:188} INFO - [2025-10-30T10:24:56.287+0000] {dag.py:3096} INFO - Sync 1 DAGs
[2025-10-30T10:24:56.308+0000] {logging_mixin.py:188} INFO - [2025-10-30T10:24:56.308+0000] {dag.py:3954} INFO - Setting next_dagrun for move_data_to_clickhouse to None, run_after=None
[2025-10-30T10:24:56.356+0000] {processor.py:183} INFO - Processing /opt/airflow/dags/etl_clickhouse.py took 1.074 seconds
[2025-10-30T10:25:26.897+0000] {processor.py:161} INFO - Started process (PID=14354) to work on /opt/airflow/dags/etl_clickhouse.py
[2025-10-30T10:25:26.900+0000] {processor.py:830} INFO - Processing file /opt/airflow/dags/etl_clickhouse.py for tasks to queue
[2025-10-30T10:25:26.904+0000] {logging_mixin.py:188} INFO - [2025-10-30T10:25:26.903+0000] {dagbag.py:545} INFO - Filling up the DagBag from /opt/airflow/dags/etl_clickhouse.py
[2025-10-30T10:25:27.791+0000] {processor.py:840} INFO - DAG(s) 'move_data_to_clickhouse' retrieved from /opt/airflow/dags/etl_clickhouse.py
[2025-10-30T10:25:27.852+0000] {logging_mixin.py:188} INFO - [2025-10-30T10:25:27.852+0000] {dag.py:3096} INFO - Sync 1 DAGs
[2025-10-30T10:25:27.875+0000] {logging_mixin.py:188} INFO - [2025-10-30T10:25:27.874+0000] {dag.py:3954} INFO - Setting next_dagrun for move_data_to_clickhouse to None, run_after=None
[2025-10-30T10:25:27.908+0000] {processor.py:183} INFO - Processing /opt/airflow/dags/etl_clickhouse.py took 1.028 seconds
[2025-10-30T10:25:58.490+0000] {processor.py:161} INFO - Started process (PID=14366) to work on /opt/airflow/dags/etl_clickhouse.py
[2025-10-30T10:25:58.492+0000] {processor.py:830} INFO - Processing file /opt/airflow/dags/etl_clickhouse.py for tasks to queue
[2025-10-30T10:25:58.496+0000] {logging_mixin.py:188} INFO - [2025-10-30T10:25:58.496+0000] {dagbag.py:545} INFO - Filling up the DagBag from /opt/airflow/dags/etl_clickhouse.py
[2025-10-30T10:25:59.453+0000] {processor.py:840} INFO - DAG(s) 'move_data_to_clickhouse' retrieved from /opt/airflow/dags/etl_clickhouse.py
[2025-10-30T10:25:59.517+0000] {logging_mixin.py:188} INFO - [2025-10-30T10:25:59.516+0000] {dag.py:3096} INFO - Sync 1 DAGs
[2025-10-30T10:25:59.542+0000] {logging_mixin.py:188} INFO - [2025-10-30T10:25:59.542+0000] {dag.py:3954} INFO - Setting next_dagrun for move_data_to_clickhouse to None, run_after=None
[2025-10-30T10:25:59.583+0000] {processor.py:183} INFO - Processing /opt/airflow/dags/etl_clickhouse.py took 1.109 seconds
[2025-10-30T10:26:30.020+0000] {processor.py:161} INFO - Started process (PID=14378) to work on /opt/airflow/dags/etl_clickhouse.py
[2025-10-30T10:26:30.022+0000] {processor.py:830} INFO - Processing file /opt/airflow/dags/etl_clickhouse.py for tasks to queue
[2025-10-30T10:26:30.026+0000] {logging_mixin.py:188} INFO - [2025-10-30T10:26:30.025+0000] {dagbag.py:545} INFO - Filling up the DagBag from /opt/airflow/dags/etl_clickhouse.py
[2025-10-30T10:26:30.986+0000] {processor.py:840} INFO - DAG(s) 'move_data_to_clickhouse' retrieved from /opt/airflow/dags/etl_clickhouse.py
[2025-10-30T10:26:31.044+0000] {logging_mixin.py:188} INFO - [2025-10-30T10:26:31.044+0000] {dag.py:3096} INFO - Sync 1 DAGs
[2025-10-30T10:26:31.072+0000] {logging_mixin.py:188} INFO - [2025-10-30T10:26:31.071+0000] {dag.py:3954} INFO - Setting next_dagrun for move_data_to_clickhouse to None, run_after=None
[2025-10-30T10:26:31.115+0000] {processor.py:183} INFO - Processing /opt/airflow/dags/etl_clickhouse.py took 1.108 seconds
[2025-10-30T10:27:01.745+0000] {processor.py:161} INFO - Started process (PID=14390) to work on /opt/airflow/dags/etl_clickhouse.py
[2025-10-30T10:27:01.748+0000] {processor.py:830} INFO - Processing file /opt/airflow/dags/etl_clickhouse.py for tasks to queue
[2025-10-30T10:27:01.755+0000] {logging_mixin.py:188} INFO - [2025-10-30T10:27:01.753+0000] {dagbag.py:545} INFO - Filling up the DagBag from /opt/airflow/dags/etl_clickhouse.py
[2025-10-30T10:27:02.675+0000] {processor.py:840} INFO - DAG(s) 'move_data_to_clickhouse' retrieved from /opt/airflow/dags/etl_clickhouse.py
[2025-10-30T10:27:02.723+0000] {logging_mixin.py:188} INFO - [2025-10-30T10:27:02.723+0000] {dag.py:3096} INFO - Sync 1 DAGs
[2025-10-30T10:27:02.743+0000] {logging_mixin.py:188} INFO - [2025-10-30T10:27:02.743+0000] {dag.py:3954} INFO - Setting next_dagrun for move_data_to_clickhouse to None, run_after=None
[2025-10-30T10:27:02.787+0000] {processor.py:183} INFO - Processing /opt/airflow/dags/etl_clickhouse.py took 1.058 seconds
[2025-10-30T10:27:33.440+0000] {processor.py:161} INFO - Started process (PID=14402) to work on /opt/airflow/dags/etl_clickhouse.py
[2025-10-30T10:27:33.442+0000] {processor.py:830} INFO - Processing file /opt/airflow/dags/etl_clickhouse.py for tasks to queue
[2025-10-30T10:27:33.447+0000] {logging_mixin.py:188} INFO - [2025-10-30T10:27:33.446+0000] {dagbag.py:545} INFO - Filling up the DagBag from /opt/airflow/dags/etl_clickhouse.py
[2025-10-30T10:27:34.335+0000] {processor.py:840} INFO - DAG(s) 'move_data_to_clickhouse' retrieved from /opt/airflow/dags/etl_clickhouse.py
[2025-10-30T10:27:34.403+0000] {logging_mixin.py:188} INFO - [2025-10-30T10:27:34.403+0000] {dag.py:3096} INFO - Sync 1 DAGs
[2025-10-30T10:27:34.422+0000] {logging_mixin.py:188} INFO - [2025-10-30T10:27:34.422+0000] {dag.py:3954} INFO - Setting next_dagrun for move_data_to_clickhouse to None, run_after=None
[2025-10-30T10:27:34.472+0000] {processor.py:183} INFO - Processing /opt/airflow/dags/etl_clickhouse.py took 1.050 seconds
[2025-10-30T10:28:05.023+0000] {processor.py:161} INFO - Started process (PID=14414) to work on /opt/airflow/dags/etl_clickhouse.py
[2025-10-30T10:28:05.025+0000] {processor.py:830} INFO - Processing file /opt/airflow/dags/etl_clickhouse.py for tasks to queue
[2025-10-30T10:28:05.030+0000] {logging_mixin.py:188} INFO - [2025-10-30T10:28:05.029+0000] {dagbag.py:545} INFO - Filling up the DagBag from /opt/airflow/dags/etl_clickhouse.py
[2025-10-30T10:28:05.888+0000] {processor.py:840} INFO - DAG(s) 'move_data_to_clickhouse' retrieved from /opt/airflow/dags/etl_clickhouse.py
[2025-10-30T10:28:05.937+0000] {logging_mixin.py:188} INFO - [2025-10-30T10:28:05.937+0000] {dag.py:3096} INFO - Sync 1 DAGs
[2025-10-30T10:28:05.956+0000] {logging_mixin.py:188} INFO - [2025-10-30T10:28:05.956+0000] {dag.py:3954} INFO - Setting next_dagrun for move_data_to_clickhouse to None, run_after=None
[2025-10-30T10:28:06.001+0000] {processor.py:183} INFO - Processing /opt/airflow/dags/etl_clickhouse.py took 0.991 seconds
[2025-10-30T10:28:36.690+0000] {processor.py:161} INFO - Started process (PID=14426) to work on /opt/airflow/dags/etl_clickhouse.py
[2025-10-30T10:28:36.691+0000] {processor.py:830} INFO - Processing file /opt/airflow/dags/etl_clickhouse.py for tasks to queue
[2025-10-30T10:28:36.696+0000] {logging_mixin.py:188} INFO - [2025-10-30T10:28:36.695+0000] {dagbag.py:545} INFO - Filling up the DagBag from /opt/airflow/dags/etl_clickhouse.py
[2025-10-30T10:28:37.727+0000] {processor.py:840} INFO - DAG(s) 'move_data_to_clickhouse' retrieved from /opt/airflow/dags/etl_clickhouse.py
[2025-10-30T10:28:37.777+0000] {logging_mixin.py:188} INFO - [2025-10-30T10:28:37.777+0000] {dag.py:3096} INFO - Sync 1 DAGs
[2025-10-30T10:28:37.796+0000] {logging_mixin.py:188} INFO - [2025-10-30T10:28:37.796+0000] {dag.py:3954} INFO - Setting next_dagrun for move_data_to_clickhouse to None, run_after=None
[2025-10-30T10:28:37.834+0000] {processor.py:183} INFO - Processing /opt/airflow/dags/etl_clickhouse.py took 1.163 seconds
[2025-10-30T10:29:08.458+0000] {processor.py:161} INFO - Started process (PID=14438) to work on /opt/airflow/dags/etl_clickhouse.py
[2025-10-30T10:29:08.461+0000] {processor.py:830} INFO - Processing file /opt/airflow/dags/etl_clickhouse.py for tasks to queue
[2025-10-30T10:29:08.465+0000] {logging_mixin.py:188} INFO - [2025-10-30T10:29:08.464+0000] {dagbag.py:545} INFO - Filling up the DagBag from /opt/airflow/dags/etl_clickhouse.py
[2025-10-30T10:29:09.381+0000] {processor.py:840} INFO - DAG(s) 'move_data_to_clickhouse' retrieved from /opt/airflow/dags/etl_clickhouse.py
[2025-10-30T10:29:09.436+0000] {logging_mixin.py:188} INFO - [2025-10-30T10:29:09.435+0000] {dag.py:3096} INFO - Sync 1 DAGs
[2025-10-30T10:29:09.457+0000] {logging_mixin.py:188} INFO - [2025-10-30T10:29:09.457+0000] {dag.py:3954} INFO - Setting next_dagrun for move_data_to_clickhouse to None, run_after=None
[2025-10-30T10:29:09.501+0000] {processor.py:183} INFO - Processing /opt/airflow/dags/etl_clickhouse.py took 1.055 seconds
[2025-10-30T10:29:40.132+0000] {processor.py:161} INFO - Started process (PID=14450) to work on /opt/airflow/dags/etl_clickhouse.py
[2025-10-30T10:29:40.134+0000] {processor.py:830} INFO - Processing file /opt/airflow/dags/etl_clickhouse.py for tasks to queue
[2025-10-30T10:29:40.139+0000] {logging_mixin.py:188} INFO - [2025-10-30T10:29:40.138+0000] {dagbag.py:545} INFO - Filling up the DagBag from /opt/airflow/dags/etl_clickhouse.py
[2025-10-30T10:29:41.063+0000] {processor.py:840} INFO - DAG(s) 'move_data_to_clickhouse' retrieved from /opt/airflow/dags/etl_clickhouse.py
[2025-10-30T10:29:41.128+0000] {logging_mixin.py:188} INFO - [2025-10-30T10:29:41.127+0000] {dag.py:3096} INFO - Sync 1 DAGs
[2025-10-30T10:29:41.150+0000] {logging_mixin.py:188} INFO - [2025-10-30T10:29:41.149+0000] {dag.py:3954} INFO - Setting next_dagrun for move_data_to_clickhouse to None, run_after=None
[2025-10-30T10:29:41.196+0000] {processor.py:183} INFO - Processing /opt/airflow/dags/etl_clickhouse.py took 1.079 seconds
[2025-10-30T10:30:11.809+0000] {processor.py:161} INFO - Started process (PID=14462) to work on /opt/airflow/dags/etl_clickhouse.py
[2025-10-30T10:30:11.812+0000] {processor.py:830} INFO - Processing file /opt/airflow/dags/etl_clickhouse.py for tasks to queue
[2025-10-30T10:30:11.816+0000] {logging_mixin.py:188} INFO - [2025-10-30T10:30:11.815+0000] {dagbag.py:545} INFO - Filling up the DagBag from /opt/airflow/dags/etl_clickhouse.py
[2025-10-30T10:30:12.815+0000] {processor.py:840} INFO - DAG(s) 'move_data_to_clickhouse' retrieved from /opt/airflow/dags/etl_clickhouse.py
[2025-10-30T10:30:12.866+0000] {logging_mixin.py:188} INFO - [2025-10-30T10:30:12.866+0000] {dag.py:3096} INFO - Sync 1 DAGs
[2025-10-30T10:30:12.886+0000] {logging_mixin.py:188} INFO - [2025-10-30T10:30:12.885+0000] {dag.py:3954} INFO - Setting next_dagrun for move_data_to_clickhouse to None, run_after=None
[2025-10-30T10:30:12.938+0000] {processor.py:183} INFO - Processing /opt/airflow/dags/etl_clickhouse.py took 1.142 seconds
[2025-10-30T10:30:43.481+0000] {processor.py:161} INFO - Started process (PID=14474) to work on /opt/airflow/dags/etl_clickhouse.py
[2025-10-30T10:30:43.483+0000] {processor.py:830} INFO - Processing file /opt/airflow/dags/etl_clickhouse.py for tasks to queue
[2025-10-30T10:30:43.490+0000] {logging_mixin.py:188} INFO - [2025-10-30T10:30:43.489+0000] {dagbag.py:545} INFO - Filling up the DagBag from /opt/airflow/dags/etl_clickhouse.py
[2025-10-30T10:30:44.341+0000] {processor.py:840} INFO - DAG(s) 'move_data_to_clickhouse' retrieved from /opt/airflow/dags/etl_clickhouse.py
[2025-10-30T10:30:44.387+0000] {logging_mixin.py:188} INFO - [2025-10-30T10:30:44.386+0000] {dag.py:3096} INFO - Sync 1 DAGs
[2025-10-30T10:30:44.402+0000] {logging_mixin.py:188} INFO - [2025-10-30T10:30:44.402+0000] {dag.py:3954} INFO - Setting next_dagrun for move_data_to_clickhouse to None, run_after=None
[2025-10-30T10:30:44.453+0000] {processor.py:183} INFO - Processing /opt/airflow/dags/etl_clickhouse.py took 0.989 seconds
[2025-10-30T10:31:15.085+0000] {processor.py:161} INFO - Started process (PID=14486) to work on /opt/airflow/dags/etl_clickhouse.py
[2025-10-30T10:31:15.088+0000] {processor.py:830} INFO - Processing file /opt/airflow/dags/etl_clickhouse.py for tasks to queue
[2025-10-30T10:31:15.092+0000] {logging_mixin.py:188} INFO - [2025-10-30T10:31:15.092+0000] {dagbag.py:545} INFO - Filling up the DagBag from /opt/airflow/dags/etl_clickhouse.py
[2025-10-30T10:31:16.116+0000] {processor.py:840} INFO - DAG(s) 'move_data_to_clickhouse' retrieved from /opt/airflow/dags/etl_clickhouse.py
[2025-10-30T10:31:16.174+0000] {logging_mixin.py:188} INFO - [2025-10-30T10:31:16.174+0000] {dag.py:3096} INFO - Sync 1 DAGs
[2025-10-30T10:31:16.196+0000] {logging_mixin.py:188} INFO - [2025-10-30T10:31:16.195+0000] {dag.py:3954} INFO - Setting next_dagrun for move_data_to_clickhouse to None, run_after=None
[2025-10-30T10:31:16.230+0000] {processor.py:183} INFO - Processing /opt/airflow/dags/etl_clickhouse.py took 1.164 seconds
[2025-10-30T10:31:46.864+0000] {processor.py:161} INFO - Started process (PID=14498) to work on /opt/airflow/dags/etl_clickhouse.py
[2025-10-30T10:31:46.867+0000] {processor.py:830} INFO - Processing file /opt/airflow/dags/etl_clickhouse.py for tasks to queue
[2025-10-30T10:31:46.873+0000] {logging_mixin.py:188} INFO - [2025-10-30T10:31:46.872+0000] {dagbag.py:545} INFO - Filling up the DagBag from /opt/airflow/dags/etl_clickhouse.py
[2025-10-30T10:31:47.789+0000] {processor.py:840} INFO - DAG(s) 'move_data_to_clickhouse' retrieved from /opt/airflow/dags/etl_clickhouse.py
[2025-10-30T10:31:47.842+0000] {logging_mixin.py:188} INFO - [2025-10-30T10:31:47.841+0000] {dag.py:3096} INFO - Sync 1 DAGs
[2025-10-30T10:31:47.862+0000] {logging_mixin.py:188} INFO - [2025-10-30T10:31:47.862+0000] {dag.py:3954} INFO - Setting next_dagrun for move_data_to_clickhouse to None, run_after=None
[2025-10-30T10:31:47.914+0000] {processor.py:183} INFO - Processing /opt/airflow/dags/etl_clickhouse.py took 1.068 seconds
[2025-10-30T10:32:18.435+0000] {processor.py:161} INFO - Started process (PID=14510) to work on /opt/airflow/dags/etl_clickhouse.py
[2025-10-30T10:32:18.437+0000] {processor.py:830} INFO - Processing file /opt/airflow/dags/etl_clickhouse.py for tasks to queue
[2025-10-30T10:32:18.441+0000] {logging_mixin.py:188} INFO - [2025-10-30T10:32:18.440+0000] {dagbag.py:545} INFO - Filling up the DagBag from /opt/airflow/dags/etl_clickhouse.py
[2025-10-30T10:32:19.626+0000] {processor.py:840} INFO - DAG(s) 'move_data_to_clickhouse' retrieved from /opt/airflow/dags/etl_clickhouse.py
[2025-10-30T10:32:19.692+0000] {logging_mixin.py:188} INFO - [2025-10-30T10:32:19.692+0000] {dag.py:3096} INFO - Sync 1 DAGs
[2025-10-30T10:32:19.715+0000] {logging_mixin.py:188} INFO - [2025-10-30T10:32:19.715+0000] {dag.py:3954} INFO - Setting next_dagrun for move_data_to_clickhouse to None, run_after=None
[2025-10-30T10:32:19.765+0000] {processor.py:183} INFO - Processing /opt/airflow/dags/etl_clickhouse.py took 1.344 seconds
[2025-10-30T10:32:50.048+0000] {processor.py:161} INFO - Started process (PID=14522) to work on /opt/airflow/dags/etl_clickhouse.py
[2025-10-30T10:32:50.050+0000] {processor.py:830} INFO - Processing file /opt/airflow/dags/etl_clickhouse.py for tasks to queue
[2025-10-30T10:32:50.055+0000] {logging_mixin.py:188} INFO - [2025-10-30T10:32:50.054+0000] {dagbag.py:545} INFO - Filling up the DagBag from /opt/airflow/dags/etl_clickhouse.py
[2025-10-30T10:32:51.021+0000] {processor.py:840} INFO - DAG(s) 'move_data_to_clickhouse' retrieved from /opt/airflow/dags/etl_clickhouse.py
[2025-10-30T10:32:51.068+0000] {logging_mixin.py:188} INFO - [2025-10-30T10:32:51.067+0000] {dag.py:3096} INFO - Sync 1 DAGs
[2025-10-30T10:32:51.085+0000] {logging_mixin.py:188} INFO - [2025-10-30T10:32:51.084+0000] {dag.py:3954} INFO - Setting next_dagrun for move_data_to_clickhouse to None, run_after=None
[2025-10-30T10:32:51.129+0000] {processor.py:183} INFO - Processing /opt/airflow/dags/etl_clickhouse.py took 1.093 seconds
[2025-10-30T10:33:22.020+0000] {processor.py:161} INFO - Started process (PID=14534) to work on /opt/airflow/dags/etl_clickhouse.py
[2025-10-30T10:33:22.023+0000] {processor.py:830} INFO - Processing file /opt/airflow/dags/etl_clickhouse.py for tasks to queue
[2025-10-30T10:33:22.027+0000] {logging_mixin.py:188} INFO - [2025-10-30T10:33:22.026+0000] {dagbag.py:545} INFO - Filling up the DagBag from /opt/airflow/dags/etl_clickhouse.py
[2025-10-30T10:33:23.334+0000] {processor.py:840} INFO - DAG(s) 'move_data_to_clickhouse' retrieved from /opt/airflow/dags/etl_clickhouse.py
[2025-10-30T10:33:23.393+0000] {logging_mixin.py:188} INFO - [2025-10-30T10:33:23.392+0000] {dag.py:3096} INFO - Sync 1 DAGs
[2025-10-30T10:33:23.415+0000] {logging_mixin.py:188} INFO - [2025-10-30T10:33:23.414+0000] {dag.py:3954} INFO - Setting next_dagrun for move_data_to_clickhouse to None, run_after=None
[2025-10-30T10:33:23.452+0000] {processor.py:183} INFO - Processing /opt/airflow/dags/etl_clickhouse.py took 1.446 seconds
[2025-10-30T10:33:54.111+0000] {processor.py:161} INFO - Started process (PID=14546) to work on /opt/airflow/dags/etl_clickhouse.py
[2025-10-30T10:33:54.114+0000] {processor.py:830} INFO - Processing file /opt/airflow/dags/etl_clickhouse.py for tasks to queue
[2025-10-30T10:33:54.119+0000] {logging_mixin.py:188} INFO - [2025-10-30T10:33:54.118+0000] {dagbag.py:545} INFO - Filling up the DagBag from /opt/airflow/dags/etl_clickhouse.py
[2025-10-30T10:33:55.057+0000] {processor.py:840} INFO - DAG(s) 'move_data_to_clickhouse' retrieved from /opt/airflow/dags/etl_clickhouse.py
[2025-10-30T10:33:55.106+0000] {logging_mixin.py:188} INFO - [2025-10-30T10:33:55.105+0000] {dag.py:3096} INFO - Sync 1 DAGs
[2025-10-30T10:33:55.128+0000] {logging_mixin.py:188} INFO - [2025-10-30T10:33:55.127+0000] {dag.py:3954} INFO - Setting next_dagrun for move_data_to_clickhouse to None, run_after=None
[2025-10-30T10:33:55.180+0000] {processor.py:183} INFO - Processing /opt/airflow/dags/etl_clickhouse.py took 1.084 seconds
[2025-10-30T10:34:25.782+0000] {processor.py:161} INFO - Started process (PID=14558) to work on /opt/airflow/dags/etl_clickhouse.py
[2025-10-30T10:34:25.784+0000] {processor.py:830} INFO - Processing file /opt/airflow/dags/etl_clickhouse.py for tasks to queue
[2025-10-30T10:34:25.790+0000] {logging_mixin.py:188} INFO - [2025-10-30T10:34:25.789+0000] {dagbag.py:545} INFO - Filling up the DagBag from /opt/airflow/dags/etl_clickhouse.py
[2025-10-30T10:34:26.991+0000] {processor.py:840} INFO - DAG(s) 'move_data_to_clickhouse' retrieved from /opt/airflow/dags/etl_clickhouse.py
[2025-10-30T10:34:27.050+0000] {logging_mixin.py:188} INFO - [2025-10-30T10:34:27.049+0000] {dag.py:3096} INFO - Sync 1 DAGs
[2025-10-30T10:34:27.075+0000] {logging_mixin.py:188} INFO - [2025-10-30T10:34:27.074+0000] {dag.py:3954} INFO - Setting next_dagrun for move_data_to_clickhouse to None, run_after=None
[2025-10-30T10:34:27.128+0000] {processor.py:183} INFO - Processing /opt/airflow/dags/etl_clickhouse.py took 1.364 seconds
[2025-10-30T10:34:57.458+0000] {processor.py:161} INFO - Started process (PID=14570) to work on /opt/airflow/dags/etl_clickhouse.py
[2025-10-30T10:34:57.461+0000] {processor.py:830} INFO - Processing file /opt/airflow/dags/etl_clickhouse.py for tasks to queue
[2025-10-30T10:34:57.465+0000] {logging_mixin.py:188} INFO - [2025-10-30T10:34:57.464+0000] {dagbag.py:545} INFO - Filling up the DagBag from /opt/airflow/dags/etl_clickhouse.py
[2025-10-30T10:34:58.378+0000] {processor.py:840} INFO - DAG(s) 'move_data_to_clickhouse' retrieved from /opt/airflow/dags/etl_clickhouse.py
[2025-10-30T10:34:58.435+0000] {logging_mixin.py:188} INFO - [2025-10-30T10:34:58.434+0000] {dag.py:3096} INFO - Sync 1 DAGs
[2025-10-30T10:34:58.461+0000] {logging_mixin.py:188} INFO - [2025-10-30T10:34:58.460+0000] {dag.py:3954} INFO - Setting next_dagrun for move_data_to_clickhouse to None, run_after=None
[2025-10-30T10:34:58.496+0000] {processor.py:183} INFO - Processing /opt/airflow/dags/etl_clickhouse.py took 1.049 seconds
[2025-10-30T10:35:29.158+0000] {processor.py:161} INFO - Started process (PID=14582) to work on /opt/airflow/dags/etl_clickhouse.py
[2025-10-30T10:35:29.160+0000] {processor.py:830} INFO - Processing file /opt/airflow/dags/etl_clickhouse.py for tasks to queue
[2025-10-30T10:35:29.166+0000] {logging_mixin.py:188} INFO - [2025-10-30T10:35:29.165+0000] {dagbag.py:545} INFO - Filling up the DagBag from /opt/airflow/dags/etl_clickhouse.py
[2025-10-30T10:35:30.300+0000] {processor.py:840} INFO - DAG(s) 'move_data_to_clickhouse' retrieved from /opt/airflow/dags/etl_clickhouse.py
[2025-10-30T10:35:30.361+0000] {logging_mixin.py:188} INFO - [2025-10-30T10:35:30.360+0000] {dag.py:3096} INFO - Sync 1 DAGs
[2025-10-30T10:35:30.383+0000] {logging_mixin.py:188} INFO - [2025-10-30T10:35:30.383+0000] {dag.py:3954} INFO - Setting next_dagrun for move_data_to_clickhouse to None, run_after=None
[2025-10-30T10:35:30.437+0000] {processor.py:183} INFO - Processing /opt/airflow/dags/etl_clickhouse.py took 1.298 seconds
[2025-10-30T10:36:00.851+0000] {processor.py:161} INFO - Started process (PID=14594) to work on /opt/airflow/dags/etl_clickhouse.py
[2025-10-30T10:36:00.856+0000] {processor.py:830} INFO - Processing file /opt/airflow/dags/etl_clickhouse.py for tasks to queue
[2025-10-30T10:36:00.865+0000] {logging_mixin.py:188} INFO - [2025-10-30T10:36:00.863+0000] {dagbag.py:545} INFO - Filling up the DagBag from /opt/airflow/dags/etl_clickhouse.py
[2025-10-30T10:36:01.884+0000] {processor.py:840} INFO - DAG(s) 'move_data_to_clickhouse' retrieved from /opt/airflow/dags/etl_clickhouse.py
[2025-10-30T10:36:01.931+0000] {logging_mixin.py:188} INFO - [2025-10-30T10:36:01.931+0000] {dag.py:3096} INFO - Sync 1 DAGs
[2025-10-30T10:36:01.953+0000] {logging_mixin.py:188} INFO - [2025-10-30T10:36:01.953+0000] {dag.py:3954} INFO - Setting next_dagrun for move_data_to_clickhouse to None, run_after=None
[2025-10-30T10:36:02.008+0000] {processor.py:183} INFO - Processing /opt/airflow/dags/etl_clickhouse.py took 1.205 seconds
[2025-10-30T10:36:32.533+0000] {processor.py:161} INFO - Started process (PID=14606) to work on /opt/airflow/dags/etl_clickhouse.py
[2025-10-30T10:36:32.535+0000] {processor.py:830} INFO - Processing file /opt/airflow/dags/etl_clickhouse.py for tasks to queue
[2025-10-30T10:36:32.540+0000] {logging_mixin.py:188} INFO - [2025-10-30T10:36:32.539+0000] {dagbag.py:545} INFO - Filling up the DagBag from /opt/airflow/dags/etl_clickhouse.py
[2025-10-30T10:36:33.779+0000] {processor.py:840} INFO - DAG(s) 'move_data_to_clickhouse' retrieved from /opt/airflow/dags/etl_clickhouse.py
[2025-10-30T10:36:33.842+0000] {logging_mixin.py:188} INFO - [2025-10-30T10:36:33.841+0000] {dag.py:3096} INFO - Sync 1 DAGs
[2025-10-30T10:36:33.864+0000] {logging_mixin.py:188} INFO - [2025-10-30T10:36:33.864+0000] {dag.py:3954} INFO - Setting next_dagrun for move_data_to_clickhouse to None, run_after=None
[2025-10-30T10:36:33.903+0000] {processor.py:183} INFO - Processing /opt/airflow/dags/etl_clickhouse.py took 1.384 seconds
[2025-10-30T10:37:04.329+0000] {processor.py:161} INFO - Started process (PID=14618) to work on /opt/airflow/dags/etl_clickhouse.py
[2025-10-30T10:37:04.333+0000] {processor.py:830} INFO - Processing file /opt/airflow/dags/etl_clickhouse.py for tasks to queue
[2025-10-30T10:37:04.339+0000] {logging_mixin.py:188} INFO - [2025-10-30T10:37:04.338+0000] {dagbag.py:545} INFO - Filling up the DagBag from /opt/airflow/dags/etl_clickhouse.py
[2025-10-30T10:37:05.382+0000] {processor.py:840} INFO - DAG(s) 'move_data_to_clickhouse' retrieved from /opt/airflow/dags/etl_clickhouse.py
[2025-10-30T10:37:05.441+0000] {logging_mixin.py:188} INFO - [2025-10-30T10:37:05.440+0000] {dag.py:3096} INFO - Sync 1 DAGs
[2025-10-30T10:37:05.461+0000] {logging_mixin.py:188} INFO - [2025-10-30T10:37:05.461+0000] {dag.py:3954} INFO - Setting next_dagrun for move_data_to_clickhouse to None, run_after=None
[2025-10-30T10:37:05.508+0000] {processor.py:183} INFO - Processing /opt/airflow/dags/etl_clickhouse.py took 1.219 seconds
[2025-10-30T10:37:36.031+0000] {processor.py:161} INFO - Started process (PID=14630) to work on /opt/airflow/dags/etl_clickhouse.py
[2025-10-30T10:37:36.035+0000] {processor.py:830} INFO - Processing file /opt/airflow/dags/etl_clickhouse.py for tasks to queue
[2025-10-30T10:37:36.040+0000] {logging_mixin.py:188} INFO - [2025-10-30T10:37:36.039+0000] {dagbag.py:545} INFO - Filling up the DagBag from /opt/airflow/dags/etl_clickhouse.py
[2025-10-30T10:37:37.382+0000] {processor.py:840} INFO - DAG(s) 'move_data_to_clickhouse' retrieved from /opt/airflow/dags/etl_clickhouse.py
[2025-10-30T10:37:37.433+0000] {logging_mixin.py:188} INFO - [2025-10-30T10:37:37.433+0000] {dag.py:3096} INFO - Sync 1 DAGs
[2025-10-30T10:37:37.452+0000] {logging_mixin.py:188} INFO - [2025-10-30T10:37:37.451+0000] {dag.py:3954} INFO - Setting next_dagrun for move_data_to_clickhouse to None, run_after=None
[2025-10-30T10:37:37.505+0000] {processor.py:183} INFO - Processing /opt/airflow/dags/etl_clickhouse.py took 1.489 seconds
[2025-10-30T10:38:07.968+0000] {processor.py:161} INFO - Started process (PID=14642) to work on /opt/airflow/dags/etl_clickhouse.py
[2025-10-30T10:38:07.970+0000] {processor.py:830} INFO - Processing file /opt/airflow/dags/etl_clickhouse.py for tasks to queue
[2025-10-30T10:38:07.974+0000] {logging_mixin.py:188} INFO - [2025-10-30T10:38:07.973+0000] {dagbag.py:545} INFO - Filling up the DagBag from /opt/airflow/dags/etl_clickhouse.py
[2025-10-30T10:38:08.879+0000] {processor.py:840} INFO - DAG(s) 'move_data_to_clickhouse' retrieved from /opt/airflow/dags/etl_clickhouse.py
[2025-10-30T10:38:08.943+0000] {logging_mixin.py:188} INFO - [2025-10-30T10:38:08.942+0000] {dag.py:3096} INFO - Sync 1 DAGs
[2025-10-30T10:38:08.963+0000] {logging_mixin.py:188} INFO - [2025-10-30T10:38:08.963+0000] {dag.py:3954} INFO - Setting next_dagrun for move_data_to_clickhouse to None, run_after=None
[2025-10-30T10:38:09.011+0000] {processor.py:183} INFO - Processing /opt/airflow/dags/etl_clickhouse.py took 1.056 seconds
[2025-10-30T10:38:39.555+0000] {processor.py:161} INFO - Started process (PID=14654) to work on /opt/airflow/dags/etl_clickhouse.py
[2025-10-30T10:38:39.558+0000] {processor.py:830} INFO - Processing file /opt/airflow/dags/etl_clickhouse.py for tasks to queue
[2025-10-30T10:38:39.563+0000] {logging_mixin.py:188} INFO - [2025-10-30T10:38:39.562+0000] {dagbag.py:545} INFO - Filling up the DagBag from /opt/airflow/dags/etl_clickhouse.py
[2025-10-30T10:38:40.671+0000] {processor.py:840} INFO - DAG(s) 'move_data_to_clickhouse' retrieved from /opt/airflow/dags/etl_clickhouse.py
[2025-10-30T10:38:40.726+0000] {logging_mixin.py:188} INFO - [2025-10-30T10:38:40.725+0000] {dag.py:3096} INFO - Sync 1 DAGs
[2025-10-30T10:38:40.748+0000] {logging_mixin.py:188} INFO - [2025-10-30T10:38:40.748+0000] {dag.py:3954} INFO - Setting next_dagrun for move_data_to_clickhouse to None, run_after=None
[2025-10-30T10:38:40.791+0000] {processor.py:183} INFO - Processing /opt/airflow/dags/etl_clickhouse.py took 1.253 seconds
[2025-10-30T10:39:11.110+0000] {processor.py:161} INFO - Started process (PID=14666) to work on /opt/airflow/dags/etl_clickhouse.py
[2025-10-30T10:39:11.113+0000] {processor.py:830} INFO - Processing file /opt/airflow/dags/etl_clickhouse.py for tasks to queue
[2025-10-30T10:39:11.116+0000] {logging_mixin.py:188} INFO - [2025-10-30T10:39:11.116+0000] {dagbag.py:545} INFO - Filling up the DagBag from /opt/airflow/dags/etl_clickhouse.py
[2025-10-30T10:39:12.102+0000] {processor.py:840} INFO - DAG(s) 'move_data_to_clickhouse' retrieved from /opt/airflow/dags/etl_clickhouse.py
[2025-10-30T10:39:12.153+0000] {logging_mixin.py:188} INFO - [2025-10-30T10:39:12.152+0000] {dag.py:3096} INFO - Sync 1 DAGs
[2025-10-30T10:39:12.173+0000] {logging_mixin.py:188} INFO - [2025-10-30T10:39:12.172+0000] {dag.py:3954} INFO - Setting next_dagrun for move_data_to_clickhouse to None, run_after=None
[2025-10-30T10:39:12.210+0000] {processor.py:183} INFO - Processing /opt/airflow/dags/etl_clickhouse.py took 1.117 seconds
[2025-10-30T10:39:42.854+0000] {processor.py:161} INFO - Started process (PID=14678) to work on /opt/airflow/dags/etl_clickhouse.py
[2025-10-30T10:39:42.856+0000] {processor.py:830} INFO - Processing file /opt/airflow/dags/etl_clickhouse.py for tasks to queue
[2025-10-30T10:39:42.861+0000] {logging_mixin.py:188} INFO - [2025-10-30T10:39:42.860+0000] {dagbag.py:545} INFO - Filling up the DagBag from /opt/airflow/dags/etl_clickhouse.py
[2025-10-30T10:39:43.882+0000] {processor.py:840} INFO - DAG(s) 'move_data_to_clickhouse' retrieved from /opt/airflow/dags/etl_clickhouse.py
[2025-10-30T10:39:43.947+0000] {logging_mixin.py:188} INFO - [2025-10-30T10:39:43.947+0000] {dag.py:3096} INFO - Sync 1 DAGs
[2025-10-30T10:39:43.964+0000] {logging_mixin.py:188} INFO - [2025-10-30T10:39:43.964+0000] {dag.py:3954} INFO - Setting next_dagrun for move_data_to_clickhouse to None, run_after=None
[2025-10-30T10:39:44.012+0000] {processor.py:183} INFO - Processing /opt/airflow/dags/etl_clickhouse.py took 1.170 seconds
[2025-10-30T10:40:14.485+0000] {processor.py:161} INFO - Started process (PID=14690) to work on /opt/airflow/dags/etl_clickhouse.py
[2025-10-30T10:40:14.488+0000] {processor.py:830} INFO - Processing file /opt/airflow/dags/etl_clickhouse.py for tasks to queue
[2025-10-30T10:40:14.492+0000] {logging_mixin.py:188} INFO - [2025-10-30T10:40:14.492+0000] {dagbag.py:545} INFO - Filling up the DagBag from /opt/airflow/dags/etl_clickhouse.py
[2025-10-30T10:40:15.406+0000] {processor.py:840} INFO - DAG(s) 'move_data_to_clickhouse' retrieved from /opt/airflow/dags/etl_clickhouse.py
[2025-10-30T10:40:15.457+0000] {logging_mixin.py:188} INFO - [2025-10-30T10:40:15.456+0000] {dag.py:3096} INFO - Sync 1 DAGs
[2025-10-30T10:40:15.478+0000] {logging_mixin.py:188} INFO - [2025-10-30T10:40:15.478+0000] {dag.py:3954} INFO - Setting next_dagrun for move_data_to_clickhouse to None, run_after=None
[2025-10-30T10:40:15.524+0000] {processor.py:183} INFO - Processing /opt/airflow/dags/etl_clickhouse.py took 1.058 seconds
[2025-10-30T10:40:46.149+0000] {processor.py:161} INFO - Started process (PID=14702) to work on /opt/airflow/dags/etl_clickhouse.py
[2025-10-30T10:40:46.153+0000] {processor.py:830} INFO - Processing file /opt/airflow/dags/etl_clickhouse.py for tasks to queue
[2025-10-30T10:40:46.158+0000] {logging_mixin.py:188} INFO - [2025-10-30T10:40:46.157+0000] {dagbag.py:545} INFO - Filling up the DagBag from /opt/airflow/dags/etl_clickhouse.py
[2025-10-30T10:40:47.049+0000] {processor.py:840} INFO - DAG(s) 'move_data_to_clickhouse' retrieved from /opt/airflow/dags/etl_clickhouse.py
[2025-10-30T10:40:47.099+0000] {logging_mixin.py:188} INFO - [2025-10-30T10:40:47.098+0000] {dag.py:3096} INFO - Sync 1 DAGs
[2025-10-30T10:40:47.117+0000] {logging_mixin.py:188} INFO - [2025-10-30T10:40:47.116+0000] {dag.py:3954} INFO - Setting next_dagrun for move_data_to_clickhouse to None, run_after=None
[2025-10-30T10:40:47.171+0000] {processor.py:183} INFO - Processing /opt/airflow/dags/etl_clickhouse.py took 1.041 seconds
[2025-10-30T10:41:17.791+0000] {processor.py:161} INFO - Started process (PID=14714) to work on /opt/airflow/dags/etl_clickhouse.py
[2025-10-30T10:41:17.793+0000] {processor.py:830} INFO - Processing file /opt/airflow/dags/etl_clickhouse.py for tasks to queue
[2025-10-30T10:41:17.798+0000] {logging_mixin.py:188} INFO - [2025-10-30T10:41:17.797+0000] {dagbag.py:545} INFO - Filling up the DagBag from /opt/airflow/dags/etl_clickhouse.py
[2025-10-30T10:41:18.872+0000] {processor.py:840} INFO - DAG(s) 'move_data_to_clickhouse' retrieved from /opt/airflow/dags/etl_clickhouse.py
[2025-10-30T10:41:18.918+0000] {logging_mixin.py:188} INFO - [2025-10-30T10:41:18.917+0000] {dag.py:3096} INFO - Sync 1 DAGs
[2025-10-30T10:41:18.935+0000] {logging_mixin.py:188} INFO - [2025-10-30T10:41:18.935+0000] {dag.py:3954} INFO - Setting next_dagrun for move_data_to_clickhouse to None, run_after=None
[2025-10-30T10:41:18.969+0000] {processor.py:183} INFO - Processing /opt/airflow/dags/etl_clickhouse.py took 1.191 seconds
[2025-10-30T10:41:49.552+0000] {processor.py:161} INFO - Started process (PID=14726) to work on /opt/airflow/dags/etl_clickhouse.py
[2025-10-30T10:41:49.555+0000] {processor.py:830} INFO - Processing file /opt/airflow/dags/etl_clickhouse.py for tasks to queue
[2025-10-30T10:41:49.561+0000] {logging_mixin.py:188} INFO - [2025-10-30T10:41:49.560+0000] {dagbag.py:545} INFO - Filling up the DagBag from /opt/airflow/dags/etl_clickhouse.py
[2025-10-30T10:41:50.430+0000] {processor.py:840} INFO - DAG(s) 'move_data_to_clickhouse' retrieved from /opt/airflow/dags/etl_clickhouse.py
[2025-10-30T10:41:50.475+0000] {logging_mixin.py:188} INFO - [2025-10-30T10:41:50.475+0000] {dag.py:3096} INFO - Sync 1 DAGs
[2025-10-30T10:41:50.492+0000] {logging_mixin.py:188} INFO - [2025-10-30T10:41:50.491+0000] {dag.py:3954} INFO - Setting next_dagrun for move_data_to_clickhouse to None, run_after=None
[2025-10-30T10:41:50.541+0000] {processor.py:183} INFO - Processing /opt/airflow/dags/etl_clickhouse.py took 1.000 seconds
[2025-10-30T10:42:21.148+0000] {processor.py:161} INFO - Started process (PID=14738) to work on /opt/airflow/dags/etl_clickhouse.py
[2025-10-30T10:42:21.151+0000] {processor.py:830} INFO - Processing file /opt/airflow/dags/etl_clickhouse.py for tasks to queue
[2025-10-30T10:42:21.155+0000] {logging_mixin.py:188} INFO - [2025-10-30T10:42:21.154+0000] {dagbag.py:545} INFO - Filling up the DagBag from /opt/airflow/dags/etl_clickhouse.py
[2025-10-30T10:42:22.057+0000] {processor.py:840} INFO - DAG(s) 'move_data_to_clickhouse' retrieved from /opt/airflow/dags/etl_clickhouse.py
[2025-10-30T10:42:22.116+0000] {logging_mixin.py:188} INFO - [2025-10-30T10:42:22.115+0000] {dag.py:3096} INFO - Sync 1 DAGs
[2025-10-30T10:42:22.136+0000] {logging_mixin.py:188} INFO - [2025-10-30T10:42:22.136+0000] {dag.py:3954} INFO - Setting next_dagrun for move_data_to_clickhouse to None, run_after=None
[2025-10-30T10:42:22.184+0000] {processor.py:183} INFO - Processing /opt/airflow/dags/etl_clickhouse.py took 1.049 seconds
[2025-10-30T10:42:52.845+0000] {processor.py:161} INFO - Started process (PID=14750) to work on /opt/airflow/dags/etl_clickhouse.py
[2025-10-30T10:42:52.847+0000] {processor.py:830} INFO - Processing file /opt/airflow/dags/etl_clickhouse.py for tasks to queue
[2025-10-30T10:42:52.851+0000] {logging_mixin.py:188} INFO - [2025-10-30T10:42:52.851+0000] {dagbag.py:545} INFO - Filling up the DagBag from /opt/airflow/dags/etl_clickhouse.py
[2025-10-30T10:42:53.861+0000] {processor.py:840} INFO - DAG(s) 'move_data_to_clickhouse' retrieved from /opt/airflow/dags/etl_clickhouse.py
[2025-10-30T10:42:53.917+0000] {logging_mixin.py:188} INFO - [2025-10-30T10:42:53.916+0000] {dag.py:3096} INFO - Sync 1 DAGs
[2025-10-30T10:42:53.934+0000] {logging_mixin.py:188} INFO - [2025-10-30T10:42:53.934+0000] {dag.py:3954} INFO - Setting next_dagrun for move_data_to_clickhouse to None, run_after=None
[2025-10-30T10:42:53.986+0000] {processor.py:183} INFO - Processing /opt/airflow/dags/etl_clickhouse.py took 1.154 seconds
[2025-10-30T10:43:24.707+0000] {processor.py:161} INFO - Started process (PID=14762) to work on /opt/airflow/dags/etl_clickhouse.py
[2025-10-30T10:43:24.709+0000] {processor.py:830} INFO - Processing file /opt/airflow/dags/etl_clickhouse.py for tasks to queue
[2025-10-30T10:43:24.714+0000] {logging_mixin.py:188} INFO - [2025-10-30T10:43:24.713+0000] {dagbag.py:545} INFO - Filling up the DagBag from /opt/airflow/dags/etl_clickhouse.py
[2025-10-30T10:43:25.725+0000] {processor.py:840} INFO - DAG(s) 'move_data_to_clickhouse' retrieved from /opt/airflow/dags/etl_clickhouse.py
[2025-10-30T10:43:25.773+0000] {logging_mixin.py:188} INFO - [2025-10-30T10:43:25.772+0000] {dag.py:3096} INFO - Sync 1 DAGs
[2025-10-30T10:43:25.793+0000] {logging_mixin.py:188} INFO - [2025-10-30T10:43:25.793+0000] {dag.py:3954} INFO - Setting next_dagrun for move_data_to_clickhouse to None, run_after=None
[2025-10-30T10:43:25.833+0000] {processor.py:183} INFO - Processing /opt/airflow/dags/etl_clickhouse.py took 1.137 seconds
[2025-10-30T10:43:56.466+0000] {processor.py:161} INFO - Started process (PID=14774) to work on /opt/airflow/dags/etl_clickhouse.py
[2025-10-30T10:43:56.468+0000] {processor.py:830} INFO - Processing file /opt/airflow/dags/etl_clickhouse.py for tasks to queue
[2025-10-30T10:43:56.472+0000] {logging_mixin.py:188} INFO - [2025-10-30T10:43:56.471+0000] {dagbag.py:545} INFO - Filling up the DagBag from /opt/airflow/dags/etl_clickhouse.py
[2025-10-30T10:43:57.392+0000] {processor.py:840} INFO - DAG(s) 'move_data_to_clickhouse' retrieved from /opt/airflow/dags/etl_clickhouse.py
[2025-10-30T10:43:57.453+0000] {logging_mixin.py:188} INFO - [2025-10-30T10:43:57.452+0000] {dag.py:3096} INFO - Sync 1 DAGs
[2025-10-30T10:43:57.471+0000] {logging_mixin.py:188} INFO - [2025-10-30T10:43:57.471+0000] {dag.py:3954} INFO - Setting next_dagrun for move_data_to_clickhouse to None, run_after=None
[2025-10-30T10:43:57.517+0000] {processor.py:183} INFO - Processing /opt/airflow/dags/etl_clickhouse.py took 1.063 seconds
[2025-10-30T10:44:28.084+0000] {processor.py:161} INFO - Started process (PID=14786) to work on /opt/airflow/dags/etl_clickhouse.py
[2025-10-30T10:44:28.086+0000] {processor.py:830} INFO - Processing file /opt/airflow/dags/etl_clickhouse.py for tasks to queue
[2025-10-30T10:44:28.090+0000] {logging_mixin.py:188} INFO - [2025-10-30T10:44:28.090+0000] {dagbag.py:545} INFO - Filling up the DagBag from /opt/airflow/dags/etl_clickhouse.py
[2025-10-30T10:44:28.957+0000] {processor.py:840} INFO - DAG(s) 'move_data_to_clickhouse' retrieved from /opt/airflow/dags/etl_clickhouse.py
[2025-10-30T10:44:29.007+0000] {logging_mixin.py:188} INFO - [2025-10-30T10:44:29.006+0000] {dag.py:3096} INFO - Sync 1 DAGs
[2025-10-30T10:44:29.026+0000] {logging_mixin.py:188} INFO - [2025-10-30T10:44:29.026+0000] {dag.py:3954} INFO - Setting next_dagrun for move_data_to_clickhouse to None, run_after=None
[2025-10-30T10:44:29.073+0000] {processor.py:183} INFO - Processing /opt/airflow/dags/etl_clickhouse.py took 1.001 seconds
[2025-10-30T10:44:59.728+0000] {processor.py:161} INFO - Started process (PID=14798) to work on /opt/airflow/dags/etl_clickhouse.py
[2025-10-30T10:44:59.730+0000] {processor.py:830} INFO - Processing file /opt/airflow/dags/etl_clickhouse.py for tasks to queue
[2025-10-30T10:44:59.734+0000] {logging_mixin.py:188} INFO - [2025-10-30T10:44:59.733+0000] {dagbag.py:545} INFO - Filling up the DagBag from /opt/airflow/dags/etl_clickhouse.py
[2025-10-30T10:45:00.588+0000] {processor.py:840} INFO - DAG(s) 'move_data_to_clickhouse' retrieved from /opt/airflow/dags/etl_clickhouse.py
[2025-10-30T10:45:00.633+0000] {logging_mixin.py:188} INFO - [2025-10-30T10:45:00.632+0000] {dag.py:3096} INFO - Sync 1 DAGs
[2025-10-30T10:45:00.653+0000] {logging_mixin.py:188} INFO - [2025-10-30T10:45:00.652+0000] {dag.py:3954} INFO - Setting next_dagrun for move_data_to_clickhouse to None, run_after=None
[2025-10-30T10:45:00.710+0000] {processor.py:183} INFO - Processing /opt/airflow/dags/etl_clickhouse.py took 0.997 seconds
[2025-10-30T10:45:31.306+0000] {processor.py:161} INFO - Started process (PID=14810) to work on /opt/airflow/dags/etl_clickhouse.py
[2025-10-30T10:45:31.308+0000] {processor.py:830} INFO - Processing file /opt/airflow/dags/etl_clickhouse.py for tasks to queue
[2025-10-30T10:45:31.312+0000] {logging_mixin.py:188} INFO - [2025-10-30T10:45:31.311+0000] {dagbag.py:545} INFO - Filling up the DagBag from /opt/airflow/dags/etl_clickhouse.py
[2025-10-30T10:45:32.273+0000] {processor.py:840} INFO - DAG(s) 'move_data_to_clickhouse' retrieved from /opt/airflow/dags/etl_clickhouse.py
[2025-10-30T10:45:32.324+0000] {logging_mixin.py:188} INFO - [2025-10-30T10:45:32.324+0000] {dag.py:3096} INFO - Sync 1 DAGs
[2025-10-30T10:45:32.344+0000] {logging_mixin.py:188} INFO - [2025-10-30T10:45:32.343+0000] {dag.py:3954} INFO - Setting next_dagrun for move_data_to_clickhouse to None, run_after=None
[2025-10-30T10:45:32.379+0000] {processor.py:183} INFO - Processing /opt/airflow/dags/etl_clickhouse.py took 1.086 seconds
[2025-10-30T10:46:02.973+0000] {processor.py:161} INFO - Started process (PID=14822) to work on /opt/airflow/dags/etl_clickhouse.py
[2025-10-30T10:46:02.976+0000] {processor.py:830} INFO - Processing file /opt/airflow/dags/etl_clickhouse.py for tasks to queue
[2025-10-30T10:46:02.981+0000] {logging_mixin.py:188} INFO - [2025-10-30T10:46:02.980+0000] {dagbag.py:545} INFO - Filling up the DagBag from /opt/airflow/dags/etl_clickhouse.py
[2025-10-30T10:46:03.885+0000] {processor.py:840} INFO - DAG(s) 'move_data_to_clickhouse' retrieved from /opt/airflow/dags/etl_clickhouse.py
[2025-10-30T10:46:03.934+0000] {logging_mixin.py:188} INFO - [2025-10-30T10:46:03.933+0000] {dag.py:3096} INFO - Sync 1 DAGs
[2025-10-30T10:46:03.953+0000] {logging_mixin.py:188} INFO - [2025-10-30T10:46:03.952+0000] {dag.py:3954} INFO - Setting next_dagrun for move_data_to_clickhouse to None, run_after=None
[2025-10-30T10:46:04.008+0000] {processor.py:183} INFO - Processing /opt/airflow/dags/etl_clickhouse.py took 1.051 seconds
[2025-10-30T10:46:34.663+0000] {processor.py:161} INFO - Started process (PID=14834) to work on /opt/airflow/dags/etl_clickhouse.py
[2025-10-30T10:46:34.666+0000] {processor.py:830} INFO - Processing file /opt/airflow/dags/etl_clickhouse.py for tasks to queue
[2025-10-30T10:46:34.670+0000] {logging_mixin.py:188} INFO - [2025-10-30T10:46:34.669+0000] {dagbag.py:545} INFO - Filling up the DagBag from /opt/airflow/dags/etl_clickhouse.py
[2025-10-30T10:46:35.626+0000] {processor.py:840} INFO - DAG(s) 'move_data_to_clickhouse' retrieved from /opt/airflow/dags/etl_clickhouse.py
[2025-10-30T10:46:35.675+0000] {logging_mixin.py:188} INFO - [2025-10-30T10:46:35.675+0000] {dag.py:3096} INFO - Sync 1 DAGs
[2025-10-30T10:46:35.699+0000] {logging_mixin.py:188} INFO - [2025-10-30T10:46:35.698+0000] {dag.py:3954} INFO - Setting next_dagrun for move_data_to_clickhouse to None, run_after=None
[2025-10-30T10:46:35.748+0000] {processor.py:183} INFO - Processing /opt/airflow/dags/etl_clickhouse.py took 1.097 seconds
[2025-10-30T10:47:06.376+0000] {processor.py:161} INFO - Started process (PID=14846) to work on /opt/airflow/dags/etl_clickhouse.py
[2025-10-30T10:47:06.378+0000] {processor.py:830} INFO - Processing file /opt/airflow/dags/etl_clickhouse.py for tasks to queue
[2025-10-30T10:47:06.382+0000] {logging_mixin.py:188} INFO - [2025-10-30T10:47:06.381+0000] {dagbag.py:545} INFO - Filling up the DagBag from /opt/airflow/dags/etl_clickhouse.py
[2025-10-30T10:47:07.276+0000] {processor.py:840} INFO - DAG(s) 'move_data_to_clickhouse' retrieved from /opt/airflow/dags/etl_clickhouse.py
[2025-10-30T10:47:07.366+0000] {logging_mixin.py:188} INFO - [2025-10-30T10:47:07.365+0000] {dag.py:3096} INFO - Sync 1 DAGs
[2025-10-30T10:47:07.395+0000] {logging_mixin.py:188} INFO - [2025-10-30T10:47:07.395+0000] {dag.py:3954} INFO - Setting next_dagrun for move_data_to_clickhouse to None, run_after=None
[2025-10-30T10:47:07.435+0000] {processor.py:183} INFO - Processing /opt/airflow/dags/etl_clickhouse.py took 1.071 seconds
[2025-10-30T10:47:38.031+0000] {processor.py:161} INFO - Started process (PID=14858) to work on /opt/airflow/dags/etl_clickhouse.py
[2025-10-30T10:47:38.035+0000] {processor.py:830} INFO - Processing file /opt/airflow/dags/etl_clickhouse.py for tasks to queue
[2025-10-30T10:47:38.040+0000] {logging_mixin.py:188} INFO - [2025-10-30T10:47:38.039+0000] {dagbag.py:545} INFO - Filling up the DagBag from /opt/airflow/dags/etl_clickhouse.py
[2025-10-30T10:47:38.963+0000] {processor.py:840} INFO - DAG(s) 'move_data_to_clickhouse' retrieved from /opt/airflow/dags/etl_clickhouse.py
[2025-10-30T10:47:39.020+0000] {logging_mixin.py:188} INFO - [2025-10-30T10:47:39.019+0000] {dag.py:3096} INFO - Sync 1 DAGs
[2025-10-30T10:47:39.039+0000] {logging_mixin.py:188} INFO - [2025-10-30T10:47:39.039+0000] {dag.py:3954} INFO - Setting next_dagrun for move_data_to_clickhouse to None, run_after=None
[2025-10-30T10:47:39.071+0000] {processor.py:183} INFO - Processing /opt/airflow/dags/etl_clickhouse.py took 1.059 seconds
[2025-10-30T10:48:10.030+0000] {processor.py:161} INFO - Started process (PID=14870) to work on /opt/airflow/dags/etl_clickhouse.py
[2025-10-30T10:48:10.032+0000] {processor.py:830} INFO - Processing file /opt/airflow/dags/etl_clickhouse.py for tasks to queue
[2025-10-30T10:48:10.036+0000] {logging_mixin.py:188} INFO - [2025-10-30T10:48:10.035+0000] {dagbag.py:545} INFO - Filling up the DagBag from /opt/airflow/dags/etl_clickhouse.py
[2025-10-30T10:48:10.930+0000] {processor.py:840} INFO - DAG(s) 'move_data_to_clickhouse' retrieved from /opt/airflow/dags/etl_clickhouse.py
[2025-10-30T10:48:10.994+0000] {logging_mixin.py:188} INFO - [2025-10-30T10:48:10.993+0000] {dag.py:3096} INFO - Sync 1 DAGs
[2025-10-30T10:48:11.028+0000] {logging_mixin.py:188} INFO - [2025-10-30T10:48:11.028+0000] {dag.py:3954} INFO - Setting next_dagrun for move_data_to_clickhouse to None, run_after=None
[2025-10-30T10:48:11.081+0000] {processor.py:183} INFO - Processing /opt/airflow/dags/etl_clickhouse.py took 1.063 seconds
[2025-10-30T10:48:41.753+0000] {processor.py:161} INFO - Started process (PID=14882) to work on /opt/airflow/dags/etl_clickhouse.py
[2025-10-30T10:48:41.756+0000] {processor.py:830} INFO - Processing file /opt/airflow/dags/etl_clickhouse.py for tasks to queue
[2025-10-30T10:48:41.761+0000] {logging_mixin.py:188} INFO - [2025-10-30T10:48:41.760+0000] {dagbag.py:545} INFO - Filling up the DagBag from /opt/airflow/dags/etl_clickhouse.py
[2025-10-30T10:48:42.760+0000] {processor.py:840} INFO - DAG(s) 'move_data_to_clickhouse' retrieved from /opt/airflow/dags/etl_clickhouse.py
[2025-10-30T10:48:42.820+0000] {logging_mixin.py:188} INFO - [2025-10-30T10:48:42.820+0000] {dag.py:3096} INFO - Sync 1 DAGs
[2025-10-30T10:48:42.845+0000] {logging_mixin.py:188} INFO - [2025-10-30T10:48:42.845+0000] {dag.py:3954} INFO - Setting next_dagrun for move_data_to_clickhouse to None, run_after=None
[2025-10-30T10:48:42.898+0000] {processor.py:183} INFO - Processing /opt/airflow/dags/etl_clickhouse.py took 1.165 seconds
[2025-10-30T10:49:13.623+0000] {processor.py:161} INFO - Started process (PID=14894) to work on /opt/airflow/dags/etl_clickhouse.py
[2025-10-30T10:49:13.626+0000] {processor.py:830} INFO - Processing file /opt/airflow/dags/etl_clickhouse.py for tasks to queue
[2025-10-30T10:49:13.630+0000] {logging_mixin.py:188} INFO - [2025-10-30T10:49:13.630+0000] {dagbag.py:545} INFO - Filling up the DagBag from /opt/airflow/dags/etl_clickhouse.py
[2025-10-30T10:49:14.736+0000] {processor.py:840} INFO - DAG(s) 'move_data_to_clickhouse' retrieved from /opt/airflow/dags/etl_clickhouse.py
[2025-10-30T10:49:14.789+0000] {logging_mixin.py:188} INFO - [2025-10-30T10:49:14.789+0000] {dag.py:3096} INFO - Sync 1 DAGs
[2025-10-30T10:49:14.810+0000] {logging_mixin.py:188} INFO - [2025-10-30T10:49:14.810+0000] {dag.py:3954} INFO - Setting next_dagrun for move_data_to_clickhouse to None, run_after=None
[2025-10-30T10:49:14.866+0000] {processor.py:183} INFO - Processing /opt/airflow/dags/etl_clickhouse.py took 1.256 seconds
[2025-10-30T10:49:45.294+0000] {processor.py:161} INFO - Started process (PID=14906) to work on /opt/airflow/dags/etl_clickhouse.py
[2025-10-30T10:49:45.297+0000] {processor.py:830} INFO - Processing file /opt/airflow/dags/etl_clickhouse.py for tasks to queue
[2025-10-30T10:49:45.301+0000] {logging_mixin.py:188} INFO - [2025-10-30T10:49:45.301+0000] {dagbag.py:545} INFO - Filling up the DagBag from /opt/airflow/dags/etl_clickhouse.py
[2025-10-30T10:49:46.223+0000] {processor.py:840} INFO - DAG(s) 'move_data_to_clickhouse' retrieved from /opt/airflow/dags/etl_clickhouse.py
[2025-10-30T10:49:46.276+0000] {logging_mixin.py:188} INFO - [2025-10-30T10:49:46.275+0000] {dag.py:3096} INFO - Sync 1 DAGs
[2025-10-30T10:49:46.297+0000] {logging_mixin.py:188} INFO - [2025-10-30T10:49:46.296+0000] {dag.py:3954} INFO - Setting next_dagrun for move_data_to_clickhouse to None, run_after=None
[2025-10-30T10:49:46.331+0000] {processor.py:183} INFO - Processing /opt/airflow/dags/etl_clickhouse.py took 1.050 seconds
[2025-10-30T10:50:17.063+0000] {processor.py:161} INFO - Started process (PID=14918) to work on /opt/airflow/dags/etl_clickhouse.py
[2025-10-30T10:50:17.066+0000] {processor.py:830} INFO - Processing file /opt/airflow/dags/etl_clickhouse.py for tasks to queue
[2025-10-30T10:50:17.070+0000] {logging_mixin.py:188} INFO - [2025-10-30T10:50:17.069+0000] {dagbag.py:545} INFO - Filling up the DagBag from /opt/airflow/dags/etl_clickhouse.py
[2025-10-30T10:50:17.973+0000] {processor.py:840} INFO - DAG(s) 'move_data_to_clickhouse' retrieved from /opt/airflow/dags/etl_clickhouse.py
[2025-10-30T10:50:18.030+0000] {logging_mixin.py:188} INFO - [2025-10-30T10:50:18.030+0000] {dag.py:3096} INFO - Sync 1 DAGs
[2025-10-30T10:50:18.049+0000] {logging_mixin.py:188} INFO - [2025-10-30T10:50:18.048+0000] {dag.py:3954} INFO - Setting next_dagrun for move_data_to_clickhouse to None, run_after=None
[2025-10-30T10:50:18.106+0000] {processor.py:183} INFO - Processing /opt/airflow/dags/etl_clickhouse.py took 1.059 seconds
[2025-10-30T10:50:48.778+0000] {processor.py:161} INFO - Started process (PID=14930) to work on /opt/airflow/dags/etl_clickhouse.py
[2025-10-30T10:50:48.781+0000] {processor.py:830} INFO - Processing file /opt/airflow/dags/etl_clickhouse.py for tasks to queue
[2025-10-30T10:50:48.785+0000] {logging_mixin.py:188} INFO - [2025-10-30T10:50:48.784+0000] {dagbag.py:545} INFO - Filling up the DagBag from /opt/airflow/dags/etl_clickhouse.py
[2025-10-30T10:50:49.702+0000] {processor.py:840} INFO - DAG(s) 'move_data_to_clickhouse' retrieved from /opt/airflow/dags/etl_clickhouse.py
[2025-10-30T10:50:49.750+0000] {logging_mixin.py:188} INFO - [2025-10-30T10:50:49.749+0000] {dag.py:3096} INFO - Sync 1 DAGs
[2025-10-30T10:50:49.773+0000] {logging_mixin.py:188} INFO - [2025-10-30T10:50:49.773+0000] {dag.py:3954} INFO - Setting next_dagrun for move_data_to_clickhouse to None, run_after=None
[2025-10-30T10:50:49.830+0000] {processor.py:183} INFO - Processing /opt/airflow/dags/etl_clickhouse.py took 1.063 seconds
[2025-10-30T10:51:20.535+0000] {processor.py:161} INFO - Started process (PID=14942) to work on /opt/airflow/dags/etl_clickhouse.py
[2025-10-30T10:51:20.537+0000] {processor.py:830} INFO - Processing file /opt/airflow/dags/etl_clickhouse.py for tasks to queue
[2025-10-30T10:51:20.541+0000] {logging_mixin.py:188} INFO - [2025-10-30T10:51:20.541+0000] {dagbag.py:545} INFO - Filling up the DagBag from /opt/airflow/dags/etl_clickhouse.py
[2025-10-30T10:51:21.443+0000] {processor.py:840} INFO - DAG(s) 'move_data_to_clickhouse' retrieved from /opt/airflow/dags/etl_clickhouse.py
[2025-10-30T10:51:21.493+0000] {logging_mixin.py:188} INFO - [2025-10-30T10:51:21.493+0000] {dag.py:3096} INFO - Sync 1 DAGs
[2025-10-30T10:51:21.515+0000] {logging_mixin.py:188} INFO - [2025-10-30T10:51:21.515+0000] {dag.py:3954} INFO - Setting next_dagrun for move_data_to_clickhouse to None, run_after=None
[2025-10-30T10:51:21.554+0000] {processor.py:183} INFO - Processing /opt/airflow/dags/etl_clickhouse.py took 1.032 seconds
[2025-10-30T10:51:52.227+0000] {processor.py:161} INFO - Started process (PID=14954) to work on /opt/airflow/dags/etl_clickhouse.py
[2025-10-30T10:51:52.229+0000] {processor.py:830} INFO - Processing file /opt/airflow/dags/etl_clickhouse.py for tasks to queue
[2025-10-30T10:51:52.233+0000] {logging_mixin.py:188} INFO - [2025-10-30T10:51:52.232+0000] {dagbag.py:545} INFO - Filling up the DagBag from /opt/airflow/dags/etl_clickhouse.py
[2025-10-30T10:51:53.218+0000] {processor.py:840} INFO - DAG(s) 'move_data_to_clickhouse' retrieved from /opt/airflow/dags/etl_clickhouse.py
[2025-10-30T10:51:53.262+0000] {logging_mixin.py:188} INFO - [2025-10-30T10:51:53.261+0000] {dag.py:3096} INFO - Sync 1 DAGs
[2025-10-30T10:51:53.280+0000] {logging_mixin.py:188} INFO - [2025-10-30T10:51:53.279+0000] {dag.py:3954} INFO - Setting next_dagrun for move_data_to_clickhouse to None, run_after=None
[2025-10-30T10:51:53.348+0000] {processor.py:183} INFO - Processing /opt/airflow/dags/etl_clickhouse.py took 1.135 seconds
[2025-10-30T10:52:24.129+0000] {processor.py:161} INFO - Started process (PID=14966) to work on /opt/airflow/dags/etl_clickhouse.py
[2025-10-30T10:52:24.131+0000] {processor.py:830} INFO - Processing file /opt/airflow/dags/etl_clickhouse.py for tasks to queue
[2025-10-30T10:52:24.135+0000] {logging_mixin.py:188} INFO - [2025-10-30T10:52:24.135+0000] {dagbag.py:545} INFO - Filling up the DagBag from /opt/airflow/dags/etl_clickhouse.py
[2025-10-30T10:52:25.105+0000] {processor.py:840} INFO - DAG(s) 'move_data_to_clickhouse' retrieved from /opt/airflow/dags/etl_clickhouse.py
[2025-10-30T10:52:25.156+0000] {logging_mixin.py:188} INFO - [2025-10-30T10:52:25.155+0000] {dag.py:3096} INFO - Sync 1 DAGs
[2025-10-30T10:52:25.174+0000] {logging_mixin.py:188} INFO - [2025-10-30T10:52:25.174+0000] {dag.py:3954} INFO - Setting next_dagrun for move_data_to_clickhouse to None, run_after=None
[2025-10-30T10:52:25.221+0000] {processor.py:183} INFO - Processing /opt/airflow/dags/etl_clickhouse.py took 1.106 seconds
[2025-10-30T10:52:55.892+0000] {processor.py:161} INFO - Started process (PID=14978) to work on /opt/airflow/dags/etl_clickhouse.py
[2025-10-30T10:52:55.895+0000] {processor.py:830} INFO - Processing file /opt/airflow/dags/etl_clickhouse.py for tasks to queue
[2025-10-30T10:52:55.899+0000] {logging_mixin.py:188} INFO - [2025-10-30T10:52:55.898+0000] {dagbag.py:545} INFO - Filling up the DagBag from /opt/airflow/dags/etl_clickhouse.py
[2025-10-30T10:52:56.817+0000] {processor.py:840} INFO - DAG(s) 'move_data_to_clickhouse' retrieved from /opt/airflow/dags/etl_clickhouse.py
[2025-10-30T10:52:56.876+0000] {logging_mixin.py:188} INFO - [2025-10-30T10:52:56.875+0000] {dag.py:3096} INFO - Sync 1 DAGs
[2025-10-30T10:52:56.894+0000] {logging_mixin.py:188} INFO - [2025-10-30T10:52:56.894+0000] {dag.py:3954} INFO - Setting next_dagrun for move_data_to_clickhouse to None, run_after=None
[2025-10-30T10:52:56.962+0000] {processor.py:183} INFO - Processing /opt/airflow/dags/etl_clickhouse.py took 1.081 seconds
[2025-10-30T10:53:27.701+0000] {processor.py:161} INFO - Started process (PID=14990) to work on /opt/airflow/dags/etl_clickhouse.py
[2025-10-30T10:53:27.703+0000] {processor.py:830} INFO - Processing file /opt/airflow/dags/etl_clickhouse.py for tasks to queue
[2025-10-30T10:53:27.707+0000] {logging_mixin.py:188} INFO - [2025-10-30T10:53:27.706+0000] {dagbag.py:545} INFO - Filling up the DagBag from /opt/airflow/dags/etl_clickhouse.py
[2025-10-30T10:53:28.654+0000] {processor.py:840} INFO - DAG(s) 'move_data_to_clickhouse' retrieved from /opt/airflow/dags/etl_clickhouse.py
[2025-10-30T10:53:28.733+0000] {logging_mixin.py:188} INFO - [2025-10-30T10:53:28.732+0000] {dag.py:3096} INFO - Sync 1 DAGs
[2025-10-30T10:53:28.755+0000] {logging_mixin.py:188} INFO - [2025-10-30T10:53:28.755+0000] {dag.py:3954} INFO - Setting next_dagrun for move_data_to_clickhouse to None, run_after=None
[2025-10-30T10:53:28.788+0000] {processor.py:183} INFO - Processing /opt/airflow/dags/etl_clickhouse.py took 1.100 seconds
[2025-10-30T10:53:59.453+0000] {processor.py:161} INFO - Started process (PID=15002) to work on /opt/airflow/dags/etl_clickhouse.py
[2025-10-30T10:53:59.456+0000] {processor.py:830} INFO - Processing file /opt/airflow/dags/etl_clickhouse.py for tasks to queue
[2025-10-30T10:53:59.465+0000] {logging_mixin.py:188} INFO - [2025-10-30T10:53:59.464+0000] {dagbag.py:545} INFO - Filling up the DagBag from /opt/airflow/dags/etl_clickhouse.py
[2025-10-30T10:54:00.377+0000] {processor.py:840} INFO - DAG(s) 'move_data_to_clickhouse' retrieved from /opt/airflow/dags/etl_clickhouse.py
[2025-10-30T10:54:00.443+0000] {logging_mixin.py:188} INFO - [2025-10-30T10:54:00.442+0000] {dag.py:3096} INFO - Sync 1 DAGs
[2025-10-30T10:54:00.463+0000] {logging_mixin.py:188} INFO - [2025-10-30T10:54:00.462+0000] {dag.py:3954} INFO - Setting next_dagrun for move_data_to_clickhouse to None, run_after=None
[2025-10-30T10:54:00.509+0000] {processor.py:183} INFO - Processing /opt/airflow/dags/etl_clickhouse.py took 1.074 seconds
[2025-10-30T10:54:31.145+0000] {processor.py:161} INFO - Started process (PID=15014) to work on /opt/airflow/dags/etl_clickhouse.py
[2025-10-30T10:54:31.149+0000] {processor.py:830} INFO - Processing file /opt/airflow/dags/etl_clickhouse.py for tasks to queue
[2025-10-30T10:54:31.154+0000] {logging_mixin.py:188} INFO - [2025-10-30T10:54:31.153+0000] {dagbag.py:545} INFO - Filling up the DagBag from /opt/airflow/dags/etl_clickhouse.py
[2025-10-30T10:54:32.064+0000] {processor.py:840} INFO - DAG(s) 'move_data_to_clickhouse' retrieved from /opt/airflow/dags/etl_clickhouse.py
[2025-10-30T10:54:32.130+0000] {logging_mixin.py:188} INFO - [2025-10-30T10:54:32.129+0000] {dag.py:3096} INFO - Sync 1 DAGs
[2025-10-30T10:54:32.147+0000] {logging_mixin.py:188} INFO - [2025-10-30T10:54:32.146+0000] {dag.py:3954} INFO - Setting next_dagrun for move_data_to_clickhouse to None, run_after=None
[2025-10-30T10:54:32.199+0000] {processor.py:183} INFO - Processing /opt/airflow/dags/etl_clickhouse.py took 1.073 seconds
[2025-10-30T10:55:02.858+0000] {processor.py:161} INFO - Started process (PID=15026) to work on /opt/airflow/dags/etl_clickhouse.py
[2025-10-30T10:55:02.861+0000] {processor.py:830} INFO - Processing file /opt/airflow/dags/etl_clickhouse.py for tasks to queue
[2025-10-30T10:55:02.866+0000] {logging_mixin.py:188} INFO - [2025-10-30T10:55:02.865+0000] {dagbag.py:545} INFO - Filling up the DagBag from /opt/airflow/dags/etl_clickhouse.py
[2025-10-30T10:55:03.775+0000] {processor.py:840} INFO - DAG(s) 'move_data_to_clickhouse' retrieved from /opt/airflow/dags/etl_clickhouse.py
[2025-10-30T10:55:03.837+0000] {logging_mixin.py:188} INFO - [2025-10-30T10:55:03.836+0000] {dag.py:3096} INFO - Sync 1 DAGs
[2025-10-30T10:55:03.869+0000] {logging_mixin.py:188} INFO - [2025-10-30T10:55:03.869+0000] {dag.py:3954} INFO - Setting next_dagrun for move_data_to_clickhouse to None, run_after=None
[2025-10-30T10:55:03.905+0000] {processor.py:183} INFO - Processing /opt/airflow/dags/etl_clickhouse.py took 1.062 seconds
[2025-10-30T10:55:34.708+0000] {processor.py:161} INFO - Started process (PID=15038) to work on /opt/airflow/dags/etl_clickhouse.py
[2025-10-30T10:55:34.710+0000] {processor.py:830} INFO - Processing file /opt/airflow/dags/etl_clickhouse.py for tasks to queue
[2025-10-30T10:55:34.714+0000] {logging_mixin.py:188} INFO - [2025-10-30T10:55:34.713+0000] {dagbag.py:545} INFO - Filling up the DagBag from /opt/airflow/dags/etl_clickhouse.py
[2025-10-30T10:55:35.592+0000] {processor.py:840} INFO - DAG(s) 'move_data_to_clickhouse' retrieved from /opt/airflow/dags/etl_clickhouse.py
[2025-10-30T10:55:35.640+0000] {logging_mixin.py:188} INFO - [2025-10-30T10:55:35.640+0000] {dag.py:3096} INFO - Sync 1 DAGs
[2025-10-30T10:55:35.660+0000] {logging_mixin.py:188} INFO - [2025-10-30T10:55:35.660+0000] {dag.py:3954} INFO - Setting next_dagrun for move_data_to_clickhouse to None, run_after=None
[2025-10-30T10:55:35.697+0000] {processor.py:183} INFO - Processing /opt/airflow/dags/etl_clickhouse.py took 1.003 seconds
[2025-10-30T10:56:06.019+0000] {processor.py:161} INFO - Started process (PID=15050) to work on /opt/airflow/dags/etl_clickhouse.py
[2025-10-30T10:56:06.023+0000] {processor.py:830} INFO - Processing file /opt/airflow/dags/etl_clickhouse.py for tasks to queue
[2025-10-30T10:56:06.028+0000] {logging_mixin.py:188} INFO - [2025-10-30T10:56:06.027+0000] {dagbag.py:545} INFO - Filling up the DagBag from /opt/airflow/dags/etl_clickhouse.py
[2025-10-30T10:56:06.922+0000] {processor.py:840} INFO - DAG(s) 'move_data_to_clickhouse' retrieved from /opt/airflow/dags/etl_clickhouse.py
[2025-10-30T10:56:06.972+0000] {logging_mixin.py:188} INFO - [2025-10-30T10:56:06.971+0000] {dag.py:3096} INFO - Sync 1 DAGs
[2025-10-30T10:56:06.989+0000] {logging_mixin.py:188} INFO - [2025-10-30T10:56:06.989+0000] {dag.py:3954} INFO - Setting next_dagrun for move_data_to_clickhouse to None, run_after=None
[2025-10-30T10:56:07.025+0000] {processor.py:183} INFO - Processing /opt/airflow/dags/etl_clickhouse.py took 1.026 seconds
[2025-10-30T10:56:37.661+0000] {processor.py:161} INFO - Started process (PID=15062) to work on /opt/airflow/dags/etl_clickhouse.py
[2025-10-30T10:56:37.664+0000] {processor.py:830} INFO - Processing file /opt/airflow/dags/etl_clickhouse.py for tasks to queue
[2025-10-30T10:56:37.669+0000] {logging_mixin.py:188} INFO - [2025-10-30T10:56:37.668+0000] {dagbag.py:545} INFO - Filling up the DagBag from /opt/airflow/dags/etl_clickhouse.py
[2025-10-30T10:56:38.709+0000] {processor.py:840} INFO - DAG(s) 'move_data_to_clickhouse' retrieved from /opt/airflow/dags/etl_clickhouse.py
[2025-10-30T10:56:38.777+0000] {logging_mixin.py:188} INFO - [2025-10-30T10:56:38.776+0000] {dag.py:3096} INFO - Sync 1 DAGs
[2025-10-30T10:56:38.801+0000] {logging_mixin.py:188} INFO - [2025-10-30T10:56:38.800+0000] {dag.py:3954} INFO - Setting next_dagrun for move_data_to_clickhouse to None, run_after=None
[2025-10-30T10:56:38.861+0000] {processor.py:183} INFO - Processing /opt/airflow/dags/etl_clickhouse.py took 1.215 seconds
[2025-10-30T10:57:09.513+0000] {processor.py:161} INFO - Started process (PID=15074) to work on /opt/airflow/dags/etl_clickhouse.py
[2025-10-30T10:57:09.516+0000] {processor.py:830} INFO - Processing file /opt/airflow/dags/etl_clickhouse.py for tasks to queue
[2025-10-30T10:57:09.519+0000] {logging_mixin.py:188} INFO - [2025-10-30T10:57:09.519+0000] {dagbag.py:545} INFO - Filling up the DagBag from /opt/airflow/dags/etl_clickhouse.py
[2025-10-30T10:57:10.375+0000] {processor.py:840} INFO - DAG(s) 'move_data_to_clickhouse' retrieved from /opt/airflow/dags/etl_clickhouse.py
[2025-10-30T10:57:10.435+0000] {logging_mixin.py:188} INFO - [2025-10-30T10:57:10.434+0000] {dag.py:3096} INFO - Sync 1 DAGs
[2025-10-30T10:57:10.457+0000] {logging_mixin.py:188} INFO - [2025-10-30T10:57:10.456+0000] {dag.py:3954} INFO - Setting next_dagrun for move_data_to_clickhouse to None, run_after=None
[2025-10-30T10:57:10.491+0000] {processor.py:183} INFO - Processing /opt/airflow/dags/etl_clickhouse.py took 0.995 seconds
[2025-10-30T10:57:41.192+0000] {processor.py:161} INFO - Started process (PID=15086) to work on /opt/airflow/dags/etl_clickhouse.py
[2025-10-30T10:57:41.196+0000] {processor.py:830} INFO - Processing file /opt/airflow/dags/etl_clickhouse.py for tasks to queue
[2025-10-30T10:57:41.201+0000] {logging_mixin.py:188} INFO - [2025-10-30T10:57:41.200+0000] {dagbag.py:545} INFO - Filling up the DagBag from /opt/airflow/dags/etl_clickhouse.py
[2025-10-30T10:57:42.057+0000] {processor.py:840} INFO - DAG(s) 'move_data_to_clickhouse' retrieved from /opt/airflow/dags/etl_clickhouse.py
[2025-10-30T10:57:42.110+0000] {logging_mixin.py:188} INFO - [2025-10-30T10:57:42.109+0000] {dag.py:3096} INFO - Sync 1 DAGs
[2025-10-30T10:57:42.138+0000] {logging_mixin.py:188} INFO - [2025-10-30T10:57:42.137+0000] {dag.py:3954} INFO - Setting next_dagrun for move_data_to_clickhouse to None, run_after=None
[2025-10-30T10:57:42.207+0000] {processor.py:183} INFO - Processing /opt/airflow/dags/etl_clickhouse.py took 1.055 seconds
[2025-10-30T10:58:12.947+0000] {processor.py:161} INFO - Started process (PID=15098) to work on /opt/airflow/dags/etl_clickhouse.py
[2025-10-30T10:58:12.949+0000] {processor.py:830} INFO - Processing file /opt/airflow/dags/etl_clickhouse.py for tasks to queue
[2025-10-30T10:58:12.954+0000] {logging_mixin.py:188} INFO - [2025-10-30T10:58:12.953+0000] {dagbag.py:545} INFO - Filling up the DagBag from /opt/airflow/dags/etl_clickhouse.py
[2025-10-30T10:58:14.003+0000] {processor.py:840} INFO - DAG(s) 'move_data_to_clickhouse' retrieved from /opt/airflow/dags/etl_clickhouse.py
[2025-10-30T10:58:14.066+0000] {logging_mixin.py:188} INFO - [2025-10-30T10:58:14.066+0000] {dag.py:3096} INFO - Sync 1 DAGs
[2025-10-30T10:58:14.091+0000] {logging_mixin.py:188} INFO - [2025-10-30T10:58:14.091+0000] {dag.py:3954} INFO - Setting next_dagrun for move_data_to_clickhouse to None, run_after=None
[2025-10-30T10:58:14.131+0000] {processor.py:183} INFO - Processing /opt/airflow/dags/etl_clickhouse.py took 1.196 seconds
[2025-10-30T10:58:44.657+0000] {processor.py:161} INFO - Started process (PID=15110) to work on /opt/airflow/dags/etl_clickhouse.py
[2025-10-30T10:58:44.660+0000] {processor.py:830} INFO - Processing file /opt/airflow/dags/etl_clickhouse.py for tasks to queue
[2025-10-30T10:58:44.664+0000] {logging_mixin.py:188} INFO - [2025-10-30T10:58:44.663+0000] {dagbag.py:545} INFO - Filling up the DagBag from /opt/airflow/dags/etl_clickhouse.py
[2025-10-30T10:58:45.653+0000] {processor.py:840} INFO - DAG(s) 'move_data_to_clickhouse' retrieved from /opt/airflow/dags/etl_clickhouse.py
[2025-10-30T10:58:45.720+0000] {logging_mixin.py:188} INFO - [2025-10-30T10:58:45.720+0000] {dag.py:3096} INFO - Sync 1 DAGs
[2025-10-30T10:58:45.747+0000] {logging_mixin.py:188} INFO - [2025-10-30T10:58:45.747+0000] {dag.py:3954} INFO - Setting next_dagrun for move_data_to_clickhouse to None, run_after=None
[2025-10-30T10:58:45.813+0000] {processor.py:183} INFO - Processing /opt/airflow/dags/etl_clickhouse.py took 1.173 seconds
[2025-10-30T10:59:16.364+0000] {processor.py:161} INFO - Started process (PID=15122) to work on /opt/airflow/dags/etl_clickhouse.py
[2025-10-30T10:59:16.366+0000] {processor.py:830} INFO - Processing file /opt/airflow/dags/etl_clickhouse.py for tasks to queue
[2025-10-30T10:59:16.369+0000] {logging_mixin.py:188} INFO - [2025-10-30T10:59:16.369+0000] {dagbag.py:545} INFO - Filling up the DagBag from /opt/airflow/dags/etl_clickhouse.py
[2025-10-30T10:59:17.459+0000] {processor.py:840} INFO - DAG(s) 'move_data_to_clickhouse' retrieved from /opt/airflow/dags/etl_clickhouse.py
[2025-10-30T10:59:17.507+0000] {logging_mixin.py:188} INFO - [2025-10-30T10:59:17.507+0000] {dag.py:3096} INFO - Sync 1 DAGs
[2025-10-30T10:59:17.526+0000] {logging_mixin.py:188} INFO - [2025-10-30T10:59:17.526+0000] {dag.py:3954} INFO - Setting next_dagrun for move_data_to_clickhouse to None, run_after=None
[2025-10-30T10:59:17.572+0000] {processor.py:183} INFO - Processing /opt/airflow/dags/etl_clickhouse.py took 1.220 seconds
